inDegrees=no
num_controls=19
num_derivatives=0
num_input_controls=0
num_multipliers=0
num_parameters=0
num_slacks=0
num_states=38
DataType=double
version=3
OpenSimVersion=4.6-2026-06-22-85aaf64
endheader
time	/jointset/groundPelvis/pelvis_tilt/value	/jointset/groundPelvis/pelvis_tx/value	/jointset/groundPelvis/pelvis_ty/value	/jointset/hip_l/hip_flexion_l/value	/jointset/hip_r/hip_flexion_r/value	/jointset/lumbar/lumbar/value	/jointset/knee_l/knee_angle_l/value	/jointset/knee_r/knee_angle_r/value	/jointset/ankle_l/ankle_angle_l/value	/jointset/ankle_r/ankle_angle_r/value	/jointset/groundPelvis/pelvis_tilt/speed	/jointset/groundPelvis/pelvis_tx/speed	/jointset/groundPelvis/pelvis_ty/speed	/jointset/hip_l/hip_flexion_l/speed	/jointset/hip_r/hip_flexion_r/speed	/jointset/lumbar/lumbar/speed	/jointset/knee_l/knee_angle_l/speed	/jointset/knee_r/knee_angle_r/speed	/jointset/ankle_l/ankle_angle_l/speed	/jointset/ankle_r/ankle_angle_r/speed	/hamstrings_r/activation	/bifemsh_r/activation	/glut_max_r/activation	/iliopsoas_r/activation	/rect_fem_r/activation	/vasti_r/activation	/gastroc_r/activation	/soleus_r/activation	/tib_ant_r/activation	/hamstrings_l/activation	/bifemsh_l/activation	/glut_max_l/activation	/iliopsoas_l/activation	/rect_fem_l/activation	/vasti_l/activation	/gastroc_l/activation	/soleus_l/activation	/tib_ant_l/activation	/lumbarAct	/hamstrings_r	/bifemsh_r	/glut_max_r	/iliopsoas_r	/rect_fem_r	/vasti_r	/gastroc_r	/soleus_r	/tib_ant_r	/hamstrings_l	/bifemsh_l	/glut_max_l	/iliopsoas_l	/rect_fem_l	/vasti_l	/gastroc_l	/soleus_l	/tib_ant_l
0	-0.3347545259433757	0.2081158034458179	0.8700161249553654	0.06417312039393275	0.6226478709324883	0.2713354697383457	-0.3028558998024284	-0.01247577489696284	0.1436897269111238	-0.01839020650794722	-0.2842822633011582	1.448716779162983	-0.02866033389190661	0.8349194911828466	-1.216779923442915	0.8568866510514519	-3.743327785211984	0.183450562050552	-2.321413416097653	-3.490439315655113	0.0906920191949496	0.01377464230806834	0.08112833618231924	0.01141020027511073	0.01129974147696178	0.0373412235655587	0.01013048856593519	0.01010085176640099	0.1461147609675659	0.04958869084663101	0.0688345865847244	0.01011440645068381	0.1122256944927415	0.01088264646412207	0.01003541513752133	0.1772237627355393	0.2160678597325625	0.01002658084386417	0.0107414357417823	0.1122980955152357	0.01369452004873994	0.09843727127497173	0.01012349003469882	0.01046657386356776	0.04320413423417257	0.01014288946395981	0.01010860991538973	0.1504841531662682	0.06508167629198709	0.07160529048804438	0.01011349489003557	0.108641743900041	0.01018737153360263	0.01003401134251764	0.1627642459002808	0.1921944868197888	0.01002480877396305
0.005043671031338167	-0.3365730566726882	0.2153246738724598	0.8699768286671951	0.06961422420922216	0.6171522795338126	0.2759307268412641	-0.3227567998544048	-0.01183326254226147	0.1308027382596898	-0.03702134521890619	-0.4173107571196418	1.410902604793479	0.01353923497865389	1.295682496281022	-0.9873165555468985	0.9434755511665477	-4.135673736849996	0.07848684562988222	-2.79439396410303	-3.77680843185738	0.09629081747590985	0.01366910819660217	0.08569077819887873	0.01102841579099241	0.01103920598107664	0.03886078339446807	0.01012872993288331	0.01009859248232081	0.1466275086545633	0.05163788807963492	0.06947786464440099	0.01011003281676565	0.111575885349958	0.01067373295299285	0.01003389465456549	0.1734981857659388	0.2101723776339276	0.01002513634813778	0.009529592491150849	0.1134881168247367	0.01315823480191726	0.09940526214750529	0.0100970162176456	0.01036316062781774	0.0424454488590626	0.01010786467100219	0.01007919192988518	0.1463228266913776	0.04984017943342463	0.07099545149307981	0.01008690581867394	0.1104143341484051	0.01015741397020516	0.01002684087504998	0.1584303960747074	0.1848010323134469	0.01001883241211705
0.01008734206267633	-0.3387671681644944	0.2223585378254639	0.8701573533057264	0.07697080872300736	0.6124373615881065	0.2806324713073665	-0.344448438700554	-0.01161184842937893	0.1154447747678416	-0.05527082413750555	-0.4332137700555469	1.379320312742346	0.05850670190347967	1.594477633475889	-0.9072143513570398	0.8991127848422078	-4.453421200714233	0.01646971007886393	-3.301245298454834	-3.339097250508964	0.1007331709784187	0.01343680176659962	0.08930026885990808	0.01075147297276161	0.01082501936843647	0.03974029573474257	0.0101171107163646	0.01008828243713946	0.1460501086856524	0.04895472012858219	0.06979017747246088	0.01009907389637282	0.1115203688256367	0.01051771919724538	0.01003069910247361	0.1696173393494547	0.2039131194335964	0.01002234825012573	0.008317749240519401	0.1146781381342378	0.01262194955509457	0.1003732530200389	0.01007054240059239	0.01025974739206771	0.04168676348395264	0.01007283987804457	0.01004977394438063	0.142161500216487	0.03459868257486217	0.07038561249811524	0.01006031674731231	0.1121869243967693	0.01012745640680768	0.01001967040758231	0.154096546249134	0.177407577807105	0.01001285605027104
0.0151310130940145	-0.3408829256781004	0.2292414242029791	0.87056399029818	0.08560387182694651	0.6079623624720087	0.284932874066696	-0.3676022372946593	-0.01200836585816042	0.09744917100536861	-0.07051402962098896	-0.40166298315393	1.350347158542388	0.1023146327001439	1.82078856251645	-0.8748332463759658	0.8018683866892602	-4.718877684378342	-0.1662672189664752	-3.839920717887477	-2.627269970694115	0.1040600150595176	0.01324601105161789	0.09195834043677935	0.01055280966025019	0.01066205095655616	0.03986861209043811	0.01010377360137122	0.01007619147595397	0.144349372335223	0.04328429207297816	0.06953823820178591	0.01008755500761162	0.1119650276634167	0.01042217250136952	0.01002784439406016	0.1654029907385562	0.197189560804455	0.0100194943391001	0.008307597021382873	0.1136426491660702	0.01293072722956118	0.09929056893718391	0.01008007844289295	0.01028011834459126	0.03885083438247994	0.01007083404402196	0.01004486160043188	0.1355569428251329	0.02238394285379125	0.06740188935033636	0.01005958136277252	0.1144029149296265	0.01025192508132901	0.01002220380588918	0.1479535596555575	0.1684727263903306	0.01001246665286976
0.02017468412535267	-0.3427775374014321	0.2359834955070187	0.8711851478474125	0.09525643170925607	0.6035364921562	0.2886779598906155	-0.3919582940274907	-0.01321403173830699	0.07665721170530038	-0.08098496013633284	-0.3455213772383713	1.323481986809976	0.1435719472293898	1.998745386714268	-0.8877329856883271	0.6789093130340313	-4.930160516686841	-0.3043872394217965	-4.410102525751631	-1.446715715722132	0.1062871085522112	0.01320223871585164	0.09365782498541604	0.01041572951980413	0.01055331497201406	0.03917002310203754	0.01009379503827803	0.01006622828595878	0.1414953482412769	0.03572052236625543	0.06856534676385893	0.01007923249567874	0.1128437835020908	0.01039178282512168	0.01002658710971878	0.1607252423441123	0.1899261311498445	0.01001737109245136	0.008297444802246347	0.1126071601979026	0.01323950490402778	0.09820788485432895	0.01008961448519351	0.01030048929711482	0.03601490528100724	0.01006882820999935	0.01003994925648313	0.1289523854337789	0.01016920313272033	0.06441816620255751	0.01005884597823273	0.1166189054624838	0.01037639375585034	0.01002473720419604	0.1418105730619811	0.1595378749735563	0.01001207725546847
0.02521835515669084	-0.344428200598797	0.2425889063972278	0.8720049388458299	0.105815522538231	0.5990788820651582	0.2918491371566648	-0.4172708331109765	-0.01525031997199211	0.05289500963184818	-0.08524126621628812	-0.3099076833589604	1.296001475797085	0.1808177732473091	2.184903070505693	-0.8832598658008052	0.580100635725316	-5.096335042379884	-0.4862230891070003	-5.017186847883225	-0.2589895531135829	0.1076886180867278	0.01326779406731503	0.0946288346749713	0.01032102264803282	0.01047990477917025	0.03803733296614855	0.01008647539769394	0.01005834070644633	0.1378451269722283	0.02853994507123958	0.06666262417565608	0.01007294488311266	0.1139125213577996	0.01484024700915264	0.01002684479724484	0.1554560367487	0.182057237332964	0.01001571664013852	0.007844616028639574	0.1114001572391762	0.01359599083100348	0.09688894149683712	0.01009740964147635	0.01030646711460118	0.03424579495587945	0.01006900683056548	0.01003895362819214	0.1230849716616067	0.0101143354930595	0.05849730112456264	0.01005698022247829	0.1177905420081761	0.03931705264742398	0.0100299314236778	0.1337428795402978	0.1490928476122929	0.01001145344609758
0.030262026188029	-0.3459125665525208	0.2490586878610545	0.8730021846557425	0.1172618260927574	0.594592577438103	0.2945449883813156	-0.4432573029187425	-0.0179487342425184	0.02599964743129299	-0.08377828453655577	-0.2795784390842291	1.269699959563543	0.2139392691171079	2.350557675984085	-0.8991114182368851	0.4904251560484545	-5.197398693169318	-0.5669444259787561	-5.65251508896172	0.8211910237833564	0.1084428762700016	0.01341897425326726	0.09502049486480829	0.01025666930650267	0.01042999819884317	0.0367237565727209	0.01008137842149871	0.01005249616541398	0.1336503034653548	0.02330046818526865	0.06368504274833187	0.01006796803578474	0.1150046267541177	0.02632586202989216	0.01002856604217464	0.1495010931260163	0.1735328980411766	0.01001436775031821	0.007391787255032801	0.1101931542804499	0.01395247675797917	0.09556999813934526	0.01010520479775918	0.01031244493208753	0.03247668463075166	0.01006918545113162	0.01003795799990114	0.1172175578894345	0.01005946785339867	0.05257643604656777	0.01005511446672386	0.1189621785538684	0.06825771153899762	0.01003512564315956	0.1256751860186146	0.1386478202510295	0.01001082963672668
0.03530569721936717	-0.3472379826700495	0.2554007681025187	0.8741549823336652	0.129456741436645	0.5899712714372977	0.296791706783862	-0.4695718466203223	-0.02089654728784107	-0.004135026333059133	-0.07831304057169435	-0.2410742113792299	1.245856657828019	0.2423700877748327	2.472868159548509	-0.9414580882187829	0.3958339811215091	-5.224283799742502	-0.5884664639222524	-6.292851310264637	1.308778505869812	0.1087645572413236	0.01362780588108121	0.09500286018291849	0.01021337787917636	0.0103953539211231	0.03498090158190632	0.01007761297262848	0.01004808192163237	0.1298527804214957	0.01949689470939353	0.05839653675583017	0.01006438124433995	0.1160118743885709	0.04095033716560068	0.01003805656187963	0.1416014966239081	0.1628817827580153	0.01001331195564551	0.008455091951181704	0.109347542322595	0.01429815556774984	0.09438030258903504	0.0101134143747424	0.01031195974264917	0.02865787349090597	0.01006803772020667	0.01003707993171807	0.1179750725304205	0.01004668694244835	0.03575455072315476	0.0100563833958714	0.1193246512463257	0.08756703519499412	0.01008407946477331	0.1059729904108321	0.1145321472629994	0.01001073620382274
0.04034936825070534	-0.3482947014961362	0.2616330292415532	0.8754388124946473	0.1420823780313875	0.5850145374620108	0.2984910266118196	-0.4958253419979582	-0.02374856943641619	-0.0374367981661132	-0.07095143270201704	-0.1730301369970203	1.226152669614916	0.2658984402488875	2.521354402055517	-1.032120876429583	0.2733616036318806	-5.17319080024972	-0.5289598323872328	-6.908385287078008	1.573168657500046	0.1087981297349015	0.01387678774548027	0.09468946936978298	0.01018534566163814	0.01037082666084903	0.03264588277991563	0.01007462350033407	0.01004471598220503	0.1271240032495463	0.0167686135059546	0.04992080381397167	0.01006223391491137	0.1168604123295728	0.05644436024945233	0.01005924615599818	0.1308152585737956	0.1489739192540046	0.01001254148400366	0.009518396647330609	0.1085019303647401	0.0146438343775205	0.09319060703872482	0.01012162395172561	0.0103114745532108	0.02483906235106028	0.01006688998928171	0.01003620186353499	0.1187325871714066	0.01003390603149803	0.01893266539974176	0.01005765232501894	0.1196871239387831	0.1068763588509906	0.01013303328638707	0.08627079480304972	0.09041647427496936	0.0100106427709188
0.0453930392820435	-0.3489483937969225	0.2677751644526443	0.8768281314473596	0.1547843422356928	0.5795302158607223	0.2995177207767247	-0.5216395319710545	-0.02629752417231278	-0.07370311063794439	-0.06285471938290327	-0.08089314905937921	1.210191535380995	0.2843458180456546	2.498451236330446	-1.149857283234473	0.1288170143602528	-5.045165697991802	-0.4760833931925049	-7.409963407429951	1.633257411399727	0.1087644976265122	0.01408625738734652	0.0943630791615076	0.01016638238856537	0.01035116640384261	0.0305848270530435	0.01007263344572223	0.01004239362251504	0.1249955730292549	0.01481112850924501	0.04087602345830454	0.0100613512724947	0.1175891715946357	0.07030763184204067	0.01488972919001717	0.1154235013586961	0.1304458927672476	0.01502448970867209	0.008844402951288214	0.1088076816350262	0.01454969491310303	0.09357257142624986	0.01012023270094574	0.01029719011668872	0.02575596915435427	0.01006874110704623	0.01003738963242636	0.1177363419438038	0.0100318613400206	0.01494592492770413	0.01006066819321074	0.120035476934066	0.1101502619592341	0.04137269440387722	0.04821787873510744	0.05026939952342904	0.04257348377677659
0.05043671031338168	-0.3490573402145002	0.2738483417538781	0.8783003322651105	0.1671137500357276	0.5733424600693889	0.2997405845441846	-0.5465369515739568	-0.02849338133068327	-0.1115524649010768	-0.05451874324152576	0.0429815261958082	1.198808336725744	0.2987641305744534	2.373622163754762	-1.311058256217843	-0.04538654366967181	-4.809657823999782	-0.3889437308950106	-7.53611924590974	1.668045116272411	0.1088145810077313	0.01420642194744902	0.0942154198581558	0.01015262654201105	0.01033309802837927	0.02936221799085195	0.01007178208460414	0.01004111188540726	0.1231330652297056	0.01342044983968812	0.03309047149633516	0.01006162435456081	0.1182246113585603	0.0810766042044718	0.02729443585273733	0.09399988730777475	0.1061114014314148	0.02792936428890177	0.008170409255245821	0.1091134329053122	0.01445555544868555	0.0939545358137749	0.01011884145016586	0.01028290568016663	0.02667287595764826	0.01007059222481075	0.01003857740131772	0.116740096716201	0.01002981664854318	0.0109591844556665	0.01006368406140254	0.120383829929349	0.1134241650674776	0.07261235552136738	0.01016496266716516	0.01012232477188871	0.07513632478263438
0.05548038134471984	-0.3484715168174866	0.2798754056803637	0.8798365602549371	0.1785285543326616	0.5662521933067531	0.2990221436482951	-0.5698751478001635	-0.03025331151276487	-0.1482670218167731	-0.04626277364279449	0.190047951594337	1.191571830195681	0.309908730622879	2.145242191629249	-1.502039282078156	-0.2394849608933882	-4.436704441877247	-0.3062790894878307	-6.886701458737952	1.607309245415996	0.109053129126581	0.01425326479900689	0.09429859253931205	0.01014171651514489	0.01031533414854905	0.02870746515289291	0.01007206949890322	0.01004076013317051	0.1213887735243714	0.01242907852732273	0.0268891222999173	0.01006267279583664	0.118858658460821	0.0890495551180259	0.03861719057535171	0.07266684824507262	0.08212999339232041	0.04113963215380396	0.006152047102194355	0.1104067519617421	0.01428670902310813	0.09509047891566137	0.01011256518446542	0.01026346191647236	0.02738814949710439	0.01007472120258237	0.01004112990060377	0.1150749435259874	0.01003101083986188	0.0112234864093992	0.01006654817851236	0.121274171686501	0.1111899485397829	0.06279125041153337	0.01024031991462626	0.01014696280366976	0.07482704536507762
0.06052405237605801	-0.3471329070705981	0.2858724610945583	0.8814214670335805	0.1886776551482796	0.5581752659815374	0.2973249851184364	-0.5912099410159685	-0.0315561529369245	-0.1796506764852689	-0.03828952367300116	0.3414888414727587	1.186908864248724	0.3180670504100328	1.871724449588773	-1.702305249050759	-0.433483874871305	-4.015235270143462	-0.2076913236929671	-5.422221565869649	1.555936444925803	0.1095515464302746	0.01423673469486042	0.09464754773820118	0.01013217970388803	0.01029707183799253	0.02844250513956826	0.01007349572841839	0.01004126939357329	0.1196589853810012	0.01172864965208596	0.02247006167053987	0.01006425949510262	0.1195542807105121	0.09432914521451261	0.04382207994659727	0.05623305734737174	0.06345873057695692	0.05029635210009824	0.004133684949142889	0.1117000710181719	0.01411786259753071	0.09622642201754784	0.01010628891876498	0.01024401815277808	0.02810342303656051	0.01007885018035399	0.01004368239988982	0.1134097903357737	0.01003220503118058	0.01148778836313189	0.01006941229562218	0.122164513443653	0.1089557320120881	0.05297014530169935	0.01031567716208737	0.0101716008354508	0.07451776594752085
0.06556772340739618	-0.345059472004955	0.2918488864543787	0.8830402920073979	0.1974584443399427	0.5491230438364992	0.2946915309082062	-0.610486744252608	-0.03238704851149114	-0.2024253954834248	-0.03068627089216504	0.4773045602823527	1.182919326294646	0.3233784916552743	1.61723697041076	-1.882859684918596	-0.6066673223852044	-3.636589291668747	-0.1224916204134226	-3.652205655146727	1.463964594352959	0.1101006383869135	0.0142352237008731	0.09501393591514036	0.01012440809835515	0.01028015769602108	0.02798598071108625	0.01007534540493739	0.01004208527447766	0.1181255572253508	0.01123136745354559	0.02025680471210691	0.01006560033041038	0.120447147833148	0.09754182816337949	0.04326726043849755	0.04379465635286264	0.04919830310287688	0.05577827651003194	0.00159114138874531	0.1118769451706418	0.01433462641742768	0.0959973951416461	0.01010529728084237	0.01023554213491338	0.02567476279221905	0.0100806240747432	0.01004436692116075	0.1132180704503306	0.01003486173372106	0.01772619286666596	0.01006827504349201	0.1242611981282364	0.1054666698487202	0.03156869928706357	0.01029157741214633	0.0101374982534316	0.06692887544769885
0.07061139443873435	-0.3423524638500376	0.2978045391198624	0.8846786771959537	0.2050624681929424	0.5392263198295275	0.291246780244632	-0.627972819956268	-0.0327988538115425	-0.2169296996155767	-0.02347224838965649	0.5927237392645512	1.178671731320992	0.3258233907924579	1.40509396160991	-2.037181118508372	-0.7551925853780985	-3.305146320336514	-0.04150670430577383	-2.142699639625999	1.401592405760271	0.1105576645123832	0.01429783693971418	0.09522993747554938	0.01011864604830479	0.01026574330974392	0.02696531252339518	0.01007717260902353	0.01004286221041934	0.1169150094871769	0.01088146330828519	0.02048486292976494	0.01006620653204328	0.1216300844781216	0.09905663868357736	0.03689548597079704	0.03452874596187613	0.03849340275884981	0.05767962129270304	-0.0009514021716522689	0.1120538193231118	0.01455139023732465	0.09576836826574436	0.01010430564291977	0.01022706611704867	0.02324610254787759	0.0100823979691324	0.01004505144243168	0.1130263505648874	0.01003751843626155	0.02396459737020002	0.01006713779136183	0.1263578828128197	0.1019776076853522	0.0101672532724278	0.01026747766220529	0.01010339567141239	0.05933998494787684
0.07565506547007252	-0.3391254426191043	0.3037361353443766	0.8863217478434202	0.2117439693246743	0.528639571441327	0.287123901330759	-0.6439433769003909	-0.03285272679246752	-0.2248977573108459	-0.01658306927661106	0.6838850134672039	1.173277455534713	0.3252596661819699	1.251924158249684	-2.156400633148844	-0.876275410509723	-3.037231449013517	0.01829331020271081	-1.052840487626128	1.334351364493196	0.1107707740458311	0.01441473106557556	0.09516558430927576	0.01011506359605515	0.01025469388613623	0.02548610361908173	0.01007881925619276	0.01004347593432928	0.1159786045556796	0.01063390124592703	0.02263067762220226	0.01006604425222741	0.1230807156456876	0.09953017542075165	0.02940162057320863	0.02770002514771231	0.03056071379248185	0.05904994227872382	0.001571263901932143	0.110852144938654	0.01483219290677315	0.09424234610386853	0.01010843383386443	0.0102291932336502	0.02042016590520551	0.01008310314282922	0.01004485336767945	0.1130775822730748	0.01004027551489627	0.03157207490283245	0.01006431204942795	0.1288685311080076	0.1000169598166606	0.01012139267911306	0.01024054495718185	0.01008570087235271	0.06596682013020418
0.08069873650141067	-0.3354843775357114	0.3096383212122693	0.8879550976252051	0.2177673015208136	0.5175188689691775	0.2824418303465212	-0.6587059187800819	-0.03263299245964506	-0.2279123373189367	-0.009970505528175319	0.7569072672510293	1.167009449445002	0.3219687120612971	1.144105911064106	-2.248913438154738	-0.976932689478307	-2.826124172815515	0.06698860077716069	-0.1784645989456211	1.291904299143919	0.1106358709562177	0.01457972199297594	0.09473244566028047	0.01011376670037007	0.01024754883125333	0.0236149554762952	0.01008018680564493	0.01004384898777776	0.1152818758933844	0.01046034209152976	0.02633560067454206	0.01006509238718016	0.1247835035902487	0.09939378701379618	0.02392918009041054	0.02273190234164501	0.02476557858816325	0.06182468111732861	0.004093929975516554	0.1096504705541963	0.01511299557622165	0.09271632394199268	0.01011256202480909	0.01023132035025173	0.01759422926253344	0.01008380831652605	0.01004465529292722	0.1131288139812622	0.01004303259353099	0.03917955243546488	0.01006148630749408	0.1313791794031954	0.09805631194796904	0.01007553208579831	0.01021361225215841	0.01006800607329303	0.07259365531253152
0.08574240753274884	-0.3315144830314581	0.3155070600913104	0.8895655694947561	0.223340741759127	0.5059929780700282	0.2772966105677291	-0.6725255506928982	-0.0322089159434765	-0.2267974745391793	-0.003569464232925236	0.8154439885026428	1.160100614107121	0.3163240315669057	1.07022422875389	-2.318740886907085	-1.061186301400973	-2.658873925010078	0.0999222920575589	0.6023096092834809	1.248139455390694	0.1102509552576188	0.01474612739864891	0.0940591446752648	0.01011395443472904	0.0102434030848834	0.02177420296030926	0.01008143847601507	0.01004415052378893	0.1147043791609747	0.010338202820395	0.03063137461912209	0.01006369655190095	0.12662910451893	0.09883403113101942	0.01995430468509087	0.01913281244118107	0.02055593469873771	0.06474103988779158	0.003647553351500478	0.1085224794081497	0.01518485619925111	0.09144048215478044	0.01011607383402893	0.01023539130442996	0.01682268302260149	0.01008501230612766	0.01004507124282754	0.1127000769209578	0.01004680262050366	0.0435919437185875	0.01005931959341706	0.1335305844637771	0.09631212028163999	0.01006264830952578	0.01020494293422731	0.01006035583251902	0.07302895063383806
0.09078607856408701	-0.3272774481415012	0.3213400526463434	0.8911427560974826	0.228605963999622	0.4941570084798534	0.2717589568135161	-0.6855774139396227	-0.03163766091866229	-0.2220206157829542	0.002638029111146323	0.8628381991849779	1.152834724824884	0.3087698866132098	1.021886203716744	-2.371870978428705	-1.132547111479441	-2.521675820974128	0.1253502616881837	1.273650716904251	1.215155458206918	0.1096828341566203	0.0148847327616183	0.09323272532418585	0.01011512748780713	0.01024169221366046	0.02023620054694844	0.01008267600843026	0.01004448597919259	0.1141627344259965	0.01025333990787449	0.03492288145294361	0.01006207218345909	0.1285428477636116	0.09797660530835839	0.017100989215125	0.01655430650704364	0.01753257304177979	0.06698399844930583	0.003201176727484401	0.1073944882621031	0.01525671682228057	0.0901646403675682	0.01011958564324876	0.01023946225860819	0.01605113678266954	0.01008621629572927	0.01004548719272785	0.1122713398606533	0.01005057264747633	0.04800433500171013	0.01005715287934004	0.1356819895243586	0.09456792861531096	0.01004976453325325	0.01019627361629621	0.010052705591745	0.07346424595514457
0.09582974959542517	-0.3228253764060448	0.3271358340996735	0.8926777414030563	0.2336805828784333	0.4820889417763637	0.2658895763687792	-0.6979927456666017	-0.03095963405095413	-0.2141601303342612	0.008672824766551372	0.9019253559916828	1.145430056947841	0.2997433831011871	0.9921710629654453	-2.412872692320235	-1.194037090498089	-2.403511501112036	0.1436384399450903	1.824861243179511	1.178109120090287	0.109111964866022	0.014955478949472	0.09245387915504871	0.01011615007335709	0.01024078262631539	0.01941219941199747	0.01008403509240857	0.0100449923244097	0.1136061776091111	0.0101946431941141	0.03911868523104311	0.01006052754508128	0.1303747453611493	0.09683436402048549	0.01505227391097658	0.01470498418656864	0.01536126316581145	0.06893397734723368	0.001395833804541835	0.1073172863717242	0.01501051355702735	0.09011604043066004	0.01011771202048482	0.01023781951894642	0.01857933927186974	0.01008827075944973	0.01004685795105843	0.1115129656665994	0.01005676361735383	0.05177612836090863	0.01005652538390335	0.1367604139291357	0.09233680540026375	0.01004427662493503	0.01019007890381799	0.01004817331190932	0.0752582835733273
0.1008734206267634	-0.3181859318615405	0.3328946546304062	0.8941647104127222	0.2386323419658145	0.4698244570087928	0.2597227673413888	-0.7098431789395945	-0.03018745727820758	-0.2037988079813504	0.01452451463037847	0.9371383698439922	1.138178367433993	0.2897296694354015	0.973167803632181	-2.44975792340058	-1.25048842088794	-2.297672926876956	0.1626841418013306	2.265323999833238	1.142547315662755	0.1086623433655765	0.01493323709858999	0.09185912904993031	0.01011631416858473	0.01023965577610009	0.01956079220840682	0.01008560030948986	0.01004575493609489	0.1129997009053114	0.01015517079125331	0.04316220123654175	0.01005925479260067	0.1320221114721071	0.09541572659296611	0.01359515291697322	0.01339038198989412	0.01381642856782265	0.07083607903691259	-0.0004095091184007322	0.1072400844813453	0.01476431029177414	0.09006744049375189	0.01011583839772088	0.01023617677928466	0.02110754176106994	0.0100903252231702	0.01004822870938901	0.1107545914725454	0.01006295458723133	0.05554792172010713	0.01005589788846666	0.1378388383339128	0.09010568218521654	0.0100387887166168	0.01018388419133978	0.01004364103207363	0.07705232119151001
0.1059170916581015	-0.3133730106388599	0.3386176463966247	0.8955994191698943	0.2435048068811716	0.4573744779072267	0.2532777846150545	-0.7211811172431492	-0.0293139280627068	-0.1914812009581885	0.02018538148512685	0.9710883226042288	1.131244036661706	0.2791001273183055	0.9598120109913918	-2.487026139893401	-1.304754495959579	-2.199047752649064	0.1839324831766689	2.602601168307086	1.103131325904231	0.108224622866996	0.01486304431320433	0.09129812041031451	0.01011631167580504	0.0102386567780146	0.01985539613560481	0.01008719162357175	0.01004655264866201	0.1124115652414818	0.01012920075913138	0.04708604492928536	0.01005808693509632	0.13356787467207	0.09381201014412711	0.01255492934265152	0.01245515032658144	0.0127137168549876	0.07251769005382214	-0.001212740949811016	0.1065477679660888	0.01462692942024058	0.08923911620392945	0.01011672899839353	0.01023633533210215	0.02010525842907889	0.0100916260107767	0.01004867981775113	0.1104350949431843	0.01007049472694182	0.05921402503377918	0.01005473274436633	0.1392103483394714	0.0880347791938553	0.01003523057514048	0.01020011216039868	0.01004217666403903	0.0774778155681398
0.1109607626894397	-0.3083929812888073	0.3443063731944331	0.8969792345733367	0.2483230629664238	0.4447378604866955	0.2465655839819635	-0.7320339322761141	-0.02832974380517921	-0.1777114815374096	0.02566163886076543	1.003402853110879	1.12459105445629	0.2679624473470003	0.9516720202367375	-2.523766841579508	-1.35645009249159	-2.105303810204242	0.2065629118868762	2.841139665769067	1.069342907141678	0.1077237077510747	0.01477312492515992	0.09066868864349593	0.01011657391190913	0.01023800080588864	0.01977328521671598	0.01008869680962454	0.01004724760466216	0.1118888059961353	0.01011316225320799	0.05090992074804292	0.01005691987902426	0.135068787488807	0.09208570755798789	0.01181838960853417	0.01179892312423224	0.01193337624306158	0.07386543885270085	-0.0020159727812213	0.1058554514508323	0.01448954854870703	0.08841079191410701	0.01011761959906618	0.01023649388491964	0.01910297509708785	0.0100929267983832	0.01004913092611325	0.1101155984138231	0.01007803486665231	0.06288012834745121	0.010053567600266	0.14058185834503	0.08596387620249409	0.01003167243366415	0.01021634012945759	0.01004071229600443	0.07790330994476961
0.1160044337207778	-0.3032557481502539	0.3499621149711236	0.8983017051233652	0.2531142844098611	0.4319210536734249	0.2396008739078913	-0.742423731125654	-0.02723403767561267	-0.162977128701376	0.03098318151157158	1.033134365199393	1.118137462106457	0.2563766585485148	0.949260134350602	-2.557748984085975	-1.404584616974068	-2.015210519015652	0.2272049259104943	2.988983109735408	1.043065434542646	0.1071585885982903	0.01476797770054305	0.08994202524352722	0.01011724832992869	0.01023755931653158	0.01919158012012563	0.01008971577036576	0.01004758365042014	0.1115573778036395	0.01010397223114473	0.05463539615497381	0.0100557361010698	0.1365484696087835	0.09027744942876303	0.01129395468503175	0.01134106206319533	0.01137826978790228	0.07499208146070399	-0.0008279746792328657	0.1050301221400532	0.01499652972559861	0.08722890539614823	0.01011999466641547	0.01023650572108041	0.01653492243600207	0.01009146418008449	0.01004771775083516	0.1109156474662746	0.01008546233073185	0.06633915755837276	0.01005229058162109	0.1420539450498079	0.08396502507409352	0.01002940806592395	0.01025753814238596	0.01004028832665641	0.07847282364849692
0.121048104752116	-0.297977086562085	0.3555856108412577	0.8995646993427739	0.2579090417593673	0.4189452104951193	0.232404397231875	-0.7523678922281871	-0.02604510995473036	-0.1476875551308264	0.03620581160413083	1.059484405270604	1.11180437335217	0.2443779073478773	0.9530741360856614	-2.586830576167017	-1.448354025537626	-1.928592147456377	0.2435286819198452	3.061304990270693	1.030120460496566	0.1065285658142213	0.01491309255217504	0.08909855881343688	0.01011842684795628	0.01023725216513844	0.01803077612590022	0.01008999910219587	0.0100474011179404	0.1115036806551372	0.01009970791373286	0.05826305421166428	0.01005452467818864	0.1380231626931464	0.08841511978924332	0.01092339934670364	0.01103035676325595	0.01098656494050095	0.07597120956825672	0.0003600234227555689	0.1042047928292741	0.01550351090249019	0.08604701887818948	0.01012236973376477	0.01023651755724119	0.01396686977491629	0.01009000156178577	0.01004630457555706	0.1117156965187261	0.01009288979481139	0.06979818676929432	0.01005101356297618	0.1435260317545858	0.08196617394569297	0.01002714369818376	0.01029873615531433	0.0100398643573084	0.07904233735222424
0.1260917757834542	-0.2925750180151893	0.3611773507889628	0.9007662295585827	0.2627391027090341	0.4058380829743474	0.2249990817664355	-0.7618838313895279	-0.0247888535712932	-0.1321939164491624	0.04139208211053477	1.08215558008084	1.105546552372793	0.2320397446372252	0.9629382273148007	-2.609927379730894	-1.487503003043491	-1.845331757704457	0.2541950523056818	3.07722120451749	1.026613355422998	0.1058315649878899	0.01510005132712699	0.08818192681349384	0.0101198425977618	0.01023733274206737	0.0168010882312497	0.01009034513980854	0.01004721039404473	0.111465892062452	0.01009892098701252	0.06179725503486839	0.01005332130153899	0.1394760624283171	0.08650372376904701	0.01065984185011102	0.01081535097551342	0.0107081653373816	0.07713899291380126	-0.001926047579014135	0.1032351402044527	0.01560177155045965	0.0849654902281681	0.01012402459576965	0.01023843963530102	0.01362150228669482	0.0100922379127816	0.01004715933713728	0.1110112226400152	0.01010078757163312	0.0730762484896522	0.01004991238323989	0.1448498617326213	0.07990125596257977	0.01002572173103191	0.01029809765322745	0.01003808911625168	0.08180072556798135
0.1311354468147924	-0.2870658321436845	0.3667378545510814	0.9019050305759451	0.2676297573556268	0.3926250152225891	0.2174057133912402	-0.7709874895956542	-0.02348527348115961	-0.1166997134828433	0.04656350719545288	1.101960341309764	1.099418083519046	0.2195034862766364	0.9771017529693209	-2.628839751480727	-1.522923880694876	-1.765107672568266	0.262294262091311	3.061528749965054	1.024233707843235	0.1050661586007059	0.01526092943187307	0.08722175292285482	0.01012132921972515	0.01023795902917709	0.0158269514254323	0.01009125153081171	0.01004732961717085	0.1112643110708652	0.01010070845222231	0.06524041635848185	0.01005214821892846	0.1408955536259176	0.08454672389613653	0.01047376626693601	0.01066370597942117	0.0105115139180406	0.07871734973781187	-0.004212118580783838	0.1022654875796314	0.01570003219842911	0.08388396157814673	0.01012567945777454	0.01024036171336085	0.01327613479847334	0.01009447426377743	0.0100480140987175	0.1103067487613043	0.01010868534845484	0.0763543102100101	0.01004881120350361	0.1461736917106568	0.07783633797946657	0.01002429976388006	0.01029745915114058	0.01003631387519496	0.08455911378373847
0.1361791178461305	-0.2814631371020311	0.3722678518604282	0.9029803065055343	0.2726005672131634	0.379324843232665	0.2096422126152439	-0.7796934515859962	-0.02214409563318342	-0.1013347744735331	0.05171649081778409	1.119156601847289	1.093453875639595	0.2068703394565506	0.994640784608127	-2.644486495861655	-1.554862890882845	-1.687461860165401	0.2692978100577169	3.029537653859564	1.019215310930054	0.1041608330532049	0.01543108300134555	0.08614177882320853	0.01012337774890403	0.01023968692761832	0.01498804386484436	0.01009268686661401	0.01004768974985	0.1109573973140636	0.01010409051864031	0.06860343924291865	0.0100509435349176	0.1423173493217474	0.0826079893281817	0.01034146085308641	0.01055951576163739	0.01037175808185835	0.08044962879928801	-0.003590317554920727	0.1006054439834852	0.01597761598535817	0.08214250107171969	0.01013065638677389	0.01024697660270628	0.01264177841386467	0.01009762792987372	0.01004904169110002	0.1097350062196465	0.0101153864608803	0.07951518262717022	0.01004736979271638	0.14772314454555	0.07616239596460246	0.01002345446325682	0.01031993151524927	0.01003615971002796	0.08625152766703036
0.1412227888774687	-0.2757821304759361	0.3777681581388032	0.9039916773613476	0.2776694411830684	0.3659560176468803	0.2017285946899357	-0.7880128965095504	-0.02077113467199192	-0.08615681657954694	0.05684571543386487	1.133013748178546	1.087644504001344	0.1941627876503451	1.015987759573262	-2.656063412710376	-1.582450819799654	-1.611839521501193	0.2748974287542846	2.987383900061724	1.01481239297351	0.103066429794169	0.01563264919368694	0.08489021813757269	0.01012629428227469	0.01024286301693252	0.01420769918749836	0.01009463156666077	0.01004824775865111	0.1105852089950682	0.01010845640482573	0.07189303234652308	0.01004966866759423	0.1437661447311256	0.08073111023854083	0.01024807119975696	0.01049281491424637	0.01027332369222064	0.0821664272301688	-0.002968516529057616	0.09894540038733902	0.01625519977228724	0.08040104056529265	0.01013563331577324	0.01025359149205172	0.01200742202925599	0.01010078159597001	0.01005006928348254	0.1091632636779886	0.01012208757330576	0.08267605504433036	0.01004592838192914	0.1492725973804432	0.07448845394973837	0.01002260916263359	0.01034240387935796	0.01003600554486097	0.08794394155032224
0.1462664599088069	-0.2700413495794966	0.3832395086418731	0.904938778314862	0.282857214365423	0.352541238317218	0.1936887709029106	-0.7959552620105738	-0.01937507950848105	-0.07121875772063324	0.06196142913951921	1.142411721590177	1.081958523166158	0.1813758108151933	1.042285051437351	-2.662076356046891	-1.604393529447145	-1.537849809175865	0.2779361844464561	2.933093165537304	1.015889289732848	0.1017282086754665	0.01592618023046195	0.08338253078482553	0.01013079193965139	0.01024771158118002	0.01349775911619134	0.01009594546677809	0.01004840616211107	0.1104377080011916	0.01011310500789532	0.07511403708083071	0.01004830885045652	0.1452669452389194	0.07899132356634532	0.01018167867395466	0.01046043746188962	0.01020370871119297	0.08379904434617697	-0.001193655853686508	0.09649169552451561	0.01699312125470103	0.07769120753510268	0.01014696514572844	0.01026455599953741	0.01156529903459571	0.01009756989912365	0.01004762353119775	0.1107370029143414	0.01012621574062619	0.08571457504914262	0.01004425098550798	0.1510844911785489	0.07349305770166618	0.01002220527391891	0.01041920317894965	0.01003729886273198	0.0890889610584945
0.151310130940145	-0.2642683611952068	0.3886823697226422	0.9058210596936481	0.2881947361952267	0.339115965174585	0.1855570344487767	-0.8035282452438048	-0.01797509619639916	-0.05660006061829425	0.06711486587547273	1.14578519493014	1.076347406265427	0.1684594559636306	1.075368574200348	-2.660224593359153	-1.618897553424425	-1.465365944810534	0.2764550832276525	2.86074528510425	1.029770954594377	0.1001083267729777	0.01634953887619092	0.0815610611248022	0.01013731524164374	0.01025437243499302	0.01286561822395045	0.01009591783585577	0.01004779253254668	0.1107135493001933	0.01011759929754426	0.07826936871766468	0.01004685487900916	0.1468370943765167	0.07743954428139131	0.01013483544204106	0.01046039568543867	0.01015509930325237	0.08530194528512131	0.0005812048216845998	0.09403799066169218	0.01773104273711483	0.07498137450491271	0.01015829697568365	0.0102755205070231	0.01112317603993543	0.0100943582022773	0.01004517777891296	0.1123107421506941	0.01013034390794663	0.08875309505395487	0.01004257358908682	0.1528963849766546	0.07249766145359399	0.01002180138520422	0.01049600247854133	0.010038592180603	0.09023398056666673
0.1563538019714832	-0.2584950189199658	0.3940971034208295	0.9066378636646122	0.2937174063937844	0.3257219292592226	0.1773726220662957	-0.8107389158655918	-0.01659544691523086	-0.04238383205969473	0.07237126536539469	1.143072110973733	1.070838277043523	0.155470611505438	1.114888811517373	-2.650508160978478	-1.625854054708926	-1.393863720229068	0.2704964035514756	2.775778673004429	1.054916556040659	0.0984350228525163	0.01671587896451514	0.07972812837346746	0.01014386470880398	0.01026138894711864	0.01236594867561685	0.010095333567921	0.01004694664929705	0.1111278170748326	0.01012324808113673	0.08134008820280018	0.01004546925309418	0.1483675025340067	0.07590461451654644	0.01010157592130891	0.01047749051412103	0.01012096543886241	0.08679513411186597	0.0009263485506884848	0.09279567872733986	0.01750282629288303	0.07391935242217136	0.01016072989766076	0.0102806729406024	0.01119012898404445	0.01009354668386236	0.01004468340303683	0.1124955842935297	0.01014264023641533	0.09150934489551943	0.01004176018041058	0.1539438676182152	0.07059903800367531	0.01002181344261113	0.01053894376456487	0.01003955102053167	0.09201558999649335
0.1613974730028213	-0.2527426843317599	0.3994847433838561	0.9073897224439078	0.2994441956590109	0.3123843484757529	0.1691632186034722	-0.8175879705605184	-0.01524781682705118	-0.0286072006806501	0.07775952806995703	1.137454878823943	1.065603749516288	0.1427063125639089	1.156309248321871	-2.637838069180977	-1.628807430658197	-1.321972006335806	0.2637583024996347	2.686428928498986	1.082059540492413	0.09686539282743846	0.01690822824136788	0.07808928251336132	0.01014919394794238	0.0102678529854919	0.01203296872220015	0.01009468193490781	0.01004620497337027	0.1114854487311032	0.01013086719549762	0.08431363758840479	0.01004425326487088	0.1497824653456095	0.07427056929449982	0.01007817696555383	0.01050223978617141	0.0100972314310674	0.08835818727157051	0.00127149227969237	0.09155336679298756	0.01727460984865123	0.07285733033943001	0.01016316281963788	0.0102858253741817	0.01125708192815347	0.01009273516544741	0.0100441890271607	0.1126804264363653	0.01015493656488404	0.094265594737084	0.01004094677173433	0.1549913502597757	0.06870041455375665	0.01002182550001804	0.01058188505058842	0.01004050986046034	0.09379719942631999
0.1664411440341595	-0.247020644962434	0.4048469573071132	0.9080782612559478	0.3053771378362806	0.299110033823597	0.1609430393696711	-0.8240711817373122	-0.01393107148937863	-0.01528123657839602	0.08328149264908495	1.131539588260086	1.060785257748454	0.1304112988910909	1.195915111963443	-2.626143702189222	-1.63065536931569	-1.248531407255177	0.2586373887387588	2.598133741935894	1.107613374441868	0.09528311975674851	0.01707208105046288	0.07648235675064424	0.01015406619779363	0.0102743527998409	0.01180422699427978	0.01009402289044534	0.01004553353053176	0.111869776700376	0.01014060976492368	0.08721378680344827	0.01004314197960562	0.1511166326188483	0.07261733099230121	0.0100616105866075	0.01053493110298117	0.01008067047540071	0.0899600482261383	-0.0001629726994804618	0.08962104968962861	0.01765336362630699	0.07096838422254252	0.01016809862190517	0.01029368393234888	0.01124852813868966	0.01009217719798136	0.01004368305687944	0.1134065607332372	0.01017216601309047	0.09699383399636476	0.01004005213680684	0.1560907641454888	0.06719827423078838	0.01002193801413894	0.01064200803014532	0.01004135847511269	0.09548764681100892
0.1714848150654977	-0.2413284915961003	0.4101860047153243	0.9087061013467527	0.3115037234922222	0.2858912125136683	0.1527156408368981	-0.8301790364416589	-0.01263625033887861	-0.002395602005265218	0.08893252445071698	1.125603985807753	1.05641737915366	0.1186370499769894	1.233095968708683	-2.615832929828074	-1.631670146734257	-1.173129439084178	0.2550645607399866	2.511822168126282	1.133239413688466	0.09360827683393605	0.01729861655879247	0.07479732006362338	0.01015895723251506	0.01028125513629578	0.01164041815338113	0.01009339380774396	0.01004491114340793	0.1123377405450495	0.01015257121754325	0.09005589867940786	0.01004209492100832	0.1523940015220468	0.07099890537758782	0.01004998821149286	0.01057574347366139	0.01006926992431257	0.09158009618951476	-0.001597437678653293	0.08768873258626966	0.01803211740396275	0.06907943810565505	0.01017303442417246	0.01030154249051606	0.01123997434922585	0.0100916192305153	0.01004317708659817	0.1141326950301091	0.0101893954612969	0.0997220732556455	0.01003915750187934	0.1571901780312018	0.06569613390782013	0.01002205052825986	0.01070213100970223	0.01004220708976503	0.09717809419569787
0.1765284860968358	-0.2356669568813915	0.4155041729003915	0.9092758682540645	0.3178121168410565	0.2727216853083738	0.1444860208843151	-0.8359012896952637	-0.01135594679064112	0.010060277912085	0.09471341471074331	1.118824542481874	1.052491406484533	0.1073428467245271	1.268666501227462	-2.605810505095532	-1.630870402185898	-1.095699993866576	0.2525825035557303	2.427575719826186	1.158983834412726	0.09167330240332928	0.01764381794629487	0.07281115440339243	0.01016640806335454	0.01029051709766391	0.01149250884931815	0.01009277638275094	0.01004424564079139	0.1128723177656798	0.01016512535551587	0.09285306438561729	0.01004102338856685	0.1536771379979701	0.06951399947123049	0.01004175131083321	0.01063645800760705	0.01006137583957726	0.09320166608250263	-0.001686315485828179	0.0843024717628964	0.01890550840089316	0.06539851684290612	0.0101944668575393	0.01032288662523478	0.01104218044424808	0.01009100264389818	0.01004217236098148	0.1148935107897805	0.01020053038237049	0.1024264860430913	0.01003781693032355	0.1586974184068873	0.06498290321429472	0.01002195571887278	0.01085490027462842	0.01004266279769009	0.09877905205054636
0.181572157128174	-0.2300483462866121	0.4208034571099251	0.9097893742478262	0.3243037568519774	0.2596111159625091	0.1362726105298651	-0.8412291826346802	-0.01008876883632077	0.02209406107230365	0.1006224697836815	1.108583002553805	1.048929192305193	0.09632754041016765	1.30575997126562	-2.59245398250701	-1.625242448258776	-1.0167511537231	0.2498597826003944	2.344445368866892	1.184061449644761	0.08936301699234535	0.01814271516696113	0.07037261907065755	0.01017800265153759	0.01030335882512927	0.01132980564861081	0.01009215920527907	0.01004347956951876	0.1134618659153619	0.01017725852233939	0.09561380224221104	0.01003987209243803	0.155009652143568	0.06822884706247244	0.0100359281374159	0.01072441699798438	0.01005595696407175	0.09481365417333554	-0.001775193293003064	0.08091621093952316	0.01977889939782358	0.06171759558015721	0.01021589929090613	0.01034423075995351	0.01084438653927031	0.01009038605728107	0.01004116763536479	0.1156543265494519	0.01021166530344409	0.1051308988305372	0.01003647635876776	0.1602046587825727	0.06426967252076933	0.0100218609094857	0.01100766953955461	0.01004311850561515	0.1003800099053948
0.1866158281595122	-0.2244945728504121	0.426085562181202	0.9102476667307103	0.3309916412305286	0.2465826419758641	0.1281048836609316	-0.8461559594356065	-0.008838887646069373	0.03371056987554037	0.1066590261901839	1.092553896724946	1.045665532060861	0.0853976419273955	1.347128618484374	-2.572364537174857	-1.612109267838342	-0.9367504200659119	0.2450763780552207	2.262186432549149	1.210576438700285	0.08676964494227631	0.01884633903731522	0.06747256192012926	0.01019573408870691	0.01031825753911825	0.01116381567835078	0.01009077205605011	0.01004230031300712	0.1143433502446347	0.01018936663691958	0.09832668243154793	0.01003869277383469	0.1563438494703156	0.06709354834618875	0.01003173891700075	0.01084665809059268	0.01005214675792372	0.09643879008956448	0.001141362639353093	0.07751056860753634	0.02129989509542372	0.05711118124870619	0.01025853214005102	0.01036286947930011	0.01069181605043039	0.01008478179104112	0.01003793739721797	0.1183968851014534	0.01022452269211841	0.1076699627047414	0.01003531131640401	0.1614119036007311	0.06358123249306531	0.01002154345586219	0.01126068704596295	0.01004291245799778	0.1021352808807766
0.1916594991908503	-0.2190388543189298	0.4313519161973389	0.9106507636178454	0.3379017611673059	0.2336773998074726	0.1200253462357936	-0.8506770359356729	-0.007623533986574977	0.0449161449487581	0.1128432742771058	1.06970064700552	1.042683322953574	0.07444046830058663	1.393884497012002	-2.543588060042925	-1.590272108702038	-0.8558761489624849	0.2361683541114132	2.181495117929614	1.242626600981656	0.08395640661869831	0.01978640762262306	0.06410401119294665	0.01022084452847518	0.01033426386400066	0.01100173599929769	0.01008813479951016	0.01004051300643642	0.1156781552097823	0.0102016964920448	0.1009840308613984	0.01003751768465879	0.1576464388424482	0.06607436460048427	0.01002869753582209	0.01100756102809228	0.0100494050109221	0.09809227220051205	0.004057918571709249	0.07410492627554952	0.02282089079302386	0.05250476691725516	0.0103011649891959	0.01038150819864671	0.01053924556159047	0.01007917752480116	0.01003470715907114	0.1211394436534549	0.01023738008079273	0.1102090265789456	0.01003414627404026	0.1626191484188896	0.06289279246536131	0.01002122600223869	0.01151370455237128	0.01004270641038041	0.1038905518561584
0.1967031702221885	-0.2137161110069245	0.4366039577783305	0.91099844029039	0.3450616137823124	0.2209406367861552	0.1120784917960865	-0.854787900500819	-0.006465095415367382	0.05571742968262999	0.1191999592352969	1.040417445659153	1.040019054761036	0.0634586236972732	1.445374748725367	-2.506306647123067	-1.560164040743391	-0.773931548044319	0.2228993450591998	2.100926534550999	1.277041307422571	0.08115262347174257	0.02079163877172236	0.06057729195011692	0.01024959999710542	0.0103492887315659	0.01086044505082894	0.01008515722487418	0.01003861726991997	0.1171304492727408	0.01021999064026099	0.1035638446697897	0.01003642902669397	0.1588161861555289	0.06501745577645071	0.01002643773152929	0.01130472251559571	0.01004739997942958	0.09975311993548439	0.004640027666866531	0.07199868533186807	0.02368881578595223	0.04926068658088852	0.01033437314556573	0.01038882567589513	0.01050396241791191	0.01007696517087885	0.01003349617648721	0.1221475801240589	0.01028788193438539	0.1124598591723014	0.01003352198838894	0.1629069067871723	0.06131573986560113	0.01002083236875878	0.01247798491770395	0.01004248887116291	0.1055426781024547
0.2017468412535267	-0.2085492979062263	0.4418437091293406	0.9112912210832871	0.3524829194151851	0.2084024641323927	0.1042953285498478	-0.8584809176630808	-0.005378053423361524	0.06610202267817826	0.1257152390336363	1.007868616474227	1.037809797349649	0.05267224462131948	1.49756017901698	-2.46483971771249	-1.525362564979687	-0.6901843739117661	0.2078569999184503	2.016261606212364	1.305515254079266	0.07851584271336469	0.02175502775829229	0.0571035323778358	0.0102796730870831	0.01036202969988483	0.01075048815158561	0.01008240647246319	0.01003692453373616	0.1184714710130433	0.01024782847291255	0.1060513019686243	0.01003547803852022	0.1597821213618955	0.06382008731133802	0.01002473119208878	0.01179879204489082	0.01004592486448658	0.1014072896277481	0.005222136762023813	0.06989244438818661	0.02455674077888061	0.04601660624452188	0.01036758130193556	0.01039614315314356	0.01046867927423336	0.01007475281695654	0.01003228519390327	0.123155716594663	0.01033838378797804	0.1147106917656573	0.01003289770273762	0.1631946651554551	0.05973868726584096	0.01002043873527886	0.01344226528303662	0.01004227133194541	0.107194804348751
0.2067905122848649	-0.2035501092410625	0.4470736685422068	0.911530413044666	0.3601631006826604	0.1960774199194532	0.09669413577384339	-0.8617461358307223	-0.004367365347824857	0.07604492567961262	0.1323466024770931	0.9738760597497748	1.036140607966062	0.04219134743302695	1.548083774515645	-2.421768551760496	-1.487912342358344	-0.6043839319932743	0.1929850861581222	1.925782992641579	1.320997494582788	0.075680023034956	0.02266773607487484	0.05334820754812142	0.01031832992903279	0.01037728688227071	0.01066339482905353	0.01008119839078149	0.01003591017936976	0.1192686317618934	0.01028495057137499	0.1084363709530466	0.01003460140670682	0.1605870891036882	0.06264902790628023	0.01002339863018936	0.01247268684048281	0.01004474899414591	0.1030908037574254	0.004965466611183126	0.06539255545570774	0.02528023214784023	0.04049691364127307	0.01045050749309197	0.0104299981078268	0.01044096490562311	0.01008151569992204	0.01003455852510513	0.1204904256444014	0.01040630388567782	0.1166885085325789	0.01003213876542749	0.1634295405247287	0.0590915361403369	0.01001999064182349	0.01469336403994898	0.01004161984060928	0.1091122060139638
0.211834183316203	-0.1987316951994053	0.4522964233747179	0.911716973293448	0.3681006972841872	0.1839805440733343	0.08929508418227304	-0.8645754257717737	-0.003430667922683204	0.08552119474948197	0.139009671401757	0.9361848678151456	1.034952917785164	0.03180184595926797	1.599634771981041	-2.374362616787575	-1.445206193599957	-0.5173228911308353	0.1785170014000565	1.831224188518111	1.318087636992983	0.07239450956165908	0.02352416944985977	0.04908437736819746	0.01037009901882687	0.0103980529854043	0.01059386707986987	0.01008235321979543	0.01003587052212407	0.119224577521584	0.01033119480164676	0.1107121097517467	0.01003375966622776	0.1612609330810813	0.06161545645818253	0.01002232829008697	0.01331562216317235	0.01004372858053798	0.1048278710891255	0.004708796460342439	0.06089266652322886	0.02600372351679985	0.03497722103802427	0.01053343368424839	0.01046385306251003	0.01041325053701286	0.01008827858288754	0.01003683185630699	0.1178251346941399	0.0104742239833776	0.1186663252995005	0.01003137982811735	0.1636644158940023	0.05844438501483284	0.01001954254836811	0.01594446279686134	0.01004096834927315	0.1110296076791767
0.2168778543475412	-0.1941178420859795	0.4575142490859218	0.9118508884772268	0.3763071799914191	0.1721404607833227	0.08213057379185254	-0.8669641072445197	-0.002568163625178837	0.09450965084723283	0.1456155493302254	0.8914069703467001	1.034137352342954	0.02119596427427081	1.65639304271035	-2.317866756143464	-1.393377032590001	-0.4300885721203709	0.162166478132899	1.731302679610362	1.30107526910246	0.06890801481160132	0.02449401066770251	0.04360358328171041	0.01059133703684464	0.01042196873118847	0.01053303323301661	0.01008532926918631	0.01003643580960415	0.1186519851445018	0.01039128030638673	0.1128468748471172	0.01003295434160491	0.1617486430674284	0.06061709982507135	0.01002144859214793	0.01442998655490852	0.01004287645895244	0.1065565776059034	0.005071964287934379	0.05737298134837873	0.02774617616789317	0.02359777947162545	0.0116560887585564	0.01049344025792346	0.01036309403804416	0.01009625926157532	0.01003866023684707	0.1159589478036584	0.01059099009414585	0.120165733751978	0.01003070054409445	0.1631670945392911	0.05733038045589783	0.01001915538583075	0.01820937410869823	0.01004071087985932	0.1125752049017704
0.2219215253788794	-0.1897596366036332	0.4627284390561262	0.9119297305406391	0.3848280359977045	0.1606276396894564	0.07526389501796789	-0.8689160139221052	-0.001808265589633447	0.1029680398259802	0.1521309431414185	0.8348112332601778	1.033511213512274	0.009963339803780114	1.724295281454133	-2.24459118820819	-1.327105066193057	-0.3441257130352008	0.1378298660863828	1.621033192418277	1.282207376419203	0.06539074707261562	0.02568368068824173	0.03641611481862894	0.01107920753950469	0.01044756317696054	0.01047535373757497	0.01008978885160243	0.01003737556431997	0.1177644275956515	0.01046814722626517	0.114819055553734	0.01003218638307111	0.1620112782957775	0.05958588106989922	0.01002071491910021	0.01587889165496141	0.01004220062965464	0.1082352527266791	0.005435132115526321	0.0538532961735286	0.0294886288189865	0.01221833790522664	0.01277874383286441	0.01052302745333688	0.01031293753907547	0.0101042399402631	0.01004048861738716	0.114092760913177	0.01070775620491411	0.1216651422044556	0.01003002126007154	0.1626697731845798	0.0562163758969628	0.01001876822329339	0.02047428542053514	0.01004045341044549	0.1141208021243642
0.2269651964102175	-0.1857263391291168	0.4679395814791665	0.9119495141450381	0.3937314420521876	0.1495421154677228	0.06877876276876269	-0.8704404028610082	-0.001202027325671311	0.1108417197614594	0.1585625014300586	0.759748557241309	1.032829591805029	-0.002454572645679888	1.811479947841643	-2.144065146793118	-1.238888110202251	-0.2611570321006467	0.09860394110369318	1.500420465511328	1.27033972993964	0.06145629056089332	0.02702256890009602	0.02950492288665451	0.01394514337693474	0.01047397343675332	0.01042156203853087	0.01009464290369949	0.01003824798432748	0.116767923164786	0.01054622559260414	0.1165982688812964	0.01003145585263286	0.1620159007859373	0.05866273237039635	0.01002010370314765	0.0174916124523243	0.01004169399974827	0.1098258785518816	0.006433072445836198	0.04749142128245126	0.03120792310480857	0.01133922718657148	0.028182895231986	0.01055038094564148	0.01027383463529146	0.01010813481494545	0.01004020504366639	0.1132407498533544	0.0107572036507871	0.1225851566163059	0.01002941710836048	0.1614401066009125	0.05604753463377564	0.01001852049745541	0.02230602487447489	0.01004050258903671	0.1152647983790562
0.2320088674415557	-0.1821441128721026	0.4731462612705303	0.9119015795121967	0.4031540038398424	0.1390719403826547	0.06282328496366361	-0.8715585325684726	-0.0008535782704296174	0.1180957453362992	0.1649674771536087	0.655945001103813	1.031741616870549	-0.01688941754772207	1.930159513701121	-2.000582753817895	-1.117077711115187	-0.1830290716625554	0.03560701784745337	1.37531757893403	1.271666418452004	0.05684021542175608	0.02846637319152856	0.02422526682688949	0.02044742832361861	0.01050066154721051	0.01037211552489076	0.01009921257591339	0.01003877768759586	0.1158051079352706	0.01061581286471945	0.1181635113488117	0.01003076278890046	0.1617388912554279	0.05794099413027628	0.01001960025397156	0.01916258844388743	0.01004135214768384	0.1113026612893461	0.007431012776146075	0.04112954639137392	0.03292721739063064	0.01046011646791632	0.0435870466311076	0.01057773443794608	0.01023473173150744	0.0101120296896278	0.01003992146994562	0.1123887387935318	0.0108066510966601	0.1235051710281562	0.01002881295664941	0.1602104400172453	0.05587869337058848	0.01001827277161743	0.02413776432841465	0.01004055176762793	0.1164087946337483
0.2370525384728938	-0.1791692023469873	0.4783460835941709	0.9117748607085877	0.4132672067674314	0.1294517499252856	0.05757971769474401	-0.8722956371064184	-0.0008937360225478849	0.1247182670268919	0.1714168124518014	0.5220000155276601	1.030224720914643	-0.0334442608133611	2.081251193565138	-1.811028506585366	-0.9600720351134092	-0.1090269099682306	-0.05426210782441042	1.252070283137255	1.287306426289746	0.05267302410835541	0.02988461016803499	0.02027089965508111	0.02739155387089995	0.01051733607034543	0.0103289869679278	0.01010300491839239	0.01003900459609572	0.1148241154127479	0.01071681231247446	0.1194404240202508	0.01003023538798495	0.1610600423637969	0.05721856616875432	0.0100192365376115	0.0207117456873356	0.01004122926837469	0.1125710474386202	0.007724525932987909	0.04154038973487158	0.03398104624847697	0.01039845690528115	0.04571135734536903	0.01053892883235615	0.01021709191656806	0.01011216316594067	0.0100392109699138	0.1111927335518314	0.01109785935787889	0.1233911417675568	0.01002911386011239	0.1574007834190118	0.05466197160208397	0.01001844756493867	0.02489649169656289	0.01004128144220019	0.1165735109015336
0.242096209504232	-0.1768958279504005	0.4835389609082359	0.9115633579963384	0.4241599567998482	0.1208352115911169	0.05316005901680775	-0.87265597473512	-0.001428487970705069	0.1307390799046375	0.1779688705952794	0.377760272644605	1.028987666613455	-0.05050933767552289	2.239278446897116	-1.60259798572959	-0.7903678264222767	-0.03362721452362651	-0.1605176671344125	1.13671803138079	1.312399782532921	0.04972240962135079	0.03119532894372597	0.0174175081442782	0.03287038516502775	0.01051757903676716	0.01029340661684174	0.01010571264890709	0.01003895359303674	0.1137890296737963	0.01087408481642636	0.1203776689515321	0.01002995355676037	0.1598934251430062	0.05636176425415296	0.01001903247860471	0.02202725526595802	0.01004135914246941	0.1135665302308212	0.008018039089829742	0.04195123307836925	0.03503487510632329	0.01033679734264598	0.04783566805963047	0.01050012322676622	0.01019945210162867	0.01011229664225355	0.01003850046988197	0.1099967283101309	0.01138906761909768	0.1232771125069573	0.01002941476357536	0.1545911268207784	0.05344524983357946	0.01001862235825991	0.02565521906471114	0.01004201111677246	0.116738227169319
0.2471398805355702	-0.1753447149807156	0.4887273889176704	0.9112670097029852	0.4358274771650421	0.1132743846532697	0.04959299611249141	-0.872624653121193	-0.002522989386104647	0.1362121729261618	0.1846617680439769	0.2354604757091303	1.028471527688769	-0.06710059146377838	2.388356605686176	-1.392510330327809	-0.6217766898287299	0.04661518883566376	-0.2755451836086008	1.038901940187265	1.341451863101413	0.04554235217700905	0.03249743038769218	0.01535125981345902	0.03815693273335304	0.01051655419360758	0.0102629281588248	0.01010893965937283	0.01003888445183783	0.1124500569582818	0.01094177985127603	0.1209520211510035	0.01002981514239162	0.1583586296416113	0.05570236155118165	0.0100189908292934	0.02259420456931243	0.01004162719072641	0.1143177494607681	0.007749441230731655	0.02748656853117168	0.03653916711872383	0.01026368031946683	0.05537510763194052	0.01052674901320318	0.01018104631063407	0.01012064842104409	0.01003891631934804	0.1067265450845067	0.01084665249722914	0.1222843185963787	0.01002954532108892	0.1518348630372525	0.05432681191534926	0.01001913428661733	0.02250116147203673	0.01004250433180882	0.1165714468133114
0.2521835515669084	-0.1745393420225538	0.4939140876450489	0.9108855129655283	0.4482625831075903	0.1068191092152346	0.0469114517033347	-0.8721800236933015	-0.004228715958295352	0.1412726899117291	0.191499273926115	0.08204708768132819	1.028301943033411	-0.08427380948078628	2.543654197572053	-1.164206388030001	-0.4392273612565449	0.1302644475537758	-0.4028907929615508	0.9731165462241518	1.369742313190964	0.03846762699810862	0.03385320519828251	0.0138613857872417	0.04401405376476206	0.01052371829978051	0.01023602524612507	0.01011368573463258	0.01003895909476943	0.1106338269422446	0.01082891550201185	0.1211466269461105	0.01002975647105532	0.1565401827407308	0.05545890802087908	0.01001911330499155	0.02208578820826497	0.0100419619931028	0.1148437111436574	0.007480843371633568	0.0130219039839741	0.03804345913112436	0.01019056329628768	0.06291454720425056	0.01055337479964014	0.01016264051963947	0.01012900019983464	0.01003933216881411	0.1034563618588825	0.01030423737536061	0.1212915246858	0.01002967587860248	0.1490785992537265	0.05520837399711907	0.01001964621497475	0.01934710387936233	0.01004299754684519	0.1164046664573038
0.2572272225982465	-0.1745606002124704	0.4991000852812823	0.9104139595763552	0.4615258276883645	0.1015932110020688	0.04521445372586796	-0.8713070588446219	-0.006616415530512046	0.1460836466534773	0.1984734476350318	-0.09330662107674344	1.02815203980474	-0.1028838940982969	2.717889477770942	-0.9036252382480512	-0.2302454806213123	0.2166195986607406	-0.5466264789043503	0.934876734316676	1.39568039168513	0.03116095836774908	0.03527484350353993	0.01278315539537541	0.05037592367450543	0.01055963321750468	0.01021199325392907	0.01012034729079778	0.01003976508242142	0.1080406303049912	0.01066138596738735	0.1210058924277866	0.01002969638204834	0.154550640234547	0.05560170123050214	0.01001936532804564	0.02123909281032043	0.01004246301258536	0.1151051265090048	0.008713926162973116	0.01164491142103117	0.03974168958964872	0.01015363632537237	0.07127705817592082	0.01072967990112622	0.01014681655869156	0.01014295790055068	0.01004384036361637	0.09691857631963909	0.0102176599219651	0.1198893107887817	0.01002944037312663	0.146719295474701	0.05670420009669833	0.0100202624948184	0.01894682610745695	0.01004426835291274	0.1154713137072049
0.2622708936295847	-0.175509103830085	0.5042855731792842	0.9098459777140336	0.4757008764659347	0.09774860024553775	0.04462367713310424	-0.8699876290695004	-0.009770031452431584	0.1507058652245728	0.2055770493944257	-0.2856396315320822	1.02809981319382	-0.122511225246394	2.905217903976521	-0.6164754011182081	-0.0005701303549003149	0.3073041173302227	-0.7066046333732672	0.898274959751693	1.42106526823405	0.02544064667559826	0.03677009549422226	0.01200967154813747	0.05720345345069561	0.01063711497662965	0.01019039258956105	0.0101291714121049	0.01004166864880682	0.1044591365421922	0.01051776808087481	0.1205597076461719	0.01002958428665846	0.15247024829618	0.05611012606189127	0.01001972534588864	0.02052025438504715	0.01004319224643746	0.1150746240687473	0.009947008954312662	0.01026791885808824	0.0414399200481731	0.01011670935445707	0.0796395691475911	0.01090598500261231	0.01013099259774365	0.01015691560126671	0.01004834855841863	0.09038079078039568	0.01013108246856959	0.1184870968917633	0.01002920486765077	0.1443599916956755	0.05820002619627759	0.01002087877466205	0.01854654833555158	0.01004553915898029	0.114537960957106
0.2673145646609228	-0.1774571615964036	0.5094713100335926	0.909177548343398	0.4908377583461156	0.09540257307518997	0.04522812453254984	-0.8681965993571473	-0.01376404220855709	0.1551163604872944	0.2127673288857764	-0.4867600255135729	1.028303311103919	-0.1424618330568166	3.095803881539447	-0.3131605299727857	0.2403375775883126	0.4042247002477835	-0.877505550182441	0.8471612087222117	1.419616598421313	0.02109501191136665	0.03828305740204171	0.0114528554437949	0.06372269687193795	0.01074927689697933	0.01017135910722152	0.01221643121052766	0.0100453530057906	0.09873121807970672	0.0104018357262537	0.1198159320766111	0.01002956420223368	0.1501995305376372	0.05665541070603813	0.01002020481920999	0.02009746324385373	0.01004427389459733	0.1147516608318704	0.01029325805048406	0.01022375207674746	0.04290577708262836	0.01010516249538446	0.08347304621423168	0.01112089431839562	0.01012090874845102	0.02364033666840955	0.01005947622039812	0.07305518032661462	0.01011661840612659	0.1165411469511942	0.01002979792035153	0.140995706362062	0.058088041770171	0.01002178525686415	0.0195107763239438	0.01004807067246253	0.1130159631293077
0.272358235692261	-0.1804184471989786	0.5146591147388234	0.908409760078703	0.5069161411415517	0.0945961959130929	0.04704887115221826	-0.8658967605329907	-0.01862514835820571	0.1592163007501579	0.2197910193388229	-0.6874215201387169	1.028919791702805	-0.1619106600801947	3.278557445479837	-0.005947871236469345	0.4817369878746893	0.5090655363016727	-1.050439664646475	0.7751285459464218	1.355006622778963	0.01796101544440837	0.03977835198811118	0.01105662764463918	0.06945416150105616	0.01089181963059335	0.01015497741889932	0.01763244500549137	0.01005124398377095	0.09001532572888563	0.0103159365862591	0.1187795561087594	0.01002972589685815	0.1476674880147268	0.05702283462305223	0.01002081089143453	0.02007679514950756	0.0100457853726047	0.1141353627179725	0.01063950714665546	0.01017958529540669	0.04437163411708363	0.01009361563631185	0.08730652328087227	0.01133580363417893	0.01011082489915839	0.03712375773555238	0.01007060388237762	0.05572956987283355	0.0101021543436836	0.1145951970106251	0.0100303909730523	0.1376314210284486	0.05797605734406441	0.01002269173906625	0.02047500431233603	0.01005060218594476	0.1114939653015093
0.2774019067235992	-0.1843751266264838	0.5198513519566934	0.9075466009056898	0.5238778133732884	0.09532644999535179	0.05007040159311783	-0.8630452219588698	-0.02433757416206943	0.1628915608284897	0.2261929447058535	-0.8789579985319789	1.030133731005196	-0.1799621399532919	3.442853769542865	0.2913144852502061	0.7136280838655077	0.6237701646146835	-1.208676363648624	0.6779037745710845	1.154880109829316	0.01570239063145511	0.04134964420446293	0.01077289176016467	0.07452523740934672	0.01102478134714505	0.01014041013425513	0.02798214150647873	0.01337348289594298	0.07824945946287143	0.01025233697094625	0.1174491162721936	0.01003011528937518	0.1448710171758039	0.05716457663838379	0.01002156615634026	0.02047149874745786	0.0100478570323655	0.1132173743730619	0.01107572906470848	0.0101640860916676	0.04644905066869676	0.01008804303095964	0.09029550163229866	0.01135231373713311	0.0101006187271867	0.06876200566495087	0.03159277983323244	0.03297208382306178	0.01009752275361653	0.1120637836953101	0.01003164492843528	0.1337437586632472	0.05716356592170916	0.01002399772379415	0.02232929569628896	0.01005483750372889	0.1093258617165199
0.2824455777549374	-0.1892586854855619	0.5250518543911883	0.9065984692306446	0.5415998699351073	0.09749235909439612	0.05421941634676517	-0.859583430602723	-0.0307562532018331	0.1660107417450752	0.2311510745984757	-1.054963108924794	1.032197252330759	-0.1956053644122083	3.580077638189976	0.5633418419092937	0.9288257477633828	0.7510530800245738	-1.330494898813354	0.5546228236758723	0.7824889208742402	0.01409143903861416	0.04305645859065916	0.01057134235466109	0.0790098568024647	0.01112325959346857	0.01012713505907405	0.04407529130760265	0.02196812655458247	0.06333328825521971	0.01020620384395519	0.1158232450007312	0.01003076100124246	0.1418077969954964	0.05704896323220866	0.01002248469661581	0.02128859870273783	0.01005057012267406	0.1119914908816231	0.0115119509827615	0.01014858688792852	0.04852646722030987	0.01008247042560744	0.09328447998372506	0.01136882384008729	0.01009041255521501	0.1004002535943494	0.05311495578408724	0.01021459777329001	0.01009289116354945	0.1095323703799951	0.01003289888381827	0.1298560962980459	0.05635107449935391	0.01002530370852206	0.02418358708024189	0.01005907282151303	0.1071577581315304
0.2874892487862756	-0.1949817811680321	0.5302652947095344	0.9055791075000207	0.559933252047464	0.1009471064575244	0.0594016613952178	-0.8554437020896118	-0.03770142158645564	0.1684479408119841	0.2340463056468803	-1.210707045880224	1.035337717306099	-0.2080044144273604	3.683594992970168	0.7995007138269007	1.122093451820993	0.8931004322435427	-1.420558427794476	0.4103908808943111	0.3878242953232987	0.01294031228356031	0.04489865400261924	0.01042727715400061	0.08299525302113991	0.01115827015202753	0.01011491894171383	0.06132539082690213	0.03719297518308233	0.04910982515383022	0.01017302538302975	0.113887541095341	0.01003172347643546	0.1384799177574796	0.05663156437314214	0.01002361162945179	0.02222351515582138	0.01005398792582642	0.1104755350993367	0.01186880070530167	0.01015140404328707	0.05088415069852536	0.01008032613061587	0.09563471868321717	0.01112802366569116	0.01008127928810807	0.1143350106141971	0.09630382904869507	0.01014380950692472	0.01009392639247082	0.1063149661767325	0.01003505688614788	0.1254835328874171	0.05470745840003749	0.0100272283989857	0.02487089946154489	0.01006500087932359	0.1045282652038688
0.2925329198176137	-0.2014337087145248	0.535497831288043	0.9045063545755133	0.5786951746614792	0.1054856658541719	0.06549770013303809	-0.8505481962260504	-0.04505605438014586	0.1701361220091075	0.2352876164572157	-1.34397159485313	1.03976961779283	-0.2167769251929137	3.750009617941207	0.9931129458851038	1.291178361101467	1.05074643663785	-1.492862510257755	0.2576098483550949	0.1266490665479554	0.01212672596385879	0.0468762074811535	0.01032521310630554	0.08653407525444157	0.01111170265347078	0.01010361633068464	0.07716825873436703	0.05960775967568893	0.03842395513866122	0.010149985198823	0.1116316653481095	0.0100330403897371	0.134888814031164	0.05588259787251334	0.01002497507634275	0.02308517071257822	0.01005814988430659	0.1086815235960254	0.01222565042784184	0.01015422119864562	0.05324183417674085	0.01007818183562429	0.09798495738270929	0.01088722349129504	0.01007214602100113	0.1282697676340447	0.1394927023133029	0.01007302124055944	0.01009496162139219	0.10309756197347	0.01003721488847749	0.1211109694767884	0.05306384230072109	0.01002915308944934	0.02555821184284788	0.01007092893713414	0.1018987722762073
0.2975765908489518	-0.2084998933888795	0.5407562210473037	0.903398709156218	0.5976965435090859	0.1108843528570108	0.07238457977957867	-0.8448184337650765	-0.05273208347964148	0.1710477561007359	0.2356338345283349	-1.455049196414692	1.045547101505826	-0.2220076762991841	3.779775155260416	1.141448722444802	1.436523388681275	1.22308008832774	-1.5479720304925	0.1042492079822612	0.02720879569351392	0.01155250501489285	0.04899320922866915	0.01025259926072757	0.08970540735527169	0.01101829568560317	0.01009328516534651	0.09200762826581906	0.08289116544423697	0.0305015895780873	0.01013481152448617	0.1090418483578578	0.01003482790197956	0.1309852167314347	0.05478700281387044	0.01002665595746436	0.02378865269119245	0.01006323724169545	0.1065861760946871	0.01275992792876398	0.01018025689938303	0.05591071230029399	0.01007850781403224	0.09997081119947221	0.01070882821540054	0.01006521450577908	0.1413751844159639	0.1562943267801459	0.01005830068519324	0.01010154734055282	0.09916043849914441	0.01004083398492055	0.1158490923051382	0.05065989550268189	0.01003207481012152	0.02552926100859315	0.01007951915973109	0.09855118343919185
0.30262026188029	-0.2160812291388819	0.5460463665631714	0.9022712985144932	0.6167730988484317	0.1169371552530732	0.0799561449415737	-0.8381927529100869	-0.06064079952587983	0.1711913791475153	0.2357292254825386	-1.548247834184389	1.052361936531775	-0.2246145586504614	3.779823811188638	1.252493618644677	1.562681205308643	1.406010841639417	-1.585131393263694	-0.04693461547763784	0.02718694213118485	0.01115505459040348	0.05125236117637609	0.01020158996070605	0.09255902023061321	0.01089972260447448	0.01008396155005683	0.1060514715512207	0.103629998226422	0.02471523408749535	0.01012608705599173	0.1061081880804163	0.01003715841594859	0.1267338420365853	0.05333418348496463	0.01002870471007522	0.0242803648690632	0.01006936296533066	0.104173072298672	0.01329420542968611	0.01020629260012044	0.05857959042384713	0.01007883379244018	0.1019566650162351	0.01053043293950604	0.01005828299055704	0.1544806011978832	0.1730959512469889	0.01004358012982704	0.01010813305971346	0.09522331502481883	0.01004445308136361	0.110587215133488	0.04825594870464268	0.01003499653079369	0.02550031017433843	0.01008810938232803	0.09520359460217646
0.3076639329116282	-0.2240941173542653	0.5513729854790448	0.9011357579062044	0.635785900497073	0.1234682216672525	0.08812249385940099	-0.8306247049283582	-0.06868125301808901	0.1705867887395788	0.2359132211173324	-1.626988855095961	1.059939323575998	-0.2254739390285406	3.755910538659439	1.33283117994091	1.673209223714322	1.59580591079681	-1.599205982307834	-0.1897042089574275	0.04368341146219717	0.01089034424602522	0.05360922581790365	0.01016576182381859	0.09513396816869414	0.01077715340584455	0.01007563848873826	0.1192528344054058	0.1226447896835751	0.02051278981051787	0.0101234377409685	0.1028037287295184	0.010040282365502	0.1220979439366716	0.05152650292822646	0.01003127495824229	0.0242883374176442	0.01007657423318012	0.1014968863748298	0.01268419983760014	0.01029660558189993	0.06123169404099538	0.01008070574194026	0.1035659596518138	0.01043915234839176	0.01005332081519666	0.1650929260772384	0.1888502961420606	0.01003718665084873	0.0101251914946448	0.09042995988952032	0.01005077993673705	0.1043942178708717	0.04517609321280193	0.01003964881021366	0.02322456656494311	0.01009908215573874	0.09167443754056999
0.3127076039429664	-0.2324713680059881	0.556739366772304	0.8999988315639695	0.6546245766981957	0.1303366692107752	0.09681051668743157	-0.8220871523662163	-0.07673222368667416	0.169309072770632	0.2361487859588999	-1.692730864097418	1.068129173191296	-0.2251640528318917	3.710776703851978	1.386277573609668	1.769543987144296	1.790454860342731	-1.58930183815102	-0.3138535151500108	0.04763601832191371	0.01073056752166107	0.05603555587593541	0.01014110511182662	0.09745497858480663	0.01066381446413234	0.01006831160291136	0.131567858571576	0.1403434201539798	0.01749512124518121	0.01012663002835488	0.09910932360905027	0.01004435584374387	0.1170510710709247	0.04936499438552638	0.0100344624545846	0.0236388852993422	0.01008490044838543	0.09859550830687197	0.01207419424551418	0.01038691856367942	0.06388379765814363	0.01008257769144035	0.1051752542873925	0.01034787175727748	0.01004835863983627	0.1757052509565935	0.2046046410371323	0.01003079317187042	0.01014224992957614	0.08563660475422183	0.0100571067921105	0.09820122060825531	0.04209623772096117	0.01004430108963364	0.02094882295554778	0.01011005492914946	0.08814528047896353
0.3177512749743046	-0.241149047436089	0.5621483826545769	0.8988656029570781	0.6731855091792707	0.13741321388018	0.1059501165530691	-0.8125581629530654	-0.0846803197987248	0.1674665004849473	0.2363706116175835	-1.74575990119868	1.076833750495045	-0.2240820633230516	3.645555578891656	1.415702196981038	1.851797295521522	1.988760178763659	-1.559767603297233	-0.4112469239523373	0.03887239339512503	0.01100789083088975	0.0584986853658202	0.01012394177902863	0.0996434035682912	0.01056407017488753	0.01006184594838634	0.1431124011930935	0.1566407036441065	0.01532834336949973	0.01013603143044367	0.09500463212851518	0.01004980325945598	0.1116289148210831	0.04690398679301263	0.01003857367095889	0.02220479072033526	0.01009418024226507	0.09552051165257415	0.01214015711620308	0.01284051632422371	0.0664482457735375	0.01008295642141562	0.1071861072412729	0.01030329656119456	0.01004451457978889	0.1850139859144398	0.2159524521206461	0.01002747334104285	0.01017337247129758	0.07996656953772037	0.01006808121853155	0.09155143138681848	0.03872228168508015	0.01005217252235448	0.0165270465014789	0.01012221294517513	0.08458793907195242
0.3227949460056427	-0.2500559600981357	0.5676026683519797	0.8977396543247754	0.6913606529723038	0.1445756912568623	0.1154615382204307	-0.8020195709917622	-0.09243948923405031	0.1652166373661518	0.2365262423964698	-1.783630223161326	1.086080310303819	-0.2222772766977182	3.557797381699031	1.420353034536172	1.916984928275661	2.19079918949799	-1.5143855023334	-0.4753592242377483	0.02138732788598777	0.01192807475757871	0.06097775973213432	0.01011197759944802	0.1017796591374312	0.01048064361153486	0.01005615738932816	0.1539487039253903	0.1714516234905629	0.01378714797267991	0.01015187075481404	0.09047509694698903	0.01005688913559798	0.1058569064531547	0.04417938933942949	0.01004379962589959	0.0199005430409401	0.01010431303407048	0.09230781343410585	0.01220611998689198	0.015294114084768	0.06901269388893139	0.01008333515139089	0.1091969601951534	0.01025872136511164	0.0100406705197415	0.194322720872286	0.2273002632041599	0.01002415351021529	0.01020449501301902	0.07429653432121891	0.01007905564495259	0.08490164216538167	0.03534832564919912	0.01006004395507533	0.01210527004741003	0.0101343709612008	0.08103059766494131
0.3278386170369809	-0.2591089180609624	0.5731050961626289	0.8966248297712368	0.7090288957676049	0.1516944278183465	0.1252506833101728	-0.7904510989743375	-0.09993505056681039	0.1627303574130878	0.2365751417511194	-1.80053817482223	1.096006180212292	-0.2194725109968932	3.441257653479169	1.395226336376021	1.958221451650412	2.397157794359521	-1.455822689562775	-0.5113880042282705	-0.00263563023846632	0.0148853565325732	0.06342769783663396	0.01010327235604593	0.1039826123262401	0.01041221591806482	0.01005118988817297	0.1640466680519878	0.1849047902349302	0.01268717023346973	0.0101717379515163	0.08553108818205311	0.0100662431418831	0.09982332126085532	0.04136331163088998	0.01005076685797576	0.01755254408627428	0.01011523316424847	0.08907075763155456	0.01218376422964094	0.02815907231211952	0.0712848136288159	0.01008154321906425	0.1120210293882078	0.01023816747748339	0.01003801755273648	0.2016320177634738	0.2358739888607719	0.01002228490359281	0.01023288681009448	0.06793541295422832	0.01009738520697937	0.07831888418614887	0.03267093320646154	0.01007420240433936	0.01146751024116986	0.01014781012084821	0.07807554998370866
0.332882288068319	-0.2681615053522071	0.5786601991922761	0.8955289770328262	0.7260026871207125	0.158576582539691	0.1351487397946863	-0.7778322169460925	-0.1071041313877936	0.1600495546347478	0.236493213265695	-1.783483238409342	1.106967960849475	-0.2147542582469575	3.282421990455986	1.326539683777333	1.96017227904822	2.60732516982132	-1.384924040820464	-0.5524946376962372	-0.03049069470290876	0.02070807371569069	0.06581943644222076	0.01009661625649212	0.106331816719542	0.01035796078697681	0.0100469085043515	0.1733781372913925	0.1970587215913979	0.01190866787324584	0.01019413074826659	0.08017967051284763	0.01007825771656274	0.09359139696831045	0.03857028425003616	0.01005986586561897	0.01569313838359958	0.01012689970979394	0.08588801188491679	0.01216140847238989	0.04102403053947104	0.07355693336870041	0.01007975128673761	0.1148450985812622	0.01021761358985514	0.01003536458573146	0.2089413146546616	0.244447714517384	0.01002041629697032	0.01026127860716993	0.06157429158723773	0.01011571476900616	0.07173612620691606	0.02999354076372396	0.0100883608536034	0.01082975043492969	0.01016124928049562	0.07512050230247602
0.3379259590996572	-0.2770219893914896	0.5842738268833287	0.8944631506127951	0.7420474029046186	0.1649809391246468	0.1449334744224163	-0.764145426064176	-0.1138853663290462	0.1571206009090075	0.2362631715976296	-1.724115441984715	1.119231812642896	-0.207571563415809	3.072874335903122	1.206040975085782	1.912955073635162	2.820182075464399	-1.302964692385281	-0.6116899485359928	-0.06087503046870675	0.02716221821521844	0.06807929424250783	0.01009157950716705	0.1087490878664556	0.01031488728283981	0.01004329491801676	0.1818854578413351	0.2079958752873291	0.01135473351999351	0.01022089958520589	0.07442864740431399	0.01009510156753536	0.0871634511627082	0.03584931805029423	0.0100729880387755	0.01425617248561556	0.01014111309977463	0.0826707841255612	0.01211289595346112	0.04528489585659053	0.07516925073823384	0.01007927348370984	0.11736387534707	0.010205986756257	0.01003396507824022	0.2139265833366355	0.2505395785277197	0.01001938638440451	0.01030671162975883	0.0545497087358431	0.01015341215207992	0.0648296573121719	0.02769528179756929	0.01011903237501866	0.01069222377311241	0.01018784305414192	0.07160204774806712
0.3429696301309954	-0.2854936591209853	0.5899522011848215	0.8934382923254471	0.7569290064775891	0.1706719114650755	0.1543759939203312	-0.7493821170633138	-0.1202362952513413	0.1538515156521556	0.2358776753594192	-1.629304146274713	1.132642359537565	-0.1985088955063966	2.82120546615349	1.043656743644741	1.824471465767215	3.034203969781509	-1.214291968881405	-0.6873692277979935	-0.0921341163899979	0.03290937249041728	0.07015924464706924	0.01008789413648666	0.1111820813369031	0.01028112757396237	0.01004033770302897	0.1895218929864816	0.2177551277892194	0.01096368577502691	0.01025319774847422	0.06828346389341447	0.01011812624185449	0.08054140851521406	0.03323268328036515	0.01009131213105005	0.01319714647494686	0.01015899552560779	0.07935776771084244	0.01206438343453235	0.04954576117371003	0.07678156810776726	0.01007879568068206	0.1198826521128779	0.01019435992265886	0.01003256557074897	0.2189118520186094	0.2566314425380555	0.0100183564718387	0.01035214465234772	0.04752512588444846	0.01019110953515368	0.05792318841742773	0.02539702283141462	0.01014970389643392	0.01055469711129513	0.0102144368277882	0.06808359319365824
0.3480133011623335	-0.2934136665000314	0.5957006763986721	0.8924626058581241	0.7704549795962797	0.1754602061127436	0.1632865037706065	-0.7335397416170842	-0.1261319410782704	0.1501432643658136	0.2353355899486659	-1.508704720402371	1.146940866920398	-0.1883311249881034	2.539293144638979	0.8525044161184703	1.705883616404263	3.247638375040208	-1.123917364572415	-0.7850396664512775	-0.1224690373534209	0.03751487260951037	0.07198571217148701	0.0100851882622415	0.113569026495437	0.01025528737495645	0.01003797756012752	0.1962992062812813	0.2263998915784193	0.01068587921601735	0.01028236864172306	0.06172093400906526	0.01015197758789496	0.07382842618738583	0.03094734973369991	0.01011948498116209	0.01241199983463208	0.01017953713202928	0.07614574734089358	0.01200533195040941	0.04920941294605952	0.07747707087761448	0.01007861199379119	0.1219472115990412	0.01019231189875898	0.01003209471617244	0.2220012765077486	0.260518282816307	0.01001790199649541	0.01035255721071194	0.03965204458767496	0.01027126653265601	0.05144915778560869	0.0248328607212467	0.01022087936289742	0.01047551923384552	0.01024183023040598	0.06584449409727759
0.3530569721936717	-0.3006866190290294	0.6015228209453232	0.8915390901054653	0.782513015664744	0.1792454627607277	0.1715536853985854	-0.7166244871388606	-0.1315773682150722	0.1459128649838131	0.234645854512038	-1.372723236886535	1.161854943918099	-0.1778212993743458	2.239114746548466	0.6459154979274288	1.569368300562132	3.459639738776737	-1.035763794772688	-0.8944200413798182	-0.1506827508865916	0.04070052278270531	0.07350994946283719	0.01008323004646375	0.1158683061277731	0.01023649623184539	0.01003617752090765	0.2022183222597942	0.2339623906075082	0.01049004091577724	0.01030301654973053	0.05472488721455605	0.01019955026498769	0.06709778941296504	0.02914099284265127	0.01016040201459262	0.01183393337435232	0.01020210847124061	0.07316982059730946	0.01194628046628646	0.04887306471840901	0.07817257364746168	0.01007842830690032	0.1240117710852046	0.01019026387485911	0.01003162386159591	0.2250907009968879	0.2644051230945584	0.01001744752115211	0.01035296976907616	0.03177896329090145	0.01035142353015834	0.04497512715378966	0.02426869861107878	0.01029205482936092	0.01039634135639592	0.01026922363302375	0.06360539500089697
0.3581006432250098	-0.3072550832947439	0.6074211630789327	0.8906679137052739	0.7930345711198824	0.1819753573516996	0.1791106652238386	-0.6986456471486905	-0.1365909534266682	0.1411134269536134	0.2338208445517085	-1.232679550443858	1.177063519783262	-0.1678135117348659	1.933767383058974	0.438120143541078	1.428177838995552	3.669443195765598	-0.9536564986798121	-1.00992846567027	-0.175949002626355	0.04230134067433849	0.07467137339142815	0.01008186097289845	0.1179881588781216	0.01022407733021607	0.01003489968750606	0.207270621859473	0.2404993662515001	0.01035107643184278	0.01031079419517889	0.04720214116399105	0.01026683192142483	0.06060505510490289	0.02790507703178364	0.01032113878298368	0.01140901349171524	0.01022930951786287	0.07032557315406769	0.01219579448580383	0.0443248590345741	0.07779558023339035	0.01007871328494974	0.1251638406899288	0.01019792268926724	0.01003202775677588	0.2261946280308577	0.2663619842752965	0.01001749528999934	0.01030815889576951	0.02252243927926566	0.01049784442909559	0.04031542845756819	0.0252362976843005	0.01108242203935481	0.01037497230157009	0.01031752193956243	0.06104329677562855
0.363144314256348	-0.3131288113720856	0.6133963653646453	0.8898444668422425	0.8020266563314368	0.1836803904738192	0.1859695577446317	-0.6796114202419681	-0.141210849689419	0.1357133084203944	0.232876190351629	-1.097234933386265	1.192332804829844	-0.1588947925363709	1.632623865737122	0.2395204488058512	1.292551157020197	3.878139244524104	-0.8796517302740009	-1.132611826465249	-0.1981260671010845	0.04219151720052373	0.07542893784873923	0.01008098222320953	0.1198661622731065	0.01021760815961014	0.01003412043385406	0.2114441502896301	0.2460425685238821	0.01025326103614248	0.01030298996146298	0.03908739479959568	0.01035755129667333	0.05452852833179726	0.02729571815894729	0.01066827976069946	0.01110304448753367	0.01026276072530083	0.06754128688836476	0.0124453085053212	0.03977665335073919	0.07741858681931905	0.01007899826299915	0.1263159102946531	0.01020558150367538	0.01003243165195585	0.2272985550648277	0.2683188454560346	0.01001754305884656	0.01026334802246285	0.01326591526762987	0.01064426532803284	0.03565572976134671	0.02620389675752223	0.0118727892493487	0.01035360324674425	0.01036582024610111	0.05848119855036014
0.3681879852876862	-0.3183425463137519	0.6194484785753855	0.8890625336502257	0.8095213929916661	0.1844203256275354	0.1921722440532146	-0.6595225376511559	-0.1454797512697474	0.1296827869403394	0.2318262575143672	-0.9734981974233841	1.207526011660861	-0.1514965959120499	1.341654539138878	0.05823108760950914	1.171046041135228	4.090571068981753	-0.8146741877140441	-1.255618879139543	-0.2180644138104656	0.03976487898512157	0.07574770631542131	0.0100807414932633	0.1214011777516919	0.01021681381107966	0.01003385106023683	0.2147886608288057	0.2506841255719618	0.01018399246765328	0.01028829522739058	0.03172036900963697	0.01047813623345922	0.04894694167409094	0.02712655764224071	0.01354286450447424	0.0108778862926185	0.01029364244611812	0.06517733675270619	0.01258227893649489	0.02759393930175065	0.07596063357134043	0.01008122036617544	0.1261575263373022	0.01022335673691869	0.0100339058605663	0.2269593690643248	0.2689646259082469	0.0100180500771231	0.01024368948026036	0.01213336445266909	0.01087932015268744	0.03227322673126643	0.02715076316015108	0.02825761183750132	0.01032084493709925	0.0103694832615433	0.05864513062885703
0.3732316563190244	-0.3229820743286125	0.6255768372351416	0.8883129775175614	0.8155840016118467	0.1843115683534396	0.1978227021380025	-0.6383208542688005	-0.1494443856707625	0.1230786371588	0.230677975624384	-0.8695408893293004	1.222566913501441	-0.1460561045328845	1.064732727796195	-0.09701713376911275	1.073572472415806	4.31940545152199	-0.7589986672505956	-1.360076424210348	-0.2371250628892287	0.0345888071815755	0.07560304577438937	0.01008123084707972	0.1225234136936644	0.01022152258352758	0.01003409860793598	0.2173347050172478	0.254484356756047	0.01013539474204855	0.01027212917687333	0.02602316433169235	0.01063258632625646	0.04391135786904346	0.02727642237116918	0.02033880682288076	0.01070956966713094	0.0103164573740494	0.06347617242422082	0.01271924936766859	0.01541122525276211	0.07450268032336181	0.01008344246935173	0.1259991423799512	0.01024113197016201	0.01003538006917675	0.2266201830638221	0.2696104063604593	0.01001855709539964	0.01022403093805787	0.0110008136377083	0.01111437497734205	0.02889072370118616	0.02809762956277993	0.04464243442565394	0.01028808662745426	0.01037314627698549	0.05880906270735392
0.3782753273503625	-0.3271577459696777	0.6317806420533589	0.8875854134944434	0.8202884349061254	0.1834964568688779	0.2030553497841326	-0.6159022349433435	-0.1531520469995582	0.1160196414442332	0.2294345122767705	-0.7887358822315	1.237506200695377	-0.1426835425047285	0.801728814570064	-0.2230429214958385	1.004512298575929	4.573995621434455	-0.7124819838594065	-1.434098825544256	-0.2558947827610792	0.02883896156759969	0.07502610901970866	0.01008254368151673	0.1232415905772106	0.0102323185650639	0.01003489446167579	0.2190947696809165	0.2575566243605569	0.01010116238097098	0.01025690080202165	0.02170893119590009	0.01084015954727148	0.03949065755253951	0.02764195173668811	0.02789115338286778	0.01058301328779147	0.01033332958946222	0.06226217742487367	0.0129276809456965	0.01296990721248866	0.07234871261515347	0.01008772960590006	0.1250646422237408	0.01027369828801223	0.01003809135511342	0.2247213703277346	0.2695414620776949	0.01001951726294095	0.01021703798104318	0.01084438047485301	0.01154231756090782	0.02695179702862999	0.02898834116313821	0.04861914029417175	0.01027075118602062	0.01037443006270668	0.05897846840225728
0.3833189983817007	-0.330963241434659	0.638060365315435	0.886871320323172	0.8236812172573073	0.1820935487909085	0.2079873226353151	-0.5921450944346822	-0.1566441185087932	0.1086625730868381	0.2280972709814151	-0.7227524989706475	1.252671352667686	-0.1407144191740977	0.5446151644523828	-0.330099977515443	0.9543439211997998	4.850178047971574	-0.6735094201294352	-1.47827312704651	-0.2743114484502521	0.02397040336181139	0.07403648858373499	0.01008473821062699	0.1235604818082886	0.01024956562721839	0.01003625818180412	0.220074264694037	0.2599796475390756	0.01007735990197966	0.01024411235277599	0.01856363267888302	0.01111283277925172	0.03572692048350812	0.02815712498859379	0.03431581838772585	0.01048876915189255	0.010345582760775	0.06141535586399657	0.0131361125237244	0.01052858917221521	0.07019474490694512	0.01009201674244838	0.1241301420675304	0.01030626460586245	0.01004080264105008	0.2228225575916472	0.2694725177949305	0.01002047743048226	0.01021004502402849	0.01068794731199772	0.01197026014447359	0.02501287035607382	0.02987905276349649	0.05259584616268956	0.01025341574458699	0.01037571384842786	0.05914787409716064
0.3883626694130389	-0.3344570735393573	0.644417757269903	0.886164911649033	0.8257773238811079	0.1801790300210776	0.2126952291636868	-0.5669506507807546	-0.1599555950752245	0.1011534899382916	0.2266666951910576	-0.6624116591552124	1.268407910412247	-0.1394208557970574	0.2850760823477086	-0.4291007775562167	0.9125084091798106	5.142321909913271	-0.6404704155928668	-1.496586481181194	-0.2931542931455153	0.02009625856987889	0.07273833568817335	0.01008743845664146	0.1236520552092612	0.01027620691366199	0.01003811333655822	0.2204514964191482	0.2618305242754115	0.01006080894970684	0.01023201632530133	0.01627160026688299	0.01146617146787047	0.03258096786837434	0.02885853815057028	0.04003602258640188	0.01041679705618634	0.01035446520366913	0.06080678288521221	0.01344428158737258	0.01039611405767408	0.06799750844611251	0.01009563242826555	0.1237687355920729	0.01037080633611842	0.01004415475747564	0.2209601247104442	0.2687879590458174	0.01002170203235955	0.01019660943481717	0.01061394008915724	0.01263030846999749	0.02400625005154526	0.03131920457353571	0.05688490632722266	0.01023548036466858	0.01037584591553608	0.05910941038731047
0.3934063404443771	-0.3376425106824578	0.6508566508586483	0.8854647488140686	0.826541830137863	0.177764819836143	0.217192059015258	-0.5402527438379602	-0.1631134204740954	0.09359389946839791	0.225138205468481	-0.6004626194229354	1.284989730993412	-0.138237715549478	0.01658692523489285	-0.5282458961160807	0.8706443003003705	5.44635622045525	-0.6125811135968756	-1.498301126892612	-0.3131379030634698	0.0172807355355123	0.07120113569204953	0.01009041005530086	0.1236344270154386	0.01031407651882996	0.01004041228394791	0.2203534135769363	0.2631636859700671	0.01004952712366885	0.01021952300323214	0.01461881287796394	0.01190983087424464	0.03002212983845274	0.02976919352177292	0.04529623754845601	0.01036082210525501	0.01036075507283625	0.06035029348837886	0.01375245065102076	0.01026363894313294	0.06580027198527989	0.0100992481140827	0.1234073291166155	0.01043534806637438	0.0100475068739012	0.2190976918292411	0.2681034002967042	0.01002292663423683	0.01018317384560586	0.01053993286631676	0.01329035679552138	0.02299962974701672	0.03275935638357493	0.06117396649175576	0.01021754498475017	0.01037597798264431	0.0590709466774603
0.3984500114757152	-0.3404999359807444	0.6573817517056804	0.884771092649989	0.8259193237976951	0.1748370287039931	0.2214644101106046	-0.5119985193911415	-0.1661417629701518	0.08606746177554706	0.2235052280775327	-0.5309653656154176	1.30263963280837	-0.1367750321354123	-0.2655909283305212	-0.6342969369939548	0.8218961316731606	5.756852156268845	-0.5889483572058302	-1.477121958874724	-0.3345943759800371	0.01523674834282533	0.06953080736210047	0.01009335969137392	0.1236119898688243	0.01036656625171324	0.01004303232392498	0.2198848990826462	0.2640317420799101	0.01004188129562515	0.01020795040180293	0.01342685155786191	0.01229455432299473	0.02820016614102178	0.03074968585485723	0.04980075869179788	0.0103141495393805	0.01035472212243737	0.06067141725957555	0.01370348743716855	0.01021904800011277	0.0639149015780808	0.01010150693436236	0.1236641354759474	0.01054434480818688	0.01005095206501772	0.2172421806642555	0.2668633374262898	0.0100241109591478	0.01017748198818774	0.01052711995281445	0.01316129984766378	0.02410396483916521	0.0336821780338363	0.06234661971587724	0.01018818010979697	0.01030786972686907	0.06382622120212611
0.4034936825070534	-0.3429819398593217	0.6639987215551126	0.884085529278026	0.8238409604077034	0.1713506469708456	0.2254666363452635	-0.4821877096477265	-0.1690612127959168	0.07878530532452492	0.2217610500448077	-0.451594297989823	1.321419149897727	-0.1350286275329233	-0.5607136325953571	-0.7497474960571744	0.7635299149505467	6.063599211077811	-0.5694011878324041	-1.401434681414278	-0.3572330238517726	0.01377129195194725	0.06779866142311394	0.01009610452905175	0.1236568629494197	0.0104357889980134	0.01004589697652615	0.2191215906678815	0.2644722482846635	0.01003685320015554	0.01019812034728284	0.01257931748341845	0.01252743678739725	0.02720759731000073	0.03171188262539155	0.05335983398764658	0.0102726006748415	0.01033029776052084	0.06217817469856789	0.01365452422331635	0.01017445705709259	0.06202953117088171	0.01010376575464202	0.1239209418352793	0.01065334154999938	0.01005439725613424	0.2153866694992699	0.2656232745558754	0.01002529528405877	0.01017179013076962	0.01051430703931214	0.01303224289980619	0.0252082999313137	0.03460499968409767	0.06351927293999872	0.01015881523484378	0.01023976147109384	0.06858149572679191
0.4085373535383915	-0.3450375431113671	0.6707131961377825	0.8834093119555158	0.8202467684374983	0.1672577193458451	0.2291486466521559	-0.4508571586634704	-0.1718935529295783	0.07203947554739566	0.2199005519405464	-0.363063058711257	1.34120914442936	-0.1331829838637415	-0.8636571913875264	-0.8730596811893264	0.6961783302243864	6.355286867256498	-0.5551808484788349	-1.276233209114912	-0.3805669767344848	0.01271633916962328	0.06609177197558208	0.01009807800846969	0.1239378772449154	0.01064505430234289	0.01004890103501972	0.218101402096497	0.2645727658820705	0.01003357264506018	0.01018868279895582	0.01198176037984112	0.01251255781969531	0.02746465574805055	0.03259182925002169	0.05585241182857018	0.01024025139144231	0.01030600486765844	0.06377148439899864	0.01391085700947626	0.01014953046659344	0.06065787171997872	0.0101019456787592	0.1256658858830306	0.01159526095568577	0.01005765041923478	0.2132940739053781	0.2643604103065597	0.0100260794888981	0.01016083734238582	0.01056125738908189	0.01197288453833184	0.0307501673515209	0.03505558669942983	0.06177792058782275	0.01016609270834847	0.01025490387443914	0.06782024673719064
0.4135810245697297	-0.3466395955395211	0.6775289010324265	0.8827413939833126	0.8151376070543037	0.1625456947317143	0.2324857604567421	-0.4181284091456409	-0.1746761950655131	0.06588427156039435	0.2179216922101588	-0.2717448109246663	1.361560670364317	-0.1317376316493198	-1.161454403778115	-0.9952420913315716	0.6267658396321523	6.618036058098125	-0.5496941143215011	-1.167229958155698	-0.4041677368393184	0.01196294659011887	0.06446866814626516	0.0100989269587104	0.1245712941991576	0.01107101813743677	0.01005197892344942	0.2168517564857175	0.2643973397461474	0.01003149715482607	0.01017879597521145	0.01157382632374393	0.01218954345700824	0.02922840301951678	0.03334891913580236	0.05719092808258047	0.01021964313982824	0.01029339545167452	0.06473373393116344	0.01416718979563617	0.01012460387609429	0.05928621226907575	0.01010012560287638	0.1274108299307819	0.01253718036137217	0.01006090358233532	0.2112014783114864	0.263097546057244	0.01002686369373743	0.01014988455400202	0.01060820773885164	0.0109135261768575	0.0362920347717281	0.03550617371476201	0.06003656823564677	0.01017337018185317	0.01027004627778444	0.06705899774758939
0.4186246956010679	-0.3477851808766908	0.684447931979375	0.8820788687287878	0.8085617998636176	0.1572355892974337	0.2354798063942551	-0.3841740767021072	-0.1774582755934278	0.06016622859150637	0.2158238317563789	-0.1844055344091708	1.38204905405673	-0.1312293665944343	-1.440748247246985	-1.107263489122511	0.5627678189235042	6.835119095218703	-0.5555647865293502	-1.099279097001824	-0.4277052603989062	0.0114220399873491	0.06298614282127081	0.01009865696918649	0.1255052575575332	0.01314811298599483	0.01005491141412584	0.2154367971763159	0.263955204898863	0.01003020541687132	0.01016894249645738	0.01130458860207311	0.01178463519068227	0.03199571201746509	0.0340297755818135	0.05761408064547314	0.01020340858321934	0.01027852794743551	0.06614796737779605	0.01466330340238642	0.0101126741463559	0.05848637249888135	0.01009609261096726	0.1294515456647961	0.02324653969856946	0.01006288474665771	0.2092423979358613	0.261372079834516	0.01002732972224275	0.01014115955916584	0.01069971498350522	0.01071223092655359	0.0415326543097404	0.03602453514665346	0.0576117800330875	0.0101563916303918	0.01021821824848356	0.07286204367853043
0.423668366632406	-0.3485187604620572	0.6914697085771099	0.8814151014294411	0.800658207160753	0.1514080779251473	0.2381856411096307	-0.3492909767028988	-0.180301169596629	0.05480458704123307	0.2136073372841198	-0.1083694643147174	1.402303078079977	-0.1322301478533377	-1.68796991331591	-1.200412466039898	0.5124795509504471	6.986326356591929	-0.5738088810476173	-1.025903762351392	-0.4512104633322964	0.01103694880602668	0.06168196791183586	0.01009727151321643	0.1267036566440824	0.01774216156510179	0.0100575618594918	0.2139033303105493	0.263252926551003	0.01002943480688757	0.01015942327606409	0.01114187780773862	0.01143954087937488	0.03544477120492431	0.03466392167512244	0.05726939421910991	0.0101869529573097	0.01025270765493686	0.06871922529379229	0.01515941700913668	0.01010074441661751	0.05768653272868698	0.01009205961905815	0.1314922613988102	0.03395589903576676	0.01006486591098009	0.2072833175602362	0.259646613611788	0.01002779575074808	0.01013243456432965	0.0107912222281588	0.01051093567624967	0.04677327384775269	0.0365428965785449	0.05518699183052822	0.01013941307893044	0.01016639021918268	0.07866508960947147
0.4287120376637442	-0.3489113050922253	0.6985923032954542	0.8807414570193193	0.7916139867273922	0.1451752274522063	0.2406881280565138	-0.3138470217377088	-0.1832702931731443	0.0498893496245184	0.2112733047635039	-0.05028806907870149	1.421931199009746	-0.1352001684663731	-1.890607255090121	-1.266489782930861	0.4833087132492934	7.053156564958042	-0.6061025336151279	-0.9170230195577737	-0.474243999834057	0.0107612296242315	0.06060154077740861	0.01009502914953652	0.1280622638498528	0.02300528455982566	0.01005961768426148	0.2123120905200819	0.2623070495330693	0.01002899662064027	0.01015069291962243	0.01105718523663614	0.01115682362873581	0.03898946794574351	0.03519026836103858	0.05642144649839412	0.01017104513938006	0.01022336071737156	0.0721564850102261	0.01536441155541509	0.0100961574464686	0.0575592727137255	0.01008747027479713	0.1332329410279854	0.0378564652444922	0.01006425875908713	0.205643513683257	0.2575642796097586	0.01002808207854387	0.01012732248107389	0.01090983077486096	0.01044490121751095	0.04944208914711532	0.03654885451908725	0.05311968059981287	0.01012697293286416	0.01014077684418685	0.08476272656029715
0.4337557086950824	-0.3490562877064905	0.7058118533159838	0.8800482076451972	0.7816655548051827	0.1386794773400141	0.2430958504783412	-0.2782981270446119	-0.1864408089203367	0.04561624476675753	0.2088242301854672	-0.01020207215569195	1.440749400846488	-0.1400042329837766	-2.04652283385922	-1.304661786778262	0.4749019513846656	7.027938796395932	-0.653668241089523	-0.7712747214205596	-0.4968288460168595	0.01056562611262942	0.05977458041155443	0.01009209105264945	0.1295094797204188	0.02782087571330341	0.0100608840501711	0.2107074829481606	0.2611296487191472	0.01002877323374819	0.01014303485207988	0.01103261916020887	0.01093803883271362	0.0422659505342052	0.03556974021357624	0.0552424569340237	0.01015616455277415	0.0101951183946387	0.07626771093521392	0.0155694061016935	0.01009157047631969	0.05743201269876404	0.01008288093053612	0.1349736206571606	0.04175703145321764	0.01006365160719416	0.2040037098062778	0.2554819456077293	0.01002836840633966	0.01012221039781812	0.01102843932156312	0.01037886675877222	0.05211090444647796	0.0365548124596296	0.05105236936909752	0.01011453278679788	0.01011516346919103	0.09086036351112282
0.4387993797264205	-0.349045968402349	0.7131238807832823	0.8793262564891102	0.7710529997107167	0.1320650654729724	0.2455145238316764	-0.2431166103361388	-0.1898924076774718	0.0421542988020917	0.2062620316926443	0.0105464953577571	1.458508808884673	-0.1465822030401187	-2.152915699286931	-1.31229779531731	0.4883735944651993	6.907644798671498	-0.7181979281062917	-0.6048163685617927	-0.5191957828483309	0.01042641705096358	0.05924336405328931	0.01008884932521049	0.130909241265072	0.0320803181420543	0.01006124607443577	0.2090703855649415	0.2597401575058592	0.01002868512154695	0.01013723706652564	0.01107546003576367	0.01076982515956761	0.04545281029074593	0.03574720027228865	0.05348491690463338	0.01014679271460025	0.01017250347112485	0.08011620895471121	0.01587801744283499	0.01009267426470009	0.05810492939683068	0.01007943957340421	0.1357939160552614	0.04392075222030621	0.01006072151868944	0.2021654474935018	0.2531301819780781	0.01002856937663281	0.01012434629865169	0.01131444851966484	0.01035333672768037	0.05544783805608772	0.03588687743264325	0.04658260415341311	0.01013317343236183	0.01012105389918805	0.09143972952467416
0.4438430507577587	-0.348987704501414	0.7205220299930835	0.8785664920366293	0.7600374051336812	0.1255013615925326	0.2480644384975722	-0.2087714193750276	-0.1937176053808972	0.03948193750940376	0.2035867307235028	0.008809713517168215	1.474899821027837	-0.1549985877652372	-2.206342726792032	-1.284554215608336	0.5269439312416199	6.696305055034685	-0.8018138849915527	-0.4581755262605085	-0.5416781138229754	0.01032873551956216	0.0590351288591613	0.01008554839728634	0.1321680791750773	0.03571293088162506	0.01006063213962774	0.2073868440769289	0.2581528895112253	0.0100286827148809	0.01013379080104378	0.01119021520898641	0.01064379243416945	0.04866132162439922	0.03568702092276251	0.05098293045843627	0.01014572356295871	0.01015833609420106	0.08309603111775651	0.01618662878397647	0.01009377805308049	0.05877784609489731	0.0100759982162723	0.1366142114533622	0.04608447298739478	0.01005779143018473	0.2003271851807259	0.250778418348427	0.01002877034692597	0.01012648219948527	0.01160045771776656	0.01032780669658852	0.05878477166569748	0.03521894240565689	0.0421128389377287	0.01015181407792579	0.01012694432918507	0.09201909553822547
0.4488867217890969	-0.348991366769055	0.7279993385862736	0.8777601258529489	0.7488793783540606	0.1191634665041616	0.2508676619869608	-0.175710168448619	-0.1980133603219908	0.03749307824050417	0.2007975420453166	-0.008294191685145743	1.490103975510906	-0.1646110298741529	-2.217281922167668	-1.229533380824449	0.5821840023627903	6.401959131685078	-0.903761183428421	-0.3214611094874759	-0.5646352046605352	0.01026321829025983	0.05903676162919819	0.01008348284000376	0.1327623460366552	0.03617414434754498	0.01005943246006736	0.2056415047953625	0.256365211228054	0.01002871514585579	0.01013711521905245	0.01139601277747258	0.01058884805887202	0.04879290562252954	0.03454332886749625	0.04801251797852935	0.01014315073058697	0.01014430057320684	0.08692044475969445	0.01694318202422433	0.01011706706322527	0.05928203263384136	0.01008082233915068	0.1328867309825719	0.02938438852727262	0.0100554364078656	0.1982608300790579	0.2480155561428669	0.01002881333857581	0.01016194323861104	0.01215486558552501	0.01057377981688235	0.04030126889923901	0.02829239389977845	0.0381693194189119	0.01012354195541682	0.01009586171743997	0.1036324268117816
0.4539303928204351	-0.3490515215300659	0.7355529916432444	0.8769074574664585	0.7376804160544397	0.1130897565943028	0.2539123865677512	-0.1443110001608959	-0.2028558529526408	0.03633022497970377	0.1978880561164756	-0.01359162577280915	1.505173192673046	-0.1733591043396052	-2.222575157484721	-1.179795131835678	0.6227079449915245	6.037228509817758	-1.018615371847883	-0.1306339374004502	-0.589380372717716	0.01022400875590884	0.05917340577869015	0.0100834596445584	0.1323281269802049	0.031790947026048	0.01005789027003565	0.2038231788347122	0.2543750898664459	0.01002875070779169	0.01014996488510965	0.01170472157364201	0.01062299975701267	0.04379551096525375	0.03176224025487252	0.04475699897785384	0.0101329604899606	0.01012521172785119	0.09270036267902235	0.01769973526447219	0.01014035607337004	0.05978621917278541	0.01008564646202905	0.1291592505117816	0.01268430406715046	0.01005308138554648	0.1961944749773899	0.2452526939373069	0.01002885633022565	0.01019740427773681	0.01270927345328345	0.01081975293717619	0.02181776613278054	0.02136584539390001	0.0342257999000951	0.01009526983290785	0.01006477910569488	0.1152457580853377
0.4589740638517733	-0.3490570191094222	0.7431842994038135	0.8760167794689872	0.726398335007219	0.1071916045621501	0.2570647620129519	-0.1149009512947185	-0.2082982556963781	0.03631003467916929	0.1948443725664851	0.02177343198341241	1.521189647970896	-0.1789963967424887	-2.261598763266554	-1.170070980435235	0.6151065958789046	5.61517364411498	-1.13936189218574	0.1200659188023607	-0.6191597249352552	0.01021270733657104	0.05948884839343165	0.01008617221355796	0.1308998473249193	0.02621150525722947	0.01005602768642718	0.2019273632512779	0.2521376276102577	0.01002875870961911	0.01266498462390149	0.01203344274925243	0.01364863813136177	0.03688339593728047	0.02806894396372064	0.04163158517307493	0.01011966584217175	0.01010582557703768	0.09975033275120707	0.01662157501853866	0.01022657262581009	0.06087510686248288	0.01009904588852478	0.1236607773715309	0.01146966590070122	0.01005018459067175	0.193946550028999	0.2416718091771866	0.01002870684700164	0.02642276947256368	0.0129316605467624	0.03010126783198742	0.01601305490087837	0.01623287920929992	0.03262946793975424	0.01008099537229771	0.01005439647144294	0.1259310016330037
0.4640177348831114	-0.3487273624833351	0.750900478101433	0.875110241106969	0.7147618237042848	0.1011755552400664	0.2599939341142629	-0.08776725194736709	-0.2143476299527615	0.03751552894686477	0.1916261570201117	0.1193092729870127	1.538827622774158	-0.1796483188251358	-2.363119715183533	-1.226545719055129	0.5341996565639062	5.134572684632247	-1.259301772175886	0.3553948130795402	-0.6585886915219501	0.01023030503700607	0.0600116248161117	0.01009205272407472	0.1284960864044103	0.02182598880719661	0.01005385849544774	0.1999507941792217	0.2496193217960921	0.0100287200211672	0.01917282079569891	0.01233055603690634	0.02138748484663869	0.03018840402681052	0.02393424092092258	0.03891318981678196	0.01010608037289661	0.01008910754244065	0.1076231189224662	0.01554341477260513	0.01031278917825014	0.06196399455218035	0.01011244531502051	0.1181623042312801	0.01025502773425198	0.01004728779579703	0.1916986250806081	0.2380909244170663	0.01002855736377762	0.04264813466739056	0.01315404764024134	0.04938278272679866	0.0102083436689762	0.01109991302469983	0.03103313597941338	0.01006672091168758	0.01004401383719099	0.1366162451806697
0.4690614059144495	-0.3477133729559946	0.7587110788179495	0.8742157038172635	0.7024049392064876	0.09466362285612087	0.2622890808449654	-0.06318957546024352	-0.2209896357529886	0.03975929542106463	0.1881806688556759	0.2884775572491152	1.558124441443326	-0.1742219535108025	-2.53846521908497	-1.359455361284351	0.3683690217246131	4.577632721974513	-1.377446459627424	0.4773516835542397	-0.7105954170282278	0.01156339412276938	0.06073637204886311	0.01009947584261128	0.1255993429762884	0.01848696058617172	0.01005132128186027	0.1978300174626738	0.2467870239647744	0.01002858581725565	0.02874259551783292	0.01260468957613513	0.03099088272346896	0.02451705600203559	0.02021052891742524	0.03698810809631609	0.01009481111844017	0.01007627486877022	0.1156771874529097	0.01489285269603399	0.0187989287351388	0.06343334745470851	0.01012165506088563	0.1146790510643603	0.01020235316474169	0.01004338010879045	0.188730056201645	0.2336578839430339	0.01002799833778238	0.06165323603357972	0.01336895827082627	0.06025938185696379	0.01016347047220506	0.01080858093814514	0.03284846524002174	0.01006874902828135	0.01004684822031511	0.144131802521404
0.4741050769457877	-0.3457598635613019	0.7666154242755726	0.8733613433421182	0.6891390308445282	0.08742411607247533	0.2636337305250821	-0.04193147266373824	-0.2282721617192246	0.04175587154998039	0.1844286621897776	0.4918632560896672	1.576000840640076	-0.1637167427079377	-2.72358091768991	-1.515055573643055	0.1572928189644314	3.818240326478718	-1.513291440710829	0.2573748015688572	-0.7801344860519887	0.01499639899259793	0.06165937891997737	0.01010742844295703	0.1225485321342074	0.01608459669382903	0.01004837776221819	0.1955187907008524	0.2436158599031755	0.01002832566438321	0.04077759277488686	0.01286120727986604	0.0407670534202857	0.02040615949507714	0.01745739189193594	0.03610549678406647	0.01008748339698298	0.01006808629792732	0.1235007338821093	0.01424229061946285	0.02728506829202747	0.06490270035723668	0.01013086480675074	0.1111957978974406	0.01014967859523139	0.01003947242178387	0.1857614873226819	0.2292248434690015	0.01002743931178714	0.08065833739976888	0.0135838689014112	0.07113598098712891	0.01011859727543392	0.01051724885159046	0.03466379450063011	0.01007077714487512	0.01004968260343923	0.1516473598621384
0.4791487479771259	-0.3428048189875368	0.7745976861213967	0.8725689414617398	0.6751192150563862	0.07949860391907208	0.2639178387315604	-0.02548766229132685	-0.2363383861648946	0.04110002979547492	0.1802718086251941	0.6492714688240984	1.586233933655127	-0.150440740195201	-2.782004122651904	-1.580492897785513	-0.01326626106598545	2.602130272951456	-1.704650566523507	-0.6760530898627449	-0.8769861736051162	0.02042376037899028	0.06277377014850491	0.01011297458265148	0.1197719311372254	0.01435545331096396	0.01004521640822021	0.1930016103136518	0.2400641471125746	0.01002794013136877	0.05234069769142299	0.01315535707397117	0.04977377254020068	0.01743526722267666	0.01543305738192574	0.03541029008104829	0.01008453026368559	0.01006409428181177	0.1306173240409505	0.01320550274877658	0.03956935748043141	0.06672661298689146	0.01012211865889051	0.1108368802219455	0.01013504156083156	0.0100359726512515	0.1822902122782757	0.2237578940337558	0.01002663207257973	0.08506591689737175	0.01412355270095454	0.07578608476620172	0.01010914891509086	0.01044988555846858	0.03265990784160048	0.01008349136106307	0.01005890491639977	0.154764286267488
0.484192419008464	-0.3395196021361033	0.7825858050240064	0.8718443896662981	0.6616185472143657	0.07195733587946217	0.2638163215271796	-0.01669366157893994	-0.2456631390602586	0.03333630872626175	0.1754936739983632	0.6227886371538833	1.578323377810872	-0.1368117029528035	-2.517719772150591	-1.362688730598766	0.004378242905649644	0.784811059656791	-2.012343993003819	-2.561159266427044	-1.026495146059226	0.02775891423137664	0.06407493831391653	0.010114284145237	0.1175708472293322	0.01312443248462828	0.01004195470379519	0.190267121513918	0.2361005115497513	0.01002742957267176	0.0617286802878169	0.01352158784558763	0.05744722360873547	0.01531254074448743	0.01397471584687871	0.03434560932922473	0.01008622150707534	0.01006401964232222	0.1367097419175443	0.0121687148780903	0.05185364666883534	0.06855052561654623	0.01011337251103028	0.1104779625464503	0.01012040452643173	0.01003247288071912	0.1788189372338696	0.2182909445985102	0.01002582483337232	0.08947349639497461	0.01466323650049788	0.08043618854527453	0.01009970055474781	0.01038252226534669	0.03065602118257084	0.01009620557725102	0.01006812722936032	0.1578812126728376
0.4892360900398022	-0.3365862460667056	0.7905114484284841	0.8711992981758777	0.6494388104909823	0.06586794498768563	0.2640257457407655	-0.01463423726064114	-0.2566847991613217	0.02172992087240625	0.1698206436920173	0.5189917666503945	1.562232399132625	-0.1181367775463802	-2.29899140534278	-1.018299927978146	0.1003026323871026	0.1458604088435846	-2.370716453927989	-2.103099113842759	-1.236250687072157	0.03495576374596519	0.06542510614397376	0.01011176758589076	0.1158285275341225	0.0122439288715287	0.0100385643624955	0.1873183768577653	0.231695778814962	0.01002652608668225	0.06988624052264733	0.01374715497938614	0.06418868560937646	0.01379195934485407	0.01291999776329095	0.03360192158944417	0.01008978601214501	0.01006609863852766	0.1413098349768037	0.01211434435563237	0.0545670355418164	0.06975895572061196	0.0100988111334244	0.110291288719433	0.01011040279022099	0.01002858925452336	0.1749609270858364	0.2117822239113636	0.01002303278476059	0.09545404350340687	0.01395882171088126	0.08483623421455364	0.01008944112330779	0.01034731850828234	0.03263082090125098	0.01010026216826941	0.01007376225728036	0.1548338346894834
0.4942797610711404	-0.3345002494258052	0.7983218643871144	0.8706613170126755	0.6385589681166676	0.06202511268314703	0.2650463634131996	-0.01407201356025204	-0.2697041564638308	0.01149721026110748	0.1628902204468861	0.2867796384746682	1.53263148196003	-0.0943385413689261	-2.002264129554419	-0.4718461000570912	0.3260461120128279	0.1911162655446739	-2.804503984537395	-2.0164460065051	-1.525097426381723	0.04079764207503599	0.06673438437651326	0.01010568064707784	0.1144614699993871	0.0116188470183611	0.01003502775230211	0.1841575786046066	0.2268277564642849	0.01002506268472335	0.07735701116444189	0.01369909251625246	0.07022904531666244	0.01271129621089221	0.01216360954463448	0.03362438266975404	0.01009349636028884	0.01006923180710875	0.1440875700074937	0.01205997383317444	0.05728042441479744	0.07096738582467767	0.0100842497558185	0.1101046148924156	0.01010040105401026	0.0100247056283276	0.1711029169378033	0.205273503224217	0.01002024073614886	0.1014345906118392	0.01325440692126463	0.08923627988383273	0.01007918169186777	0.01031211475121799	0.03460562061993112	0.01010431875928779	0.0100793972852004	0.1517864567061293
0.4993234321024785	-0.3339073255917451	0.8059449053356701	0.8702559061659112	0.6296129885402862	0.06145139259912323	0.2675215703134638	-0.01326422840664647	-0.2850962485313898	-0.001587913784297643	0.1542940626513552	-0.0384355701534078	1.490305791789262	-0.06519112267563623	-1.561238437640093	0.2286430038938875	0.6394645478467278	0.1437209188735056	-3.292746502830759	-3.067573794433907	-1.893508966962822	0.0456133362441563	0.06789456657162413	0.01010474749101958	0.1132999525318893	0.01117977416108305	0.01003352503196451	0.1807911456554157	0.2215941582446033	0.01002472973044294	0.08426780125317654	0.01365116466159061	0.07582347987907245	0.01194438469682596	0.01163793309329067	0.03479296172522556	0.01010539338236441	0.01007954379767793	0.1455721668858339	0.01140070478747837	0.0591944024642807	0.07130307035647014	0.01011904988566577	0.1093076536745408	0.01014248994568063	0.01003464698135058	0.1669010044125702	0.1988094428564024	0.01002727453868622	0.1067565249602233	0.01378926815192534	0.09392427015203555	0.01010416277376857	0.01042271245507768	0.04070003626632424	0.01016074285382386	0.01012680440563839	0.1492467438248446
0.5043671031338167	-0.3347545259433757	0.8133563272063953	0.8700161249553654	0.6226478709324883	0.06417312039393275	0.2713354697383457	-0.01247577489696284	-0.3028558998024284	-0.01839020650794722	0.1436897269111238	-0.2842822633011582	1.448716779162983	-0.02866033389190661	-1.216779923442915	0.8349194911828466	0.8568866510514519	0.183450562050552	-3.743327785211984	-3.490439315655113	-2.321413416097653	0.04958869084663101	0.0688345865847244	0.01011440645068381	0.1122256944927415	0.01088264646412207	0.01003541513752133	0.1772237627355393	0.2160678597325625	0.01002658084386417	0.0906920191949496	0.01377464230806834	0.08112833618231924	0.01141020027511073	0.01129974147696178	0.0373412235655587	0.01013048856593519	0.01010085176640099	0.1461147609675659	0.0107414357417823	0.06110838051376395	0.07163875488826262	0.01015385001551303	0.108510692456666	0.01018457883735101	0.01004458833437356	0.1626990918873372	0.1923453824885878	0.01003430834122359	0.1120784593086074	0.01432412938258605	0.09861226042023841	0.01012914385566937	0.01053331015893737	0.04679445191271736	0.01021716694835994	0.01017421152607637	0.1467070309435599
0.5094107741651549	-0.3365730566726882	0.8205651976330373	0.8699768286671951	0.6171522795338126	0.06961422420922216	0.2759307268412641	-0.01183326254226147	-0.3227567998544048	-0.03702134521890619	0.1308027382596898	-0.4173107571196418	1.410902604793479	0.01353923497865389	-0.9873165555468985	1.295682496281022	0.9434755511665477	0.07848684562988222	-4.135673736849996	-3.77680843185738	-2.79439396410303	0.05163788807963492	0.06947786464440099	0.01011003281676565	0.111575885349958	0.01067373295299285	0.01003389465456549	0.1734981857659388	0.2101723776339276	0.01002513634813778	0.09629081747590985	0.01366910819660217	0.08569077819887873	0.01102841579099241	0.01103920598107664	0.03886078339446807	0.01012872993288331	0.01009859248232081	0.1466275086545633	0.009529592491150849	0.04984017943342463	0.07099545149307981	0.01008690581867394	0.1104143341484051	0.01015741397020516	0.01002684087504998	0.1584303960747074	0.1848010323134469	0.01001883241211705	0.1134881168247367	0.01315823480191726	0.09940526214750529	0.0100970162176456	0.01036316062781774	0.0424454488590626	0.01010786467100219	0.01007919192988518	0.1463228266913776
0.5144544451964931	-0.3387671681644944	0.8275990615860412	0.8701573533057264	0.6124373615881065	0.07697080872300736	0.2806324713073665	-0.01161184842937893	-0.344448438700554	-0.05527082413750555	0.1154447747678416	-0.4332137700555469	1.379320312742346	0.05850670190347967	-0.9072143513570398	1.594477633475889	0.8991127848422078	0.01646971007886393	-4.453421200714233	-3.339097250508964	-3.301245298454834	0.04895472012858219	0.06979017747246088	0.01009907389637282	0.1115203688256367	0.01051771919724538	0.01003069910247361	0.1696173393494547	0.2039131194335964	0.01002234825012573	0.1007331709784187	0.01343680176659962	0.08930026885990808	0.01075147297276161	0.01082501936843647	0.03974029573474257	0.0101171107163646	0.01008828243713946	0.1460501086856524	0.008317749240519401	0.03459868257486217	0.07038561249811524	0.01006031674731231	0.1121869243967693	0.01012745640680768	0.01001967040758231	0.154096546249134	0.177407577807105	0.01001285605027104	0.1146781381342378	0.01262194955509457	0.1003732530200389	0.01007054240059239	0.01025974739206771	0.04168676348395264	0.01007283987804457	0.01004977394438063	0.142161500216487
0.5194981162278313	-0.3408829256781004	0.8344819479635565	0.87056399029818	0.6079623624720087	0.08560387182694651	0.284932874066696	-0.01200836585816042	-0.3676022372946593	-0.07051402962098896	0.09744917100536861	-0.40166298315393	1.350347158542388	0.1023146327001439	-0.8748332463759658	1.82078856251645	0.8018683866892602	-0.1662672189664752	-4.718877684378342	-2.627269970694115	-3.839920717887477	0.04328429207297816	0.06953823820178591	0.01008755500761162	0.1119650276634167	0.01042217250136952	0.01002784439406016	0.1654029907385562	0.197189560804455	0.0100194943391001	0.1040600150595176	0.01324601105161789	0.09195834043677935	0.01055280966025019	0.01066205095655616	0.03986861209043811	0.01010377360137122	0.01007619147595397	0.144349372335223	0.008307597021382873	0.02238394285379125	0.06740188935033636	0.01005958136277252	0.1144029149296265	0.01025192508132901	0.01002220380588918	0.1479535596555575	0.1684727263903306	0.01001246665286976	0.1136426491660702	0.01293072722956118	0.09929056893718391	0.01008007844289295	0.01028011834459126	0.03885083438247994	0.01007083404402196	0.01004486160043188	0.1355569428251329
0.5245417872591693	-0.3427775374014321	0.8412240192675962	0.8711851478474125	0.6035364921562	0.09525643170925607	0.2886779598906155	-0.01321403173830699	-0.3919582940274907	-0.08098496013633284	0.07665721170530038	-0.3455213772383713	1.323481986809976	0.1435719472293898	-0.8877329856883271	1.998745386714268	0.6789093130340313	-0.3043872394217965	-4.930160516686841	-1.446715715722132	-4.410102525751631	0.03572052236625543	0.06856534676385893	0.01007923249567874	0.1128437835020908	0.01039178282512168	0.01002658710971878	0.1607252423441123	0.1899261311498445	0.01001737109245136	0.1062871085522112	0.01320223871585164	0.09365782498541604	0.01041572951980413	0.01055331497201406	0.03917002310203754	0.01009379503827803	0.01006622828595878	0.1414953482412769	0.008297444802246347	0.01016920313272033	0.06441816620255751	0.01005884597823273	0.1166189054624838	0.01037639375585034	0.01002473720419604	0.1418105730619811	0.1595378749735563	0.01001207725546847	0.1126071601979026	0.01323950490402778	0.09820788485432895	0.01008961448519351	0.01030048929711482	0.03601490528100724	0.01006882820999935	0.01003994925648313	0.1289523854337789
0.5295854582905075	-0.344428200598797	0.8478294301578051	0.8720049388458299	0.5990788820651582	0.105815522538231	0.2918491371566648	-0.01525031997199211	-0.4172708331109765	-0.08524126621628812	0.05289500963184818	-0.3099076833589604	1.296001475797085	0.1808177732473091	-0.8832598658008052	2.184903070505693	0.580100635725316	-0.4862230891070003	-5.096335042379884	-0.2589895531135829	-5.017186847883225	0.02853994507123958	0.06666262417565608	0.01007294488311266	0.1139125213577996	0.01484024700915264	0.01002684479724484	0.1554560367487	0.182057237332964	0.01001571664013852	0.1076886180867278	0.01326779406731503	0.0946288346749713	0.01032102264803282	0.01047990477917025	0.03803733296614855	0.01008647539769394	0.01005834070644633	0.1378451269722283	0.007844616028639574	0.0101143354930595	0.05849730112456264	0.01005698022247829	0.1177905420081761	0.03931705264742398	0.0100299314236778	0.1337428795402978	0.1490928476122929	0.01001145344609758	0.1114001572391762	0.01359599083100348	0.09688894149683712	0.01009740964147635	0.01030646711460118	0.03424579495587945	0.01006900683056548	0.01003895362819214	0.1230849716616067
0.5346291293218457	-0.3459125665525208	0.8542992116216318	0.8730021846557425	0.594592577438103	0.1172618260927574	0.2945449883813156	-0.0179487342425184	-0.4432573029187425	-0.08377828453655577	0.02599964743129299	-0.2795784390842291	1.269699959563543	0.2139392691171079	-0.8991114182368851	2.350557675984085	0.4904251560484545	-0.5669444259787561	-5.197398693169318	0.8211910237833564	-5.65251508896172	0.02330046818526865	0.06368504274833187	0.01006796803578474	0.1150046267541177	0.02632586202989216	0.01002856604217464	0.1495010931260163	0.1735328980411766	0.01001436775031821	0.1084428762700016	0.01341897425326726	0.09502049486480829	0.01025666930650267	0.01042999819884317	0.0367237565727209	0.01008137842149871	0.01005249616541398	0.1336503034653548	0.007391787255032801	0.01005946785339867	0.05257643604656777	0.01005511446672386	0.1189621785538684	0.06825771153899762	0.01003512564315956	0.1256751860186146	0.1386478202510295	0.01001082963672668	0.1101931542804499	0.01395247675797917	0.09556999813934526	0.01010520479775918	0.01031244493208753	0.03247668463075166	0.01006918545113162	0.01003795799990114	0.1172175578894345
0.5396728003531839	-0.3472379826700495	0.860641291863096	0.8741549823336652	0.5899712714372977	0.129456741436645	0.296791706783862	-0.02089654728784107	-0.4695718466203223	-0.07831304057169435	-0.004135026333059133	-0.2410742113792299	1.245856657828019	0.2423700877748327	-0.9414580882187829	2.472868159548509	0.3958339811215091	-0.5884664639222524	-5.224283799742502	1.308778505869812	-6.292851310264637	0.01949689470939353	0.05839653675583017	0.01006438124433995	0.1160118743885709	0.04095033716560068	0.01003805656187963	0.1416014966239081	0.1628817827580153	0.01001331195564551	0.1087645572413236	0.01362780588108121	0.09500286018291849	0.01021337787917636	0.0103953539211231	0.03498090158190632	0.01007761297262848	0.01004808192163237	0.1298527804214957	0.008455091951181704	0.01004668694244835	0.03575455072315476	0.0100563833958714	0.1193246512463257	0.08756703519499412	0.01008407946477331	0.1059729904108321	0.1145321472629994	0.01001073620382274	0.109347542322595	0.01429815556774984	0.09438030258903504	0.0101134143747424	0.01031195974264917	0.02865787349090597	0.01006803772020667	0.01003707993171807	0.1179750725304205
0.5447164713845221	-0.3482947014961362	0.8668735530021305	0.8754388124946473	0.5850145374620108	0.1420823780313875	0.2984910266118196	-0.02374856943641619	-0.4958253419979582	-0.07095143270201704	-0.0374367981661132	-0.1730301369970203	1.226152669614916	0.2658984402488875	-1.032120876429583	2.521354402055517	0.2733616036318806	-0.5289598323872328	-5.17319080024972	1.573168657500046	-6.908385287078008	0.0167686135059546	0.04992080381397167	0.01006223391491137	0.1168604123295728	0.05644436024945233	0.01005924615599818	0.1308152585737956	0.1489739192540046	0.01001254148400366	0.1087981297349015	0.01387678774548027	0.09468946936978298	0.01018534566163814	0.01037082666084903	0.03264588277991563	0.01007462350033407	0.01004471598220503	0.1271240032495463	0.009518396647330609	0.01003390603149803	0.01893266539974176	0.01005765232501894	0.1196871239387831	0.1068763588509906	0.01013303328638707	0.08627079480304972	0.09041647427496936	0.0100106427709188	0.1085019303647401	0.0146438343775205	0.09319060703872482	0.01012162395172561	0.0103114745532108	0.02483906235106028	0.01006688998928171	0.01003620186353499	0.1187325871714066
0.5497601424158602	-0.3489483937969225	0.8730156882132216	0.8768281314473596	0.5795302158607223	0.1547843422356928	0.2995177207767247	-0.02629752417231278	-0.5216395319710545	-0.06285471938290327	-0.07370311063794439	-0.08089314905937921	1.210191535380995	0.2843458180456546	-1.149857283234473	2.498451236330446	0.1288170143602528	-0.4760833931925049	-5.045165697991802	1.633257411399727	-7.409963407429951	0.01481112850924501	0.04087602345830454	0.0100613512724947	0.1175891715946357	0.07030763184204067	0.01488972919001717	0.1154235013586961	0.1304458927672476	0.01502448970867209	0.1087644976265122	0.01408625738734652	0.0943630791615076	0.01016638238856537	0.01035116640384261	0.0305848270530435	0.01007263344572223	0.01004239362251504	0.1249955730292549	0.008844402951288214	0.0100318613400206	0.01494592492770413	0.01006066819321074	0.120035476934066	0.1101502619592341	0.04137269440387722	0.04821787873510744	0.05026939952342904	0.04257348377677659	0.1088076816350262	0.01454969491310303	0.09357257142624986	0.01012023270094574	0.01029719011668872	0.02575596915435427	0.01006874110704623	0.01003738963242636	0.1177363419438038
0.5548038134471984	-0.3490573402145002	0.8790888655144555	0.8783003322651105	0.5733424600693889	0.1671137500357276	0.2997405845441846	-0.02849338133068327	-0.5465369515739568	-0.05451874324152576	-0.1115524649010768	0.0429815261958082	1.198808336725744	0.2987641305744534	-1.311058256217843	2.373622163754762	-0.04538654366967181	-0.3889437308950106	-4.809657823999782	1.668045116272411	-7.53611924590974	0.01342044983968812	0.03309047149633516	0.01006162435456081	0.1182246113585603	0.0810766042044718	0.02729443585273733	0.09399988730777475	0.1061114014314148	0.02792936428890177	0.1088145810077313	0.01420642194744902	0.0942154198581558	0.01015262654201105	0.01033309802837927	0.02936221799085195	0.01007178208460414	0.01004111188540726	0.1231330652297056	0.008170409255245821	0.01002981664854318	0.0109591844556665	0.01006368406140254	0.120383829929349	0.1134241650674776	0.07261235552136738	0.01016496266716516	0.01012232477188871	0.07513632478263438	0.1091134329053122	0.01445555544868555	0.0939545358137749	0.01011884145016586	0.01028290568016663	0.02667287595764826	0.01007059222481075	0.01003857740131772	0.116740096716201
0.5598474844785366	-0.3484715168174866	0.8851159294409411	0.8798365602549371	0.5662521933067531	0.1785285543326616	0.2990221436482951	-0.03025331151276487	-0.5698751478001635	-0.04626277364279449	-0.1482670218167731	0.190047951594337	1.191571830195681	0.309908730622879	-1.502039282078156	2.145242191629249	-0.2394849608933882	-0.3062790894878307	-4.436704441877247	1.607309245415996	-6.886701458737952	0.01242907852732273	0.0268891222999173	0.01006267279583664	0.118858658460821	0.0890495551180259	0.03861719057535171	0.07266684824507262	0.08212999339232041	0.04113963215380396	0.109053129126581	0.01425326479900689	0.09429859253931205	0.01014171651514489	0.01031533414854905	0.02870746515289291	0.01007206949890322	0.01004076013317051	0.1213887735243714	0.006152047102194355	0.01003101083986188	0.0112234864093992	0.01006654817851236	0.121274171686501	0.1111899485397829	0.06279125041153337	0.01024031991462626	0.01014696280366976	0.07482704536507762	0.1104067519617421	0.01428670902310813	0.09509047891566137	0.01011256518446542	0.01026346191647236	0.02738814949710439	0.01007472120258237	0.01004112990060377	0.1150749435259874
0.5648911555098747	-0.3471329070705981	0.8911129848551356	0.8814214670335805	0.5581752659815374	0.1886776551482796	0.2973249851184364	-0.0315561529369245	-0.5912099410159685	-0.03828952367300116	-0.1796506764852689	0.3414888414727587	1.186908864248724	0.3180670504100328	-1.702305249050759	1.871724449588773	-0.433483874871305	-0.2076913236929671	-4.015235270143462	1.555936444925803	-5.422221565869649	0.01172864965208596	0.02247006167053987	0.01006425949510262	0.1195542807105121	0.09432914521451261	0.04382207994659727	0.05623305734737174	0.06345873057695692	0.05029635210009824	0.1095515464302746	0.01423673469486042	0.09464754773820118	0.01013217970388803	0.01029707183799253	0.02844250513956826	0.01007349572841839	0.01004126939357329	0.1196589853810012	0.004133684949142889	0.01003220503118058	0.01148778836313189	0.01006941229562218	0.122164513443653	0.1089557320120881	0.05297014530169935	0.01031567716208737	0.0101716008354508	0.07451776594752085	0.1117000710181719	0.01411786259753071	0.09622642201754784	0.01010628891876498	0.01024401815277808	0.02810342303656051	0.01007885018035399	0.01004368239988982	0.1134097903357737
0.5699348265412129	-0.345059472004955	0.897089410214956	0.8830402920073979	0.5491230438364992	0.1974584443399427	0.2946915309082062	-0.03238704851149114	-0.610486744252608	-0.03068627089216504	-0.2024253954834248	0.4773045602823527	1.182919326294646	0.3233784916552743	-1.882859684918596	1.61723697041076	-0.6066673223852044	-0.1224916204134226	-3.636589291668747	1.463964594352959	-3.652205655146727	0.01123136745354559	0.02025680471210691	0.01006560033041038	0.120447147833148	0.09754182816337949	0.04326726043849755	0.04379465635286264	0.04919830310287688	0.05577827651003194	0.1101006383869135	0.0142352237008731	0.09501393591514036	0.01012440809835515	0.01028015769602108	0.02798598071108625	0.01007534540493739	0.01004208527447766	0.1181255572253508	0.00159114138874531	0.01003486173372106	0.01772619286666596	0.01006827504349201	0.1242611981282364	0.1054666698487202	0.03156869928706357	0.01029157741214633	0.0101374982534316	0.06692887544769885	0.1118769451706418	0.01433462641742768	0.0959973951416461	0.01010529728084237	0.01023554213491338	0.02567476279221905	0.0100806240747432	0.01004436692116075	0.1132180704503306
0.574978497572551	-0.3423524638500376	0.9030450628804397	0.8846786771959537	0.5392263198295275	0.2050624681929424	0.291246780244632	-0.0327988538115425	-0.627972819956268	-0.02347224838965649	-0.2169296996155767	0.5927237392645512	1.178671731320992	0.3258233907924579	-2.037181118508372	1.40509396160991	-0.7551925853780985	-0.04150670430577383	-3.305146320336514	1.401592405760271	-2.142699639625999	0.01088146330828519	0.02048486292976494	0.01006620653204328	0.1216300844781216	0.09905663868357736	0.03689548597079704	0.03452874596187613	0.03849340275884981	0.05767962129270304	0.1105576645123832	0.01429783693971418	0.09522993747554938	0.01011864604830479	0.01026574330974392	0.02696531252339518	0.01007717260902353	0.01004286221041934	0.1169150094871769	-0.0009514021716522689	0.01003751843626155	0.02396459737020002	0.01006713779136183	0.1263578828128197	0.1019776076853522	0.0101672532724278	0.01026747766220529	0.01010339567141239	0.05933998494787684	0.1120538193231118	0.01455139023732465	0.09576836826574436	0.01010430564291977	0.01022706611704867	0.02324610254787759	0.0100823979691324	0.01004505144243168	0.1130263505648874
0.5800221686038892	-0.3391254426191043	0.908976659104954	0.8863217478434202	0.528639571441327	0.2117439693246743	0.287123901330759	-0.03285272679246752	-0.6439433769003909	-0.01658306927661106	-0.2248977573108459	0.6838850134672039	1.173277455534713	0.3252596661819699	-2.156400633148844	1.251924158249684	-0.876275410509723	0.01829331020271081	-3.037231449013517	1.334351364493196	-1.052840487626128	0.01063390124592703	0.02263067762220226	0.01006604425222741	0.1230807156456876	0.09953017542075165	0.02940162057320863	0.02770002514771231	0.03056071379248185	0.05904994227872382	0.1107707740458311	0.01441473106557556	0.09516558430927576	0.01011506359605515	0.01025469388613623	0.02548610361908173	0.01007881925619276	0.01004347593432928	0.1159786045556796	0.001571263901932143	0.01004027551489627	0.03157207490283245	0.01006431204942795	0.1288685311080076	0.1000169598166606	0.01012139267911306	0.01024054495718185	0.01008570087235271	0.06596682013020418	0.110852144938654	0.01483219290677315	0.09424234610386853	0.01010843383386443	0.0102291932336502	0.02042016590520551	0.01008310314282922	0.01004485336767945	0.1130775822730748
0.5850658396352274	-0.3354843775357114	0.9148788449728467	0.8879550976252051	0.5175188689691775	0.2177673015208136	0.2824418303465212	-0.03263299245964506	-0.6587059187800819	-0.009970505528175319	-0.2279123373189367	0.7569072672510293	1.167009449445002	0.3219687120612971	-2.248913438154738	1.144105911064106	-0.976932689478307	0.06698860077716069	-2.826124172815515	1.291904299143919	-0.1784645989456211	0.01046034209152976	0.02633560067454206	0.01006509238718016	0.1247835035902487	0.09939378701379618	0.02392918009041054	0.02273190234164501	0.02476557858816325	0.06182468111732861	0.1106358709562177	0.01457972199297594	0.09473244566028047	0.01011376670037007	0.01024754883125333	0.0236149554762952	0.01008018680564493	0.01004384898777776	0.1152818758933844	0.004093929975516554	0.01004303259353099	0.03917955243546488	0.01006148630749408	0.1313791794031954	0.09805631194796904	0.01007553208579831	0.01021361225215841	0.01006800607329303	0.07259365531253152	0.1096504705541963	0.01511299557622165	0.09271632394199268	0.01011256202480909	0.01023132035025173	0.01759422926253344	0.01008380831652605	0.01004465529292722	0.1131288139812622
0.5901095106665656	-0.3315144830314581	0.9207475838518877	0.8895655694947561	0.5059929780700282	0.223340741759127	0.2772966105677291	-0.0322089159434765	-0.6725255506928982	-0.003569464232925236	-0.2267974745391793	0.8154439885026428	1.160100614107121	0.3163240315669057	-2.318740886907085	1.07022422875389	-1.061186301400973	0.0999222920575589	-2.658873925010078	1.248139455390694	0.6023096092834809	0.010338202820395	0.03063137461912209	0.01006369655190095	0.12662910451893	0.09883403113101942	0.01995430468509087	0.01913281244118107	0.02055593469873771	0.06474103988779158	0.1102509552576188	0.01474612739864891	0.0940591446752648	0.01011395443472904	0.0102434030848834	0.02177420296030926	0.01008143847601507	0.01004415052378893	0.1147043791609747	0.003647553351500478	0.01004680262050366	0.0435919437185875	0.01005931959341706	0.1335305844637771	0.09631212028163999	0.01006264830952578	0.01020494293422731	0.01006035583251902	0.07302895063383806	0.1085224794081497	0.01518485619925111	0.09144048215478044	0.01011607383402893	0.01023539130442996	0.01682268302260149	0.01008501230612766	0.01004507124282754	0.1127000769209578
0.5951531816979038	-0.3272774481415012	0.9265805764069207	0.8911427560974826	0.4941570084798534	0.228605963999622	0.2717589568135161	-0.03163766091866229	-0.6855774139396227	0.002638029111146323	-0.2220206157829542	0.8628381991849779	1.152834724824884	0.3087698866132098	-2.371870978428705	1.021886203716744	-1.132547111479441	0.1253502616881837	-2.521675820974128	1.215155458206918	1.273650716904251	0.01025333990787449	0.03492288145294361	0.01006207218345909	0.1285428477636116	0.09797660530835839	0.017100989215125	0.01655430650704364	0.01753257304177979	0.06698399844930583	0.1096828341566203	0.0148847327616183	0.09323272532418585	0.01011512748780713	0.01024169221366046	0.02023620054694844	0.01008267600843026	0.01004448597919259	0.1141627344259965	0.003201176727484401	0.01005057264747633	0.04800433500171013	0.01005715287934004	0.1356819895243586	0.09456792861531096	0.01004976453325325	0.01019627361629621	0.010052705591745	0.07346424595514457	0.1073944882621031	0.01525671682228057	0.0901646403675682	0.01011958564324876	0.01023946225860819	0.01605113678266954	0.01008621629572927	0.01004548719272785	0.1122713398606533
0.6001968527292418	-0.3228253764060448	0.9323763578602509	0.8926777414030563	0.4820889417763637	0.2336805828784333	0.2658895763687792	-0.03095963405095413	-0.6979927456666017	0.008672824766551372	-0.2141601303342612	0.9019253559916828	1.145430056947841	0.2997433831011871	-2.412872692320235	0.9921710629654453	-1.194037090498089	0.1436384399450903	-2.403511501112036	1.178109120090287	1.824861243179511	0.0101946431941141	0.03911868523104311	0.01006052754508128	0.1303747453611493	0.09683436402048549	0.01505227391097658	0.01470498418656864	0.01536126316581145	0.06893397734723368	0.109111964866022	0.014955478949472	0.09245387915504871	0.01011615007335709	0.01024078262631539	0.01941219941199747	0.01008403509240857	0.0100449923244097	0.1136061776091111	0.001395833804541835	0.01005676361735383	0.05177612836090863	0.01005652538390335	0.1367604139291357	0.09233680540026375	0.01004427662493503	0.01019007890381799	0.01004817331190932	0.0752582835733273	0.1073172863717242	0.01501051355702735	0.09011604043066004	0.01011771202048482	0.01023781951894642	0.01857933927186974	0.01008827075944973	0.01004685795105843	0.1115129656665994
0.60524052376058	-0.3181859318615405	0.9381351783909836	0.8941647104127222	0.4698244570087928	0.2386323419658145	0.2597227673413888	-0.03018745727820758	-0.7098431789395945	0.01452451463037847	-0.2037988079813504	0.9371383698439922	1.138178367433993	0.2897296694354015	-2.44975792340058	0.973167803632181	-1.25048842088794	0.1626841418013306	-2.297672926876956	1.142547315662755	2.265323999833238	0.01015517079125331	0.04316220123654175	0.01005925479260067	0.1320221114721071	0.09541572659296611	0.01359515291697322	0.01339038198989412	0.01381642856782265	0.07083607903691259	0.1086623433655765	0.01493323709858999	0.09185912904993031	0.01011631416858473	0.01023965577610009	0.01956079220840682	0.01008560030948986	0.01004575493609489	0.1129997009053114	-0.0004095091184007322	0.01006295458723133	0.05554792172010713	0.01005589788846666	0.1378388383339128	0.09010568218521654	0.0100387887166168	0.01018388419133978	0.01004364103207363	0.07705232119151001	0.1072400844813453	0.01476431029177414	0.09006744049375189	0.01011583839772088	0.01023617677928466	0.02110754176106994	0.0100903252231702	0.01004822870938901	0.1107545914725454
0.6102841947919182	-0.3133730106388599	0.943858170157202	0.8955994191698943	0.4573744779072267	0.2435048068811716	0.2532777846150545	-0.0293139280627068	-0.7211811172431492	0.02018538148512685	-0.1914812009581885	0.9710883226042288	1.131244036661706	0.2791001273183055	-2.487026139893401	0.9598120109913918	-1.304754495959579	0.1839324831766689	-2.199047752649064	1.103131325904231	2.602601168307086	0.01012920075913138	0.04708604492928536	0.01005808693509632	0.13356787467207	0.09381201014412711	0.01255492934265152	0.01245515032658144	0.0127137168549876	0.07251769005382214	0.108224622866996	0.01486304431320433	0.09129812041031451	0.01011631167580504	0.0102386567780146	0.01985539613560481	0.01008719162357175	0.01004655264866201	0.1124115652414818	-0.001212740949811016	0.01007049472694182	0.05921402503377918	0.01005473274436633	0.1392103483394714	0.0880347791938553	0.01003523057514048	0.01020011216039868	0.01004217666403903	0.0774778155681398	0.1065477679660888	0.01462692942024058	0.08923911620392945	0.01011672899839353	0.01023633533210215	0.02010525842907889	0.0100916260107767	0.01004867981775113	0.1104350949431843
0.6153278658232564	-0.3083929812888073	0.9495468969550105	0.8969792345733367	0.4447378604866955	0.2483230629664238	0.2465655839819635	-0.02832974380517921	-0.7320339322761141	0.02566163886076543	-0.1777114815374096	1.003402853110879	1.12459105445629	0.2679624473470003	-2.523766841579508	0.9516720202367375	-1.35645009249159	0.2065629118868762	-2.105303810204242	1.069342907141678	2.841139665769067	0.01011316225320799	0.05090992074804292	0.01005691987902426	0.135068787488807	0.09208570755798789	0.01181838960853417	0.01179892312423224	0.01193337624306158	0.07386543885270085	0.1077237077510747	0.01477312492515992	0.09066868864349593	0.01011657391190913	0.01023800080588864	0.01977328521671598	0.01008869680962454	0.01004724760466216	0.1118888059961353	-0.0020159727812213	0.01007803486665231	0.06288012834745121	0.010053567600266	0.14058185834503	0.08596387620249409	0.01003167243366415	0.01021634012945759	0.01004071229600443	0.07790330994476961	0.1058554514508323	0.01448954854870703	0.08841079191410701	0.01011761959906618	0.01023649388491964	0.01910297509708785	0.0100929267983832	0.01004913092611325	0.1101155984138231
0.6203715368545946	-0.3032557481502539	0.955202638731701	0.8983017051233652	0.4319210536734249	0.2531142844098611	0.2396008739078913	-0.02723403767561267	-0.742423731125654	0.03098318151157158	-0.162977128701376	1.033134365199393	1.118137462106457	0.2563766585485148	-2.557748984085975	0.949260134350602	-1.404584616974068	0.2272049259104943	-2.015210519015652	1.043065434542646	2.988983109735408	0.01010397223114473	0.05463539615497381	0.0100557361010698	0.1365484696087835	0.09027744942876303	0.01129395468503175	0.01134106206319533	0.01137826978790228	0.07499208146070399	0.1071585885982903	0.01476797770054305	0.08994202524352722	0.01011724832992869	0.01023755931653158	0.01919158012012563	0.01008971577036576	0.01004758365042014	0.1115573778036395	-0.0008279746792328657	0.01008546233073185	0.06633915755837276	0.01005229058162109	0.1420539450498079	0.08396502507409352	0.01002940806592395	0.01025753814238596	0.01004028832665641	0.07847282364849692	0.1050301221400532	0.01499652972559861	0.08722890539614823	0.01011999466641547	0.01023650572108041	0.01653492243600207	0.01009146418008449	0.01004771775083516	0.1109156474662746
0.6254152078859327	-0.297977086562085	0.960826134601835	0.8995646993427739	0.4189452104951193	0.2579090417593673	0.232404397231875	-0.02604510995473036	-0.7523678922281871	0.03620581160413083	-0.1476875551308264	1.059484405270604	1.11180437335217	0.2443779073478773	-2.586830576167017	0.9530741360856614	-1.448354025537626	0.2435286819198452	-1.928592147456377	1.030120460496566	3.061304990270693	0.01009970791373286	0.05826305421166428	0.01005452467818864	0.1380231626931464	0.08841511978924332	0.01092339934670364	0.01103035676325595	0.01098656494050095	0.07597120956825672	0.1065285658142213	0.01491309255217504	0.08909855881343688	0.01011842684795628	0.01023725216513844	0.01803077612590022	0.01008999910219587	0.0100474011179404	0.1115036806551372	0.0003600234227555689	0.01009288979481139	0.06979818676929432	0.01005101356297618	0.1435260317545858	0.08196617394569297	0.01002714369818376	0.01029873615531433	0.0100398643573084	0.07904233735222424	0.1042047928292741	0.01550351090249019	0.08604701887818948	0.01012236973376477	0.01023651755724119	0.01396686977491629	0.01009000156178577	0.01004630457555706	0.1117156965187261
0.6304588789172709	-0.2925750180151893	0.9664178745495402	0.9007662295585827	0.4058380829743474	0.2627391027090341	0.2249990817664355	-0.0247888535712932	-0.7618838313895279	0.04139208211053477	-0.1321939164491624	1.08215558008084	1.105546552372793	0.2320397446372252	-2.609927379730894	0.9629382273148007	-1.487503003043491	0.2541950523056818	-1.845331757704457	1.026613355422998	3.07722120451749	0.01009892098701252	0.06179725503486839	0.01005332130153899	0.1394760624283171	0.08650372376904701	0.01065984185011102	0.01081535097551342	0.0107081653373816	0.07713899291380126	0.1058315649878899	0.01510005132712699	0.08818192681349384	0.0101198425977618	0.01023733274206737	0.0168010882312497	0.01009034513980854	0.01004721039404473	0.111465892062452	-0.001926047579014135	0.01010078757163312	0.0730762484896522	0.01004991238323989	0.1448498617326213	0.07990125596257977	0.01002572173103191	0.01029809765322745	0.01003808911625168	0.08180072556798135	0.1032351402044527	0.01560177155045965	0.0849654902281681	0.01012402459576965	0.01023843963530102	0.01362150228669482	0.0100922379127816	0.01004715933713728	0.1110112226400152
0.6355025499486091	-0.2870658321436845	0.9719783783116587	0.9019050305759451	0.3926250152225891	0.2676297573556268	0.2174057133912402	-0.02348527348115961	-0.7709874895956542	0.04656350719545288	-0.1166997134828433	1.101960341309764	1.099418083519046	0.2195034862766364	-2.628839751480727	0.9771017529693209	-1.522923880694876	0.262294262091311	-1.765107672568266	1.024233707843235	3.061528749965054	0.01010070845222231	0.06524041635848185	0.01005214821892846	0.1408955536259176	0.08454672389613653	0.01047376626693601	0.01066370597942117	0.0105115139180406	0.07871734973781187	0.1050661586007059	0.01526092943187307	0.08722175292285482	0.01012132921972515	0.01023795902917709	0.0158269514254323	0.01009125153081171	0.01004732961717085	0.1112643110708652	-0.004212118580783838	0.01010868534845484	0.0763543102100101	0.01004881120350361	0.1461736917106568	0.07783633797946657	0.01002429976388006	0.01029745915114058	0.01003631387519496	0.08455911378373847	0.1022654875796314	0.01570003219842911	0.08388396157814673	0.01012567945777454	0.01024036171336085	0.01327613479847334	0.01009447426377743	0.0100480140987175	0.1103067487613043
0.6405462209799473	-0.2814631371020311	0.9775083756210056	0.9029803065055343	0.379324843232665	0.2726005672131634	0.2096422126152439	-0.02214409563318342	-0.7796934515859962	0.05171649081778409	-0.1013347744735331	1.119156601847289	1.093453875639595	0.2068703394565506	-2.644486495861655	0.994640784608127	-1.554862890882845	0.2692978100577169	-1.687461860165401	1.019215310930054	3.029537653859564	0.01010409051864031	0.06860343924291865	0.0100509435349176	0.1423173493217474	0.0826079893281817	0.01034146085308641	0.01055951576163739	0.01037175808185835	0.08044962879928801	0.1041608330532049	0.01543108300134555	0.08614177882320853	0.01012337774890403	0.01023968692761832	0.01498804386484436	0.01009268686661401	0.01004768974985	0.1109573973140636	-0.003590317554920727	0.0101153864608803	0.07951518262717022	0.01004736979271638	0.14772314454555	0.07616239596460246	0.01002345446325682	0.01031993151524927	0.01003615971002796	0.08625152766703036	0.1006054439834852	0.01597761598535817	0.08214250107171969	0.01013065638677389	0.01024697660270628	0.01264177841386467	0.01009762792987372	0.01004904169110002	0.1097350062196465
0.6455898920112855	-0.2757821304759361	0.9830086818993805	0.9039916773613476	0.3659560176468803	0.2776694411830684	0.2017285946899357	-0.02077113467199192	-0.7880128965095504	0.05684571543386487	-0.08615681657954694	1.133013748178546	1.087644504001344	0.1941627876503451	-2.656063412710376	1.015987759573262	-1.582450819799654	0.2748974287542846	-1.611839521501193	1.01481239297351	2.987383900061724	0.01010845640482573	0.07189303234652308	0.01004966866759423	0.1437661447311256	0.08073111023854083	0.01024807119975696	0.01049281491424637	0.01027332369222064	0.0821664272301688	0.103066429794169	0.01563264919368694	0.08489021813757269	0.01012629428227469	0.01024286301693252	0.01420769918749836	0.01009463156666077	0.01004824775865111	0.1105852089950682	-0.002968516529057616	0.01012208757330576	0.08267605504433036	0.01004592838192914	0.1492725973804432	0.07448845394973837	0.01002260916263359	0.01034240387935796	0.01003600554486097	0.08794394155032224	0.09894540038733902	0.01625519977228724	0.08040104056529265	0.01013563331577324	0.01025359149205172	0.01200742202925599	0.01010078159597001	0.01005006928348254	0.1091632636779886
0.6506335630426237	-0.2700413495794966	0.9884800324024505	0.904938778314862	0.352541238317218	0.282857214365423	0.1936887709029106	-0.01937507950848105	-0.7959552620105738	0.06196142913951921	-0.07121875772063324	1.142411721590177	1.081958523166158	0.1813758108151933	-2.662076356046891	1.042285051437351	-1.604393529447145	0.2779361844464561	-1.537849809175865	1.015889289732848	2.933093165537304	0.01011310500789532	0.07511403708083071	0.01004830885045652	0.1452669452389194	0.07899132356634532	0.01018167867395466	0.01046043746188962	0.01020370871119297	0.08379904434617697	0.1017282086754665	0.01592618023046195	0.08338253078482553	0.01013079193965139	0.01024771158118002	0.01349775911619134	0.01009594546677809	0.01004840616211107	0.1104377080011916	-0.001193655853686508	0.01012621574062619	0.08571457504914262	0.01004425098550798	0.1510844911785489	0.07349305770166618	0.01002220527391891	0.01041920317894965	0.01003729886273198	0.0890889610584945	0.09649169552451561	0.01699312125470103	0.07769120753510268	0.01014696514572844	0.01026455599953741	0.01156529903459571	0.01009756989912365	0.01004762353119775	0.1107370029143414
0.6556772340739617	-0.2642683611952068	0.9939228934832196	0.9058210596936481	0.339115965174585	0.2881947361952267	0.1855570344487767	-0.01797509619639916	-0.8035282452438048	0.06711486587547273	-0.05660006061829425	1.14578519493014	1.076347406265427	0.1684594559636306	-2.660224593359153	1.075368574200348	-1.618897553424425	0.2764550832276525	-1.465365944810534	1.029770954594377	2.86074528510425	0.01011759929754426	0.07826936871766468	0.01004685487900916	0.1468370943765167	0.07743954428139131	0.01013483544204106	0.01046039568543867	0.01015509930325237	0.08530194528512131	0.1001083267729777	0.01634953887619092	0.0815610611248022	0.01013731524164374	0.01025437243499302	0.01286561822395045	0.01009591783585577	0.01004779253254668	0.1107135493001933	0.0005812048216845998	0.01013034390794663	0.08875309505395487	0.01004257358908682	0.1528963849766546	0.07249766145359399	0.01002180138520422	0.01049600247854133	0.010038592180603	0.09023398056666673	0.09403799066169218	0.01773104273711483	0.07498137450491271	0.01015829697568365	0.0102755205070231	0.01112317603993543	0.0100943582022773	0.01004517777891296	0.1123107421506941
0.6607209051052999	-0.2584950189199658	0.999337627181407	0.9066378636646122	0.3257219292592226	0.2937174063937844	0.1773726220662957	-0.01659544691523086	-0.8107389158655918	0.07237126536539469	-0.04238383205969473	1.143072110973733	1.070838277043523	0.155470611505438	-2.650508160978478	1.114888811517373	-1.625854054708926	0.2704964035514756	-1.393863720229068	1.054916556040659	2.775778673004429	0.01012324808113673	0.08134008820280018	0.01004546925309418	0.1483675025340067	0.07590461451654644	0.01010157592130891	0.01047749051412103	0.01012096543886241	0.08679513411186597	0.0984350228525163	0.01671587896451514	0.07972812837346746	0.01014386470880398	0.01026138894711864	0.01236594867561685	0.010095333567921	0.01004694664929705	0.1111278170748326	0.0009263485506884848	0.01014264023641533	0.09150934489551943	0.01004176018041058	0.1539438676182152	0.07059903800367531	0.01002181344261113	0.01053894376456487	0.01003955102053167	0.09201558999649335	0.09279567872733986	0.01750282629288303	0.07391935242217136	0.01016072989766076	0.0102806729406024	0.01119012898404445	0.01009354668386236	0.01004468340303683	0.1124955842935297
0.6657645761366381	-0.2527426843317599	1.004725267144433	0.9073897224439078	0.3123843484757529	0.2994441956590109	0.1691632186034722	-0.01524781682705118	-0.8175879705605184	0.07775952806995703	-0.0286072006806501	1.137454878823943	1.065603749516288	0.1427063125639089	-2.637838069180977	1.156309248321871	-1.628807430658197	0.2637583024996347	-1.321972006335806	1.082059540492413	2.686428928498986	0.01013086719549762	0.08431363758840479	0.01004425326487088	0.1497824653456095	0.07427056929449982	0.01007817696555383	0.01050223978617141	0.0100972314310674	0.08835818727157051	0.09686539282743846	0.01690822824136788	0.07808928251336132	0.01014919394794238	0.0102678529854919	0.01203296872220015	0.01009468193490781	0.01004620497337027	0.1114854487311032	0.00127149227969237	0.01015493656488404	0.094265594737084	0.01004094677173433	0.1549913502597757	0.06870041455375665	0.01002182550001804	0.01058188505058842	0.01004050986046034	0.09379719942631999	0.09155336679298756	0.01727460984865123	0.07285733033943001	0.01016316281963788	0.0102858253741817	0.01125708192815347	0.01009273516544741	0.0100441890271607	0.1126804264363653
0.6708082471679763	-0.247020644962434	1.010087481067691	0.9080782612559478	0.299110033823597	0.3053771378362806	0.1609430393696711	-0.01393107148937863	-0.8240711817373122	0.08328149264908495	-0.01528123657839602	1.131539588260086	1.060785257748454	0.1304112988910909	-2.626143702189222	1.195915111963443	-1.63065536931569	0.2586373887387588	-1.248531407255177	1.107613374441868	2.598133741935894	0.01014060976492368	0.08721378680344827	0.01004314197960562	0.1511166326188483	0.07261733099230121	0.0100616105866075	0.01053493110298117	0.01008067047540071	0.0899600482261383	0.09528311975674851	0.01707208105046288	0.07648235675064424	0.01015406619779363	0.0102743527998409	0.01180422699427978	0.01009402289044534	0.01004553353053176	0.111869776700376	-0.0001629726994804618	0.01017216601309047	0.09699383399636476	0.01004005213680684	0.1560907641454888	0.06719827423078838	0.01002193801413894	0.01064200803014532	0.01004135847511269	0.09548764681100892	0.08962104968962861	0.01765336362630699	0.07096838422254252	0.01016809862190517	0.01029368393234888	0.01124852813868966	0.01009217719798136	0.01004368305687944	0.1134065607332372
0.6758519181993144	-0.2413284915961003	1.015426528475902	0.9087061013467527	0.2858912125136683	0.3115037234922222	0.1527156408368981	-0.01263625033887861	-0.8301790364416589	0.08893252445071698	-0.002395602005265218	1.125603985807753	1.05641737915366	0.1186370499769894	-2.615832929828074	1.233095968708683	-1.631670146734257	0.2550645607399866	-1.173129439084178	1.133239413688466	2.511822168126282	0.01015257121754325	0.09005589867940786	0.01004209492100832	0.1523940015220468	0.07099890537758782	0.01004998821149286	0.01057574347366139	0.01006926992431257	0.09158009618951476	0.09360827683393605	0.01729861655879247	0.07479732006362338	0.01015895723251506	0.01028125513629578	0.01164041815338113	0.01009339380774396	0.01004491114340793	0.1123377405450495	-0.001597437678653293	0.0101893954612969	0.0997220732556455	0.01003915750187934	0.1571901780312018	0.06569613390782013	0.01002205052825986	0.01070213100970223	0.01004220708976503	0.09717809419569787	0.08768873258626966	0.01803211740396275	0.06907943810565505	0.01017303442417246	0.01030154249051606	0.01123997434922585	0.0100916192305153	0.01004317708659817	0.1141326950301091
0.6808955892306525	-0.2356669568813915	1.020744696660969	0.9092758682540645	0.2727216853083738	0.3178121168410565	0.1444860208843151	-0.01135594679064112	-0.8359012896952637	0.09471341471074331	0.010060277912085	1.118824542481874	1.052491406484533	0.1073428467245271	-2.605810505095532	1.268666501227462	-1.630870402185898	0.2525825035557303	-1.095699993866576	1.158983834412726	2.427575719826186	0.01016512535551587	0.09285306438561729	0.01004102338856685	0.1536771379979701	0.06951399947123049	0.01004175131083321	0.01063645800760705	0.01006137583957726	0.09320166608250263	0.09167330240332928	0.01764381794629487	0.07281115440339243	0.01016640806335454	0.01029051709766391	0.01149250884931815	0.01009277638275094	0.01004424564079139	0.1128723177656798	-0.001686315485828179	0.01020053038237049	0.1024264860430913	0.01003781693032355	0.1586974184068873	0.06498290321429472	0.01002195571887278	0.01085490027462842	0.01004266279769009	0.09877905205054636	0.0843024717628964	0.01890550840089316	0.06539851684290612	0.0101944668575393	0.01032288662523478	0.01104218044424808	0.01009100264389818	0.01004217236098148	0.1148935107897805
0.6859392602619907	-0.2300483462866121	1.026043980870502	0.9097893742478262	0.2596111159625091	0.3243037568519774	0.1362726105298651	-0.01008876883632077	-0.8412291826346802	0.1006224697836815	0.02209406107230365	1.108583002553805	1.048929192305193	0.09632754041016765	-2.59245398250701	1.30575997126562	-1.625242448258776	0.2498597826003944	-1.0167511537231	1.184061449644761	2.344445368866892	0.01017725852233939	0.09561380224221104	0.01003987209243803	0.155009652143568	0.06822884706247244	0.0100359281374159	0.01072441699798438	0.01005595696407175	0.09481365417333554	0.08936301699234535	0.01814271516696113	0.07037261907065755	0.01017800265153759	0.01030335882512927	0.01132980564861081	0.01009215920527907	0.01004347956951876	0.1134618659153619	-0.001775193293003064	0.01021166530344409	0.1051308988305372	0.01003647635876776	0.1602046587825727	0.06426967252076933	0.0100218609094857	0.01100766953955461	0.01004311850561515	0.1003800099053948	0.08091621093952316	0.01977889939782358	0.06171759558015721	0.01021589929090613	0.01034423075995351	0.01084438653927031	0.01009038605728107	0.01004116763536479	0.1156543265494519
0.6909829312933289	-0.2244945728504121	1.031326085941779	0.9102476667307103	0.2465826419758641	0.3309916412305286	0.1281048836609316	-0.008838887646069373	-0.8461559594356065	0.1066590261901839	0.03371056987554037	1.092553896724946	1.045665532060861	0.0853976419273955	-2.572364537174857	1.347128618484374	-1.612109267838342	0.2450763780552207	-0.9367504200659119	1.210576438700285	2.262186432549149	0.01018936663691958	0.09832668243154793	0.01003869277383469	0.1563438494703156	0.06709354834618875	0.01003173891700075	0.01084665809059268	0.01005214675792372	0.09643879008956448	0.08676964494227631	0.01884633903731522	0.06747256192012926	0.01019573408870691	0.01031825753911825	0.01116381567835078	0.01009077205605011	0.01004230031300712	0.1143433502446347	0.001141362639353093	0.01022452269211841	0.1076699627047414	0.01003531131640401	0.1614119036007311	0.06358123249306531	0.01002154345586219	0.01126068704596295	0.01004291245799778	0.1021352808807766	0.07751056860753634	0.02129989509542372	0.05711118124870619	0.01025853214005102	0.01036286947930011	0.01069181605043039	0.01008478179104112	0.01003793739721797	0.1183968851014534
0.6960266023246671	-0.2190388543189298	1.036592439957916	0.9106507636178454	0.2336773998074726	0.3379017611673059	0.1200253462357936	-0.007623533986574977	-0.8506770359356729	0.1128432742771058	0.0449161449487581	1.06970064700552	1.042683322953574	0.07444046830058663	-2.543588060042925	1.393884497012002	-1.590272108702038	0.2361683541114132	-0.8558761489624849	1.242626600981656	2.181495117929614	0.0102016964920448	0.1009840308613984	0.01003751768465879	0.1576464388424482	0.06607436460048427	0.01002869753582209	0.01100756102809228	0.0100494050109221	0.09809227220051205	0.08395640661869831	0.01978640762262306	0.06410401119294665	0.01022084452847518	0.01033426386400066	0.01100173599929769	0.01008813479951016	0.01004051300643642	0.1156781552097823	0.004057918571709249	0.01023738008079273	0.1102090265789456	0.01003414627404026	0.1626191484188896	0.06289279246536131	0.01002122600223869	0.01151370455237128	0.01004270641038041	0.1038905518561584	0.07410492627554952	0.02282089079302386	0.05250476691725516	0.0103011649891959	0.01038150819864671	0.01053924556159047	0.01007917752480116	0.01003470715907114	0.1211394436534549
0.7010702733560052	-0.2137161110069245	1.041844481538908	0.91099844029039	0.2209406367861552	0.3450616137823124	0.1120784917960865	-0.006465095415367382	-0.854787900500819	0.1191999592352969	0.05571742968262999	1.040417445659153	1.040019054761036	0.0634586236972732	-2.506306647123067	1.445374748725367	-1.560164040743391	0.2228993450591998	-0.773931548044319	1.277041307422571	2.100926534550999	0.01021999064026099	0.1035638446697897	0.01003642902669397	0.1588161861555289	0.06501745577645071	0.01002643773152929	0.01130472251559571	0.01004739997942958	0.09975311993548439	0.08115262347174257	0.02079163877172236	0.06057729195011692	0.01024959999710542	0.0103492887315659	0.01086044505082894	0.01008515722487418	0.01003861726991997	0.1171304492727408	0.004640027666866531	0.01028788193438539	0.1124598591723014	0.01003352198838894	0.1629069067871723	0.06131573986560113	0.01002083236875878	0.01247798491770395	0.01004248887116291	0.1055426781024547	0.07199868533186807	0.02368881578595223	0.04926068658088852	0.01033437314556573	0.01038882567589513	0.01050396241791191	0.01007696517087885	0.01003349617648721	0.1221475801240589
0.7061139443873434	-0.2085492979062263	1.047084232889918	0.9112912210832871	0.2084024641323927	0.3524829194151851	0.1042953285498478	-0.005378053423361524	-0.8584809176630808	0.1257152390336363	0.06610202267817826	1.007868616474227	1.037809797349649	0.05267224462131948	-2.46483971771249	1.49756017901698	-1.525362564979687	0.2078569999184503	-0.6901843739117661	1.305515254079266	2.016261606212364	0.01024782847291255	0.1060513019686243	0.01003547803852022	0.1597821213618955	0.06382008731133802	0.01002473119208878	0.01179879204489082	0.01004592486448658	0.1014072896277481	0.07851584271336469	0.02175502775829229	0.0571035323778358	0.0102796730870831	0.01036202969988483	0.01075048815158561	0.01008240647246319	0.01003692453373616	0.1184714710130433	0.005222136762023813	0.01033838378797804	0.1147106917656573	0.01003289770273762	0.1631946651554551	0.05973868726584096	0.01002043873527886	0.01344226528303662	0.01004227133194541	0.107194804348751	0.06989244438818661	0.02455674077888061	0.04601660624452188	0.01036758130193556	0.01039614315314356	0.01046867927423336	0.01007475281695654	0.01003228519390327	0.123155716594663
0.7111576154186816	-0.2035501092410625	1.052314192302784	0.911530413044666	0.1960774199194532	0.3601631006826604	0.09669413577384339	-0.004367365347824857	-0.8617461358307223	0.1323466024770931	0.07604492567961262	0.9738760597497748	1.036140607966062	0.04219134743302695	-2.421768551760496	1.548083774515645	-1.487912342358344	0.1929850861581222	-0.6043839319932743	1.320997494582788	1.925782992641579	0.01028495057137499	0.1084363709530466	0.01003460140670682	0.1605870891036882	0.06264902790628023	0.01002339863018936	0.01247268684048281	0.01004474899414591	0.1030908037574254	0.075680023034956	0.02266773607487484	0.05334820754812142	0.01031832992903279	0.01037728688227071	0.01066339482905353	0.01008119839078149	0.01003591017936976	0.1192686317618934	0.004965466611183126	0.01040630388567782	0.1166885085325789	0.01003213876542749	0.1634295405247287	0.0590915361403369	0.01001999064182349	0.01469336403994898	0.01004161984060928	0.1091122060139638	0.06539255545570774	0.02528023214784023	0.04049691364127307	0.01045050749309197	0.0104299981078268	0.01044096490562311	0.01008151569992204	0.01003455852510513	0.1204904256444014
0.7162012864500198	-0.1987316951994053	1.057536947135295	0.911716973293448	0.1839805440733343	0.3681006972841872	0.08929508418227304	-0.003430667922683204	-0.8645754257717737	0.139009671401757	0.08552119474948197	0.9361848678151456	1.034952917785164	0.03180184595926797	-2.374362616787575	1.599634771981041	-1.445206193599957	0.1785170014000565	-0.5173228911308353	1.318087636992983	1.831224188518111	0.01033119480164676	0.1107121097517467	0.01003375966622776	0.1612609330810813	0.06161545645818253	0.01002232829008697	0.01331562216317235	0.01004372858053798	0.1048278710891255	0.07239450956165908	0.02352416944985977	0.04908437736819746	0.01037009901882687	0.0103980529854043	0.01059386707986987	0.01008235321979543	0.01003587052212407	0.119224577521584	0.004708796460342439	0.0104742239833776	0.1186663252995005	0.01003137982811735	0.1636644158940023	0.05844438501483284	0.01001954254836811	0.01594446279686134	0.01004096834927315	0.1110296076791767	0.06089266652322886	0.02600372351679985	0.03497722103802427	0.01053343368424839	0.01046385306251003	0.01041325053701286	0.01008827858288754	0.01003683185630699	0.1178251346941399
0.721244957481358	-0.1941178420859795	1.062754772846499	0.9118508884772268	0.1721404607833227	0.3763071799914191	0.08213057379185254	-0.002568163625178837	-0.8669641072445197	0.1456155493302254	0.09450965084723283	0.8914069703467001	1.034137352342954	0.02119596427427081	-2.317866756143464	1.65639304271035	-1.393377032590001	0.162166478132899	-0.4300885721203709	1.30107526910246	1.731302679610362	0.01039128030638673	0.1128468748471172	0.01003295434160491	0.1617486430674284	0.06061709982507135	0.01002144859214793	0.01442998655490852	0.01004287645895244	0.1065565776059034	0.06890801481160132	0.02449401066770251	0.04360358328171041	0.01059133703684464	0.01042196873118847	0.01053303323301661	0.01008532926918631	0.01003643580960415	0.1186519851445018	0.005071964287934379	0.01059099009414585	0.120165733751978	0.01003070054409445	0.1631670945392911	0.05733038045589783	0.01001915538583075	0.01820937410869823	0.01004071087985932	0.1125752049017704	0.05737298134837873	0.02774617616789317	0.02359777947162545	0.0116560887585564	0.01049344025792346	0.01036309403804416	0.01009625926157532	0.01003866023684707	0.1159589478036584
0.726288628512696	-0.1897596366036332	1.067968962816704	0.9119297305406391	0.1606276396894564	0.3848280359977045	0.07526389501796789	-0.001808265589633447	-0.8689160139221052	0.1521309431414185	0.1029680398259802	0.8348112332601778	1.033511213512274	0.009963339803780114	-2.24459118820819	1.724295281454133	-1.327105066193057	0.1378298660863828	-0.3441257130352008	1.282207376419203	1.621033192418277	0.01046814722626517	0.114819055553734	0.01003218638307111	0.1620112782957775	0.05958588106989922	0.01002071491910021	0.01587889165496141	0.01004220062965464	0.1082352527266791	0.06539074707261562	0.02568368068824173	0.03641611481862894	0.01107920753950469	0.01044756317696054	0.01047535373757497	0.01008978885160243	0.01003737556431997	0.1177644275956515	0.005435132115526321	0.01070775620491411	0.1216651422044556	0.01003002126007154	0.1626697731845798	0.0562163758969628	0.01001876822329339	0.02047428542053514	0.01004045341044549	0.1141208021243642	0.0538532961735286	0.0294886288189865	0.01221833790522664	0.01277874383286441	0.01052302745333688	0.01031293753907547	0.0101042399402631	0.01004048861738716	0.114092760913177
0.7313322995440342	-0.1857263391291168	1.073180105239744	0.9119495141450381	0.1495421154677228	0.3937314420521876	0.06877876276876269	-0.001202027325671311	-0.8704404028610082	0.1585625014300586	0.1108417197614594	0.759748557241309	1.032829591805029	-0.002454572645679888	-2.144065146793118	1.811479947841643	-1.238888110202251	0.09860394110369318	-0.2611570321006467	1.27033972993964	1.500420465511328	0.01054622559260414	0.1165982688812964	0.01003145585263286	0.1620159007859373	0.05866273237039635	0.01002010370314765	0.0174916124523243	0.01004169399974827	0.1098258785518816	0.06145629056089332	0.02702256890009602	0.02950492288665451	0.01394514337693474	0.01047397343675332	0.01042156203853087	0.01009464290369949	0.01003824798432748	0.116767923164786	0.006433072445836198	0.0107572036507871	0.1225851566163059	0.01002941710836048	0.1614401066009125	0.05604753463377564	0.01001852049745541	0.02230602487447489	0.01004050258903671	0.1152647983790562	0.04749142128245126	0.03120792310480857	0.01133922718657148	0.028182895231986	0.01055038094564148	0.01027383463529146	0.01010813481494545	0.01004020504366639	0.1132407498533544
0.7363759705753724	-0.1821441128721026	1.078386785031108	0.9119015795121967	0.1390719403826547	0.4031540038398424	0.06282328496366361	-0.0008535782704296174	-0.8715585325684726	0.1649674771536087	0.1180957453362992	0.655945001103813	1.031741616870549	-0.01688941754772207	-2.000582753817895	1.930159513701121	-1.117077711115187	0.03560701784745337	-0.1830290716625554	1.271666418452004	1.37531757893403	0.01061581286471945	0.1181635113488117	0.01003076278890046	0.1617388912554279	0.05794099413027628	0.01001960025397156	0.01916258844388743	0.01004135214768384	0.1113026612893461	0.05684021542175608	0.02846637319152856	0.02422526682688949	0.02044742832361861	0.01050066154721051	0.01037211552489076	0.01009921257591339	0.01003877768759586	0.1158051079352706	0.007431012776146075	0.0108066510966601	0.1235051710281562	0.01002881295664941	0.1602104400172453	0.05587869337058848	0.01001827277161743	0.02413776432841465	0.01004055176762793	0.1164087946337483	0.04112954639137392	0.03292721739063064	0.01046011646791632	0.0435870466311076	0.01057773443794608	0.01023473173150744	0.0101120296896278	0.01003992146994562	0.1123887387935318
0.7414196416067106	-0.1791692023469873	1.083586607354748	0.9117748607085877	0.1294517499252856	0.4132672067674314	0.05757971769474401	-0.0008937360225478849	-0.8722956371064184	0.1714168124518014	0.1247182670268919	0.5220000155276601	1.030224720914643	-0.0334442608133611	-1.811028506585366	2.081251193565138	-0.9600720351134092	-0.05426210782441042	-0.1090269099682306	1.287306426289746	1.252070283137255	0.01071681231247446	0.1194404240202508	0.01003023538798495	0.1610600423637969	0.05721856616875432	0.0100192365376115	0.0207117456873356	0.01004122926837469	0.1125710474386202	0.05267302410835541	0.02988461016803499	0.02027089965508111	0.02739155387089995	0.01051733607034543	0.0103289869679278	0.01010300491839239	0.01003900459609572	0.1148241154127479	0.007724525932987909	0.01109785935787889	0.1233911417675568	0.01002911386011239	0.1574007834190118	0.05466197160208397	0.01001844756493867	0.02489649169656289	0.01004128144220019	0.1165735109015336	0.04154038973487158	0.03398104624847697	0.01039845690528115	0.04571135734536903	0.01053892883235615	0.01021709191656806	0.01011216316594067	0.0100392109699138	0.1111927335518314
0.7464633126380488	-0.1768958279504005	1.088779484668813	0.9115633579963384	0.1208352115911169	0.4241599567998482	0.05316005901680775	-0.001428487970705069	-0.87265597473512	0.1779688705952794	0.1307390799046375	0.377760272644605	1.028987666613455	-0.05050933767552289	-1.60259798572959	2.239278446897116	-0.7903678264222767	-0.1605176671344125	-0.03362721452362651	1.312399782532921	1.13671803138079	0.01087408481642636	0.1203776689515321	0.01002995355676037	0.1598934251430062	0.05636176425415296	0.01001903247860471	0.02202725526595802	0.01004135914246941	0.1135665302308212	0.04972240962135079	0.03119532894372597	0.0174175081442782	0.03287038516502775	0.01051757903676716	0.01029340661684174	0.01010571264890709	0.01003895359303674	0.1137890296737963	0.008018039089829742	0.01138906761909768	0.1232771125069573	0.01002941476357536	0.1545911268207784	0.05344524983357946	0.01001862235825991	0.02565521906471114	0.01004201111677246	0.116738227169319	0.04195123307836925	0.03503487510632329	0.01033679734264598	0.04783566805963047	0.01050012322676622	0.01019945210162867	0.01011229664225355	0.01003850046988197	0.1099967283101309
0.7515069836693868	-0.1753447149807156	1.093967912678248	0.9112670097029852	0.1132743846532697	0.4358274771650421	0.04959299611249141	-0.002522989386104647	-0.872624653121193	0.1846617680439769	0.1362121729261618	0.2354604757091303	1.028471527688769	-0.06710059146377838	-1.392510330327809	2.388356605686176	-0.6217766898287299	-0.2755451836086008	0.04661518883566376	1.341451863101413	1.038901940187265	0.01094177985127603	0.1209520211510035	0.01002981514239162	0.1583586296416113	0.05570236155118165	0.0100189908292934	0.02259420456931243	0.01004162719072641	0.1143177494607681	0.04554235217700905	0.03249743038769218	0.01535125981345902	0.03815693273335304	0.01051655419360758	0.0102629281588248	0.01010893965937283	0.01003888445183783	0.1124500569582818	0.007749441230731655	0.01084665249722914	0.1222843185963787	0.01002954532108892	0.1518348630372525	0.05432681191534926	0.01001913428661733	0.02250116147203673	0.01004250433180882	0.1165714468133114	0.02748656853117168	0.03653916711872383	0.01026368031946683	0.05537510763194052	0.01052674901320318	0.01018104631063407	0.01012064842104409	0.01003891631934804	0.1067265450845067
0.756550654700725	-0.1745393420225538	1.099154611405626	0.9108855129655283	0.1068191092152346	0.4482625831075903	0.0469114517033347	-0.004228715958295352	-0.8721800236933015	0.191499273926115	0.1412726899117291	0.08204708768132819	1.028301943033411	-0.08427380948078628	-1.164206388030001	2.543654197572053	-0.4392273612565449	-0.4028907929615508	0.1302644475537758	1.369742313190964	0.9731165462241518	0.01082891550201185	0.1211466269461105	0.01002975647105532	0.1565401827407308	0.05545890802087908	0.01001911330499155	0.02208578820826497	0.0100419619931028	0.1148437111436574	0.03846762699810862	0.03385320519828251	0.0138613857872417	0.04401405376476206	0.01052371829978051	0.01023602524612507	0.01011368573463258	0.01003895909476943	0.1106338269422446	0.007480843371633568	0.01030423737536061	0.1212915246858	0.01002967587860248	0.1490785992537265	0.05520837399711907	0.01001964621497475	0.01934710387936233	0.01004299754684519	0.1164046664573038	0.0130219039839741	0.03804345913112436	0.01019056329628768	0.06291454720425056	0.01055337479964014	0.01016264051963947	0.01012900019983464	0.01003933216881411	0.1034563618588825
0.7615943257320632	-0.1745606002124704	1.10434060904186	0.9104139595763552	0.1015932110020688	0.4615258276883645	0.04521445372586796	-0.006616415530512046	-0.8713070588446219	0.1984734476350318	0.1460836466534773	-0.09330662107674344	1.02815203980474	-0.1028838940982969	-0.9036252382480512	2.717889477770942	-0.2302454806213123	-0.5466264789043503	0.2166195986607406	1.39568039168513	0.934876734316676	0.01066138596738735	0.1210058924277866	0.01002969638204834	0.154550640234547	0.05560170123050214	0.01001936532804564	0.02123909281032043	0.01004246301258536	0.1151051265090048	0.03116095836774908	0.03527484350353993	0.01278315539537541	0.05037592367450543	0.01055963321750468	0.01021199325392907	0.01012034729079778	0.01003976508242142	0.1080406303049912	0.008713926162973116	0.0102176599219651	0.1198893107887817	0.01002944037312663	0.146719295474701	0.05670420009669833	0.0100202624948184	0.01894682610745695	0.01004426835291274	0.1154713137072049	0.01164491142103117	0.03974168958964872	0.01015363632537237	0.07127705817592082	0.01072967990112622	0.01014681655869156	0.01014295790055068	0.01004384036361637	0.09691857631963909
0.7666379967634014	-0.175509103830085	1.109526096939862	0.9098459777140336	0.09774860024553775	0.4757008764659347	0.04462367713310424	-0.009770031452431584	-0.8699876290695004	0.2055770493944257	0.1507058652245728	-0.2856396315320822	1.02809981319382	-0.122511225246394	-0.6164754011182081	2.905217903976521	-0.0005701303549003149	-0.7066046333732672	0.3073041173302227	1.42106526823405	0.898274959751693	0.01051776808087481	0.1205597076461719	0.01002958428665846	0.15247024829618	0.05611012606189127	0.01001972534588864	0.02052025438504715	0.01004319224643746	0.1150746240687473	0.02544064667559826	0.03677009549422226	0.01200967154813747	0.05720345345069561	0.01063711497662965	0.01019039258956105	0.0101291714121049	0.01004166864880682	0.1044591365421922	0.009947008954312662	0.01013108246856959	0.1184870968917633	0.01002920486765077	0.1443599916956755	0.05820002619627759	0.01002087877466205	0.01854654833555158	0.01004553915898029	0.114537960957106	0.01026791885808824	0.0414399200481731	0.01011670935445707	0.0796395691475911	0.01090598500261231	0.01013099259774365	0.01015691560126671	0.01004834855841863	0.09038079078039568
0.7716816677947396	-0.1774571615964036	1.11471183379417	0.909177548343398	0.09540257307518997	0.4908377583461156	0.04522812453254984	-0.01376404220855709	-0.8681965993571473	0.2127673288857764	0.1551163604872944	-0.4867600255135729	1.028303311103919	-0.1424618330568166	-0.3131605299727857	3.095803881539447	0.2403375775883126	-0.877505550182441	0.4042247002477835	1.419616598421313	0.8471612087222117	0.0104018357262537	0.1198159320766111	0.01002956420223368	0.1501995305376372	0.05665541070603813	0.01002020481920999	0.02009746324385373	0.01004427389459733	0.1147516608318704	0.02109501191136665	0.03828305740204171	0.0114528554437949	0.06372269687193795	0.01074927689697933	0.01017135910722152	0.01221643121052766	0.0100453530057906	0.09873121807970672	0.01029325805048406	0.01011661840612659	0.1165411469511942	0.01002979792035153	0.140995706362062	0.058088041770171	0.01002178525686415	0.0195107763239438	0.01004807067246253	0.1130159631293077	0.01022375207674746	0.04290577708262836	0.01010516249538446	0.08347304621423168	0.01112089431839562	0.01012090874845102	0.02364033666840955	0.01005947622039812	0.07305518032661462
0.7767253388260777	-0.1804184471989786	1.119899638499401	0.908409760078703	0.0945961959130929	0.5069161411415517	0.04704887115221826	-0.01862514835820571	-0.8658967605329907	0.2197910193388229	0.1592163007501579	-0.6874215201387169	1.028919791702805	-0.1619106600801947	-0.005947871236469345	3.278557445479837	0.4817369878746893	-1.050439664646475	0.5090655363016727	1.355006622778963	0.7751285459464218	0.0103159365862591	0.1187795561087594	0.01002972589685815	0.1476674880147268	0.05702283462305223	0.01002081089143453	0.02007679514950756	0.0100457853726047	0.1141353627179725	0.01796101544440837	0.03977835198811118	0.01105662764463918	0.06945416150105616	0.01089181963059335	0.01015497741889932	0.01763244500549137	0.01005124398377095	0.09001532572888563	0.01063950714665546	0.0101021543436836	0.1145951970106251	0.0100303909730523	0.1376314210284486	0.05797605734406441	0.01002269173906625	0.02047500431233603	0.01005060218594476	0.1114939653015093	0.01017958529540669	0.04437163411708363	0.01009361563631185	0.08730652328087227	0.01133580363417893	0.01011082489915839	0.03712375773555238	0.01007060388237762	0.05572956987283355
0.7817690098574159	-0.1843751266264838	1.125091875717271	0.9075466009056898	0.09532644999535179	0.5238778133732884	0.05007040159311783	-0.02433757416206943	-0.8630452219588698	0.2261929447058535	0.1628915608284897	-0.8789579985319789	1.030133731005196	-0.1799621399532919	0.2913144852502061	3.442853769542865	0.7136280838655077	-1.208676363648624	0.6237701646146835	1.154880109829316	0.6779037745710845	0.01025233697094625	0.1174491162721936	0.01003011528937518	0.1448710171758039	0.05716457663838379	0.01002156615634026	0.02047149874745786	0.0100478570323655	0.1132173743730619	0.01570239063145511	0.04134964420446293	0.01077289176016467	0.07452523740934672	0.01102478134714505	0.01014041013425513	0.02798214150647873	0.01337348289594298	0.07824945946287143	0.01107572906470848	0.01009752275361653	0.1120637836953101	0.01003164492843528	0.1337437586632472	0.05716356592170916	0.01002399772379415	0.02232929569628896	0.01005483750372889	0.1093258617165199	0.0101640860916676	0.04644905066869676	0.01008804303095964	0.09029550163229866	0.01135231373713311	0.0101006187271867	0.06876200566495087	0.03159277983323244	0.03297208382306178
0.7868126808887541	-0.1892586854855619	1.130292378151766	0.9065984692306446	0.09749235909439612	0.5415998699351073	0.05421941634676517	-0.0307562532018331	-0.859583430602723	0.2311510745984757	0.1660107417450752	-1.054963108924794	1.032197252330759	-0.1956053644122083	0.5633418419092937	3.580077638189976	0.9288257477633828	-1.330494898813354	0.7510530800245738	0.7824889208742402	0.5546228236758723	0.01020620384395519	0.1158232450007312	0.01003076100124246	0.1418077969954964	0.05704896323220866	0.01002248469661581	0.02128859870273783	0.01005057012267406	0.1119914908816231	0.01409143903861416	0.04305645859065916	0.01057134235466109	0.0790098568024647	0.01112325959346857	0.01012713505907405	0.04407529130760265	0.02196812655458247	0.06333328825521971	0.0115119509827615	0.01009289116354945	0.1095323703799951	0.01003289888381827	0.1298560962980459	0.05635107449935391	0.01002530370852206	0.02418358708024189	0.01005907282151303	0.1071577581315304	0.01014858688792852	0.04852646722030987	0.01008247042560744	0.09328447998372506	0.01136882384008729	0.01009041255521501	0.1004002535943494	0.05311495578408724	0.01021459777329001
0.7918563519200923	-0.1949817811680321	1.135505818470112	0.9055791075000207	0.1009471064575244	0.559933252047464	0.0594016613952178	-0.03770142158645564	-0.8554437020896118	0.2340463056468803	0.1684479408119841	-1.210707045880224	1.035337717306099	-0.2080044144273604	0.7995007138269007	3.683594992970168	1.122093451820993	-1.420558427794476	0.8931004322435427	0.3878242953232987	0.4103908808943111	0.01017302538302975	0.113887541095341	0.01003172347643546	0.1384799177574796	0.05663156437314214	0.01002361162945179	0.02222351515582138	0.01005398792582642	0.1104755350993367	0.01294031228356031	0.04489865400261924	0.01042727715400061	0.08299525302113991	0.01115827015202753	0.01011491894171383	0.06132539082690213	0.03719297518308233	0.04910982515383022	0.01186880070530167	0.01009392639247082	0.1063149661767325	0.01003505688614788	0.1254835328874171	0.05470745840003749	0.0100272283989857	0.02487089946154489	0.01006500087932359	0.1045282652038688	0.01015140404328707	0.05088415069852536	0.01008032613061587	0.09563471868321717	0.01112802366569116	0.01008127928810807	0.1143350106141971	0.09630382904869507	0.01014380950692472
0.7969000229514305	-0.2014337087145248	1.14073835504862	0.9045063545755133	0.1054856658541719	0.5786951746614792	0.06549770013303809	-0.04505605438014586	-0.8505481962260504	0.2352876164572157	0.1701361220091075	-1.34397159485313	1.03976961779283	-0.2167769251929137	0.9931129458851038	3.750009617941207	1.291178361101467	-1.492862510257755	1.05074643663785	0.1266490665479554	0.2576098483550949	0.010149985198823	0.1116316653481095	0.0100330403897371	0.134888814031164	0.05588259787251334	0.01002497507634275	0.02308517071257822	0.01005814988430659	0.1086815235960254	0.01212672596385879	0.0468762074811535	0.01032521310630554	0.08653407525444157	0.01111170265347078	0.01010361633068464	0.07716825873436703	0.05960775967568893	0.03842395513866122	0.01222565042784184	0.01009496162139219	0.10309756197347	0.01003721488847749	0.1211109694767884	0.05306384230072109	0.01002915308944934	0.02555821184284788	0.01007092893713414	0.1018987722762073	0.01015422119864562	0.05324183417674085	0.01007818183562429	0.09798495738270929	0.01088722349129504	0.01007214602100113	0.1282697676340447	0.1394927023133029	0.01007302124055944
0.8019436939827685	-0.2084998933888795	1.145996744807881	0.903398709156218	0.1108843528570108	0.5976965435090859	0.07238457977957867	-0.05273208347964148	-0.8448184337650765	0.2356338345283349	0.1710477561007359	-1.455049196414692	1.045547101505826	-0.2220076762991841	1.141448722444802	3.779775155260416	1.436523388681275	-1.5479720304925	1.22308008832774	0.02720879569351392	0.1042492079822612	0.01013481152448617	0.1090418483578578	0.01003482790197956	0.1309852167314347	0.05478700281387044	0.01002665595746436	0.02378865269119245	0.01006323724169545	0.1065861760946871	0.01155250501489285	0.04899320922866915	0.01025259926072757	0.08970540735527169	0.01101829568560317	0.01009328516534651	0.09200762826581906	0.08289116544423697	0.0305015895780873	0.01275992792876398	0.01010154734055282	0.09916043849914441	0.01004083398492055	0.1158490923051382	0.05065989550268189	0.01003207481012152	0.02552926100859315	0.01007951915973109	0.09855118343919185	0.01018025689938303	0.05591071230029399	0.01007850781403224	0.09997081119947221	0.01070882821540054	0.01006521450577908	0.1413751844159639	0.1562943267801459	0.01005830068519324
0.8069873650141067	-0.2160812291388819	1.151286890323749	0.9022712985144932	0.1169371552530732	0.6167730988484317	0.0799561449415737	-0.06064079952587983	-0.8381927529100869	0.2357292254825386	0.1711913791475153	-1.548247834184389	1.052361936531775	-0.2246145586504614	1.252493618644677	3.779823811188638	1.562681205308643	-1.585131393263694	1.406010841639417	0.02718694213118485	-0.04693461547763784	0.01012608705599173	0.1061081880804163	0.01003715841594859	0.1267338420365853	0.05333418348496463	0.01002870471007522	0.0242803648690632	0.01006936296533066	0.104173072298672	0.01115505459040348	0.05125236117637609	0.01020158996070605	0.09255902023061321	0.01089972260447448	0.01008396155005683	0.1060514715512207	0.103629998226422	0.02471523408749535	0.01329420542968611	0.01010813305971346	0.09522331502481883	0.01004445308136361	0.110587215133488	0.04825594870464268	0.01003499653079369	0.02550031017433843	0.01008810938232803	0.09520359460217646	0.01020629260012044	0.05857959042384713	0.01007883379244018	0.1019566650162351	0.01053043293950604	0.01005828299055704	0.1544806011978832	0.1730959512469889	0.01004358012982704
0.8120310360454449	-0.2240941173542653	1.156613509239622	0.9011357579062044	0.1234682216672525	0.635785900497073	0.08812249385940099	-0.06868125301808901	-0.8306247049283582	0.2359132211173324	0.1705867887395788	-1.626988855095961	1.059939323575998	-0.2254739390285406	1.33283117994091	3.755910538659439	1.673209223714322	-1.599205982307834	1.59580591079681	0.04368341146219717	-0.1897042089574275	0.0101234377409685	0.1028037287295184	0.010040282365502	0.1220979439366716	0.05152650292822646	0.01003127495824229	0.0242883374176442	0.01007657423318012	0.1014968863748298	0.01089034424602522	0.05360922581790365	0.01016576182381859	0.09513396816869414	0.01077715340584455	0.01007563848873826	0.1192528344054058	0.1226447896835751	0.02051278981051787	0.01268419983760014	0.0101251914946448	0.09042995988952032	0.01005077993673705	0.1043942178708717	0.04517609321280193	0.01003964881021366	0.02322456656494311	0.01009908215573874	0.09167443754056999	0.01029660558189993	0.06123169404099538	0.01008070574194026	0.1035659596518138	0.01043915234839176	0.01005332081519666	0.1650929260772384	0.1888502961420606	0.01003718665084873
0.8170747070767831	-0.2324713680059881	1.161979890532881	0.8999988315639695	0.1303366692107752	0.6546245766981957	0.09681051668743157	-0.07673222368667416	-0.8220871523662163	0.2361487859588999	0.169309072770632	-1.692730864097418	1.068129173191296	-0.2251640528318917	1.386277573609668	3.710776703851978	1.769543987144296	-1.58930183815102	1.790454860342731	0.04763601832191371	-0.3138535151500108	0.01012663002835488	0.09910932360905027	0.01004435584374387	0.1170510710709247	0.04936499438552638	0.0100344624545846	0.0236388852993422	0.01008490044838543	0.09859550830687197	0.01073056752166107	0.05603555587593541	0.01014110511182662	0.09745497858480663	0.01066381446413234	0.01006831160291136	0.131567858571576	0.1403434201539798	0.01749512124518121	0.01207419424551418	0.01014224992957614	0.08563660475422183	0.0100571067921105	0.09820122060825531	0.04209623772096117	0.01004430108963364	0.02094882295554778	0.01011005492914946	0.08814528047896353	0.01038691856367942	0.06388379765814363	0.01008257769144035	0.1051752542873925	0.01034787175727748	0.01004835863983627	0.1757052509565935	0.2046046410371323	0.01003079317187042
0.8221183781081213	-0.241149047436089	1.167388906415154	0.8988656029570781	0.13741321388018	0.6731855091792707	0.1059501165530691	-0.0846803197987248	-0.8125581629530654	0.2363706116175835	0.1674665004849473	-1.74575990119868	1.076833750495045	-0.2240820633230516	1.415702196981038	3.645555578891656	1.851797295521522	-1.559767603297233	1.988760178763659	0.03887239339512503	-0.4112469239523373	0.01013603143044367	0.09500463212851518	0.01004980325945598	0.1116289148210831	0.04690398679301263	0.01003857367095889	0.02220479072033526	0.01009418024226507	0.09552051165257415	0.01100789083088975	0.0584986853658202	0.01012394177902863	0.0996434035682912	0.01056407017488753	0.01006184594838634	0.1431124011930935	0.1566407036441065	0.01532834336949973	0.01214015711620308	0.01017337247129758	0.07996656953772037	0.01006808121853155	0.09155143138681848	0.03872228168508015	0.01005217252235448	0.0165270465014789	0.01012221294517513	0.08458793907195242	0.01284051632422371	0.0664482457735375	0.01008295642141562	0.1071861072412729	0.01030329656119456	0.01004451457978889	0.1850139859144398	0.2159524521206461	0.01002747334104285
0.8271620491394593	-0.2500559600981357	1.172843192112557	0.8977396543247754	0.1445756912568623	0.6913606529723038	0.1154615382204307	-0.09243948923405031	-0.8020195709917622	0.2365262423964698	0.1652166373661518	-1.783630223161326	1.086080310303819	-0.2222772766977182	1.420353034536172	3.557797381699031	1.916984928275661	-1.5143855023334	2.19079918949799	0.02138732788598777	-0.4753592242377483	0.01015187075481404	0.09047509694698903	0.01005688913559798	0.1058569064531547	0.04417938933942949	0.01004379962589959	0.0199005430409401	0.01010431303407048	0.09230781343410585	0.01192807475757871	0.06097775973213432	0.01011197759944802	0.1017796591374312	0.01048064361153486	0.01005615738932816	0.1539487039253903	0.1714516234905629	0.01378714797267991	0.01220611998689198	0.01020449501301902	0.07429653432121891	0.01007905564495259	0.08490164216538167	0.03534832564919912	0.01006004395507533	0.01210527004741003	0.0101343709612008	0.08103059766494131	0.015294114084768	0.06901269388893139	0.01008333515139089	0.1091969601951534	0.01025872136511164	0.0100406705197415	0.194322720872286	0.2273002632041599	0.01002415351021529
0.8322057201707975	-0.2591089180609624	1.178345619923206	0.8966248297712368	0.1516944278183465	0.7090288957676049	0.1252506833101728	-0.09993505056681039	-0.7904510989743375	0.2365751417511194	0.1627303574130878	-1.80053817482223	1.096006180212292	-0.2194725109968932	1.395226336376021	3.441257653479169	1.958221451650412	-1.455822689562775	2.397157794359521	-0.00263563023846632	-0.5113880042282705	0.0101717379515163	0.08553108818205311	0.0100662431418831	0.09982332126085532	0.04136331163088998	0.01005076685797576	0.01755254408627428	0.01011523316424847	0.08907075763155456	0.0148853565325732	0.06342769783663396	0.01010327235604593	0.1039826123262401	0.01041221591806482	0.01005118988817297	0.1640466680519878	0.1849047902349302	0.01268717023346973	0.01218376422964094	0.01023288681009448	0.06793541295422832	0.01009738520697937	0.07831888418614887	0.03267093320646154	0.01007420240433936	0.01146751024116986	0.01014781012084821	0.07807554998370866	0.02815907231211952	0.0712848136288159	0.01008154321906425	0.1120210293882078	0.01023816747748339	0.01003801755273648	0.2016320177634738	0.2358739888607719	0.01002228490359281
0.8372493912021357	-0.2681615053522071	1.183900722952854	0.8955289770328262	0.158576582539691	0.7260026871207125	0.1351487397946863	-0.1071041313877936	-0.7778322169460925	0.236493213265695	0.1600495546347478	-1.783483238409342	1.106967960849475	-0.2147542582469575	1.326539683777333	3.282421990455986	1.96017227904822	-1.384924040820464	2.60732516982132	-0.03049069470290876	-0.5524946376962372	0.01019413074826659	0.08017967051284763	0.01007825771656274	0.09359139696831045	0.03857028425003616	0.01005986586561897	0.01569313838359958	0.01012689970979394	0.08588801188491679	0.02070807371569069	0.06581943644222076	0.01009661625649212	0.106331816719542	0.01035796078697681	0.0100469085043515	0.1733781372913925	0.1970587215913979	0.01190866787324584	0.01216140847238989	0.01026127860716993	0.06157429158723773	0.01011571476900616	0.07173612620691606	0.02999354076372396	0.0100883608536034	0.01082975043492969	0.01016124928049562	0.07512050230247602	0.04102403053947104	0.07355693336870041	0.01007975128673761	0.1148450985812622	0.01021761358985514	0.01003536458573146	0.2089413146546616	0.244447714517384	0.01002041629697032
0.8422930622334739	-0.2770219893914896	1.189514350643906	0.8944631506127951	0.1649809391246468	0.7420474029046186	0.1449334744224163	-0.1138853663290462	-0.764145426064176	0.2362631715976296	0.1571206009090075	-1.724115441984715	1.119231812642896	-0.207571563415809	1.206040975085782	3.072874335903122	1.912955073635162	-1.302964692385281	2.820182075464399	-0.06087503046870675	-0.6116899485359928	0.01022089958520589	0.07442864740431399	0.01009510156753536	0.0871634511627082	0.03584931805029423	0.0100729880387755	0.01425617248561556	0.01014111309977463	0.0826707841255612	0.02716221821521844	0.06807929424250783	0.01009157950716705	0.1087490878664556	0.01031488728283981	0.01004329491801676	0.1818854578413351	0.2079958752873291	0.01135473351999351	0.01211289595346112	0.01030671162975883	0.0545497087358431	0.01015341215207992	0.0648296573121719	0.02769528179756929	0.01011903237501866	0.01069222377311241	0.01018784305414192	0.07160204774806712	0.04528489585659053	0.07516925073823384	0.01007927348370984	0.11736387534707	0.010205986756257	0.01003396507824022	0.2139265833366355	0.2505395785277197	0.01001938638440451
0.8473367332648121	-0.2854936591209853	1.195192724945399	0.8934382923254471	0.1706719114650755	0.7569290064775891	0.1543759939203312	-0.1202362952513413	-0.7493821170633138	0.2358776753594192	0.1538515156521556	-1.629304146274713	1.132642359537565	-0.1985088955063966	1.043656743644741	2.82120546615349	1.824471465767215	-1.214291968881405	3.034203969781509	-0.0921341163899979	-0.6873692277979935	0.01025319774847422	0.06828346389341447	0.01011812624185449	0.08054140851521406	0.03323268328036515	0.01009131213105005	0.01319714647494686	0.01015899552560779	0.07935776771084244	0.03290937249041728	0.07015924464706924	0.01008789413648666	0.1111820813369031	0.01028112757396237	0.01004033770302897	0.1895218929864816	0.2177551277892194	0.01096368577502691	0.01206438343453235	0.01035214465234772	0.04752512588444846	0.01019110953515368	0.05792318841742773	0.02539702283141462	0.01014970389643392	0.01055469711129513	0.0102144368277882	0.06808359319365824	0.04954576117371003	0.07678156810776726	0.01007879568068206	0.1198826521128779	0.01019435992265886	0.01003256557074897	0.2189118520186094	0.2566314425380555	0.0100183564718387
0.8523804042961503	-0.2934136665000314	1.200941200159249	0.8924626058581241	0.1754602061127436	0.7704549795962797	0.1632865037706065	-0.1261319410782704	-0.7335397416170842	0.2353355899486659	0.1501432643658136	-1.508704720402371	1.146940866920398	-0.1883311249881034	0.8525044161184703	2.539293144638979	1.705883616404263	-1.123917364572415	3.247638375040208	-0.1224690373534209	-0.7850396664512775	0.01028236864172306	0.06172093400906526	0.01015197758789496	0.07382842618738583	0.03094734973369991	0.01011948498116209	0.01241199983463208	0.01017953713202928	0.07614574734089358	0.03751487260951037	0.07198571217148701	0.0100851882622415	0.113569026495437	0.01025528737495645	0.01003797756012752	0.1962992062812813	0.2263998915784193	0.01068587921601735	0.01200533195040941	0.01035255721071194	0.03965204458767496	0.01027126653265601	0.05144915778560869	0.0248328607212467	0.01022087936289742	0.01047551923384552	0.01024183023040598	0.06584449409727759	0.04920941294605952	0.07747707087761448	0.01007861199379119	0.1219472115990412	0.01019231189875898	0.01003209471617244	0.2220012765077486	0.260518282816307	0.01001790199649541
0.8574240753274884	-0.3006866190290294	1.206763344705901	0.8915390901054653	0.1792454627607277	0.782513015664744	0.1715536853985854	-0.1315773682150722	-0.7166244871388606	0.234645854512038	0.1459128649838131	-1.372723236886535	1.161854943918099	-0.1778212993743458	0.6459154979274288	2.239114746548466	1.569368300562132	-1.035763794772688	3.459639738776737	-0.1506827508865916	-0.8944200413798182	0.01030301654973053	0.05472488721455605	0.01019955026498769	0.06709778941296504	0.02914099284265127	0.01016040201459262	0.01183393337435232	0.01020210847124061	0.07316982059730946	0.04070052278270531	0.07350994946283719	0.01008323004646375	0.1158683061277731	0.01023649623184539	0.01003617752090765	0.2022183222597942	0.2339623906075082	0.01049004091577724	0.01194628046628646	0.01035296976907616	0.03177896329090145	0.01035142353015834	0.04497512715378966	0.02426869861107878	0.01029205482936092	0.01039634135639592	0.01026922363302375	0.06360539500089697	0.04887306471840901	0.07817257364746168	0.01007842830690032	0.1240117710852046	0.01019026387485911	0.01003162386159591	0.2250907009968879	0.2644051230945584	0.01001744752115211
0.8624677463588266	-0.3072550832947439	1.21266168683951	0.8906679137052739	0.1819753573516996	0.7930345711198824	0.1791106652238386	-0.1365909534266682	-0.6986456471486905	0.2338208445517085	0.1411134269536134	-1.232679550443858	1.177063519783262	-0.1678135117348659	0.438120143541078	1.933767383058974	1.428177838995552	-0.9536564986798121	3.669443195765598	-0.175949002626355	-1.00992846567027	0.01031079419517889	0.04720214116399105	0.01026683192142483	0.06060505510490289	0.02790507703178364	0.01032113878298368	0.01140901349171524	0.01022930951786287	0.07032557315406769	0.04230134067433849	0.07467137339142815	0.01008186097289845	0.1179881588781216	0.01022407733021607	0.01003489968750606	0.207270621859473	0.2404993662515001	0.01035107643184278	0.01219579448580383	0.01030815889576951	0.02252243927926566	0.01049784442909559	0.04031542845756819	0.0252362976843005	0.01108242203935481	0.01037497230157009	0.01031752193956243	0.06104329677562855	0.0443248590345741	0.07779558023339035	0.01007871328494974	0.1251638406899288	0.01019792268926724	0.01003202775677588	0.2261946280308577	0.2663619842752965	0.01001749528999934
0.8675114173901648	-0.3131288113720856	1.218636889125223	0.8898444668422425	0.1836803904738192	0.8020266563314368	0.1859695577446317	-0.141210849689419	-0.6796114202419681	0.232876190351629	0.1357133084203944	-1.097234933386265	1.192332804829844	-0.1588947925363709	0.2395204488058512	1.632623865737122	1.292551157020197	-0.8796517302740009	3.878139244524104	-0.1981260671010845	-1.132611826465249	0.01030298996146298	0.03908739479959568	0.01035755129667333	0.05452852833179726	0.02729571815894729	0.01066827976069946	0.01110304448753367	0.01026276072530083	0.06754128688836476	0.04219151720052373	0.07542893784873923	0.01008098222320953	0.1198661622731065	0.01021760815961014	0.01003412043385406	0.2114441502896301	0.2460425685238821	0.01025326103614248	0.0124453085053212	0.01026334802246285	0.01326591526762987	0.01064426532803284	0.03565572976134671	0.02620389675752223	0.0118727892493487	0.01035360324674425	0.01036582024610111	0.05848119855036014	0.03977665335073919	0.07741858681931905	0.01007899826299915	0.1263159102946531	0.01020558150367538	0.01003243165195585	0.2272985550648277	0.2683188454560346	0.01001754305884656
0.872555088421503	-0.3183425463137519	1.224689002335963	0.8890625336502257	0.1844203256275354	0.8095213929916661	0.1921722440532146	-0.1454797512697474	-0.6595225376511559	0.2318262575143672	0.1296827869403394	-0.9734981974233841	1.207526011660861	-0.1514965959120499	0.05823108760950914	1.341654539138878	1.171046041135228	-0.8146741877140441	4.090571068981753	-0.2180644138104656	-1.255618879139543	0.01028829522739058	0.03172036900963697	0.01047813623345922	0.04894694167409094	0.02712655764224071	0.01354286450447424	0.0108778862926185	0.01029364244611812	0.06517733675270619	0.03976487898512157	0.07574770631542131	0.0100807414932633	0.1214011777516919	0.01021681381107966	0.01003385106023683	0.2147886608288057	0.2506841255719618	0.01018399246765328	0.01258227893649489	0.01024368948026036	0.01213336445266909	0.01087932015268744	0.03227322673126643	0.02715076316015108	0.02825761183750132	0.01032084493709925	0.0103694832615433	0.05864513062885703	0.02759393930175065	0.07596063357134043	0.01008122036617544	0.1261575263373022	0.01022335673691869	0.0100339058605663	0.2269593690643248	0.2689646259082469	0.0100180500771231
0.8775987594528412	-0.3229820743286125	1.230817360995719	0.8883129775175614	0.1843115683534396	0.8155840016118467	0.1978227021380025	-0.1494443856707625	-0.6383208542688005	0.230677975624384	0.1230786371588	-0.8695408893293004	1.222566913501441	-0.1460561045328845	-0.09701713376911275	1.064732727796195	1.073572472415806	-0.7589986672505956	4.31940545152199	-0.2371250628892287	-1.360076424210348	0.01027212917687333	0.02602316433169235	0.01063258632625646	0.04391135786904346	0.02727642237116918	0.02033880682288076	0.01070956966713094	0.0103164573740494	0.06347617242422082	0.0345888071815755	0.07560304577438937	0.01008123084707972	0.1225234136936644	0.01022152258352758	0.01003409860793598	0.2173347050172478	0.254484356756047	0.01013539474204855	0.01271924936766859	0.01022403093805787	0.0110008136377083	0.01111437497734205	0.02889072370118616	0.02809762956277993	0.04464243442565394	0.01028808662745426	0.01037314627698549	0.05880906270735392	0.01541122525276211	0.07450268032336181	0.01008344246935173	0.1259991423799512	0.01024113197016201	0.01003538006917675	0.2266201830638221	0.2696104063604593	0.01001855709539964
0.8826424304841792	-0.3271577459696777	1.237021165813936	0.8875854134944434	0.1834964568688779	0.8202884349061254	0.2030553497841326	-0.1531520469995582	-0.6159022349433435	0.2294345122767705	0.1160196414442332	-0.7887358822315	1.237506200695377	-0.1426835425047285	-0.2230429214958385	0.801728814570064	1.004512298575929	-0.7124819838594065	4.573995621434455	-0.2558947827610792	-1.434098825544256	0.01025690080202165	0.02170893119590009	0.01084015954727148	0.03949065755253951	0.02764195173668811	0.02789115338286778	0.01058301328779147	0.01033332958946222	0.06226217742487367	0.02883896156759969	0.07502610901970866	0.01008254368151673	0.1232415905772106	0.0102323185650639	0.01003489446167579	0.2190947696809165	0.2575566243605569	0.01010116238097098	0.0129276809456965	0.01021703798104318	0.01084438047485301	0.01154231756090782	0.02695179702862999	0.02898834116313821	0.04861914029417175	0.01027075118602062	0.01037443006270668	0.05897846840225728	0.01296990721248866	0.07234871261515347	0.01008772960590006	0.1250646422237408	0.01027369828801223	0.01003809135511342	0.2247213703277346	0.2695414620776949	0.01001951726294095
0.8876861015155174	-0.330963241434659	1.243300889076012	0.886871320323172	0.1820935487909085	0.8236812172573073	0.2079873226353151	-0.1566441185087932	-0.5921450944346822	0.2280972709814151	0.1086625730868381	-0.7227524989706475	1.252671352667686	-0.1407144191740977	-0.330099977515443	0.5446151644523828	0.9543439211997998	-0.6735094201294352	4.850178047971574	-0.2743114484502521	-1.47827312704651	0.01024411235277599	0.01856363267888302	0.01111283277925172	0.03572692048350812	0.02815712498859379	0.03431581838772585	0.01048876915189255	0.010345582760775	0.06141535586399657	0.02397040336181139	0.07403648858373499	0.01008473821062699	0.1235604818082886	0.01024956562721839	0.01003625818180412	0.220074264694037	0.2599796475390756	0.01007735990197966	0.0131361125237244	0.01021004502402849	0.01068794731199772	0.01197026014447359	0.02501287035607382	0.02987905276349649	0.05259584616268956	0.01025341574458699	0.01037571384842786	0.05914787409716064	0.01052858917221521	0.07019474490694512	0.01009201674244838	0.1241301420675304	0.01030626460586245	0.01004080264105008	0.2228225575916472	0.2694725177949305	0.01002047743048226
0.8927297725468556	-0.3344570735393573	1.24965828103048	0.886164911649033	0.1801790300210776	0.8257773238811079	0.2126952291636868	-0.1599555950752245	-0.5669506507807546	0.2266666951910576	0.1011534899382916	-0.6624116591552124	1.268407910412247	-0.1394208557970574	-0.4291007775562167	0.2850760823477086	0.9125084091798106	-0.6404704155928668	5.142321909913271	-0.2931542931455153	-1.496586481181194	0.01023201632530133	0.01627160026688299	0.01146617146787047	0.03258096786837434	0.02885853815057028	0.04003602258640188	0.01041679705618634	0.01035446520366913	0.06080678288521221	0.02009625856987889	0.07273833568817335	0.01008743845664146	0.1236520552092612	0.01027620691366199	0.01003811333655822	0.2204514964191482	0.2618305242754115	0.01006080894970684	0.01344428158737258	0.01019660943481717	0.01061394008915724	0.01263030846999749	0.02400625005154526	0.03131920457353571	0.05688490632722266	0.01023548036466858	0.01037584591553608	0.05910941038731047	0.01039611405767408	0.06799750844611251	0.01009563242826555	0.1237687355920729	0.01037080633611842	0.01004415475747564	0.2209601247104442	0.2687879590458174	0.01002170203235955
0.8977734435781938	-0.3376425106824578	1.256097174619226	0.8854647488140686	0.177764819836143	0.826541830137863	0.217192059015258	-0.1631134204740954	-0.5402527438379602	0.225138205468481	0.09359389946839791	-0.6004626194229354	1.284989730993412	-0.138237715549478	-0.5282458961160807	0.01658692523489285	0.8706443003003705	-0.6125811135968756	5.44635622045525	-0.3131379030634698	-1.498301126892612	0.01021952300323214	0.01461881287796394	0.01190983087424464	0.03002212983845274	0.02976919352177292	0.04529623754845601	0.01036082210525501	0.01036075507283625	0.06035029348837886	0.0172807355355123	0.07120113569204953	0.01009041005530086	0.1236344270154386	0.01031407651882996	0.01004041228394791	0.2203534135769363	0.2631636859700671	0.01004952712366885	0.01375245065102076	0.01018317384560586	0.01053993286631676	0.01329035679552138	0.02299962974701672	0.03275935638357493	0.06117396649175576	0.01021754498475017	0.01037597798264431	0.0590709466774603	0.01026363894313294	0.06580027198527989	0.0100992481140827	0.1234073291166155	0.01043534806637438	0.0100475068739012	0.2190976918292411	0.2681034002967042	0.01002292663423683
0.902817114609532	-0.3404999359807444	1.262622275466258	0.884771092649989	0.1748370287039931	0.8259193237976951	0.2214644101106046	-0.1661417629701518	-0.5119985193911415	0.2235052280775327	0.08606746177554706	-0.5309653656154176	1.30263963280837	-0.1367750321354123	-0.6342969369939548	-0.2655909283305212	0.8218961316731606	-0.5889483572058302	5.756852156268845	-0.3345943759800371	-1.477121958874724	0.01020795040180293	0.01342685155786191	0.01229455432299473	0.02820016614102178	0.03074968585485723	0.04980075869179788	0.0103141495393805	0.01035472212243737	0.06067141725957555	0.01523674834282533	0.06953080736210047	0.01009335969137392	0.1236119898688243	0.01036656625171324	0.01004303232392498	0.2198848990826462	0.2640317420799101	0.01004188129562515	0.01370348743716855	0.01017748198818774	0.01052711995281445	0.01316129984766378	0.02410396483916521	0.0336821780338363	0.06234661971587724	0.01018818010979697	0.01030786972686907	0.06382622120212611	0.01021904800011277	0.0639149015780808	0.01010150693436236	0.1236641354759474	0.01054434480818688	0.01005095206501772	0.2172421806642555	0.2668633374262898	0.0100241109591478
0.9078607856408701	-0.3429819398593217	1.26923924531569	0.884085529278026	0.1713506469708456	0.8238409604077034	0.2254666363452635	-0.1690612127959168	-0.4821877096477265	0.2217610500448077	0.07878530532452492	-0.451594297989823	1.321419149897727	-0.1350286275329233	-0.7497474960571744	-0.5607136325953571	0.7635299149505467	-0.5694011878324041	6.063599211077811	-0.3572330238517726	-1.401434681414278	0.01019812034728284	0.01257931748341845	0.01252743678739725	0.02720759731000073	0.03171188262539155	0.05335983398764658	0.0102726006748415	0.01033029776052084	0.06217817469856789	0.01377129195194725	0.06779866142311394	0.01009610452905175	0.1236568629494197	0.0104357889980134	0.01004589697652615	0.2191215906678815	0.2644722482846635	0.01003685320015554	0.01365452422331635	0.01017179013076962	0.01051430703931214	0.01303224289980619	0.0252082999313137	0.03460499968409767	0.06351927293999872	0.01015881523484378	0.01023976147109384	0.06858149572679191	0.01017445705709259	0.06202953117088171	0.01010376575464202	0.1239209418352793	0.01065334154999938	0.01005439725613424	0.2153866694992699	0.2656232745558754	0.01002529528405877
0.9129044566722082	-0.3450375431113671	1.27595371989836	0.8834093119555158	0.1672577193458451	0.8202467684374983	0.2291486466521559	-0.1718935529295783	-0.4508571586634704	0.2199005519405464	0.07203947554739566	-0.363063058711257	1.34120914442936	-0.1331829838637415	-0.8730596811893264	-0.8636571913875264	0.6961783302243864	-0.5551808484788349	6.355286867256498	-0.3805669767344848	-1.276233209114912	0.01018868279895582	0.01198176037984112	0.01251255781969531	0.02746465574805055	0.03259182925002169	0.05585241182857018	0.01024025139144231	0.01030600486765844	0.06377148439899864	0.01271633916962328	0.06609177197558208	0.01009807800846969	0.1239378772449154	0.01064505430234289	0.01004890103501972	0.218101402096497	0.2645727658820705	0.01003357264506018	0.01391085700947626	0.01016083734238582	0.01056125738908189	0.01197288453833184	0.0307501673515209	0.03505558669942983	0.06177792058782275	0.01016609270834847	0.01025490387443914	0.06782024673719064	0.01014953046659344	0.06065787171997872	0.0101019456787592	0.1256658858830306	0.01159526095568577	0.01005765041923478	0.2132940739053781	0.2643604103065597	0.0100260794888981
0.9179481277035464	-0.3466395955395211	1.282769424793004	0.8827413939833126	0.1625456947317143	0.8151376070543037	0.2324857604567421	-0.1746761950655131	-0.4181284091456409	0.2179216922101588	0.06588427156039435	-0.2717448109246663	1.361560670364317	-0.1317376316493198	-0.9952420913315716	-1.161454403778115	0.6267658396321523	-0.5496941143215011	6.618036058098125	-0.4041677368393184	-1.167229958155698	0.01017879597521145	0.01157382632374393	0.01218954345700824	0.02922840301951678	0.03334891913580236	0.05719092808258047	0.01021964313982824	0.01029339545167452	0.06473373393116344	0.01196294659011887	0.06446866814626516	0.0100989269587104	0.1245712941991576	0.01107101813743677	0.01005197892344942	0.2168517564857175	0.2643973397461474	0.01003149715482607	0.01416718979563617	0.01014988455400202	0.01060820773885164	0.0109135261768575	0.0362920347717281	0.03550617371476201	0.06003656823564677	0.01017337018185317	0.01027004627778444	0.06705899774758939	0.01012460387609429	0.05928621226907575	0.01010012560287638	0.1274108299307819	0.01253718036137217	0.01006090358233532	0.2112014783114864	0.263097546057244	0.01002686369373743
0.9229917987348846	-0.3477851808766908	1.289688455739952	0.8820788687287878	0.1572355892974337	0.8085617998636176	0.2354798063942551	-0.1774582755934278	-0.3841740767021072	0.2158238317563789	0.06016622859150637	-0.1844055344091708	1.38204905405673	-0.1312293665944343	-1.107263489122511	-1.440748247246985	0.5627678189235042	-0.5555647865293502	6.835119095218703	-0.4277052603989062	-1.099279097001824	0.01016894249645738	0.01130458860207311	0.01178463519068227	0.03199571201746509	0.0340297755818135	0.05761408064547314	0.01020340858321934	0.01027852794743551	0.06614796737779605	0.0114220399873491	0.06298614282127081	0.01009865696918649	0.1255052575575332	0.01314811298599483	0.01005491141412584	0.2154367971763159	0.263955204898863	0.01003020541687132	0.01466330340238642	0.01014115955916584	0.01069971498350522	0.01071223092655359	0.0415326543097404	0.03602453514665346	0.0576117800330875	0.0101563916303918	0.01021821824848356	0.07286204367853043	0.0101126741463559	0.05848637249888135	0.01009609261096726	0.1294515456647961	0.02324653969856946	0.01006288474665771	0.2092423979358613	0.261372079834516	0.01002732972224275
0.9280354697662228	-0.3485187604620572	1.296710232337687	0.8814151014294411	0.1514080779251473	0.800658207160753	0.2381856411096307	-0.180301169596629	-0.3492909767028988	0.2136073372841198	0.05480458704123307	-0.1083694643147174	1.402303078079977	-0.1322301478533377	-1.200412466039898	-1.68796991331591	0.5124795509504471	-0.5738088810476173	6.986326356591929	-0.4512104633322964	-1.025903762351392	0.01015942327606409	0.01114187780773862	0.01143954087937488	0.03544477120492431	0.03466392167512244	0.05726939421910991	0.0101869529573097	0.01025270765493686	0.06871922529379229	0.01103694880602668	0.06168196791183586	0.01009727151321643	0.1267036566440824	0.01774216156510179	0.0100575618594918	0.2139033303105493	0.263252926551003	0.01002943480688757	0.01515941700913668	0.01013243456432965	0.0107912222281588	0.01051093567624967	0.04677327384775269	0.0365428965785449	0.05518699183052822	0.01013941307893044	0.01016639021918268	0.07866508960947147	0.01010074441661751	0.05768653272868698	0.01009205961905815	0.1314922613988102	0.03395589903576676	0.01006486591098009	0.2072833175602362	0.259646613611788	0.01002779575074808
0.9330791407975609	-0.3489113050922253	1.303832827056032	0.8807414570193193	0.1451752274522063	0.7916139867273922	0.2406881280565138	-0.1832702931731443	-0.3138470217377088	0.2112733047635039	0.0498893496245184	-0.05028806907870149	1.421931199009746	-0.1352001684663731	-1.266489782930861	-1.890607255090121	0.4833087132492934	-0.6061025336151279	7.053156564958042	-0.474243999834057	-0.9170230195577737	0.01015069291962243	0.01105718523663614	0.01115682362873581	0.03898946794574351	0.03519026836103858	0.05642144649839412	0.01017104513938006	0.01022336071737156	0.0721564850102261	0.0107612296242315	0.06060154077740861	0.01009502914953652	0.1280622638498528	0.02300528455982566	0.01005961768426148	0.2123120905200819	0.2623070495330693	0.01002899662064027	0.01536441155541509	0.01012732248107389	0.01090983077486096	0.01044490121751095	0.04944208914711532	0.03654885451908725	0.05311968059981287	0.01012697293286416	0.01014077684418685	0.08476272656029715	0.0100961574464686	0.0575592727137255	0.01008747027479713	0.1332329410279854	0.0378564652444922	0.01006425875908713	0.205643513683257	0.2575642796097586	0.01002808207854387
0.9381228118288991	-0.3490562877064905	1.311052377076561	0.8800482076451972	0.1386794773400141	0.7816655548051827	0.2430958504783412	-0.1864408089203367	-0.2782981270446119	0.2088242301854672	0.04561624476675753	-0.01020207215569195	1.440749400846488	-0.1400042329837766	-1.304661786778262	-2.04652283385922	0.4749019513846656	-0.653668241089523	7.027938796395932	-0.4968288460168595	-0.7712747214205596	0.01014303485207988	0.01103261916020887	0.01093803883271362	0.0422659505342052	0.03556974021357624	0.0552424569340237	0.01015616455277415	0.0101951183946387	0.07626771093521392	0.01056562611262942	0.05977458041155443	0.01009209105264945	0.1295094797204188	0.02782087571330341	0.0100608840501711	0.2107074829481606	0.2611296487191472	0.01002877323374819	0.0155694061016935	0.01012221039781812	0.01102843932156312	0.01037886675877222	0.05211090444647796	0.0365548124596296	0.05105236936909752	0.01011453278679788	0.01011516346919103	0.09086036351112282	0.01009157047631969	0.05743201269876404	0.01008288093053612	0.1349736206571606	0.04175703145321764	0.01006365160719416	0.2040037098062778	0.2554819456077293	0.01002836840633966
0.9431664828602373	-0.349045968402349	1.31836440454386	0.8793262564891102	0.1320650654729724	0.7710529997107167	0.2455145238316764	-0.1898924076774718	-0.2431166103361388	0.2062620316926443	0.0421542988020917	0.0105464953577571	1.458508808884673	-0.1465822030401187	-1.31229779531731	-2.152915699286931	0.4883735944651993	-0.7181979281062917	6.907644798671498	-0.5191957828483309	-0.6048163685617927	0.01013723706652564	0.01107546003576367	0.01076982515956761	0.04545281029074593	0.03574720027228865	0.05348491690463338	0.01014679271460025	0.01017250347112485	0.08011620895471121	0.01042641705096358	0.05924336405328931	0.01008884932521049	0.130909241265072	0.0320803181420543	0.01006124607443577	0.2090703855649415	0.2597401575058592	0.01002868512154695	0.01587801744283499	0.01012434629865169	0.01131444851966484	0.01035333672768037	0.05544783805608772	0.03588687743264325	0.04658260415341311	0.01013317343236183	0.01012105389918805	0.09143972952467416	0.01009267426470009	0.05810492939683068	0.01007943957340421	0.1357939160552614	0.04392075222030621	0.01006072151868944	0.2021654474935018	0.2531301819780781	0.01002856937663281
0.9482101538915755	-0.348987704501414	1.325762553753661	0.8785664920366293	0.1255013615925326	0.7600374051336812	0.2480644384975722	-0.1937176053808972	-0.2087714193750276	0.2035867307235028	0.03948193750940376	0.008809713517168215	1.474899821027837	-0.1549985877652372	-1.284554215608336	-2.206342726792032	0.5269439312416199	-0.8018138849915527	6.696305055034685	-0.5416781138229754	-0.4581755262605085	0.01013379080104378	0.01119021520898641	0.01064379243416945	0.04866132162439922	0.03568702092276251	0.05098293045843627	0.01014572356295871	0.01015833609420106	0.08309603111775651	0.01032873551956216	0.0590351288591613	0.01008554839728634	0.1321680791750773	0.03571293088162506	0.01006063213962774	0.2073868440769289	0.2581528895112253	0.0100286827148809	0.01618662878397647	0.01012648219948527	0.01160045771776656	0.01032780669658852	0.05878477166569748	0.03521894240565689	0.0421128389377287	0.01015181407792579	0.01012694432918507	0.09201909553822547	0.01009377805308049	0.05877784609489731	0.0100759982162723	0.1366142114533622	0.04608447298739478	0.01005779143018473	0.2003271851807259	0.250778418348427	0.01002877034692597
0.9532538249229137	-0.348991366769055	1.333239862346851	0.8777601258529489	0.1191634665041616	0.7488793783540606	0.2508676619869608	-0.1980133603219908	-0.175710168448619	0.2007975420453166	0.03749307824050417	-0.008294191685145743	1.490103975510906	-0.1646110298741529	-1.229533380824449	-2.217281922167668	0.5821840023627903	-0.903761183428421	6.401959131685078	-0.5646352046605352	-0.3214611094874759	0.01013711521905245	0.01139601277747258	0.01058884805887202	0.04879290562252954	0.03454332886749625	0.04801251797852935	0.01014315073058697	0.01014430057320684	0.08692044475969445	0.01026321829025983	0.05903676162919819	0.01008348284000376	0.1327623460366552	0.03617414434754498	0.01005943246006736	0.2056415047953625	0.256365211228054	0.01002871514585579	0.01694318202422433	0.01016194323861104	0.01215486558552501	0.01057377981688235	0.04030126889923901	0.02829239389977845	0.0381693194189119	0.01012354195541682	0.01009586171743997	0.1036324268117816	0.01011706706322527	0.05928203263384136	0.01008082233915068	0.1328867309825719	0.02938438852727262	0.0100554364078656	0.1982608300790579	0.2480155561428669	0.01002881333857581
0.9582974959542518	-0.3490515215300659	1.340793515403822	0.8769074574664585	0.1130897565943028	0.7376804160544397	0.2539123865677512	-0.2028558529526408	-0.1443110001608959	0.1978880561164756	0.03633022497970377	-0.01359162577280915	1.505173192673046	-0.1733591043396052	-1.179795131835678	-2.222575157484721	0.6227079449915245	-1.018615371847883	6.037228509817758	-0.589380372717716	-0.1306339374004502	0.01014996488510965	0.01170472157364201	0.01062299975701267	0.04379551096525375	0.03176224025487252	0.04475699897785384	0.0101329604899606	0.01012521172785119	0.09270036267902235	0.01022400875590884	0.05917340577869015	0.0100834596445584	0.1323281269802049	0.031790947026048	0.01005789027003565	0.2038231788347122	0.2543750898664459	0.01002875070779169	0.01769973526447219	0.01019740427773681	0.01270927345328345	0.01081975293717619	0.02181776613278054	0.02136584539390001	0.0342257999000951	0.01009526983290785	0.01006477910569488	0.1152457580853377	0.01014035607337004	0.05978621917278541	0.01008564646202905	0.1291592505117816	0.01268430406715046	0.01005308138554648	0.1961944749773899	0.2452526939373069	0.01002885633022565
0.96334116698559	-0.3490570191094222	1.348424823164391	0.8760167794689872	0.1071916045621501	0.726398335007219	0.2570647620129519	-0.2082982556963781	-0.1149009512947185	0.1948443725664851	0.03631003467916929	0.02177343198341241	1.521189647970896	-0.1789963967424887	-1.170070980435235	-2.261598763266554	0.6151065958789046	-1.13936189218574	5.61517364411498	-0.6191597249352552	0.1200659188023607	0.01266498462390149	0.01203344274925243	0.01364863813136177	0.03688339593728047	0.02806894396372064	0.04163158517307493	0.01011966584217175	0.01010582557703768	0.09975033275120707	0.01021270733657104	0.05948884839343165	0.01008617221355796	0.1308998473249193	0.02621150525722947	0.01005602768642718	0.2019273632512779	0.2521376276102577	0.01002875870961911	0.01662157501853866	0.02642276947256368	0.0129316605467624	0.03010126783198742	0.01601305490087837	0.01623287920929992	0.03262946793975424	0.01008099537229771	0.01005439647144294	0.1259310016330037	0.01022657262581009	0.06087510686248288	0.01009904588852478	0.1236607773715309	0.01146966590070122	0.01005018459067175	0.193946550028999	0.2416718091771866	0.01002870684700164
0.9683848380169281	-0.3487273624833351	1.35614100186201	0.875110241106969	0.1011755552400664	0.7147618237042848	0.2599939341142629	-0.2143476299527615	-0.08776725194736709	0.1916261570201117	0.03751552894686477	0.1193092729870127	1.538827622774158	-0.1796483188251358	-1.226545719055129	-2.363119715183533	0.5341996565639062	-1.259301772175886	5.134572684632247	-0.6585886915219501	0.3553948130795402	0.01917282079569891	0.01233055603690634	0.02138748484663869	0.03018840402681052	0.02393424092092258	0.03891318981678196	0.01010608037289661	0.01008910754244065	0.1076231189224662	0.01023030503700607	0.0600116248161117	0.01009205272407472	0.1284960864044103	0.02182598880719661	0.01005385849544774	0.1999507941792217	0.2496193217960921	0.0100287200211672	0.01554341477260513	0.04264813466739056	0.01315404764024134	0.04938278272679866	0.0102083436689762	0.01109991302469983	0.03103313597941338	0.01006672091168758	0.01004401383719099	0.1366162451806697	0.01031278917825014	0.06196399455218035	0.01011244531502051	0.1181623042312801	0.01025502773425198	0.01004728779579703	0.1916986250806081	0.2380909244170663	0.01002855736377762
0.9734285090482662	-0.3477133729559946	1.363951602578527	0.8742157038172635	0.09466362285612087	0.7024049392064876	0.2622890808449654	-0.2209896357529886	-0.06318957546024352	0.1881806688556759	0.03975929542106463	0.2884775572491152	1.558124441443326	-0.1742219535108025	-1.359455361284351	-2.53846521908497	0.3683690217246131	-1.377446459627424	4.577632721974513	-0.7105954170282278	0.4773516835542397	0.02874259551783292	0.01260468957613513	0.03099088272346896	0.02451705600203559	0.02021052891742524	0.03698810809631609	0.01009481111844017	0.01007627486877022	0.1156771874529097	0.01156339412276938	0.06073637204886311	0.01009947584261128	0.1255993429762884	0.01848696058617172	0.01005132128186027	0.1978300174626738	0.2467870239647744	0.01002858581725565	0.01489285269603399	0.06165323603357972	0.01336895827082627	0.06025938185696379	0.01016347047220506	0.01080858093814514	0.03284846524002174	0.01006874902828135	0.01004684822031511	0.144131802521404	0.0187989287351388	0.06343334745470851	0.01012165506088563	0.1146790510643603	0.01020235316474169	0.01004338010879045	0.188730056201645	0.2336578839430339	0.01002799833778238
0.9784721800796043	-0.3457598635613019	1.37185594803615	0.8733613433421182	0.08742411607247533	0.6891390308445282	0.2636337305250821	-0.2282721617192246	-0.04193147266373824	0.1844286621897776	0.04175587154998039	0.4918632560896672	1.576000840640076	-0.1637167427079377	-1.515055573643055	-2.72358091768991	0.1572928189644314	-1.513291440710829	3.818240326478718	-0.7801344860519887	0.2573748015688572	0.04077759277488686	0.01286120727986604	0.0407670534202857	0.02040615949507714	0.01745739189193594	0.03610549678406647	0.01008748339698298	0.01006808629792732	0.1235007338821093	0.01499639899259793	0.06165937891997737	0.01010742844295703	0.1225485321342074	0.01608459669382903	0.01004837776221819	0.1955187907008524	0.2436158599031755	0.01002832566438321	0.01424229061946285	0.08065833739976888	0.0135838689014112	0.07113598098712891	0.01011859727543392	0.01051724885159046	0.03466379450063011	0.01007077714487512	0.01004968260343923	0.1516473598621384	0.02728506829202747	0.06490270035723668	0.01013086480675074	0.1111957978974406	0.01014967859523139	0.01003947242178387	0.1857614873226819	0.2292248434690015	0.01002743931178714
0.9835158511109425	-0.3428048189875368	1.379838209881974	0.8725689414617398	0.07949860391907208	0.6751192150563862	0.2639178387315604	-0.2363383861648946	-0.02548766229132685	0.1802718086251941	0.04110002979547492	0.6492714688240984	1.586233933655127	-0.150440740195201	-1.580492897785513	-2.782004122651904	-0.01326626106598545	-1.704650566523507	2.602130272951456	-0.8769861736051162	-0.6760530898627449	0.05234069769142299	0.01315535707397117	0.04977377254020068	0.01743526722267666	0.01543305738192574	0.03541029008104829	0.01008453026368559	0.01006409428181177	0.1306173240409505	0.02042376037899028	0.06277377014850491	0.01011297458265148	0.1197719311372254	0.01435545331096396	0.01004521640822021	0.1930016103136518	0.2400641471125746	0.01002794013136877	0.01320550274877658	0.08506591689737175	0.01412355270095454	0.07578608476620172	0.01010914891509086	0.01044988555846858	0.03265990784160048	0.01008349136106307	0.01005890491639977	0.154764286267488	0.03956935748043141	0.06672661298689146	0.01012211865889051	0.1108368802219455	0.01013504156083156	0.0100359726512515	0.1822902122782757	0.2237578940337558	0.01002663207257973
0.9885595221422807	-0.3395196021361033	1.387826328784584	0.8718443896662981	0.07195733587946217	0.6616185472143657	0.2638163215271796	-0.2456631390602586	-0.01669366157893994	0.1754936739983632	0.03333630872626175	0.6227886371538833	1.578323377810872	-0.1368117029528035	-1.362688730598766	-2.517719772150591	0.004378242905649644	-2.012343993003819	0.784811059656791	-1.026495146059226	-2.561159266427044	0.0617286802878169	0.01352158784558763	0.05744722360873547	0.01531254074448743	0.01397471584687871	0.03434560932922473	0.01008622150707534	0.01006401964232222	0.1367097419175443	0.02775891423137664	0.06407493831391653	0.010114284145237	0.1175708472293322	0.01312443248462828	0.01004195470379519	0.190267121513918	0.2361005115497513	0.01002742957267176	0.0121687148780903	0.08947349639497461	0.01466323650049788	0.08043618854527453	0.01009970055474781	0.01038252226534669	0.03065602118257084	0.01009620557725102	0.01006812722936032	0.1578812126728376	0.05185364666883534	0.06855052561654623	0.01011337251103028	0.1104779625464503	0.01012040452643173	0.01003247288071912	0.1788189372338696	0.2182909445985102	0.01002582483337232
0.9936031931736189	-0.3365862460667056	1.395751972189061	0.8711992981758777	0.06586794498768563	0.6494388104909823	0.2640257457407655	-0.2566847991613217	-0.01463423726064114	0.1698206436920173	0.02172992087240625	0.5189917666503945	1.562232399132625	-0.1181367775463802	-1.018299927978146	-2.29899140534278	0.1003026323871026	-2.370716453927989	0.1458604088435846	-1.236250687072157	-2.103099113842759	0.06988624052264733	0.01374715497938614	0.06418868560937646	0.01379195934485407	0.01291999776329095	0.03360192158944417	0.01008978601214501	0.01006609863852766	0.1413098349768037	0.03495576374596519	0.06542510614397376	0.01011176758589076	0.1158285275341225	0.0122439288715287	0.0100385643624955	0.1873183768577653	0.231695778814962	0.01002652608668225	0.01211434435563237	0.09545404350340687	0.01395882171088126	0.08483623421455364	0.01008944112330779	0.01034731850828234	0.03263082090125098	0.01010026216826941	0.01007376225728036	0.1548338346894834	0.0545670355418164	0.06975895572061196	0.0100988111334244	0.110291288719433	0.01011040279022099	0.01002858925452336	0.1749609270858364	0.2117822239113636	0.01002303278476059
0.9986468642049571	-0.3345002494258052	1.403562388147692	0.8706613170126755	0.06202511268314703	0.6385589681166676	0.2650463634131996	-0.2697041564638308	-0.01407201356025204	0.1628902204468861	0.01149721026110748	0.2867796384746682	1.53263148196003	-0.0943385413689261	-0.4718461000570912	-2.002264129554419	0.3260461120128279	-2.804503984537395	0.1911162655446739	-1.525097426381723	-2.0164460065051	0.07735701116444189	0.01369909251625246	0.07022904531666244	0.01271129621089221	0.01216360954463448	0.03362438266975404	0.01009349636028884	0.01006923180710875	0.1440875700074937	0.04079764207503599	0.06673438437651326	0.01010568064707784	0.1144614699993871	0.0116188470183611	0.01003502775230211	0.1841575786046066	0.2268277564642849	0.01002506268472335	0.01205997383317444	0.1014345906118392	0.01325440692126463	0.08923627988383273	0.01007918169186777	0.01031211475121799	0.03460562061993112	0.01010431875928779	0.0100793972852004	0.1517864567061293	0.05728042441479744	0.07096738582467767	0.0100842497558185	0.1101046148924156	0.01010040105401026	0.0100247056283276	0.1711029169378033	0.205273503224217	0.01002024073614886
1.003690535236295	-0.3339073255917451	1.411185429096248	0.8702559061659112	0.06145139259912323	0.6296129885402862	0.2675215703134638	-0.2850962485313898	-0.01326422840664647	0.1542940626513552	-0.001587913784297643	-0.0384355701534078	1.490305791789262	-0.06519112267563623	0.2286430038938875	-1.561238437640093	0.6394645478467278	-3.292746502830759	0.1437209188735056	-1.893508966962822	-3.067573794433907	0.08426780125317654	0.01365116466159061	0.07582347987907245	0.01194438469682596	0.01163793309329067	0.03479296172522556	0.01010539338236441	0.01007954379767793	0.1455721668858339	0.0456133362441563	0.06789456657162413	0.01010474749101958	0.1132999525318893	0.01117977416108305	0.01003352503196451	0.1807911456554157	0.2215941582446033	0.01002472973044294	0.01140070478747837	0.1067565249602233	0.01378926815192534	0.09392427015203555	0.01010416277376857	0.01042271245507768	0.04070003626632424	0.01016074285382386	0.01012680440563839	0.1492467438248446	0.0591944024642807	0.07130307035647014	0.01011904988566577	0.1093076536745408	0.01014248994568063	0.01003464698135058	0.1669010044125702	0.1988094428564024	0.01002727453868622
1.008734206267633	-0.3347545259433757	1.418596850966973	0.8700161249553654	0.06417312039393275	0.6226478709324883	0.2713354697383457	-0.3028558998024284	-0.01247577489696284	0.1436897269111238	-0.01839020650794722	-0.2842822633011582	1.448716779162983	-0.02866033389190661	0.8349194911828466	-1.216779923442915	0.8568866510514519	-3.743327785211984	0.183450562050552	-2.321413416097653	-3.490439315655113	0.0906920191949496	0.01377464230806834	0.08112833618231924	0.01141020027511073	0.01129974147696178	0.0373412235655587	0.01013048856593519	0.01010085176640099	0.1461147609675659	0.04958869084663101	0.0688345865847244	0.01011440645068381	0.1122256944927415	0.01088264646412207	0.01003541513752133	0.1772237627355393	0.2160678597325625	0.01002658084386417	0.0107414357417823	0.1120784593086074	0.01432412938258605	0.09861226042023841	0.01012914385566937	0.01053331015893737	0.04679445191271736	0.01021716694835994	0.01017421152607637	0.1467070309435599	0.06110838051376395	0.07163875488826262	0.01015385001551303	0.108510692456666	0.01018457883735101	0.01004458833437356	0.1626990918873372	0.1923453824885878	0.01003430834122359
