inDegrees=no
num_controls=19
num_derivatives=0
num_input_controls=0
num_multipliers=0
num_parameters=0
num_slacks=0
num_states=38
DataType=double
version=3
OpenSimVersion=4.6-2026-06-22-85aaf64
endheader
time	/jointset/groundPelvis/pelvis_tilt/value	/jointset/groundPelvis/pelvis_tx/value	/jointset/groundPelvis/pelvis_ty/value	/jointset/hip_l/hip_flexion_l/value	/jointset/hip_r/hip_flexion_r/value	/jointset/lumbar/lumbar/value	/jointset/knee_l/knee_angle_l/value	/jointset/knee_r/knee_angle_r/value	/jointset/ankle_l/ankle_angle_l/value	/jointset/ankle_r/ankle_angle_r/value	/jointset/groundPelvis/pelvis_tilt/speed	/jointset/groundPelvis/pelvis_tx/speed	/jointset/groundPelvis/pelvis_ty/speed	/jointset/hip_l/hip_flexion_l/speed	/jointset/hip_r/hip_flexion_r/speed	/jointset/lumbar/lumbar/speed	/jointset/knee_l/knee_angle_l/speed	/jointset/knee_r/knee_angle_r/speed	/jointset/ankle_l/ankle_angle_l/speed	/jointset/ankle_r/ankle_angle_r/speed	/hamstrings_r/activation	/bifemsh_r/activation	/glut_max_r/activation	/iliopsoas_r/activation	/rect_fem_r/activation	/vasti_r/activation	/gastroc_r/activation	/soleus_r/activation	/tib_ant_r/activation	/hamstrings_l/activation	/bifemsh_l/activation	/glut_max_l/activation	/iliopsoas_l/activation	/rect_fem_l/activation	/vasti_l/activation	/gastroc_l/activation	/soleus_l/activation	/tib_ant_l/activation	/lumbarAct	/hamstrings_r	/bifemsh_r	/glut_max_r	/iliopsoas_r	/rect_fem_r	/vasti_r	/gastroc_r	/soleus_r	/tib_ant_r	/hamstrings_l	/bifemsh_l	/glut_max_l	/iliopsoas_l	/rect_fem_l	/vasti_l	/gastroc_l	/soleus_l	/tib_ant_l
0	-0.4696154585895826	1.092600904136114	0.8947763271820715	0.2621930878746893	0.9253364867580626	0.3705354754137951	-0.4848763204461147	-0.6492230497221317	-0.5351960623300965	0.3299916101402115	1.092661261153412	3.642955669830265	-0.1351926959424361	0.4475373870029085	-4.999210719834979	-1.050484975369745	-4.630025901028982	11.53550781194891	2.758697064857544	1.574234475700548	0.351569981236132	0.01013213396961276	0.4280720166356269	0.01048670405346671	0.01046210674608671	0.4938035923188113	0.01000302502985831	0.01000000087737729	0.2540820123340481	0.01247729735498804	0.1724852837753117	0.01002931348105419	0.6902774425584873	0.543854035332258	0.02132495895722206	0.1841545577293093	0.08359907102431945	0.1870664503367177	0.0725662262498802	0.4144537015069955	0.009999991416177396	0.4261564997458961	0.009999990631061783	0.009999997382624684	0.4841656977299428	0.009999990563012238	0.009999991793734736	0.3374089282839879	0.009999990401762127	0.2534115396471164	0.00999999024592649	0.7180117031006822	0.5553830287544769	0.00999999032965582	0.1685879688007914	0.009999994979377421	0.2438866069573569
0.002330451550976695	-0.4669917941294944	1.101096241316109	0.8944406908200402	0.2632975553246494	0.9133893703639213	0.3680032229340556	-0.4958036226131057	-0.622133459484717	-0.5284762165344297	0.3336890009394659	1.159375742612626	3.647756714716454	-0.1528793819799905	0.5003036276043298	-5.25359953432601	-1.123215755897788	-4.748293118409348	11.7117278593548	2.999975415686975	1.59847923504957	0.3573705851165905	0.01011250426761843	0.4278363625239003	0.0104144607434507	0.01039351153420214	0.4930448952436191	0.01000257412128776	0.009999999494596044	0.2631243293892871	0.01211122542752731	0.181897163296848	0.01002495652358215	0.6922899686855626	0.5445813625702981	0.01968383697307863	0.1829351383383634	0.0741834270888683	0.1934740529046846	0.0726740817785593	0.4158247952536072	0.009999991127083706	0.4245459805131206	0.009999990487223184	0.009999995770203923	0.4851548504714938	0.00999999043490991	0.009999991360172197	0.3514162408083651	0.009999990313465613	0.2618797024980762	0.009999990188726545	0.714660619721345	0.5503232576150398	0.009999990246537367	0.1771411531297868	0.009999993689524611	0.2484925190786466
0.00466090310195339	-0.4642098522091789	1.109602699974147	0.8940636405986029	0.2645248799270297	0.9008510788335828	0.3652978770954325	-0.5070098820488672	-0.594641069116009	-0.5212522363595609	0.337440114944721	1.228495417201735	3.652500153232404	-0.1707341852116746	0.5529737356961889	-5.506558864663718	-1.199034176677733	-4.869427801502654	11.88119200446862	3.191346590641852	1.620339880227557	0.3627412646844637	0.01009579512899549	0.4274820119067417	0.01035295011125995	0.01033510786299715	0.492431158784858	0.01000219031858872	0.009999998253122954	0.2725726303516499	0.01179908606198419	0.1910866133982677	0.01002124808849125	0.6938867908035633	0.5448387947338137	0.01827581357106289	0.1827791456301429	0.06582755612599492	0.1996343342279114	0.07278193730724017	0.4171958890002261	0.009999990837990016	0.4229354612802815	0.009999990343384583	0.009999994157783163	0.4861440032130359	0.009999990306807583	0.009999990926609657	0.3654235533327577	0.009999990225169101	0.2703478653490353	0.009999990131526604	0.7113095363420074	0.5452634864755895	0.009999990163418912	0.1856943374588348	0.009999992399671798	0.2530984312001763
0.006991354652930084	-0.4612651044239018	1.118120097217618	0.8936447074062206	0.2658759869464364	0.8877259459324792	0.3624134936633786	-0.51850209212285	-0.5667607242408235	-0.5136356175972788	0.3412390780565681	1.298620454773139	3.65712312365413	-0.1888582234071688	0.6070423933067381	-5.756779910127918	-1.276313359914359	-4.993813291416457	12.04503590684373	3.338825282591633	1.639379437284597	0.3676180665311922	0.01008156231512699	0.4270245111692586	0.0103005442300808	0.01028534970349298	0.492013763751584	0.01000186341380438	0.00999999716370756	0.2824256884255204	0.01153282978644798	0.2000475610461829	0.01001808944664421	0.6951177955810987	0.5447114211026691	0.01706851484714923	0.1835150895190482	0.05844296198283594	0.2055422950815885	0.07297386657795181	0.4161770252058327	0.009999990934748845	0.4214443168956698	0.009999990358173273	0.009999994362589948	0.4886386894708432	0.009999990319110348	0.009999990916844325	0.3804288515503811	0.009999990236103476	0.2780707970597281	0.009999990133987009	0.7083863481487309	0.5413250863461654	0.009999990159764709	0.1932323199845523	0.009999992284316117	0.2569916923930443
0.009321806203906781	-0.45815745706433	1.12664805331915	0.8931830981117803	0.2673565404091411	0.8740224864390091	0.3593492829518612	-0.5302883325960456	-0.5385038735131034	-0.5057202719458599	0.3450784870797157	1.368296284521649	3.661561794599387	-0.2073589346505652	0.6640650322681679	-6.0028803537005	-1.353362447579259	-5.12176550522241	12.20431037425401	3.447714836883444	1.655050674224147	0.3719444692765334	0.01006944746974843	0.4264776278967208	0.01025592831998283	0.01024298852321864	0.4918384616661011	0.01000158517602037	0.009999996235017369	0.2926830517531049	0.01130591203350839	0.2087739070849113	0.01001540098335982	0.6960275403328456	0.5442748853984587	0.01603485430266251	0.1849912765761703	0.05194267320402009	0.2111929433091798	0.07316579584852659	0.4151581614114387	0.009999991031507673	0.4199531725110651	0.009999990372961962	0.00999999456739673	0.4911333757286526	0.009999990331413111	0.00999999090707899	0.3954341497680204	0.009999990247037849	0.2857937287704165	0.009999990136447414	0.7054631599554612	0.5373866862167455	0.009999990156110503	0.2007703025102716	0.009999992168960435	0.2608849535859485
0.01165225775488347	-0.4548890418261441	1.135186093490151	0.8926778545413101	0.2689745543337509	0.8597512946533049	0.3561070470017724	-0.5423770253979907	-0.5098801768683613	-0.4975933363399219	0.3489504333279508	1.436195550840843	3.665762372666342	-0.226334493778869	0.725383384011431	-6.243620758348647	-1.428629570195792	-5.253334797766748	12.36002274955163	3.520559783960186	1.666778493657875	0.3756849092583279	0.01005912831532702	0.4258820156715486	0.01021791951023305	0.0102069009391101	0.4919879600406366	0.01000134819302647	0.009999995438799404	0.303347517018992	0.01111242909006898	0.2172343042487484	0.01001311111147907	0.6965274350842374	0.5435301429858436	0.01515010959461652	0.1872104463204528	0.04624137780429088	0.2164604146243996	0.07333902434033859	0.4121188600459192	0.009999991087143873	0.4192138380095969	0.009999990370480235	0.009999994443038517	0.4960708446108613	0.009999990326385488	0.009999990847698549	0.4115167958677678	0.009999990241506043	0.2922813614452394	0.009999990131200147	0.6996229992238998	0.5328548910673009	0.009999990146458674	0.209902002500343	0.009999991995732508	0.2617899326346956
0.01398270930586017	-0.4514656850475579	1.143733603791174	0.8921277461994451	0.2707415108316729	0.8449265871702965	0.3526929275651424	-0.5547761830338404	-0.4808978152771587	-0.4893405735433614	0.3528421190059199	1.501267544949411	3.669689086517421	-0.2458620061980778	0.7918879622780137	-6.477909063467976	-1.500873333201965	-5.388207287327589	12.51211762863364	3.55570008159932	1.671991107613032	0.3788070406057262	0.01005034491048977	0.4252737574823324	0.01018556289699575	0.01017618012493068	0.4925357574867029	0.01000114648820129	0.009999994752272872	0.3144221123343094	0.01094759182923717	0.225401785124251	0.01001116210504866	0.6965378286451686	0.5424778839943033	0.01439379572462474	0.1901722765953634	0.04125844090850408	0.2212381675013423	0.07351225283215319	0.4090795586804001	0.009999991142780072	0.4184745035081283	0.00999999036799851	0.009999994318680303	0.5010083134930695	0.009999990321357868	0.009999990788318107	0.4275994419675151	0.009999990235974237	0.2987689941200623	0.00999999012595288	0.6937828384923392	0.5283230959178566	0.009999990136806842	0.2190337024904145	0.00999999182250458	0.2626949116834433
0.01631316085683687	-0.4478944230385831	1.152289948900971	0.8915314408322854	0.2726696708182536	0.8295631668888036	0.3491145413237148	-0.5674932539763109	-0.4515616323033918	-0.481047277728458	0.3567407783530492	1.56245414366433	3.673300518492896	-0.2660234953684796	0.8644432332759237	-6.704415244900075	-1.568857144551556	-5.526235825781296	12.65942189916553	3.558129913498957	1.664124207921347	0.3812319343209675	0.01004286352500851	0.4246866496559076	0.01015799954686252	0.01015001043636203	0.4935694513114413	0.01000097468980651	0.009999994159738871	0.3259222073235834	0.01080708402775678	0.2333079104704045	0.01000950206358093	0.6960257740990596	0.5411000103589951	0.01374729040878962	0.1936480165631108	0.03691621592975999	0.225655502843224	0.07376502768665007	0.4029471759255122	0.009999991230892577	0.4184815741720077	0.009999990373647429	0.009999994201334768	0.5088236082903448	0.009999990321065333	0.009999990742136219	0.4450366796033637	0.009999990231117256	0.3050754185859701	0.009999990122073553	0.686115409386845	0.5227438096434794	0.009999990129728182	0.2256300942051315	0.00999999168880787	0.2648908126467884
0.01864361240781356	-0.4441885758160967	1.160854084162624	0.8908872092070841	0.274777956268852	0.8136901021873313	0.3453864651219746	-0.5805363107518389	-0.4219161017212074	-0.4727727857496524	0.3605531135200594	1.616768949185861	3.676374616498661	-0.2869924540883546	0.946472135865328	-6.915287321118262	-1.629337673087347	-5.667969234636706	12.77760060593375	3.539562577594519	1.597907455999415	0.3828889543600082	0.01003649565443433	0.424150697337788	0.0101345362899421	0.01012773366709729	0.4951665411510832	0.01000082846650518	0.00999999364853915	0.3378614957354496	0.01068741011576783	0.2409777200786124	0.01000808913675008	0.6949614235430419	0.5393801560331904	0.01319527456752886	0.1974434063015339	0.03314378496288339	0.2298200996140321	0.07401780254113846	0.3968147931706243	0.009999991319005083	0.4184886448358872	0.009999990379296348	0.009999994083989237	0.5166389030876201	0.009999990320772797	0.009999990695954329	0.4624739172392124	0.009999990226260275	0.3113818430518779	0.009999990118194224	0.678447980281351	0.5171645233691027	0.009999990122649524	0.2322264859198489	0.009999991555111158	0.2670867136101326
0.02097406395879025	-0.4403662760332991	1.169424580640971	0.8901930296871196	0.2770909709350556	0.7973500471265601	0.3415284470371277	-0.593914511775622	-0.3920485121642294	-0.4645591348757523	0.3640822832938375	1.658012123767814	3.678383652773085	-0.3090806255554054	1.045841027440037	-7.092113216042924	-1.675733843013673	-5.815101597300831	12.80591577741829	3.508013639976553	1.358844005601587	0.3837172489553854	0.01003107180306585	0.4237111233133498	0.01011454970175958	0.01010875784648154	0.4974141774423295	0.01000070392390329	0.009999993207710818	0.3501782677778584	0.01058542178469439	0.24839883787872	0.0100068856972906	0.6932853579329508	0.5372956666905777	0.01272386336925236	0.2013592476140875	0.02987391938689861	0.2337914671908186	0.07448932993793016	0.387712931447048	0.009999991425906327	0.4196279664288982	0.0099999903881496	0.009999993940709105	0.5276740572672236	0.009999990322463473	0.00999999066845802	0.4797029634478542	0.009999990218976653	0.3168288830022108	0.009999990114386251	0.6681596242234665	0.5103667398695297	0.009999990116966615	0.2358826305871461	0.009999991440471536	0.2698371946664301
0.02330451550976695	-0.4364865038532871	1.177996503659964	0.8894450935703895	0.2796864399302784	0.7807075332847357	0.3376034863393867	-0.6076486122246938	-0.3624570365134642	-0.4564288077288871	0.3665510067291398	1.666091920126115	3.677598877640909	-0.3331265148726532	1.188875226060879	-7.17485828729104	-1.68678800943098	-5.97340311029566	12.54063888228372	3.46805392353627	0.6878294589305853	0.3836612439745866	0.01002645528070337	0.4234080454398879	0.01009753679053351	0.01009260537546221	0.5003889909126551	0.01000059792187981	0.009999992828414345	0.3628215080890503	0.01049857238581603	0.2555600481832422	0.01000586140462565	0.6909438213104685	0.5348260335871567	0.01232169603454216	0.2052278693768851	0.02704695093120142	0.2376195851969294	0.07496085733471806	0.3786110697234667	0.00999999153280757	0.4207672880219746	0.009999990397002849	0.009999993797428972	0.5387092114467763	0.009999990324154147	0.009999990640961711	0.4969320096564611	0.00999999021169303	0.3222759229526394	0.009999990110578274	0.6578712681656134	0.5035689563698461	0.009999990111283712	0.2395387752543909	0.009999991325831918	0.2725876757225887
0.02563496706074364	-0.4326352517239796	1.186562689922481	0.8886383357494276	0.2826769081137264	0.7640093020616838	0.3337033696978732	-0.6217665825715727	-0.3339291213898313	-0.4483965874131521	0.3669848728890414	1.620404936780856	3.672455709090722	-0.3600040646932359	1.401578495227078	-7.107648944277327	-1.640256401945296	-6.147291789511494	11.79564863439121	3.423846564681697	-0.4789323845567919	0.3827037457560729	0.01002252318326777	0.4232963930289254	0.01008304521771353	0.01007884676152623	0.504133939885412	0.01000050763961635	0.009999992508832701	0.3752157367853845	0.01042456937079153	0.2624216909195407	0.01000498898007293	0.6878396031811407	0.5319471951121999	0.01197849792557906	0.2089035177775217	0.02460703051795639	0.2412986441575225	0.07537795409546445	0.3673344447870223	0.009999991637222781	0.4234288727997942	0.009999990407402071	0.009999993692395464	0.5522848256078287	0.009999990359024874	0.009999990712664849	0.5024502842142228	0.009999990202907146	0.3262778542602449	0.009999990107360102	0.6437847423407956	0.4954447368595966	0.009999990107411233	0.2403758728356048	0.009999991236898771	0.2748981817607826
0.02796541861172034	-0.4290209185940027	1.195106611041148	0.887763566319718	0.2863310425722637	0.7478030128518968	0.3300518451591312	-0.6363220467046977	-0.3081612436976627	-0.440476991549257	0.3635569336910857	1.462767375814269	3.658490869271109	-0.3914942665876949	1.758435468783753	-6.75267228303891	-1.473445575226298	-6.348861493684929	10.17196708319971	3.371399305988563	-2.626382635031066	0.3808271606559023	0.01001917639911936	0.4234248008358278	0.01007071009006296	0.0100671355488817	0.5086860952469656	0.01000043080263811	0.00999999224750079	0.3868745029459857	0.01036155993234045	0.2689494623215932	0.01000424642781684	0.6838846805186983	0.52863729171424	0.01168589537628948	0.2122629567637658	0.0225057231143578	0.244823468015855	0.07579505085622328	0.356057819850581	0.009999991741637996	0.4260904575776207	0.009999990417801294	0.009999993587361956	0.5658604397688761	0.0099999903938956	0.009999990784367986	0.5079685587719768	0.009999990194121264	0.3302797855678524	0.00999999010414193	0.6296982165159759	0.4873205173493452	0.009999990103538754	0.2412129704168166	0.009999991147965624	0.2772086877989752
0.03029587016269704	-0.4260085186704035	1.203599367342131	0.8868067394043314	0.2911205591471962	0.7330092952323185	0.3270406369386633	-0.6514048912753347	-0.2879045874435533	-0.4327011835113508	0.3527933802945133	1.100341710159139	3.62861715482684	-0.4297042581125146	2.377753652614851	-5.903495575635434	-1.086271620705502	-6.594886660523231	7.118492613914944	3.30136628961134	-6.560529626083492	0.3783061465104415	0.01001632581087285	0.4237646901474912	0.01006020328304455	0.0100571602139863	0.5139210787455016	0.01000036536395079	0.009999992029831362	0.3960300342315359	0.01030787671880422	0.2751071929333314	0.01000361397189259	0.6791243950766703	0.5249101053351474	0.01143632741458567	0.2152521333206985	0.02069814643059758	0.2481144740106195	0.07614843546474283	0.3490842643657271	0.009999991782354214	0.4285804877996841	0.009999990427152466	0.009999993761715096	0.578194641040667	0.009999990434637174	0.009999990780986349	0.4722996515957337	0.009999990185952302	0.332731786414218	0.009999990101970037	0.6151204863422784	0.478711550080326	0.009999990101420889	0.2403216785954809	0.009999991086472492	0.2776201004718415
0.03262632171367373	-0.4239955291184418	1.212012723185946	0.8857605373164047	0.2975338323838177	0.7204730903981799	0.3251030774725071	-0.6670583520817759	-0.2754201071316919	-0.4250917614550281	0.3332138465227333	0.605070616399138	3.5903491762323	-0.4681962881432798	3.1519479500281	-4.815268535301085	-0.5520372293166249	-6.838565933454583	3.501864083656921	3.228606394169991	-10.19228149565567	0.3753830699103898	0.01001389955540932	0.4242906154512524	0.01005126013767291	0.01004866949208505	0.5197283578542529	0.01000030967302868	0.009999991844062502	0.4011573777259519	0.01026217305529203	0.280863120513132	0.01000307566632522	0.6735989160540418	0.520777696728625	0.01122364982898097	0.2178243169692757	0.01914607762885636	0.2511034032658078	0.07650182007326237	0.3421107088808732	0.009999991823070434	0.4310705180217476	0.009999990436503641	0.009999993936068239	0.5905288423124581	0.009999990475378747	0.009999990777604708	0.4366307444194907	0.009999990177783337	0.3351837872605835	0.009999990099798147	0.6005427561685811	0.4701025828113068	0.009999990099303028	0.2394303867741453	0.009999991024979357	0.2780315131447079
0.03495677326465043	-0.4231234558077666	1.220342574599085	0.8846339115694289	0.3056979126048165	0.7102604334406042	0.3244062740930174	-0.6832055768325292	-0.2704826201299619	-0.4176311255378444	0.3089826473851309	0.1584683889727296	3.559875419677361	-0.4966100982149815	3.830869934567699	-4.011693326144146	-0.06148709337116143	-7.006271481779128	1.011067603318615	3.175141950286786	-9.940192469552002	0.3724942661258189	0.01001183302016838	0.4249460641414483	0.01004364267500859	0.0100414374436009	0.5256335685469138	0.01000026224022419	0.009999991677858344	0.401713685349571	0.01022323737055684	0.2861943665061319	0.01000261717447994	0.6674666147308531	0.5162685915444872	0.01104232122544055	0.2199637507900569	0.01781437054168192	0.2537238779287178	0.07728190228318936	0.3440101994057291	0.009999991796718278	0.4326477077093982	0.009999990437806115	0.009999994302855249	0.5927286515752838	0.009999990447027192	0.009999990676008905	0.3791068787211166	0.009999990172833338	0.3362069200210301	0.009999990099074849	0.5885503510658563	0.4614263837238513	0.009999990098699375	0.2373234528679228	0.009999990984652395	0.2764706121246854
0.03728722481562712	-0.4231864352462594	1.228612055919734	0.88345551967416	0.3152790626298049	0.7014839903911566	0.3247441282024225	-0.6996544512612095	-0.2694232296561915	-0.4102880256342881	0.2899728588174534	-0.1973942524149455	3.538539395107722	-0.5126221405611444	4.368081195304192	-3.582705767804264	0.3359087042120749	-7.09744252565204	0.1736708580021214	3.1277366606233	-5.711252439840504	0.3700282176335066	0.01001007410369005	0.4256809694413632	0.01003715896317958	0.01003528184870197	0.5312184728021614	0.01000022186441027	0.009999991521272294	0.3971675449177982	0.01019009156310797	0.2910801717658532	0.01000222693634561	0.6608699751610704	0.5114081649049691	0.01088784809342455	0.2216558657581008	0.01667351000233198	0.2559182870248007	0.07806198449311638	0.3459096899305852	0.009999991770366121	0.4342248973970488	0.009999990439108588	0.00999999466964226	0.5949284608381095	0.009999990418675638	0.009999990574413102	0.3215830130227425	0.009999990167883336	0.3372300527814766	0.009999990098351555	0.5765579459631315	0.4527501846363957	0.009999990098095726	0.2352165189617003	0.009999990944325431	0.2749097111046631
0.03961767636660381	-0.4240850553724313	1.23682971903991	0.8822504900575192	0.3261102809460166	0.6936455970746587	0.3260111924943708	-0.7162771455653408	-0.2695762487703854	-0.4030819515363139	0.2810476612044105	-0.5747498244253982	3.513278226878277	-0.5199497051238691	4.927969376280653	-3.138006749864978	0.7513254115665989	-7.164030480072904	-0.2904579970446022	3.056408989276707	-2.243661171495655	0.3681827188820125	0.01000857596767237	0.4265146476813747	0.01003163642541136	0.01003003880243693	0.536230740915064	0.01000018747334125	0.009999991380273904	0.3889212915194466	0.01016185582111717	0.2955092737192283	0.01000189455859689	0.6538773453199113	0.5061959446321039	0.01075618125095168	0.2228702115489517	0.01569651544760246	0.2576798375565684	0.07848973699341925	0.3529351352588286	0.009999991752931647	0.4364041468936878	0.009999990431877433	0.009999994419146237	0.5903248367025762	0.009999990421737727	0.009999990570455719	0.28564949741691	0.0099999901664537	0.336983398046903	0.009999990099030461	0.5654411261103629	0.4434203207528164	0.009999990098715694	0.2315759541290406	0.009999990915538066	0.2722929956391623
0.04194812791758051	-0.4258696967184309	1.244984291453166	0.8810394856253559	0.3382509680995496	0.686887028428365	0.3282452188561382	-0.7330258697483094	-0.2707092832715812	-0.3960429922455796	0.2781390804602433	-0.9577801262536051	3.484394775152032	-0.5177497439358358	5.491870991620276	-2.655997236553195	1.165758240738325	-7.205601718258299	-0.6673810677991259	2.984318268529797	-0.5477751120379074	0.3671325160490858	0.01000730084391076	0.4274641684751733	0.01002693588633514	0.01002557612403242	0.5404468827032911	0.01000015820244837	0.009999991259676518	0.3781807532827993	0.01013782011058693	0.2994707426369141	0.01000161166085144	0.6465502481380374	0.5006312455022898	0.01064404230083064	0.2235794719101545	0.01486096832973179	0.2590016967805117	0.07891748949372213	0.359960580587072	0.009999991735497173	0.4385833963903268	0.009999990424646277	0.00999999416865021	0.5857212125670429	0.009999990424799814	0.009999990566498336	0.2497159818110775	0.009999990165024062	0.3367367433123294	0.009999990099709371	0.5543243062575943	0.4340904568692372	0.009999990099335661	0.2279353892963808	0.009999990886750699	0.2696762801736616
0.04427857946855721	-0.4284987732451102	1.253071560727852	0.8798463086719852	0.3516379284189525	0.681196768552415	0.3313849526811305	-0.7498284190776642	-0.2724572633159011	-0.3891550922342098	0.2779119459264988	-1.285982483458928	3.456600364399775	-0.5046170995982331	5.980088195845484	-2.239440751031379	1.514209399029585	-7.20812480625461	-0.8292776473507035	2.929297065761018	0.2336943849243848	0.3669181852423145	0.01000621477495654	0.4285072545645442	0.01002293220893642	0.01002177499297196	0.5438024489134657	0.01000013327454682	0.009999991163727951	0.3638721650653325	0.01011734583479187	0.3029657880107362	0.0100013707085305	0.6389828903603968	0.4947756463065302	0.01054847886004928	0.2237665761322169	0.01414646524057858	0.2598993754602074	0.07896739788611823	0.3693983918135322	0.009999991719871225	0.4404900491857344	0.009999990410110642	0.009999993656887687	0.577827673002513	0.009999990460898707	0.009999990659132388	0.1860779798975061	0.00999999016746636	0.3354552568523618	0.009999990101856693	0.5449869596082313	0.4256008457110822	0.009999990101019809	0.2229254587376668	0.009999990862793844	0.2664415061730331
0.0466090310195339	-0.431805190480742	1.261097399490089	0.8786950692397486	0.3660454286438958	0.6763930895023574	0.3352349363419606	-0.7665930264083989	-0.2745583270974505	-0.382378634456867	0.2786729456443029	-1.539075806004462	3.43167493861755	-0.4817588468342292	6.367701176245856	-1.895131107682614	1.775296624799055	-7.173039790302298	-0.970398511188223	2.88867823348706	0.300244451446638	0.3675734175475384	0.01000529037947363	0.4296241906597565	0.01001952448067744	0.01001853959105544	0.5462387473596335	0.01000011206298027	0.009999991095853275	0.3449735833790659	0.01009991775278546	0.3059942563590731	0.01000116562634367	0.6312603806241999	0.488684456240516	0.01046710324242878	0.2234154624538448	0.01353618704519957	0.2603853930145027	0.07901730627851433	0.3788362030399924	0.009999991704245276	0.4423967019811421	0.009999990395575005	0.009999993145125162	0.569934133437983	0.009999990496997601	0.009999990751766438	0.1224399779839347	0.009999990169908659	0.3341737703923942	0.009999990104004016	0.5356496129588684	0.4171112345529272	0.009999990102703953	0.2179155281789527	0.009999990838836988	0.2632067321724046
0.0489394825705106	-0.4355882870691563	1.269071231422651	0.8776078131190228	0.3812048116477658	0.6722503554362205	0.3395656448874251	-0.7832275303101199	-0.2768783903479389	-0.3756876672447503	0.2793762333877952	-1.692954890124977	3.412430011759183	-0.4502786567442603	6.622496678438351	-1.679128911403128	1.925132530535517	-7.097640694003666	-1.017242694642624	2.859815387167366	0.2647664466311969	0.3690519267222855	0.01000450303922698	0.4307616492483095	0.01001662196983702	0.01001578379469787	0.5477185456378866	0.0100000940068489	0.009999991080254417	0.3220590067553672	0.01008507250766365	0.3085602366391687	0.01000099095216279	0.623436190170444	0.4824123128572224	0.0103977661743045	0.2225084022283939	0.01301487636661474	0.2605013500082873	0.07857997404913868	0.3890041444649968	0.00999999168839215	0.4432348893264019	0.009999990377659852	0.009999992737466063	0.5591975801281338	0.009999990599077736	0.009999991218408638	0.06621998533525038	0.009999990175959572	0.3319493319297866	0.009999990107635222	0.5273909347978506	0.4095085959564874	0.009999990105368596	0.2114951836343692	0.009999990815118338	0.2599541018676541
0.05126993412148729	-0.4396276847343408	1.277006787378459	0.8766012520429762	0.3968207654452447	0.6684784890226292	0.3441323000823905	-0.7996506852933812	-0.2792835467933892	-0.3690200091501661	0.2797273064517106	-1.759034102919607	3.398826388935031	-0.412506135258965	6.759531501247666	-1.576851456795558	1.977786695662166	-6.991659561771818	-1.043425727900568	2.868674283981159	-0.002027164924864387	0.3713108655871307	0.01000383290367203	0.4318724900791014	0.01001415151139713	0.01001343815514902	0.5482069928510206	0.01000007865389047	0.009999991136445762	0.2955847881945831	0.01007243631374108	0.3106662136180044	0.01000084228176743	0.6155586896447494	0.4760084283067872	0.01033873089465729	0.2210285982846408	0.01257003021918577	0.2602826991553253	0.07814264181976302	0.3991720858900012	0.009999991672539024	0.4440730766716616	0.009999990359744701	0.009999992329806964	0.5484610268182846	0.009999990701157868	0.009999991685050837	0.009999992686566048	0.009999990182010485	0.329724893467179	0.009999990111266427	0.5191322566368327	0.4019059573600474	0.009999990108033235	0.2050748390897857	0.009999990791399689	0.2567014715629035
0.05360038567246398	-0.44372060530393	1.284917935457611	0.8756886072456208	0.4126209391893101	0.6647933486551292	0.3487122492151586	-0.8157944447175208	-0.2816399470961041	-0.3622979999878168	0.2794253162210752	-1.743646257701668	3.391367696294923	-0.3702993716279483	6.786930374359923	-1.602016727251758	1.94220445877842	-6.859925212485169	-0.9686669531608404	2.897384009221631	-0.3041402715503169	0.3742684802686466	0.01000326212643337	0.4328788117760611	0.01001204732279214	0.0100114402321004	0.5475697215932429	0.01000006560439724	0.02013885788534362	0.2683241341620929	0.01006167304877974	0.3123125518719658	0.01000071565544943	0.6076294379468726	0.4694935147775187	0.01028843457386088	0.218912796161311	0.01219033390632008	0.2597686653812674	0.0773290709292095	0.4091787467958714	0.009999991667423616	0.4430721588054355	0.009999990342675673	0.009999992041438361	0.5324210832221203	0.009999990959945264	0.1431735640496158	0.00999999186852921	0.009999990191475662	0.3265219730276599	0.009999990116434493	0.5108309008877285	0.3945702907851164	0.009999990111729506	0.19635899527888	0.00999999076718495	0.2535580818074323
0.05593083722344067	-0.4477086224725554	1.292817467950709	0.8748773211284774	0.4283920415018912	0.6609358091913716	0.3531356292755984	-0.8316099887572939	-0.283750977410787	-0.3555285806991759	0.2780906822659224	-1.66900571284009	3.388857860671665	-0.3255198341865937	6.734582318412195	-1.724804840218977	1.843418682804002	-6.709984207079594	-0.8328485220047126	2.909361786162708	-0.8882448789303686	0.377851806279317	0.01000277631745167	0.4337117107723088	0.01001025635904521	0.01000973967583321	0.5456847581203996	0.01000005453607871	0.04744085368213271	0.2429524545410922	0.01005251160082079	0.3134986345515901	0.0100006078804237	0.5996498143180217	0.462886226719577	0.01024561509050606	0.2161041135929919	0.01186655571888197	0.2589930092729564	0.07651550003865595	0.4191854077017415	0.009999991662308208	0.4420712409392094	0.009999990325606644	0.009999991753069756	0.5163811396259562	0.009999991218732658	0.2763471364141807	0.009999991050492374	0.009999990200940837	0.3233190525881408	0.009999990121602556	0.5025295451386241	0.3872346242101852	0.009999990115425779	0.1876431514679742	0.009999990742970208	0.250414692051961
0.05826128877441737	-0.4514593743892475	1.300716877208423	0.8741723298784325	0.4439556500178223	0.6566742915527746	0.3572621534350064	-0.8470597675965802	-0.2854096215076709	-0.3487304725065364	0.2751686816571669	-1.545281127118292	3.390947595613889	-0.279541177742801	6.615790661742004	-1.940478801365094	1.693306201705132	-6.54832368106848	-0.5953418364719951	2.926037631204378	-1.553800277018552	0.3819691141084579	0.01000236254049142	0.4342826382985434	0.01000873092794288	0.01000829121472989	0.5423798540734081	0.01000004686206311	0.08428507296200102	0.2194073724226472	0.01004470818822831	0.3142209028907245	0.01000051608616007	0.5915907407352328	0.4561830546405914	0.01020913699218674	0.2124016516879515	0.01159035611007695	0.2580021172523659	0.07536298977459283	0.4285231859671946	0.009999991688042524	0.438684735332501	0.009999990312095069	0.009999991550521342	0.4936752835838542	0.01000001399943855	0.3652150279666871	0.009999990823630256	0.009999990213781762	0.3190810320658026	0.009999990128470864	0.4934275220556567	0.3796669303913113	0.009999990120345303	0.1738806158591329	0.009999990716091835	0.2476773955285951
0.06059174032539407	-0.4548894999103633	1.308624725367519	0.8735742410410136	0.4591979615055073	0.6518539641945268	0.3610062007523198	-0.8621276639292604	-0.2865478885093313	-0.3418848043538026	0.2711544362775555	-1.393843249110999	3.396100149288683	-0.2337758865240362	6.458844315968908	-2.204376895058776	1.515175993985366	-6.382251578671093	-0.3862594514107636	2.950177876170355	-1.825612381204395	0.3865397297911574	0.01000201036473543	0.434513072385339	0.01000743257269352	0.01000705834394329	0.5374974368925932	0.01000004372177704	0.1252665523337887	0.1976296051626349	0.01003806619806344	0.314475388453937	0.01000043795810008	0.5834258143164945	0.4493807829224807	0.01017808369873438	0.2076257614929498	0.01135495257658501	0.2568362728446663	0.0742104795105297	0.4378609642326478	0.009999991713776836	0.4352982297257926	0.009999990298583493	0.009999991347972926	0.4709694275417521	0.01000003678014444	0.4540829195191936	0.009999990596768139	0.009999990226622684	0.3148430115434643	0.009999990135339172	0.4843254989726893	0.3720992365724374	0.009999990125264828	0.1601180802502917	0.009999990689213459	0.2449400990052291
0.06292219187637077	-0.4579554012970066	1.316546875166793	0.8730817140989711	0.4740562749308385	0.6463901408101065	0.3643259455735993	-0.8768069361694557	-0.2872742254534532	-0.3349738781618951	0.2675990235531734	-1.239873941221801	3.402737431352216	-0.1891136073481058	6.295116649189867	-2.485088067889495	1.337087880976513	-6.21560059277387	-0.2351597028710567	2.982960606384103	-1.220917162555887	0.3914583142764723	0.01000171041411732	0.4342660126844621	0.01000632671740044	0.0100060082405289	0.530622285790123	0.02320764792493128	0.1668160349616688	0.1775598936148847	0.01003240884412863	0.3142572400388822	0.01000037141530707	0.5751285009772722	0.4424736101327099	0.01015163076278706	0.2016593961405647	0.01115422601546406	0.2555569072854528	0.07266726319653286	0.4458645421698318	0.009999991796886551	0.428077706105807	0.009999990290235935	0.009999991205948359	0.4351787233137593	0.1835996282922883	0.502171925735205	0.009999990507743823	0.009999990242354912	0.3095529225784765	0.009999990144122206	0.4743936414797469	0.3642381412518653	0.009999990131756434	0.1423634951672284	0.009999990657583606	0.2430786892363544
0.06525264342734746	-0.460680327284868	1.324484678787485	0.8726918616591727	0.4885506127577892	0.6402693612641053	0.3672533840596877	-0.8910982553193275	-0.287634971802828	-0.3279714352221639	0.2654859316299978	-1.101217213813584	3.40953430236483	-0.1456603432895961	6.146479445375542	-2.768178499368927	1.178497606361803	-6.049309158277902	-0.07250858658932773	3.028717803740883	-0.5878086612258612	0.3966330026420526	0.01000145512850221	0.4334195125980474	0.01000538548202931	0.01000511443797947	0.5213739174474484	0.05840895135980227	0.2067126530347536	0.1591367572438519	0.01002759355574263	0.3135613774677328	0.01000031477988691	0.5666746538104502	0.4354562387993277	0.01012911286828003	0.1943920764646787	0.01098321145496443	0.2542176572443069	0.07112404688253601	0.4538681201070157	0.009999991879996263	0.4208571824858214	0.009999990281888376	0.009999991063923795	0.3993880190857666	0.3571992198044321	0.5502609319512164	0.009999990418719504	0.00999999025808714	0.3042628336134885	0.009999990152905237	0.4644617839868045	0.3563770459312932	0.00999999013824804	0.1246089100841652	0.009999990625953756	0.2412172794674798
0.06758309497832415	-0.4630966322689876	1.332438558501184	0.8724020742640969	0.5027118456493918	0.6334719791218925	0.369829906575557	-0.905002321503269	-0.2874979498300116	-0.3208304434554419	0.2644082941719905	-0.9723692372673185	3.416599118921914	-0.1032561701378286	6.006067376861015	-3.067646884039491	1.032757273034679	-5.883834825621082	0.1966349602152679	3.114355114262033	-0.3688235330708408	0.4019280947838689	0.0100012377187813	0.4318036008239274	0.01000458380028322	0.01000435313964915	0.5093684896771847	0.1013001430825735	0.2449062263443297	0.1422965580244175	0.01002349214255185	0.3123847601222194	0.01000026654328894	0.5580673321577669	0.4283760359209691	0.01010993165070587	0.1837728567576366	0.01083743378320336	0.2528871629305877	0.06898140112082957	0.4594119218779764	0.009999992125670465	0.4085456212179717	0.009999990280809345	0.009999990968197401	0.3501388705992018	0.4116241990713571	0.5864139442793852	0.00999999037064391	0.009999990274181938	0.2979651718103005	0.009999990163540863	0.4543493093041385	0.3494331046950443	0.009999990146799519	0.06730446636645186	0.009999990589160887	0.2405930353027549
0.06991354652930085	-0.4652120116661554	1.340409543800539	0.872209568489581	0.5165412224528687	0.6259606683290033	0.3720673202995097	-0.9185252023846067	-0.2866880222045123	-0.3133874272631164	0.2636186607687712	-0.8429620385160881	3.42421436353004	-0.06217298608897472	5.861679627891418	-3.380874051701856	0.8874734984158882	-5.722174871958312	0.5049809142683458	3.287916005789022	-0.3406427793504618	0.4072255479538002	0.01000105271075638	0.4292658724018635	0.01000390146032051	0.01000370515748514	0.4942422276791716	0.1425399757785982	0.2812728658402133	0.1269702158304571	0.01002000122943886	0.3107238968640913	0.01000022548914417	0.5493091890799622	0.421275786630434	0.01009360434937597	0.1678948016511422	0.01071326815568343	0.2516254367199841	0.06683875535912315	0.4649557236489371	0.009999992371344666	0.3962340599501221	0.00999999027973031	0.009999990872471009	0.300889722112637	0.4660491783382821	0.6225669566075542	0.009999990322568316	0.009999990290276732	0.2916675100071126	0.009999990174176489	0.4442368346214725	0.3424891634587954	0.009999990155350994	0.01000002264873858	0.00999999055236802	0.2399687911380301
0.07224399808027754	-0.4670203670362654	1.348399111389946	0.8721110544269874	0.5300235891759117	0.6177008138434393	0.3739611005015678	-0.9316767207908878	-0.2851177448458791	-0.3054161089527579	0.2627947833443792	-0.7087678799544943	3.432457729699646	-0.02275467828356433	5.708594936709515	-3.707258138010476	0.7375093701786686	-5.565527272620319	0.8417634565597506	3.561155364741444	-0.3768643220712445	0.412304203856651	0.01000089519346773	0.4253847106950275	0.01000332029048179	0.01000315323922926	0.4721967526380132	0.1829002450822553	0.3158286772038354	0.1130855031751386	0.01001702786944198	0.3085807152703455	0.01000019052372913	0.540448546449643	0.414263015618719	0.01007969682403602	0.1502931818899938	0.01060744961660191	0.2505210219159429	0.06378980424309325	0.4655227946233152	0.009999992920670967	0.3724888891356611	0.009999990291026174	0.009999990814032009	0.1554448584139084	0.5218827653144051	0.6489136482566173	0.00999999029030255	0.009999990297746644	0.2844811522625723	0.009999990185067026	0.4350679676138429	0.3379795739138586	0.009999990166508953	0.01000000885301158	0.009999990514864191	0.2412144360155043
0.07457444963125424	-0.4685145513864356	1.356407910549786	0.8721017277785489	0.5431468920311449	0.608683818003898	0.3755035468929219	-0.9444703980275321	-0.2827687087118734	-0.2967516424296281	0.2618134113179401	-0.5733395960263992	3.440718950728662	0.01436790069226353	5.553530018472989	-4.03065486600622	0.5859578456155413	-5.415074585309417	1.173313859682312	3.882777728830674	-0.4758050844751764	0.4169711649319233	0.0100007612071148	0.4197797463460761	0.01000282563841682	0.01000268347388462	0.4396403863611599	0.2228022858681548	0.3485166166501771	0.1005640388577122	0.01001449711103206	0.3059561103631327	0.01000016076515712	0.5315291760159204	0.4074349252421493	0.01006785886809955	0.1342392384155272	0.01051733684587506	0.2496511569408482	0.06074085312706337	0.4660898655976933	0.009999993469997269	0.3487437183212	0.009999990302322036	0.00999999075559301	0.00999999471517988	0.5777163522905283	0.6752603399056806	0.009999990258036781	0.009999990305216561	0.2772947945180321	0.009999990195957561	0.4258991006062132	0.3334699843689217	0.009999990177666911	0.009999995057284581	0.009999990477360363	0.2424600808929785
0.07690490118223094	-0.4696925920409752	1.364435665512287	0.8721758251993967	0.5559092527705883	0.598923297525939	0.3766913840134564	-0.9569216512750847	-0.2796576203366703	-0.2873131514572635	0.2605751244714808	-0.4376448995727323	3.448674216821083	0.04874108881313796	5.399398126672984	-4.344480056409831	0.4333114149195416	-5.271837851920738	1.494551510304335	4.218379920976606	-0.5923627061494031	0.4209515574407985	0.01000065047928615	0.4123204310304753	0.01000240433210655	0.01000228335401645	0.4031672011643148	0.2618479555193561	0.3793979256660183	0.08932459200854548	0.01001234156414087	0.3028630572633857	0.01000013542023225	0.5226652811631409	0.40097485068453	0.0100577755663085	0.1196630175862888	0.0104405519563215	0.2489802195310239	0.0568899536835785	0.459503217445571	0.01000003750309654	0.318916185793668	0.009999990346600682	0.009999990729387117	0.009999992780073724	0.6211342390298183	0.6941270134837082	0.009999990235133739	0.009999990292721113	0.2694834079792598	0.009999990202933301	0.4194283373138902	0.3334258380763772	0.009999990191955823	0.009999993947444424	0.009999990448159813	0.2434613532771477
0.07923535273320763	-0.4705543100049533	1.372481621038772	0.8723266604756252	0.568314057327363	0.5884410069942189	0.3775225361786427	-0.9690475737631846	-0.2758124404500244	-0.2770854354455868	0.2590269869642199	-0.3018705840568971	3.456338725327065	0.08022454152308658	5.246674308901497	-4.650079932167118	0.2798498258938668	-5.13587482307666	1.80331323536766	4.560092851605233	-0.7417197814444929	0.4240037449032069	0.01000056279032535	0.4028801203437594	0.01000204575061295	0.01000194279456483	0.3689500140789277	0.2997179579077647	0.4084701244249185	0.07928143313477762	0.01001050688746489	0.2993122751295559	0.01000011384938817	0.5139605865477728	0.3950481041685195	0.01004919291740529	0.1064883498971965	0.01037517300368947	0.2484769377667956	0.05303905424009362	0.4529165692934489	0.01000008153619581	0.2890886532661359	0.009999990390879329	0.00999999070318122	0.00999999084496757	0.6645521257691085	0.7129936870617358	0.009999990212230699	0.009999990280225669	0.2616720214404877	0.009999990209909038	0.4129575740215672	0.3333816917838325	0.009999990206244735	0.009999992837604272	0.009999990418959262	0.2444626256613168
0.08156580428418432	-0.4710998821544057	1.380545166140412	0.8725474123425221	0.5803650163196612	0.5772529865703133	0.3779957198826385	-0.9808648457201113	-0.2712523371528486	-0.2660611251061787	0.2571190477796333	-0.1679349265912721	3.463677357473926	0.1086243575635442	5.097774090451309	-4.948280279823861	0.127920451964122	-5.007129955131684	2.107701628937025	4.899100319167725	-0.8984565667516643	0.4258579087858025	0.01794680869284972	0.388670956023052	0.01000174034933654	0.01000165272837971	0.3368817775621822	0.3364291188793017	0.4358311851048298	0.07034731371009922	0.01000894422340985	0.2953373227971668	0.01000009547728437	0.505558311173953	0.3898407758959981	0.01004188252752209	0.09463603209598856	0.01031947035979295	0.2479412364990141	0.04959972865667815	0.4381619579035966	0.1143402124955794	0.1929090552633624	0.009999990526196385	0.009999990710163876	0.009999990655574017	0.7008986074661294	0.7266985531879109	0.009999990195448994	0.009999990252711673	0.2537312630544701	0.009999990208697783	0.4102297375463572	0.3384159531224186	0.009999990223846436	0.009999992510764643	0.009999990408017689	0.2418781513854891
0.08389625583516101	-0.4713444677778304	1.388624829596824	0.8728301470361283	0.5920849240653401	0.5653926068805298	0.3781266039306844	-0.9923917959088632	-0.266000199249303	-0.2542600621411257	0.2548264216565524	-0.04356311101304255	3.470171542203665	0.1334183757365679	4.962565209036613	-5.227100523095109	-0.01391269000764924	-4.886719874541509	2.397219258515887	5.226704114383436	-1.071859180522746	0.4262732682429522	0.03951445193201845	0.3670948859733031	0.01000148043224905	0.01000140584441473	0.3068754213243123	0.3719486726406767	0.4615255184463646	0.0624336938319951	0.01000761417542905	0.290967344849051	0.01000007984001482	0.4975884885828062	0.3855191023060199	0.01003566019699731	0.08402177630533761	0.01027204696234218	0.24719893343064	0.04616040307326267	0.4234073465137444	0.2186803434549631	0.09672945726058899	0.009999990661513445	0.009999990717146533	0.009999990466180466	0.7372450891631503	0.7404034193140858	0.00999999017866729	0.00999999022519768	0.2457905046684525	0.009999990207486532	0.4075019010711473	0.3434502144610046	0.00999999024144814	0.009999992183925012	0.009999990397076117	0.2392936771096615
0.0862267073861377	-0.4713166315745194	1.396718235234631	0.8731660232607666	0.6035136499546236	0.552913846173421	0.3779457067839833	-1.00364870894438	-0.2600916568150413	-0.2417158994703816	0.252126656831844	0.06211213527284696	3.475240366866249	0.1539793678035294	4.852528654447276	-5.473657400414387	-0.1354528745827503	-4.775778523948813	2.66886934681606	5.532954707731836	-1.24683419546081	0.4250342382194466	0.06626780990915022	0.3409055346113524	0.01439657195669604	0.01000119556985832	0.2788515653372826	0.4061324623251752	0.4855976344592904	0.0554523310168297	0.01000648132385903	0.2862548238841751	0.01000006652062321	0.4901644864711194	0.382174966340542	0.01003036030213179	0.0745593834777345	0.01023164587766886	0.2457260489591034	0.04807886213491758	0.4007493320095549	0.2497565618846116	0.05336472472512521	0.06770136131118071	0.009999990762000878	0.009999990392233862	0.7639435262104257	0.7491677794760256	0.009999990166567338	0.009999990199661617	0.2382392073654386	0.009999990199767344	0.4082336276401776	0.3520824062322673	0.00999999026150011	0.00999999248095907	0.009999990430375673	0.2260628356478941
0.08855715893711441	-0.4710798587270916	1.404820857561942	0.8735438580881265	0.6147343878001987	0.5399202671327709	0.3775226813496192	-1.014659553460395	-0.2535824794581378	-0.2284984198872527	0.2490069024118834	0.1357468978904345	3.478081330775991	0.1694273652853557	4.784069291598099	-5.668919048331349	-0.221707859656607	-4.675543187067746	2.91268581902523	5.804546560445234	-1.432295418901578	0.4219432421615467	0.09223821093230615	0.3125780327145782	0.02649318710550089	0.01000101660491841	0.2527423055396065	0.4388296811658554	0.5080604983579046	0.04931727789710211	0.0100055171082758	0.2812460337091243	0.0100000551829112	0.4833887340564132	0.3798878337179545	0.01002584927583135	0.06616050242756105	0.01019725233661068	0.2430637917604364	0.04999732119657248	0.3780913175053654	0.2808327803142602	0.009999992189661432	0.125402731960848	0.00999999080685522	0.00999999031828726	0.7906419632577011	0.7579321396379657	0.009999990154467391	0.009999990174125556	0.2306879100624246	0.009999990192048154	0.4089653542092078	0.3607145980035299	0.009999990281552079	0.009999992777993129	0.009999990463675227	0.2128319941861267
0.0908876104880911	-0.4707173095410667	1.412927011536567	0.8739509101888681	0.6258546550219122	0.5265408409319589	0.3769493389870987	-1.025450996396138	-0.2465353752668445	-0.2146957435933135	0.2454554085921261	0.1642445016678051	3.477918250693096	0.1787395657582301	4.7732322728611	-5.795533158029896	-0.2579401417582431	-4.587760118737529	3.124623561013064	6.032512822317917	-1.61632577992894	0.4177546485387641	0.1165558874067788	0.2841724616297515	0.05025252450543721	0.01000086418084543	0.2284835395846968	0.4695499805496443	0.5289224206462309	0.04394459114096685	0.01000469585162778	0.2760472145761099	0.01000004552562137	0.4768853055864275	0.3780530453744061	0.01002200702355754	0.05873662687807135	0.01016795352526751	0.2394345791969525	0.06229331413128924	0.3690944193794475	0.2939242087140835	0.009999991872224109	0.261072450754815	0.009999990838994706	0.009999990297466302	0.7994934157852012	0.761761827265109	0.009999990145789258	0.009999990165551035	0.2247944255109123	0.009999990191066836	0.4019214362043857	0.3579319719463663	0.009999990299472569	0.009999993383093268	0.009999990510585779	0.2017162035332461
0.09321806203906779	-0.4703662969075664	1.421027721651621	0.8743715098128332	0.6370465485329496	0.5129908525951271	0.3763782239179654	-1.036052246196537	-0.2390680145423978	-0.2004207805445279	0.2414700118253915	0.1258461971226403	3.473409395395713	0.1810538874605898	4.845539171443098	-5.81529594844344	-0.2197963910532637	-4.512318909627595	3.273351144319798	6.209864366529217	-1.804672134684673	0.4131375475736864	0.1385718058281134	0.2576944914875071	0.08773651420737313	0.0100007344525063	0.2060155055786193	0.4978551663395629	0.5481729784741417	0.03925556697491629	0.01000399684958751	0.2707529524166687	0.01000003730584525	0.4703138684730253	0.3761311228037054	0.01001873669959884	0.05220070049435591	0.01014301275145333	0.2350293904856683	0.07458930706600599	0.3600975212535296	0.3070156371139069	0.009999991554786787	0.396742169548782	0.009999990871134188	0.009999990276645344	0.8083448683127011	0.7655915148922523	0.009999990137111121	0.009999990156976514	0.2189009409593998	0.009999990190085521	0.3948775181995636	0.3551493458892028	0.009999990317393057	0.009999993988193406	0.009999990557496329	0.1906004128803655
0.0955485135900445	-0.4702062988700496	1.429111426604388	0.8747893130696189	0.6485303643662048	0.4995673461372379	0.3760090936952039	-1.046488200619087	-0.2313746222155583	-0.1858010157909882	0.2370480313215819	0.002189957026121916	3.463458047638987	0.1769173222346695	5.020544989122208	-5.686644793502426	-0.08665451105957642	-4.443417667400772	3.314296934942478	6.330399000543681	-1.989695815331816	0.4086244446401642	0.1578814042139772	0.2330790171294368	0.1252024914939025	0.01000062396204394	0.185279011839087	0.5235858479272348	0.5659540459280993	0.03517470074925969	0.01000340148678071	0.2653700401831153	0.0100000303053214	0.4633384398028526	0.373690550063885	0.01001595122892286	0.04646729235226534	0.01012176742847351	0.2304980437945309	0.07363338501586451	0.3624088172996088	0.3037176829496697	0.009999991496084677	0.3779519923392197	0.009999990879976543	0.009999990272609071	0.8047753100092382	0.7682234184079526	0.009999990130054396	0.009999990158301121	0.2129912482001294	0.009999990197554216	0.3798204747486699	0.3426804051489106	0.009999990336658068	0.009999993632365464	0.009999990552066377	0.1906700977789149
0.09787896514102118	-0.470399317770855	1.43716781117957	0.8751933604047928	0.6604964211971877	0.4865705467835323	0.3760225185639477	-1.056760588083611	-0.2236895776076183	-0.1709455107977846	0.2321989730774263	-0.1771139203628831	3.449962971412126	0.1692485173041024	5.259399736026769	-5.449094725920967	0.1085134515316397	-4.371945291841514	3.266187109018174	6.412177295576108	-2.171191438650653	0.4046929363142774	0.1741033623615436	0.210265911628563	0.1538091308665276	0.01000052992132639	0.166213546567716	0.5465661359508239	0.5823755101765876	0.03163350195090727	0.01000289475306996	0.2599045155165678	0.01000002434806228	0.4556550644103668	0.3703474259038975	0.01001358039548163	0.04145559209599105	0.01010368294655846	0.2264149321984978	0.07267746296572304	0.364720113345688	0.3004197287854324	0.009999991437382566	0.3591618151296574	0.009999990888818897	0.009999990268572798	0.8012057517057751	0.7708553219236529	0.009999990122997673	0.00999999015962573	0.207081555440859	0.00999999020502291	0.3647634312977762	0.3302114644086186	0.009999990355923076	0.009999993276537519	0.009999990546636427	0.1907397826774642
0.1002094166919979	-0.4710418354209756	1.445190699746972	0.8755775296978873	0.6730520148924438	0.4742020966372684	0.3765259818619669	-1.066858628277818	-0.2161875703161743	-0.1559267904308062	0.2269318372872733	-0.3751717190688758	3.435245016891062	0.1603970424802825	5.516028206909168	-5.160699580307349	0.3245415051645066	-4.292603743493994	3.164826830681878	6.473578853497179	-2.348374408278238	0.4012229170075715	0.1880679145133367	0.1891959010770529	0.177809210701895	0.01000044982490017	0.1487567843420072	0.5672105581602469	0.5976041928211024	0.02856724233899435	0.01000246315246889	0.2542884841035499	0.01000001927536492	0.4473592692317962	0.3662492201060182	0.0100115610684821	0.03708775599528411	0.01008827853068991	0.2225982187038193	0.07323697105196661	0.3653712508951115	0.301352044650359	0.009999991367653531	0.3724342810711821	0.009999990891129112	0.009999990260900085	0.7992441112878953	0.7739695872037623	0.009999990116588187	0.009999990161423991	0.1996969629544433	0.009999990214666146	0.3507439447716285	0.3193084326306186	0.009999990384065523	0.009999993119543764	0.009999990553604411	0.1881071495819545
0.1025398682429746	-0.4721520360504446	1.453178888333636	0.8759407243188387	0.6862069449369095	0.462539603494484	0.3775397490683303	-1.076760460877351	-0.2089723227531557	-0.1407884077032855	0.221256712174669	-0.5784807536154707	3.4201833514655	0.1512479953373463	5.773751857435069	-4.843240462959692	0.5464576845595555	-4.203559388918746	3.02008911325644	6.514871865955937	-2.521329008590303	0.3981060949580449	0.2003630886936318	0.1698088664400692	0.1998527324665131	0.01000038165257531	0.1328414016983191	0.5858434648269867	0.6117780401674959	0.02591879353107758	0.01000209580281281	0.2484612871932361	0.01000001495926467	0.4385363664200719	0.3615255374530776	0.01000984234138864	0.03329263863649049	0.01007516633735113	0.2188867179480677	0.07379647913821019	0.366022388444535	0.3022843605152856	0.009999991297924492	0.3857067470127068	0.009999990893439328	0.00999999025322737	0.7972824708700154	0.7770838524838717	0.0099999901101787	0.00999999016322225	0.1923123704680276	0.009999990224309384	0.3367244582454808	0.3084054008526187	0.009999990412207973	0.009999992962550013	0.009999990560572398	0.1854745164864447
0.1048703197939513	-0.4737337139818684	1.461132141527509	0.8762827940384964	0.6999533452660069	0.451636250855827	0.3790682214554315	-1.08644242528272	-0.2021339532534572	-0.1255774180741874	0.215187462859508	-0.7769750505310732	3.405452059823814	0.142447429347555	6.02019351442345	-4.514106003221523	0.7631495931316536	-4.103668776746758	2.844804521251293	6.535863852153846	-2.686572443086817	0.3953607383878018	0.2112243587564961	0.1520430620240286	0.2198060968127627	0.01000032358787843	0.1183970196746733	0.6028256615740284	0.624978582775778	0.02363481447109058	0.0100017829203462	0.2423685181842991	0.01000001128488608	0.429183059885986	0.3561917873496518	0.01000837844480169	0.03000277546527576	0.01006399759995204	0.2152953068774068	0.0737854161636939	0.3677331299342697	0.3025170702642379	0.009999991244351756	0.3887348251492873	0.009999990886868518	0.009999990245411636	0.7986674819415323	0.7795728744721644	0.009999990104404681	0.009999990167174119	0.1835299574132445	0.009999990238408758	0.3217900469537979	0.2967339669286972	0.009999990453323162	0.009999992841002689	0.009999990572255075	0.1833072246971486
0.107200771344928	-0.4757643779078515	1.469051982886881	0.8766052650232892	0.7142513188260874	0.4414995182087846	0.3810867784424348	-1.095878591299974	-0.1957307416015644	-0.1103411235275001	0.2087383315359647	-0.9638017826786622	3.391509222206738	0.1344283065540379	6.247113538098992	-4.185325055103037	0.9670496510566704	-3.992614529132865	2.646635439457565	6.536588616529992	-2.847344804132361	0.3930027286276159	0.2208214798998965	0.1358320001041329	0.2375165857547776	0.01000027416615698	0.1053470439099438	0.6184565048251124	0.6372731775090569	0.0216692500809795	0.01000151661620198	0.2359613093726013	0.0100000081596033	0.4192953360318126	0.3502605849538136	0.01000713247246913	0.02715825604122542	0.010054491004181	0.2118369790279451	0.0737743531891776	0.3694438714240044	0.3027497800131902	0.009999991190779017	0.3917629032858678	0.009999990880297713	0.0099999902375959	0.8000524930130493	0.7820618964604573	0.009999990098630661	0.009999990171125989	0.1747475443584614	0.009999990252508131	0.3068556356621152	0.2850625330047759	0.009999990494438355	0.009999992719455364	0.009999990583937754	0.1811399329078524
0.1095312228959047	-0.4782121234776412	1.476940569588048	0.876910250508921	0.7290497453699437	0.4321200075501083	0.383560413228892	-1.105042854034545	-0.1898092949281706	-0.09512667749293373	0.2019228943406821	-1.133709316830239	3.378715236678958	0.1275115954454107	6.448282170707389	-3.866632668103827	1.152377096794559	-3.87042056603508	2.433342674642644	6.517107972223275	-3.001002122232151	0.3909865544108431	0.2293557371854291	0.1211062019919824	0.2534629437612091	0.01000023207082817	0.09361187654475313	0.6328645994143944	0.6487109176818684	0.01997950450951083	0.01000128979773046	0.2291770936977875	0.01000000550028476	0.4088774514663369	0.3437668157192129	0.01000607124324294	0.02470299116485461	0.0100463935934136	0.2084828386323327	0.07371628855203684	0.3708635606516255	0.3033008737600706	0.009999991148713312	0.3963452965285652	0.009999990868046094	0.009999990229884518	0.8011800404451797	0.783607099960643	0.009999990093437444	0.009999990177543456	0.164275431398834	0.009999990272975661	0.2912142971368376	0.2731381783842353	0.009999990558700697	0.00999999263481712	0.009999990602537062	0.1786657467217633
0.1118616744468813	-0.4810338008839472	1.484800860589114	0.8772005187755532	0.7442844402685268	0.4234661659237566	0.3864417999736507	-1.11391004023376	-0.1843976681394088	-0.07998128398069547	0.1947541218538906	-1.284711124611635	3.367225773706029	0.1217979482679494	6.621520253341696	-3.562553874218884	1.316983515576348	-3.737662620750562	2.20910659777914	6.477327549854299	-3.150578133897653	0.3892712801343616	0.2369826288597743	0.1077899790678932	0.2679913833173251	0.01000019624031002	0.08310693775866256	0.6461562564430329	0.6593323916925576	0.01852942672227911	0.01000109674598052	0.2219592536039911	0.01000000323990025	0.3979320741505943	0.3367407141505363	0.0100051680017723	0.02258831638514489	0.01003950135308626	0.2052073968211566	0.07365822391489604	0.3722832498792467	0.303851967506951	0.009999991106647602	0.4009276897712625	0.009999990855794475	0.009999990222173136	0.8023075878773098	0.7851523034608288	0.009999990088244226	0.009999990183960921	0.1538033184392066	0.009999990293443192	0.2755729586115601	0.2612138237636945	0.009999990622963039	0.009999992550178874	0.009999990621136367	0.1761915605356741
0.1141921259978581	-0.4841842414015164	1.492635990368203	0.8774789197217221	0.7598891525552526	0.4155010612661005	0.3896814627270808	-1.122456058840927	-0.1795180491774177	-0.06495218593348738	0.1872434911770705	-1.415674445452549	3.357143210980283	0.1173274355627463	6.765688531695858	-3.276282852227103	1.459668290656846	-3.595047388331878	1.97779925363675	6.417476504316945	-3.294553322204202	0.387812377686626	0.2438122636978164	0.09580457931367505	0.2812671891850134	0.01000016572034932	0.07374580790690449	0.6583170933084567	0.6692481324032786	0.01728582375122238	0.01000093231927887	0.2141700855693447	0.01000000131848223	0.3864437516833684	0.3291815080092029	0.01000439869454056	0.02076912839575369	0.01003363084115359	0.202001715432678	0.07341588119972495	0.3732847525997673	0.3041832563789466	0.009999991075995035	0.4044049913906941	0.009999990840279317	0.009999990215030339	0.8003669004939794	0.7876022526592804	0.009999990083608228	0.009999990193896038	0.1400823027635995	0.009999990324184315	0.2588440674888521	0.2484200029804514	0.009999990733270838	0.009999992482958688	0.009999990646979493	0.1736912779506839
0.1165225775488347	-0.4876165956987702	1.500449292936382	0.8777483070450413	0.7757962927411878	0.4081809923399819	0.3932282264259355	-1.130659184137977	-0.175183050860272	-0.05008500780919669	0.1794009175343474	-1.526650314152169	3.348493600602599	0.1140624320711579	6.881064717377669	-3.008982415996662	1.58053840075102	-3.443390628874681	1.741711646026256	6.338367421842786	-3.435452509896021	0.3865700453311506	0.249931397435255	0.08506605487516374	0.2934102012135889	0.01000013974151657	0.06544007512863982	0.6693304215513592	0.6785542591172555	0.01622089370206869	0.01000079237179542	0.205684363578035	0.009999999687677969	0.3743968816440548	0.3210874003997765	0.01000374392636638	0.01920700314338239	0.01002863411828171	0.198857904438594	0.07317353848455384	0.3742862553202879	0.3045145452509422	0.009999991045342467	0.4078822930101259	0.009999990824764157	0.009999990207887543	0.7984262131106491	0.7900522018577321	0.00999999007897223	0.009999990203831155	0.1263612870879923	0.009999990354925435	0.2421151763661439	0.2356261821972083	0.00999999084357864	0.009999992415738502	0.009999990672822619	0.1711909953656936
0.1188530290998114	-0.491284774011473	1.50824410057423	0.8780114282194229	0.7919395592039251	0.4014614764215353	0.3970318400244834	-1.138499083797665	-0.1714021255498319	-0.03542402637993027	0.1712346733532133	-1.618328114275851	3.341262343881724	0.1119201897298219	6.968725714935845	-2.760836843222727	1.680409867376449	-3.283612049577861	1.502797713527997	6.240920739312035	-3.572535764067311	0.3854878642312434	0.2554119019551325	0.07548846784984899	0.3045723550156344	0.01000011761224652	0.05810125806462602	0.6792574506706678	0.687330565935479	0.01530924986655709	0.01000067317626702	0.196445576130186	0.009999998304616146	0.361744482925263	0.3124344615263982	0.01000318626563629	0.01786660439766466	0.01002437816689726	0.1957699253429087	0.07281485731182862	0.3744523055658476	0.3045094833698226	0.009999991024147541	0.411217978563515	0.009999990808693139	0.009999990201515764	0.7953843868086942	0.7931558128985322	0.009999990074844813	0.009999990219083339	0.1106354812374524	0.009999990403835769	0.2236262638390851	0.221517587083343	0.009999991081167468	0.009999992356927816	0.009999990706991367	0.1686900821264982
0.1211834806507881	-0.4951451926791492	1.516023666639757	0.8782707546125278	0.8082563133801327	0.3952984945275682	0.4010449634793794	-1.145958090717351	-0.1681800138525224	-0.02100976348320037	0.1627510969170012	-1.691631521223505	3.335413240835633	0.1108057402376728	7.029952355480975	-2.531363368603472	1.760340341845293	-3.116507420594772	1.262136249021007	6.12663289131507	-3.707787933841399	0.3845156879201674	0.2603113825771628	0.06698354938231489	0.3148713974477576	0.01000009877491928	0.05164248728334431	0.6881493423819609	0.6956469732121912	0.01452983963055515	0.01000057172733395	0.1863994856367451	0.009999997134728964	0.3484413730211993	0.3031996786120835	0.0100027116567315	0.01671824971698018	0.01002075571860154	0.192732453776418	0.07245617613910338	0.3746183558114072	0.304504421488703	0.009999991002952617	0.4145536641169042	0.009999990792622121	0.009999990195143986	0.7923425605067391	0.7962594239393322	0.009999990070717396	0.009999990234335518	0.09490967538691258	0.009999990452746105	0.2051373513120262	0.2074089919694778	0.009999991318756299	0.009999992298117133	0.009999990741160118	0.1661891688873028
0.1235139322017648	-0.4991555666889115	1.523791193439934	0.8785286195437338	0.8246856818968458	0.389648724602949	0.4052217378450936	-1.153019660275349	-0.1655199086973092	-0.006880098071544829	0.1539552401225967	-1.747390322041812	3.330913450792507	0.110631353794399	7.065813938111118	-2.320072107432605	1.821275555795203	-2.94263999157604	1.020668622305607	5.997255328768948	-3.840659418080548	0.3835745502286851	0.264670352822778	0.05946277898980996	0.324418864266105	0.01000008272837403	0.04597859250670934	0.6960666472303164	0.703428644624728	0.01386351830235395	0.01000048532323914	0.1741245817044677	0.009999996148213511	0.3343809161549862	0.2933042669549391	0.01000230748474772	0.01573480270959744	0.01001767032643747	0.1897516564257775	0.07195354327729528	0.3732467266557267	0.3039334430184518	0.009999990989201691	0.4178870953512756	0.009999990778343053	0.009999990189662196	0.7885382532072006	0.796435936162514	0.009999990067041699	0.009999990258535634	0.0524548719979246	0.009999990536583807	0.1835784555200103	0.1908418588260621	0.009999991974837398	0.009999992238234945	0.009999990783931132	0.1638914853644882
0.1258443837527415	-0.5032770611799838	1.531549727028976	0.878787033748642	0.8411709142570546	0.3844718722831369	0.4095202195380269	-1.159668271297222	-0.1634232646259658	0.006932469047444899	0.1448510009980157	-1.78699542730388	3.327695242016186	0.111277128476015	7.077894861441539	-2.125504165195195	1.864789908496592	-2.762105256830286	0.7785723803089831	5.854498254977469	-3.972442507335957	0.3825944723525483	0.268521309639265	0.05283890210591501	0.3333039444692003	0.01000006906851704	0.04102914610168912	0.7030611887531777	0.7106082853378438	0.01329452752301451	0.01000041178550921	0.1582926950124199	0.00999999532103925	0.3194612632870778	0.2826745270087178	0.01000196357796821	0.01489371096128812	0.01001504421623999	0.1868328865559054	0.07145091041548719	0.3718750975000463	0.3033624645482005	0.009999990975450769	0.4212205265856469	0.009999990764063989	0.009999990184180407	0.7847339459076623	0.7966124483856958	0.009999990063366002	0.00999999028273575	0.01000006860893662	0.00999999062042151	0.1620195597279944	0.1742747256826463	0.009999992630918499	0.009999992178352759	0.009999990826702145	0.1615938018416735
0.1281748353037182	-0.5074730779592546	1.539302206812579	0.8790478209687	0.8576576603262004	0.379730070055107	0.4139010034364474	-1.165888112475293	-0.1618913603152738	0.02039806268297108	0.1354412969961236	-1.811843232446474	3.32570436551901	0.1126397302315957	7.067304163958005	-1.946161712191009	1.892496437673838	-2.573627368780181	0.536024620582964	5.700000407505127	-4.103053748437469	0.3814783032261284	0.2718866489776863	0.04702620535436971	0.3416318462595231	0.01000005743218815	0.03671673379488045	0.7092705075901645	0.7171092281972649	0.012808580778349	0.01000034915616913	0.1415267929571614	0.009999994636330578	0.3035782152726638	0.2712725968680175	0.01285550728456045	0.01417444758401267	0.01001280746063517	0.1839931495298656	0.07076352810540283	0.3682748856046413	0.3020834013765129	0.009999990967320429	0.4250798169874698	0.009999990753528028	0.009999990179667627	0.782451545490825	0.7935219798305267	0.009999990060097178	0.009999990324127531	0.0100000347254783	0.009999990801302783	0.1373811811608355	0.1559850595699214	0.04746714203939865	0.009999992107237791	0.009999990875080071	0.1597154174576712
0.1305052868546949	-0.5117116580666877	1.547051444556612	0.8793125425199423	0.8740933518929001	0.3753905699145458	0.4183301740316697	-1.171653667095903	-0.1609253138233443	0.03349164274260955	0.1257267754894432	-1.823523394069493	3.324912914644141	0.1146535824417484	7.034079745738524	-1.780247395650665	1.906315506475885	-2.372235270197951	0.2929516280561515	5.535235169913881	-4.234037736695192	0.3801399463524648	0.274784123316588	0.04194345523095169	0.3494893835577469	0.01000004752656574	0.03297070482297458	0.7148160459647255	0.722862286764722	0.0123939833968831	0.01000029585647101	0.1262713463100851	0.009999994080480435	0.2866286375545655	0.2590605449023461	0.02076098472979965	0.01356008920002619	0.01001090367216945	0.1812472247270535	0.0700761457953185	0.3646746737092363	0.3008043382048253	0.00999999095919009	0.4289391073892928	0.009999990742992067	0.009999990175154846	0.7801691450739877	0.7904315112753577	0.009999990056828351	0.00999999036551931	0.01000000084201998	0.00999999098218406	0.1127428025936766	0.1376953934571965	0.08493429144787878	0.009999992036122824	0.009999990923458	0.1578370330736689
0.1328357384056716	-0.5159633297167477	1.554800223378734	0.8795826772242012	0.8904249563369311	0.3714234415342977	0.4227768563672698	-1.176930154896368	-0.1605263483962259	0.04619050041622939	0.1157062814778642	-1.823514610944023	3.32531628927946	0.1172861364040691	6.977440308287936	-1.626110314449663	1.908082504715715	-2.151055552071134	0.04937411854650754	5.361908856068917	-4.366091385687622	0.3784532064878233	0.2772247473298424	0.03751233028510166	0.3569761129990525	0.01000003908856958	0.02972410722668722	0.7197484584768444	0.7278942915360063	0.01204015684885771	0.01000025046878154	0.1124539031537856	0.009999993648828198	0.2673500784688858	0.2453731412502039	0.03638730007471027	0.01303528295818341	0.01000928215261726	0.1786202956137701	0.06918759181692009	0.3578516590437088	0.2987147228527312	0.009999990953119063	0.4337684328636411	0.009999990738655347	0.009999990171660162	0.7777792070946851	0.7864438625202886	0.009999990053925262	0.00999999044738956	0.00999999839323884	0.009999991359571211	0.0613714141603772	0.1052816246178194	0.1721433906821661	0.00999999195027354	0.009999990970606535	0.1565798047700119
0.1351661899566483	-0.5202026871092111	1.562551380200348	0.8798597115771231	0.9065944445697963	0.3678032376145945	0.4272153718573947	-1.181656197593399	-0.1606955004414166	0.05847808206046121	0.1053744541134458	-1.812955264130508	3.326953720424822	0.1205748800931446	6.894951162823854	-1.482515859740515	1.899306697209137	-1.899841752094583	-0.194608364934628	5.182276938034851	-4.50122488492008	0.3763059034876451	0.2792168766023403	0.0336611306315408	0.3641759408684596	0.01000003190607404	0.02691755613603986	0.724112393852228	0.732228445789157	0.01173847696614749	0.01000021185003999	0.09999587180123908	0.009999993337615936	0.244522605971908	0.2295851910747634	0.06132740608304215	0.01258744628363849	0.01000790202115477	0.1761341777890464	0.06829903783852168	0.3510286443781812	0.2966251075006371	0.009999990947048036	0.4385977583379896	0.009999990734318629	0.009999990168165477	0.7753892691153824	0.7824562137652196	0.009999990051022171	0.009999990529259813	0.009999995944457695	0.009999991736958359	0.01000002572707778	0.07286785577844226	0.2593524899164535	0.009999991864424256	0.009999991017755071	0.1553225764663549
0.137496641507625	-0.5244062067970512	1.570307800130366	0.8801451874187154	0.9225400044118518	0.3645066412962144	0.431622502875212	-1.185754196599601	-0.1614337802200675	0.07034166126665993	0.0947233933653477	-1.793547966316575	3.329782524244674	0.1244792892983729	6.78586349582734	-1.34732244269051	1.882027272329758	-1.61126724063614	-0.4393543012317729	4.998858619697852	-4.640316684814487	0.3735410656481959	0.2807647672445091	0.03032181553919066	0.3712092700901558	0.01000002578867861	0.02449548325069071	0.7278686875617159	0.7358555881965334	0.01148115555096538	0.01000017897826303	0.08881583061041992	0.01000003223529011	0.2208622751758212	0.2118474190221993	0.0893636963504883	0.01220519195798197	0.01000672652164512	0.1738204938010134	0.06718488941528282	0.3398635117583751	0.2936598178875625	0.009999990935986316	0.4453479096185913	0.009999990740322344	0.009999990165735382	0.7708039659236229	0.776775690010869	0.009999990048448527	0.009999990726590755	0.009999994906434072	0.010000505731209	0.01000001158225533	0.04143393054546036	0.2893633467450774	0.009999991768599113	0.00999999105505118	0.1548842634685166
0.1398270930586017	-0.5285577237166935	1.57807189678721	0.880440167856987	0.9382054088901111	0.3615202814289974	0.4359832257456091	-1.189139100821964	-0.1627450077512998	0.08177624718520206	0.08374279117381708	-1.768326343604366	3.333541908740458	0.1287317513886381	6.654521050675143	-1.21627007580468	1.859479095740757	-1.287861826613523	-0.6863137180792713	4.814113705905235	-4.784038267722493	0.3700182065239346	0.2818711419873233	0.0274338812282404	0.3781791771411003	0.01000002058286041	0.02240972144542841	0.7309818201126214	0.7387669191048711	0.01126186221920785	0.01000015102940922	0.07882792249146209	0.01000014185944608	0.1989730553834347	0.192273786548372	0.116272150127303	0.01187922836697354	0.01000572601596763	0.1717064950824148	0.06607074099204398	0.3286983791385692	0.2906945282744878	0.009999990924924597	0.4520980608991931	0.009999990746326062	0.009999990163305288	0.7662186627318633	0.7710951662565183	0.009999990045874879	0.009999990923921698	0.009999993868410446	0.01000101972545963	0.009999997437432892	0.01000000531247845	0.3193742035737013	0.00999999167277397	0.009999991092347286	0.1544459504706783
0.1421575446095784	-0.5326442960283944	1.585845719754033	0.8807453542522089	0.9535403506114949	0.3588355730792555	0.4402857576871897	-1.19173256751531	-0.1646347746912391	0.09278199433996856	0.07242187354346817	-1.73523231347626	3.338254396297373	0.1333884811084985	6.498976889911614	-1.091583365216677	1.829099618632973	-0.9321811897275114	-0.9351142025639466	4.633456987048305	-4.93258418615641	0.3652920010425752	0.2825376121060829	0.02494064941764252	0.385238341625835	0.01000001615116892	0.02061564638619384	0.7334412370636654	0.7409137263938794	0.01107488711541988	0.0100001273236058	0.06994481168870763	0.02038551037881048	0.1787957197278484	0.1726362830355632	0.14222868521711	0.01160116158031573	0.01000487385664873	0.1698179045766497	0.06468924536263253	0.3063459554788613	0.2868407335257904	0.009999990901312544	0.4620471095324735	0.009999990770252338	0.009999990162073263	0.7600338655061474	0.7626829665570449	0.00999999004360462	0.009999992037850439	0.009999993342284854	0.1464169937226914	0.00999999595944564	0.01000000087076142	0.3465768314867211	0.009999991576808625	0.009999991115482101	0.1548294007888861
0.1444879961605551	-0.5366289315461317	1.59363248128346	0.8810628500684085	0.9684639228971534	0.3564146693029916	0.4444904620239627	-1.193457445597383	-0.1671017351592003	0.103383564158272	0.06074792898263513	-1.680843903134479	3.344645819154371	0.1392957307085757	6.301482657090014	-0.9898722585172948	1.775523172736937	-0.5424366664547332	-1.181662807599325	4.467247592193447	-5.087006960872586	0.358961155038872	0.2827647193224841	0.0227928916351521	0.392518505618088	0.01000001238277568	0.01907526986599154	0.7352370220639453	0.7422517742548993	0.0109155993096088	0.01000010731266066	0.06207795748731582	0.04832704843557344	0.160268960833706	0.1546290540376495	0.1673204730138639	0.01136416446943719	0.01000414855685405	0.1681766449592568	0.06330774973322106	0.2839935318191534	0.282986938777093	0.009999990877700489	0.4719961581657539	0.00999999079417861	0.009999990160841236	0.7538490682804314	0.7542707668575717	0.009999990041334363	0.009999993151779182	0.009999992816159259	0.2828329677199231	0.009999994481458392	0.009999996429044387	0.3737794593997409	0.009999991480843282	0.009999991138616915	0.1552128511070938
0.1468184477115318	-0.5404504718234575	1.601436716316918	0.8813962913995302	0.9828632591307062	0.3541898005886036	0.448530068191364	-1.194233321029648	-0.1701372355169079	0.1136228117577018	0.04870686007957677	-1.588300975953958	3.353590443304297	0.1474545862945575	6.041488140161063	-0.9317492202502959	1.679348779833866	-0.1213908661036823	-1.421358188674081	4.326183306911013	-5.247448190950704	0.3509566955983056	0.2825483678398629	0.02094496074362768	0.4001168249414385	0.01000000917924456	0.01775366726090848	0.7363505787473935	0.7427866039538834	0.01077982549336749	0.01789903921191892	0.05513916095363199	0.08154902806638853	0.1433293658793653	0.1381875089624819	0.1914004100356151	0.01116207752776247	0.01000353079845785	0.1667779415627211	0.06175264982223216	0.2573817722008296	0.2781579456513544	0.009999990838574144	0.4846131967073881	0.009999990851872476	0.009999990161096152	0.7458303842412478	0.744356700350404	0.009999990039348131	0.1137174668980686	0.009999992494931813	0.3075315922216313	0.009999993828104577	0.009999995259845428	0.3942218911930037	0.009999991393397795	0.009999991150929154	0.1559730131527487
0.1491488992625085	-0.54398285488501	1.609266131421707	0.8817528717267492	0.9965547596454729	0.3520148598596625	0.4522621426834431	-1.194013770696697	-0.1737169752213752	0.123575824308547	0.03628646292481329	-1.432688377095655	3.366255426346906	0.1591536814551308	5.69401607610023	-0.9470239225140358	1.511598634489081	0.3118404922928379	-1.648730527513914	4.22159987762219	-5.412547520750388	0.3412072282350162	0.2818841815949956	0.01935793685232878	0.4081174005411384	0.01000000646120502	0.01662151825879037	0.7367647944820983	0.7425226399544086	0.01066418633815482	0.03934193656805177	0.04904259968839211	0.1117247281602268	0.1279081453198283	0.123241377808056	0.2143347383486617	0.01098990278889366	0.01000300500466201	0.1656172672225208	0.06019754991124327	0.2307700125825057	0.2733289525256157	0.0099999907994478	0.4972302352490222	0.009999990909566343	0.009999990161351066	0.7378117002020644	0.7344426338432362	0.009999990037361897	0.217434940644358	0.009999992173704368	0.3322302167233395	0.009999993174750758	0.009999994090646469	0.4146643229862664	0.009999991305952312	0.009999991163241394	0.1567331751984037
0.1514793508134852	-0.5470627130588251	1.617130135103847	0.8821416317614513	1.009319359862437	0.3496996216303138	0.4555007293296219	-1.192787185254238	-0.1778092070346043	0.133332138528656	0.02347698437547012	-1.201922347014076	3.383123460468022	0.1748898888115638	5.24945650874648	-1.049254763611823	1.257984370632567	0.738653749311237	-1.862283800177138	4.154316369727706	-5.581619074864384	0.3259563104150726	0.2807415766782896	0.01799601509499632	0.4165708377638048	0.01000000416216127	0.01565202377002905	0.7364481736885414	0.7414033245854826	0.01056563840981614	0.0669920963768727	0.04370449102840845	0.1397945795299259	0.1139333736349087	0.1097172107100764	0.2361766539221044	0.01084313532535598	0.01000255717164633	0.1646643166182485	0.05880047775602151	0.1203850121926643	0.2669954064038053	0.009999990748531666	0.5119213183107799	0.009999991064908759	0.009999990163676432	0.7275681636072794	0.7214609960714403	0.009999990035636805	0.2635298905553913	0.009999991960597145	0.3568278618324806	0.009999992827392411	0.009999993580505835	0.4313290625785626	0.009999991233168894	0.009999991176866292	0.157412870025539
0.1538098023644619	-0.5495451310646068	1.625036728313695	0.8825699211289726	1.020970032196951	0.3470808765067427	0.4580798973513048	-1.190581067003368	-0.1823924699522644	0.1429527675032073	0.01026624622374273	-0.9199635653397354	3.402805877356967	0.1930778646980634	4.738040072162288	-1.207494381653611	0.9456837393108474	1.152478272243819	-2.070134786193662	4.105154422368152	-5.756909626857844	0.3016718138606593	0.2790929165922432	0.01682910015118073	0.4255210428407984	0.01000000222849674	0.01482292107134262	0.7353719845634487	0.7393772562046586	0.01048172015661202	0.09560326670837413	0.03904634913560859	0.1662770500924319	0.1013269550509074	0.09753549608131708	0.2569433720489747	0.01071812602933913	0.01000217600776067	0.1638927244012737	0.05740340560079974	0.01000001180282285	0.2606618602819948	0.009999990697615532	0.5266124013725377	0.009999991220251176	0.009999990166001799	0.7173246270124942	0.7084793582996444	0.009999990033911711	0.3096248404664247	0.009999991747489922	0.3814255069416215	0.009999992480034064	0.009999993070365202	0.4479938021708588	0.009999991160385475	0.009999991190491187	0.1580925648526744
0.1561402539154386	-0.551331857592725	1.632991263083912	0.8830421019452289	1.031376840868086	0.3440550245898651	0.4598868167564799	-1.187428671769727	-0.1874608292745887	0.1524655655604516	-0.00336109144749789	-0.6108885958122634	3.423899634988882	0.2121721769147355	4.18947880401866	-1.390884070650919	0.6020318218636321	1.550331568378293	-2.280999694229867	4.057576639312528	-5.939228074960617	0.2739984368890045	0.2768797911849423	0.0158296708400114	0.4349759269133446	0.01000000062902246	0.01411395046175873	0.7335018683725993	0.7363744480611188	0.01041021573190556	0.122986257171537	0.03499290816373217	0.1909348964030385	0.09000791624436526	0.08661399613687724	0.2766849926302127	0.01061158804957368	0.01000185136183902	0.1632738410363964	0.05666464909282094	0.01000000187770349	0.2521783082692312	0.009999990645739327	0.5426501085092099	0.009999991696725963	0.009999990171701001	0.7046773222324535	0.6918882775325416	0.009999990032433001	0.3239715227754041	0.00999999159768053	0.3943938561902699	0.009999992254868985	0.00999999280041987	0.461558974563237	0.009999991102536271	0.009999991216955311	0.158620213141069
0.1584707054664153	-0.5523806710540039	1.640995666561397	0.8835589430014127	1.040479852644526	0.3405907181233835	0.4608719839323916	-1.183367167919495	-0.1930307674876723	0.1618592453485987	-0.01742113419618165	-0.2866845208309232	3.445603340540933	0.2314054067244988	3.619117953404874	-1.583777294610597	0.2404536927075635	1.932677815409568	-2.50059118387605	4.002926792783416	-6.12825832714356	0.2482278311977371	0.2740497030970639	0.01497484394091526	0.444942578728225	0.009999999338590283	0.01350841408427976	0.7308064278151634	0.7323311796443066	0.01034933445770304	0.1476360916477746	0.03147594363904827	0.2135393032759814	0.07989070237093654	0.07686632550503278	0.2954240715809301	0.01052086229297061	0.01000157504875973	0.1627829324197029	0.05592589258484215	0.009999991952584122	0.2436947562564677	0.00999999059386312	0.5586878156458821	0.00999999217320075	0.009999990177400204	0.6920300174524127	0.675297196765439	0.009999990030954291	0.3383182050843833	0.009999991447871139	0.4073622054389183	0.009999992029703907	0.009999992530474539	0.4751241469556153	0.009999991044687066	0.009999991243419435	0.1591478614294635
0.1608011570173919	-0.5526640420508473	1.649050818192236	0.8841202721178578	1.048238286853398	0.3366757618259551	0.4610022332762445	-1.178431847581944	-0.199125324055291	0.1711117326086765	-0.0319307541129087	0.04204610945918961	3.467207585537041	0.25010247441733	3.040406028556448	-1.773038800707073	-0.1271616402446539	2.300834262988335	-2.731344968748974	3.934755893006078	-6.326391047654338	0.2242967336208984	0.2705156221135498	0.01424378733501231	0.4553709197321147	0.01490224605472349	0.01299116562373078	0.7272594406823145	0.7271662498667602	0.0102974649432008	0.1696578647889192	0.02843099960595408	0.2342836077199864	0.07088818603541543	0.06820480084355421	0.3132169336387606	0.01044355484928026	0.010001339709479	0.1624034302413671	0.05587992585519629	0.00999999149656869	0.232324161642319	0.009999990549331445	0.5747807291175117	0.07435629267507021	0.009999990189384564	0.6770782122759874	0.6545733121359033	0.009999990029728768	0.3425589366858716	0.00999999133850318	0.4157929746838437	0.009999991869099051	0.009999992376258992	0.4863422775731329	0.009999990996944317	0.009999991282532034	0.1596357071711066
0.1631316085683686	-0.55219145011005	1.657155320517827	0.8847235915154872	1.054656549630797	0.3323407867325008	0.4602863416967833	-1.172652494119542	-0.2057686229903126	0.1801855821102227	-0.04691926414668985	0.3620849737834185	3.487956243999202	0.2674415827894563	2.468979105149557	-1.944238593820372	-0.485706799826998	2.657029390602663	-2.971523407737359	3.849619371854735	-6.539243156721633	0.2021456441500375	0.266198862031583	0.01361931982605452	0.4662180524736013	0.02836622606113016	0.01254979465523672	0.7228367051546697	0.7208054270060046	0.01025330578548573	0.1890331648069467	0.02580122149095438	0.2532697143217575	0.06291183345613569	0.06054091542073528	0.3300968821034084	0.01037773079186604	0.01000113941024503	0.1621210689909262	0.05583395912555043	0.00999999104055326	0.2209535670281703	0.00999999050479977	0.590873642589141	0.1387125931769397	0.009999990201368922	0.6621264070995621	0.6338494275063677	0.009999990028503245	0.3467996682873599	0.009999991229135219	0.424223743928769	0.009999991708494192	0.009999992222043442	0.4975604081906504	0.009999990949201567	0.009999991321644634	0.1601235529127497
0.1654620601193453	-0.5509938963015298	1.665306584027609	0.8853650716066384	1.059764149382113	0.3276394079332892	0.4587577701449063	-1.166055071262375	-0.2129811680404756	0.1890391547083629	-0.06242488756542031	0.6599802555126955	3.507120399945421	0.2825875387948014	1.920429382122031	-2.083226026844574	-0.8197203086416713	3.003732796173106	-3.218777956546531	3.745485693823575	-6.771870473050973	0.1817153782112871	0.2609682216727436	0.01308585237949985	0.4773724701209357	0.05149424860266534	0.01217307081644984	0.7174367169597919	0.7131733050808575	0.01021568616988772	0.205919098047694	0.02353353752210931	0.2706827503538384	0.05587334891827114	0.05378669815347523	0.346099787774479	0.01032164879677464	0.01000096881591182	0.1619353992250825	0.0562571706983202	0.009999990850236297	0.2055978881137144	0.009999990469098123	0.6053495881633985	0.2446096073160703	0.009999990226631741	0.6428541681095492	0.6088871754977151	0.009999990027559953	0.3441111318625067	0.009999991147214206	0.4300881522675684	0.00999999158799178	0.009999992138100256	0.5065781796077996	0.009999990908093011	0.009999991369852291	0.1607953166303056
0.167792511670322	-0.5491418142811024	1.673499989258182	0.8860384167298629	1.063635693471421	0.3226649649637058	0.4564955216590448	-1.158657813998574	-0.2207732498931227	0.1976286863677907	-0.07850161343303749	0.9238029050114236	3.524122385971117	0.2947882419366579	1.408192699473648	-2.178583024734634	-1.115350384339669	3.343449502671839	-3.468883502035329	3.623018704272913	-7.029364865101099	0.1629450089026274	0.254703871493456	0.01263060545572348	0.4887381128438558	0.08455389200161381	0.01185183204838803	0.7109671040126201	0.7042002289893443	0.01018366093667301	0.2203734686832385	0.02158214644906961	0.2866422102131672	0.04968662254072167	0.0478569070813212	0.3612463487533515	0.01027390233806135	0.01000082362464767	0.1618459771483327	0.05668038227108996	0.009999990659919335	0.1902422091992586	0.009999990433396473	0.6198255337376559	0.350506621455201	0.009999990251894559	0.6235819291195365	0.5839249234890626	0.009999990026616659	0.3414225954376537	0.009999991065293191	0.4359525606063678	0.009999991467489366	0.009999992054157069	0.5155959510249488	0.009999990866984455	0.009999991418059951	0.1614670803478613
0.1701229632212987	-0.5467228737136863	1.68173011231532	0.886736235089343	1.066365052320885	0.3175267697904696	0.4535986741496215	-1.15047513398197	-0.2291483530130303	0.205912772495301	-0.09521045065158913	1.145064519997749	3.538571768815884	0.3034886824656847	0.9417913372106006	-2.222852228158518	-1.362699411345427	3.678349345870521	-3.717961599868783	3.484549726071366	-7.315157163146419	0.1457716326647884	0.2472237888915261	0.01224201233162243	0.5002048141211083	0.1211769304954277	0.01157780203327222	0.7033947834525726	0.6937865860718679	0.01015637991947082	0.2326140746774282	0.01990469560854251	0.3012848417102338	0.0442675003385747	0.04266849304790878	0.3755659162293638	0.01023322595945754	0.01000069996831386	0.1618572063402151	0.05737330078883086	0.00999999056627634	0.1696288240852513	0.009999990405406835	0.6321706422119899	0.4004846879860774	0.009999990316722197	0.6014172853552198	0.5538981534566659	0.009999990026022865	0.3351083064668621	0.009999991002900744	0.43995566685386	0.009999991374428464	0.009999992021759363	0.5226594520914902	0.009999990830432568	0.009999991469037751	0.1624073757947153
0.1724534147722754	-0.543837751134958	1.689990970257457	0.8874501854096397	1.068060904074446	0.312342583625819	0.450181551747932	-1.141516180156377	-0.238099084914367	0.2138611782292822	-0.1126199305676904	1.32388160322477	3.550499149750659	0.3086327355916053	0.5212340363600148	-2.218052621904624	-1.561851743326758	4.009649844316308	-3.962889722371554	3.334936857332044	-7.630658374549467	0.1301271324973532	0.2383585141517308	0.01191063307462159	0.5116772397748589	0.1572686323000009	0.01134425014464778	0.6946886005453373	0.6818397329326846	0.01013315702956978	0.2427759322548025	0.01846525329828726	0.3147057025605303	0.03953699036239381	0.0381439468543024	0.3890764016618378	0.01019859800238184	0.01000059472795971	0.1619727853687869	0.05806621930657176	0.009999990472633346	0.149015438971244	0.009999990377417195	0.6445157506863238	0.4504627545169539	0.009999990381549839	0.5792526415909034	0.5238713834242693	0.009999990025429071	0.3287940174960705	0.0099999909405083	0.4439587731013521	0.009999991281367561	0.009999991989361658	0.5297229531580319	0.009999990793880682	0.009999991520015549	0.1633476712415692
0.1747838663232521	-0.5405842397257178	1.698276760907656	0.8881719943972587	1.068828971914584	0.3072239688927923	0.4463552133065752	-1.131788543353404	-0.2476127975410423	0.221451681544083	-0.1308009091513841	1.461857168359994	3.560016244951983	0.3102501888147994	0.1449021840131027	-2.168042701961439	-1.714602281049153	4.338318912947686	-4.199534713393192	3.178759435521131	-7.978160639482236	0.1159402874767883	0.227693599169702	0.0116279390882978	0.5230660747471668	0.1926848311030822	0.01114510425563911	0.684692812034622	0.6682056337401443	0.01011337521375178	0.2510061570552793	0.01723083293047337	0.3270107047116118	0.03541927134599645	0.03420906652775267	0.4017917609275876	0.01016909945488545	0.01000050509955049	0.1621990547049245	0.05892307320445567	0.00999999041776106	0.1184009326171571	0.009999990355067191	0.6546927468919425	0.493358808075716	0.009999990593560288	0.5509817248949105	0.4871486152818037	0.009999990025354625	0.3195172129335407	0.009999990892757594	0.4465843795158793	0.009999991208014678	0.009999992003831417	0.5347942067374271	0.009999990761996621	0.009999991575410223	0.1646081953707733
0.1771143178742288	-0.5370541636361418	1.706582121674947	0.8888935488716271	1.068768804079933	0.3022688403452264	0.4422240756411869	-1.121297169824669	-0.2576621282709344	0.2286747619407035	-0.1498326429635532	1.561230180962194	3.567294278679308	0.308414311663573	-0.1895601226504317	-2.07774832339611	-1.823431284936072	4.665090826220456	-4.422558667877499	3.019613487333856	-8.360778875032937	0.1031336775442323	0.2148372394829661	0.01138699271881013	0.5342934423585727	0.2272947593262058	0.01097543775268234	0.673264376991826	0.6527400986882922	0.01009653662389281	0.2574019144919945	0.01617381303769184	0.3382776690067403	0.03184549871726577	0.03079680286952644	0.4137187048211662	0.01014398861796683	0.01000042882214437	0.16254135219855	0.05977992710232418	0.009999990362888777	0.08778642626307015	0.009999990332717187	0.6648697430975611	0.5362548616344782	0.009999990805570737	0.5227108081989177	0.450425847139338	0.009999990025280181	0.310240408371011	0.009999990845006888	0.4492099859304063	0.009999991134661799	0.009999992018301179	0.5398654603168226	0.009999990730112563	0.009999991630804894	0.1658687194999774
0.1794447694252055	-0.5333356066896067	1.714901979490973	0.889606867947177	1.067975987951753	0.2975670545042896	0.4378884182042422	-1.110045953725799	-0.268211151132374	0.2355260660825724	-0.1697993550016894	1.624580805218305	3.572532949948871	0.3032264595528863	-0.4849064609028333	-1.952593008143872	-1.891190922890593	4.99063920700817	-4.626472472717404	2.860516898286129	-8.781679252971118	0.09162694419100749	0.1994805404486931	0.01118153437899489	0.5453609780087881	0.2604964704279186	0.01101147981804504	0.6603124561617275	0.6352491431013727	0.01008219354842275	0.2620431697592309	0.01526897453362263	0.3485744747562336	0.02875058134743906	0.02784389898113919	0.4248599513109335	0.01012259840524079	0.01000036386430979	0.1629797448317229	0.06070265888110066	0.009999990330484777	0.04889323036580744	0.009999990313695781	0.6746509289373026	0.5622641284957137	0.01237772643900572	0.4895505980632601	0.4056741130050735	0.009999990026160853	0.2979539175353523	0.009999990809036449	0.450438403633737	0.009999991076188541	0.009999992085351348	0.5428779726218985	0.009999990704157613	0.009999991707903789	0.1670148257966457
0.1817752209761822	-0.5295076213634786	1.723231963195266	0.890304380085129	1.066536343133616	0.2931901065384867	0.4334385535299235	-1.098036726414042	-0.2792062341511194	0.2420088554142377	-0.1907956872762103	1.655141921396359	3.575984344191681	0.2948487539624914	-0.7446703036405183	-1.798971556513776	-1.921444254516314	5.31561815688026	-4.805368736560098	2.703353052590903	-9.244401820952255	0.08133495988710418	0.1812990313363132	0.01100648436184479	0.5562696909012081	0.2918058177463583	0.01139512642810369	0.6457509111466981	0.6155476709480822	0.01006998482828846	0.2649808943547107	0.01449540811179677	0.3579517203119161	0.02607702511810266	0.02529470000004302	0.4352137309091693	0.0101043905739048	0.01000030858806951	0.1634972158645944	0.06162539065987996	0.009999990298080779	0.01000003446854471	0.00999999029467437	0.6844321147770441	0.588273395356949	0.01475546207244071	0.4563903879276024	0.3609223788708089	0.009999990027041527	0.2856674266996936	0.009999990773066011	0.4516668213370677	0.009999991017715284	0.009999992152401518	0.5458904849269746	0.009999990678202663	0.009999991785002684	0.168160932093314
0.1841056725271589	-0.5256430804065436	1.731568199639703	0.8909788352779822	1.064528807793949	0.2891965758248927	0.42895803303496	-1.085270362170447	-0.2905796188400583	0.2481295382334409	-0.2129269278507678	1.658629159711879	3.578266686091217	0.283648303683469	-0.9757943670098461	-1.63252573631048	-1.920064381147293	5.641015132834308	-4.936807770908996	2.550715187891557	-9.757931769010948	0.07217090136178757	0.1625635829387637	0.01085726386886515	0.5670302212863982	0.3209228479416668	0.02168887433215098	0.6293636063221314	0.5934123625021195	0.01005958569774138	0.2663266677944816	0.01383410101013244	0.3664513904195763	0.02377112895784993	0.02309731167033139	0.4447641766327638	0.01008888107601937	0.01000026152397768	0.1640437317157327	0.06301862856799428	0.009999990279239097	0.01000002453127615	0.009999990278593622	0.6940542725538816	0.5991496319156251	0.1439625688848868	0.4150162313590539	0.3071720852525566	0.009999990029955689	0.2717624268799944	0.009999990747636857	0.4514300841667393	0.009999990970277468	0.009999992281783424	0.5465276974861893	0.009999990659615172	0.009999991925990239	0.1685905160902985
0.1864361240781356	-0.5217899094570422	1.739910242532195	0.8916249353035862	1.061999482350251	0.2855613087966648	0.4245065019255616	-1.071742152392685	-0.3021300188216123	0.2539034634326455	-0.2363195351840928	1.645384149745613	3.58096745401365	0.2705142706399205	-1.192472021807297	-1.491508664146464	-1.89656548375752	5.969436112381431	-4.957283757977222	2.405764698993802	-10.32691027702588	0.06404627140480476	0.1454230874065171	0.01073016367103021	0.5776515311863889	0.3475548086653518	0.04851153673695487	0.610946840728156	0.5686221187297691	0.01005073420781566	0.266164318903632	0.01326940585969505	0.3741046466604434	0.02178649793285989	0.02120703895413521	0.4534941678577641	0.01007567942650017	0.01000022148719618	0.164576727659568	0.06441186647610748	0.009999990260397416	0.0100000145940076	0.009999990262512871	0.7036764303307188	0.6100258684743013	0.273169675697333	0.3736420747905054	0.2534217916343044	0.009999990032869848	0.2578574270602951	0.009999990722207705	0.4511933469964106	0.00999999092283965	0.00999999241116533	0.5471649100454045	0.009999990641027684	0.009999992066977794	0.169020100087283
0.1887665756291123	-0.5179809607964465	1.748260231374168	0.8922388228534792	1.058972943256923	0.2821986889106775	0.4201303626555488	-1.057442537699492	-0.3135559052822547	0.2593489999331117	-0.2610869202041756	1.620520944315937	3.585127214688435	0.2560554004597978	-1.402455344717207	-1.398138660036331	-1.855078929419506	6.303494617558615	-4.832565428370573	2.267871970026723	-10.92985126476655	0.05687267152036481	0.1298107373965645	0.01062184266158843	0.5879929306813898	0.3718211484532892	0.07611945846151355	0.5903008568652496	0.5411355533273748	0.01004319481748188	0.2649637239216793	0.01278713765690074	0.3809783204509952	0.02008021038351952	0.01958258758479479	0.4613843250247006	0.01006443448329131	0.0100001874131198	0.1651232306878067	0.06605230720779461	0.009999990248599936	0.01000001873286721	0.009999990250988369	0.7094797211895358	0.6136825774911143	0.2338185074620946	0.3241049711856108	0.1953201627214841	0.009999990040959384	0.250250719269833	0.009999990706820776	0.450347147209804	0.009999990881778078	0.009999992586273114	0.5453527889699104	0.009999990627534381	0.009999992280366066	0.1698969166367262
0.191097027180089	-0.514250545799387	1.756620690589418	0.8928171247279131	1.055474225221264	0.2790268333800258	0.4158786647583652	-1.042357692661516	-0.3245801306251248	0.264475016583377	-0.2872686787898975	1.57798634255136	3.589953157512445	0.2399745451242927	-1.597697303993469	-1.327794164886231	-1.789769553035745	6.643322977135404	-4.61257707138068	2.13155187539719	-11.54072960160031	0.05056363060840185	0.1156536864211318	0.01052959770369202	0.5979303297857405	0.3937640999628737	0.09371972410205996	0.5672292308806748	0.510884803880192	0.01003677756152654	0.2631284374658532	0.01237568613890983	0.3871266326421492	0.01861582112298412	0.01818897820067161	0.4684147871987075	0.01005486301535973	0.01000015844334039	0.1657062311149253	0.06769274793948175	0.009999990236802453	0.01000002287172682	0.009999990239463869	0.7152830120483527	0.6173392865079272	0.1944673392268562	0.2745678675807162	0.1372185338086638	0.009999990049048921	0.2426440114793708	0.009999990691433848	0.4495009474231974	0.009999990840716504	0.009999992761380899	0.5435406678944162	0.009999990614041075	0.00999999249375434	0.1707737331861693
0.1934274787310657	-0.5106441510522943	1.764992426892021	0.8933557863473102	1.051543932581723	0.2760134884141688	0.411810654638427	-1.026474737169971	-0.3350229408908429	0.2692825620203863	-0.314879460632832	1.514236943063915	3.594638236533853	0.2220325275955085	-1.772452650302721	-1.25741647025578	-1.698014958879975	6.987800972946852	-4.344774519636491	1.994986231993735	-12.15429904771495	0.04503451866614504	0.1028759149731615	0.01045099518162883	0.607349819948976	0.4135499462981989	0.1040329279661027	0.5407865146173989	0.4777346185488764	0.01003131163431466	0.2614858056706348	0.01202454961135134	0.3926366173395071	0.0173598602827532	0.01699411945592587	0.4745846033328848	0.01004671034180077	0.01000013379594614	0.1664453077421673	0.06950740981365505	0.009999990230107543	0.01000009307056262	0.009999990232572822	0.7173061126428152	0.616784551860516	0.1588517307584489	0.1983121550502298	0.07360927285589729	0.00999999009648744	0.250280852650295	0.00999999068541628	0.4488801902181224	0.009999990802233774	0.009999992913738182	0.539697839062582	0.009999990600911252	0.009999992646338456	0.1738294140613796
0.1957579302820424	-0.5072058600203664	1.773374690198767	0.8938507205437791	1.047226223345563	0.2731701007066395	0.4079801963956679	-1.00978670351342	-0.3448088104183844	0.2737766666166593	-0.3439157943246841	1.43371926864307	3.598987461801781	0.2024475493295175	-1.930179305915891	-1.181936374843192	-1.585901873731182	7.334243296149444	-4.048788705888865	1.86255607515156	-12.7641421579656	0.04020568141383205	0.09139566498641065	0.0103840679963315	0.6161499922267122	0.4312816678382096	0.1085141508107982	0.510061864241616	0.4415055383401285	0.01002665928906575	0.2607604835376442	0.0117251672586156	0.3975816089862062	0.01628428371097775	0.01597117123948531	0.4798902908247601	0.01003977105702871	0.01000011284046932	0.1674420466690817	0.07132207168782835	0.009999990223412632	0.01000016326939842	0.009999990225681776	0.7193292132372776	0.6162298172131047	0.1232361222900416	0.1220564425197432	0.0100000119031307	0.009999990143925956	0.2579176938212192	0.009999990679398709	0.4482594330130474	0.009999990763751042	0.009999993066095465	0.5358550102307477	0.009999990587781426	0.009999992798922571	0.1768850949365897
0.1980883818330191	-0.503970340736794	1.781766614666567	0.8942983265090623	1.042557016185713	0.2705105267151209	0.4044289564831862	-0.9922913387215038	-0.3538849227364723	0.2779709119843849	-0.3743657516450525	1.342455607931184	3.602900275694207	0.1815250881547042	-2.076036491560645	-1.09937055311656	-1.461285908417262	7.679416600815348	-3.740644424150949	1.739742797427493	-13.35298870384316	0.03600056606355959	0.0815769681287343	0.0103270458419113	0.6242624190000126	0.4472171823603632	0.1067975695271948	0.4760479413800481	0.4049177843260522	0.01013275439911693	0.2614716939036417	0.01146980835447481	0.4020506144549589	0.01536347956654033	0.01509563986943348	0.4843710854498773	0.01003386046762493	0.01000009499045229	0.1689508210028541	0.07158336656933598	0.00999999021930866	0.01691777452654636	0.009999990222358476	0.7182287849939393	0.6153643967689885	0.06661813516109739	0.06602823454993617	0.01000000691103155	0.01144549201532146	0.2776008994266904	0.009999990679898943	0.4483446411730726	0.009999990726237199	0.00999999312387306	0.5309938089980775	0.009999990568887734	0.009999992632985078	0.1849610741880665
0.2004188333839957	-0.5009513995740248	1.790167062292422	0.8946960267834535	1.037554263435022	0.2680513865647464	0.4011715970578111	-0.9739979320494746	-0.3622449353026917	0.281898423728051	-0.4060823679937726	1.247851323389169	3.606302059582299	0.159618346722244	-2.216429058733551	-1.009923490568245	-1.333692823196782	8.019125055822096	-3.434229916788255	1.633644537229669	-13.85119253141314	0.03234950395704717	0.07373236886537408	0.01027849874065098	0.6316252477143703	0.4615540436325841	0.09831132154708269	0.4396171146342805	0.3705916525301037	0.01043805762594641	0.2640641616694921	0.0112521896116307	0.4061200144983156	0.01457620265660783	0.01434723547668361	0.4880593222447473	0.01002882962488164	0.0100000797730252	0.1711861866393816	0.07184466145084362	0.009999990215204688	0.02383538578369429	0.009999990219035177	0.717128356750601	0.6144989763248724	0.01000014803215319	0.01000002658012909	0.01000000191893241	0.01289099388671693	0.2972841050321615	0.009999990680399171	0.4484298493330979	0.009999990688723355	0.009999993181650655	0.5261326077654075	0.009999990549994044	0.009999992467047587	0.1930370534395432
0.2027492849349725	-0.4981506167584453	1.798574754050388	0.8950417560061845	1.032225548447925	0.2658081467022175	0.3982070229858251	-0.9549230211614042	-0.3699070860632455	0.2856031941707057	-0.4386628839704185	1.157092582724274	3.609036951281779	0.1369271626462601	-2.35700889045657	-0.9121491476217115	-1.21254452819284	8.348568598486962	-3.163385685512966	1.54938054976884	-13.94512337447956	0.02918655699232848	0.06987557594319481	0.0102371401211925	0.6383896991020552	0.4742792118752578	0.08730808381732352	0.4031453652373359	0.3384192339735043	0.02071244027572959	0.2679552093029232	0.01106664379373423	0.4097898424779233	0.01390313096253217	0.01370751528782631	0.4910480180552494	0.01002454460402902	0.01000006679069669	0.1740480018629284	0.0716162919513242	0.009999990216117645	0.06330045817624332	0.009999990213624608	0.718154639912309	0.6089416340721466	0.01000006982933355	0.01000010287498208	0.01000000115130872	0.1432810130699504	0.3093408180461718	0.009999990682144629	0.4476297323775278	0.009999990656362185	0.0099999932819036	0.5217509460180294	0.009999990532142589	0.009999992345760694	0.2008973590411243
0.2050797364859492	-0.4955522239347859	1.806987662759131	0.8953334840099297	1.026566982213638	0.263814312904332	0.3955105752467151	-0.9350974722083795	-0.3770914133829881	0.2891366260691265	-0.4703131068674586	1.074159669573303	3.610779261191462	0.1132743505739299	-2.499508315857994	-0.7958825124801766	-1.103586058913185	8.663324730362648	-3.024160492415461	1.486601321581876	-13.05281243911294	0.02645337370659674	0.07165269727555512	0.01020193125561336	0.6446888374642046	0.4853695283073421	0.07748449085167655	0.3689295505321621	0.3083128277065616	0.04771691093189879	0.2726355831853587	0.01090857474123494	0.4130594507565303	0.01332835688606498	0.01316131103874318	0.4934178264756703	0.01002089740498627	0.01000005572296335	0.1774499636961789	0.07138792245180478	0.009999990217030606	0.1027655305687923	0.009999990208214042	0.7191809230740169	0.6033842918194211	0.009999991626513917	0.01000017916983507	0.01000000038368504	0.273671032253184	0.3213975310601819	0.009999990683890089	0.4468296154219579	0.009999990624001016	0.009999993382156546	0.5173692842706513	0.009999990514291133	0.009999992224473803	0.2087576646427054
0.2074101880369258	-0.4931357708926835	1.815403300579332	0.8955688633079395	1.020573231049392	0.2621194073356755	0.3930506718612168	-0.9145581358256754	-0.3841686834429673	0.2925478414029322	-0.4984116480556866	1.001675004262028	3.611484439386438	0.08871660771222328	-2.645680809738353	-0.6570958153891755	-1.010212097414067	8.961317067703234	-3.067520912536965	1.443750911369321	-10.96865954528553	0.02409540762661972	0.07662872179098533	0.01017193776977309	0.6504850755261333	0.4950780168608869	0.06875296939408237	0.3374155292029926	0.2801925274829425	0.07564714765508934	0.2780364926269658	0.0107738405544941	0.4159506396694533	0.01283745739843567	0.0126948757542784	0.4952277494046826	0.010017790922821	0.01000004627844057	0.181371642862287	0.07155795063357778	0.009999990218589104	0.1167337397592154	0.009999990203239063	0.7182466413641609	0.5996501256347893	0.009999991296339928	0.02226122809861596	0.00999999949356878	0.2359071196016695	0.3338662102204864	0.009999990688031589	0.4456530335624104	0.009999990595283481	0.009999993486319633	0.5130816378433631	0.009999990496824278	0.009999992105422233	0.2174626671821364
0.2097406395879025	-0.4908740617154795	1.823820161791184	0.8957469266093961	1.014229497017424	0.2607590840393364	0.3907894797315682	-0.8933402396004169	-0.3914724876750502	0.2958790356517578	-0.5210045539768456	0.9413580546235284	3.611829179090402	0.06408560287699748	-2.799864585066583	-0.5087430717429957	-0.9330515073332298	9.24566667261338	-3.218572766192717	1.417927004304796	-8.327860867845413	0.02206546345057531	0.08271652979083974	0.01014640555474191	0.6557444002047365	0.5036159762444831	0.06102500073974709	0.309062443094214	0.2539900960710043	0.09369288861829178	0.2840978618300865	0.01065908744696846	0.4184819610451137	0.01241862428120538	0.01229696317421098	0.4965292120869855	0.01001514685272976	0.01000003822218047	0.1857949733480192	0.0717279788153508	0.009999990220147604	0.1307019489496385	0.009999990198264086	0.7173123596543048	0.5959159594501575	0.009999990966165937	0.03452227702739685	0.009999998603452515	0.1981432069501551	0.3463348893807908	0.009999990692173088	0.4444764517028629	0.009999990566565944	0.009999993590482717	0.508793991416075	0.009999990479357424	0.009999991986370662	0.2261676697215673
0.2120710911388792	-0.4887374574037413	1.832237962626383	0.8958682014303824	1.007513602288651	0.2597456998860793	0.3886888611898128	-0.8714728185068957	-0.3991931557547184	0.2991675400805409	-0.5373509756057744	0.8947257014333552	3.612436818646972	0.04015635822640872	-2.966000540046045	-0.3622808807860817	-0.8725981099110397	9.51938289522292	-3.408256514940396	1.406258632140926	-5.751928217916706	0.02031985133100637	0.0898037219144726	0.0101246563582729	0.6605341097859035	0.5111016788586927	0.05421253499305066	0.284008656525954	0.2296411865465032	0.1071911854182783	0.2905855823326987	0.01056129502711316	0.420671560194866	0.01206117563352085	0.01195740286392078	0.497383031970918	0.0100128947904724	0.01000003134368992	0.1906987997027514	0.07178633156961578	0.009999990222421968	0.1457196621261791	0.00999999019342972	0.7169298047630003	0.5922099780645668	0.0099999907839751	0.051587550240267	0.009999997865277112	0.2057072666248733	0.3556026606960502	0.009999990699053734	0.442944419780691	0.009999990541626955	0.009999993698024002	0.5049026609189714	0.009999990462590379	0.009999991879293813	0.235649598116168
0.214401542689856	-0.4866924407148753	1.840657780226049	0.8959348538962104	1.000394696158413	0.2590643062637481	0.386708900797728	-0.8489789249639993	-0.4073623777102192	0.302442708750256	-0.548052580300756	0.8627573030066447	3.613559971930518	0.01720854588525624	-3.145730090886263	-0.223827874637353	-0.8295023491216887	9.783307070095097	-3.603522952982404	1.406482218881265	-3.483463297238637	0.01882143113601261	0.09779743932564902	0.01010614292215991	0.6649136767057225	0.5176345435822248	0.04823014022728865	0.2623853534935468	0.2070859527145895	0.1196597874571038	0.2973003798913705	0.01047802043790129	0.4225349685100395	0.01175640203822101	0.01166790701436893	0.4978427160627145	0.01001097796403681	0.01000002547324512	0.1960648961289236	0.07184468432388079	0.009999990224696333	0.1607373753027197	0.009999990188595355	0.7165472498716958	0.588503996678976	0.009999990601784262	0.06865282345313717	0.009999997127101709	0.2132713262995916	0.3648704320113098	0.009999990705934377	0.4414123878585192	0.009999990516687967	0.009999993805565289	0.5010113304218679	0.009999990445823332	0.009999991772216967	0.2451315265107688
0.2167319942408326	-0.4847044266146169	1.849080969758013	0.8959493452821911	0.9928402974399885	0.2586924816670572	0.3848089868920583	-0.8258807506887208	-0.4159703121258095	0.3057303601046756	-0.5539964797220576	0.8458881258420211	3.615365098313288	-0.004579535144082629	-3.339851512904179	-0.09762377593854536	-0.8039229867761112	10.03807856795167	-3.77939805346642	1.416271016409599	-1.700505480522369	0.01753607827267869	0.1064179035633182	0.0100903730884566	0.6689627992611624	0.5232981037831191	0.04299452933930881	0.2439193010129536	0.1862651894894229	0.1309046438831977	0.3041929441039433	0.01040706468213886	0.4240990518096642	0.01149643795539532	0.01142099251723835	0.4979699146639521	0.01000934532987815	0.01000002045812413	0.2018762021939812	0.07193341596234668	0.009999990226855986	0.1737197826845057	0.009999990183619856	0.7173191270799568	0.5846321810260906	0.009999990513276857	0.08245694835228015	0.009999996476107206	0.2143582704974288	0.3736588094138205	0.009999990714778513	0.4398076913627774	0.009999990494378212	0.00999999389988912	0.4977876519182386	0.009999990428768942	0.009999991675429877	0.2553968020671276
0.2190624457918093	-0.4827380637838642	1.857509207787203	0.8959144061733917	0.9848168993414285	0.2585983346330995	0.3829483121181333	-0.8021995527185088	-0.4249571273950653	0.3090497846157785	-0.5563648499467896	0.8441761240629397	3.617892606303699	-0.02521284211527914	-3.548226663390291	0.01447578067330141	-0.7958272180580109	10.28365962638023	-3.928679555457699	1.433750030234483	-0.4149341989103638	0.01643517495611157	0.1154448414004044	0.01007694982643249	0.6727523610446805	0.528163463460628	0.03842787938761504	0.2283219843491946	0.1671184902260082	0.1407581446163844	0.3112215285229746	0.01034665072876774	0.4253871793133224	0.01127488961130714	0.01121057893606844	0.4978192184365099	0.010007955728708	0.01000001617518493	0.2081182617127239	0.07202214760081255	0.009999990229015638	0.1867021900662917	0.009999990178644358	0.7180910042882178	0.580760365373205	0.009999990424769458	0.09626107325142311	0.009999995825112707	0.2154452146952662	0.3824471868163312	0.009999990723622646	0.4382029948670355	0.009999990472068456	0.009999993994212952	0.4945639734146095	0.009999990411714552	0.00999999157864279	0.2656620776234864
0.221392897342786	-0.4807580997390488	1.86594414471469	0.8958326378964949	0.976292083478527	0.2587484102588422	0.3810861578437004	-0.7779577292138701	-0.43426317775802	0.3124107880430743	-0.5562454723141445	0.8573321652050923	3.621084064918684	-0.04483257317977484	-3.76964759053529	0.1121497745353404	-0.8049674919486755	10.51887582930587	-4.056072251092767	1.45085623886261	0.4785024389452078	0.01549257594951094	0.1247465482480414	0.01006551610705716	0.6763103862317772	0.5323090383887157	0.03445564770519749	0.2154168537155557	0.149583680992134	0.1496957814900275	0.3182918192873386	0.01029517947929496	0.4264118177781123	0.01108598978411298	0.01103118258047933	0.4974431159804601	0.0100067721551723	0.01000001251501596	0.2147776528786498	0.07209800860172477	0.009999990233768035	0.1986232116307307	0.009999990175608778	0.7190319082841854	0.5770245720548908	0.009999990375664928	0.1092262267690922	0.00999999533900542	0.2206075866180339	0.389585691300384	0.009999990744003422	0.4363118786266842	0.009999990458106709	0.009999994119948357	0.4920333220847808	0.009999990400957174	0.009999991509242322	0.2767195005211621
0.2237233488937627	-0.4787314125970878	1.874387150853301	0.895706044102997	0.9672382978429391	0.2591109407598045	0.3791839047716098	-0.7531807837226262	-0.4438540399605696	0.3158129415584209	-0.5543158215256532	0.8842740161689832	3.624817625752201	-0.0636822250679611	-4.002189993020926	0.196805143979029	-0.8302401179272458	10.74290280357568	-4.173105866588914	1.469065150159786	1.138647258417286	0.01468657932265532	0.1342200718153039	0.01005578394916151	0.6796617977434743	0.5358026522114007	0.03101041042568296	0.2050090751777947	0.1335936524210328	0.1580836951485751	0.3253235681647768	0.01025135947451369	0.4271837562081101	0.01092506073695192	0.0108783569993861	0.4968882600488634	0.01000576477020913	0.01000000938939699	0.2218432069735332	0.0721738696026578	0.009999990238520433	0.2105442331951736	0.009999990172573197	0.7199728122801543	0.5732887787365725	0.009999990326560395	0.1221913802867734	0.009999994852898132	0.2257699585408018	0.3967241957844368	0.0099999907643842	0.4344207623863765	0.009999990444144962	0.009999994245683763	0.489502670754934	0.009999990390199795	0.009999991439841855	0.2877769234188378
0.2260538004447394	-0.476626982793473	1.882839407834484	0.8955362473571055	0.9576310297798661	0.2596568634239024	0.3772051798425418	-0.7278946696040988	-0.453712087519755	0.3192649541018104	-0.5510276192212847	0.9234288388476054	3.628985569358878	-0.08197408131810768	-4.243895091221399	0.2702420930115302	-0.8698922843962749	10.95596801622639	-4.286978443702689	1.493827293822093	1.667359090747495	0.01399744231297082	0.1437811417596962	0.01004749439938645	0.6827383596464576	0.5386670460200365	0.02802852905668528	0.196898090332676	0.1190782547820473	0.165961701609571	0.3322347456407067	0.0102140288477039	0.4277206158711274	0.0107878868759912	0.01074809549242629	0.4962033095283099	0.01000490674406669	0.01000000671147641	0.2293107174289345	0.0722662098047385	0.009999990229434111	0.2214886638177405	0.00999999015974961	0.7187469824521331	0.5687084098769811	0.009999990278516755	0.1343812124509129	0.009999994191552128	0.2301228437571775	0.402024748038834	0.009999990746785431	0.4324157560083571	0.009999990408920974	0.009999994119218602	0.4877752504790083	0.00999999036067147	0.009999991298859907	0.29975238859887
0.2283842519957161	-0.4744195916721978	1.891301746842077	0.8953242679013385	0.9474527827558518	0.2603636841974911	0.3751201685166806	-0.7021242005791469	-0.4638346738983561	0.322777230235875	-0.5466187078649279	0.9726357046156628	3.633470048855017	-0.0998835439945361	-4.492205723772258	0.3348883482078994	-0.9214553983476748	11.15857753087294	-4.400133814114827	1.520783531287966	2.100442883417603	0.01340890295782605	0.1533633098846381	0.01004043860542025	0.6854789222093283	0.5409214306474114	0.02545396797840502	0.1908738896100198	0.1059611220526663	0.1733585350656836	0.3389550671595474	0.01018224967100829	0.4280378159491612	0.01067105448301745	0.0106371541997301	0.495431622978647	0.01000417644294888	0.01000000441122447	0.2371768683330137	0.07235855000682206	0.009999990220347789	0.2324330944402999	0.00999999014692602	0.7175211526241084	0.5641280410173565	0.009999990230473113	0.1465710446150374	0.009999993530206124	0.2344757289735478	0.4073253002932312	0.009999990729186664	0.4304107496303429	0.009999990373696989	0.009999993992753441	0.4860478302030849	0.009999990331143148	0.00999999115787796	0.3117278537789023
0.2307147035466928	-0.4720874535672275	1.899774820465007	0.8950708691086738	0.93669002240221	0.2612127552535894	0.3729029962600563	-0.6758932295902239	-0.4742215590774812	0.3263532789790037	-0.5412908924666091	1.029770900177429	3.638162182425905	-0.1175725327613716	-4.744745904766432	0.393143313673635	-0.982488549620113	11.3514466915073	-4.514209919538022	1.548020832461248	2.461319820003258	0.01290621398933009	0.1629387807432963	0.01003442878057377	0.6879670529055339	0.5426312578345537	0.0232344596404743	0.1867020877768036	0.09416286860984444	0.1803684563020872	0.3454190489083456	0.01015517831469379	0.4281505141505182	0.01057148911304696	0.01054261204765043	0.494618303673093	0.01000355442925756	0.01000000247120981	0.2454355518207868	0.07246238812835215	0.009999990309912435	0.242917754700007	0.009999990199831218	0.7177332631266474	0.5598601438167071	0.009999990294674063	0.1575884354564994	0.00999999450363735	0.2392437650320376	0.4107593541815797	0.00999999104867413	0.4283081583657255	0.009999990509142792	0.009999995653225093	0.4852218309922425	0.009999990452524671	0.00999999154329561	0.3245759140590277
0.2330451550976695	-0.4696154585895829	1.908258946977957	0.8947763271820715	0.9253364867580623	0.2621930878746894	0.3705354754137951	-0.6492230497221317	-0.4848763204461147	0.3299916101402115	-0.5351960623300965	1.092661261153412	3.642955669830265	-0.1351926959424361	-4.999210719834979	0.4475373870029085	-1.050484975369745	11.53550781194891	-4.630025901028982	1.574234475700548	2.758697064857544	0.01247729735498799	0.1724852837753117	0.01002931348105418	0.6902774425584873	0.543854035332258	0.02132495895722205	0.1841545577293093	0.08359907102431945	0.1870664503367177	0.351569981236132	0.01013213396961274	0.4280720166356269	0.01048670405346675	0.01046210674608671	0.4938035923188113	0.01000302502985831	0.01000000087737729	0.2540820123340484	0.0725662262498802	0.009999990399477078	0.2534024149597138	0.009999990252736412	0.7179453736291861	0.5555922466160582	0.009999990358875008	0.1686058262979631	0.00999999547706858	0.2440118010905253	0.4141934080699285	0.009999991368161593	0.426205567101105	0.009999990644588598	0.009999997313696749	0.4843958317814005	0.009999990573906194	0.009999991928713254	0.3374239743391501
0.2353756066486462	-0.4669917941294944	1.916754284157951	0.8944406908200402	0.9133893703639213	0.2632975553246494	0.3680032229340556	-0.622133459484717	-0.4958036226131057	0.3336890009394659	-0.5284762165344297	1.159375742612626	3.647756714716454	-0.1528793819799905	-5.25359953432601	0.5003036276043298	-1.123215755897788	11.7117278593548	-4.748293118409348	1.59847923504957	2.999975415686975	0.01211122542752731	0.181897163296848	0.01002495652358215	0.6922899686855626	0.5445813625702981	0.01968383697307863	0.1829351383383634	0.0741834270888683	0.1934740529046846	0.3573705851165905	0.01011250426761843	0.4278363625239003	0.0104144607434507	0.01039351153420214	0.4930448952436191	0.01000257412128776	0.009999999494596044	0.2631243293892871	0.0726740817785593	0.009999990313465613	0.2618797024980762	0.009999990188726545	0.714660619721345	0.5503232576150398	0.009999990246537367	0.1771411531297868	0.009999993689524611	0.2484925190786466	0.4158247952536072	0.009999991127083706	0.4245459805131206	0.009999990487223184	0.009999995770203923	0.4851548504714938	0.00999999043490991	0.009999991360172197	0.3514162408083651
0.2377060581996229	-0.4642098522091789	1.92526074281599	0.8940636405986029	0.9008510788335828	0.2645248799270297	0.3652978770954325	-0.594641069116009	-0.5070098820488672	0.337440114944721	-0.5212522363595609	1.228495417201735	3.652500153232404	-0.1707341852116746	-5.506558864663718	0.5529737356961889	-1.199034176677733	11.88119200446862	-4.869427801502654	1.620339880227557	3.191346590641852	0.01179908606198419	0.1910866133982677	0.01002124808849125	0.6938867908035633	0.5448387947338137	0.01827581357106289	0.1827791456301429	0.06582755612599492	0.1996343342279114	0.3627412646844637	0.01009579512899549	0.4274820119067417	0.01035295011125995	0.01033510786299715	0.492431158784858	0.01000219031858872	0.009999998253122954	0.2725726303516499	0.07278193730724017	0.009999990225169101	0.2703478653490353	0.009999990131526604	0.7113095363420074	0.5452634864755895	0.009999990163418912	0.1856943374588348	0.009999992399671798	0.2530984312001763	0.4171958890002261	0.009999990837990016	0.4229354612802815	0.009999990343384583	0.009999994157783163	0.4861440032130359	0.009999990306807583	0.009999990926609657	0.3654235533327577
0.2400365097505996	-0.4612651044239018	1.933778140059461	0.8936447074062206	0.8877259459324792	0.2658759869464364	0.3624134936633786	-0.5667607242408235	-0.51850209212285	0.3412390780565681	-0.5136356175972788	1.298620454773139	3.65712312365413	-0.1888582234071688	-5.756779910127918	0.6070423933067381	-1.276313359914359	12.04503590684373	-4.993813291416457	1.639379437284597	3.338825282591633	0.01153282978644798	0.2000475610461829	0.01001808944664421	0.6951177955810987	0.5447114211026691	0.01706851484714923	0.1835150895190482	0.05844296198283594	0.2055422950815885	0.3676180665311922	0.01008156231512699	0.4270245111692586	0.0103005442300808	0.01028534970349298	0.492013763751584	0.01000186341380438	0.00999999716370756	0.2824256884255204	0.07297386657795181	0.009999990236103476	0.2780707970597281	0.009999990133987009	0.7083863481487309	0.5413250863461654	0.009999990159764709	0.1932323199845523	0.009999992284316117	0.2569916923930443	0.4161770252058327	0.009999990934748845	0.4214443168956698	0.009999990358173273	0.009999994362589948	0.4886386894708432	0.009999990319110348	0.009999990916844325	0.3804288515503811
0.2423669613015763	-0.45815745706433	1.942306096160993	0.8931830981117803	0.8740224864390091	0.2673565404091411	0.3593492829518612	-0.5385038735131034	-0.5302883325960456	0.3450784870797157	-0.5057202719458599	1.368296284521649	3.661561794599387	-0.2073589346505652	-6.0028803537005	0.6640650322681679	-1.353362447579259	12.20431037425401	-5.12176550522241	1.655050674224147	3.447714836883444	0.01130591203350839	0.2087739070849113	0.01001540098335982	0.6960275403328456	0.5442748853984587	0.01603485430266251	0.1849912765761703	0.05194267320402009	0.2111929433091798	0.3719444692765334	0.01006944746974843	0.4264776278967208	0.01025592831998283	0.01024298852321864	0.4918384616661011	0.01000158517602037	0.009999996235017369	0.2926830517531049	0.07316579584852659	0.009999990247037849	0.2857937287704165	0.009999990136447414	0.7054631599554612	0.5373866862167455	0.009999990156110503	0.2007703025102716	0.009999992168960435	0.2608849535859485	0.4151581614114387	0.009999991031507673	0.4199531725110651	0.009999990372961962	0.00999999456739673	0.4911333757286526	0.009999990331413111	0.00999999090707899	0.3954341497680204
0.244697412852553	-0.4548890418261441	1.950844136331994	0.8926778545413101	0.8597512946533049	0.2689745543337509	0.3561070470017724	-0.5098801768683613	-0.5423770253979907	0.3489504333279508	-0.4975933363399219	1.436195550840843	3.665762372666342	-0.226334493778869	-6.243620758348647	0.725383384011431	-1.428629570195792	12.36002274955163	-5.253334797766748	1.666778493657875	3.520559783960186	0.01111242909006898	0.2172343042487484	0.01001311111147907	0.6965274350842374	0.5435301429858436	0.01515010959461652	0.1872104463204528	0.04624137780429088	0.2164604146243996	0.3756849092583279	0.01005912831532702	0.4258820156715486	0.01021791951023305	0.0102069009391101	0.4919879600406366	0.01000134819302647	0.009999995438799404	0.303347517018992	0.07333902434033859	0.009999990241506043	0.2922813614452394	0.009999990131200147	0.6996229992238998	0.5328548910673009	0.009999990146458674	0.209902002500343	0.009999991995732508	0.2617899326346956	0.4121188600459192	0.009999991087143873	0.4192138380095969	0.009999990370480235	0.009999994443038517	0.4960708446108613	0.009999990326385488	0.009999990847698549	0.4115167958677678
0.2470278644035297	-0.4514656850475579	1.959391646633017	0.8921277461994451	0.8449265871702965	0.2707415108316729	0.3526929275651424	-0.4808978152771587	-0.5547761830338404	0.3528421190059199	-0.4893405735433614	1.501267544949411	3.669689086517421	-0.2458620061980778	-6.477909063467976	0.7918879622780137	-1.500873333201965	12.51211762863364	-5.388207287327589	1.671991107613032	3.55570008159932	0.01094759182923717	0.225401785124251	0.01001116210504866	0.6965378286451686	0.5424778839943033	0.01439379572462474	0.1901722765953634	0.04125844090850408	0.2212381675013423	0.3788070406057262	0.01005034491048977	0.4252737574823324	0.01018556289699575	0.01017618012493068	0.4925357574867029	0.01000114648820129	0.009999994752272872	0.3144221123343094	0.07351225283215319	0.009999990235974237	0.2987689941200623	0.00999999012595288	0.6937828384923392	0.5283230959178566	0.009999990136806842	0.2190337024904145	0.00999999182250458	0.2626949116834433	0.4090795586804001	0.009999991142780072	0.4184745035081283	0.00999999036799851	0.009999994318680303	0.5010083134930695	0.009999990321357868	0.009999990788318107	0.4275994419675151
0.2493583159545064	-0.4478944230385831	1.967947991742814	0.8915314408322854	0.8295631668888036	0.2726696708182536	0.3491145413237148	-0.4515616323033918	-0.5674932539763109	0.3567407783530492	-0.481047277728458	1.56245414366433	3.673300518492896	-0.2660234953684796	-6.704415244900075	0.8644432332759237	-1.568857144551556	12.65942189916553	-5.526235825781296	1.664124207921347	3.558129913498957	0.01080708402775678	0.2333079104704045	0.01000950206358093	0.6960257740990596	0.5411000103589951	0.01374729040878962	0.1936480165631108	0.03691621592975999	0.225655502843224	0.3812319343209675	0.01004286352500851	0.4246866496559076	0.01015799954686252	0.01015001043636203	0.4935694513114413	0.01000097468980651	0.009999994159738871	0.3259222073235834	0.07376502768665007	0.009999990231117256	0.3050754185859701	0.009999990122073553	0.686115409386845	0.5227438096434794	0.009999990129728182	0.2256300942051315	0.00999999168880787	0.2648908126467884	0.4029471759255122	0.009999991230892577	0.4184815741720077	0.009999990373647429	0.009999994201334768	0.5088236082903448	0.009999990321065333	0.009999990742136219	0.4450366796033637
0.251688767505483	-0.4441885758160967	1.976512127004467	0.8908872092070841	0.8136901021873313	0.274777956268852	0.3453864651219746	-0.4219161017212074	-0.5805363107518389	0.3605531135200594	-0.4727727857496524	1.616768949185861	3.676374616498661	-0.2869924540883546	-6.915287321118262	0.946472135865328	-1.629337673087347	12.77760060593375	-5.667969234636706	1.597907455999415	3.539562577594519	0.01068741011576783	0.2409777200786124	0.01000808913675008	0.6949614235430419	0.5393801560331904	0.01319527456752886	0.1974434063015339	0.03314378496288339	0.2298200996140321	0.3828889543600082	0.01003649565443433	0.424150697337788	0.0101345362899421	0.01012773366709729	0.4951665411510832	0.01000082846650518	0.00999999364853915	0.3378614957354496	0.07401780254113846	0.009999990226260275	0.3113818430518779	0.009999990118194224	0.678447980281351	0.5171645233691027	0.009999990122649524	0.2322264859198489	0.009999991555111158	0.2670867136101326	0.3968147931706243	0.009999991319005083	0.4184886448358872	0.009999990379296348	0.009999994083989237	0.5166389030876201	0.009999990320772797	0.009999990695954329	0.4624739172392124
0.2540192190564597	-0.4403662760332991	1.985082623482814	0.8901930296871196	0.7973500471265601	0.2770909709350556	0.3415284470371277	-0.3920485121642294	-0.593914511775622	0.3640822832938375	-0.4645591348757523	1.658012123767814	3.678383652773085	-0.3090806255554054	-7.092113216042924	1.045841027440037	-1.675733843013673	12.80591577741829	-5.815101597300831	1.358844005601587	3.508013639976553	0.01058542178469439	0.24839883787872	0.0100068856972906	0.6932853579329508	0.5372956666905777	0.01272386336925236	0.2013592476140875	0.02987391938689861	0.2337914671908186	0.3837172489553854	0.01003107180306585	0.4237111233133498	0.01011454970175958	0.01010875784648154	0.4974141774423295	0.01000070392390329	0.009999993207710818	0.3501782677778584	0.07448932993793016	0.009999990218976653	0.3168288830022108	0.009999990114386251	0.6681596242234665	0.5103667398695297	0.009999990116966615	0.2358826305871461	0.009999991440471536	0.2698371946664301	0.387712931447048	0.009999991425906327	0.4196279664288982	0.0099999903881496	0.009999993940709105	0.5276740572672236	0.009999990322463473	0.00999999066845802	0.4797029634478542
0.2563496706074364	-0.4364865038532871	1.993654546501807	0.8894450935703895	0.7807075332847357	0.2796864399302784	0.3376034863393867	-0.3624570365134642	-0.6076486122246938	0.3665510067291398	-0.4564288077288871	1.666091920126115	3.677598877640909	-0.3331265148726532	-7.17485828729104	1.188875226060879	-1.68678800943098	12.54063888228372	-5.97340311029566	0.6878294589305853	3.46805392353627	0.01049857238581603	0.2555600481832422	0.01000586140462565	0.6909438213104685	0.5348260335871567	0.01232169603454216	0.2052278693768851	0.02704695093120142	0.2376195851969294	0.3836612439745866	0.01002645528070337	0.4234080454398879	0.01009753679053351	0.01009260537546221	0.5003889909126551	0.01000059792187981	0.009999992828414345	0.3628215080890503	0.07496085733471806	0.00999999021169303	0.3222759229526394	0.009999990110578274	0.6578712681656134	0.5035689563698461	0.009999990111283712	0.2395387752543909	0.009999991325831918	0.2725876757225887	0.3786110697234667	0.00999999153280757	0.4207672880219746	0.009999990397002849	0.009999993797428972	0.5387092114467763	0.009999990324154147	0.009999990640961711	0.4969320096564611
0.2586801221584131	-0.4326352517239796	2.002220732764324	0.8886383357494276	0.7640093020616838	0.2826769081137264	0.3337033696978732	-0.3339291213898313	-0.6217665825715727	0.3669848728890414	-0.4483965874131521	1.620404936780856	3.672455709090722	-0.3600040646932359	-7.107648944277327	1.401578495227078	-1.640256401945296	11.79564863439121	-6.147291789511494	-0.4789323845567919	3.423846564681697	0.01042456937079153	0.2624216909195407	0.01000498898007293	0.6878396031811407	0.5319471951121999	0.01197849792557906	0.2089035177775217	0.02460703051795639	0.2412986441575225	0.3827037457560729	0.01002252318326777	0.4232963930289254	0.01008304521771353	0.01007884676152623	0.504133939885412	0.01000050763961635	0.009999992508832701	0.3752157367853845	0.07537795409546445	0.009999990202907146	0.3262778542602449	0.009999990107360102	0.6437847423407956	0.4954447368595966	0.009999990107411233	0.2403758728356048	0.009999991236898771	0.2748981817607826	0.3673344447870223	0.009999991637222781	0.4234288727997942	0.009999990407402071	0.009999993692395464	0.5522848256078287	0.009999990359024874	0.009999990712664849	0.5024502842142228
0.2610105737093898	-0.4290209185940027	2.010764653882991	0.887763566319718	0.7478030128518968	0.2863310425722637	0.3300518451591312	-0.3081612436976627	-0.6363220467046977	0.3635569336910857	-0.440476991549257	1.462767375814269	3.658490869271109	-0.3914942665876949	-6.75267228303891	1.758435468783753	-1.473445575226298	10.17196708319971	-6.348861493684929	-2.626382635031066	3.371399305988563	0.01036155993234045	0.2689494623215932	0.01000424642781684	0.6838846805186983	0.52863729171424	0.01168589537628948	0.2122629567637658	0.0225057231143578	0.244823468015855	0.3808271606559023	0.01001917639911936	0.4234248008358278	0.01007071009006296	0.0100671355488817	0.5086860952469656	0.01000043080263811	0.00999999224750079	0.3868745029459857	0.07579505085622328	0.009999990194121264	0.3302797855678524	0.00999999010414193	0.6296982165159759	0.4873205173493452	0.009999990103538754	0.2412129704168166	0.009999991147965624	0.2772086877989752	0.356057819850581	0.009999991741637996	0.4260904575776207	0.009999990417801294	0.009999993587361956	0.5658604397688761	0.0099999903938956	0.009999990784367986	0.5079685587719768
0.2633410252603665	-0.4260085186704035	2.019257410183974	0.8868067394043314	0.7330092952323185	0.2911205591471962	0.3270406369386633	-0.2879045874435533	-0.6514048912753347	0.3527933802945133	-0.4327011835113508	1.100341710159139	3.62861715482684	-0.4297042581125146	-5.903495575635434	2.377753652614851	-1.086271620705502	7.118492613914944	-6.594886660523231	-6.560529626083492	3.30136628961134	0.01030787671880422	0.2751071929333314	0.01000361397189259	0.6791243950766703	0.5249101053351474	0.01143632741458567	0.2152521333206985	0.02069814643059758	0.2481144740106195	0.3783061465104415	0.01001632581087285	0.4237646901474912	0.01006020328304455	0.0100571602139863	0.5139210787455016	0.01000036536395079	0.009999992029831362	0.3960300342315359	0.07614843546474283	0.009999990185952302	0.332731786414218	0.009999990101970037	0.6151204863422784	0.478711550080326	0.009999990101420889	0.2403216785954809	0.009999991086472492	0.2776201004718415	0.3490842643657271	0.009999991782354214	0.4285804877996841	0.009999990427152466	0.009999993761715096	0.578194641040667	0.009999990434637174	0.009999990780986349	0.4722996515957337
0.2656714768113432	-0.4239955291184418	2.027670766027789	0.8857605373164047	0.7204730903981799	0.2975338323838177	0.3251030774725071	-0.2754201071316919	-0.6670583520817759	0.3332138465227333	-0.4250917614550281	0.605070616399138	3.5903491762323	-0.4681962881432798	-4.815268535301085	3.1519479500281	-0.5520372293166249	3.501864083656921	-6.838565933454583	-10.19228149565567	3.228606394169991	0.01026217305529203	0.280863120513132	0.01000307566632522	0.6735989160540418	0.520777696728625	0.01122364982898097	0.2178243169692757	0.01914607762885636	0.2511034032658078	0.3753830699103898	0.01001389955540932	0.4242906154512524	0.01005126013767291	0.01004866949208505	0.5197283578542529	0.01000030967302868	0.009999991844062502	0.4011573777259519	0.07650182007326237	0.009999990177783337	0.3351837872605835	0.009999990099798147	0.6005427561685811	0.4701025828113068	0.009999990099303028	0.2394303867741453	0.009999991024979357	0.2780315131447079	0.3421107088808732	0.009999991823070434	0.4310705180217476	0.009999990436503641	0.009999993936068239	0.5905288423124581	0.009999990475378747	0.009999990777604708	0.4366307444194907
0.2680019283623199	-0.4231234558077666	2.036000617440928	0.8846339115694289	0.7102604334406042	0.3056979126048165	0.3244062740930174	-0.2704826201299619	-0.6832055768325292	0.3089826473851309	-0.4176311255378444	0.1584683889727296	3.559875419677361	-0.4966100982149815	-4.011693326144146	3.830869934567699	-0.06148709337116143	1.011067603318615	-7.006271481779128	-9.940192469552002	3.175141950286786	0.01022323737055684	0.2861943665061319	0.01000261717447994	0.6674666147308531	0.5162685915444872	0.01104232122544055	0.2199637507900569	0.01781437054168192	0.2537238779287178	0.3724942661258189	0.01001183302016838	0.4249460641414483	0.01004364267500859	0.0100414374436009	0.5256335685469138	0.01000026224022419	0.009999991677858344	0.401713685349571	0.07728190228318936	0.009999990172833338	0.3362069200210301	0.009999990099074849	0.5885503510658563	0.4614263837238513	0.009999990098699375	0.2373234528679228	0.009999990984652395	0.2764706121246854	0.3440101994057291	0.009999991796718278	0.4326477077093982	0.009999990437806115	0.009999994302855249	0.5927286515752838	0.009999990447027192	0.009999990676008905	0.3791068787211166
0.2703323799132966	-0.4231864352462594	2.044270098761578	0.88345551967416	0.7014839903911566	0.3152790626298049	0.3247441282024225	-0.2694232296561915	-0.6996544512612095	0.2899728588174534	-0.4102880256342881	-0.1973942524149455	3.538539395107722	-0.5126221405611444	-3.582705767804264	4.368081195304192	0.3359087042120749	0.1736708580021214	-7.09744252565204	-5.711252439840504	3.1277366606233	0.01019009156310797	0.2910801717658532	0.01000222693634561	0.6608699751610704	0.5114081649049691	0.01088784809342455	0.2216558657581008	0.01667351000233198	0.2559182870248007	0.3700282176335066	0.01001007410369005	0.4256809694413632	0.01003715896317958	0.01003528184870197	0.5312184728021614	0.01000022186441027	0.009999991521272294	0.3971675449177982	0.07806198449311638	0.009999990167883336	0.3372300527814766	0.009999990098351555	0.5765579459631315	0.4527501846363957	0.009999990098095726	0.2352165189617003	0.009999990944325431	0.2749097111046631	0.3459096899305852	0.009999991770366121	0.4342248973970488	0.009999990439108588	0.00999999466964226	0.5949284608381095	0.009999990418675638	0.009999990574413102	0.3215830130227425
0.2726628314642733	-0.4240850553724313	2.052487761881753	0.8822504900575192	0.6936455970746587	0.3261102809460166	0.3260111924943708	-0.2695762487703854	-0.7162771455653408	0.2810476612044105	-0.4030819515363139	-0.5747498244253982	3.513278226878277	-0.5199497051238691	-3.138006749864978	4.927969376280653	0.7513254115665989	-0.2904579970446022	-7.164030480072904	-2.243661171495655	3.056408989276707	0.01016185582111717	0.2955092737192283	0.01000189455859689	0.6538773453199113	0.5061959446321039	0.01075618125095168	0.2228702115489517	0.01569651544760246	0.2576798375565684	0.3681827188820125	0.01000857596767237	0.4265146476813747	0.01003163642541136	0.01003003880243693	0.536230740915064	0.01000018747334125	0.009999991380273904	0.3889212915194466	0.07848973699341925	0.0099999901664537	0.336983398046903	0.009999990099030461	0.5654411261103629	0.4434203207528164	0.009999990098715694	0.2315759541290406	0.009999990915538066	0.2722929956391623	0.3529351352588286	0.009999991752931647	0.4364041468936878	0.009999990431877433	0.009999994419146237	0.5903248367025762	0.009999990421737727	0.009999990570455719	0.28564949741691
0.27499328301525	-0.4258696967184309	2.060642334295009	0.8810394856253559	0.686887028428365	0.3382509680995496	0.3282452188561382	-0.2707092832715812	-0.7330258697483094	0.2781390804602433	-0.3960429922455796	-0.9577801262536051	3.484394775152032	-0.5177497439358358	-2.655997236553195	5.491870991620276	1.165758240738325	-0.6673810677991259	-7.205601718258299	-0.5477751120379074	2.984318268529797	0.01013782011058693	0.2994707426369141	0.01000161166085144	0.6465502481380374	0.5006312455022898	0.01064404230083064	0.2235794719101545	0.01486096832973179	0.2590016967805117	0.3671325160490858	0.01000730084391076	0.4274641684751733	0.01002693588633514	0.01002557612403242	0.5404468827032911	0.01000015820244837	0.009999991259676518	0.3781807532827993	0.07891748949372213	0.009999990165024062	0.3367367433123294	0.009999990099709371	0.5543243062575943	0.4340904568692372	0.009999990099335661	0.2279353892963808	0.009999990886750699	0.2696762801736616	0.359960580587072	0.009999991735497173	0.4385833963903268	0.009999990424646277	0.00999999416865021	0.5857212125670429	0.009999990424799814	0.009999990566498336	0.2497159818110775
0.2773237345662267	-0.4284987732451102	2.068729603569695	0.8798463086719852	0.681196768552415	0.3516379284189525	0.3313849526811305	-0.2724572633159011	-0.7498284190776642	0.2779119459264988	-0.3891550922342098	-1.285982483458928	3.456600364399775	-0.5046170995982331	-2.239440751031379	5.980088195845484	1.514209399029585	-0.8292776473507035	-7.20812480625461	0.2336943849243848	2.929297065761018	0.01011734583479187	0.3029657880107362	0.0100013707085305	0.6389828903603968	0.4947756463065302	0.01054847886004928	0.2237665761322169	0.01414646524057858	0.2598993754602074	0.3669181852423145	0.01000621477495654	0.4285072545645442	0.01002293220893642	0.01002177499297196	0.5438024489134657	0.01000013327454682	0.009999991163727951	0.3638721650653325	0.07896739788611823	0.00999999016746636	0.3354552568523618	0.009999990101856693	0.5449869596082313	0.4256008457110822	0.009999990101019809	0.2229254587376668	0.009999990862793844	0.2664415061730331	0.3693983918135322	0.009999991719871225	0.4404900491857344	0.009999990410110642	0.009999993656887687	0.577827673002513	0.009999990460898707	0.009999990659132388	0.1860779798975061
0.2796541861172034	-0.431805190480742	2.076755442331932	0.8786950692397486	0.6763930895023574	0.3660454286438958	0.3352349363419606	-0.2745583270974505	-0.7665930264083989	0.2786729456443029	-0.382378634456867	-1.539075806004462	3.43167493861755	-0.4817588468342292	-1.895131107682614	6.367701176245856	1.775296624799055	-0.970398511188223	-7.173039790302298	0.300244451446638	2.88867823348706	0.01009991775278546	0.3059942563590731	0.01000116562634367	0.6312603806241999	0.488684456240516	0.01046710324242878	0.2234154624538448	0.01353618704519957	0.2603853930145027	0.3675734175475384	0.01000529037947363	0.4296241906597565	0.01001952448067744	0.01001853959105544	0.5462387473596335	0.01000011206298027	0.009999991095853275	0.3449735833790659	0.07901730627851433	0.009999990169908659	0.3341737703923942	0.009999990104004016	0.5356496129588684	0.4171112345529272	0.009999990102703953	0.2179155281789527	0.009999990838836988	0.2632067321724046	0.3788362030399924	0.009999991704245276	0.4423967019811421	0.009999990395575005	0.009999993145125162	0.569934133437983	0.009999990496997601	0.009999990751766438	0.1224399779839347
0.2819846376681801	-0.4355882870691563	2.084729274264494	0.8776078131190228	0.6722503554362205	0.3812048116477658	0.3395656448874251	-0.2768783903479389	-0.7832275303101199	0.2793762333877952	-0.3756876672447503	-1.692954890124977	3.412430011759183	-0.4502786567442603	-1.679128911403128	6.622496678438351	1.925132530535517	-1.017242694642624	-7.097640694003666	0.2647664466311969	2.859815387167366	0.01008507250766365	0.3085602366391687	0.01000099095216279	0.623436190170444	0.4824123128572224	0.0103977661743045	0.2225084022283939	0.01301487636661474	0.2605013500082873	0.3690519267222855	0.01000450303922698	0.4307616492483095	0.01001662196983702	0.01001578379469787	0.5477185456378866	0.0100000940068489	0.009999991080254417	0.3220590067553672	0.07857997404913868	0.009999990175959572	0.3319493319297866	0.009999990107635222	0.5273909347978506	0.4095085959564874	0.009999990105368596	0.2114951836343692	0.009999990815118338	0.2599541018676541	0.3890041444649968	0.00999999168839215	0.4432348893264019	0.009999990377659852	0.009999992737466063	0.5591975801281338	0.009999990599077736	0.009999991218408638	0.06621998533525038
0.2843150892191568	-0.4396276847343408	2.092664830220301	0.8766012520429762	0.6684784890226292	0.3968207654452447	0.3441323000823905	-0.2792835467933892	-0.7996506852933812	0.2797273064517106	-0.3690200091501661	-1.759034102919607	3.398826388935031	-0.412506135258965	-1.576851456795558	6.759531501247666	1.977786695662166	-1.043425727900568	-6.991659561771818	-0.002027164924864387	2.868674283981159	0.01007243631374108	0.3106662136180044	0.01000084228176743	0.6155586896447494	0.4760084283067872	0.01033873089465729	0.2210285982846408	0.01257003021918577	0.2602826991553253	0.3713108655871307	0.01000383290367203	0.4318724900791014	0.01001415151139713	0.01001343815514902	0.5482069928510206	0.01000007865389047	0.009999991136445762	0.2955847881945831	0.07814264181976302	0.009999990182010485	0.329724893467179	0.009999990111266427	0.5191322566368327	0.4019059573600474	0.009999990108033235	0.2050748390897857	0.009999990791399689	0.2567014715629035	0.3991720858900012	0.009999991672539024	0.4440730766716616	0.009999990359744701	0.009999992329806964	0.5484610268182846	0.009999990701157868	0.009999991685050837	0.009999992686566048
0.2866455407701335	-0.44372060530393	2.100575978299454	0.8756886072456208	0.6647933486551292	0.4126209391893101	0.3487122492151586	-0.2816399470961041	-0.8157944447175208	0.2794253162210752	-0.3622979999878168	-1.743646257701668	3.391367696294923	-0.3702993716279483	-1.602016727251758	6.786930374359923	1.94220445877842	-0.9686669531608404	-6.859925212485169	-0.3041402715503169	2.897384009221631	0.01006167304877974	0.3123125518719658	0.01000071565544943	0.6076294379468726	0.4694935147775187	0.01028843457386088	0.218912796161311	0.01219033390632008	0.2597686653812674	0.3742684802686466	0.01000326212643337	0.4328788117760611	0.01001204732279214	0.0100114402321004	0.5475697215932429	0.01000006560439724	0.02013885788534362	0.2683241341620929	0.0773290709292095	0.009999990191475662	0.3265219730276599	0.009999990116434493	0.5108309008877285	0.3945702907851164	0.009999990111729506	0.19635899527888	0.00999999076718495	0.2535580818074323	0.4091787467958714	0.009999991667423616	0.4430721588054355	0.009999990342675673	0.009999992041438361	0.5324210832221203	0.009999990959945264	0.1431735640496158	0.00999999186852921
0.2889759923211102	-0.4477086224725554	2.108475510792552	0.8748773211284774	0.6609358091913716	0.4283920415018912	0.3531356292755984	-0.283750977410787	-0.8316099887572939	0.2780906822659224	-0.3555285806991759	-1.66900571284009	3.388857860671665	-0.3255198341865937	-1.724804840218977	6.734582318412195	1.843418682804002	-0.8328485220047126	-6.709984207079594	-0.8882448789303686	2.909361786162708	0.01005251160082079	0.3134986345515901	0.0100006078804237	0.5996498143180217	0.462886226719577	0.01024561509050606	0.2161041135929919	0.01186655571888197	0.2589930092729564	0.377851806279317	0.01000277631745167	0.4337117107723088	0.01001025635904521	0.01000973967583321	0.5456847581203996	0.01000005453607871	0.04744085368213271	0.2429524545410922	0.07651550003865595	0.009999990200940837	0.3233190525881408	0.009999990121602556	0.5025295451386241	0.3872346242101852	0.009999990115425779	0.1876431514679742	0.009999990742970208	0.250414692051961	0.4191854077017415	0.009999991662308208	0.4420712409392094	0.009999990325606644	0.009999991753069756	0.5163811396259562	0.009999991218732658	0.2763471364141807	0.009999991050492374
0.2913064438720869	-0.4514593743892475	2.116374920050267	0.8741723298784325	0.6566742915527746	0.4439556500178223	0.3572621534350064	-0.2854096215076709	-0.8470597675965802	0.2751686816571669	-0.3487304725065364	-1.545281127118292	3.390947595613889	-0.279541177742801	-1.940478801365094	6.615790661742004	1.693306201705132	-0.5953418364719951	-6.54832368106848	-1.553800277018552	2.926037631204378	0.01004470818822831	0.3142209028907245	0.01000051608616007	0.5915907407352328	0.4561830546405914	0.01020913699218674	0.2124016516879515	0.01159035611007695	0.2580021172523659	0.3819691141084579	0.01000236254049142	0.4342826382985434	0.01000873092794288	0.01000829121472989	0.5423798540734081	0.01000004686206311	0.08428507296200102	0.2194073724226472	0.07536298977459283	0.009999990213781762	0.3190810320658026	0.009999990128470864	0.4934275220556567	0.3796669303913113	0.009999990120345303	0.1738806158591329	0.009999990716091835	0.2476773955285951	0.4285231859671946	0.009999991688042524	0.438684735332501	0.009999990312095069	0.009999991550521342	0.4936752835838542	0.01000001399943855	0.3652150279666871	0.009999990823630256
0.2936368954230635	-0.4548894999103633	2.124282768209362	0.8735742410410136	0.6518539641945268	0.4591979615055073	0.3610062007523198	-0.2865478885093313	-0.8621276639292604	0.2711544362775555	-0.3418848043538026	-1.393843249110999	3.396100149288683	-0.2337758865240362	-2.204376895058776	6.458844315968908	1.515175993985366	-0.3862594514107636	-6.382251578671093	-1.825612381204395	2.950177876170355	0.01003806619806344	0.314475388453937	0.01000043795810008	0.5834258143164945	0.4493807829224807	0.01017808369873438	0.2076257614929498	0.01135495257658501	0.2568362728446663	0.3865397297911574	0.01000201036473543	0.434513072385339	0.01000743257269352	0.01000705834394329	0.5374974368925932	0.01000004372177704	0.1252665523337887	0.1976296051626349	0.0742104795105297	0.009999990226622684	0.3148430115434643	0.009999990135339172	0.4843254989726893	0.3720992365724374	0.009999990125264828	0.1601180802502917	0.009999990689213459	0.2449400990052291	0.4378609642326478	0.009999991713776836	0.4352982297257926	0.009999990298583493	0.009999991347972926	0.4709694275417521	0.01000003678014444	0.4540829195191936	0.009999990596768139
0.2959673469740403	-0.4579554012970066	2.132204918008636	0.8730817140989711	0.6463901408101065	0.4740562749308385	0.3643259455735993	-0.2872742254534532	-0.8768069361694557	0.2675990235531734	-0.3349738781618951	-1.239873941221801	3.402737431352216	-0.1891136073481058	-2.485088067889495	6.295116649189867	1.337087880976513	-0.2351597028710567	-6.21560059277387	-1.220917162555887	2.982960606384103	0.01003240884412863	0.3142572400388822	0.01000037141530707	0.5751285009772722	0.4424736101327099	0.01015163076278706	0.2016593961405647	0.01115422601546406	0.2555569072854528	0.3914583142764723	0.01000171041411732	0.4342660126844621	0.01000632671740044	0.0100060082405289	0.530622285790123	0.02320764792493128	0.1668160349616688	0.1775598936148847	0.07266726319653286	0.009999990242354912	0.3095529225784765	0.009999990144122206	0.4743936414797469	0.3642381412518653	0.009999990131756434	0.1423634951672284	0.009999990657583606	0.2430786892363544	0.4458645421698318	0.009999991796886551	0.428077706105807	0.009999990290235935	0.009999991205948359	0.4351787233137593	0.1835996282922883	0.502171925735205	0.009999990507743823
0.2982977985250169	-0.460680327284868	2.140142721629328	0.8726918616591727	0.6402693612641053	0.4885506127577892	0.3672533840596877	-0.287634971802828	-0.8910982553193275	0.2654859316299978	-0.3279714352221639	-1.101217213813584	3.40953430236483	-0.1456603432895961	-2.768178499368927	6.146479445375542	1.178497606361803	-0.07250858658932773	-6.049309158277902	-0.5878086612258612	3.028717803740883	0.01002759355574263	0.3135613774677328	0.01000031477988691	0.5666746538104502	0.4354562387993277	0.01012911286828003	0.1943920764646787	0.01098321145496443	0.2542176572443069	0.3966330026420526	0.01000145512850221	0.4334195125980474	0.01000538548202931	0.01000511443797947	0.5213739174474484	0.05840895135980227	0.2067126530347536	0.1591367572438519	0.07112404688253601	0.00999999025808714	0.3042628336134885	0.009999990152905237	0.4644617839868045	0.3563770459312932	0.00999999013824804	0.1246089100841652	0.009999990625953756	0.2412172794674798	0.4538681201070157	0.009999991879996263	0.4208571824858214	0.009999990281888376	0.009999991063923795	0.3993880190857666	0.3571992198044321	0.5502609319512164	0.009999990418719504
0.3006282500759936	-0.4630966322689876	2.148096601343027	0.8724020742640969	0.6334719791218925	0.5027118456493918	0.369829906575557	-0.2874979498300116	-0.905002321503269	0.2644082941719905	-0.3208304434554419	-0.9723692372673185	3.416599118921914	-0.1032561701378286	-3.067646884039491	6.006067376861015	1.032757273034679	0.1966349602152679	-5.883834825621082	-0.3688235330708408	3.114355114262033	0.01002349214255185	0.3123847601222194	0.01000026654328894	0.5580673321577669	0.4283760359209691	0.01010993165070587	0.1837728567576366	0.01083743378320336	0.2528871629305877	0.4019280947838689	0.0100012377187813	0.4318036008239274	0.01000458380028322	0.01000435313964915	0.5093684896771847	0.1013001430825735	0.2449062263443297	0.1422965580244175	0.06898140112082957	0.009999990274181938	0.2979651718103005	0.009999990163540863	0.4543493093041385	0.3494331046950443	0.009999990146799519	0.06730446636645186	0.009999990589160887	0.2405930353027549	0.4594119218779764	0.009999992125670465	0.4085456212179717	0.009999990280809345	0.009999990968197401	0.3501388705992018	0.4116241990713571	0.5864139442793852	0.00999999037064391
0.3029587016269704	-0.4652120116661554	2.156067586642382	0.872209568489581	0.6259606683290033	0.5165412224528687	0.3720673202995097	-0.2866880222045123	-0.9185252023846067	0.2636186607687712	-0.3133874272631164	-0.8429620385160881	3.42421436353004	-0.06217298608897472	-3.380874051701856	5.861679627891418	0.8874734984158882	0.5049809142683458	-5.722174871958312	-0.3406427793504618	3.287916005789022	0.01002000122943886	0.3107238968640913	0.01000022548914417	0.5493091890799622	0.421275786630434	0.01009360434937597	0.1678948016511422	0.01071326815568343	0.2516254367199841	0.4072255479538002	0.01000105271075638	0.4292658724018635	0.01000390146032051	0.01000370515748514	0.4942422276791716	0.1425399757785982	0.2812728658402133	0.1269702158304571	0.06683875535912315	0.009999990290276732	0.2916675100071126	0.009999990174176489	0.4442368346214725	0.3424891634587954	0.009999990155350994	0.01000002264873858	0.00999999055236802	0.2399687911380301	0.4649557236489371	0.009999992371344666	0.3962340599501221	0.00999999027973031	0.009999990872471009	0.300889722112637	0.4660491783382821	0.6225669566075542	0.009999990322568316
0.305289153177947	-0.4670203670362654	2.164057154231789	0.8721110544269874	0.6177008138434393	0.5300235891759117	0.3739611005015678	-0.2851177448458791	-0.9316767207908878	0.2627947833443792	-0.3054161089527579	-0.7087678799544943	3.432457729699646	-0.02275467828356433	-3.707258138010476	5.708594936709515	0.7375093701786686	0.8417634565597506	-5.565527272620319	-0.3768643220712445	3.561155364741444	0.01001702786944198	0.3085807152703455	0.01000019052372913	0.540448546449643	0.414263015618719	0.01007969682403602	0.1502931818899938	0.01060744961660191	0.2505210219159429	0.412304203856651	0.01000089519346773	0.4253847106950275	0.01000332029048179	0.01000315323922926	0.4721967526380132	0.1829002450822553	0.3158286772038354	0.1130855031751386	0.06378980424309325	0.009999990297746644	0.2844811522625723	0.009999990185067026	0.4350679676138429	0.3379795739138586	0.009999990166508953	0.01000000885301158	0.009999990514864191	0.2412144360155043	0.4655227946233152	0.009999992920670967	0.3724888891356611	0.009999990291026174	0.009999990814032009	0.1554448584139084	0.5218827653144051	0.6489136482566173	0.00999999029030255
0.3076196047289237	-0.4685145513864356	2.172065953391629	0.8721017277785489	0.608683818003898	0.5431468920311449	0.3755035468929219	-0.2827687087118734	-0.9444703980275321	0.2618134113179401	-0.2967516424296281	-0.5733395960263992	3.440718950728662	0.01436790069226353	-4.03065486600622	5.553530018472989	0.5859578456155413	1.173313859682312	-5.415074585309417	-0.4758050844751764	3.882777728830674	0.01001449711103206	0.3059561103631327	0.01000016076515712	0.5315291760159204	0.4074349252421493	0.01006785886809955	0.1342392384155272	0.01051733684587506	0.2496511569408482	0.4169711649319233	0.0100007612071148	0.4197797463460761	0.01000282563841682	0.01000268347388462	0.4396403863611599	0.2228022858681548	0.3485166166501771	0.1005640388577122	0.06074085312706337	0.009999990305216561	0.2772947945180321	0.009999990195957561	0.4258991006062132	0.3334699843689217	0.009999990177666911	0.009999995057284581	0.009999990477360363	0.2424600808929785	0.4660898655976933	0.009999993469997269	0.3487437183212	0.009999990302322036	0.00999999075559301	0.00999999471517988	0.5777163522905283	0.6752603399056806	0.009999990258036781
0.3099500562799004	-0.4696925920409752	2.18009370835413	0.8721758251993967	0.598923297525939	0.5559092527705883	0.3766913840134564	-0.2796576203366703	-0.9569216512750847	0.2605751244714808	-0.2873131514572635	-0.4376448995727323	3.448674216821083	0.04874108881313796	-4.344480056409831	5.399398126672984	0.4333114149195416	1.494551510304335	-5.271837851920738	-0.5923627061494031	4.218379920976606	0.01001234156414087	0.3028630572633857	0.01000013542023225	0.5226652811631409	0.40097485068453	0.0100577755663085	0.1196630175862888	0.0104405519563215	0.2489802195310239	0.4209515574407985	0.01000065047928615	0.4123204310304753	0.01000240433210655	0.01000228335401645	0.4031672011643148	0.2618479555193561	0.3793979256660183	0.08932459200854548	0.0568899536835785	0.009999990292721113	0.2694834079792598	0.009999990202933301	0.4194283373138902	0.3334258380763772	0.009999990191955823	0.009999993947444424	0.009999990448159813	0.2434613532771477	0.459503217445571	0.01000003750309654	0.318916185793668	0.009999990346600682	0.009999990729387117	0.009999992780073724	0.6211342390298183	0.6941270134837082	0.009999990235133739
0.3122805078308771	-0.4705543100049533	2.188139663880615	0.8723266604756252	0.5884410069942189	0.568314057327363	0.3775225361786427	-0.2758124404500244	-0.9690475737631846	0.2590269869642199	-0.2770854354455868	-0.3018705840568971	3.456338725327065	0.08022454152308658	-4.650079932167118	5.246674308901497	0.2798498258938668	1.80331323536766	-5.13587482307666	-0.7417197814444929	4.560092851605233	0.01001050688746489	0.2993122751295559	0.01000011384938817	0.5139605865477728	0.3950481041685195	0.01004919291740529	0.1064883498971965	0.01037517300368947	0.2484769377667956	0.4240037449032069	0.01000056279032535	0.4028801203437594	0.01000204575061295	0.01000194279456483	0.3689500140789277	0.2997179579077647	0.4084701244249185	0.07928143313477762	0.05303905424009362	0.009999990280225669	0.2616720214404877	0.009999990209909038	0.4129575740215672	0.3333816917838325	0.009999990206244735	0.009999992837604272	0.009999990418959262	0.2444626256613168	0.4529165692934489	0.01000008153619581	0.2890886532661359	0.009999990390879329	0.00999999070318122	0.00999999084496757	0.6645521257691085	0.7129936870617358	0.009999990212230699
0.3146109593818538	-0.4710998821544057	2.196203208982255	0.8725474123425221	0.5772529865703133	0.5803650163196612	0.3779957198826385	-0.2712523371528486	-0.9808648457201113	0.2571190477796333	-0.2660611251061787	-0.1679349265912721	3.463677357473926	0.1086243575635442	-4.948280279823861	5.097774090451309	0.127920451964122	2.107701628937025	-5.007129955131684	-0.8984565667516643	4.899100319167725	0.01000894422340985	0.2953373227971668	0.01000009547728437	0.505558311173953	0.3898407758959981	0.01004188252752209	0.09463603209598856	0.01031947035979295	0.2479412364990141	0.4258579087858025	0.01794680869284972	0.388670956023052	0.01000174034933654	0.01000165272837971	0.3368817775621822	0.3364291188793017	0.4358311851048298	0.07034731371009922	0.04959972865667815	0.009999990252711673	0.2537312630544701	0.009999990208697783	0.4102297375463572	0.3384159531224186	0.009999990223846436	0.009999992510764643	0.009999990408017689	0.2418781513854891	0.4381619579035966	0.1143402124955794	0.1929090552633624	0.009999990526196385	0.009999990710163876	0.009999990655574017	0.7008986074661294	0.7266985531879109	0.009999990195448994
0.3169414109328305	-0.4713444677778304	2.204282872438667	0.8728301470361283	0.5653926068805298	0.5920849240653401	0.3781266039306844	-0.266000199249303	-0.9923917959088632	0.2548264216565524	-0.2542600621411257	-0.04356311101304255	3.470171542203665	0.1334183757365679	-5.227100523095109	4.962565209036613	-0.01391269000764924	2.397219258515887	-4.886719874541509	-1.071859180522746	5.226704114383436	0.01000761417542905	0.290967344849051	0.01000007984001482	0.4975884885828062	0.3855191023060199	0.01003566019699731	0.08402177630533761	0.01027204696234218	0.24719893343064	0.4262732682429522	0.03951445193201845	0.3670948859733031	0.01000148043224905	0.01000140584441473	0.3068754213243123	0.3719486726406767	0.4615255184463646	0.0624336938319951	0.04616040307326267	0.00999999022519768	0.2457905046684525	0.009999990207486532	0.4075019010711473	0.3434502144610046	0.00999999024144814	0.009999992183925012	0.009999990397076117	0.2392936771096615	0.4234073465137444	0.2186803434549631	0.09672945726058899	0.009999990661513445	0.009999990717146533	0.009999990466180466	0.7372450891631503	0.7404034193140858	0.00999999017866729
0.3192718624838072	-0.4713166315745194	2.212376278076474	0.8731660232607666	0.552913846173421	0.6035136499546236	0.3779457067839833	-0.2600916568150413	-1.00364870894438	0.252126656831844	-0.2417158994703816	0.06211213527284696	3.475240366866249	0.1539793678035294	-5.473657400414387	4.852528654447276	-0.1354528745827503	2.66886934681606	-4.775778523948813	-1.24683419546081	5.532954707731836	0.01000648132385903	0.2862548238841751	0.01000006652062321	0.4901644864711194	0.382174966340542	0.01003036030213179	0.0745593834777345	0.01023164587766886	0.2457260489591034	0.4250342382194466	0.06626780990915022	0.3409055346113524	0.01439657195669604	0.01000119556985832	0.2788515653372826	0.4061324623251752	0.4855976344592904	0.0554523310168297	0.04807886213491758	0.009999990199661617	0.2382392073654386	0.009999990199767344	0.4082336276401776	0.3520824062322673	0.00999999026150011	0.00999999248095907	0.009999990430375673	0.2260628356478941	0.4007493320095549	0.2497565618846116	0.05336472472512521	0.06770136131118071	0.009999990762000878	0.009999990392233862	0.7639435262104257	0.7491677794760256	0.009999990166567338
0.3216023140347839	-0.4710798587270916	2.220478900403785	0.8735438580881265	0.5399202671327709	0.6147343878001987	0.3775226813496192	-0.2535824794581378	-1.014659553460395	0.2490069024118834	-0.2284984198872527	0.1357468978904345	3.478081330775991	0.1694273652853557	-5.668919048331349	4.784069291598099	-0.221707859656607	2.91268581902523	-4.675543187067746	-1.432295418901578	5.804546560445234	0.0100055171082758	0.2812460337091243	0.0100000551829112	0.4833887340564132	0.3798878337179545	0.01002584927583135	0.06616050242756105	0.01019725233661068	0.2430637917604364	0.4219432421615467	0.09223821093230615	0.3125780327145782	0.02649318710550089	0.01000101660491841	0.2527423055396065	0.4388296811658554	0.5080604983579046	0.04931727789710211	0.04999732119657248	0.009999990174125556	0.2306879100624246	0.009999990192048154	0.4089653542092078	0.3607145980035299	0.009999990281552079	0.009999992777993129	0.009999990463675227	0.2128319941861267	0.3780913175053654	0.2808327803142602	0.009999992189661432	0.125402731960848	0.00999999080685522	0.00999999031828726	0.7906419632577011	0.7579321396379657	0.009999990154467391
0.3239327655857606	-0.4707173095410667	2.22858505437841	0.8739509101888681	0.5265408409319589	0.6258546550219122	0.3769493389870987	-0.2465353752668445	-1.025450996396138	0.2454554085921261	-0.2146957435933135	0.1642445016678051	3.477918250693096	0.1787395657582301	-5.795533158029896	4.7732322728611	-0.2579401417582431	3.124623561013064	-4.587760118737529	-1.61632577992894	6.032512822317917	0.01000469585162778	0.2760472145761099	0.01000004552562137	0.4768853055864275	0.3780530453744061	0.01002200702355754	0.05873662687807135	0.01016795352526751	0.2394345791969525	0.4177546485387641	0.1165558874067788	0.2841724616297515	0.05025252450543721	0.01000086418084543	0.2284835395846968	0.4695499805496443	0.5289224206462309	0.04394459114096685	0.06229331413128924	0.009999990165551035	0.2247944255109123	0.009999990191066836	0.4019214362043857	0.3579319719463663	0.009999990299472569	0.009999993383093268	0.009999990510585779	0.2017162035332461	0.3690944193794475	0.2939242087140835	0.009999991872224109	0.261072450754815	0.009999990838994706	0.009999990297466302	0.7994934157852012	0.761761827265109	0.009999990145789258
0.3262632171367373	-0.4703662969075664	2.236685764493465	0.8743715098128332	0.5129908525951271	0.6370465485329496	0.3763782239179654	-0.2390680145423978	-1.036052246196537	0.2414700118253915	-0.2004207805445279	0.1258461971226403	3.473409395395713	0.1810538874605898	-5.81529594844344	4.845539171443098	-0.2197963910532637	3.273351144319798	-4.512318909627595	-1.804672134684673	6.209864366529217	0.01000399684958751	0.2707529524166687	0.01000003730584525	0.4703138684730253	0.3761311228037054	0.01001873669959884	0.05220070049435591	0.01014301275145333	0.2350293904856683	0.4131375475736864	0.1385718058281134	0.2576944914875071	0.08773651420737313	0.0100007344525063	0.2060155055786193	0.4978551663395629	0.5481729784741417	0.03925556697491629	0.07458930706600599	0.009999990156976514	0.2189009409593998	0.009999990190085521	0.3948775181995636	0.3551493458892028	0.009999990317393057	0.009999993988193406	0.009999990557496329	0.1906004128803655	0.3600975212535296	0.3070156371139069	0.009999991554786787	0.396742169548782	0.009999990871134188	0.009999990276645344	0.8083448683127011	0.7655915148922523	0.009999990137111121
0.328593668687714	-0.4702062988700496	2.244769469446231	0.8747893130696189	0.4995673461372379	0.6485303643662048	0.3760090936952039	-0.2313746222155583	-1.046488200619087	0.2370480313215819	-0.1858010157909882	0.002189957026121916	3.463458047638987	0.1769173222346695	-5.686644793502426	5.020544989122208	-0.08665451105957642	3.314296934942478	-4.443417667400772	-1.989695815331816	6.330399000543681	0.01000340148678071	0.2653700401831153	0.0100000303053214	0.4633384398028526	0.373690550063885	0.01001595122892286	0.04646729235226534	0.01012176742847351	0.2304980437945309	0.4086244446401642	0.1578814042139772	0.2330790171294368	0.1252024914939025	0.01000062396204394	0.185279011839087	0.5235858479272348	0.5659540459280993	0.03517470074925969	0.07363338501586451	0.009999990158301121	0.2129912482001294	0.009999990197554216	0.3798204747486699	0.3426804051489106	0.009999990336658068	0.009999993632365464	0.009999990552066377	0.1906700977789149	0.3624088172996088	0.3037176829496697	0.009999991496084677	0.3779519923392197	0.009999990879976543	0.009999990272609071	0.8047753100092382	0.7682234184079526	0.009999990130054396
0.3309241202386907	-0.470399317770855	2.252825854021413	0.8751933604047928	0.4865705467835323	0.6604964211971877	0.3760225185639477	-0.2236895776076183	-1.056760588083611	0.2321989730774263	-0.1709455107977846	-0.1771139203628831	3.449962971412126	0.1692485173041024	-5.449094725920967	5.259399736026769	0.1085134515316397	3.266187109018174	-4.371945291841514	-2.171191438650653	6.412177295576108	0.01000289475306996	0.2599045155165678	0.01000002434806228	0.4556550644103668	0.3703474259038975	0.01001358039548163	0.04145559209599105	0.01010368294655846	0.2264149321984978	0.4046929363142774	0.1741033623615436	0.210265911628563	0.1538091308665276	0.01000052992132639	0.166213546567716	0.5465661359508239	0.5823755101765876	0.03163350195090727	0.07267746296572304	0.00999999015962573	0.207081555440859	0.00999999020502291	0.3647634312977762	0.3302114644086186	0.009999990355923076	0.009999993276537519	0.009999990546636427	0.1907397826774642	0.364720113345688	0.3004197287854324	0.009999991437382566	0.3591618151296574	0.009999990888818897	0.009999990268572798	0.8012057517057751	0.7708553219236529	0.009999990122997673
0.3332545717896673	-0.4710418354209756	2.260848742588815	0.8755775296978873	0.4742020966372684	0.6730520148924438	0.3765259818619669	-0.2161875703161743	-1.066858628277818	0.2269318372872733	-0.1559267904308062	-0.3751717190688758	3.435245016891062	0.1603970424802825	-5.160699580307349	5.516028206909168	0.3245415051645066	3.164826830681878	-4.292603743493994	-2.348374408278238	6.473578853497179	0.01000246315246889	0.2542884841035499	0.01000001927536492	0.4473592692317962	0.3662492201060182	0.0100115610684821	0.03708775599528411	0.01008827853068991	0.2225982187038193	0.4012229170075715	0.1880679145133367	0.1891959010770529	0.177809210701895	0.01000044982490017	0.1487567843420072	0.5672105581602469	0.5976041928211024	0.02856724233899435	0.07323697105196661	0.009999990161423991	0.1996969629544433	0.009999990214666146	0.3507439447716285	0.3193084326306186	0.009999990384065523	0.009999993119543764	0.009999990553604411	0.1881071495819545	0.3653712508951115	0.301352044650359	0.009999991367653531	0.3724342810711821	0.009999990891129112	0.009999990260900085	0.7992441112878953	0.7739695872037623	0.009999990116588187
0.3355850233406441	-0.4721520360504446	2.268836931175479	0.8759407243188387	0.462539603494484	0.6862069449369095	0.3775397490683303	-0.2089723227531557	-1.076760460877351	0.221256712174669	-0.1407884077032855	-0.5784807536154707	3.4201833514655	0.1512479953373463	-4.843240462959692	5.773751857435069	0.5464576845595555	3.02008911325644	-4.203559388918746	-2.521329008590303	6.514871865955937	0.01000209580281281	0.2484612871932361	0.01000001495926467	0.4385363664200719	0.3615255374530776	0.01000984234138864	0.03329263863649049	0.01007516633735113	0.2188867179480677	0.3981060949580449	0.2003630886936318	0.1698088664400692	0.1998527324665131	0.01000038165257531	0.1328414016983191	0.5858434648269867	0.6117780401674959	0.02591879353107758	0.07379647913821019	0.00999999016322225	0.1923123704680276	0.009999990224309384	0.3367244582454808	0.3084054008526187	0.009999990412207973	0.009999992962550013	0.009999990560572398	0.1854745164864447	0.366022388444535	0.3022843605152856	0.009999991297924492	0.3857067470127068	0.009999990893439328	0.00999999025322737	0.7972824708700154	0.7770838524838717	0.0099999901101787
0.3379154748916208	-0.4737337139818684	2.276790184369352	0.8762827940384964	0.451636250855827	0.6999533452660069	0.3790682214554315	-0.2021339532534572	-1.08644242528272	0.215187462859508	-0.1255774180741874	-0.7769750505310732	3.405452059823814	0.142447429347555	-4.514106003221523	6.02019351442345	0.7631495931316536	2.844804521251293	-4.103668776746758	-2.686572443086817	6.535863852153846	0.0100017829203462	0.2423685181842991	0.01000001128488608	0.429183059885986	0.3561917873496518	0.01000837844480169	0.03000277546527576	0.01006399759995204	0.2152953068774068	0.3953607383878018	0.2112243587564961	0.1520430620240286	0.2198060968127627	0.01000032358787843	0.1183970196746733	0.6028256615740284	0.624978582775778	0.02363481447109058	0.0737854161636939	0.009999990167174119	0.1835299574132445	0.009999990238408758	0.3217900469537979	0.2967339669286972	0.009999990453323162	0.009999992841002689	0.009999990572255075	0.1833072246971486	0.3677331299342697	0.3025170702642379	0.009999991244351756	0.3887348251492873	0.009999990886868518	0.009999990245411636	0.7986674819415323	0.7795728744721644	0.009999990104404681
0.3402459264425974	-0.4757643779078515	2.284710025728725	0.8766052650232892	0.4414995182087846	0.7142513188260874	0.3810867784424348	-0.1957307416015644	-1.095878591299974	0.2087383315359647	-0.1103411235275001	-0.9638017826786622	3.391509222206738	0.1344283065540379	-4.185325055103037	6.247113538098992	0.9670496510566704	2.646635439457565	-3.992614529132865	-2.847344804132361	6.536588616529992	0.01000151661620198	0.2359613093726013	0.0100000081596033	0.4192953360318126	0.3502605849538136	0.01000713247246913	0.02715825604122542	0.010054491004181	0.2118369790279451	0.3930027286276159	0.2208214798998965	0.1358320001041329	0.2375165857547776	0.01000027416615698	0.1053470439099438	0.6184565048251124	0.6372731775090569	0.0216692500809795	0.0737743531891776	0.009999990171125989	0.1747475443584614	0.009999990252508131	0.3068556356621152	0.2850625330047759	0.009999990494438355	0.009999992719455364	0.009999990583937754	0.1811399329078524	0.3694438714240044	0.3027497800131902	0.009999991190779017	0.3917629032858678	0.009999990880297713	0.0099999902375959	0.8000524930130493	0.7820618964604573	0.009999990098630661
0.3425763779935742	-0.4782121234776412	2.292598612429892	0.876910250508921	0.4321200075501083	0.7290497453699437	0.383560413228892	-0.1898092949281706	-1.105042854034545	0.2019228943406821	-0.09512667749293373	-1.133709316830239	3.378715236678958	0.1275115954454107	-3.866632668103827	6.448282170707389	1.152377096794559	2.433342674642644	-3.87042056603508	-3.001002122232151	6.517107972223275	0.01000128979773046	0.2291770936977875	0.01000000550028476	0.4088774514663369	0.3437668157192129	0.01000607124324294	0.02470299116485461	0.0100463935934136	0.2084828386323327	0.3909865544108431	0.2293557371854291	0.1211062019919824	0.2534629437612091	0.01000023207082817	0.09361187654475313	0.6328645994143944	0.6487109176818684	0.01997950450951083	0.07371628855203684	0.009999990177543456	0.164275431398834	0.009999990272975661	0.2912142971368376	0.2731381783842353	0.009999990558700697	0.00999999263481712	0.009999990602537062	0.1786657467217633	0.3708635606516255	0.3033008737600706	0.009999991148713312	0.3963452965285652	0.009999990868046094	0.009999990229884518	0.8011800404451797	0.783607099960643	0.009999990093437444
0.3449068295445508	-0.4810338008839472	2.300458903430957	0.8772005187755532	0.4234661659237566	0.7442844402685268	0.3864417999736507	-0.1843976681394088	-1.11391004023376	0.1947541218538906	-0.07998128398069547	-1.284711124611635	3.367225773706029	0.1217979482679494	-3.562553874218884	6.621520253341696	1.316983515576348	2.20910659777914	-3.737662620750562	-3.150578133897653	6.477327549854299	0.01000109674598052	0.2219592536039911	0.01000000323990025	0.3979320741505943	0.3367407141505363	0.0100051680017723	0.02258831638514489	0.01003950135308626	0.2052073968211566	0.3892712801343616	0.2369826288597743	0.1077899790678932	0.2679913833173251	0.01000019624031002	0.08310693775866256	0.6461562564430329	0.6593323916925576	0.01852942672227911	0.07365822391489604	0.009999990183960921	0.1538033184392066	0.009999990293443192	0.2755729586115601	0.2612138237636945	0.009999990622963039	0.009999992550178874	0.009999990621136367	0.1761915605356741	0.3722832498792467	0.303851967506951	0.009999991106647602	0.4009276897712625	0.009999990855794475	0.009999990222173136	0.8023075878773098	0.7851523034608288	0.009999990088244226
0.3472372810955275	-0.4841842414015164	2.308294033210045	0.8774789197217221	0.4155010612661005	0.7598891525552526	0.3896814627270808	-0.1795180491774177	-1.122456058840927	0.1872434911770705	-0.06495218593348738	-1.415674445452549	3.357143210980283	0.1173274355627463	-3.276282852227103	6.765688531695858	1.459668290656846	1.97779925363675	-3.595047388331878	-3.294553322204202	6.417476504316945	0.01000093231927887	0.2141700855693447	0.01000000131848223	0.3864437516833684	0.3291815080092029	0.01000439869454056	0.02076912839575369	0.01003363084115359	0.202001715432678	0.387812377686626	0.2438122636978164	0.09580457931367505	0.2812671891850134	0.01000016572034932	0.07374580790690449	0.6583170933084567	0.6692481324032786	0.01728582375122238	0.07341588119972495	0.009999990193896038	0.1400823027635995	0.009999990324184315	0.2588440674888521	0.2484200029804514	0.009999990733270838	0.009999992482958688	0.009999990646979493	0.1736912779506839	0.3732847525997673	0.3041832563789466	0.009999991075995035	0.4044049913906941	0.009999990840279317	0.009999990215030339	0.8003669004939794	0.7876022526592804	0.009999990083608228
0.3495677326465042	-0.4876165956987702	2.316107335778224	0.8777483070450413	0.4081809923399819	0.7757962927411878	0.3932282264259355	-0.175183050860272	-1.130659184137977	0.1794009175343474	-0.05008500780919669	-1.526650314152169	3.348493600602599	0.1140624320711579	-3.008982415996662	6.881064717377669	1.58053840075102	1.741711646026256	-3.443390628874681	-3.435452509896021	6.338367421842786	0.01000079237179542	0.205684363578035	0.009999999687677969	0.3743968816440548	0.3210874003997765	0.01000374392636638	0.01920700314338239	0.01002863411828171	0.198857904438594	0.3865700453311506	0.249931397435255	0.08506605487516374	0.2934102012135889	0.01000013974151657	0.06544007512863982	0.6693304215513592	0.6785542591172555	0.01622089370206869	0.07317353848455384	0.009999990203831155	0.1263612870879923	0.009999990354925435	0.2421151763661439	0.2356261821972083	0.00999999084357864	0.009999992415738502	0.009999990672822619	0.1711909953656936	0.3742862553202879	0.3045145452509422	0.009999991045342467	0.4078822930101259	0.009999990824764157	0.009999990207887543	0.7984262131106491	0.7900522018577321	0.00999999007897223
0.3518981841974809	-0.491284774011473	2.323902143416073	0.8780114282194229	0.4014614764215353	0.7919395592039251	0.3970318400244834	-0.1714021255498319	-1.138499083797665	0.1712346733532133	-0.03542402637993027	-1.618328114275851	3.341262343881724	0.1119201897298219	-2.760836843222727	6.968725714935845	1.680409867376449	1.502797713527997	-3.283612049577861	-3.572535764067311	6.240920739312035	0.01000067317626702	0.196445576130186	0.009999998304616146	0.361744482925263	0.3124344615263982	0.01000318626563629	0.01786660439766466	0.01002437816689726	0.1957699253429087	0.3854878642312434	0.2554119019551325	0.07548846784984899	0.3045723550156344	0.01000011761224652	0.05810125806462602	0.6792574506706678	0.687330565935479	0.01530924986655709	0.07281485731182862	0.009999990219083339	0.1106354812374524	0.009999990403835769	0.2236262638390851	0.221517587083343	0.009999991081167468	0.009999992356927816	0.009999990706991367	0.1686900821264982	0.3744523055658476	0.3045094833698226	0.009999991024147541	0.411217978563515	0.009999990808693139	0.009999990201515764	0.7953843868086942	0.7931558128985322	0.009999990074844813
0.3542286357484576	-0.4951451926791492	2.331681709481599	0.8782707546125278	0.3952984945275682	0.8082563133801327	0.4010449634793794	-0.1681800138525224	-1.145958090717351	0.1627510969170012	-0.02100976348320037	-1.691631521223505	3.335413240835633	0.1108057402376728	-2.531363368603472	7.029952355480975	1.760340341845293	1.262136249021007	-3.116507420594772	-3.707787933841399	6.12663289131507	0.01000057172733395	0.1863994856367451	0.009999997134728964	0.3484413730211993	0.3031996786120835	0.0100027116567315	0.01671824971698018	0.01002075571860154	0.192732453776418	0.3845156879201674	0.2603113825771628	0.06698354938231489	0.3148713974477576	0.01000009877491928	0.05164248728334431	0.6881493423819609	0.6956469732121912	0.01452983963055515	0.07245617613910338	0.009999990234335518	0.09490967538691258	0.009999990452746105	0.2051373513120262	0.2074089919694778	0.009999991318756299	0.009999992298117133	0.009999990741160118	0.1661891688873028	0.3746183558114072	0.304504421488703	0.009999991002952617	0.4145536641169042	0.009999990792622121	0.009999990195143986	0.7923425605067391	0.7962594239393322	0.009999990070717396
0.3565590872994343	-0.4991555666889115	2.339449236281777	0.8785286195437338	0.389648724602949	0.8246856818968458	0.4052217378450936	-0.1655199086973092	-1.153019660275349	0.1539552401225967	-0.006880098071544829	-1.747390322041812	3.330913450792507	0.110631353794399	-2.320072107432605	7.065813938111118	1.821275555795203	1.020668622305607	-2.94263999157604	-3.840659418080548	5.997255328768948	0.01000048532323914	0.1741245817044677	0.009999996148213511	0.3343809161549862	0.2933042669549391	0.01000230748474772	0.01573480270959744	0.01001767032643747	0.1897516564257775	0.3835745502286851	0.264670352822778	0.05946277898980996	0.324418864266105	0.01000008272837403	0.04597859250670934	0.6960666472303164	0.703428644624728	0.01386351830235395	0.07195354327729528	0.009999990258535634	0.0524548719979246	0.009999990536583807	0.1835784555200103	0.1908418588260621	0.009999991974837398	0.009999992238234945	0.009999990783931132	0.1638914853644882	0.3732467266557267	0.3039334430184518	0.009999990989201691	0.4178870953512756	0.009999990778343053	0.009999990189662196	0.7885382532072006	0.796435936162514	0.009999990067041699
0.358889538850411	-0.5032770611799838	2.347207769870819	0.878787033748642	0.3844718722831369	0.8411709142570546	0.4095202195380269	-0.1634232646259658	-1.159668271297222	0.1448510009980157	0.006932469047444899	-1.78699542730388	3.327695242016186	0.111277128476015	-2.125504165195195	7.077894861441539	1.864789908496592	0.7785723803089831	-2.762105256830286	-3.972442507335957	5.854498254977469	0.01000041178550921	0.1582926950124199	0.00999999532103925	0.3194612632870778	0.2826745270087178	0.01000196357796821	0.01489371096128812	0.01001504421623999	0.1868328865559054	0.3825944723525483	0.268521309639265	0.05283890210591501	0.3333039444692003	0.01000006906851704	0.04102914610168912	0.7030611887531777	0.7106082853378438	0.01329452752301451	0.07145091041548719	0.00999999028273575	0.01000006860893662	0.00999999062042151	0.1620195597279944	0.1742747256826463	0.009999992630918499	0.009999992178352759	0.009999990826702145	0.1615938018416735	0.3718750975000463	0.3033624645482005	0.009999990975450769	0.4212205265856469	0.009999990764063989	0.009999990184180407	0.7847339459076623	0.7966124483856958	0.009999990063366002
0.3612199904013877	-0.5074730779592546	2.354960249654422	0.8790478209687	0.379730070055107	0.8576576603262004	0.4139010034364474	-0.1618913603152738	-1.165888112475293	0.1354412969961236	0.02039806268297108	-1.811843232446474	3.32570436551901	0.1126397302315957	-1.946161712191009	7.067304163958005	1.892496437673838	0.536024620582964	-2.573627368780181	-4.103053748437469	5.700000407505127	0.01000034915616913	0.1415267929571614	0.009999994636330578	0.3035782152726638	0.2712725968680175	0.01285550728456045	0.01417444758401267	0.01001280746063517	0.1839931495298656	0.3814783032261284	0.2718866489776863	0.04702620535436971	0.3416318462595231	0.01000005743218815	0.03671673379488045	0.7092705075901645	0.7171092281972649	0.012808580778349	0.07076352810540283	0.009999990324127531	0.0100000347254783	0.009999990801302783	0.1373811811608355	0.1559850595699214	0.04746714203939865	0.009999992107237791	0.009999990875080071	0.1597154174576712	0.3682748856046413	0.3020834013765129	0.009999990967320429	0.4250798169874698	0.009999990753528028	0.009999990179667627	0.782451545490825	0.7935219798305267	0.009999990060097178
0.3635504419523644	-0.5117116580666877	2.362709487398455	0.8793125425199423	0.3753905699145458	0.8740933518929001	0.4183301740316697	-0.1609253138233443	-1.171653667095903	0.1257267754894432	0.03349164274260955	-1.823523394069493	3.324912914644141	0.1146535824417484	-1.780247395650665	7.034079745738524	1.906315506475885	0.2929516280561515	-2.372235270197951	-4.234037736695192	5.535235169913881	0.01000029585647101	0.1262713463100851	0.009999994080480435	0.2866286375545655	0.2590605449023461	0.02076098472979965	0.01356008920002619	0.01001090367216945	0.1812472247270535	0.3801399463524648	0.274784123316588	0.04194345523095169	0.3494893835577469	0.01000004752656574	0.03297070482297458	0.7148160459647255	0.722862286764722	0.0123939833968831	0.0700761457953185	0.00999999036551931	0.01000000084201998	0.00999999098218406	0.1127428025936766	0.1376953934571965	0.08493429144787878	0.009999992036122824	0.009999990923458	0.1578370330736689	0.3646746737092363	0.3008043382048253	0.00999999095919009	0.4289391073892928	0.009999990742992067	0.009999990175154846	0.7801691450739877	0.7904315112753577	0.009999990056828351
0.3658808935033411	-0.5159633297167477	2.370458266220576	0.8795826772242012	0.3714234415342977	0.8904249563369311	0.4227768563672698	-0.1605263483962259	-1.176930154896368	0.1157062814778642	0.04619050041622939	-1.823514610944023	3.32531628927946	0.1172861364040691	-1.626110314449663	6.977440308287936	1.908082504715715	0.04937411854650754	-2.151055552071134	-4.366091385687622	5.361908856068917	0.01000025046878154	0.1124539031537856	0.009999993648828198	0.2673500784688858	0.2453731412502039	0.03638730007471027	0.01303528295818341	0.01000928215261726	0.1786202956137701	0.3784532064878233	0.2772247473298424	0.03751233028510166	0.3569761129990525	0.01000003908856958	0.02972410722668722	0.7197484584768444	0.7278942915360063	0.01204015684885771	0.06918759181692009	0.00999999044738956	0.00999999839323884	0.009999991359571211	0.0613714141603772	0.1052816246178194	0.1721433906821661	0.00999999195027354	0.009999990970606535	0.1565798047700119	0.3578516590437088	0.2987147228527312	0.009999990953119063	0.4337684328636411	0.009999990738655347	0.009999990171660162	0.7777792070946851	0.7864438625202886	0.009999990053925262
0.3682113450543177	-0.5202026871092111	2.378209423042191	0.8798597115771231	0.3678032376145945	0.9065944445697963	0.4272153718573947	-0.1606955004414166	-1.181656197593399	0.1053744541134458	0.05847808206046121	-1.812955264130508	3.326953720424822	0.1205748800931446	-1.482515859740515	6.894951162823854	1.899306697209137	-0.194608364934628	-1.899841752094583	-4.50122488492008	5.182276938034851	0.01000021185003999	0.09999587180123908	0.009999993337615936	0.244522605971908	0.2295851910747634	0.06132740608304215	0.01258744628363849	0.01000790202115477	0.1761341777890464	0.3763059034876451	0.2792168766023403	0.0336611306315408	0.3641759408684596	0.01000003190607404	0.02691755613603986	0.724112393852228	0.732228445789157	0.01173847696614749	0.06829903783852168	0.009999990529259813	0.009999995944457695	0.009999991736958359	0.01000002572707778	0.07286785577844226	0.2593524899164535	0.009999991864424256	0.009999991017755071	0.1553225764663549	0.3510286443781812	0.2966251075006371	0.009999990947048036	0.4385977583379896	0.009999990734318629	0.009999990168165477	0.7753892691153824	0.7824562137652196	0.009999990051022171
0.3705417966052945	-0.5244062067970512	2.385965842972209	0.8801451874187154	0.3645066412962144	0.9225400044118518	0.431622502875212	-0.1614337802200675	-1.185754196599601	0.0947233933653477	0.07034166126665993	-1.793547966316575	3.329782524244674	0.1244792892983729	-1.34732244269051	6.78586349582734	1.882027272329758	-0.4393543012317729	-1.61126724063614	-4.640316684814487	4.998858619697852	0.01000017897826303	0.08881583061041992	0.01000003223529011	0.2208622751758212	0.2118474190221993	0.0893636963504883	0.01220519195798197	0.01000672652164512	0.1738204938010134	0.3735410656481959	0.2807647672445091	0.03032181553919066	0.3712092700901558	0.01000002578867861	0.02449548325069071	0.7278686875617159	0.7358555881965334	0.01148115555096538	0.06718488941528282	0.009999990726590755	0.009999994906434072	0.010000505731209	0.01000001158225533	0.04143393054546036	0.2893633467450774	0.009999991768599113	0.00999999105505118	0.1548842634685166	0.3398635117583751	0.2936598178875625	0.009999990935986316	0.4453479096185913	0.009999990740322344	0.009999990165735382	0.7708039659236229	0.776775690010869	0.009999990048448527
0.3728722481562712	-0.5285577237166935	2.393729939629053	0.880440167856987	0.3615202814289974	0.9382054088901111	0.4359832257456091	-0.1627450077512998	-1.189139100821964	0.08374279117381708	0.08177624718520206	-1.768326343604366	3.333541908740458	0.1287317513886381	-1.21627007580468	6.654521050675143	1.859479095740757	-0.6863137180792713	-1.287861826613523	-4.784038267722493	4.814113705905235	0.01000015102940922	0.07882792249146209	0.01000014185944608	0.1989730553834347	0.192273786548372	0.116272150127303	0.01187922836697354	0.01000572601596763	0.1717064950824148	0.3700182065239346	0.2818711419873233	0.0274338812282404	0.3781791771411003	0.01000002058286041	0.02240972144542841	0.7309818201126214	0.7387669191048711	0.01126186221920785	0.06607074099204398	0.009999990923921698	0.009999993868410446	0.01000101972545963	0.009999997437432892	0.01000000531247845	0.3193742035737013	0.00999999167277397	0.009999991092347286	0.1544459504706783	0.3286983791385692	0.2906945282744878	0.009999990924924597	0.4520980608991931	0.009999990746326062	0.009999990163305288	0.7662186627318633	0.7710951662565183	0.009999990045874879
0.3752026997072478	-0.5326442960283944	2.401503762595876	0.8807453542522089	0.3588355730792555	0.9535403506114949	0.4402857576871897	-0.1646347746912391	-1.19173256751531	0.07242187354346817	0.09278199433996856	-1.73523231347626	3.338254396297373	0.1333884811084985	-1.091583365216677	6.498976889911614	1.829099618632973	-0.9351142025639466	-0.9321811897275114	-4.93258418615641	4.633456987048305	0.0100001273236058	0.06994481168870763	0.02038551037881048	0.1787957197278484	0.1726362830355632	0.14222868521711	0.01160116158031573	0.01000487385664873	0.1698179045766497	0.3652920010425752	0.2825376121060829	0.02494064941764252	0.385238341625835	0.01000001615116892	0.02061564638619384	0.7334412370636654	0.7409137263938794	0.01107488711541988	0.06468924536263253	0.009999992037850439	0.009999993342284854	0.1464169937226914	0.00999999595944564	0.01000000087076142	0.3465768314867211	0.009999991576808625	0.009999991115482101	0.1548294007888861	0.3063459554788613	0.2868407335257904	0.009999990901312544	0.4620471095324735	0.009999990770252338	0.009999990162073263	0.7600338655061474	0.7626829665570449	0.00999999004360462
0.3775331512582246	-0.5366289315461317	2.409290524125303	0.8810628500684085	0.3564146693029916	0.9684639228971534	0.4444904620239627	-0.1671017351592003	-1.193457445597383	0.06074792898263513	0.103383564158272	-1.680843903134479	3.344645819154371	0.1392957307085757	-0.9898722585172948	6.301482657090014	1.775523172736937	-1.181662807599325	-0.5424366664547332	-5.087006960872586	4.467247592193447	0.01000010731266066	0.06207795748731582	0.04832704843557344	0.160268960833706	0.1546290540376495	0.1673204730138639	0.01136416446943719	0.01000414855685405	0.1681766449592568	0.358961155038872	0.2827647193224841	0.0227928916351521	0.392518505618088	0.01000001238277568	0.01907526986599154	0.7352370220639453	0.7422517742548993	0.0109155993096088	0.06330774973322106	0.009999993151779182	0.009999992816159259	0.2828329677199231	0.009999994481458392	0.009999996429044387	0.3737794593997409	0.009999991480843282	0.009999991138616915	0.1552128511070938	0.2839935318191534	0.282986938777093	0.009999990877700489	0.4719961581657539	0.00999999079417861	0.009999990160841236	0.7538490682804314	0.7542707668575717	0.009999990041334363
0.3798636028092013	-0.5404504718234575	2.417094759158761	0.8813962913995302	0.3541898005886036	0.9828632591307062	0.448530068191364	-0.1701372355169079	-1.194233321029648	0.04870686007957677	0.1136228117577018	-1.588300975953958	3.353590443304297	0.1474545862945575	-0.9317492202502959	6.041488140161063	1.679348779833866	-1.421358188674081	-0.1213908661036823	-5.247448190950704	4.326183306911013	0.01789903921191892	0.05513916095363199	0.08154902806638853	0.1433293658793653	0.1381875089624819	0.1914004100356151	0.01116207752776247	0.01000353079845785	0.1667779415627211	0.3509566955983056	0.2825483678398629	0.02094496074362768	0.4001168249414385	0.01000000917924456	0.01775366726090848	0.7363505787473935	0.7427866039538834	0.01077982549336749	0.06175264982223216	0.1137174668980686	0.009999992494931813	0.3075315922216313	0.009999993828104577	0.009999995259845428	0.3942218911930037	0.009999991393397795	0.009999991150929154	0.1559730131527487	0.2573817722008296	0.2781579456513544	0.009999990838574144	0.4846131967073881	0.009999990851872476	0.009999990161096152	0.7458303842412478	0.744356700350404	0.009999990039348131
0.3821940543601779	-0.54398285488501	2.42492417426355	0.8817528717267492	0.3520148598596625	0.9965547596454729	0.4522621426834431	-0.1737169752213752	-1.194013770696697	0.03628646292481329	0.123575824308547	-1.432688377095655	3.366255426346906	0.1591536814551308	-0.9470239225140358	5.69401607610023	1.511598634489081	-1.648730527513914	0.3118404922928379	-5.412547520750388	4.22159987762219	0.03934193656805177	0.04904259968839211	0.1117247281602268	0.1279081453198283	0.123241377808056	0.2143347383486617	0.01098990278889366	0.01000300500466201	0.1656172672225208	0.3412072282350162	0.2818841815949956	0.01935793685232878	0.4081174005411384	0.01000000646120502	0.01662151825879037	0.7367647944820983	0.7425226399544086	0.01066418633815482	0.06019754991124327	0.217434940644358	0.009999992173704368	0.3322302167233395	0.009999993174750758	0.009999994090646469	0.4146643229862664	0.009999991305952312	0.009999991163241394	0.1567331751984037	0.2307700125825057	0.2733289525256157	0.0099999907994478	0.4972302352490222	0.009999990909566343	0.009999990161351066	0.7378117002020644	0.7344426338432362	0.009999990037361897
0.3845245059111547	-0.5470627130588251	2.432788177945691	0.8821416317614513	0.3496996216303138	1.009319359862437	0.4555007293296219	-0.1778092070346043	-1.192787185254238	0.02347698437547012	0.133332138528656	-1.201922347014076	3.383123460468022	0.1748898888115638	-1.049254763611823	5.24945650874648	1.257984370632567	-1.862283800177138	0.738653749311237	-5.581619074864384	4.154316369727706	0.0669920963768727	0.04370449102840845	0.1397945795299259	0.1139333736349087	0.1097172107100764	0.2361766539221044	0.01084313532535598	0.01000255717164633	0.1646643166182485	0.3259563104150726	0.2807415766782896	0.01799601509499632	0.4165708377638048	0.01000000416216127	0.01565202377002905	0.7364481736885414	0.7414033245854826	0.01056563840981614	0.05880047775602151	0.2635298905553913	0.009999991960597145	0.3568278618324806	0.009999992827392411	0.009999993580505835	0.4313290625785626	0.009999991233168894	0.009999991176866292	0.157412870025539	0.1203850121926643	0.2669954064038053	0.009999990748531666	0.5119213183107799	0.009999991064908759	0.009999990163676432	0.7275681636072794	0.7214609960714403	0.009999990035636805
0.3868549574621314	-0.5495451310646068	2.440694771155537	0.8825699211289726	0.3470808765067427	1.020970032196951	0.4580798973513048	-0.1823924699522644	-1.190581067003368	0.01026624622374273	0.1429527675032073	-0.9199635653397354	3.402805877356967	0.1930778646980634	-1.207494381653611	4.738040072162288	0.9456837393108474	-2.070134786193662	1.152478272243819	-5.756909626857844	4.105154422368152	0.09560326670837413	0.03904634913560859	0.1662770500924319	0.1013269550509074	0.09753549608131708	0.2569433720489747	0.01071812602933913	0.01000217600776067	0.1638927244012737	0.3016718138606593	0.2790929165922432	0.01682910015118073	0.4255210428407984	0.01000000222849674	0.01482292107134262	0.7353719845634487	0.7393772562046586	0.01048172015661202	0.05740340560079974	0.3096248404664247	0.009999991747489922	0.3814255069416215	0.009999992480034064	0.009999993070365202	0.4479938021708588	0.009999991160385475	0.009999991190491187	0.1580925648526744	0.01000001180282285	0.2606618602819948	0.009999990697615532	0.5266124013725377	0.009999991220251176	0.009999990166001799	0.7173246270124942	0.7084793582996444	0.009999990033911711
0.3891854090131081	-0.551331857592725	2.448649305925755	0.8830421019452289	0.3440550245898651	1.031376840868086	0.4598868167564799	-0.1874608292745887	-1.187428671769727	-0.00336109144749789	0.1524655655604516	-0.6108885958122634	3.423899634988882	0.2121721769147355	-1.390884070650919	4.18947880401866	0.6020318218636321	-2.280999694229867	1.550331568378293	-5.939228074960617	4.057576639312528	0.122986257171537	0.03499290816373217	0.1909348964030385	0.09000791624436526	0.08661399613687724	0.2766849926302127	0.01061158804957368	0.01000185136183902	0.1632738410363964	0.2739984368890045	0.2768797911849423	0.0158296708400114	0.4349759269133446	0.01000000062902246	0.01411395046175873	0.7335018683725993	0.7363744480611188	0.01041021573190556	0.05666464909282094	0.3239715227754041	0.00999999159768053	0.3943938561902699	0.009999992254868985	0.00999999280041987	0.461558974563237	0.009999991102536271	0.009999991216955311	0.158620213141069	0.01000000187770349	0.2521783082692312	0.009999990645739327	0.5426501085092099	0.009999991696725963	0.009999990171701001	0.7046773222324535	0.6918882775325416	0.009999990032433001
0.3915158605640847	-0.5523806710540039	2.45665370940324	0.8835589430014127	0.3405907181233835	1.040479852644526	0.4608719839323916	-0.1930307674876723	-1.183367167919495	-0.01742113419618165	0.1618592453485987	-0.2866845208309232	3.445603340540933	0.2314054067244988	-1.583777294610597	3.619117953404874	0.2404536927075635	-2.50059118387605	1.932677815409568	-6.12825832714356	4.002926792783416	0.1476360916477746	0.03147594363904827	0.2135393032759814	0.07989070237093654	0.07686632550503278	0.2954240715809301	0.01052086229297061	0.01000157504875973	0.1627829324197029	0.2482278311977371	0.2740497030970639	0.01497484394091526	0.444942578728225	0.009999999338590283	0.01350841408427976	0.7308064278151634	0.7323311796443066	0.01034933445770304	0.05592589258484215	0.3383182050843833	0.009999991447871139	0.4073622054389183	0.009999992029703907	0.009999992530474539	0.4751241469556153	0.009999991044687066	0.009999991243419435	0.1591478614294635	0.009999991952584122	0.2436947562564677	0.00999999059386312	0.5586878156458821	0.00999999217320075	0.009999990177400204	0.6920300174524127	0.675297196765439	0.009999990030954291
0.3938463121150614	-0.5526640420508473	2.464708861034079	0.8841202721178578	0.3366757618259551	1.048238286853398	0.4610022332762445	-0.199125324055291	-1.178431847581944	-0.0319307541129087	0.1711117326086765	0.04204610945918961	3.467207585537041	0.25010247441733	-1.773038800707073	3.040406028556448	-0.1271616402446539	-2.731344968748974	2.300834262988335	-6.326391047654338	3.934755893006078	0.1696578647889192	0.02843099960595408	0.2342836077199864	0.07088818603541543	0.06820480084355421	0.3132169336387606	0.01044355484928026	0.010001339709479	0.1624034302413671	0.2242967336208984	0.2705156221135498	0.01424378733501231	0.4553709197321147	0.01490224605472349	0.01299116562373078	0.7272594406823145	0.7271662498667602	0.0102974649432008	0.05587992585519629	0.3425589366858716	0.00999999133850318	0.4157929746838437	0.009999991869099051	0.009999992376258992	0.4863422775731329	0.009999990996944317	0.009999991282532034	0.1596357071711066	0.00999999149656869	0.232324161642319	0.009999990549331445	0.5747807291175117	0.07435629267507021	0.009999990189384564	0.6770782122759874	0.6545733121359033	0.009999990029728768
0.3961767636660382	-0.55219145011005	2.47281336335967	0.8847235915154872	0.3323407867325008	1.054656549630797	0.4602863416967833	-0.2057686229903126	-1.172652494119542	-0.04691926414668985	0.1801855821102227	0.3620849737834185	3.487956243999202	0.2674415827894563	-1.944238593820372	2.468979105149557	-0.485706799826998	-2.971523407737359	2.657029390602663	-6.539243156721633	3.849619371854735	0.1890331648069467	0.02580122149095438	0.2532697143217575	0.06291183345613569	0.06054091542073528	0.3300968821034084	0.01037773079186604	0.01000113941024503	0.1621210689909262	0.2021456441500375	0.266198862031583	0.01361931982605452	0.4662180524736013	0.02836622606113016	0.01254979465523672	0.7228367051546697	0.7208054270060046	0.01025330578548573	0.05583395912555043	0.3467996682873599	0.009999991229135219	0.424223743928769	0.009999991708494192	0.009999992222043442	0.4975604081906504	0.009999990949201567	0.009999991321644634	0.1601235529127497	0.00999999104055326	0.2209535670281703	0.00999999050479977	0.590873642589141	0.1387125931769397	0.009999990201368922	0.6621264070995621	0.6338494275063677	0.009999990028503245
0.3985072152170148	-0.5509938963015298	2.480964626869452	0.8853650716066384	0.3276394079332892	1.059764149382113	0.4587577701449063	-0.2129811680404756	-1.166055071262375	-0.06242488756542031	0.1890391547083629	0.6599802555126955	3.507120399945421	0.2825875387948014	-2.083226026844574	1.920429382122031	-0.8197203086416713	-3.218777956546531	3.003732796173106	-6.771870473050973	3.745485693823575	0.205919098047694	0.02353353752210931	0.2706827503538384	0.05587334891827114	0.05378669815347523	0.346099787774479	0.01032164879677464	0.01000096881591182	0.1619353992250825	0.1817153782112871	0.2609682216727436	0.01308585237949985	0.4773724701209357	0.05149424860266534	0.01217307081644984	0.7174367169597919	0.7131733050808575	0.01021568616988772	0.0562571706983202	0.3441111318625067	0.009999991147214206	0.4300881522675684	0.00999999158799178	0.009999992138100256	0.5065781796077996	0.009999990908093011	0.009999991369852291	0.1607953166303056	0.009999990850236297	0.2055978881137144	0.009999990469098123	0.6053495881633985	0.2446096073160703	0.009999990226631741	0.6428541681095492	0.6088871754977151	0.009999990027559953
0.4008376667679915	-0.5491418142811024	2.489158032100025	0.8860384167298629	0.3226649649637058	1.063635693471421	0.4564955216590448	-0.2207732498931227	-1.158657813998574	-0.07850161343303749	0.1976286863677907	0.9238029050114236	3.524122385971117	0.2947882419366579	-2.178583024734634	1.408192699473648	-1.115350384339669	-3.468883502035329	3.343449502671839	-7.029364865101099	3.623018704272913	0.2203734686832385	0.02158214644906961	0.2866422102131672	0.04968662254072167	0.0478569070813212	0.3612463487533515	0.01027390233806135	0.01000082362464767	0.1618459771483327	0.1629450089026274	0.254703871493456	0.01263060545572348	0.4887381128438558	0.08455389200161381	0.01185183204838803	0.7109671040126201	0.7042002289893443	0.01018366093667301	0.05668038227108996	0.3414225954376537	0.009999991065293191	0.4359525606063678	0.009999991467489366	0.009999992054157069	0.5155959510249488	0.009999990866984455	0.009999991418059951	0.1614670803478613	0.009999990659919335	0.1902422091992586	0.009999990433396473	0.6198255337376559	0.350506621455201	0.009999990251894559	0.6235819291195365	0.5839249234890626	0.009999990026616659
0.4031681183189682	-0.5467228737136863	2.497388155157163	0.886736235089343	0.3175267697904696	1.066365052320885	0.4535986741496215	-0.2291483530130303	-1.15047513398197	-0.09521045065158913	0.205912772495301	1.145064519997749	3.538571768815884	0.3034886824656847	-2.222852228158518	0.9417913372106006	-1.362699411345427	-3.717961599868783	3.678349345870521	-7.315157163146419	3.484549726071366	0.2326140746774282	0.01990469560854251	0.3012848417102338	0.0442675003385747	0.04266849304790878	0.3755659162293638	0.01023322595945754	0.01000069996831386	0.1618572063402151	0.1457716326647884	0.2472237888915261	0.01224201233162243	0.5002048141211083	0.1211769304954277	0.01157780203327222	0.7033947834525726	0.6937865860718679	0.01015637991947082	0.05737330078883086	0.3351083064668621	0.009999991002900744	0.43995566685386	0.009999991374428464	0.009999992021759363	0.5226594520914902	0.009999990830432568	0.009999991469037751	0.1624073757947153	0.00999999056627634	0.1696288240852513	0.009999990405406835	0.6321706422119899	0.4004846879860774	0.009999990316722197	0.6014172853552198	0.5538981534566659	0.009999990026022865
0.4054985698699449	-0.543837751134958	2.5056490130993	0.8874501854096397	0.312342583625819	1.068060904074446	0.450181551747932	-0.238099084914367	-1.141516180156377	-0.1126199305676904	0.2138611782292822	1.32388160322477	3.550499149750659	0.3086327355916053	-2.218052621904624	0.5212340363600148	-1.561851743326758	-3.962889722371554	4.009649844316308	-7.630658374549467	3.334936857332044	0.2427759322548025	0.01846525329828726	0.3147057025605303	0.03953699036239381	0.0381439468543024	0.3890764016618378	0.01019859800238184	0.01000059472795971	0.1619727853687869	0.1301271324973532	0.2383585141517308	0.01191063307462159	0.5116772397748589	0.1572686323000009	0.01134425014464778	0.6946886005453373	0.6818397329326846	0.01013315702956978	0.05806621930657176	0.3287940174960705	0.0099999909405083	0.4439587731013521	0.009999991281367561	0.009999991989361658	0.5297229531580319	0.009999990793880682	0.009999991520015549	0.1633476712415692	0.009999990472633346	0.149015438971244	0.009999990377417195	0.6445157506863238	0.4504627545169539	0.009999990381549839	0.5792526415909034	0.5238713834242693	0.009999990025429071
0.4078290214209216	-0.5405842397257178	2.513934803749499	0.8881719943972587	0.3072239688927923	1.068828971914584	0.4463552133065752	-0.2476127975410423	-1.131788543353404	-0.1308009091513841	0.221451681544083	1.461857168359994	3.560016244951983	0.3102501888147994	-2.168042701961439	0.1449021840131027	-1.714602281049153	-4.199534713393192	4.338318912947686	-7.978160639482236	3.178759435521131	0.2510061570552793	0.01723083293047337	0.3270107047116118	0.03541927134599645	0.03420906652775267	0.4017917609275876	0.01016909945488545	0.01000050509955049	0.1621990547049245	0.1159402874767883	0.227693599169702	0.0116279390882978	0.5230660747471668	0.1926848311030822	0.01114510425563911	0.684692812034622	0.6682056337401443	0.01011337521375178	0.05892307320445567	0.3195172129335407	0.009999990892757594	0.4465843795158793	0.009999991208014678	0.009999992003831417	0.5347942067374271	0.009999990761996621	0.009999991575410223	0.1646081953707733	0.00999999041776106	0.1184009326171571	0.009999990355067191	0.6546927468919425	0.493358808075716	0.009999990593560288	0.5509817248949105	0.4871486152818037	0.009999990025354625
0.4101594729718983	-0.5370541636361418	2.52224016451679	0.8888935488716271	0.3022688403452264	1.068768804079933	0.4422240756411869	-0.2576621282709344	-1.121297169824669	-0.1498326429635532	0.2286747619407035	1.561230180962194	3.567294278679308	0.308414311663573	-2.07774832339611	-0.1895601226504317	-1.823431284936072	-4.422558667877499	4.665090826220456	-8.360778875032937	3.019613487333856	0.2574019144919945	0.01617381303769184	0.3382776690067403	0.03184549871726577	0.03079680286952644	0.4137187048211662	0.01014398861796683	0.01000042882214437	0.16254135219855	0.1031336775442323	0.2148372394829661	0.01138699271881013	0.5342934423585727	0.2272947593262058	0.01097543775268234	0.673264376991826	0.6527400986882922	0.01009653662389281	0.05977992710232418	0.310240408371011	0.009999990845006888	0.4492099859304063	0.009999991134661799	0.009999992018301179	0.5398654603168226	0.009999990730112563	0.009999991630804894	0.1658687194999774	0.009999990362888777	0.08778642626307015	0.009999990332717187	0.6648697430975611	0.5362548616344782	0.009999990805570737	0.5227108081989177	0.450425847139338	0.009999990025280181
0.412489924522875	-0.5333356066896067	2.530560022332816	0.889606867947177	0.2975670545042896	1.067975987951753	0.4378884182042422	-0.268211151132374	-1.110045953725799	-0.1697993550016894	0.2355260660825724	1.624580805218305	3.572532949948871	0.3032264595528863	-1.952593008143872	-0.4849064609028333	-1.891190922890593	-4.626472472717404	4.99063920700817	-8.781679252971118	2.860516898286129	0.2620431697592309	0.01526897453362263	0.3485744747562336	0.02875058134743906	0.02784389898113919	0.4248599513109335	0.01012259840524079	0.01000036386430979	0.1629797448317229	0.09162694419100749	0.1994805404486931	0.01118153437899489	0.5453609780087881	0.2604964704279186	0.01101147981804504	0.6603124561617275	0.6352491431013727	0.01008219354842275	0.06070265888110066	0.2979539175353523	0.009999990809036449	0.450438403633737	0.009999991076188541	0.009999992085351348	0.5428779726218985	0.009999990704157613	0.009999991707903789	0.1670148257966457	0.009999990330484777	0.04889323036580744	0.009999990313695781	0.6746509289373026	0.5622641284957137	0.01237772643900572	0.4895505980632601	0.4056741130050735	0.009999990026160853
0.4148203760738517	-0.5295076213634786	2.538890006037109	0.890304380085129	0.2931901065384867	1.066536343133616	0.4334385535299235	-0.2792062341511194	-1.098036726414042	-0.1907956872762103	0.2420088554142377	1.655141921396359	3.575984344191681	0.2948487539624914	-1.798971556513776	-0.7446703036405183	-1.921444254516314	-4.805368736560098	5.31561815688026	-9.244401820952255	2.703353052590903	0.2649808943547107	0.01449540811179677	0.3579517203119161	0.02607702511810266	0.02529470000004302	0.4352137309091693	0.0101043905739048	0.01000030858806951	0.1634972158645944	0.08133495988710418	0.1812990313363132	0.01100648436184479	0.5562696909012081	0.2918058177463583	0.01139512642810369	0.6457509111466981	0.6155476709480822	0.01006998482828846	0.06162539065987996	0.2856674266996936	0.009999990773066011	0.4516668213370677	0.009999991017715284	0.009999992152401518	0.5458904849269746	0.009999990678202663	0.009999991785002684	0.168160932093314	0.009999990298080779	0.01000003446854471	0.00999999029467437	0.6844321147770441	0.588273395356949	0.01475546207244071	0.4563903879276024	0.3609223788708089	0.009999990027041527
0.4171508276248284	-0.5256430804065436	2.547226242481545	0.8909788352779822	0.2891965758248927	1.064528807793949	0.42895803303496	-0.2905796188400583	-1.085270362170447	-0.2129269278507678	0.2481295382334409	1.658629159711879	3.578266686091217	0.283648303683469	-1.63252573631048	-0.9757943670098461	-1.920064381147293	-4.936807770908996	5.641015132834308	-9.757931769010948	2.550715187891557	0.2663266677944816	0.01383410101013244	0.3664513904195763	0.02377112895784993	0.02309731167033139	0.4447641766327638	0.01008888107601937	0.01000026152397768	0.1640437317157327	0.07217090136178757	0.1625635829387637	0.01085726386886515	0.5670302212863982	0.3209228479416668	0.02168887433215098	0.6293636063221314	0.5934123625021195	0.01005958569774138	0.06301862856799428	0.2717624268799944	0.009999990747636857	0.4514300841667393	0.009999990970277468	0.009999992281783424	0.5465276974861893	0.009999990659615172	0.009999991925990239	0.1685905160902985	0.009999990279239097	0.01000002453127615	0.009999990278593622	0.6940542725538816	0.5991496319156251	0.1439625688848868	0.4150162313590539	0.3071720852525566	0.009999990029955689
0.4194812791758051	-0.5217899094570422	2.555568285374038	0.8916249353035862	0.2855613087966648	1.061999482350251	0.4245065019255616	-0.3021300188216123	-1.071742152392685	-0.2363195351840928	0.2539034634326455	1.645384149745613	3.58096745401365	0.2705142706399205	-1.491508664146464	-1.192472021807297	-1.89656548375752	-4.957283757977222	5.969436112381431	-10.32691027702588	2.405764698993802	0.266164318903632	0.01326940585969505	0.3741046466604434	0.02178649793285989	0.02120703895413521	0.4534941678577641	0.01007567942650017	0.01000022148719618	0.164576727659568	0.06404627140480476	0.1454230874065171	0.01073016367103021	0.5776515311863889	0.3475548086653518	0.04851153673695487	0.610946840728156	0.5686221187297691	0.01005073420781566	0.06441186647610748	0.2578574270602951	0.009999990722207705	0.4511933469964106	0.00999999092283965	0.00999999241116533	0.5471649100454045	0.009999990641027684	0.009999992066977794	0.169020100087283	0.009999990260397416	0.0100000145940076	0.009999990262512871	0.7036764303307188	0.6100258684743013	0.273169675697333	0.3736420747905054	0.2534217916343044	0.009999990032869848
0.4218117307267818	-0.5179809607964465	2.563918274216011	0.8922388228534792	0.2821986889106775	1.058972943256923	0.4201303626555488	-0.3135559052822547	-1.057442537699492	-0.2610869202041756	0.2593489999331117	1.620520944315937	3.585127214688435	0.2560554004597978	-1.398138660036331	-1.402455344717207	-1.855078929419506	-4.832565428370573	6.303494617558615	-10.92985126476655	2.267871970026723	0.2649637239216793	0.01278713765690074	0.3809783204509952	0.02008021038351952	0.01958258758479479	0.4613843250247006	0.01006443448329131	0.0100001874131198	0.1651232306878067	0.05687267152036481	0.1298107373965645	0.01062184266158843	0.5879929306813898	0.3718211484532892	0.07611945846151355	0.5903008568652496	0.5411355533273748	0.01004319481748188	0.06605230720779461	0.250250719269833	0.009999990706820776	0.450347147209804	0.009999990881778078	0.009999992586273114	0.5453527889699104	0.009999990627534381	0.009999992280366066	0.1698969166367262	0.009999990248599936	0.01000001873286721	0.009999990250988369	0.7094797211895358	0.6136825774911143	0.2338185074620946	0.3241049711856108	0.1953201627214841	0.009999990040959384
0.4241421822777585	-0.514250545799387	2.572278733431261	0.8928171247279131	0.2790268333800258	1.055474225221264	0.4158786647583652	-0.3245801306251248	-1.042357692661516	-0.2872686787898975	0.264475016583377	1.57798634255136	3.589953157512445	0.2399745451242927	-1.327794164886231	-1.597697303993469	-1.789769553035745	-4.61257707138068	6.643322977135404	-11.54072960160031	2.13155187539719	0.2631284374658532	0.01237568613890983	0.3871266326421492	0.01861582112298412	0.01818897820067161	0.4684147871987075	0.01005486301535973	0.01000015844334039	0.1657062311149253	0.05056363060840185	0.1156536864211318	0.01052959770369202	0.5979303297857405	0.3937640999628737	0.09371972410205996	0.5672292308806748	0.510884803880192	0.01003677756152654	0.06769274793948175	0.2426440114793708	0.009999990691433848	0.4495009474231974	0.009999990840716504	0.009999992761380899	0.5435406678944162	0.009999990614041075	0.00999999249375434	0.1707737331861693	0.009999990236802453	0.01000002287172682	0.009999990239463869	0.7152830120483527	0.6173392865079272	0.1944673392268562	0.2745678675807162	0.1372185338086638	0.009999990049048921
0.4264726338287351	-0.5106441510522943	2.580650469733865	0.8933557863473102	0.2760134884141688	1.051543932581723	0.411810654638427	-0.3350229408908429	-1.026474737169971	-0.314879460632832	0.2692825620203863	1.514236943063915	3.594638236533853	0.2220325275955085	-1.25741647025578	-1.772452650302721	-1.698014958879975	-4.344774519636491	6.987800972946852	-12.15429904771495	1.994986231993735	0.2614858056706348	0.01202454961135134	0.3926366173395071	0.0173598602827532	0.01699411945592587	0.4745846033328848	0.01004671034180077	0.01000013379594614	0.1664453077421673	0.04503451866614504	0.1028759149731615	0.01045099518162883	0.607349819948976	0.4135499462981989	0.1040329279661027	0.5407865146173989	0.4777346185488764	0.01003131163431466	0.06950740981365505	0.250280852650295	0.00999999068541628	0.4488801902181224	0.009999990802233774	0.009999992913738182	0.539697839062582	0.009999990600911252	0.009999992646338456	0.1738294140613796	0.009999990230107543	0.01000009307056262	0.009999990232572822	0.7173061126428152	0.616784551860516	0.1588517307584489	0.1983121550502298	0.07360927285589729	0.00999999009648744
0.4288030853797118	-0.5072058600203664	2.58903273304061	0.8938507205437791	0.2731701007066395	1.047226223345563	0.4079801963956679	-0.3448088104183844	-1.00978670351342	-0.3439157943246841	0.2737766666166593	1.43371926864307	3.598987461801781	0.2024475493295175	-1.181936374843192	-1.930179305915891	-1.585901873731182	-4.048788705888865	7.334243296149444	-12.7641421579656	1.86255607515156	0.2607604835376442	0.0117251672586156	0.3975816089862062	0.01628428371097775	0.01597117123948531	0.4798902908247601	0.01003977105702871	0.01000011284046932	0.1674420466690817	0.04020568141383205	0.09139566498641065	0.0103840679963315	0.6161499922267122	0.4312816678382096	0.1085141508107982	0.510061864241616	0.4415055383401285	0.01002665928906575	0.07132207168782835	0.2579176938212192	0.009999990679398709	0.4482594330130474	0.009999990763751042	0.009999993066095465	0.5358550102307477	0.009999990587781426	0.009999992798922571	0.1768850949365897	0.009999990223412632	0.01000016326939842	0.009999990225681776	0.7193292132372776	0.6162298172131047	0.1232361222900416	0.1220564425197432	0.0100000119031307	0.009999990143925956
0.4311335369306886	-0.503970340736794	2.59742465750841	0.8942983265090623	0.2705105267151209	1.042557016185713	0.4044289564831862	-0.3538849227364723	-0.9922913387215038	-0.3743657516450525	0.2779709119843849	1.342455607931184	3.602900275694207	0.1815250881547042	-1.09937055311656	-2.076036491560645	-1.461285908417262	-3.740644424150949	7.679416600815348	-13.35298870384316	1.739742797427493	0.2614716939036417	0.01146980835447481	0.4020506144549589	0.01536347956654033	0.01509563986943348	0.4843710854498773	0.01003386046762493	0.01000009499045229	0.1689508210028541	0.03600056606355959	0.0815769681287343	0.0103270458419113	0.6242624190000126	0.4472171823603632	0.1067975695271948	0.4760479413800481	0.4049177843260522	0.01013275439911693	0.07158336656933598	0.2776008994266904	0.009999990679898943	0.4483446411730726	0.009999990726237199	0.00999999312387306	0.5309938089980775	0.009999990568887734	0.009999992632985078	0.1849610741880665	0.00999999021930866	0.01691777452654636	0.009999990222358476	0.7182287849939393	0.6153643967689885	0.06661813516109739	0.06602823454993617	0.01000000691103155	0.01144549201532146
0.4334639884816652	-0.5009513995740248	2.605825105134265	0.8946960267834535	0.2680513865647464	1.037554263435022	0.4011715970578111	-0.3622449353026917	-0.9739979320494746	-0.4060823679937726	0.281898423728051	1.247851323389169	3.606302059582299	0.159618346722244	-1.009923490568245	-2.216429058733551	-1.333692823196782	-3.434229916788255	8.019125055822096	-13.85119253141314	1.633644537229669	0.2640641616694921	0.0112521896116307	0.4061200144983156	0.01457620265660783	0.01434723547668361	0.4880593222447473	0.01002882962488164	0.0100000797730252	0.1711861866393816	0.03234950395704717	0.07373236886537408	0.01027849874065098	0.6316252477143703	0.4615540436325841	0.09831132154708269	0.4396171146342805	0.3705916525301037	0.01043805762594641	0.07184466145084362	0.2972841050321615	0.009999990680399171	0.4484298493330979	0.009999990688723355	0.009999993181650655	0.5261326077654075	0.009999990549994044	0.009999992467047587	0.1930370534395432	0.009999990215204688	0.02383538578369429	0.009999990219035177	0.717128356750601	0.6144989763248724	0.01000014803215319	0.01000002658012909	0.01000000191893241	0.01289099388671693
0.4357944400326419	-0.4981506167584453	2.614232796892231	0.8950417560061845	0.2658081467022175	1.032225548447925	0.3982070229858251	-0.3699070860632455	-0.9549230211614042	-0.4386628839704185	0.2856031941707057	1.157092582724274	3.609036951281779	0.1369271626462601	-0.9121491476217115	-2.35700889045657	-1.21254452819284	-3.163385685512966	8.348568598486962	-13.94512337447956	1.54938054976884	0.2679552093029232	0.01106664379373423	0.4097898424779233	0.01390313096253217	0.01370751528782631	0.4910480180552494	0.01002454460402902	0.01000006679069669	0.1740480018629284	0.02918655699232848	0.06987557594319481	0.0102371401211925	0.6383896991020552	0.4742792118752578	0.08730808381732352	0.4031453652373359	0.3384192339735043	0.02071244027572959	0.0716162919513242	0.3093408180461718	0.009999990682144629	0.4476297323775278	0.009999990656362185	0.0099999932819036	0.5217509460180294	0.009999990532142589	0.009999992345760694	0.2008973590411243	0.009999990216117645	0.06330045817624332	0.009999990213624608	0.718154639912309	0.6089416340721466	0.01000006982933355	0.01000010287498208	0.01000000115130872	0.1432810130699504
0.4381248915836187	-0.4955522239347859	2.622645705600974	0.8953334840099297	0.263814312904332	1.026566982213638	0.3955105752467151	-0.3770914133829881	-0.9350974722083795	-0.4703131068674586	0.2891366260691265	1.074159669573303	3.610779261191462	0.1132743505739299	-0.7958825124801766	-2.499508315857994	-1.103586058913185	-3.024160492415461	8.663324730362648	-13.05281243911294	1.486601321581876	0.2726355831853587	0.01090857474123494	0.4130594507565303	0.01332835688606498	0.01316131103874318	0.4934178264756703	0.01002089740498627	0.01000005572296335	0.1774499636961789	0.02645337370659674	0.07165269727555512	0.01020193125561336	0.6446888374642046	0.4853695283073421	0.07748449085167655	0.3689295505321621	0.3083128277065616	0.04771691093189879	0.07138792245180478	0.3213975310601819	0.009999990683890089	0.4468296154219579	0.009999990624001016	0.009999993382156546	0.5173692842706513	0.009999990514291133	0.009999992224473803	0.2087576646427054	0.009999990217030606	0.1027655305687923	0.009999990208214042	0.7191809230740169	0.6033842918194211	0.009999991626513917	0.01000017916983507	0.01000000038368504	0.273671032253184
0.4404553431345953	-0.4931357708926835	2.631061343421175	0.8955688633079395	0.2621194073356755	1.020573231049392	0.3930506718612168	-0.3841686834429673	-0.9145581358256754	-0.4984116480556866	0.2925478414029322	1.001675004262028	3.611484439386438	0.08871660771222328	-0.6570958153891755	-2.645680809738353	-1.010212097414067	-3.067520912536965	8.961317067703234	-10.96865954528553	1.443750911369321	0.2780364926269658	0.0107738405544941	0.4159506396694533	0.01283745739843567	0.0126948757542784	0.4952277494046826	0.010017790922821	0.01000004627844057	0.181371642862287	0.02409540762661972	0.07662872179098533	0.01017193776977309	0.6504850755261333	0.4950780168608869	0.06875296939408237	0.3374155292029926	0.2801925274829425	0.07564714765508934	0.07155795063357778	0.3338662102204864	0.009999990688031589	0.4456530335624104	0.009999990595283481	0.009999993486319633	0.5130816378433631	0.009999990496824278	0.009999992105422233	0.2174626671821364	0.009999990218589104	0.1167337397592154	0.009999990203239063	0.7182466413641609	0.5996501256347893	0.009999991296339928	0.02226122809861596	0.00999999949356878	0.2359071196016695
0.442785794685572	-0.4908740617154795	2.639478204633027	0.8957469266093961	0.2607590840393364	1.014229497017424	0.3907894797315682	-0.3914724876750502	-0.8933402396004169	-0.5210045539768456	0.2958790356517578	0.9413580546235284	3.611829179090402	0.06408560287699748	-0.5087430717429957	-2.799864585066583	-0.9330515073332298	-3.218572766192717	9.24566667261338	-8.327860867845413	1.417927004304796	0.2840978618300865	0.01065908744696846	0.4184819610451137	0.01241862428120538	0.01229696317421098	0.4965292120869855	0.01001514685272976	0.01000003822218047	0.1857949733480192	0.02206546345057531	0.08271652979083974	0.01014640555474191	0.6557444002047365	0.5036159762444831	0.06102500073974709	0.309062443094214	0.2539900960710043	0.09369288861829178	0.0717279788153508	0.3463348893807908	0.009999990692173088	0.4444764517028629	0.009999990566565944	0.009999993590482717	0.508793991416075	0.009999990479357424	0.009999991986370662	0.2261676697215673	0.009999990220147604	0.1307019489496385	0.009999990198264086	0.7173123596543048	0.5959159594501575	0.009999990966165937	0.03452227702739685	0.009999998603452515	0.1981432069501551
0.4451162462365487	-0.4887374574037413	2.647896005468226	0.8958682014303824	0.2597456998860793	1.007513602288651	0.3886888611898128	-0.3991931557547184	-0.8714728185068957	-0.5373509756057744	0.2991675400805409	0.8947257014333552	3.612436818646972	0.04015635822640872	-0.3622808807860817	-2.966000540046045	-0.8725981099110397	-3.408256514940396	9.51938289522292	-5.751928217916706	1.406258632140926	0.2905855823326987	0.01056129502711316	0.420671560194866	0.01206117563352085	0.01195740286392078	0.497383031970918	0.0100128947904724	0.01000003134368992	0.1906987997027514	0.02031985133100637	0.0898037219144726	0.0101246563582729	0.6605341097859035	0.5111016788586927	0.05421253499305066	0.284008656525954	0.2296411865465032	0.1071911854182783	0.07178633156961578	0.3556026606960502	0.009999990699053734	0.442944419780691	0.009999990541626955	0.009999993698024002	0.5049026609189714	0.009999990462590379	0.009999991879293813	0.235649598116168	0.009999990222421968	0.1457196621261791	0.00999999019342972	0.7169298047630003	0.5922099780645668	0.0099999907839751	0.051587550240267	0.009999997865277112	0.2057072666248733
0.4474466977875254	-0.4866924407148753	2.656315823067892	0.8959348538962104	0.2590643062637481	1.000394696158413	0.386708900797728	-0.4073623777102192	-0.8489789249639993	-0.548052580300756	0.302442708750256	0.8627573030066447	3.613559971930518	0.01720854588525624	-0.223827874637353	-3.145730090886263	-0.8295023491216887	-3.603522952982404	9.783307070095097	-3.483463297238637	1.406482218881265	0.2973003798913705	0.01047802043790129	0.4225349685100395	0.01175640203822101	0.01166790701436893	0.4978427160627145	0.01001097796403681	0.01000002547324512	0.1960648961289236	0.01882143113601261	0.09779743932564902	0.01010614292215991	0.6649136767057225	0.5176345435822248	0.04823014022728865	0.2623853534935468	0.2070859527145895	0.1196597874571038	0.07184468432388079	0.3648704320113098	0.009999990705934377	0.4414123878585192	0.009999990516687967	0.009999993805565289	0.5010113304218679	0.009999990445823332	0.009999991772216967	0.2451315265107688	0.009999990224696333	0.1607373753027197	0.009999990188595355	0.7165472498716958	0.588503996678976	0.009999990601784262	0.06865282345313717	0.009999997127101709	0.2132713262995916
0.4497771493385021	-0.4847044266146169	2.664739012599856	0.8959493452821911	0.2586924816670572	0.9928402974399885	0.3848089868920583	-0.4159703121258095	-0.8258807506887208	-0.5539964797220576	0.3057303601046756	0.8458881258420211	3.615365098313288	-0.004579535144082629	-0.09762377593854536	-3.339851512904179	-0.8039229867761112	-3.77939805346642	10.03807856795167	-1.700505480522369	1.416271016409599	0.3041929441039433	0.01040706468213886	0.4240990518096642	0.01149643795539532	0.01142099251723835	0.4979699146639521	0.01000934532987815	0.01000002045812413	0.2018762021939812	0.01753607827267869	0.1064179035633182	0.0100903730884566	0.6689627992611624	0.5232981037831191	0.04299452933930881	0.2439193010129536	0.1862651894894229	0.1309046438831977	0.07193341596234668	0.3736588094138205	0.009999990714778513	0.4398076913627774	0.009999990494378212	0.00999999389988912	0.4977876519182386	0.009999990428768942	0.009999991675429877	0.2553968020671276	0.009999990226855986	0.1737197826845057	0.009999990183619856	0.7173191270799568	0.5846321810260906	0.009999990513276857	0.08245694835228015	0.009999996476107206	0.2143582704974288
0.4521076008894788	-0.4827380637838642	2.673167250629046	0.8959144061733917	0.2585983346330995	0.9848168993414285	0.3829483121181333	-0.4249571273950653	-0.8021995527185088	-0.5563648499467896	0.3090497846157785	0.8441761240629397	3.617892606303699	-0.02521284211527914	0.01447578067330141	-3.548226663390291	-0.7958272180580109	-3.928679555457699	10.28365962638023	-0.4149341989103638	1.433750030234483	0.3112215285229746	0.01034665072876774	0.4253871793133224	0.01127488961130714	0.01121057893606844	0.4978192184365099	0.010007955728708	0.01000001617518493	0.2081182617127239	0.01643517495611157	0.1154448414004044	0.01007694982643249	0.6727523610446805	0.528163463460628	0.03842787938761504	0.2283219843491946	0.1671184902260082	0.1407581446163844	0.07202214760081255	0.3824471868163312	0.009999990723622646	0.4382029948670355	0.009999990472068456	0.009999993994212952	0.4945639734146095	0.009999990411714552	0.00999999157864279	0.2656620776234864	0.009999990229015638	0.1867021900662917	0.009999990178644358	0.7180910042882178	0.580760365373205	0.009999990424769458	0.09626107325142311	0.009999995825112707	0.2154452146952662
0.4544380524404555	-0.4807580997390488	2.681602187556533	0.8958326378964949	0.2587484102588422	0.976292083478527	0.3810861578437004	-0.43426317775802	-0.7779577292138701	-0.5562454723141445	0.3124107880430743	0.8573321652050923	3.621084064918684	-0.04483257317977484	0.1121497745353404	-3.76964759053529	-0.8049674919486755	-4.056072251092767	10.51887582930587	0.4785024389452078	1.45085623886261	0.3182918192873386	0.01029517947929496	0.4264118177781123	0.01108598978411298	0.01103118258047933	0.4974431159804601	0.0100067721551723	0.01000001251501596	0.2147776528786498	0.01549257594951094	0.1247465482480414	0.01006551610705716	0.6763103862317772	0.5323090383887157	0.03445564770519749	0.2154168537155557	0.149583680992134	0.1496957814900275	0.07209800860172477	0.389585691300384	0.009999990744003422	0.4363118786266842	0.009999990458106709	0.009999994119948357	0.4920333220847808	0.009999990400957174	0.009999991509242322	0.2767195005211621	0.009999990233768035	0.1986232116307307	0.009999990175608778	0.7190319082841854	0.5770245720548908	0.009999990375664928	0.1092262267690922	0.00999999533900542	0.2206075866180339
0.4567685039914322	-0.4787314125970878	2.690045193695144	0.895706044102997	0.2591109407598045	0.9672382978429391	0.3791839047716098	-0.4438540399605696	-0.7531807837226262	-0.5543158215256532	0.3158129415584209	0.8842740161689832	3.624817625752201	-0.0636822250679611	0.196805143979029	-4.002189993020926	-0.8302401179272458	-4.173105866588914	10.74290280357568	1.138647258417286	1.469065150159786	0.3253235681647768	0.01025135947451369	0.4271837562081101	0.01092506073695192	0.0108783569993861	0.4968882600488634	0.01000576477020913	0.01000000938939699	0.2218432069735332	0.01468657932265532	0.1342200718153039	0.01005578394916151	0.6796617977434743	0.5358026522114007	0.03101041042568296	0.2050090751777947	0.1335936524210328	0.1580836951485751	0.0721738696026578	0.3967241957844368	0.0099999907643842	0.4344207623863765	0.009999990444144962	0.009999994245683763	0.489502670754934	0.009999990390199795	0.009999991439841855	0.2877769234188378	0.009999990238520433	0.2105442331951736	0.009999990172573197	0.7199728122801543	0.5732887787365725	0.009999990326560395	0.1221913802867734	0.009999994852898132	0.2257699585408018
0.4590989555424089	-0.476626982793473	2.698497450676327	0.8955362473571055	0.2596568634239024	0.9576310297798661	0.3772051798425418	-0.453712087519755	-0.7278946696040988	-0.5510276192212847	0.3192649541018104	0.9234288388476054	3.628985569358878	-0.08197408131810768	0.2702420930115302	-4.243895091221399	-0.8698922843962749	-4.286978443702689	10.95596801622639	1.667359090747495	1.493827293822093	0.3322347456407067	0.0102140288477039	0.4277206158711274	0.0107878868759912	0.01074809549242629	0.4962033095283099	0.01000490674406669	0.01000000671147641	0.2293107174289345	0.01399744231297082	0.1437811417596962	0.01004749439938645	0.6827383596464576	0.5386670460200365	0.02802852905668528	0.196898090332676	0.1190782547820473	0.165961701609571	0.0722662098047385	0.402024748038834	0.009999990746785431	0.4324157560083571	0.009999990408920974	0.009999994119218602	0.4877752504790083	0.00999999036067147	0.009999991298859907	0.29975238859887	0.009999990229434111	0.2214886638177405	0.00999999015974961	0.7187469824521331	0.5687084098769811	0.009999990278516755	0.1343812124509129	0.009999994191552128	0.2301228437571775
0.4614294070933856	-0.4744195916721978	2.70695978968392	0.8953242679013385	0.2603636841974911	0.9474527827558518	0.3751201685166806	-0.4638346738983561	-0.7021242005791469	-0.5466187078649279	0.322777230235875	0.9726357046156628	3.633470048855017	-0.0998835439945361	0.3348883482078994	-4.492205723772258	-0.9214553983476748	-4.400133814114827	11.15857753087294	2.100442883417603	1.520783531287966	0.3389550671595474	0.01018224967100829	0.4280378159491612	0.01067105448301745	0.0106371541997301	0.495431622978647	0.01000417644294888	0.01000000441122447	0.2371768683330137	0.01340890295782605	0.1533633098846381	0.01004043860542025	0.6854789222093283	0.5409214306474114	0.02545396797840502	0.1908738896100198	0.1059611220526663	0.1733585350656836	0.07235855000682206	0.4073253002932312	0.009999990729186664	0.4304107496303429	0.009999990373696989	0.009999993992753441	0.4860478302030849	0.009999990331143148	0.00999999115787796	0.3117278537789023	0.009999990220347789	0.2324330944402999	0.00999999014692602	0.7175211526241084	0.5641280410173565	0.009999990230473113	0.1465710446150374	0.009999993530206124	0.2344757289735478
0.4637598586443623	-0.4720874535672275	2.71543286330685	0.8950708691086738	0.2612127552535894	0.93669002240221	0.3729029962600563	-0.4742215590774812	-0.6758932295902239	-0.5412908924666091	0.3263532789790037	1.029770900177429	3.638162182425905	-0.1175725327613716	0.393143313673635	-4.744745904766432	-0.982488549620113	-4.514209919538022	11.3514466915073	2.461319820003258	1.548020832461248	0.3454190489083456	0.01015517831469379	0.4281505141505182	0.01057148911304696	0.01054261204765043	0.494618303673093	0.01000355442925756	0.01000000247120981	0.2454355518207868	0.01290621398933009	0.1629387807432963	0.01003442878057377	0.6879670529055339	0.5426312578345537	0.0232344596404743	0.1867020877768036	0.09416286860984444	0.1803684563020872	0.07246238812835215	0.4107593541815797	0.00999999104867413	0.4283081583657255	0.009999990509142792	0.009999995653225093	0.4852218309922425	0.009999990452524671	0.00999999154329561	0.3245759140590277	0.009999990309912435	0.242917754700007	0.009999990199831218	0.7177332631266474	0.5598601438167071	0.009999990294674063	0.1575884354564994	0.00999999450363735	0.2392437650320376
0.466090310195339	-0.4696154585895829	2.723916989819799	0.8947763271820715	0.2621930878746894	0.9253364867580623	0.3705354754137951	-0.4848763204461147	-0.6492230497221317	-0.5351960623300965	0.3299916101402115	1.092661261153412	3.642955669830265	-0.1351926959424361	0.4475373870029085	-4.999210719834979	-1.050484975369745	-4.630025901028982	11.53550781194891	2.758697064857544	1.574234475700548	0.351569981236132	0.01013213396961274	0.4280720166356269	0.01048670405346675	0.01046210674608671	0.4938035923188113	0.01000302502985831	0.01000000087737729	0.2540820123340484	0.01247729735498799	0.1724852837753117	0.01002931348105418	0.6902774425584873	0.543854035332258	0.02132495895722205	0.1841545577293093	0.08359907102431945	0.1870664503367177	0.0725662262498802	0.4141934080699285	0.009999991368161593	0.426205567101105	0.009999990644588598	0.009999997313696749	0.4843958317814005	0.009999990573906194	0.009999991928713254	0.3374239743391501	0.009999990399477078	0.2534024149597138	0.009999990252736412	0.7179453736291861	0.5555922466160582	0.009999990358875008	0.1686058262979631	0.00999999547706858	0.2440118010905253
