inDegrees=no
num_controls=19
num_derivatives=0
num_input_controls=0
num_multipliers=0
num_parameters=0
num_slacks=0
num_states=38
DataType=double
version=3
OpenSimVersion=4.6-2026-06-22-85aaf64
endheader
time	/jointset/groundPelvis/pelvis_tilt/value	/jointset/groundPelvis/pelvis_tx/value	/jointset/groundPelvis/pelvis_ty/value	/jointset/hip_l/hip_flexion_l/value	/jointset/hip_r/hip_flexion_r/value	/jointset/lumbar/lumbar/value	/jointset/knee_l/knee_angle_l/value	/jointset/knee_r/knee_angle_r/value	/jointset/ankle_l/ankle_angle_l/value	/jointset/ankle_r/ankle_angle_r/value	/jointset/groundPelvis/pelvis_tilt/speed	/jointset/groundPelvis/pelvis_tx/speed	/jointset/groundPelvis/pelvis_ty/speed	/jointset/hip_l/hip_flexion_l/speed	/jointset/hip_r/hip_flexion_r/speed	/jointset/lumbar/lumbar/speed	/jointset/knee_l/knee_angle_l/speed	/jointset/knee_r/knee_angle_r/speed	/jointset/ankle_l/ankle_angle_l/speed	/jointset/ankle_r/ankle_angle_r/speed	/hamstrings_r/activation	/bifemsh_r/activation	/glut_max_r/activation	/iliopsoas_r/activation	/rect_fem_r/activation	/vasti_r/activation	/gastroc_r/activation	/soleus_r/activation	/tib_ant_r/activation	/hamstrings_l/activation	/bifemsh_l/activation	/glut_max_l/activation	/iliopsoas_l/activation	/rect_fem_l/activation	/vasti_l/activation	/gastroc_l/activation	/soleus_l/activation	/tib_ant_l/activation	/lumbarAct	/hamstrings_r	/bifemsh_r	/glut_max_r	/iliopsoas_r	/rect_fem_r	/vasti_r	/gastroc_r	/soleus_r	/tib_ant_r	/hamstrings_l	/bifemsh_l	/glut_max_l	/iliopsoas_l	/rect_fem_l	/vasti_l	/gastroc_l	/soleus_l	/tib_ant_l
0	-0.4791537998281051	1.019895409446525	0.8867874878922027	0.2346490385437939	1.07308298363319	0.3679940100068114	-0.4726963780847078	-0.6854277867885263	-0.3144833068779855	0.2535091085178295	0.9452329866301271	4.079139481563812	-0.005164408868981406	-0.04132542985625218	-1.953207794510537	-1.012446723578343	-3.78647241838819	3.578759552498664	0.3443961146915847	0.5808300993127957	0.641864357391329	0.01013373928462743	0.919348039783473	0.01015942838759101	0.01014075690492234	0.3671209884912917	0.01000000211548546	0.009999995772080286	0.1184369929658614	0.01042112538081465	0.03007138185697028	0.01035613373285869	0.9151439120339281	0.8971980791932845	0.01273894266604893	0.1487837778901706	0.07738736290519983	0.2123543819025186	0.6436189222512619	0.5349864787732738	0.009999991191519781	0.6550514062307042	0.009999991573526908	0.0100000016468223	0.4681119726597624	0.009999990596726941	0.009999991602353452	0.1341331851835586	0.009999990540322265	0.1358735423539809	0.009999990398146143	1.00000000896815	1.000000007931433	0.009999990264697403	0.009999991257794329	0.0099999904160288	0.1000439282746184
0.002412057789345092	-0.4769533267538908	1.029734087842833	0.8867534559903067	0.2348217170804124	1.068123062873908	0.3656514249696362	-0.4818430754241323	-0.6764352723079176	-0.3134615844657606	0.2549109502221327	0.8785244666830686	4.078750802863748	-0.02315849303860189	0.1850769585699086	-2.157947875743328	-0.9289957595764581	-3.797781320846167	3.877320871235407	0.5082009440556515	0.5816990635325632	0.6335402072756159	0.01011323133487953	0.8990428029954698	0.01013498291716269	0.01011917465996998	0.3751818906059255	0.01000000033805473	0.009999995105517422	0.1205782087648393	0.01035659321309207	0.05004292792601227	0.01030155254109472	0.9217153633855752	0.905168597246456	0.01232140461079536	0.132336041886057	0.06838013802868449	0.2007804303177453	0.6209089647301866	0.542531977638442	0.009999990919372048	0.6583116827731532	0.009999991170277715	0.009999998728501474	0.4395939017916643	0.009999990460661103	0.009999991258861241	0.1372591636209342	0.00999999042093028	0.1986473919333186	0.009999990302756849	1.000000009186664	1.000000008393547	0.009999990200826335	0.009999990934492954	0.009999990306363274	0.1109081799574405
0.004824115578690184	-0.4749195718166944	1.039571666761335	0.8866752633004142	0.2355446310255414	1.062679786589649	0.3635170243110827	-0.491017841377542	-0.6667242069643519	-0.3120055496821134	0.2563161002602783	0.8069957207118439	4.078227830267127	-0.04178110038571419	0.4149119048720951	-2.353990501386551	-0.8398269965209139	-3.809746001723639	4.1745585968921	0.7045138310588516	0.5835732623142336	0.6264789815455551	0.01009587324894073	0.8805422010059472	0.01011429166832658	0.01010090678079704	0.3797983566120671	0.009999998812869388	0.00999999448860414	0.1228335614148358	0.01030196091122792	0.07513206951680236	0.01025534691218	0.9277754059265273	0.9125167584978451	0.01196730591253751	0.1174606085189172	0.06044368606583025	0.1915032620994488	0.5981990072091113	0.5500774765036104	0.009999990647224314	0.6615719593156022	0.009999990767028526	0.009999995810180655	0.4110758309235661	0.009999990324595266	0.009999990915369029	0.1403851420583098	0.009999990301538295	0.2614212415126564	0.009999990207367557	1.000000009405177	1.000000008855662	0.009999990136955265	0.009999990611191577	0.009999990196697745	0.1217724316402626
0.007236173368035276	-0.4730566720649784	1.04940809852957	0.8865518120875617	0.2368177676572913	1.056767874807655	0.361595798526988	-0.5002229703056458	-0.6563039571707306	-0.3100406682329249	0.2577300014277292	0.7386242825865872	4.077857297089954	-0.0605902232703718	0.6394694852516088	-2.547784119690252	-0.75432820249428	-3.823203615634396	4.463356689450701	0.9255007519761773	0.5885069447996291	0.6204749580659999	0.01008117008735075	0.8633030719518422	0.01009676486061277	0.01008543268654339	0.3811133808234464	0.009999997512161714	0.009999993946695257	0.1250074990112429	0.01025567642839832	0.1039203050184511	0.01021620308382966	0.9333648569201666	0.9192927178744299	0.01166688447499963	0.1040739943793441	0.05348046729882242	0.1834121316718498	0.6138478233963783	0.5549193882822527	0.009999990678590177	0.654583098951835	0.009999990728764977	0.009999995468765469	0.3775372595426426	0.009999990339981524	0.009999990993537072	0.1406395798011955	0.009999990316877379	0.3231915791635343	0.009999990207193039	1.000000009354825	1.000000008806156	0.009999990137362844	0.0099999905954986	0.009999990184477824	0.1160081754849858
0.009648231157380368	-0.4713517123784838	1.059243891926971	0.8863829228145693	0.2386234168944146	1.050389901341916	0.3598725720839407	-0.5094631329482678	-0.6452031558997544	-0.3075369741396585	0.2591537714976626	0.6760369469051823	4.077698513899541	-0.0794568644910096	0.8564540666940905	-2.740433716640228	-0.6756523719143963	-3.838794820266211	4.738849784575398	1.15127978041374	0.5917562358118462	0.6153411794108783	0.01006872561086364	0.8468374913971601	0.01008193028482862	0.01007233559978258	0.3792145595309594	0.009999996413711699	0.009999993500079961	0.1269383909566705	0.01021649598862828	0.135470153184726	0.01018306847263817	0.9385201583395579	0.9255411191111621	0.01141225467020796	0.09208603379224944	0.04739609400705364	0.1754943341637863	0.6294966395836455	0.5597613000608952	0.009999990709956042	0.6475942385880679	0.009999990690501429	0.009999995127350284	0.343998688161719	0.009999990355367782	0.009999991071705114	0.1408940175440811	0.009999990332216463	0.3849619168144123	0.009999990207018522	1.000000009304472	1.000000008756651	0.009999990137770422	0.009999990579805626	0.009999990172257904	0.1102439193297091
0.01206028894672546	-0.4697889136379127	1.069079579443842	0.8861685339194024	0.2409418514074816	1.043548000366786	0.3583286371719323	-0.5187447336947113	-0.633457507124388	-0.304489746933445	0.2605798783609478	0.6207873124753212	4.077745326803163	-0.098340042275431	1.06489618332453	-2.932037612910862	-0.6057673773475647	-3.858683117693695	4.996971884093222	1.381589710585668	0.5899326399916348	0.6102941937958464	0.01005818478414186	0.8310020979088537	0.01006936482082962	0.01006124187829795	0.374242556227323	0.009999995484560419	0.009999993128578839	0.1287576020826096	0.01018330478288486	0.1687945201834652	0.01015499972347397	0.943275767620177	0.9313041227190908	0.01119632616665295	0.08140372466530577	0.04209873546395169	0.169348875508266	0.6199951815241045	0.5472409911258521	0.009999990714960386	0.6385203265214117	0.009999990625802896	0.009999994462327026	0.307007655511552	0.009999990356229647	0.009999991083899337	0.1427314915165407	0.009999990327943601	0.4416147757574184	0.009999990196486666	1.00000000928728	1.000000008798526	0.009999990132067272	0.009999990531495948	0.009999990153116983	0.1322486920893703
0.01447234673607055	-0.4683521274830992	1.078915460299515	0.8859083618375122	0.2437556767830424	1.036248359606122	0.3569443029145902	-0.5280849865409252	-0.6211130521057157	-0.3008420793479991	0.2619958509984114	0.5715514023927403	4.077858824156297	-0.1174187963531072	1.267216084654084	-3.119976684106352	-0.543316691259331	-3.887427236976499	5.235360478432707	1.649145446721326	0.5833532648164551	0.6046289807670316	0.01004926340984129	0.8156681650049258	0.01005872974939028	0.0100518524251743	0.3662923156808957	0.009999994698333804	0.00999999281604412	0.1305737685461319	0.01015520979605151	0.2032654048811639	0.01013124128585303	0.9476625021423518	0.9366193548365881	0.01101338661573148	0.07193013690114648	0.03750301730596421	0.1663805276042366	0.6104937234645634	0.5347206821908089	0.00999999071996473	0.6294464144547554	0.009999990561104361	0.009999993797303767	0.2700166228613851	0.009999990357091509	0.009999991096093558	0.1445689654890003	0.00999999032367074	0.4982676347004245	0.009999990185954811	1.000000009270088	1.000000008840401	0.009999990126364126	0.009999990483186273	0.009999990133976063	0.1542534648490315
0.01688440452541565	-0.4670256184547783	1.088751689016507	0.8856019383104948	0.2470490432352681	1.028499480955791	0.3557000683026497	-0.5375079658832722	-0.608219849836019	-0.2964758298369909	0.2633929825464766	0.533915433862908	4.078193050390435	-0.1364233826631826	1.457172202566402	-3.308419802561993	-0.4949908968687872	-3.927329085955626	5.447884590700369	1.989585464269567	0.5771966696994167	0.608592877236775	0.0100417068793179	0.7994413122685156	0.01004972160927805	0.01004389932786371	0.3556451432849144	0.009999994033355053	0.009999992551113118	0.1324197751577804	0.0101314107503281	0.2378348696632796	0.0101111161147033	0.9517095217893968	0.9415223867196949	0.01085830519138896	0.06356738375867005	0.03352741397340465	0.1683052800690022	0.5533842842621828	0.7673603360539345	0.009999990748241512	0.5859929521120607	0.009999990535684993	0.009999993449300611	0.2339590829800906	0.009999990368203912	0.009999991081755429	0.1469307698201268	0.009999990314871659	0.5395714242129875	0.009999990179663463	1.000000009248156	1.000000008796784	0.009999990123396999	0.009999990412963764	0.009999990119918863	0.2107100971733044
0.01929646231476074	-0.465749594047674	1.098589956967448	0.8852513697696576	0.2507545420761549	1.020272347059723	0.3545244322540947	-0.5470382463188639	-0.5948674272906281	-0.291155428684341	0.2647904152713615	0.5296911937032073	4.079549690733065	-0.1540224084348454	1.608942879494246	-3.516530405040994	-0.4864369898786555	-3.976397819454844	5.616131020268403	2.440297006900876	0.583602990856267	0.6313200633671702	0.01003531140357718	0.7810607394458777	0.01004209749872735	0.01003716814623263	0.3425287093797297	0.00999999347227817	0.009999992324693292	0.1343229361401627	0.01011126677469362	0.2717662640480331	0.01009408208783881	0.9554429382457233	0.9460450228518504	0.01072695609107063	0.05621779303346809	0.0300986854888484	0.1764728578804345	0.496274845059802	0.99999998991706	0.009999990776518293	0.5425394897693662	0.009999990510265623	0.009999993101297455	0.1979015430987962	0.009999990379316316	0.009999991067417297	0.1492925741512534	0.009999990306072577	0.5808752137255507	0.009999990173372114	1.000000009226224	1.000000008753167	0.009999990120429873	0.009999990342741259	0.009999990105861663	0.2671667294975774
0.02170852010410583	-0.4644300303851628	1.108433194686508	0.8848608762302358	0.2547647221275062	1.011508731581133	0.3533056340539303	-0.5566965091028501	-0.581177691707664	-0.2846040168000341	0.2662232731855343	0.5679073810534833	4.082198739623774	-0.169663210897223	1.712687548599907	-3.750341930844975	-0.5283724848833042	-4.033513599389426	5.725855833780375	3.000111956582043	0.6044345497000391	0.6614125039335168	0.0100298944145175	0.7602466500141261	0.01003563980393576	0.01003146675820933	0.3271883506613929	0.009999992999514021	0.009999992132475285	0.136219703181912	0.01009420361709539	0.3043383091410162	0.01007965345912545	0.9588874713182546	0.9502173536068376	0.01061563633271784	0.04978491573854951	0.02714796299015054	0.1878591296054079	0.4893069101263288	0.9999999921054572	0.009999990825025952	0.4881123002926604	0.009999990496790989	0.009999992927237652	0.163603147154091	0.009999990400032258	0.009999991075312286	0.1507444606178955	0.009999990288656061	0.6039575911497989	0.009999990165436737	1.000000009212458	1.000000008322343	0.009999990118059646	0.009999990307173249	0.009999990096537322	0.28625734479834
0.02412057789345092	-0.4629932554698924	1.118283222378568	0.8844333721497072	0.2589999536501991	1.002178493996176	0.3519551369224725	-0.5665040694341679	-0.5672891238174929	-0.2766430277588229	0.2677060761496429	0.6268789586705874	4.085179715875666	-0.1847103473974036	1.795548252164608	-3.986355057559566	-0.5956374674752049	-4.100190498047514	5.780996313368157	3.609072616781333	0.6250158045594196	0.6887812008858462	0.01002530979431643	0.7367377080261158	0.01003017435264745	0.01002664139810142	0.3098264816411865	0.009999992602588024	0.009999991971010695	0.1380572622754241	0.01007976150792938	0.3349749415723909	0.01006744135269044	0.9620652762354139	0.9540663184360975	0.01052137235633525	0.04417656542853361	0.02461508638832428	0.1999357264560075	0.4823389751928555	0.9999999942938546	0.00999999087353361	0.4336851108159547	0.009999990483316354	0.009999992753177849	0.1293047512093857	0.009999990420748197	0.009999991083207278	0.1521963470845376	0.009999990271239543	0.6270399685740471	0.009999990157501359	1.000000009198692	1.00000000789152	0.009999990115689418	0.009999990271605237	0.009999990087212982	0.3053479600991027
0.02653263568279601	-0.4614072250659345	1.128140057303458	0.8839691441247567	0.2634320618815922	0.9922953018639643	0.350432769535323	-0.5764855580113841	-0.5533280598284007	-0.2671926069874471	0.2692292702046632	0.6869866358275883	4.087625249619364	-0.2004182906097464	1.881945570106332	-4.20389950279116	-0.6654822851968771	-4.178936958783232	5.787474707310227	4.225820305725279	0.6373654248729761	0.7137476183698922	0.01002142664524336	0.7115271948880133	0.01002554511147117	0.01002255430040552	0.2905334311984572	0.00999999227071908	0.009999991837463803	0.1400374455890924	0.01006752850663216	0.3720849706297669	0.01005709735770471	0.9649973348299455	0.9576174187055284	0.01044149679487229	0.03930357516258723	0.02244417427973901	0.2123598248319077	0.4925595228067723	0.9999999781273885	0.009999990954059675	0.3997884605233076	0.009999990477557277	0.009999992561524203	0.09482950227123819	0.009999990456069602	0.009999991116555734	0.1568191526605116	0.009999990255485824	0.8135199760652148	0.009999990150196708	1.000000009173903	1.000000008019054	0.009999990113292022	0.009999990249482763	0.009999990080911755	0.320205416536262
0.0289446934721411	-0.4596850346707517	1.138001615081187	0.883465538189114	0.2680908989061769	0.9819204308243338	0.3487504555662495	-0.586677257752992	-0.539406291604568	-0.2562624362698986	0.2707778973601607	0.7397784023126989	4.089095752100575	-0.2173612323523272	1.983544405650597	-4.394039242897303	-0.7282599797803367	-4.274490770056033	5.748413540738835	4.836033225029831	0.6461041056685326	0.7365633602917527	0.01001814020876506	0.6855088699543537	0.01002162720266027	0.0100190952095448	0.2693699544246689	0.009999991995280047	0.00999999172956543	0.1423280950986554	0.01005717484699281	0.4221664918876208	0.01004834258131566	0.9677024639695713	0.9608935068192717	0.01037386981993488	0.03508393523403123	0.02058748125014512	0.224858577198216	0.5027800704206891	0.9999999619609224	0.009999991034585742	0.3658918102306606	0.0099999904717982	0.009999992369870555	0.06035425333309066	0.009999990491391006	0.009999991149904193	0.1614419582364855	0.009999990239732106	0.9999999835563825	0.009999990142892056	1.000000009149116	1.000000008146589	0.009999990110894624	0.009999990227360292	0.00999999007461053	0.3350628729734213
0.0313567512614862	-0.4578517613466792	1.14786515460877	0.8829190725591799	0.2730234014168371	0.971127778838594	0.3469337096782613	-0.5971239078006146	-0.5256306726226362	-0.2438806879733701	0.2723455610313212	0.7741033687375161	4.089064238245831	-0.2362848733828836	2.114725022499401	-4.545473321759393	-0.771138861689744	-4.390903110246819	5.669470163013519	5.424178760923662	0.6523572952440082	0.7475599126540802	0.01001535664085015	0.659064915613819	0.01001830875651606	0.01001616535902649	0.2468690753866723	0.009999991769284242	0.009999991644681686	0.1448145476545623	0.01004840508501625	0.4743550049777178	0.01004092716388532	0.9701984885415643	0.963916223549964	0.0103165726982391	0.0314397154978973	0.01900107502498631	0.2370047718416932	0.5082586338209549	0.7535309954582019	0.009999991164814662	0.3406571002970854	0.009999990474785917	0.00999999220608758	0.03517713768141378	0.009999990550743571	0.009999991201062359	0.1648515317352265	0.009999990225208198	0.99999998521538	0.009999990136201418	1.000000009108843	1.000000008133171	0.009999990108780247	0.009999990214213083	0.009999990070479524	0.342177622183702
0.03376880905083129	-0.4559806232103795	1.157725964479294	0.8823230939242659	0.2783330921832292	0.9600379082742133	0.3450641028123846	-0.6078757432746178	-0.5120773975450356	-0.2301261157117387	0.2739182175388474	0.7711746751502803	4.086832409099113	-0.2584158084066314	2.296296660093332	-4.640483237692055	-0.7720905862624728	-4.527540616314842	5.564053194719428	5.974334281635628	0.6502440034668037	0.7381798130547873	0.01001300083994993	0.6325415885825777	0.0100155002443903	0.01001368570758782	0.2235193913484944	0.00999999158714085	0.009999991580704899	0.1474013932639348	0.01004098273801203	0.5203196484858279	0.01003465111841787	0.9725014013942547	0.9667049747116947	0.01026806726649575	0.02830152793335126	0.01764805526533577	0.2484519340495666	0.5137371972212207	0.5070620289554814	0.009999991295043583	0.3154223903635101	0.009999990477773639	0.009999992042304605	0.0100000220297369	0.009999990610096139	0.009999991252220527	0.1682611052339674	0.00999999021068429	0.9999999868743775	0.009999990129510784	1.00000000906857	1.000000008119753	0.009999990106665873	0.009999990201065874	0.009999990066348515	0.3492923713939826
0.03618086684017639	-0.4541723267634524	1.167578394872105	0.8816691595940739	0.2841523616954705	0.9487964840603956	0.3432556085312599	-0.6189788623410549	-0.498800063828	-0.2151009242579668	0.2754746672636081	0.7234379698146709	4.082217747094155	-0.2842317903724064	2.534687726665528	-4.673312556142235	-0.7220589249418015	-4.680144906707004	5.442495974800671	6.474965470605102	0.6406350327178967	0.7190232862682669	0.01001100553158471	0.6062118676899995	0.01001312146483188	0.01001158545014859	0.2006853663621183	0.009999991445220794	0.009999991536064899	0.1500212597323147	0.01003469594610045	0.5612952521584347	0.01002933528346926	0.9746263550761156	0.9692781423146751	0.01022697467883667	0.02560438180728649	0.01649471079136431	0.2590299612583144	0.5265984777081769	0.4833416698883339	0.009999991507012822	0.2973148892489914	0.009999990490499835	0.009999991922902697	0.01000001062991349	0.009999990711013443	0.009999991325229461	0.1707733432456307	0.009999990202472513	0.9999999864189946	0.009999990123648855	1.000000009009656	1.000000008099536	0.009999990105129208	0.00999999019372334	0.00999999006381482	0.3511776035325103
0.03859292462952147	-0.4525136764730051	1.177417775259008	0.8809498695021307	0.2905888677241574	0.9375281778375323	0.3416068342944453	-0.6304597661391317	-0.48583463747788	-0.1989340388500312	0.2770102657500573	0.647092941171212	4.076011767930639	-0.3126066839650847	2.808089138011603	-4.662772926740531	-0.6396559115911619	-4.840787449212795	5.305429733628735	6.92098983790545	0.6329548336935662	0.6994361712614892	0.01000931687863786	0.5803270664548004	0.01001110823500244	0.01000980792400446	0.1796901357280707	0.009999991340620049	0.009999991509505219	0.1526181987653818	0.01002937514322486	0.5980595023368088	0.01002483626818249	0.9765869491370619	0.971652217850999	0.01019219013926423	0.02329190780529365	0.0155130898087002	0.2685930857379616	0.539459758195133	0.4596213108211865	0.009999991718982059	0.2792073881344725	0.009999990503226032	0.009999991803500786	0.009999999230090078	0.009999990811930747	0.009999991398238399	0.173285581257294	0.009999990194260738	0.9999999859636116	0.009999990117786926	1.000000008950743	1.000000008079319	0.009999990103592545	0.009999990186380803	0.009999990061281123	0.353062835671038
0.04100498241886656	-0.4510611532532722	1.187240861893578	0.8801599300144232	0.297710582399322	0.9263230362225795	0.3401814402732572	-0.6423323608892115	-0.4732181360394703	-0.1817613104101368	0.2785351976923776	0.5550495045857375	4.068829197995761	-0.3426281023618293	3.09946624355205	-4.623996507071288	-0.5397430946103374	-5.003716666915624	5.153410597188046	7.307746777137734	0.631613201018615	0.6776110878931604	0.01000788665755996	0.5551274790269912	0.01000940305946286	0.01000830237034425	0.160466702933925	0.00999999127261831	0.009999991497039798	0.1553093758519078	0.010024868422232	0.6312587777080845	0.0100210256170004	0.9783960702876623	0.9738428258363968	0.01016272348287577	0.02131190579798873	0.01467779220716015	0.2770594582233157	0.5533005235572016	0.3901965130358539	0.009999992063610252	0.2680601393617587	0.009999990527456851	0.009999991728288323	0.009999999494053394	0.009999990978328722	0.009999991456729211	0.1777052469226955	0.009999990180858898	0.9999999801471645	0.009999990112813663	1.000000008867501	1.00000000802747	0.009999990102778267	0.009999990183360322	0.009999990059993628	0.3506436303743586
0.04341704020821165	-0.4498468722895383	1.197045585231488	0.879295821546241	0.3055529223628183	0.9152416016104137	0.3390150701886882	-0.6545989203341261	-0.4609853403113081	-0.1637304675671864	0.2800579354200847	0.4495501981645555	4.060785518591604	-0.3741051943259898	3.405608228569863	-4.56019909676573	-0.4248816737902662	-5.16745018223283	4.98727341752184	7.632510438155259	0.6311354621819579	0.6518933239545495	0.01000667627763098	0.5308382523810175	0.01000795992729873	0.01000702816951781	0.1429435560001584	0.00999999124063918	0.009999991495478949	0.1581922554499177	0.01002105420818481	0.6613503518953199	0.01001780052611653	0.9800652871408733	0.9758639886728763	0.01013778163346408	0.01962002179459273	0.01396795927710316	0.2843530034255012	0.5671412889192703	0.3207717152505213	0.009999992408238442	0.2569128905890449	0.009999990551687672	0.009999991653075862	0.009999999758016711	0.009999991144726701	0.009999991515220028	0.1821249125880969	0.009999990167457055	0.9999999743307175	0.009999990107840402	1.000000008784259	1.000000007975621	0.00999999010196399	0.009999990180339841	0.009999990058706136	0.3482244250776793
0.04582909799755675	-0.4489017534036235	1.206829973970316	0.8783541532307492	0.3141491770258314	0.9043412130710106	0.3381420874248605	-0.6672602161508784	-0.449166350931753	-0.1449927907143074	0.2815856042684958	0.3314995594414972	4.051960154892869	-0.4069385248179846	3.724597845949846	-4.472950768187091	-0.2960299737768287	-5.330012245561138	4.806106544989575	7.893263615163821	0.6331235595174691	0.6214797375409269	0.01000565117001384	0.5077372616060063	0.01000673762225975	0.0100059489352342	0.1276311286512594	0.009999991241644243	0.009999991495690761	0.1633855604121997	0.01001782359055692	0.6804194253605332	0.01001506890127339	0.9816055629704631	0.9777289934683404	0.01011665390573682	0.01817553913815894	0.01336471092815868	0.2904359504769964	0.5790838058555865	0.2254960241163045	0.009999992894121476	0.2539799845307215	0.009999990592561396	0.009999991631832168	0.01953474484809979	0.009999991344539451	0.009999991479416853	0.2226441559454089	0.009999990152886955	0.7971719496787257	0.009999990103579853	1.000000008665693	1.000000007888433	0.009999990101916018	0.009999990181153166	0.009999990058519134	0.3421258018256861
0.04824115578690184	-0.4482602813407663	1.216591977173033	0.8773315311579043	0.3235327324071299	0.8936881652963365	0.3376011573258547	-0.6803073042101739	-0.4378316875278138	-0.1257050305242414	0.283100452895224	0.1977761118231813	4.04222415890147	-0.4412294213744457	4.058412420710777	-4.355112165746315	-0.1495543857885248	-5.487336583170267	4.585686044486778	8.088621680279703	0.6205053506318639	0.5855844008722896	0.01000478367147566	0.4860867997269394	0.01000570316140808	0.01000503554981892	0.1149895268122576	0.009999991273202126	0.009999991490367779	0.1726179533477744	0.01001508940914928	0.6815213363106044	0.01001275704135315	0.9830267413233119	0.979449767825248	0.01009877122320327	0.01694440204973607	0.0128526525324721	0.2952684497710074	0.5910263227919027	0.1302203329820877	0.009999993380004511	0.251047078472398	0.009999990633435122	0.009999991610588474	0.02906948993818288	0.0099999915443522	0.009999991443613679	0.263163399302721	0.009999990138316851	0.5943439250267339	0.009999990099319305	1.000000008547127	1.000000007801246	0.009999990101868044	0.009999990181966489	0.009999990058332133	0.3360271785736928
0.05065321357624693	-0.4479648654511441	1.226329110863349	0.8762242685248591	0.3337436861737555	0.8833673202372464	0.3374399286435084	-0.6937247800554127	-0.4271093516673039	-0.1060258371515621	0.2845045473689547	0.04165939826016269	4.031128267265115	-0.4771544050562166	4.414076306656665	-4.190789903798832	0.02197474388456212	-5.637154157825352	4.274110460160359	8.217799475161602	0.4942553096113994	0.5458938109970213	0.01000404897624292	0.4662001628601005	0.01000482699955671	0.01000426193005525	0.1137465432458079	0.009999991312497371	0.009999991459868074	0.1845729986035237	0.01001277358450874	0.6739443960423196	0.01001079892391303	0.9843381513128533	0.9810376150446426	0.01008362368254437	0.0158955523383675	0.01241788983613745	0.2987936666230577	0.6089624075180248	0.07011016547110745	0.009999993686575734	0.2574803305366601	0.00999999070119892	0.009999991646379377	0.176433058565215	0.009999991515194973	0.009999991147013453	0.2913265268268426	0.009999990126224182	0.5792914895802781	0.009999990095625593	1.000000008375366	1.000000007664196	0.009999990102590154	0.009999990186944713	0.009999990059287896	0.3258759149795423
0.05306527136559203	-0.4480859105728251	1.236036856296909	0.8750283439669113	0.344855196477068	0.8735282713631091	0.3377366218215186	-0.7074975131100938	-0.4173615457718556	-0.08611412921563188	0.2852461540068381	-0.1475398363626009	4.017856370629707	-0.5147450106727325	4.805124660081646	-3.955622412987411	0.2301395522086093	-5.781904326125392	3.777637440206643	8.281415206436527	0.07119194796490351	0.503903451388336	0.01000342723402115	0.4483706948656054	0.01000408549369045	0.01000360720337615	0.1308597934448567	0.009999991341272824	0.00999999138847397	0.198156847249924	0.01001081363209287	0.6657549342272661	0.01000914171385451	0.9855481702308556	0.9825026836945377	0.01007080305901762	0.0150033189795459	0.01204915239641911	0.3009553543626186	0.626898492244147	0.009999997960127226	0.009999993993146954	0.2639135826009222	0.00999999076896272	0.00999999168217028	0.3237966271922471	0.009999991486037745	0.009999990850413228	0.3194896543509641	0.009999990114131512	0.5642390541338222	0.009999990091931881	1.000000008203604	1.000000007527146	0.009999990103312262	0.009999990191922936	0.009999990060243658	0.3157246513853917
0.05547732915493711	-0.4486982910482366	1.245710628373335	0.8737401714454349	0.356945210549437	0.8643253679948655	0.3385749337772625	-0.721611525814173	-0.4090249304505671	-0.06612329394900339	0.2846895407887146	-0.3726778285553565	4.002399250120917	-0.5536059196998591	5.234262028293426	-3.644928868542144	0.4785209268661245	-5.921378420369644	3.032273293219765	8.282029137052779	-0.611076810581324	0.4621337362494727	0.0100029006229432	0.4329755663034662	0.01000345746540686	0.01000305267480616	0.1748689311506384	0.009999991341138055	0.009999991297564306	0.2307127373461007	0.01000915357775264	0.6565679264598135	0.01000773808126276	0.9866647379551498	0.9838545918594802	0.01005994360282968	0.01424440453566704	0.01173628948364106	0.3017159468565558	0.6591384995779311	0.009999995301846922	0.009999993609866503	0.2816153113560775	0.009999990874182454	0.009999991806623823	0.6618983178514863	0.009999991202025091	0.009999990743834734	0.6597448291588927	0.009999990104971102	0.5385737406578225	0.009999990088864078	1.000000007941911	1.00000000730792	0.009999990104824144	0.009999990202217229	0.009999990062559985	0.3018564631817567
0.05788938694428221	-0.4499438197313864	1.255340444650992	0.8723565267444191	0.3701769869051148	0.8560903888542706	0.3401104743136744	-0.7360648647979851	-0.4032281737657268	-0.04622003460472887	0.2819202347411837	-0.6725257720521667	3.981409649523815	-0.5939074419886633	5.751836872659878	-3.153051071683412	0.8082588524575416	-6.06326265943888	1.671669127450942	8.208800095189336	-1.763501100586084	0.4230015376882497	0.01000245488153163	0.4203577669876445	0.01000292596719522	0.0100025833841723	0.2494062470941999	0.009999991297376857	0.009999991204246654	0.2945547051860832	0.01000774862805474	0.6460347399687861	0.01000655015057778	0.9876949848954559	0.9851019761493542	0.01005075253702899	0.01359972159063963	0.01147109836180412	0.3010351365010134	0.6913785069117153	0.009999992643566616	0.009999993226586051	0.2993170401112328	0.00999999097940219	0.009999991931077369	1.000000008510726	0.009999990918012437	0.009999990637256238	1.000000003966821	0.009999990095810693	0.5129084271818229	0.009999990085796277	1.000000007680218	1.000000007088693	0.009999990106336027	0.009999990212511521	0.009999990064876313	0.2879882749781216
0.0603014447336273	-0.4520587043341436	1.264908327051884	0.8708731952810813	0.3848356253362613	0.8494177479160635	0.3425993892072542	-0.7508736567384104	-0.4020535609952796	-0.02659623155358175	0.2752608505726878	-1.083851476965461	3.952068700969532	-0.6349279708063184	6.402713444205244	-2.398286224443456	1.259228621222984	-6.209232275874458	-0.5660321826166995	8.05285622636255	-3.285166965961103	0.3863524136930297	0.0100020772545556	0.4106670619032214	0.01000247581574635	0.01000218595637628	0.3275408237040853	0.009999991240761723	0.009999991125561368	0.3539374669188632	0.01000655865698392	0.6346774594921845	0.01000554399297291	0.9886456693922634	0.9862530221522988	0.0100429675615602	0.0130520096821009	0.01124620243562532	0.2988810647034181	0.7779323163640529	0.009999992309772056	0.009999992408200448	0.3242133430532668	0.009999991097860397	0.009999992475487376	1.000000008798426	0.009999990937988305	0.009999990742512824	0.7809477322536693	0.009999990089517555	0.497645676131032	0.009999990083810348	1.000000007270261	1.000000006723416	0.009999990108769454	0.009999990230042881	0.009999990068888347	0.2705863249739632
0.06271350252297239	-0.455185872964417	1.274406167739638	0.8692988426239469	0.4010648183881727	0.8444310499367929	0.3462032776786593	-0.7659876851968764	-0.4053235091077627	-0.007419228038665299	0.2683543880046095	-1.511878819054549	3.923333335226259	-0.6693792604489628	7.054089768674725	-1.7551219122879	1.73275874027151	-6.31635486924317	-2.013616442872706	7.838328427218246	-1.968370486944617	0.3520638911285688	0.01000175753502718	0.4040216286567828	0.0100020948610479	0.01000184968839275	0.392504854040602	0.009999991195917112	0.009999991075144319	0.3835601078125471	0.01000555155408598	0.6229666534233524	0.01000469245739137	0.9895228611521777	0.9873150808338892	0.01003637872970451	0.01258721886878079	0.01105565706141561	0.2952177249880208	0.8644861258163905	0.009999991975977496	0.009999991589814844	0.3491096459953008	0.009999991216318602	0.009999993019897385	1.000000009086126	0.009999990957964175	0.009999990847769412	0.5618954605405173	0.009999990083224419	0.4823829250802411	0.009999990081824419	1.000000006860304	1.00000000635814	0.009999990111202881	0.009999990247574241	0.009999990072900384	0.2531843749698047
0.06512556031231749	-0.4593654488212773	1.283833384315429	0.8676518738089321	0.4188700574448754	0.8408325200355994	0.3509718147422649	-0.7813117916811313	-0.410679459483798	0.01115766364506274	0.2667593250419671	-1.960119590249511	3.892297357241334	-0.6949130110789361	7.716594673242339	-1.2140526123897	2.22681494364238	-6.385995964721058	-2.40846760887949	7.556042890702677	0.3569848936667598	0.3200262544216879	0.01000148667092346	0.4003239724137359	0.0100017722038713	0.01000156497098303	0.4484867451120409	0.009999991149095066	0.009999991032434196	0.3871774986415501	0.01000469855494283	0.6109876248859896	0.01000397122213294	0.990332313297999	0.9882951195315763	0.01003079795658521	0.01219267727731033	0.01089412216828963	0.290248684843663	0.9589259959411508	0.009999991985332597	0.009999991496638645	0.3767711525543447	0.009999991152248785	0.009999993709549493	1.000000009124545	0.009999990826689523	0.009999990748146014	0.285947728125474	0.009999990079742747	0.4686267100367108	0.009999990081553067	1.000000005982016	1.000000005551062	0.009999990114874969	0.009999990273628008	0.009999990078731208	0.2370686282737344
0.06753761810166259	-0.4646727346039073	1.293177699535262	0.865952873600461	0.4383250956631585	0.8386447983404415	0.3569729831782649	-0.796775650422836	-0.416851078280721	0.02898865594763642	0.268683265898263	-2.446939273038098	3.854594222653492	-0.7125220024563701	8.422049664882836	-0.5853255564397702	2.754816651022624	-6.43223290339917	-2.689942212919143	7.219852879535056	0.949473218527679	0.2901500245541268	0.01000125741866073	0.3994617683669733	0.01000149912245326	0.01000132411466647	0.4974374890628594	0.00999999108929432	0.009999990980977622	0.3651019698352888	0.01000397664135266	0.5988173128765393	0.0100033608242808	0.9910791929757331	0.9891993955893261	0.01002607470826879	0.01185811882087117	0.01075730282732741	0.2841468638838451	1.053365866065911	0.009999991994687698	0.009999991403462445	0.4044326591133886	0.009999991088178967	0.009999994399201602	1.000000009162964	0.009999990695414868	0.009999990648522616	0.009999995710430677	0.009999990076261076	0.4548704949931806	0.009999990081281713	1.000000005103728	1.000000004743984	0.009999990118547054	0.009999990299681773	0.009999990084562031	0.2209528815776641
0.06994967589100767	-0.4711358391618989	1.302428210075407	0.864222959361032	0.4594470029444271	0.8379821650673924	0.3642190082824761	-0.8123052866108715	-0.4235408210473079	0.04598094734871681	0.2709530795729888	-2.897502309219973	3.816289296304686	-0.7200045473105295	9.071210711254968	0.01867214870227981	3.236660842104355	-6.435871111923521	-2.85030858558864	6.869311615969493	0.8621394841338451	0.2623532370205791	0.01000106323579744	0.4137680501763701	0.01000126781520887	0.01000112017936016	0.5408682485642391	0.009999991026639459	0.009999990931988044	0.3322016255866659	0.01000336519373627	0.5866043793639797	0.01000284382913292	0.9917683979167586	0.990033839955511	0.01002207412969403	0.01157430197049736	0.01064134395245164	0.2770060208879159	1.097595543510195	0.009999992098757855	0.009999991352201571	0.7022163288583184	0.009999990984618878	0.009999994573532912	1.000000009199112	0.009999990666906749	0.009999990673973955	0.01000000120494076	0.00999999007489398	0.4444348747966637	0.009999990082690943	1.00000000354971	1.000000003168906	0.009999990123651874	0.00999999033657107	0.009999990092613957	0.204800490550579
0.07236173368035276	-0.4785804062975124	1.311591106707899	0.8624884717591509	0.4819875453504425	0.8386518065040971	0.3725064886667198	-0.8277817128126898	-0.4305691354531171	0.06212560145828232	0.2725025007772354	-3.260736174552945	3.781947615230677	-0.7163140861056555	9.598335847588123	0.5193533742548573	3.618357553428062	-6.388112910542904	-2.970674822824199	6.51701955998592	0.3521471729731462	0.2365645403335273	0.01000089888697261	0.4535909784515388	0.01000107203918425	0.01000094761150284	0.5796921432863725	0.009999990969232278	0.009999990894438563	0.3014968580356999	0.01000284771177656	0.5744837139963226	0.01000240628503428	0.9924043271427542	0.990803779450142	0.01001868829484408	0.01133376546382113	0.01054314939066244	0.2689052278443917	1.141825220954479	0.009999992202828009	0.009999991300940697	0.9999999986032482	0.00999999088105879	0.009999994747864224	1.000000009235261	0.009999990638398626	0.009999990699425296	0.01000000669945083	0.009999990073526886	0.4339992546001469	0.009999990084100175	1.000000001995691	1.000000001593829	0.009999990128756695	0.009999990373460367	0.00999999010066588	0.1886480995234939
0.07477379146969786	-0.4867553310481428	1.32067997896972	0.8607771756366989	0.505599718202799	0.8403198918224526	0.3815519184973952	-0.8430738306776332	-0.4377699094510578	0.07742968547124951	0.2727939463720281	-3.500961950842899	3.755493757534985	-0.7011903201055423	9.957015057870269	0.8372550542990411	3.863682322475021	-6.284078653862499	-2.992264223502686	6.172333036833976	-0.08227048984486036	0.2127157019672016	0.01000075967871304	0.5019841884663967	0.01000090620681878	0.01000080144374435	0.6146587667455005	0.009999990923754589	0.00999999089269483	0.2729014893123428	0.01000240941460494	0.5625372387299921	0.01000203569423112	0.9929911497833578	0.9915142629468894	0.01001582052064358	0.01112980192955196	0.01045994164493097	0.2598501665973085	1.155798843586294	0.009999992319805166	0.009999991244343137	1.000000001576915	0.009999990798845433	0.009999994501544481	1.000000009199221	0.009999990705338411	0.009999991057541601	0.009999999563963868	0.009999990073528336	0.4257360035971466	0.009999990086894832	0.9999999846827411	0.9999999941588532	0.009999990135331009	0.009999990430143949	0.009999990112225328	0.1711590810116764
0.07718584925904294	-0.4953889656475778	1.329714041951838	0.8591128280132454	0.5299099183487193	0.8425629162358268	0.3910578445527074	-0.8580604798267235	-0.444966975065676	0.09190021691207999	0.2722417523577411	-3.641083486985379	3.73650154014496	-0.6773859151422852	10.17711741463617	0.9960742037127893	4.000186070697431	-6.134828169852025	-2.967599951783432	5.825864832417803	-0.34737139810465	0.190741131391021	0.01000064185523681	0.5448952770169344	0.01000076584686572	0.01000067770114186	0.6462855299205005	0.009999990895553246	0.009999990946254485	0.246341692135747	0.01000203847425515	0.5508395043350722	0.0100017220557757	0.9935326105356218	0.9921698251954917	0.0100133934333071	0.0109570095733322	0.01038949230449337	0.2498416879387668	1.16977246621811	0.009999992436782325	0.009999991187745578	1.000000004550582	0.009999990716632075	0.009999994255224735	1.000000009163182	0.009999990772278197	0.009999991415657907	0.009999992428476901	0.009999990073529785	0.4174727525941462	0.009999990089689487	0.9999999673697908	0.999999986723877	0.009999990141905326	0.009999990486827528	0.009999990123784778	0.1536700624998588
0.07959790704838804	-0.5042581990660284	1.338710993450105	0.8575141818705629	0.5546073402996202	0.8450091580258744	0.4007839804671881	-0.8726409102763326	-0.4520311324311151	0.1055271129885038	0.2715714627832594	-3.703361576751714	3.724418411635424	-0.6473408603280183	10.28712492543415	1.015410293666611	4.054385230377758	-5.950079376925072	-2.900437449848625	5.471116848190952	-0.03352536314854178	0.1705748151018511	0.01000054205594442	0.5833245142901903	0.0100006469538858	0.01000057281303217	0.6750156520312024	0.009999990886766643	0.009999995069422249	0.2217475513871921	0.01000172429536041	0.5394244444070714	0.01000145641094591	0.9824129370601495	0.9822536243029206	0.01001133772026068	0.01081053723288991	0.01032980312336284	0.2391183328153276	1.157980803022788	0.009999992889858667	0.009999991173748991	1.000000004461294	0.009999990653656097	0.009999993461469375	1.000000009308084	0.009999990900958185	0.01000004292224148	0.009999991642032599	0.009999990074615508	0.4104778265494888	0.009999990093798285	0.7030381503973909	0.73109930378722	0.009999990149938255	0.009999990579310041	0.009999990140399912	0.1394239092862633
0.08200996483773314	-0.5132079280985162	1.347685601010643	0.8559939303798897	0.5794683804366615	0.8473800393921797	0.4105683067398513	-0.8867416194083922	-0.4590104817363	0.118283877944179	0.2729236904291871	-3.707827836472149	3.717974672482379	-0.6123836151513724	10.31278430194139	0.9335877872801783	4.048435626275634	-5.737058829773536	-2.897279861917555	5.10438036003711	1.329634210420415	0.152147400802283	0.01000045759164117	0.6179278558961191	0.01000054632267338	0.01000048392212458	0.7011812887540683	0.009999990899105944	0.01000000647448577	0.1990532043692485	0.01000145839931545	0.528323010229605	0.01000123159082031	0.9492276135588956	0.9523405381915915	0.0100095979132758	0.01068648504140395	0.01027927207590284	0.227893179044095	1.146189139827466	0.009999993342935005	0.009999991159752407	1.000000004372005	0.00999999059068012	0.009999992667714017	1.000000009452987	0.009999991029638177	0.01000009442882506	0.009999990855588295	0.009999990075701234	0.4034829005048313	0.009999990097907085	0.406076333424991	0.4621986208505628	0.009999990157971182	0.009999990671792554	0.009999990157015049	0.1251777560726678
0.08442202262707822	-0.522111393869633	1.356650934863406	0.854563377840565	0.6043045464908308	0.8494359494649517	0.4202803758990739	-0.9002969690605831	-0.465999810046809	0.1301389568747618	0.2785377571504188	-3.671218223614765	3.716368885665266	-0.5731964119474255	10.27410129806557	0.7565735288638612	4.001462837787788	-5.498996320805067	-2.858406672535963	4.722013505751161	3.119503757336349	0.1353867393531898	0.01000038605041279	0.6492575620980702	0.01000046108131235	0.0100004085449846	0.7250755755297437	0.009999990927992563	0.02882422182531362	0.1781929735019019	0.01000123319109121	0.5173479583877983	0.01000104117359409	0.9066306157644625	0.912370583019063	0.01000812432366545	0.01058135317740337	0.01023646302587678	0.2162674332139508	1.128698539444415	0.009999994911235098	0.00999999115050164	1.000000004086853	0.009999990537477233	0.00999999229380738	1.000000009406602	0.009999991142357858	0.2501051633824251	0.009999990779395869	0.00999999007771696	0.3926537086069545	0.009999990103477886	0.3884442110745129	0.4072513343338084	0.009999990168260656	0.009999990841114696	0.009999990181850852	0.1122255144535967
0.08683408041642331	-0.5309018170936997	1.365616591213286	0.8532315997181518	0.6290006838887314	0.8509597307838199	0.4298571899036474	-0.9132520433129117	-0.4726085497303911	0.1410467608680218	0.2869794259998066	-3.614096626922033	3.718242076620887	-0.5304830758296203	10.19667708685959	0.4923639026332711	3.936286443742386	-5.23932995900265	-2.581708130089238	4.318930739794013	3.67419008353966	0.1202140468215868	0.01000032550221635	0.6777141744680737	0.01000038893165976	0.01000034469433773	0.7469305912845342	0.00999999096976267	0.07805578382061469	0.1590988152669328	0.01000104259302432	0.5063291685277241	0.01000088002044226	0.8659278131662349	0.871223988193939	0.01000687718818465	0.01049233176832076	0.0102002252113805	0.2043320399356603	1.111207939061363	0.00999999647953519	0.009999991141250872	1.000000003801701	0.00999999048427435	0.009999991919900742	1.000000009360217	0.00999999125507754	0.4902102323360252	0.009999990703203442	0.009999990079732684	0.3818245167090776	0.009999990109048685	0.3708120887240349	0.3523040478170539	0.00999999017855013	0.009999991010436837	0.009999990206686656	0.09927327283452575
0.0892461382057684	-0.5395447836832243	1.37458957834649	0.8520063514915482	0.6534833322522927	0.8517673108306145	0.4392707208037405	-0.9255590818993414	-0.4782251212399797	0.1509561283391769	0.2950940992956951	-3.552105612057284	3.722061520228459	-0.4851059092336255	10.10154229412358	0.1745315661430314	3.869185974973461	-4.963153301275093	-2.066656544187401	3.895563150815963	3.017014450945812	0.1071022120307072	0.01000027421912268	0.7036469161547151	0.01000032781472696	0.01000029056783548	0.7669555011254108	0.009999991044253838	0.1482399826348598	0.1417002401361653	0.01000088116088304	0.49498053430719	0.01000074352816205	0.8254739515900651	0.8287415095818024	0.01000582088705759	0.01041690048133936	0.01016952724906031	0.1922896865436074	1.098647291833064	0.01871639225471292	0.009999991149094079	1.000000003740939	0.009999990436394787	0.009999991683835049	1.000000008864226	0.009999991645779086	0.745105120112612	0.009999990637369602	0.009999990083298044	0.364321414261321	0.009999990117075842	0.3159273993264234	0.2920602717029098	0.009999990192403259	0.009999991350379395	0.009999990242921081	0.08965892840598889
0.0916581959951135	-0.5480363066169857	1.383573182136793	0.8508930670061272	0.6777220543198392	0.8517885518641284	0.4485229677361597	-0.9371846725645326	-0.4825363021632642	0.1598296058157707	0.301354303265207	-3.488524464901461	3.727045063967349	-0.4376463770763672	9.994421322431188	-0.1596428749442263	3.802555014598187	-4.674295469158729	-1.499320641638121	3.460004391397919	2.136524332272477	0.09646774482716849	0.01000023081842284	0.7273262114252741	0.01000027608288692	0.01000024472321764	0.7853222860404427	0.009999991167340303	0.2331243443304903	0.1259205246385678	0.01000074453811509	0.483041544571051	0.01000062801320747	0.7837823221137606	0.7847607783957692	0.01000492691602459	0.01035303772499891	0.01014354301660438	0.1803255043078139	1.086086644604764	0.02743278802989064	0.009999991156937286	1.000000003680177	0.009999990388515224	0.009999991447769358	1.000000008368236	0.009999992036480634	1.000000007889199	0.00999999057153576	0.0099999900868634	0.3468183118135643	0.009999990125102999	0.2610427099288118	0.2318164955887657	0.009999990206256387	0.009999991690321952	0.009999990279155506	0.08004458397745204
0.09407025378445859	-0.5563683185859342	1.392570361390021	0.8498966903990386	0.7016829876611972	0.8509893080062519	0.457610064448724	-0.9480990313990633	-0.4854889114507637	0.1676471082323115	0.3057811875135555	-3.413791930854145	3.733689293786938	-0.3879953871520102	9.864086252883531	-0.5114986375417467	3.725407150990725	-4.373591251832494	-0.9521479053130706	3.025253655042444	1.582131230355007	0.09529437620283064	0.01000019407036019	0.748993704589909	0.01000023226066664	0.01000020586034829	0.8021882665055492	0.009999992415390509	0.3143046000074337	0.1116793263666037	0.01000062882225315	0.4704040692939336	0.01000053017601302	0.7415077572339729	0.7398636552779123	0.01000416974119946	0.01029893089870968	0.01012153220408197	0.1689090903707395	1.057119567794879	0.1437769171409263	0.009999991294402915	1.000000003638169	0.009999990351601065	0.009999991245500961	1.00000000713348	0.01000000620931858	1.000000008435225	0.009999990503528336	0.009999990092796146	0.3259523491910805	0.009999990136813958	0.2221163679399592	0.1854384883503506	0.009999990224571084	0.009999992352747365	0.009999990323787343	0.07872039340913257
0.09648231157380369	-0.5644743576310463	1.401587658655739	0.8490238475456305	0.725263548880101	0.8492803345239021	0.4664621351187699	-0.958273998204155	-0.4871453041645199	0.1744394038100459	0.3092183744191551	-3.301155053741557	3.743726266697625	-0.3352161996350487	9.67902910908183	-0.9139611408598504	3.607679051379766	-4.061215606225926	-0.4245399465243836	2.609936168874446	1.315899430895195	0.1091228267849308	0.0100001629908697	0.768845056458577	0.01000019516737584	0.01000017293884409	0.8176862485426148	0.009999995649725523	0.3812698958346342	0.09888927804321471	0.01000053089049142	0.4569677099241791	0.01000044737622438	0.6992319009795671	0.6945579720802408	0.01000352892961649	0.01025312706685622	0.01010290199677863	0.1584686248676199	1.028152490984993	0.2601210462519619	0.009999991431868546	1.000000003596161	0.009999990314686904	0.009999991043232561	1.000000005898725	0.01000002038215653	1.000000008981252	0.009999990435520911	0.00999999009872889	0.3050863865685968	0.009999990148524917	0.1831900259511064	0.1390604811119354	0.009999990242885781	0.009999993015172782	0.009999990368419181	0.07739620284081312
0.09889436936314878	-0.5722469926487368	1.410634114074164	0.8482826717135958	0.7483138195628716	0.8465222227260003	0.474962851235728	-0.9676826724627894	-0.4875256502806143	0.1802640182491214	0.3121434798815717	-3.135761820147024	3.757629407704289	-0.2789460905947747	9.42390320562559	-1.375632055019928	3.431494586456497	-3.740237533383034	0.1008442922079612	2.226490449373026	1.086153903725447	0.134195394881221	0.01000013668389874	0.7870581670738588	0.01000016374535148	0.01000014503007868	0.8183558668162606	0.04841506582509398	0.4387476218925042	0.08745979900198893	0.01000044794553435	0.4426302514185374	0.0100003772487746	0.6569776713109527	0.6489733672200413	0.01000298617775508	0.01021432385362762	0.01008712121469043	0.1494678182982474	0.971543756952067	0.3575655196096255	0.009999991514045861	0.9999999877653867	0.009999990288475345	0.009999990917116956	0.6564227089160412	0.5050000138575694	1.000000009144193	0.009999990388503514	0.009999990107837829	0.2807884494801418	0.009999990165438189	0.1467191454501554	0.0976438355377485	0.009999990267540098	0.009999994230631441	0.009999990409626821	0.08503592317162177
0.1013064271524939	-0.5795635259779782	1.419716482316868	0.8476800928203746	0.7706792177933907	0.8426313114832366	0.4829709843510461	-0.9763177509496207	-0.4866989804278219	0.1852132743106481	0.3143454674496937	-2.922970343189443	3.773504014508854	-0.2202961181794764	9.111155109315352	-1.853241658819364	3.199245220469092	-3.419775110712026	0.5762785033638818	1.884117424882893	0.7163135524068821	0.1669752640754977	0.01000011443241621	0.803781615705483	0.01000013714823987	0.01000012139095503	0.7922063490911198	0.1445384449615004	0.4888571953894021	0.07729537056744555	0.01000037774895147	0.4272946701046072	0.01000031790110867	0.6147570539579548	0.6032121051288215	0.01000252683869944	0.01018147780958892	0.01007376459063571	0.1423144236975565	0.9149350229191412	0.4550099929672892	0.009999991596223175	0.9999999719346125	0.009999990262263784	0.009999990791001351	0.3128454119333573	1.000000007332982	1.000000009307133	0.009999990341486117	0.009999990116946769	0.2564905123916869	0.009999990182351461	0.1102482649492044	0.05622718996356156	0.009999990292194416	0.0099999954460901	0.009999990450834462	0.0926756435024304
0.103718484941839	-0.5863048724438249	1.428838767000903	0.8472211422087939	0.7922195173055815	0.8375873005877257	0.490343474860694	-0.9841873375418135	-0.4848320144408342	0.1893999033782446	0.3156344824866832	-2.656311611536257	3.790789455662889	-0.1601090888125551	8.73767736777471	-2.333290170076495	2.90134553404749	-3.107367644018933	0.9577077518957964	1.599120062030539	0.3691920309639419	0.2122201893559629	0.01000009560663373	0.805200908699014	0.01000011461827816	0.01000010135388515	0.7489311363556908	0.2449616224138224	0.5332312184099424	0.06829890472668484	0.01000031829553286	0.4109292913694413	0.01000026763790852	0.5728933383967847	0.5579091978547076	0.01000213779211487	0.01015365361082436	0.010062451101696	0.1371200278718149	0.8169751277487194	0.6663158536281313	0.009999991782238114	0.6477802040379985	0.009999990251666712	0.009999990716444444	0.1614227109431474	1.000000008255252	1.000000009389335	0.009999990311464054	0.009999990128459469	0.2302317534301287	0.009999990204483849	0.08400536670044539	0.03311366220987724	0.00999999032581524	0.009999995089187957	0.009999990477140041	0.104704380712491
0.1061305427311841	-0.5923275953373593	1.438005576020566	0.8469083918318019	0.8127744160702424	0.8313549801897532	0.4969074034004962	-0.9913173962885101	-0.4821466244985247	0.1929846382685957	0.316207036725331	-2.327111010559437	3.810422147917493	-0.09907163074426192	8.294092805184107	-2.838549314142288	2.528811888881866	-2.806582633514335	1.254889073091546	1.385046316467341	0.1222475217283094	0.2730120417347275	0.01000007970258785	0.7790226069492169	0.01000009554909629	0.01000008438465791	0.6969996843421268	0.3233993966989162	0.5728399617991671	0.06037227131485261	0.01000026798068597	0.3934993572025071	0.01000022510256111	0.5316856028953817	0.5136589455904048	0.01000180853884603	0.01013010214501031	0.01005287574065894	0.1339585904457363	0.7190152325782976	0.8776217142889735	0.009999991968253052	0.2955604361413843	0.009999990241069637	0.009999990641887536	0.01000000995293742	1.000000009177523	1.000000009471536	0.009999990281441992	0.009999990139972168	0.2039729944685705	0.009999990226616236	0.05776246845168638	0.01000013445619291	0.009999990359436065	0.009999994732285813	0.009999990503445622	0.1167331179225516
0.1085426005205291	-0.5974860133023017	1.447222658967771	0.8467428237035137	0.8321814061627056	0.8238674603633485	0.5024894542953612	-0.997738967103349	-0.4788172572303047	0.1961432023367871	0.3162590281986759	-1.949024071199893	3.832115780204629	-0.03879525110113533	7.796566598129511	-3.368171778210825	2.098294773733647	-2.520562336571561	1.501208198289768	1.246088022775034	-0.0781480163769678	0.3227307808451026	0.01000006628994891	0.7368172010309213	0.01000007939728379	0.01000007000344436	0.6428036653784028	0.3891708931406457	0.6084761699380458	0.05341794400919108	0.01000022536658756	0.3750252291790789	0.0100001890793931	0.4915410945981223	0.471274216931218	0.0100015296744097	0.01011015223510081	0.01004476524893395	0.1330323574545785	0.5984448884288482	0.647362061594608	0.00999999252652534	0.1813978701932838	0.00999999024310457	0.009999990602465404	0.01000000059197018	1.000000009328068	1.000000009517801	0.009999990246211593	0.009999990148090431	0.1770374409704541	0.009999990248345412	0.044220561675996	0.01000009030490236	0.009999990408675155	0.009999994048147352	0.009999990516945669	0.1354558775575919
0.1109546583098742	-0.6017248107272085	1.456492299946159	0.8467184257972421	0.8503811947856459	0.8151146696341968	0.5070233136630761	-1.003489360104201	-0.4749263599319209	0.199054550794484	0.3158348168794812	-1.564591518615606	3.854001560827517	0.0179821335892586	7.293120544191399	-3.887670863664066	1.659685509091038	-2.250063783135801	1.720491541361013	1.180063159275566	-0.272604371657681	0.3426459598884769	0.01000005502436257	0.6887402609022647	0.01000006572799777	0.01000005782628027	0.5921813362471242	0.4455068869224902	0.6406818178712883	0.04734156729304231	0.01000018930267517	0.3555183163030802	0.01000015859560907	0.4528581338808458	0.4315645853535342	0.01000129367317565	0.01009326646052148	0.01003790090627313	0.1344830978829133	0.4778745442793989	0.4171024089002424	0.009999993084797629	0.06723530424518336	0.009999990245139501	0.009999990563043272	0.009999991231002939	1.000000009478613	1.000000009564066	0.009999990210981195	0.009999990156208694	0.1501018874723378	0.009999990270074586	0.03067865490030563	0.01000004615361181	0.009999990457914247	0.009999993364008895	0.009999990530445719	0.1541786371926323
0.1133667160992193	-0.605059657938126	1.465813648243734	0.8468248524411179	0.8673939697855966	0.805144637753715	0.5105259568023691	-1.008605493168911	-0.4705203550546136	0.2018879166494929	0.3149483728305654	-1.205586071776253	3.874728849637639	0.06935168811408658	6.819199501927652	-4.373358868594837	1.250429931927323	-1.994202037597706	1.932539621805443	1.16854823055934	-0.4628573108082901	0.3450287482723949	0.01000004702052129	0.6384358445901295	0.01000005415224509	0.01000004750854242	0.5448185294190009	0.4948560402978255	0.669919628944213	0.04205135068620407	0.01000015875779956	0.3349853749118492	0.01000013277901991	0.416519930395595	0.3945879122981854	0.0100010937942995	0.01007896338167192	0.01003208677188212	0.1355346701228515	0.4060873287638388	0.3196229231172148	0.01000001210937209	0.03861764898689734	0.009999990266565168	0.009999990550177792	0.009999990925280703	1.000000009549918	1.000000009590527	0.009999990187672754	0.009999990154640644	0.122506948445036	0.009999990281540718	0.04037362889634514	0.01492142986237171	0.009999990529227121	0.009999993526818803	0.009999990592712549	0.1326085705638865
0.1157787738885644	-0.6075649653033944	1.475183335339217	0.8470485882306037	0.8833061643232333	0.7940450462795196	0.5130836928553786	-1.013119917827895	-0.46560494040149	0.2046882718919325	0.3135997637514498	-0.8767640135588565	3.894082522503527	0.1152510681297513	6.380554960418347	-4.824265002248487	0.8761992340460428	-1.751146710433048	2.142877587057373	1.152691831179623	-0.6558166083141144	0.3379298645656251	0.01000004317041348	0.58921286822635	0.01000004435874931	0.01000003877445966	0.5004694660215242	0.5385423058666737	0.6965342248752618	0.03746197255255346	0.0100001329068237	0.3134232617825585	0.0100001109316904	0.3834102206730565	0.3604329910346246	0.01000092464365437	0.01006685757189152	0.01002716602318114	0.1338503777258768	0.3343001132482787	0.2221434373341873	0.01000003113394655	0.00999999372861133	0.009999990287990836	0.009999990537312316	0.009999990619558469	1.000000009621224	1.000000009616987	0.009999990164364314	0.009999990153072593	0.09491200941773427	0.00999999029300685	0.05006860289238465	0.0198428135711316	0.009999990600539996	0.009999993689628709	0.009999990654979383	0.1110385039351408
0.1181908316779095	-0.6093142314454238	1.484598093801449	0.8473765051153948	0.8982038843970662	0.7818953745999424	0.5147821262695789	-1.017062291448023	-0.4601734553970985	0.2074010151090083	0.3117864004936676	-0.5790083014566497	3.912071387755774	0.1558338945151834	5.978326457597041	-5.243426183993429	0.5382988444856937	-1.51916083903631	2.359566943279485	1.085236164499837	-0.8490118371660363	0.3252051900399022	0.01037226208588439	0.5420397854715853	0.01000003606614653	0.0100000313746671	0.458916212224987	0.5776213234446798	0.7208290344969663	0.03349196435888677	0.0100001110118095	0.2911970037937298	0.01000009242976787	0.352024953459199	0.3285196394847044	0.01000078138410514	0.01005660367546579	0.01002299817272699	0.1297668946656369	0.5312641179102049	0.186595247007675	0.01473217365099592	0.009999993235504328	0.009999990296668131	0.00999999052133076	0.00999999055944051	1.000000009641689	1.000000009623741	0.009999990149484606	0.009999990157146003	0.07427915732837213	0.009999990311320456	0.03003440137618308	0.01492142272467083	0.009999990628347576	0.009999994247377915	0.00999999078756743	0.08958138143954766
0.1206028894672546	-0.6103839176064172	1.494054374705045	0.8477964266011023	0.9121760942103235	0.7687811331649217	0.5157104772569241	-1.020455372414021	-0.4542277439680327	0.2098686270192954	0.3094980192053168	-0.3132783590790807	3.928511582658675	0.1915382958428566	5.613151903440382	-5.624054924118896	0.2376718900853041	-1.295691077027143	2.56925744159135	0.9494369109438826	-1.049686135542637	0.3101461978999697	0.01141273000886467	0.4978664323277416	0.0100000290492864	0.01000002510962036	0.4199874711147735	0.6127784110390256	0.7430432703341522	0.03006814830513246	0.01000009248225092	0.2686454913615355	0.01000007677403874	0.3209084646698773	0.2982946436947584	0.01000066014490914	0.01004792524585204	0.01001947078625099	0.1235339267305796	0.7282281225721312	0.1510470566811626	0.01946431616804529	0.009999992742397325	0.009999990305345428	0.009999990505349204	0.009999990499322554	1.000000009662155	1.000000009630495	0.009999990134604893	0.009999990161219415	0.05364630523901	0.00999999032963406	0.01000019985998151	0.01000003187821007	0.009999990656155155	0.009999994805127119	0.009999990920155478	0.06812425894395459
0.1230149472565997	-0.6108652481351872	1.503547044303044	0.8482971382076687	0.9253274541204298	0.7548397248291921	0.5159732496274149	-1.023314511769902	-0.4478475930871945	0.2119125905784738	0.3067113792141156	-0.0928006038931275	3.942036745168502	0.2231491285654585	5.298795267643957	-5.920484587559821	-0.01197546147447758	-1.074447399085767	2.707024552823389	0.7458747457319144	-1.264088104934561	0.2959029547681167	0.01276410844557738	0.4564772611543734	0.01000002310529929	0.01000001980029144	0.3835309624071328	0.644588661980504	0.7633921719196726	0.02712171854899411	0.01000007679008925	0.2456933387089263	0.01000006351919456	0.2909710943699576	0.2699235255908285	0.01000055746143764	0.01004057450430246	0.01001648313014122	0.1181838255408214	0.6921385623827523	0.1764538939307788	0.0210183557834106	0.009999993042235823	0.009999990286222964	0.009999990482696938	0.009999990515027113	1.000000009662996	1.000000009629155	0.009999990123573081	0.009999990182459156	0.03182321179167414	0.0099999903786785	0.01000010062081104	0.0100000149923068	0.009999990675057299	0.009999994345993191	0.009999990974205319	0.09144112937817531
0.1254270050459448	-0.6108652481817424	1.51306897198829	0.8488705774266951	0.9377731497107012	0.7402934716685038	0.5156904024220162	-1.025635895373177	-0.4412359540073952	0.2134693381369232	0.3033845576912118	0.08582524809069053	3.952771438600821	0.2518416706468707	5.028037962180633	-6.125572613811663	-0.214738146108279	-0.8498014677637019	2.761199939804753	0.5454532229234592	-1.497587122068642	0.2853757458072811	0.01414213293254575	0.4177028229297834	0.01000001807184681	0.01000001530342028	0.3494258510073944	0.673466561815781	0.782052195142425	0.02459257726318504	0.01000006351276628	0.2222630893871666	0.0100000523088948	0.2631166615246691	0.243580216809925	0.01000047056125014	0.01003435312977229	0.01001395458873373	0.1163445862419133	0.6560490021933735	0.2018607311803949	0.02257239539877591	0.009999993342074322	0.009999990267100502	0.009999990460044673	0.009999990530731672	1.000000009663838	1.000000009627815	0.00999999011254127	0.009999990203698895	0.01000011834433828	0.009999990427722941	0.01000000138164057	0.009999998106403533	0.009999990693959441	0.009999993886859262	0.00999999102825516	0.114757999812396
0.1278390628352899	-0.6104666714608425	1.522614853034876	0.8495105992946396	0.949595222263701	0.7253291853724991	0.5149551074469069	-1.027409979415268	-0.4345635395051643	0.2146102370873518	0.299470593802601	0.2426081280195949	3.962274339051329	0.2785964635658585	4.77578258804994	-6.276138380336121	-0.3925402289281851	-0.6205685555610873	2.764182193764152	0.4086709337069237	-1.749931396332485	0.2775901236289312	0.01558022347919116	0.3813924607735937	0.01000001380643849	0.01000001149161967	0.3175638299596518	0.6997726631586622	0.7991845661460913	0.02242490376574871	0.01000005227128308	0.1995281068509985	0.01000004282406701	0.2372714781035057	0.2191953179289831	0.01000039696204386	0.01002908355265607	0.01001181294780313	0.1160921734314196	0.5966196278369204	0.2127876598159837	0.02461316969434831	0.009999993536887065	0.009999990257423146	0.009999990442706773	0.009999990531305172	1.000000009666316	1.000000009626174	0.009999990103364349	0.00999999023602084	0.01000006093583051	0.00999999050916711	0.009999998877271198	0.009999996380699013	0.00999999071926831	0.009999993672709243	0.009999991036548103	0.113889215708921
0.130251120624635	-0.6097047848491902	1.532183012810024	0.8502133663617606	0.960818550129201	0.7100465127086458	0.5138083418192042	-1.028626488577302	-0.427935795604277	0.2154800233610669	0.2949321372582642	0.3870700129194691	3.971244236938874	0.3038679524829469	4.53157830839901	-6.389568252104435	-0.5559162508872035	-0.3874784815395248	2.724160527614087	0.320655394354717	-2.015396155073417	0.271625960625681	0.01710481110988973	0.3474265678903305	0.01000001019505196	0.01000000826295304	0.2878564106643439	0.7237849884840981	0.8149251088187048	0.02057100898307812	0.01000004276236073	0.1786283947202151	0.01000003480938607	0.213368384375896	0.1967030806956739	0.01000033467745001	0.0100246236563221	0.01001000041688266	0.1157628751616445	0.5371902534804672	0.2237145884515725	0.0266539439899207	0.009999993731699807	0.009999990247745789	0.009999990425368874	0.009999990531878675	1.000000009668794	1.000000009624532	0.009999990094187425	0.009999990268342787	0.01000000352732275	0.009999990590611279	0.00999999637290183	0.009999994654994494	0.009999990744577178	0.009999993458559222	0.009999991044841042	0.113020431605446
0.1326631784139801	-0.6086031884817817	1.541772635689045	0.8509755988891315	0.9714560494192647	0.6945222495497544	0.5122781865060744	-1.02927684331797	-0.4214426126597957	0.2161793473512556	0.2897413589176403	0.5258414416138433	3.980193395974749	0.3279689176723662	4.288435423787535	-6.480022805262845	-0.7121353703654565	-0.1514707875745724	2.656171506751819	0.2636072644845233	-2.290197842545827	0.2661262763040415	0.01863916574451968	0.3156978921701026	0.01000000713527194	0.01000000552625636	0.2602224287588194	0.7457515700006846	0.8293992754302806	0.01898701421507209	0.01000003471470034	0.1595826652751066	0.01000002803890978	0.1913414925650654	0.176037767282742	0.01000028192937137	0.01002084610066511	0.01000846522932333	0.1156096865122155	0.4809830387232705	0.2111713107943773	0.02788528696851442	0.009999993648800909	0.00999999024400397	0.00999999041523944	0.009999990525342735	1.000000009670567	1.000000009621188	0.009999990086750732	0.009999990316490855	0.01147810784040614	0.009999990739719144	0.009999995417305028	0.009999993974815442	0.009999990792299853	0.009999993157268905	0.009999991038276888	0.1159814367758053
0.1350752362033252	-0.6071704600586354	1.551384088419584	0.8517946503058532	0.981505226754749	0.6787987916678575	0.5103763121567387	-1.029355735765941	-0.4151395054512972	0.2167729499061215	0.2838763884508218	0.6616339617605084	3.989344841007903	0.3509803306371399	4.043760846331357	-6.554734048616802	-0.8641336060830918	0.08635949632486586	2.566555899049723	0.2329946129341446	-2.574414375260953	0.2598767160590336	0.0201225929575249	0.2861186835215047	0.01000000454514464	0.01000000320857923	0.234590983105471	0.7658726574925858	0.8427147835221112	0.01763606675017263	0.01000002791120568	0.1424007393628195	0.01000002233183684	0.1711243617004193	0.15713099214426	0.01000023729495389	0.01001764897468885	0.01000716595891591	0.1158445523853882	0.4247758239660737	0.198628033137182	0.02911662994710813	0.009999993565902011	0.009999990240262152	0.009999990405110007	0.009999990518806795	1.00000000967234	1.000000009617844	0.009999990079314037	0.00999999036463892	0.01295621215348953	0.009999990888827007	0.009999994461708225	0.009999993294636394	0.009999990840022527	0.009999992855978586	0.009999991031712735	0.1189424419461646
0.1374872939926703	-0.6054123268467586	1.561017994281942	0.8526679238691296	0.9909611020756989	0.6629090232958977	0.5081113600276272	-1.028859617247822	-0.4090710607032599	0.2173217912165101	0.2773189371595391	0.795791306784899	3.998828202696433	0.3729167462512998	3.796547026318487	-6.61913664651122	-1.01331584487745	0.3248798444718313	2.463674464501479	0.2248584460925706	-2.864034057699433	0.2521366087143103	0.02150611746312055	0.2586083720418267	0.01000000235123775	0.01000000124454758	0.2108941324833721	0.7843301159062812	0.8549718873037838	0.01648449991760561	0.01000002215789933	0.1276641334391689	0.01000001753444764	0.1526488041397023	0.1399118199652236	0.01000019949651725	0.01001494099318686	0.01000606549705692	0.1163435452277439	0.3759221907837184	0.1706565146137527	0.02959963992301563	0.009999993250535112	0.009999990242207326	0.009999990401853795	0.009999990506254983	1.000000009673129	1.000000009611792	0.009999990073320492	0.009999990434888906	0.02523868871678742	0.009999991210350258	0.009999994033254082	0.009999992973119244	0.009999990870598129	0.00999999258448964	0.009999991022821699	0.1207307035043856
0.1398993517820153	-0.6033332157229288	1.57067514442469	0.8535927127038789	0.9998192584760194	0.6468741100897656	0.5054907347751957	-1.027789085808988	-0.4032618214172168	0.2178710638721643	0.2700540584909582	0.9277784242778448	4.008618243571057	0.393695121054314	3.54815172513225	-6.675083432295565	-1.159046211321003	0.562644039136267	2.351631146301805	0.2333522704227534	-3.160990186523243	0.2422360834318995	0.02275074744825072	0.2330963863791344	0.01000000049478998	0.009999999581848414	0.1890662967091121	0.8012755283319916	0.8662578232472794	0.01550440032136581	0.01000001729955853	0.115891973813575	0.01000001352373418	0.1358413167579817	0.1243029574936567	0.01000016751164732	0.01001264910256261	0.01000513414803045	0.1170025767057058	0.3270685576013629	0.1426849960903234	0.03008264989892314	0.009999992935168211	0.009999990244152495	0.009999990398597584	0.009999990493703171	1.000000009673919	1.000000009605741	0.009999990067326946	0.009999990505138891	0.0375211652800853	0.009999991531873507	0.009999993604799936	0.009999992651602096	0.009999990901173728	0.009999992313000692	0.009999991013930662	0.1225189650626067
0.1423114095713604	-0.600939138686314	1.580356234551213	0.8545661397176394	1.008078350094215	0.6307133926248761	0.5025236631376137	-1.026147162020294	-0.3977297003538675	0.2184561765453659	0.2620675338598797	1.055999717621261	4.018622856403733	0.4131783080623108	3.30105727629276	-6.7229081304027	-1.299489908549458	0.7984466936836864	2.234943294277436	0.2528834409058016	-3.462375531789088	0.2284358158342551	0.02485729386392189	0.2095149948830321	0.009999998923205347	0.009999998173659829	0.1690413528759755	0.8168483076175789	0.8766542206886127	0.01467040330133643	0.01000001319745048	0.1052334964001807	0.01000001026283869	0.1206249786613403	0.1102234749424757	0.0100001404097179	0.01001070786265744	0.01000434531088636	0.1177836693501796	0.2891749375132739	0.0788800249006078	0.04340383952123147	0.009999992585481001	0.009999990252310869	0.009999990402712869	0.009999990478860611	1.000000009673129	1.000000009595467	0.009999990062515762	0.009999990601470821	0.02376058320559082	0.009999992958138582	0.009999993365135655	0.00999999247714271	0.009999990726880584	0.009999992099224298	0.009999991006795952	0.124035750236631
0.1447234673607055	-0.5982452841415179	1.59006142388935	0.8555846752409705	1.015748949681428	0.6144514342825719	0.4992298694166997	-1.023938922821801	-0.3924825156955808	0.2190962093961606	0.2533453755280195	1.176344200359542	4.028600527346318	0.4310976325282384	3.06019324123336	-6.759029080581633	-1.429953554233993	1.032214388819782	2.115371131039069	0.2788902984382579	-3.77095376536571	0.2090802503683454	0.02861269093564453	0.187798615107927	0.009999997594396032	0.009999996982514471	0.1507496517568339	0.8311672673020318	0.8862327761805657	0.01396168008554506	0.01000000974055973	0.09398039814788273	0.01000000772226724	0.1069157557919579	0.09758546317697807	0.01000011744603173	0.01000906490437919	0.01000367769874174	0.1186550885876957	0.2512813174251851	0.01507505371089221	0.05672502914353979	0.009999992235793793	0.009999990260469244	0.009999990406828155	0.009999990464018052	1.000000009672338	1.000000009585194	0.009999990057704579	0.009999990697802753	0.01000000113109635	0.00999999438440366	0.009999993125471372	0.009999992302683322	0.009999990552587436	0.009999991885447904	0.009999990999661243	0.1255525354106554
0.1471355251500506	-0.5952741695388143	1.59979044449622	0.8566443186240904	1.022850192507855	0.598119668511626	0.4956374491310057	-1.021169098550398	-0.387525692635009	0.2198032805680324	0.2438727790000527	1.285767771367605	4.038364057999099	0.447250555307151	2.829199100823863	-6.780861864366799	-1.546980050460895	1.26406985211248	1.994612616654186	0.3071415198243048	-4.08434045511815	0.1878114353927862	0.03421285779024831	0.1678810319745112	0.009999996470822827	0.009999995974955911	0.1341186822078435	0.8443426575048406	0.8950608319343381	0.01335937798537982	0.01000000682872683	0.08308832165045493	0.01065543890543194	0.09462611009338909	0.08629786231512934	0.01000009798485073	0.01000767331406183	0.01000311224348178	0.1194755265889688	0.2283559535599796	0.0125375250018626	0.07645965550578354	0.009999991955697628	0.009999990276904807	0.00999999041966488	0.009999990449973956	1.000000009669436	1.000000009568553	0.009999990053847774	0.009999990811142037	0.009999998644807663	0.01833236682748016	0.009999993012887381	0.00999999220807429	0.009999990571996454	0.009999991714037192	0.009999991000543938	0.1250192250314086
0.1495475829393957	-0.5920495374966118	1.609542845955391	0.857740943256377	1.029403471179557	0.5817488371682251	0.4917756682189893	-1.017842660261505	-0.3828605295150042	0.2205766961234093	0.2336375839974456	1.386552629542874	4.047987170903229	0.4617612835651147	2.605839156396995	-6.791420984811905	-1.653298639507042	1.493740659002318	1.873536178447652	0.3339009070547008	-4.403275659151953	0.1680321452239222	0.04178691694050865	0.1496923642017559	0.009999995522446469	0.009999995124211965	0.1190692307067722	0.8564699120301377	0.9031979250016153	0.0128481251637146	0.01000000438180317	0.07342109325175615	0.01248515354022119	0.08366263461439731	0.07626485218625711	0.0100000815174504	0.01000649554926089	0.0100026336863332	0.1201272367684026	0.2054305896947741	0.009999996292832979	0.09619428186802731	0.009999991675601465	0.009999990293340368	0.009999990432501606	0.009999990435929858	1.000000009666534	1.000000009551911	0.00999999004999097	0.009999990924481322	0.009999996158518978	0.02666473927055666	0.00999999290030339	0.009999992113465257	0.00999999059140547	0.009999991542626482	0.009999991001426631	0.1244859146521617
0.1519596407287408	-0.5885895617633236	1.619318388927409	0.8588707399334715	1.035424515346698	0.5653627441058527	0.4876671981000303	-1.013965201335118	-0.3784865578925905	0.2214096199012918	0.2226292114315566	1.481704033970709	4.057575618880711	0.4748012924235498	2.387165389895488	-6.794560705183351	-1.752484278372639	1.720767854445033	1.753598963278757	0.3547354813548383	-4.725180064489748	0.1498304218337063	0.05033903480203617	0.1331598207268769	0.009999994722761462	0.009999994406542144	0.1055184227595161	0.8676381423477406	0.9107001255967611	0.01241404809924195	0.01000000232549589	0.06488099876441031	0.01477920156450506	0.07392973088533997	0.06738915481050119	0.01000006757398189	0.01000549797856881	0.01000222835890107	0.1204422328700087	0.197152660312064	0.009999994517762538	0.1073656386032037	0.009999991475862027	0.00999999032317884	0.009999990457131014	0.009999990424903234	1.00000000966086	1.000000009525294	0.009999990046899075	0.009999991023079829	0.009999995038944477	0.02839740183360765	0.009999992684758034	0.009999992067548065	0.009999990624712254	0.009999991401446426	0.00999999101344594	0.1209396125774675
0.1543716985180859	-0.5849047272623403	1.629117059550324	0.8600303389728063	1.040922087273541	0.5489751173469771	0.4833254715543379	-1.00954415235556	-0.3743991327839138	0.222278347503177	0.2108395340339767	1.572998218606573	4.067163868078381	0.4864724346592811	2.171792971757466	-6.792692676153663	-1.846707294775441	1.944467880856784	1.635941113351989	0.363588275376298	-5.05110825681374	0.1332845860762402	0.05910891705956721	0.1182038600402538	0.009999994050557844	0.009999993802949065	0.09337661613886059	0.8779253300793612	0.9176172344732314	0.01204589340570921	0.01000000060035509	0.05737017976822882	0.01697602487648547	0.06532940426199989	0.05957268378695067	0.01000005577846711	0.01000465368894145	0.01000188532345569	0.120279507252151	0.188874730929354	0.009999992742692096	0.11853699533838	0.009999991276122585	0.00999999035301731	0.009999990481760422	0.00999999041387661	1.000000009655186	1.000000009498677	0.00999999004380718	0.009999991121678339	0.009999993919369978	0.03013006439665863	0.009999992469212677	0.009999992021630873	0.009999990658019041	0.009999991260266372	0.009999991025465248	0.1173933105027733
0.156783756307431	-0.5810030281198755	1.638938880424555	0.8612165114273258	1.045903164059179	0.5325961873069549	0.4787608539376378	-1.0045881210804	-0.3705916840824615	0.2231502796488393	0.1982608491764287	1.662023246963288	4.076781362607698	0.4968619990084054	1.958494840537782	-6.788099212714775	-1.937909149593294	2.164137600971931	1.521905010337214	0.3577911361222542	-5.379224984296841	0.1183168681645263	0.06739238167373698	0.1047412806196627	0.009999993487768262	0.00999999329696487	0.08255125105432294	0.8874046120554695	0.9239962406427967	0.01173352580180555	0.009999999150535075	0.05079182731222902	0.0189589943994067	0.05776355933863558	0.05271807412370775	0.01000004579312233	0.01000393857221933	0.01000159478078473	0.1199111769572337	0.1941151797271859	0.009999992163903621	0.1202075756603939	0.009999991139427808	0.009999990408110284	0.00999999052517099	0.009999990407993615	1.000000009645719	1.000000009454823	0.009999990041328954	0.009999991172587723	0.009999993391450974	0.03013470007051466	0.009999992902648287	0.00999999200543044	0.009999990692648479	0.009999991154118345	0.009999991031651825	0.117206765776388
0.1591958140967761	-0.5768876141449265	1.64878397359502	0.8624262878251231	1.050370771381778	0.5162289526232747	0.4739778171538529	-0.9991078398293426	-0.3670532672396735	0.2239966623713693	0.1848871373367715	1.75020361843411	4.086460500469534	0.5060440580110478	1.746040765232167	-6.782995266420346	-2.027813376105354	2.379158938602786	1.412868631546051	0.3424035232984722	-5.710318816047554	0.1048423777873856	0.07464997156548023	0.09268215796653685	0.009999993019935033	0.009999992875411806	0.07294563237952933	0.8961404819008478	0.9298790151050997	0.01146875516155966	0.009999997931347543	0.04505309329054795	0.02063581063108824	0.05113597497262917	0.04673134226270358	0.01000003734764945	0.01000333333637073	0.01000134888938605	0.1195651256094718	0.1993556285250178	0.009999991585115145	0.1218781559824078	0.009999991002733029	0.009999990463203256	0.009999990568581557	0.009999990402110619	1.000000009636252	1.000000009410969	0.009999990038850727	0.009999991223497104	0.009999992863531969	0.0301393357443707	0.009999993336083896	0.009999991989230008	0.00999999072727792	0.009999991047970317	0.009999991037838402	0.1170202210500027
0.1616078718861212	-0.57255909582104	1.658652535538051	0.8636568311702533	1.054325561076344	0.4998724454683308	0.4689777953280739	-0.9931149302718352	-0.3637704241924445	0.2247996178823442	0.170712722455249	1.840461971199104	4.096330208831243	0.5141939489856554	1.531172304558787	-6.781628297269325	-2.119826750381884	2.589408192422763	1.311014299471891	0.3246706217695811	-6.042970912699061	0.09277278044242729	0.07942777134637863	0.08193369312306371	0.009999992637456762	0.009999992527649541	0.06446198638014863	0.9041936142277623	0.9353051173232926	0.01124421627509857	0.009999996903585395	0.04006402587521911	0.02605715397967866	0.04535242612500281	0.04152115918436631	0.01000003020071021	0.01000282070101933	0.01000114062475018	0.119425482594356	0.2169604850019779	0.00999999132964797	0.09938055180298731	0.009999990913258528	0.009999990586136797	0.009999990645573208	0.009999990403310406	1.000000009621206	1.000000009334588	0.009999990036872955	0.009999991237192427	0.009999992548940094	0.08239446269323117	0.009999996106711942	0.009999991984676524	0.009999990773275621	0.009999990992676733	0.009999991035614587	0.1197940465836767
0.1640199296754663	-0.5680013003644079	1.668545624336678	0.8649063915478968	1.057747819396262	0.4835023106726439	0.4637429198573402	-0.986618931558172	-0.3607198288405699	0.225569131707256	0.1557335786600321	1.94031277233445	4.106797372749128	0.5218123638928036	1.30448304053745	-6.794294863638345	-2.222546392861401	2.796304131705421	1.220296383583924	0.3146747630582704	-6.377573901932621	0.08201408660661998	0.08053982745604601	0.07239906244494222	0.009999992332650313	0.009999992245163571	0.05700250875357904	0.9116178016465876	0.9403098791928173	0.0110539737402146	0.009999996035874703	0.03574164752035591	0.03826120724234367	0.04032424926142572	0.03700280308630748	0.01000002415918322	0.01000238683800707	0.01000096436575562	0.1196466087074125	0.2345653414789381	0.009999991074180797	0.0768829476235669	0.009999990823784024	0.009999990709070339	0.009999990722564857	0.009999990404510193	1.000000009606159	1.000000009258208	0.009999990034895181	0.009999991250887751	0.009999992234348217	0.1346495896420917	0.009999998877339988	0.009999991980123038	0.009999990819273321	0.009999990937383151	0.009999991033390769	0.1225678721173507
0.1664319874648113	-0.5631845562308239	1.678465031678958	0.8661741289016954	1.060600848587659	0.4670757771842996	0.4582398864053526	-0.979626607961725	-0.3578712628054003	0.2263302615659397	0.1399462669916878	2.057088700219119	4.118241489585731	0.5293989925967557	1.056873673084826	-6.831034689164952	-2.344390097617419	3.001292358046022	1.144523967988162	0.3174646078531432	-6.713044301932024	0.07247026518250782	0.07885871873774784	0.06398042898390909	0.009999992106462113	0.009999992024540924	0.05047050001270481	0.9184637621449496	0.9449267135023321	0.01089269581135443	0.009999995303231776	0.03200700232114827	0.05532423772157838	0.03596630684336774	0.03309545252537335	0.01000001905029285	0.01000201935824175	0.01000081507866693	0.1199009326992497	0.2613318453735056	0.009999990938874038	0.05919128236587751	0.009999990768137793	0.009999990999380415	0.009999990886716581	0.009999990422893438	1.000000009582069	1.000000009093191	0.009999990033338105	0.009999991267043372	0.009999992031633726	0.1801363164572035	0.009999997371569893	0.009999991964747542	0.009999990879425661	0.009999990907650112	0.009999991042851153	0.1208736041623233
0.1688440452541564	-0.5580607165352446	1.688413406005399	0.8674604891415683	1.062825641090739	0.4505245792029817	0.45241401540224	-0.9721413691781395	-0.3551846103782699	0.227105611620066	0.1233476685240738	2.194946441023435	4.13081585546485	0.537253856344851	0.7835695772763862	-6.897662613386557	-2.490232807798124	3.205013400045375	1.086042877093154	0.3264656873930314	-7.050266573603597	0.06404322397369806	0.07503641216760765	0.05658005675449457	0.009999991959649507	0.009999991863050504	0.04477331793388133	0.9247766316862783	0.9491855110867633	0.01075609429004204	0.009999994685664411	0.02878961662891023	0.07571348489326422	0.03220133511206449	0.02972663262656237	0.01000001473578222	0.0100017083477297	0.01000068873541835	0.1199139701603498	0.2880983492680731	0.009999990803567281	0.04149961710818811	0.009999990712491563	0.00999999128969049	0.009999991050868302	0.009999990441276686	1.000000009557978	1.000000008928174	0.009999990031781029	0.00999999128319899	0.009999991828919235	0.2256230432723154	0.009999995865799799	0.009999991949372049	0.009999990939578002	0.009999990877917073	0.009999991052311539	0.1191793362072958
0.1712561030435015	-0.5525775546219723	1.698393455840395	0.8687662429372776	1.064358724089486	0.4337748650535788	0.4462056939813058	-0.964165830234751	-0.3526178300423333	0.2279027684110239	0.1059338824407775	2.348769458037106	4.144091066583773	0.5450814524321028	0.4903403037745123	-6.986129524489318	-2.654494033359318	3.408323154372003	1.040183093834438	0.3309104325288389	-7.389595601283956	0.05663494832353474	0.07026376695666649	0.05010137826237605	0.02138539603384937	0.00999999176861638	0.0398212561764457	0.9305990321530591	0.9531145581206873	0.0106403201436808	0.009999994167860137	0.02602341184650582	0.1009349968727688	0.02895635398307499	0.02682824899457673	0.01000001109225023	0.01000144492422365	0.01000058172792838	0.1195120817236135	0.3200982992843583	0.009999990725448316	0.03744578211045341	0.009999990680786386	0.1548649346679225	0.009999991434031064	0.009999990460519376	1.000000009517324	1.000000008553872	0.009999990030600123	0.009999991334823098	0.009999991691103173	0.3056587948957926	0.009999995261260396	0.009999991897008282	0.009999991019567785	0.00999999085564687	0.009999991075954087	0.1142471150560379
0.1736681608328466	-0.5467432182012645	1.7084038883341	0.8700883205095017	1.065204255897074	0.4168445215831336	0.4396229581635745	-0.9556978802261934	-0.3501766084241924	0.2286845930101223	0.08769498552486972	2.486128940038842	4.156008169549389	0.5507890018020685	0.2134744541853309	-7.047434581404961	-2.800685068478566	3.613304666816946	0.9819336651577303	0.3137527317357754	-7.734421684858731	0.05014963165398582	0.06554451114673251	0.04445199388105683	0.0518492532102078	0.009999991747579472	0.03553164177537282	0.9359689960926363	0.9567391885844281	0.01054228209895315	0.009999993737565768	0.02365096335918164	0.1319938281593067	0.02616708888787999	0.0243409051128511	0.01000000802095	0.0100012219799991	0.01000049116896341	0.118548555689358	0.3520982493006435	0.00999999064732935	0.0333919471127187	0.009999990649081209	0.2997298780461545	0.009999991817193823	0.009999990479762064	1.000000009476669	1.000000008179571	0.009999990029419216	0.009999991386447206	0.009999991553287112	0.3856945465192699	0.009999994656720992	0.009999991844644514	0.009999991099557567	0.009999990833376667	0.009999991099596631	0.10931489390478
0.1760802186221917	-0.5406295277328169	1.718439423840006	0.8714195173390945	1.065437428173537	0.3998475877901186	0.4327455801404108	-0.9467313031793554	-0.3479154888170092	0.2293864701819982	0.06861795486129606	2.565281074284695	4.164012016459812	0.5516398967545613	-0.001297866910554223	-7.018285373809917	-2.881697911052849	3.823841259243127	0.8788846231085491	0.262627032545644	-8.084807640388465	0.04449361280012887	0.06050411865673162	0.03954248503329207	0.1099199884396542	0.01299949498425246	0.03182584234438661	0.9409224769156037	0.9537941883813376	0.01045920704258762	0.00999999339276042	0.02161904935188893	0.1812188930926046	0.02377362492753113	0.022209463649589	0.01000000543399585	0.01000103314734158	0.01000041447018392	0.1173039868073425	0.3885531726399435	0.009999990597356742	0.02407569999622864	0.009999990637647668	0.6498649431246318	0.04812516389671409	0.009999990786189874	1.000000009404574	0.8393219492276189	0.009999990028632501	0.009999991587397625	0.009999991458178013	0.6928472753822152	0.009999994129800455	0.009999991748561553	0.009999991206632338	0.009999990809446585	0.009999991111962162	0.1077291696013845
0.1784922764115368	-0.5344541819364286	1.728486160543279	0.8727429522348166	1.065288870111343	0.3831205781862581	0.4258183542147984	-0.9372398847014966	-0.3460044433571793	0.2299245500818188	0.04868727105965556	2.537251536033927	4.165295838706002	0.5443530582646362	-0.1030439479397475	-6.823622208130248	-2.842017330639716	4.048486139946863	0.6916635489940889	0.1779373522048013	-8.442243149035681	0.03957903472819594	0.0548207116524508	0.03529053358589525	0.1984513118567503	0.02128569830049657	0.02863372770793492	0.9454916175898394	0.9386572851440227	0.0103888700902263	0.009999993131826965	0.01988237942448221	0.2561735881581959	0.02172444197153674	0.02038686862913284	0.01000000326106075	0.01000087333071029	0.01000034956036899	0.1160144209702919	0.4250080959792436	0.009999990547384137	0.01475945287973858	0.009999990626214124	1.000000008203109	0.08625033597623435	0.009999991092617682	1.000000009332479	0.6786438902756674	0.009999990027845785	0.009999991788348045	0.009999991363068911	1.00000000424516	0.009999993602879918	0.00999999165247859	0.009999991313707109	0.009999990785516501	0.00999999112432769	0.106143445297989
0.1809043342008819	-0.5285132404495488	1.73852588266565	0.874036448248934	1.065069770301261	0.367117715061381	0.4191751877287542	-0.9271825842929193	-0.3446690263195745	0.2302210106120302	0.02788081384722379	2.361034249306977	4.157893345390917	0.526134215466873	-0.04969136220148419	-6.408397791835884	-2.634432469053215	4.2943641161227	0.4061007438834311	0.06594364684857792	-8.813729900518734	0.03532165678303167	0.04906062019653147	0.03161788319181472	0.2865843462546162	0.06504247484326718	0.02588956431028775	0.9497068274990503	0.9055162698116972	0.01032927616125021	0.009999992974427978	0.0183993509084243	0.3330801343483744	0.01997200585043002	0.01882984300389589	0.01000000144045533	0.0100007379649579	0.01000029458347847	0.1150911253673111	0.4419247571498652	0.009999990511538243	0.0123797241025117	0.009999990627403126	1.000000008623334	0.543125151189589	0.009999997526924364	1.000000009175906	0.3443219437183184	0.009999990027576901	0.009999992407032218	0.009999991299449913	1.00000000572409	0.009999993251468643	0.009999991567260917	0.009999991464501199	0.00999999075179296	0.009999991116837425	0.110943038125438
0.183316391990227	-0.5231981490141038	1.748537456723214	0.8752712547776603	1.065188739688078	0.3523843852443484	0.4132631866493934	-0.9165057036116675	-0.3440912927555133	0.2302333378619299	0.006149839776109644	2.018316994581757	4.141956377328756	0.4956896426114656	0.177272053105451	-5.770966410700888	-2.235758716179232	4.562221984429173	0.06341701452823298	-0.05765673809168961	-9.208822509419399	0.03164523129878526	0.04371053442165355	0.02845480166181837	0.3579298942788124	0.1588727906740753	0.02353626283779181	0.9535953297706522	0.849187219098008	0.01027882577254166	0.009999992936297657	0.01713512707190856	0.3972231708593994	0.01847619501841568	0.01750206837134375	0.009999999922815092	0.01000062339699104	0.01000024805428737	0.1148803126390105	0.4588414183204868	0.009999990475692349	0.009999995325284826	0.009999990628592127	1.000000009043558	0.9999999664029438	0.01000000396123105	1.000000009019333	0.009999997160969344	0.009999990027308019	0.009999993025716393	0.009999991235830914	1.00000000720302	0.009999992900057372	0.009999991482043244	0.009999991615295288	0.009999990718069417	0.009999991109347158	0.1157426309528869
0.1857284497795721	-0.518914893263952	1.758500980701135	0.8764175109190292	1.066068139739996	0.3394449343121515	0.4085500631915172	-0.9051568368441301	-0.3443784208906383	0.2299508180335304	-0.01656673070604782	1.52225686779245	4.119041977707581	0.4537736505398404	0.5626512712654597	-4.945428150681421	-1.659408344455366	4.84750812929902	-0.3008689786121399	-0.1680021980227603	-9.630495293055951	0.02847782258327639	0.03889942721703436	0.02573595380137137	0.4186282801890773	0.2558318443873681	0.02202997342155024	0.9571828935089943	0.7844015502807229	0.01023608506858419	0.0166805202416476	0.01605792243169675	0.4525868578048894	0.01720028068491329	0.01637037717803816	0.009999998668485071	0.01000052635480457	0.01000020863349262	0.1153633798551546	0.4613950478955824	0.009999990447081416	0.009999993826865949	0.009999990629516075	1.000000009174712	0.9999999872741434	0.01665804927723291	1.000000008591728	0.009999994599931627	0.009999990027837085	0.09492750582997808	0.009999991197098396	1.000000007479376	0.00999999271843892	0.009999991438863966	0.009999991867846439	0.009999990679356523	0.009999990969310896	0.121646329167442
0.1881405075689172	-0.5159074914170405	1.768406106245533	0.8774556074128388	1.067954909879621	0.3285877460371835	0.4053197667361921	-0.8931226055645348	-0.3455397026610082	0.2294643503656104	-0.04032554717181053	0.9604203646783205	4.093534292433998	0.4060071747724218	1.012550620773218	-4.044421825884598	-1.006246712693021	5.130503984209847	-0.6614027962625066	-0.2267636644859732	-10.07301903755334	0.02575621159694137	0.03473451872666459	0.02340463679639591	0.4711961757764169	0.3323554444786435	0.02173926942564623	0.9604926098790033	0.7242465427874351	0.01019990511746482	0.03486121216326282	0.01514144231107572	0.501055561912229	0.0161136967201028	0.01540728630394735	0.009999997645732939	0.01000044422009835	0.01000017524936881	0.1165215253100419	0.4639486774706781	0.009999990418470482	0.009999992328447073	0.009999990630440023	1.000000009305866	1.000000008145343	0.02331609459323477	1.000000008164122	0.009999992038893908	0.00999999002836615	0.1798550186342398	0.009999991158365881	1.000000007755733	0.009999992536820471	0.009999991395684688	0.00999999212039759	0.00999999064064363	0.009999990829274634	0.1275500273819971
0.1905525653582623	-0.514246221055937	1.778250843888114	0.8783771355073	1.070910439454446	0.3198816514255672	0.4036555369269953	-0.8804304778692894	-0.3475362498863224	0.228931916734796	-0.06516803955813728	0.4494203273096071	4.071041780866445	0.3598853413330882	1.404567314696194	-3.217925338932071	-0.4109239030267688	5.375458406304539	-0.9766736531407386	-0.1946869200266287	-10.52449150272822	0.02342152226629417	0.03113843905274494	0.02140832789184217	0.5175533294988138	0.3967733775854781	0.025786529922759	0.9513252928620791	0.668220766102425	0.01016925617666942	0.08310426900130929	0.01436181491476803	0.5440923728724933	0.01518862527500951	0.01458782821074316	0.009999996849684585	0.01000037464832007	0.01000014696697406	0.1179050547199035	0.4012061716117219	0.009999990389769004	0.009999992035466141	0.009999990595804097	1.000000009313005	1.000000008439405	0.07313433703830974	0.6876908664999073	0.009999991573811361	0.009999990030456334	0.5631462031907547	0.009999991137467896	1.000000007697886	0.009999992502257247	0.009999991416722528	0.009999992774134991	0.009999990608107238	0.009999990875706714	0.1277588458311456
0.1929646231476074	-0.5135832828134096	1.788053190380395	0.8792003775352076	1.0745690429325	0.3128540786293963	0.4031577467257754	-0.8672773068678491	-0.3501673704638169	0.2286217663546061	-0.0910917125222155	0.1326357875543359	4.058384927036036	0.3245115597105865	1.595516672694243	-2.652646037709225	-0.03907286376693805	5.512786123743412	-1.187570415449235	-0.04245361055095681	-10.96949886695657	0.02142321289009937	0.02804238899954484	0.01970237778979911	0.5588000992688487	0.4521166567158278	0.03650297392341995	0.9187560756099	0.6159358605471992	0.01014331343944767	0.1698500059202518	0.01369946987299866	0.5825874057035869	0.0144021596872624	0.01389150932053451	0.009999996276439688	0.01000031576333075	0.01000012303815762	0.1191396367599669	0.3384636657527657	0.009999990361067527	0.009999991742485208	0.009999990561168171	1.000000009320146	1.000000008733467	0.1229525794833847	0.375381724835693	0.009999991108728814	0.009999990032546516	0.9464373877472697	0.009999991116569911	1.000000007640039	0.00999999246769402	0.009999991437760369	0.009999993427872391	0.009999990575570846	0.009999990922138796	0.127967664280294
0.1953766809369525	-0.5133661172678935	1.797840794103577	0.8799566172953154	1.078366072510455	0.306765702894428	0.4031901023509776	-0.8539742826905223	-0.3531487370409743	0.2288173628339649	-0.1180733014676179	0.06649341884043129	4.058073489135626	0.3035512303059359	1.535287306187657	-2.421543349841945	0.04383726789502583	5.501453500005897	-1.2737392428877	0.1993322579021697	-11.40304353753712	0.01971468534735226	0.02538196621159748	0.01824579057138695	0.5958266817699337	0.5006831940444486	0.04659316568403978	0.869709910661966	0.5670485721531124	0.01012133777564182	0.2467770012048525	0.01313670544795748	0.6172728206305622	0.01373354309887289	0.01329978368004904	0.009999996036733507	0.01000026588567391	0.01000010277562982	0.1193980123192057	0.3854281412621353	0.009999990340405922	0.009999991768367805	0.009999990511975056	1.000000009283682	1.00000000882492	0.09101047769108948	0.192690858829081	0.009999991003914304	0.009999990038431012	0.7417347326216902	0.009999991108783347	1.000000007257142	0.009999992506282038	0.009999991513092169	0.00999999593510453	0.009999990563928642	0.00999999093751533	0.1147479751234497
0.1977887387262975	-0.5131705507510254	1.80763412451532	0.8806696322035402	1.081890688280575	0.3010473004971156	0.4032627843081247	-0.8408157910859836	-0.3562602117467563	0.2295577830145047	-0.146102687062945	0.1147265743146092	4.063133311246492	0.2886709160295349	1.369639988447519	-2.345876159068446	-0.005635578704197906	5.392944407324809	-1.295451851125631	0.4092965121764321	-11.83829782737388	0.01825665890834992	0.02310136965830529	0.01700426453637299	0.6292293910350064	0.5437351324781781	0.05053251552937654	0.810319179606165	0.5212907318791911	0.01010273731591492	0.2870498521228043	0.01265910581318597	0.6486560114683082	0.01316581655060029	0.01279753447564203	0.009999996219177534	0.01000022367142908	0.01000008562941404	0.1179850670777113	0.4323926167715048	0.00999999031974432	0.0099999917942504	0.009999990462781943	1.000000009247218	1.000000008916373	0.05906837589879424	0.009999992822469089	0.009999990899099798	0.009999990044315508	0.5370320774961107	0.009999991100996778	1.000000006874244	0.009999992544870058	0.009999991588423967	0.00999999844233667	0.009999990552286436	0.009999990952891863	0.1015282859666054
0.2002007965156426	-0.5128313036971369	1.817440520737424	0.8813473075385936	1.08500400855536	0.2954688153780356	0.403183597370204	-0.8279872248882798	-0.3593926911715566	0.2306906066348802	-0.1751977240597586	0.1642994801405472	4.067810428478981	0.272959722382997	1.21595743744525	-2.277101153503314	-0.05760621579989261	5.239015978333737	-1.300182092922023	0.5170658349225643	-12.29071742673309	0.01701319386631745	0.02114894843112493	0.01594651255851629	0.6595138245236642	0.582282602780652	0.04997169258596589	0.7483292123297967	0.4784246614219236	0.01008698173042633	0.31214704951252	0.01225366666451484	0.6771722204324813	0.01268366148001323	0.01237112014131302	0.0115000245463839	0.0100001879158254	0.01000007110840022	0.1156625219675612	0.4559883213503077	0.009999990325154711	0.009999992169982512	0.009999990429192045	1.000000009347594	1.000000008839858	0.03453418342762996	0.009999992006189999	0.009999990927722949	0.009999990078350949	0.5390555177671588	0.009999991104682764	1.000000006241733	0.00999999256581271	0.009999991675753489	0.0290677285044741	0.009999990549974476	0.009999990956913648	0.09709680729769378
0.2026128543049877	-0.5123888853487045	1.82725673965035	0.8819850912246647	1.087776547220911	0.290074464951059	0.4029965472906465	-0.815566631550241	-0.3625241608832131	0.2319897529126136	-0.2054155388730634	0.2002728618038963	4.071277967535178	0.2555940559654543	1.087074943166251	-2.193197651184605	-0.0950721934595465	5.054666558869141	-1.294614629771938	0.5472058592018179	-12.76926873648798	0.01595440984602105	0.01948085043576402	0.01504666743016046	0.6870516379317556	0.6169868197989694	0.04602255404636248	0.6906707190959294	0.4382637636398061	0.01007364643297903	0.3343999009964286	0.01190984903441671	0.7031484729459547	0.01227463386313498	0.01200947806649407	0.01567136767954705	0.01000015765479178	0.01000005881959686	0.1130677867886472	0.4795840259291106	0.009999990330565098	0.009999992545714624	0.009999990395602145	1.00000000944797	1.000000008763343	0.009999990956465669	0.00999999118991091	0.0099999909563461	0.009999990112386392	0.5410789580382068	0.009999991108368751	1.000000005609223	0.009999992586755361	0.009999991763083013	0.04813545856661152	0.009999990547662513	0.00999999096093543	0.09266532862878218
0.2050249120943328	-0.5118704436376578	1.837079764891311	0.8825786641999481	1.090262281220039	0.2848894873514413	0.4027292748980325	-0.8036250667642771	-0.365603600598084	0.2332979073782429	-0.2368290373364599	0.2363091917143391	4.073492620541029	0.2363892050410445	0.9701816928828709	-2.110057676992325	-0.1353622335262558	4.83740520475706	-1.284875830651724	0.5378694545678425	-12.91761194623754	0.01505312398118652	0.01805683332429252	0.0142812510851374	0.7121684735733643	0.6484041399731414	0.04090557555067788	0.6368961351299022	0.400642298286722	0.04847229387061393	0.3654300623955026	0.01161816445928077	0.7268736587205776	0.01192751937296035	0.01170264574069268	0.02436784384183074	0.01000013202389506	0.01000004841132355	0.1105616032465215	0.5386881342594537	0.009999990341036352	0.009999993186460344	0.009999990376795024	1.000000009447134	1.000000008666876	0.009999990707542558	0.009999991069014351	0.009999990794665023	0.5049999978462272	0.7705394762537188	0.009999991118000677	1.000000004469045	0.009999992573444061	0.009999991864019026	0.09749172371791	0.009999990544069122	0.009999990958110874	0.09338851332780805
0.2074369698836779	-0.5112165470540011	1.846906952575732	0.8831245522840798	1.092438323630525	0.2798758121702774	0.4023009914924937	-0.7922761913849612	-0.3688485516502728	0.2345864081903871	-0.2659940793182882	0.3125876439853821	4.074729330497943	0.2160552925389836	0.8302887334747148	-2.051159247950225	-0.2285772973885946	4.563227747356471	-1.431851256563395	0.5309096878813623	-10.90492162880219	0.01428696866136712	0.01684325852399738	0.01363102429533072	0.7351187873401663	0.6769376153243143	0.03646987113587961	0.586657723589453	0.3654291912171415	0.144578604377066	0.41438875244131	0.01137095043229001	0.7485769008271779	0.01163324612491795	0.01144257403820646	0.03885296313944559	0.0100001103314064	0.01000003960216193	0.1084511220559808	0.5977922425897968	0.009999990351507603	0.009999993827206064	0.009999990357987905	1.000000009446299	1.000000008570408	0.009999990458619447	0.009999990948117793	0.009999990632983949	1.000000005580068	0.9999999944692306	0.009999991127632602	1.000000003328867	0.009999992560132762	0.009999991964955037	0.1468479888692085	0.009999990540475729	0.009999990955286321	0.09411169802683395
0.209849027673023	-0.5103126164350804	1.856736255995516	0.8836215645697604	1.094231618674801	0.2749807281534279	0.4015625763672626	-0.781666605208166	-0.3727580507395943	0.2358711236644941	-0.2870697556604463	0.4395839422635349	4.075462717176266	0.1964761301279004	0.6535587894585645	-2.006605006220716	-0.3869421111352224	4.231360773283948	-1.811638433709318	0.5345930103595078	-6.720802488040065	0.01363568146417456	0.01580945598225886	0.01307858791316938	0.7561307485874083	0.7029385112380743	0.03263539172103277	0.5396478199487119	0.3325073010119611	0.2449918603932414	0.4675510595081612	0.01116131799411549	0.7684648428442635	0.01138365243007782	0.01122202504956127	0.0575960403064945	0.01000009195738448	0.01000003213892849	0.1070726584918859	0.5676624149399242	0.009999990345529501	0.009999993759016602	0.009999990347245942	1.000000009458805	1.000000008624121	0.009999990436316906	0.009999990983894974	0.009999990601182311	1.000000004752268	0.9999999980735769	0.009999991123723618	1.000000001235604	0.00999999250210991	0.009999992114362963	0.1932332036732967	0.0099999905317554	0.009999990931708981	0.1007718044717485
0.2122610854623681	-0.5090831031185968	1.8665677105074	0.8840744259643346	1.095576238543022	0.2702009300136902	0.4004186617593933	-0.7718758511760935	-0.3775970776281645	0.2371665929292141	-0.2991418322312643	0.5825502452140824	4.076512946222318	0.1794468072021932	0.4582618458633635	-1.955567941953359	-0.5648043019234059	3.884278720231345	-2.202585526160634	0.5398263818848603	-3.439429043083906	0.01308271620454208	0.01493008701907986	0.0126097770446015	0.775390266236021	0.7266786250806903	0.02933049536746852	0.4956256618263896	0.3017818567112235	0.3234242477805361	0.5142886545444161	0.01098371812459389	0.7867076016409874	0.01117215587899417	0.01103516668729844	0.07942778809396855	0.01000007640574559	0.01000002581902316	0.1067074145801217	0.5375325872900516	0.009999990339551398	0.009999993690827142	0.009999990336503981	1.000000009471311	1.000000008677834	0.009999990414014363	0.009999991019672154	0.009999990569380673	1.000000003924469	1.000000001677923	0.009999991119814635	0.9999999991423404	0.009999992444087058	0.00999999226377089	0.239618418477385	0.009999990523035069	0.009999990908131645	0.107431910916663
0.2146731432517132	-0.507509275950408	1.87640241107885	0.8844895362346833	1.09643774427265	0.2655583977671866	0.3988479663493525	-0.7629125865641224	-0.3832770712766587	0.2384839379067427	-0.3055200423805887	0.7213344803865713	4.078141863228443	0.1649624040470785	0.2548099853868259	-1.892490998008139	-0.7361016720405246	3.552473870104051	-2.498551070048483	0.552386280103934	-1.975866711713487	0.01261313039153779	0.0141821601811004	0.01221181538726487	0.7930667912770948	0.7484007566573682	0.02648792836681797	0.4543777411699092	0.2731665699193085	0.374945550330566	0.5559031339706835	0.01083316708909885	0.8034608682008058	0.01099284167743723	0.01087676029369364	0.1042149295900436	0.01000006323247931	0.01000002046484414	0.1066324568829734	0.5518799448432606	0.009999990335311959	0.009999994062758769	0.009999990322958202	1.000000009468608	1.000000008705126	0.009999990375024847	0.009999991024236222	0.009999990550029118	0.7080033440919943	1.000000003306147	0.009999991095701639	0.9999999922441367	0.009999992364471627	0.009999992717724946	0.2954583717875949	0.009999990513927894	0.009999990913181047	0.1048505867947739
0.2170852010410583	-0.5056085202694865	1.886241333221222	0.8848712524276335	1.096799389374483	0.2610779826136969	0.396874683080555	-0.7547156110584178	-0.3896092284666852	0.2398309483963466	-0.3092848136332924	0.8536287526833173	4.080013335757477	0.1517575225208588	0.04379364364872936	-1.821145712328385	-0.8986170824754359	3.24889667453459	-2.743338359208887	0.5644240612657356	-1.272450367725835	0.01221479022095789	0.01354684507185989	0.0118743511529103	0.8093024650367189	0.7683013984561352	0.02404911925467077	0.4157361881020471	0.2465875466117534	0.3919020146062663	0.5932056416805016	0.0107056579332229	0.8188561859437141	0.01084095000686501	0.01074259291757812	0.1318766847730822	0.01000005208228379	0.01000001593427266	0.1062402276761878	0.5662273023964698	0.009999990331072522	0.009999994434690395	0.009999990309412421	1.000000009465906	1.000000008732417	0.009999990336035332	0.009999991028800288	0.009999990530677563	0.41600668425952	1.000000004934372	0.009999991071588643	0.9999999853459332	0.009999992284856195	0.009999993171679005	0.3512983250978048	0.009999990504820717	0.009999990918230447	0.1022692626728848
0.2194972588304034	-0.5034014033449277	1.896084863117339	0.8852219660672715	1.096645105437575	0.256780488479297	0.3945257831631346	-0.7472039030401352	-0.3964830798806536	0.2411971252716965	-0.3118441126828413	0.9738351994517963	4.08190016728858	0.1390608721340866	-0.1723665713647388	-1.740105476498883	-1.045758304429097	2.988318946326566	-2.951626788740942	0.567585776521334	-0.8698666294559196	0.01187676264090714	0.01300711594620904	0.01158806526782912	0.8242283499535491	0.7865591701693272	0.0219597332037586	0.3795517326500748	0.2219748239575558	0.3894797197023493	0.6268681896648188	0.01059759454755522	0.833015195189045	0.01071220755093159	0.01062888323291898	0.1608788799647017	0.01000004263664367	0.01000001209829977	0.1059405680148432	0.6173134264815966	0.009999990329762209	0.009999994959957476	0.009999990299924141	1.000000009465184	1.000000008739585	0.009999990310566389	0.009999991041347942	0.009999990507616009	0.3159993689581383	0.9999999945638125	0.0099999910391371	0.9999999759618625	0.009999992151734773	0.009999994313772425	0.3931307173612877	0.009999990492248938	0.009999990930275128	0.1054054541247723
0.2219093166197485	-0.5009231970899798	1.905932785906393	0.8855421851369542	1.095964758196355	0.2526936018739038	0.3918455322275072	-0.7402573981042325	-0.4038259816751786	0.2425652865754053	-0.3135787393942398	1.078407223237801	4.083655779943598	0.1264724152649311	-0.3924009671410669	-1.646516787650777	-1.173362587886359	2.780248630630732	-3.132259704815713	0.5660694848270591	-0.5886588418404763	0.01159020580461816	0.01254911733368704	0.01134543328389052	0.8379566431671476	0.8033231971556818	0.02017345553242222	0.3457058160688387	0.1992625273736256	0.378125879705735	0.6573631779563857	0.0105060894879055	0.8460425535015188	0.01060318088459135	0.01053259454020693	0.1901804479796353	0.01000003464067965	0.01000000885369118	0.1060759974833788	0.6683995505667234	0.009999990328451896	0.009999995485224558	0.009999990290435863	1.000000009464463	1.000000008746753	0.009999990285097444	0.009999991053895596	0.009999990484554451	0.2159920536567567	0.9999999841932533	0.009999991006685555	0.9999999665777921	0.00999999201861335	0.009999995455865843	0.4349631096247705	0.009999990479677158	0.009999990942319806	0.1085416455766597
0.2243213744090936	-0.4982144169263449	1.915784687186777	0.885831945704122	1.094749942724548	0.2488500122177716	0.3888843490966908	-0.7337419961188126	-0.4115735115905849	0.2439281337543378	-0.3147230919395891	1.161905997837384	4.08507861380146	0.113596983903748	-0.6130560310734832	-1.534926635137144	-1.275055423695827	2.634571959552301	-3.287897344635486	0.5642572612062036	-0.3712583708611354	0.01134716588162463	0.01216035403184339	0.01113969081935108	0.8505916421500469	0.8187307224905684	0.01864771281327225	0.3140920853477066	0.1783849832903443	0.3601360883763133	0.6791953716721213	0.01042855274086727	0.8580357476260114	0.01051078946234842	0.01045100270128093	0.2191087487310077	0.01000002786601528	0.01000000610631071	0.1068489635136459	0.6182715240394904	0.009999990327835427	0.009999996607527343	0.009999990281936339	1.000000009457222	1.000000008747049	0.009999990264433161	0.009999991045008741	0.009999990463677054	0.1499710439569111	0.8562367052204795	0.009999990966712589	0.9999999703464242	0.009999991868990796	0.009999996624345654	0.4651166391585029	0.009999990462878826	0.009999990940245441	0.1156813488767126
0.2267334321984386	-0.4953456190084439	1.925638991012917	0.8860892703765211	1.093016126164677	0.245315646227129	0.3857277985448089	-0.7274878060477404	-0.4196686384548399	0.2452887669683983	-0.3154230740834725	1.211088749337974	4.085647892874866	0.09957762450799199	-0.8227398175266721	-1.390118564643276	-1.335354909901586	2.56366019274049	-3.420475808413423	0.5642337370421012	-0.2202013335436555	0.01114122941286082	0.01183070489824043	0.01096538986332076	0.8622239109201901	0.8328988462914659	0.01734681022334921	0.2846234176311939	0.1592741775390758	0.3374229008564144	0.6875379808667103	0.01036290668580556	0.8690797271344878	0.01043256102167752	0.01038192222661834	0.2471701601388655	0.01000002212990138	0.01000000378082957	0.10842551531511	0.5681434975122573	0.009999990327218961	0.00999999772983013	0.009999990273436817	1.000000009449981	1.000000008747344	0.00999999024376888	0.009999991036121886	0.009999990442799657	0.08395003425706547	0.7124734262477057	0.009999990926739621	0.9999999741150564	0.009999991719368242	0.009999997792825465	0.4952701686922352	0.009999990446080491	0.009999990938171076	0.1228210521767654
0.2291454899877837	-0.4924096071141604	1.935493265355627	0.8863107044898969	1.090798788742255	0.2421820430022683	0.3824875354299724	-0.7213057095961405	-0.4280587154800146	0.2466532559503065	-0.3158177459869053	1.217540550314677	4.085066322732761	0.08379512965353002	-1.01381183412314	-1.202750665220439	-1.344321094028393	2.575287305176052	-3.532964204977226	0.5667593532170293	-0.109679099934731	0.01096663388790816	0.01155105964227738	0.01081763763817481	0.8729381205499362	0.845936279326554	0.01623816222598411	0.2572197463834369	0.1418596593887206	0.3129923718543663	0.6867359317125277	0.01030728842524265	0.8792540268096956	0.01036627840077364	0.01032339334383814	0.2738767419772647	0.01000001726943226	0.01000000181298622	0.1101873520948698	0.6164757114750884	0.009999990329285832	0.01000000078232565	0.009999990264288544	1.000000009436092	1.000000008738468	0.009999990229646939	0.009999991031370416	0.009999990437950025	0.07643387225015405	0.6434000890354304	0.009999990894971221	0.9999999782219652	0.009999991598473748	0.00999999830265578	0.5118993941340855	0.009999990435199941	0.009999990962874038	0.1220278050163139
0.2315575477771288	-0.4895001218097999	1.945345195466096	0.8864923826734554	1.088134992957718	0.2395395500599101	0.3792766239152894	-0.715001831562866	-0.4366959563084137	0.2480209650520977	-0.3159648724626353	1.189093762285536	4.083704131618355	0.06661329836875182	-1.192928594999112	-0.9829058646226259	-1.311017516093544	2.664637526046791	-3.625416008699195	0.5669037558925053	-0.0149447026310984	0.01081874272072843	0.01131406391413564	0.0106925006645736	0.8828085295671415	0.8579371993741969	0.01529478671277272	0.2318107761181024	0.1260647556009285	0.2896556358467543	0.6804788248225123	0.01026020463584951	0.8886285735278422	0.01031016369705371	0.01027384492956957	0.2988282341357166	0.01000001315424911	0.01000000015135791	0.1116227591973299	0.6648079254379194	0.009999990331352701	0.01000000383482117	0.009999990255140274	1.000000009422204	1.000000008729591	0.009999990215524999	0.009999991026618946	0.009999990433100394	0.06891771024324266	0.5743267518231552	0.009999990863202819	0.9999999823288741	0.00999999147757925	0.009999998812486099	0.5285286195759358	0.009999990424319389	0.009999990987577	0.1212345578558625
0.2339696055664739	-0.4866920128999332	1.955193295466987	0.8866314175355425	1.085045523505362	0.2374548945122611	0.3761860902045985	-0.7083946224556201	-0.4455312110104767	0.2493830446087872	-0.3158901266985463	1.137421956705623	4.082051651674171	0.04863988703581878	-1.369822872590065	-0.7450161864991157	-1.249131590659361	2.823114352377143	-3.696642474236763	0.5633106702058662	0.07468768457544449	0.01069339347763802	0.01111311052432717	0.01058644889681361	0.8919048448871194	0.8689895738895498	0.0144921782750654	0.2083289477855457	0.1118091757853411	0.2672386643347057	0.6712117299479794	0.01022031669140464	0.8972690739949228	0.01026262297011628	0.01023186852751386	0.3210431225192731	0.01000000966528638	0.009999998742089259	0.113152617550022	0.6188761808145686	0.009999990315871551	0.01000005636073539	0.009999990244590428	1.000000009437583	1.000000008787226	0.009999990192676493	0.009999990937013346	0.009999990370354627	0.05915717771188755	0.5549725494167194	0.009999990789003073	0.9999999873288167	0.00999999128623528	0.009999998122288059	0.5186743395862804	0.00999999039021136	0.00999999093999294	0.1263314090593285
0.236381663355819	-0.4840221217443257	1.965037634114355	0.8867268823491062	1.081521677628321	0.2359484323732609	0.373262348402062	-0.7013380887354307	-0.4545104244445879	0.2507424076253233	-0.3156153464463801	1.074488088350473	4.080585339407406	0.03048642884200463	-1.553099422252814	-0.5034866639692267	-1.172719081544416	3.03720290563963	-3.744781915008919	0.5646512890026737	0.1509173998117012	0.01058724217898181	0.01094287884777518	0.01049664811460692	0.9002886303340866	0.8791704272042299	0.01381023299481566	0.186708670004299	0.0990056010658435	0.2455772833006523	0.6611158643541064	0.01018655206245361	0.9052336602328437	0.01022237882091007	0.01019633558506237	0.3396930521508862	0.01000000670726659	0.009999997542084652	0.115124540012512	0.5729444361912178	0.009999990300390404	0.01000010888664961	0.009999990234040582	1.000000009452963	1.00000000884486	0.009999990169827987	0.009999990847407747	0.009999990307608862	0.04939664518053245	0.5356183470102835	0.009999990714803328	0.9999999923287592	0.009999991094891308	0.00999999743209002	0.508820059596625	0.009999990356103331	0.009999990892408881	0.1314282602627944
0.2387937211451641	-0.4815100180924861	1.974878951522627	0.8867786830908538	1.077543601759727	0.2350200455573585	0.3705315326570745	-0.6937095042440855	-0.4635782612887934	0.2521160020152187	-0.3151659971225074	1.008815153646606	4.079602235398032	0.01251405068992084	-1.747332342723502	-0.2678276661918572	-1.091834224601602	3.293124049504172	-3.771887266000189	0.5739016076586203	0.2281655412738189	0.01049728866775088	0.01598594579403173	0.01042055611788894	0.9080178404458176	0.8885520149560405	0.01323076135474105	0.166883641976014	0.08756349381544296	0.2266562296070442	0.651068891732639	0.01015794954618554	0.9125770944508991	0.0101882863434796	0.01016623499866333	0.3550104810806773	0.01000000420951724	0.009999996551926351	0.1170269492283555	0.60828167922124	0.009999990419107709	0.07606676359763642	0.009999990326457446	1.000000009223079	1.00000000839122	0.009999990224384787	0.009999991101678046	0.009999990386095663	0.07788942194073915	0.5363948214604727	0.009999990967107918	0.9999999864200018	0.009999991408966008	0.01000000017417908	0.4922106457719513	0.009999990485350963	0.009999991270755779	0.129417327781125
0.2412057789345092	-0.4791537998281051	1.984718525184562	0.8867874878922027	1.07308298363319	0.2346490385437939	0.3679940100068114	-0.6854277867885263	-0.4726963780847078	0.2535091085178295	-0.3144833068779855	0.9452329866301271	4.079139481563812	-0.005164408868981406	-1.953207794510537	-0.04132542985625218	-1.012446723578343	3.578759552498664	-3.78647241838819	0.5808300993127957	0.3443961146915847	0.01042112538081465	0.03007138185697028	0.01035613373285869	0.9151439120339281	0.8971980791932845	0.01273894266604893	0.1487837778901706	0.07738736290519983	0.2123543819025186	0.641864357391329	0.01013373928462743	0.919348039783473	0.01015942838759101	0.01014075690492234	0.3671209884912917	0.01000000211548546	0.009999995772080286	0.1184369929658614	0.6436189222512619	0.009999990537825017	0.1421334183086232	0.009999990418874311	1.000000008993196	1.00000000793758	0.009999990278941589	0.009999991355948347	0.009999990464582463	0.1063821987009459	0.5371712959106619	0.009999991219412507	0.9999999805112445	0.009999991723040707	0.01000000291626814	0.4756012319472774	0.009999990614598595	0.009999991649102678	0.1274063952994555
0.2436178367238543	-0.4769533267538908	1.99455720358087	0.8867534559903067	1.068123062873908	0.2348217170804124	0.3656514249696362	-0.6764352723079176	-0.4818430754241323	0.2549109502221327	-0.3134615844657606	0.8785244666830686	4.078750802863748	-0.02315849303860189	-2.157947875743328	0.1850769585699086	-0.9289957595764581	3.877320871235407	-3.797781320846167	0.5816990635325632	0.5082009440556515	0.01035659321309207	0.05004292792601227	0.01030155254109472	0.9217153633855752	0.905168597246456	0.01232140461079536	0.132336041886057	0.06838013802868449	0.2007804303177453	0.6335402072756159	0.01011323133487953	0.8990428029954698	0.01013498291716269	0.01011917465996998	0.3751818906059255	0.01000000033805473	0.009999995105517422	0.1205782087648393	0.6209089647301866	0.00999999042093028	0.1986473919333186	0.009999990302756849	1.000000009186664	1.000000008393547	0.009999990200826335	0.009999990934492954	0.009999990306363274	0.1109081799574405	0.542531977638442	0.009999990919372048	0.6583116827731532	0.009999991170277715	0.009999998728501474	0.4395939017916643	0.009999990460661103	0.009999991258861241	0.1372591636209342
0.2460298945131994	-0.4749195718166944	2.004394782499372	0.8866752633004142	1.062679786589649	0.2355446310255414	0.3635170243110827	-0.6667242069643519	-0.491017841377542	0.2563161002602783	-0.3120055496821134	0.8069957207118439	4.078227830267127	-0.04178110038571419	-2.353990501386551	0.4149119048720951	-0.8398269965209139	4.1745585968921	-3.809746001723639	0.5835732623142336	0.7045138310588516	0.01030196091122792	0.07513206951680236	0.01025534691218	0.9277754059265273	0.9125167584978451	0.01196730591253751	0.1174606085189172	0.06044368606583025	0.1915032620994488	0.6264789815455551	0.01009587324894073	0.8805422010059472	0.01011429166832658	0.01010090678079704	0.3797983566120671	0.009999998812869388	0.00999999448860414	0.1228335614148358	0.5981990072091113	0.009999990301538295	0.2614212415126564	0.009999990207367557	1.000000009405177	1.000000008855662	0.009999990136955265	0.009999990611191577	0.009999990196697745	0.1217724316402626	0.5500774765036104	0.009999990647224314	0.6615719593156022	0.009999990767028526	0.009999995810180655	0.4110758309235661	0.009999990324595266	0.009999990915369029	0.1403851420583098
0.2484419523025445	-0.4730566720649784	2.014231214267607	0.8865518120875617	1.056767874807655	0.2368177676572913	0.361595798526988	-0.6563039571707306	-0.5002229703056458	0.2577300014277292	-0.3100406682329249	0.7386242825865872	4.077857297089954	-0.0605902232703718	-2.547784119690252	0.6394694852516088	-0.75432820249428	4.463356689450701	-3.823203615634396	0.5885069447996291	0.9255007519761773	0.01025567642839832	0.1039203050184511	0.01021620308382966	0.9333648569201666	0.9192927178744299	0.01166688447499963	0.1040739943793441	0.05348046729882242	0.1834121316718498	0.6204749580659999	0.01008117008735075	0.8633030719518422	0.01009676486061277	0.01008543268654339	0.3811133808234464	0.009999997512161714	0.009999993946695257	0.1250074990112429	0.6138478233963783	0.009999990316877379	0.3231915791635343	0.009999990207193039	1.000000009354825	1.000000008806156	0.009999990137362844	0.0099999905954986	0.009999990184477824	0.1160081754849858	0.5549193882822527	0.009999990678590177	0.654583098951835	0.009999990728764977	0.009999995468765469	0.3775372595426426	0.009999990339981524	0.009999990993537072	0.1406395798011955
0.2508540100918896	-0.4713517123784838	2.024067007665008	0.8863829228145693	1.050389901341916	0.2386234168944146	0.3598725720839407	-0.6452031558997544	-0.5094631329482678	0.2591537714976626	-0.3075369741396585	0.6760369469051823	4.077698513899541	-0.0794568644910096	-2.740433716640228	0.8564540666940905	-0.6756523719143963	4.738849784575398	-3.838794820266211	0.5917562358118462	1.15127978041374	0.01021649598862828	0.135470153184726	0.01018306847263817	0.9385201583395579	0.9255411191111621	0.01141225467020796	0.09208603379224944	0.04739609400705364	0.1754943341637863	0.6153411794108783	0.01006872561086364	0.8468374913971601	0.01008193028482862	0.01007233559978258	0.3792145595309594	0.009999996413711699	0.009999993500079961	0.1269383909566705	0.6294966395836455	0.009999990332216463	0.3849619168144123	0.009999990207018522	1.000000009304472	1.000000008756651	0.009999990137770422	0.009999990579805626	0.009999990172257904	0.1102439193297091	0.5597613000608952	0.009999990709956042	0.6475942385880679	0.009999990690501429	0.009999995127350284	0.343998688161719	0.009999990355367782	0.009999991071705114	0.1408940175440811
0.2532660678812347	-0.4697889136379127	2.033902695181879	0.8861685339194024	1.043548000366786	0.2409418514074816	0.3583286371719323	-0.633457507124388	-0.5187447336947113	0.2605798783609478	-0.304489746933445	0.6207873124753212	4.077745326803163	-0.098340042275431	-2.932037612910862	1.06489618332453	-0.6057673773475647	4.996971884093222	-3.858683117693695	0.5899326399916348	1.381589710585668	0.01018330478288486	0.1687945201834652	0.01015499972347397	0.943275767620177	0.9313041227190908	0.01119632616665295	0.08140372466530577	0.04209873546395169	0.169348875508266	0.6102941937958464	0.01005818478414186	0.8310020979088537	0.01006936482082962	0.01006124187829795	0.374242556227323	0.009999995484560419	0.009999993128578839	0.1287576020826096	0.6199951815241045	0.009999990327943601	0.4416147757574184	0.009999990196486666	1.00000000928728	1.000000008798526	0.009999990132067272	0.009999990531495948	0.009999990153116983	0.1322486920893703	0.5472409911258521	0.009999990714960386	0.6385203265214117	0.009999990625802896	0.009999994462327026	0.307007655511552	0.009999990356229647	0.009999991083899337	0.1427314915165407
0.2556781256705797	-0.4683521274830992	2.043738576037552	0.8859083618375122	1.036248359606122	0.2437556767830424	0.3569443029145902	-0.6211130521057157	-0.5280849865409252	0.2619958509984114	-0.3008420793479991	0.5715514023927403	4.077858824156297	-0.1174187963531072	-3.119976684106352	1.267216084654084	-0.543316691259331	5.235360478432707	-3.887427236976499	0.5833532648164551	1.649145446721326	0.01015520979605151	0.2032654048811639	0.01013124128585303	0.9476625021423518	0.9366193548365881	0.01101338661573148	0.07193013690114648	0.03750301730596421	0.1663805276042366	0.6046289807670316	0.01004926340984129	0.8156681650049258	0.01005872974939028	0.0100518524251743	0.3662923156808957	0.009999994698333804	0.00999999281604412	0.1305737685461319	0.6104937234645634	0.00999999032367074	0.4982676347004245	0.009999990185954811	1.000000009270088	1.000000008840401	0.009999990126364126	0.009999990483186273	0.009999990133976063	0.1542534648490315	0.5347206821908089	0.00999999071996473	0.6294464144547554	0.009999990561104361	0.009999993797303767	0.2700166228613851	0.009999990357091509	0.009999991096093558	0.1445689654890003
0.2580901834599248	-0.4670256184547783	2.053574804754544	0.8856019383104948	1.028499480955791	0.2470490432352681	0.3557000683026497	-0.608219849836019	-0.5375079658832722	0.2633929825464766	-0.2964758298369909	0.533915433862908	4.078193050390435	-0.1364233826631826	-3.308419802561993	1.457172202566402	-0.4949908968687872	5.447884590700369	-3.927329085955626	0.5771966696994167	1.989585464269567	0.0101314107503281	0.2378348696632796	0.0101111161147033	0.9517095217893968	0.9415223867196949	0.01085830519138896	0.06356738375867005	0.03352741397340465	0.1683052800690022	0.608592877236775	0.0100417068793179	0.7994413122685156	0.01004972160927805	0.01004389932786371	0.3556451432849144	0.009999994033355053	0.009999992551113118	0.1324197751577804	0.5533842842621828	0.009999990314871659	0.5395714242129875	0.009999990179663463	1.000000009248156	1.000000008796784	0.009999990123396999	0.009999990412963764	0.009999990119918863	0.2107100971733044	0.7673603360539345	0.009999990748241512	0.5859929521120607	0.009999990535684993	0.009999993449300611	0.2339590829800906	0.009999990368203912	0.009999991081755429	0.1469307698201268
0.26050224124927	-0.465749594047674	2.063413072705484	0.8852513697696576	1.020272347059723	0.2507545420761549	0.3545244322540947	-0.5948674272906281	-0.5470382463188639	0.2647904152713615	-0.291155428684341	0.5296911937032073	4.079549690733065	-0.1540224084348454	-3.516530405040994	1.608942879494246	-0.4864369898786555	5.616131020268403	-3.976397819454844	0.583602990856267	2.440297006900876	0.01011126677469362	0.2717662640480331	0.01009408208783881	0.9554429382457233	0.9460450228518504	0.01072695609107063	0.05621779303346809	0.0300986854888484	0.1764728578804345	0.6313200633671702	0.01003531140357718	0.7810607394458777	0.01004209749872735	0.01003716814623263	0.3425287093797297	0.00999999347227817	0.009999992324693292	0.1343229361401627	0.496274845059802	0.009999990306072577	0.5808752137255507	0.009999990173372114	1.000000009226224	1.000000008753167	0.009999990120429873	0.009999990342741259	0.009999990105861663	0.2671667294975774	0.99999998991706	0.009999990776518293	0.5425394897693662	0.009999990510265623	0.009999993101297455	0.1979015430987962	0.009999990379316316	0.009999991067417297	0.1492925741512534
0.262914299038615	-0.4644300303851628	2.073256310424545	0.8848608762302358	1.011508731581133	0.2547647221275062	0.3533056340539303	-0.581177691707664	-0.5566965091028501	0.2662232731855343	-0.2846040168000341	0.5679073810534833	4.082198739623774	-0.169663210897223	-3.750341930844975	1.712687548599907	-0.5283724848833042	5.725855833780375	-4.033513599389426	0.6044345497000391	3.000111956582043	0.01009420361709539	0.3043383091410162	0.01007965345912545	0.9588874713182546	0.9502173536068376	0.01061563633271784	0.04978491573854951	0.02714796299015054	0.1878591296054079	0.6614125039335168	0.0100298944145175	0.7602466500141261	0.01003563980393576	0.01003146675820933	0.3271883506613929	0.009999992999514021	0.009999992132475285	0.136219703181912	0.4893069101263288	0.009999990288656061	0.6039575911497989	0.009999990165436737	1.000000009212458	1.000000008322343	0.009999990118059646	0.009999990307173249	0.009999990096537322	0.28625734479834	0.9999999921054572	0.009999990825025952	0.4881123002926604	0.009999990496790989	0.009999992927237652	0.163603147154091	0.009999990400032258	0.009999991075312286	0.1507444606178955
0.2653263568279601	-0.4629932554698924	2.083106338116605	0.8844333721497072	1.002178493996176	0.2589999536501991	0.3519551369224725	-0.5672891238174929	-0.5665040694341679	0.2677060761496429	-0.2766430277588229	0.6268789586705874	4.085179715875666	-0.1847103473974036	-3.986355057559566	1.795548252164608	-0.5956374674752049	5.780996313368157	-4.100190498047514	0.6250158045594196	3.609072616781333	0.01007976150792938	0.3349749415723909	0.01006744135269044	0.9620652762354139	0.9540663184360975	0.01052137235633525	0.04417656542853361	0.02461508638832428	0.1999357264560075	0.6887812008858462	0.01002530979431643	0.7367377080261158	0.01003017435264745	0.01002664139810142	0.3098264816411865	0.009999992602588024	0.009999991971010695	0.1380572622754241	0.4823389751928555	0.009999990271239543	0.6270399685740471	0.009999990157501359	1.000000009198692	1.00000000789152	0.009999990115689418	0.009999990271605237	0.009999990087212982	0.3053479600991027	0.9999999942938546	0.00999999087353361	0.4336851108159547	0.009999990483316354	0.009999992753177849	0.1293047512093857	0.009999990420748197	0.009999991083207278	0.1521963470845376
0.2677384146173052	-0.4614072250659345	2.092963173041495	0.8839691441247567	0.9922953018639643	0.2634320618815922	0.350432769535323	-0.5533280598284007	-0.5764855580113841	0.2692292702046632	-0.2671926069874471	0.6869866358275883	4.087625249619364	-0.2004182906097464	-4.20389950279116	1.881945570106332	-0.6654822851968771	5.787474707310227	-4.178936958783232	0.6373654248729761	4.225820305725279	0.01006752850663216	0.3720849706297669	0.01005709735770471	0.9649973348299455	0.9576174187055284	0.01044149679487229	0.03930357516258723	0.02244417427973901	0.2123598248319077	0.7137476183698922	0.01002142664524336	0.7115271948880133	0.01002554511147117	0.01002255430040552	0.2905334311984572	0.00999999227071908	0.009999991837463803	0.1400374455890924	0.4925595228067723	0.009999990255485824	0.8135199760652148	0.009999990150196708	1.000000009173903	1.000000008019054	0.009999990113292022	0.009999990249482763	0.009999990080911755	0.320205416536262	0.9999999781273885	0.009999990954059675	0.3997884605233076	0.009999990477557277	0.009999992561524203	0.09482950227123819	0.009999990456069602	0.009999991116555734	0.1568191526605116
0.2701504724066503	-0.4596850346707517	2.102824730819224	0.883465538189114	0.9819204308243338	0.2680908989061769	0.3487504555662495	-0.539406291604568	-0.586677257752992	0.2707778973601607	-0.2562624362698986	0.7397784023126989	4.089095752100575	-0.2173612323523272	-4.394039242897303	1.983544405650597	-0.7282599797803367	5.748413540738835	-4.274490770056033	0.6461041056685326	4.836033225029831	0.01005717484699281	0.4221664918876208	0.01004834258131566	0.9677024639695713	0.9608935068192717	0.01037386981993488	0.03508393523403123	0.02058748125014512	0.224858577198216	0.7365633602917527	0.01001814020876506	0.6855088699543537	0.01002162720266027	0.0100190952095448	0.2693699544246689	0.009999991995280047	0.00999999172956543	0.1423280950986554	0.5027800704206891	0.009999990239732106	0.9999999835563825	0.009999990142892056	1.000000009149116	1.000000008146589	0.009999990110894624	0.009999990227360292	0.00999999007461053	0.3350628729734213	0.9999999619609224	0.009999991034585742	0.3658918102306606	0.0099999904717982	0.009999992369870555	0.06035425333309066	0.009999990491391006	0.009999991149904193	0.1614419582364855
0.2725625301959954	-0.4578517613466792	2.112688270346807	0.8829190725591799	0.971127778838594	0.2730234014168371	0.3469337096782613	-0.5256306726226362	-0.5971239078006146	0.2723455610313212	-0.2438806879733701	0.7741033687375161	4.089064238245831	-0.2362848733828836	-4.545473321759393	2.114725022499401	-0.771138861689744	5.669470163013519	-4.390903110246819	0.6523572952440082	5.424178760923662	0.01004840508501625	0.4743550049777178	0.01004092716388532	0.9701984885415643	0.963916223549964	0.0103165726982391	0.0314397154978973	0.01900107502498631	0.2370047718416932	0.7475599126540802	0.01001535664085015	0.659064915613819	0.01001830875651606	0.01001616535902649	0.2468690753866723	0.009999991769284242	0.009999991644681686	0.1448145476545623	0.5082586338209549	0.009999990225208198	0.99999998521538	0.009999990136201418	1.000000009108843	1.000000008133171	0.009999990108780247	0.009999990214213083	0.009999990070479524	0.342177622183702	0.7535309954582019	0.009999991164814662	0.3406571002970854	0.009999990474785917	0.00999999220608758	0.03517713768141378	0.009999990550743571	0.009999991201062359	0.1648515317352265
0.2749745879853405	-0.4559806232103795	2.122549080217331	0.8823230939242659	0.9600379082742133	0.2783330921832292	0.3450641028123846	-0.5120773975450356	-0.6078757432746178	0.2739182175388474	-0.2301261157117387	0.7711746751502803	4.086832409099113	-0.2584158084066314	-4.640483237692055	2.296296660093332	-0.7720905862624728	5.564053194719428	-4.527540616314842	0.6502440034668037	5.974334281635628	0.01004098273801203	0.5203196484858279	0.01003465111841787	0.9725014013942547	0.9667049747116947	0.01026806726649575	0.02830152793335126	0.01764805526533577	0.2484519340495666	0.7381798130547873	0.01001300083994993	0.6325415885825777	0.0100155002443903	0.01001368570758782	0.2235193913484944	0.00999999158714085	0.009999991580704899	0.1474013932639348	0.5137371972212207	0.00999999021068429	0.9999999868743775	0.009999990129510784	1.00000000906857	1.000000008119753	0.009999990106665873	0.009999990201065874	0.009999990066348515	0.3492923713939826	0.5070620289554814	0.009999991295043583	0.3154223903635101	0.009999990477773639	0.009999992042304605	0.0100000220297369	0.009999990610096139	0.009999991252220527	0.1682611052339674
0.2773866457746856	-0.4541723267634524	2.132401510610142	0.8816691595940739	0.9487964840603956	0.2841523616954705	0.3432556085312599	-0.498800063828	-0.6189788623410549	0.2754746672636081	-0.2151009242579668	0.7234379698146709	4.082217747094155	-0.2842317903724064	-4.673312556142235	2.534687726665528	-0.7220589249418015	5.442495974800671	-4.680144906707004	0.6406350327178967	6.474965470605102	0.01003469594610045	0.5612952521584347	0.01002933528346926	0.9746263550761156	0.9692781423146751	0.01022697467883667	0.02560438180728649	0.01649471079136431	0.2590299612583144	0.7190232862682669	0.01001100553158471	0.6062118676899995	0.01001312146483188	0.01001158545014859	0.2006853663621183	0.009999991445220794	0.009999991536064899	0.1500212597323147	0.5265984777081769	0.009999990202472513	0.9999999864189946	0.009999990123648855	1.000000009009656	1.000000008099536	0.009999990105129208	0.00999999019372334	0.00999999006381482	0.3511776035325103	0.4833416698883339	0.009999991507012822	0.2973148892489914	0.009999990490499835	0.009999991922902697	0.01000001062991349	0.009999990711013443	0.009999991325229461	0.1707733432456307
0.2797987035640307	-0.4525136764730051	2.142240890997044	0.8809498695021307	0.9375281778375323	0.2905888677241574	0.3416068342944453	-0.48583463747788	-0.6304597661391317	0.2770102657500573	-0.1989340388500312	0.647092941171212	4.076011767930639	-0.3126066839650847	-4.662772926740531	2.808089138011603	-0.6396559115911619	5.305429733628735	-4.840787449212795	0.6329548336935662	6.92098983790545	0.01002937514322486	0.5980595023368088	0.01002483626818249	0.9765869491370619	0.971652217850999	0.01019219013926423	0.02329190780529365	0.0155130898087002	0.2685930857379616	0.6994361712614892	0.01000931687863786	0.5803270664548004	0.01001110823500244	0.01000980792400446	0.1796901357280707	0.009999991340620049	0.009999991509505219	0.1526181987653818	0.539459758195133	0.009999990194260738	0.9999999859636116	0.009999990117786926	1.000000008950743	1.000000008079319	0.009999990103592545	0.009999990186380803	0.009999990061281123	0.353062835671038	0.4596213108211865	0.009999991718982059	0.2792073881344725	0.009999990503226032	0.009999991803500786	0.009999999230090078	0.009999990811930747	0.009999991398238399	0.173285581257294
0.2822107613533757	-0.4510611532532722	2.152063977631615	0.8801599300144232	0.9263230362225795	0.297710582399322	0.3401814402732572	-0.4732181360394703	-0.6423323608892115	0.2785351976923776	-0.1817613104101368	0.5550495045857375	4.068829197995761	-0.3426281023618293	-4.623996507071288	3.09946624355205	-0.5397430946103374	5.153410597188046	-5.003716666915624	0.631613201018615	7.307746777137734	0.010024868422232	0.6312587777080845	0.0100210256170004	0.9783960702876623	0.9738428258363968	0.01016272348287577	0.02131190579798873	0.01467779220716015	0.2770594582233157	0.6776110878931604	0.01000788665755996	0.5551274790269912	0.01000940305946286	0.01000830237034425	0.160466702933925	0.00999999127261831	0.009999991497039798	0.1553093758519078	0.5533005235572016	0.009999990180858898	0.9999999801471645	0.009999990112813663	1.000000008867501	1.00000000802747	0.009999990102778267	0.009999990183360322	0.009999990059993628	0.3506436303743586	0.3901965130358539	0.009999992063610252	0.2680601393617587	0.009999990527456851	0.009999991728288323	0.009999999494053394	0.009999990978328722	0.009999991456729211	0.1777052469226955
0.2846228191427209	-0.4498468722895383	2.161868700969524	0.879295821546241	0.9152416016104137	0.3055529223628183	0.3390150701886882	-0.4609853403113081	-0.6545989203341261	0.2800579354200847	-0.1637304675671864	0.4495501981645555	4.060785518591604	-0.3741051943259898	-4.56019909676573	3.405608228569863	-0.4248816737902662	4.98727341752184	-5.16745018223283	0.6311354621819579	7.632510438155259	0.01002105420818481	0.6613503518953199	0.01001780052611653	0.9800652871408733	0.9758639886728763	0.01013778163346408	0.01962002179459273	0.01396795927710316	0.2843530034255012	0.6518933239545495	0.01000667627763098	0.5308382523810175	0.01000795992729873	0.01000702816951781	0.1429435560001584	0.00999999124063918	0.009999991495478949	0.1581922554499177	0.5671412889192703	0.009999990167457055	0.9999999743307175	0.009999990107840402	1.000000008784259	1.000000007975621	0.00999999010196399	0.009999990180339841	0.009999990058706136	0.3482244250776793	0.3207717152505213	0.009999992408238442	0.2569128905890449	0.009999990551687672	0.009999991653075862	0.009999999758016711	0.009999991144726701	0.009999991515220028	0.1821249125880969
0.287034876932066	-0.4489017534036235	2.171653089708353	0.8783541532307492	0.9043412130710106	0.3141491770258314	0.3381420874248605	-0.449166350931753	-0.6672602161508784	0.2815856042684958	-0.1449927907143074	0.3314995594414972	4.051960154892869	-0.4069385248179846	-4.472950768187091	3.724597845949846	-0.2960299737768287	4.806106544989575	-5.330012245561138	0.6331235595174691	7.893263615163821	0.01001782359055692	0.6804194253605332	0.01001506890127339	0.9816055629704631	0.9777289934683404	0.01011665390573682	0.01817553913815894	0.01336471092815868	0.2904359504769964	0.6214797375409269	0.01000565117001384	0.5077372616060063	0.01000673762225975	0.0100059489352342	0.1276311286512594	0.009999991241644243	0.009999991495690761	0.1633855604121997	0.5790838058555865	0.009999990152886955	0.7971719496787257	0.009999990103579853	1.000000008665693	1.000000007888433	0.009999990101916018	0.009999990181153166	0.009999990058519134	0.3421258018256861	0.2254960241163045	0.009999992894121476	0.2539799845307215	0.009999990592561396	0.009999991631832168	0.01953474484809979	0.009999991344539451	0.009999991479416853	0.2226441559454089
0.289446934721411	-0.4482602813407663	2.18141509291107	0.8773315311579043	0.8936881652963365	0.3235327324071299	0.3376011573258547	-0.4378316875278138	-0.6803073042101739	0.283100452895224	-0.1257050305242414	0.1977761118231813	4.04222415890147	-0.4412294213744457	-4.355112165746315	4.058412420710777	-0.1495543857885248	4.585686044486778	-5.487336583170267	0.6205053506318639	8.088621680279703	0.01001508940914928	0.6815213363106044	0.01001275704135315	0.9830267413233119	0.979449767825248	0.01009877122320327	0.01694440204973607	0.0128526525324721	0.2952684497710074	0.5855844008722896	0.01000478367147566	0.4860867997269394	0.01000570316140808	0.01000503554981892	0.1149895268122576	0.009999991273202126	0.009999991490367779	0.1726179533477744	0.5910263227919027	0.009999990138316851	0.5943439250267339	0.009999990099319305	1.000000008547127	1.000000007801246	0.009999990101868044	0.009999990181966489	0.009999990058332133	0.3360271785736928	0.1302203329820877	0.009999993380004511	0.251047078472398	0.009999990633435122	0.009999991610588474	0.02906948993818288	0.0099999915443522	0.009999991443613679	0.263163399302721
0.2918589925107561	-0.4479648654511441	2.191152226601385	0.8762242685248591	0.8833673202372464	0.3337436861737555	0.3374399286435084	-0.4271093516673039	-0.6937247800554127	0.2845045473689547	-0.1060258371515621	0.04165939826016269	4.031128267265115	-0.4771544050562166	-4.190789903798832	4.414076306656665	0.02197474388456212	4.274110460160359	-5.637154157825352	0.4942553096113994	8.217799475161602	0.01001277358450874	0.6739443960423196	0.01001079892391303	0.9843381513128533	0.9810376150446426	0.01008362368254437	0.0158955523383675	0.01241788983613745	0.2987936666230577	0.5458938109970213	0.01000404897624292	0.4662001628601005	0.01000482699955671	0.01000426193005525	0.1137465432458079	0.009999991312497371	0.009999991459868074	0.1845729986035237	0.6089624075180248	0.009999990126224182	0.5792914895802781	0.009999990095625593	1.000000008375366	1.000000007664196	0.009999990102590154	0.009999990186944713	0.009999990059287896	0.3258759149795423	0.07011016547110745	0.009999993686575734	0.2574803305366601	0.00999999070119892	0.009999991646379377	0.176433058565215	0.009999991515194973	0.009999991147013453	0.2913265268268426
0.2942710503001013	-0.4480859105728251	2.200859972034946	0.8750283439669113	0.8735282713631091	0.344855196477068	0.3377366218215186	-0.4173615457718556	-0.7074975131100938	0.2852461540068381	-0.08611412921563188	-0.1475398363626009	4.017856370629707	-0.5147450106727325	-3.955622412987411	4.805124660081646	0.2301395522086093	3.777637440206643	-5.781904326125392	0.07119194796490351	8.281415206436527	0.01001081363209287	0.6657549342272661	0.01000914171385451	0.9855481702308556	0.9825026836945377	0.01007080305901762	0.0150033189795459	0.01204915239641911	0.3009553543626186	0.503903451388336	0.01000342723402115	0.4483706948656054	0.01000408549369045	0.01000360720337615	0.1308597934448567	0.009999991341272824	0.00999999138847397	0.198156847249924	0.626898492244147	0.009999990114131512	0.5642390541338222	0.009999990091931881	1.000000008203604	1.000000007527146	0.009999990103312262	0.009999990191922936	0.009999990060243658	0.3157246513853917	0.009999997960127226	0.009999993993146954	0.2639135826009222	0.00999999076896272	0.00999999168217028	0.3237966271922471	0.009999991486037745	0.009999990850413228	0.3194896543509641
0.2966831080894463	-0.4486982910482366	2.210533744111372	0.8737401714454349	0.8643253679948655	0.356945210549437	0.3385749337772625	-0.4090249304505671	-0.721611525814173	0.2846895407887146	-0.06612329394900339	-0.3726778285553565	4.002399250120917	-0.5536059196998591	-3.644928868542144	5.234262028293426	0.4785209268661245	3.032273293219765	-5.921378420369644	-0.611076810581324	8.282029137052779	0.01000915357775264	0.6565679264598135	0.01000773808126276	0.9866647379551498	0.9838545918594802	0.01005994360282968	0.01424440453566704	0.01173628948364106	0.3017159468565558	0.4621337362494727	0.0100029006229432	0.4329755663034662	0.01000345746540686	0.01000305267480616	0.1748689311506384	0.009999991341138055	0.009999991297564306	0.2307127373461007	0.6591384995779311	0.009999990104971102	0.5385737406578225	0.009999990088864078	1.000000007941911	1.00000000730792	0.009999990104824144	0.009999990202217229	0.009999990062559985	0.3018564631817567	0.009999995301846922	0.009999993609866503	0.2816153113560775	0.009999990874182454	0.009999991806623823	0.6618983178514863	0.009999991202025091	0.009999990743834734	0.6597448291588927
0.2990951658787914	-0.4499438197313864	2.220163560389029	0.8723565267444191	0.8560903888542706	0.3701769869051148	0.3401104743136744	-0.4032281737657268	-0.7360648647979851	0.2819202347411837	-0.04622003460472887	-0.6725257720521667	3.981409649523815	-0.5939074419886633	-3.153051071683412	5.751836872659878	0.8082588524575416	1.671669127450942	-6.06326265943888	-1.763501100586084	8.208800095189336	0.01000774862805474	0.6460347399687861	0.01000655015057778	0.9876949848954559	0.9851019761493542	0.01005075253702899	0.01359972159063963	0.01147109836180412	0.3010351365010134	0.4230015376882497	0.01000245488153163	0.4203577669876445	0.01000292596719522	0.0100025833841723	0.2494062470941999	0.009999991297376857	0.009999991204246654	0.2945547051860832	0.6913785069117153	0.009999990095810693	0.5129084271818229	0.009999990085796277	1.000000007680218	1.000000007088693	0.009999990106336027	0.009999990212511521	0.009999990064876313	0.2879882749781216	0.009999992643566616	0.009999993226586051	0.2993170401112328	0.00999999097940219	0.009999991931077369	1.000000008510726	0.009999990918012437	0.009999990637256238	1.000000003966821
0.3015072236681365	-0.4520587043341436	2.229731442789921	0.8708731952810813	0.8494177479160635	0.3848356253362613	0.3425993892072542	-0.4020535609952796	-0.7508736567384104	0.2752608505726878	-0.02659623155358175	-1.083851476965461	3.952068700969532	-0.6349279708063184	-2.398286224443456	6.402713444205244	1.259228621222984	-0.5660321826166995	-6.209232275874458	-3.285166965961103	8.05285622636255	0.01000655865698392	0.6346774594921845	0.01000554399297291	0.9886456693922634	0.9862530221522988	0.0100429675615602	0.0130520096821009	0.01124620243562532	0.2988810647034181	0.3863524136930297	0.0100020772545556	0.4106670619032214	0.01000247581574635	0.01000218595637628	0.3275408237040853	0.009999991240761723	0.009999991125561368	0.3539374669188632	0.7779323163640529	0.009999990089517555	0.497645676131032	0.009999990083810348	1.000000007270261	1.000000006723416	0.009999990108769454	0.009999990230042881	0.009999990068888347	0.2705863249739632	0.009999992309772056	0.009999992408200448	0.3242133430532668	0.009999991097860397	0.009999992475487376	1.000000008798426	0.009999990937988305	0.009999990742512824	0.7809477322536693
0.3039192814574816	-0.455185872964417	2.239229283477675	0.8692988426239469	0.8444310499367929	0.4010648183881727	0.3462032776786593	-0.4053235091077627	-0.7659876851968764	0.2683543880046095	-0.007419228038665299	-1.511878819054549	3.923333335226259	-0.6693792604489628	-1.7551219122879	7.054089768674725	1.73275874027151	-2.013616442872706	-6.31635486924317	-1.968370486944617	7.838328427218246	0.01000555155408598	0.6229666534233524	0.01000469245739137	0.9895228611521777	0.9873150808338892	0.01003637872970451	0.01258721886878079	0.01105565706141561	0.2952177249880208	0.3520638911285688	0.01000175753502718	0.4040216286567828	0.0100020948610479	0.01000184968839275	0.392504854040602	0.009999991195917112	0.009999991075144319	0.3835601078125471	0.8644861258163905	0.009999990083224419	0.4823829250802411	0.009999990081824419	1.000000006860304	1.00000000635814	0.009999990111202881	0.009999990247574241	0.009999990072900384	0.2531843749698047	0.009999991975977496	0.009999991589814844	0.3491096459953008	0.009999991216318602	0.009999993019897385	1.000000009086126	0.009999990957964175	0.009999990847769412	0.5618954605405173
0.3063313392468267	-0.4593654488212773	2.248656500053466	0.8676518738089321	0.8408325200355994	0.4188700574448754	0.3509718147422649	-0.410679459483798	-0.7813117916811313	0.2667593250419671	0.01115766364506274	-1.960119590249511	3.892297357241334	-0.6949130110789361	-1.2140526123897	7.716594673242339	2.22681494364238	-2.40846760887949	-6.385995964721058	0.3569848936667598	7.556042890702677	0.01000469855494283	0.6109876248859896	0.01000397122213294	0.990332313297999	0.9882951195315763	0.01003079795658521	0.01219267727731033	0.01089412216828963	0.290248684843663	0.3200262544216879	0.01000148667092346	0.4003239724137359	0.0100017722038713	0.01000156497098303	0.4484867451120409	0.009999991149095066	0.009999991032434196	0.3871774986415501	0.9589259959411508	0.009999990079742747	0.4686267100367108	0.009999990081553067	1.000000005982016	1.000000005551062	0.009999990114874969	0.009999990273628008	0.009999990078731208	0.2370686282737344	0.009999991985332597	0.009999991496638645	0.3767711525543447	0.009999991152248785	0.009999993709549493	1.000000009124545	0.009999990826689523	0.009999990748146014	0.285947728125474
0.3087433970361718	-0.4646727346039073	2.258000815273299	0.865952873600461	0.8386447983404415	0.4383250956631585	0.3569729831782649	-0.416851078280721	-0.796775650422836	0.268683265898263	0.02898865594763642	-2.446939273038098	3.854594222653492	-0.7125220024563701	-0.5853255564397702	8.422049664882836	2.754816651022624	-2.689942212919143	-6.43223290339917	0.949473218527679	7.219852879535056	0.01000397664135266	0.5988173128765393	0.0100033608242808	0.9910791929757331	0.9891993955893261	0.01002607470826879	0.01185811882087117	0.01075730282732741	0.2841468638838451	0.2901500245541268	0.01000125741866073	0.3994617683669733	0.01000149912245326	0.01000132411466647	0.4974374890628594	0.00999999108929432	0.009999990980977622	0.3651019698352888	1.053365866065911	0.009999990076261076	0.4548704949931806	0.009999990081281713	1.000000005103728	1.000000004743984	0.009999990118547054	0.009999990299681773	0.009999990084562031	0.2209528815776641	0.009999991994687698	0.009999991403462445	0.4044326591133886	0.009999991088178967	0.009999994399201602	1.000000009162964	0.009999990695414868	0.009999990648522616	0.009999995710430677
0.3111554548255169	-0.4711358391618989	2.267251325813444	0.864222959361032	0.8379821650673924	0.4594470029444271	0.3642190082824761	-0.4235408210473079	-0.8123052866108715	0.2709530795729888	0.04598094734871681	-2.897502309219973	3.816289296304686	-0.7200045473105295	0.01867214870227981	9.071210711254968	3.236660842104355	-2.85030858558864	-6.435871111923521	0.8621394841338451	6.869311615969493	0.01000336519373627	0.5866043793639797	0.01000284382913292	0.9917683979167586	0.990033839955511	0.01002207412969403	0.01157430197049736	0.01064134395245164	0.2770060208879159	0.2623532370205791	0.01000106323579744	0.4137680501763701	0.01000126781520887	0.01000112017936016	0.5408682485642391	0.009999991026639459	0.009999990931988044	0.3322016255866659	1.097595543510195	0.00999999007489398	0.4444348747966637	0.009999990082690943	1.00000000354971	1.000000003168906	0.009999990123651874	0.00999999033657107	0.009999990092613957	0.204800490550579	0.009999992098757855	0.009999991352201571	0.7022163288583184	0.009999990984618878	0.009999994573532912	1.000000009199112	0.009999990666906749	0.009999990673973955	0.01000000120494076
0.3135675126148619	-0.4785804062975124	2.276414222445936	0.8624884717591509	0.8386518065040971	0.4819875453504425	0.3725064886667198	-0.4305691354531171	-0.8277817128126898	0.2725025007772354	0.06212560145828232	-3.260736174552945	3.781947615230677	-0.7163140861056555	0.5193533742548573	9.598335847588123	3.618357553428062	-2.970674822824199	-6.388112910542904	0.3521471729731462	6.51701955998592	0.01000284771177656	0.5744837139963226	0.01000240628503428	0.9924043271427542	0.990803779450142	0.01001868829484408	0.01133376546382113	0.01054314939066244	0.2689052278443917	0.2365645403335273	0.01000089888697261	0.4535909784515388	0.01000107203918425	0.01000094761150284	0.5796921432863725	0.009999990969232278	0.009999990894438563	0.3014968580356999	1.141825220954479	0.009999990073526886	0.4339992546001469	0.009999990084100175	1.000000001995691	1.000000001593829	0.009999990128756695	0.009999990373460367	0.00999999010066588	0.1886480995234939	0.009999992202828009	0.009999991300940697	0.9999999986032482	0.00999999088105879	0.009999994747864224	1.000000009235261	0.009999990638398626	0.009999990699425296	0.01000000669945083
0.315979570404207	-0.4867553310481428	2.285503094707757	0.8607771756366989	0.8403198918224526	0.505599718202799	0.3815519184973952	-0.4377699094510578	-0.8430738306776332	0.2727939463720281	0.07742968547124951	-3.500961950842899	3.755493757534985	-0.7011903201055423	0.8372550542990411	9.957015057870269	3.863682322475021	-2.992264223502686	-6.284078653862499	-0.08227048984486036	6.172333036833976	0.01000240941460494	0.5625372387299921	0.01000203569423112	0.9929911497833578	0.9915142629468894	0.01001582052064358	0.01112980192955196	0.01045994164493097	0.2598501665973085	0.2127157019672016	0.01000075967871304	0.5019841884663967	0.01000090620681878	0.01000080144374435	0.6146587667455005	0.009999990923754589	0.00999999089269483	0.2729014893123428	1.155798843586294	0.009999990073528336	0.4257360035971466	0.009999990086894832	0.9999999846827411	0.9999999941588532	0.009999990135331009	0.009999990430143949	0.009999990112225328	0.1711590810116764	0.009999992319805166	0.009999991244343137	1.000000001576915	0.009999990798845433	0.009999994501544481	1.000000009199221	0.009999990705338411	0.009999991057541601	0.009999999563963868
0.3183916281935522	-0.4953889656475778	2.294537157689875	0.8591128280132454	0.8425629162358268	0.5299099183487193	0.3910578445527074	-0.444966975065676	-0.8580604798267235	0.2722417523577411	0.09190021691207999	-3.641083486985379	3.73650154014496	-0.6773859151422852	0.9960742037127893	10.17711741463617	4.000186070697431	-2.967599951783432	-6.134828169852025	-0.34737139810465	5.825864832417803	0.01000203847425515	0.5508395043350722	0.0100017220557757	0.9935326105356218	0.9921698251954917	0.0100133934333071	0.0109570095733322	0.01038949230449337	0.2498416879387668	0.190741131391021	0.01000064185523681	0.5448952770169344	0.01000076584686572	0.01000067770114186	0.6462855299205005	0.009999990895553246	0.009999990946254485	0.246341692135747	1.16977246621811	0.009999990073529785	0.4174727525941462	0.009999990089689487	0.9999999673697908	0.999999986723877	0.009999990141905326	0.009999990486827528	0.009999990123784778	0.1536700624998588	0.009999992436782325	0.009999991187745578	1.000000004550582	0.009999990716632075	0.009999994255224735	1.000000009163182	0.009999990772278197	0.009999991415657907	0.009999992428476901
0.3208036859828972	-0.5042581990660284	2.303534109188142	0.8575141818705629	0.8450091580258744	0.5546073402996202	0.4007839804671881	-0.4520311324311151	-0.8726409102763326	0.2715714627832594	0.1055271129885038	-3.703361576751714	3.724418411635424	-0.6473408603280183	1.015410293666611	10.28712492543415	4.054385230377758	-2.900437449848625	-5.950079376925072	-0.03352536314854178	5.471116848190952	0.01000172429536041	0.5394244444070714	0.01000145641094591	0.9824129370601495	0.9822536243029206	0.01001133772026068	0.01081053723288991	0.01032980312336284	0.2391183328153276	0.1705748151018511	0.01000054205594442	0.5833245142901903	0.0100006469538858	0.01000057281303217	0.6750156520312024	0.009999990886766643	0.009999995069422249	0.2217475513871921	1.157980803022788	0.009999990074615508	0.4104778265494888	0.009999990093798285	0.7030381503973909	0.73109930378722	0.009999990149938255	0.009999990579310041	0.009999990140399912	0.1394239092862633	0.009999992889858667	0.009999991173748991	1.000000004461294	0.009999990653656097	0.009999993461469375	1.000000009308084	0.009999990900958185	0.01000004292224148	0.009999991642032599
0.3232157437722423	-0.5132079280985162	2.31250871674868	0.8559939303798897	0.8473800393921797	0.5794683804366615	0.4105683067398513	-0.4590104817363	-0.8867416194083922	0.2729236904291871	0.118283877944179	-3.707827836472149	3.717974672482379	-0.6123836151513724	0.9335877872801783	10.31278430194139	4.048435626275634	-2.897279861917555	-5.737058829773536	1.329634210420415	5.10438036003711	0.01000145839931545	0.528323010229605	0.01000123159082031	0.9492276135588956	0.9523405381915915	0.0100095979132758	0.01068648504140395	0.01027927207590284	0.227893179044095	0.152147400802283	0.01000045759164117	0.6179278558961191	0.01000054632267338	0.01000048392212458	0.7011812887540683	0.009999990899105944	0.01000000647448577	0.1990532043692485	1.146189139827466	0.009999990075701234	0.4034829005048313	0.009999990097907085	0.406076333424991	0.4621986208505628	0.009999990157971182	0.009999990671792554	0.009999990157015049	0.1251777560726678	0.009999993342935005	0.009999991159752407	1.000000004372005	0.00999999059068012	0.009999992667714017	1.000000009452987	0.009999991029638177	0.01000009442882506	0.009999990855588295
0.3256278015615874	-0.522111393869633	2.321474050601443	0.854563377840565	0.8494359494649517	0.6043045464908308	0.4202803758990739	-0.465999810046809	-0.9002969690605831	0.2785377571504188	0.1301389568747618	-3.671218223614765	3.716368885665266	-0.5731964119474255	0.7565735288638612	10.27410129806557	4.001462837787788	-2.858406672535963	-5.498996320805067	3.119503757336349	4.722013505751161	0.01000123319109121	0.5173479583877983	0.01000104117359409	0.9066306157644625	0.912370583019063	0.01000812432366545	0.01058135317740337	0.01023646302587678	0.2162674332139508	0.1353867393531898	0.01000038605041279	0.6492575620980702	0.01000046108131235	0.0100004085449846	0.7250755755297437	0.009999990927992563	0.02882422182531362	0.1781929735019019	1.128698539444415	0.00999999007771696	0.3926537086069545	0.009999990103477886	0.3884442110745129	0.4072513343338084	0.009999990168260656	0.009999990841114696	0.009999990181850852	0.1122255144535967	0.009999994911235098	0.00999999115050164	1.000000004086853	0.009999990537477233	0.00999999229380738	1.000000009406602	0.009999991142357858	0.2501051633824251	0.009999990779395869
0.3280398593509325	-0.5309018170936997	2.330439706951323	0.8532315997181518	0.8509597307838199	0.6290006838887314	0.4298571899036474	-0.4726085497303911	-0.9132520433129117	0.2869794259998066	0.1410467608680218	-3.614096626922033	3.718242076620887	-0.5304830758296203	0.4923639026332711	10.19667708685959	3.936286443742386	-2.581708130089238	-5.23932995900265	3.67419008353966	4.318930739794013	0.01000104259302432	0.5063291685277241	0.01000088002044226	0.8659278131662349	0.871223988193939	0.01000687718818465	0.01049233176832076	0.0102002252113805	0.2043320399356603	0.1202140468215868	0.01000032550221635	0.6777141744680737	0.01000038893165976	0.01000034469433773	0.7469305912845342	0.00999999096976267	0.07805578382061469	0.1590988152669328	1.111207939061363	0.009999990079732684	0.3818245167090776	0.009999990109048685	0.3708120887240349	0.3523040478170539	0.00999999017855013	0.009999991010436837	0.009999990206686656	0.09927327283452575	0.00999999647953519	0.009999991141250872	1.000000003801701	0.00999999048427435	0.009999991919900742	1.000000009360217	0.00999999125507754	0.4902102323360252	0.009999990703203442
0.3304519171402776	-0.5395447836832243	2.339412694084527	0.8520063514915482	0.8517673108306145	0.6534833322522927	0.4392707208037405	-0.4782251212399797	-0.9255590818993414	0.2950940992956951	0.1509561283391769	-3.552105612057284	3.722061520228459	-0.4851059092336255	0.1745315661430314	10.10154229412358	3.869185974973461	-2.066656544187401	-4.963153301275093	3.017014450945812	3.895563150815963	0.01000088116088304	0.49498053430719	0.01000074352816205	0.8254739515900651	0.8287415095818024	0.01000582088705759	0.01041690048133936	0.01016952724906031	0.1922896865436074	0.1071022120307072	0.01000027421912268	0.7036469161547151	0.01000032781472696	0.01000029056783548	0.7669555011254108	0.009999991044253838	0.1482399826348598	0.1417002401361653	1.098647291833064	0.009999990083298044	0.364321414261321	0.009999990117075842	0.3159273993264234	0.2920602717029098	0.009999990192403259	0.009999991350379395	0.009999990242921081	0.08965892840598889	0.01871639225471292	0.009999991149094079	1.000000003740939	0.009999990436394787	0.009999991683835049	1.000000008864226	0.009999991645779086	0.745105120112612	0.009999990637369602
0.3328639749296227	-0.5480363066169857	2.34839629787483	0.8508930670061272	0.8517885518641284	0.6777220543198392	0.4485229677361597	-0.4825363021632642	-0.9371846725645326	0.301354303265207	0.1598296058157707	-3.488524464901461	3.727045063967349	-0.4376463770763672	-0.1596428749442263	9.994421322431188	3.802555014598187	-1.499320641638121	-4.674295469158729	2.136524332272477	3.460004391397919	0.01000074453811509	0.483041544571051	0.01000062801320747	0.7837823221137606	0.7847607783957692	0.01000492691602459	0.01035303772499891	0.01014354301660438	0.1803255043078139	0.09646774482716849	0.01000023081842284	0.7273262114252741	0.01000027608288692	0.01000024472321764	0.7853222860404427	0.009999991167340303	0.2331243443304903	0.1259205246385678	1.086086644604764	0.0099999900868634	0.3468183118135643	0.009999990125102999	0.2610427099288118	0.2318164955887657	0.009999990206256387	0.009999991690321952	0.009999990279155506	0.08004458397745204	0.02743278802989064	0.009999991156937286	1.000000003680177	0.009999990388515224	0.009999991447769358	1.000000008368236	0.009999992036480634	1.000000007889199	0.00999999057153576
0.3352760327189678	-0.5563683185859342	2.357393477128058	0.8498966903990386	0.8509893080062519	0.7016829876611972	0.457610064448724	-0.4854889114507637	-0.9480990313990633	0.3057811875135555	0.1676471082323115	-3.413791930854145	3.733689293786938	-0.3879953871520102	-0.5114986375417467	9.864086252883531	3.725407150990725	-0.9521479053130706	-4.373591251832494	1.582131230355007	3.025253655042444	0.01000062882225315	0.4704040692939336	0.01000053017601302	0.7415077572339729	0.7398636552779123	0.01000416974119946	0.01029893089870968	0.01012153220408197	0.1689090903707395	0.09529437620283064	0.01000019407036019	0.748993704589909	0.01000023226066664	0.01000020586034829	0.8021882665055492	0.009999992415390509	0.3143046000074337	0.1116793263666037	1.057119567794879	0.009999990092796146	0.3259523491910805	0.009999990136813958	0.2221163679399592	0.1854384883503506	0.009999990224571084	0.009999992352747365	0.009999990323787343	0.07872039340913257	0.1437769171409263	0.009999991294402915	1.000000003638169	0.009999990351601065	0.009999991245500961	1.00000000713348	0.01000000620931858	1.000000008435225	0.009999990503528336
0.3376880905083129	-0.5644743576310463	2.366410774393776	0.8490238475456305	0.8492803345239021	0.725263548880101	0.4664621351187699	-0.4871453041645199	-0.958273998204155	0.3092183744191551	0.1744394038100459	-3.301155053741557	3.743726266697625	-0.3352161996350487	-0.9139611408598504	9.67902910908183	3.607679051379766	-0.4245399465243836	-4.061215606225926	1.315899430895195	2.609936168874446	0.01000053089049142	0.4569677099241791	0.01000044737622438	0.6992319009795671	0.6945579720802408	0.01000352892961649	0.01025312706685622	0.01010290199677863	0.1584686248676199	0.1091228267849308	0.0100001629908697	0.768845056458577	0.01000019516737584	0.01000017293884409	0.8176862485426148	0.009999995649725523	0.3812698958346342	0.09888927804321471	1.028152490984993	0.00999999009872889	0.3050863865685968	0.009999990148524917	0.1831900259511064	0.1390604811119354	0.009999990242885781	0.009999993015172782	0.009999990368419181	0.07739620284081312	0.2601210462519619	0.009999991431868546	1.000000003596161	0.009999990314686904	0.009999991043232561	1.000000005898725	0.01000002038215653	1.000000008981252	0.009999990435520911
0.340100148297658	-0.5722469926487368	2.375457229812201	0.8482826717135958	0.8465222227260003	0.7483138195628716	0.474962851235728	-0.4875256502806143	-0.9676826724627894	0.3121434798815717	0.1802640182491214	-3.135761820147024	3.757629407704289	-0.2789460905947747	-1.375632055019928	9.42390320562559	3.431494586456497	0.1008442922079612	-3.740237533383034	1.086153903725447	2.226490449373026	0.01000044794553435	0.4426302514185374	0.0100003772487746	0.6569776713109527	0.6489733672200413	0.01000298617775508	0.01021432385362762	0.01008712121469043	0.1494678182982474	0.134195394881221	0.01000013668389874	0.7870581670738588	0.01000016374535148	0.01000014503007868	0.8183558668162606	0.04841506582509398	0.4387476218925042	0.08745979900198893	0.971543756952067	0.009999990107837829	0.2807884494801418	0.009999990165438189	0.1467191454501554	0.0976438355377485	0.009999990267540098	0.009999994230631441	0.009999990409626821	0.08503592317162177	0.3575655196096255	0.009999991514045861	0.9999999877653867	0.009999990288475345	0.009999990917116956	0.6564227089160412	0.5050000138575694	1.000000009144193	0.009999990388503514
0.3425122060870031	-0.5795635259779782	2.384539598054905	0.8476800928203746	0.8426313114832366	0.7706792177933907	0.4829709843510461	-0.4866989804278219	-0.9763177509496207	0.3143454674496937	0.1852132743106481	-2.922970343189443	3.773504014508854	-0.2202961181794764	-1.853241658819364	9.111155109315352	3.199245220469092	0.5762785033638818	-3.419775110712026	0.7163135524068821	1.884117424882893	0.01000037774895147	0.4272946701046072	0.01000031790110867	0.6147570539579548	0.6032121051288215	0.01000252683869944	0.01018147780958892	0.01007376459063571	0.1423144236975565	0.1669752640754977	0.01000011443241621	0.803781615705483	0.01000013714823987	0.01000012139095503	0.7922063490911198	0.1445384449615004	0.4888571953894021	0.07729537056744555	0.9149350229191412	0.009999990116946769	0.2564905123916869	0.009999990182351461	0.1102482649492044	0.05622718996356156	0.009999990292194416	0.0099999954460901	0.009999990450834462	0.0926756435024304	0.4550099929672892	0.009999991596223175	0.9999999719346125	0.009999990262263784	0.009999990791001351	0.3128454119333573	1.000000007332982	1.000000009307133	0.009999990341486117
0.3449242638763482	-0.5863048724438249	2.39366188273894	0.8472211422087939	0.8375873005877257	0.7922195173055815	0.490343474860694	-0.4848320144408342	-0.9841873375418135	0.3156344824866832	0.1893999033782446	-2.656311611536257	3.790789455662889	-0.1601090888125551	-2.333290170076495	8.73767736777471	2.90134553404749	0.9577077518957964	-3.107367644018933	0.3691920309639419	1.599120062030539	0.01000031829553286	0.4109292913694413	0.01000026763790852	0.5728933383967847	0.5579091978547076	0.01000213779211487	0.01015365361082436	0.010062451101696	0.1371200278718149	0.2122201893559629	0.01000009560663373	0.805200908699014	0.01000011461827816	0.01000010135388515	0.7489311363556908	0.2449616224138224	0.5332312184099424	0.06829890472668484	0.8169751277487194	0.009999990128459469	0.2302317534301287	0.009999990204483849	0.08400536670044539	0.03311366220987724	0.00999999032581524	0.009999995089187957	0.009999990477140041	0.104704380712491	0.6663158536281313	0.009999991782238114	0.6477802040379985	0.009999990251666712	0.009999990716444444	0.1614227109431474	1.000000008255252	1.000000009389335	0.009999990311464054
0.3473363216656933	-0.5923275953373593	2.402828691758603	0.8469083918318019	0.8313549801897532	0.8127744160702424	0.4969074034004962	-0.4821466244985247	-0.9913173962885101	0.316207036725331	0.1929846382685957	-2.327111010559437	3.810422147917493	-0.09907163074426192	-2.838549314142288	8.294092805184107	2.528811888881866	1.254889073091546	-2.806582633514335	0.1222475217283094	1.385046316467341	0.01000026798068597	0.3934993572025071	0.01000022510256111	0.5316856028953817	0.5136589455904048	0.01000180853884603	0.01013010214501031	0.01005287574065894	0.1339585904457363	0.2730120417347275	0.01000007970258785	0.7790226069492169	0.01000009554909629	0.01000008438465791	0.6969996843421268	0.3233993966989162	0.5728399617991671	0.06037227131485261	0.7190152325782976	0.009999990139972168	0.2039729944685705	0.009999990226616236	0.05776246845168638	0.01000013445619291	0.009999990359436065	0.009999994732285813	0.009999990503445622	0.1167331179225516	0.8776217142889735	0.009999991968253052	0.2955604361413843	0.009999990241069637	0.009999990641887536	0.01000000995293742	1.000000009177523	1.000000009471536	0.009999990281441992
0.3497483794550383	-0.5974860133023017	2.412045774705808	0.8467428237035137	0.8238674603633485	0.8321814061627056	0.5024894542953612	-0.4788172572303047	-0.997738967103349	0.3162590281986759	0.1961432023367871	-1.949024071199893	3.832115780204629	-0.03879525110113533	-3.368171778210825	7.796566598129511	2.098294773733647	1.501208198289768	-2.520562336571561	-0.0781480163769678	1.246088022775034	0.01000022536658756	0.3750252291790789	0.0100001890793931	0.4915410945981223	0.471274216931218	0.0100015296744097	0.01011015223510081	0.01004476524893395	0.1330323574545785	0.3227307808451026	0.01000006628994891	0.7368172010309213	0.01000007939728379	0.01000007000344436	0.6428036653784028	0.3891708931406457	0.6084761699380458	0.05341794400919108	0.5984448884288482	0.009999990148090431	0.1770374409704541	0.009999990248345412	0.044220561675996	0.01000009030490236	0.009999990408675155	0.009999994048147352	0.009999990516945669	0.1354558775575919	0.647362061594608	0.00999999252652534	0.1813978701932838	0.00999999024310457	0.009999990602465404	0.01000000059197018	1.000000009328068	1.000000009517801	0.009999990246211593
0.3521604372443835	-0.6017248107272085	2.421315415684196	0.8467184257972421	0.8151146696341968	0.8503811947856459	0.5070233136630761	-0.4749263599319209	-1.003489360104201	0.3158348168794812	0.199054550794484	-1.564591518615606	3.854001560827517	0.0179821335892586	-3.887670863664066	7.293120544191399	1.659685509091038	1.720491541361013	-2.250063783135801	-0.272604371657681	1.180063159275566	0.01000018930267517	0.3555183163030802	0.01000015859560907	0.4528581338808458	0.4315645853535342	0.01000129367317565	0.01009326646052148	0.01003790090627313	0.1344830978829133	0.3426459598884769	0.01000005502436257	0.6887402609022647	0.01000006572799777	0.01000005782628027	0.5921813362471242	0.4455068869224902	0.6406818178712883	0.04734156729304231	0.4778745442793989	0.009999990156208694	0.1501018874723378	0.009999990270074586	0.03067865490030563	0.01000004615361181	0.009999990457914247	0.009999993364008895	0.009999990530445719	0.1541786371926323	0.4171024089002424	0.009999993084797629	0.06723530424518336	0.009999990245139501	0.009999990563043272	0.009999991231002939	1.000000009478613	1.000000009564066	0.009999990210981195
0.3545724950337285	-0.605059657938126	2.430636763981771	0.8468248524411179	0.805144637753715	0.8673939697855966	0.5105259568023691	-0.4705203550546136	-1.008605493168911	0.3149483728305654	0.2018879166494929	-1.205586071776253	3.874728849637639	0.06935168811408658	-4.373358868594837	6.819199501927652	1.250429931927323	1.932539621805443	-1.994202037597706	-0.4628573108082901	1.16854823055934	0.01000015875779956	0.3349853749118492	0.01000013277901991	0.416519930395595	0.3945879122981854	0.0100010937942995	0.01007896338167192	0.01003208677188212	0.1355346701228515	0.3450287482723949	0.01000004702052129	0.6384358445901295	0.01000005415224509	0.01000004750854242	0.5448185294190009	0.4948560402978255	0.669919628944213	0.04205135068620407	0.4060873287638388	0.009999990154640644	0.122506948445036	0.009999990281540718	0.04037362889634514	0.01492142986237171	0.009999990529227121	0.009999993526818803	0.009999990592712549	0.1326085705638865	0.3196229231172148	0.01000001210937209	0.03861764898689734	0.009999990266565168	0.009999990550177792	0.009999990925280703	1.000000009549918	1.000000009590527	0.009999990187672754
0.3569845528230736	-0.6075649653033944	2.440006451077254	0.8470485882306037	0.7940450462795196	0.8833061643232333	0.5130836928553786	-0.46560494040149	-1.013119917827895	0.3135997637514498	0.2046882718919325	-0.8767640135588565	3.894082522503527	0.1152510681297513	-4.824265002248487	6.380554960418347	0.8761992340460428	2.142877587057373	-1.751146710433048	-0.6558166083141144	1.152691831179623	0.0100001329068237	0.3134232617825585	0.0100001109316904	0.3834102206730565	0.3604329910346246	0.01000092464365437	0.01006685757189152	0.01002716602318114	0.1338503777258768	0.3379298645656251	0.01000004317041348	0.58921286822635	0.01000004435874931	0.01000003877445966	0.5004694660215242	0.5385423058666737	0.6965342248752618	0.03746197255255346	0.3343001132482787	0.009999990153072593	0.09491200941773427	0.00999999029300685	0.05006860289238465	0.0198428135711316	0.009999990600539996	0.009999993689628709	0.009999990654979383	0.1110385039351408	0.2221434373341873	0.01000003113394655	0.00999999372861133	0.009999990287990836	0.009999990537312316	0.009999990619558469	1.000000009621224	1.000000009616987	0.009999990164364314
0.3593966106124187	-0.6093142314454238	2.449421209539486	0.8473765051153948	0.7818953745999424	0.8982038843970662	0.5147821262695789	-0.4601734553970985	-1.017062291448023	0.3117864004936676	0.2074010151090083	-0.5790083014566497	3.912071387755774	0.1558338945151834	-5.243426183993429	5.978326457597041	0.5382988444856937	2.359566943279485	-1.51916083903631	-0.8490118371660363	1.085236164499837	0.0100001110118095	0.2911970037937298	0.01000009242976787	0.352024953459199	0.3285196394847044	0.01000078138410514	0.01005660367546579	0.01002299817272699	0.1297668946656369	0.3252051900399022	0.01037226208588439	0.5420397854715853	0.01000003606614653	0.0100000313746671	0.458916212224987	0.5776213234446798	0.7208290344969663	0.03349196435888677	0.5312641179102049	0.009999990157146003	0.07427915732837213	0.009999990311320456	0.03003440137618308	0.01492142272467083	0.009999990628347576	0.009999994247377915	0.00999999078756743	0.08958138143954766	0.186595247007675	0.01473217365099592	0.009999993235504328	0.009999990296668131	0.00999999052133076	0.00999999055944051	1.000000009641689	1.000000009623741	0.009999990149484606
0.3618086684017638	-0.6103839176064172	2.458877490443082	0.8477964266011023	0.7687811331649217	0.9121760942103235	0.5157104772569241	-0.4542277439680327	-1.020455372414021	0.3094980192053168	0.2098686270192954	-0.3132783590790807	3.928511582658675	0.1915382958428566	-5.624054924118896	5.613151903440382	0.2376718900853041	2.56925744159135	-1.295691077027143	-1.049686135542637	0.9494369109438826	0.01000009248225092	0.2686454913615355	0.01000007677403874	0.3209084646698773	0.2982946436947584	0.01000066014490914	0.01004792524585204	0.01001947078625099	0.1235339267305796	0.3101461978999697	0.01141273000886467	0.4978664323277416	0.0100000290492864	0.01000002510962036	0.4199874711147735	0.6127784110390256	0.7430432703341522	0.03006814830513246	0.7282281225721312	0.009999990161219415	0.05364630523901	0.00999999032963406	0.01000019985998151	0.01000003187821007	0.009999990656155155	0.009999994805127119	0.009999990920155478	0.06812425894395459	0.1510470566811626	0.01946431616804529	0.009999992742397325	0.009999990305345428	0.009999990505349204	0.009999990499322554	1.000000009662155	1.000000009630495	0.009999990134604893
0.3642207261911089	-0.6108652481351872	2.468370160041081	0.8482971382076687	0.7548397248291921	0.9253274541204298	0.5159732496274149	-0.4478475930871945	-1.023314511769902	0.3067113792141156	0.2119125905784738	-0.0928006038931275	3.942036745168502	0.2231491285654585	-5.920484587559821	5.298795267643957	-0.01197546147447758	2.707024552823389	-1.074447399085767	-1.264088104934561	0.7458747457319144	0.01000007679008925	0.2456933387089263	0.01000006351919456	0.2909710943699576	0.2699235255908285	0.01000055746143764	0.01004057450430246	0.01001648313014122	0.1181838255408214	0.2959029547681167	0.01276410844557738	0.4564772611543734	0.01000002310529929	0.01000001980029144	0.3835309624071328	0.644588661980504	0.7633921719196726	0.02712171854899411	0.6921385623827523	0.009999990182459156	0.03182321179167414	0.0099999903786785	0.01000010062081104	0.0100000149923068	0.009999990675057299	0.009999994345993191	0.009999990974205319	0.09144112937817531	0.1764538939307788	0.0210183557834106	0.009999993042235823	0.009999990286222964	0.009999990482696938	0.009999990515027113	1.000000009662996	1.000000009629155	0.009999990123573081
0.366632783980454	-0.6108652481817424	2.477892087726326	0.8488705774266951	0.7402934716685038	0.9377731497107012	0.5156904024220162	-0.4412359540073952	-1.025635895373177	0.3033845576912118	0.2134693381369232	0.08582524809069053	3.952771438600821	0.2518416706468707	-6.125572613811663	5.028037962180633	-0.214738146108279	2.761199939804753	-0.8498014677637019	-1.497587122068642	0.5454532229234592	0.01000006351276628	0.2222630893871666	0.0100000523088948	0.2631166615246691	0.243580216809925	0.01000047056125014	0.01003435312977229	0.01001395458873373	0.1163445862419133	0.2853757458072811	0.01414213293254575	0.4177028229297834	0.01000001807184681	0.01000001530342028	0.3494258510073944	0.673466561815781	0.782052195142425	0.02459257726318504	0.6560490021933735	0.009999990203698895	0.01000011834433828	0.009999990427722941	0.01000000138164057	0.009999998106403533	0.009999990693959441	0.009999993886859262	0.00999999102825516	0.114757999812396	0.2018607311803949	0.02257239539877591	0.009999993342074322	0.009999990267100502	0.009999990460044673	0.009999990530731672	1.000000009663838	1.000000009627815	0.00999999011254127
0.3690448417697991	-0.6104666714608425	2.487437968772913	0.8495105992946396	0.7253291853724991	0.949595222263701	0.5149551074469069	-0.4345635395051643	-1.027409979415268	0.299470593802601	0.2146102370873518	0.2426081280195949	3.962274339051329	0.2785964635658585	-6.276138380336121	4.77578258804994	-0.3925402289281851	2.764182193764152	-0.6205685555610873	-1.749931396332485	0.4086709337069237	0.01000005227128308	0.1995281068509985	0.01000004282406701	0.2372714781035057	0.2191953179289831	0.01000039696204386	0.01002908355265607	0.01001181294780313	0.1160921734314196	0.2775901236289312	0.01558022347919116	0.3813924607735937	0.01000001380643849	0.01000001149161967	0.3175638299596518	0.6997726631586622	0.7991845661460913	0.02242490376574871	0.5966196278369204	0.00999999023602084	0.01000006093583051	0.00999999050916711	0.009999998877271198	0.009999996380699013	0.00999999071926831	0.009999993672709243	0.009999991036548103	0.113889215708921	0.2127876598159837	0.02461316969434831	0.009999993536887065	0.009999990257423146	0.009999990442706773	0.009999990531305172	1.000000009666316	1.000000009626174	0.009999990103364349
0.3714568995591442	-0.6097047848491902	2.497006128548061	0.8502133663617606	0.7100465127086458	0.960818550129201	0.5138083418192042	-0.427935795604277	-1.028626488577302	0.2949321372582642	0.2154800233610669	0.3870700129194691	3.971244236938874	0.3038679524829469	-6.389568252104435	4.53157830839901	-0.5559162508872035	2.724160527614087	-0.3874784815395248	-2.015396155073417	0.320655394354717	0.01000004276236073	0.1786283947202151	0.01000003480938607	0.213368384375896	0.1967030806956739	0.01000033467745001	0.0100246236563221	0.01001000041688266	0.1157628751616445	0.271625960625681	0.01710481110988973	0.3474265678903305	0.01000001019505196	0.01000000826295304	0.2878564106643439	0.7237849884840981	0.8149251088187048	0.02057100898307812	0.5371902534804672	0.009999990268342787	0.01000000352732275	0.009999990590611279	0.00999999637290183	0.009999994654994494	0.009999990744577178	0.009999993458559222	0.009999991044841042	0.113020431605446	0.2237145884515725	0.0266539439899207	0.009999993731699807	0.009999990247745789	0.009999990425368874	0.009999990531878675	1.000000009668794	1.000000009624532	0.009999990094187425
0.3738689573484892	-0.6086031884817817	2.506595751427081	0.8509755988891315	0.6945222495497544	0.9714560494192647	0.5122781865060744	-0.4214426126597957	-1.02927684331797	0.2897413589176403	0.2161793473512556	0.5258414416138433	3.980193395974749	0.3279689176723662	-6.480022805262845	4.288435423787535	-0.7121353703654565	2.656171506751819	-0.1514707875745724	-2.290197842545827	0.2636072644845233	0.01000003471470034	0.1595826652751066	0.01000002803890978	0.1913414925650654	0.176037767282742	0.01000028192937137	0.01002084610066511	0.01000846522932333	0.1156096865122155	0.2661262763040415	0.01863916574451968	0.3156978921701026	0.01000000713527194	0.01000000552625636	0.2602224287588194	0.7457515700006846	0.8293992754302806	0.01898701421507209	0.4809830387232705	0.009999990316490855	0.01147810784040614	0.009999990739719144	0.009999995417305028	0.009999993974815442	0.009999990792299853	0.009999993157268905	0.009999991038276888	0.1159814367758053	0.2111713107943773	0.02788528696851442	0.009999993648800909	0.00999999024400397	0.00999999041523944	0.009999990525342735	1.000000009670567	1.000000009621188	0.009999990086750732
0.3762810151378344	-0.6071704600586354	2.516207204157621	0.8517946503058532	0.6787987916678575	0.981505226754749	0.5103763121567387	-0.4151395054512972	-1.029355735765941	0.2838763884508218	0.2167729499061215	0.6616339617605084	3.989344841007903	0.3509803306371399	-6.554734048616802	4.043760846331357	-0.8641336060830918	2.566555899049723	0.08635949632486586	-2.574414375260953	0.2329946129341446	0.01000002791120568	0.1424007393628195	0.01000002233183684	0.1711243617004193	0.15713099214426	0.01000023729495389	0.01001764897468885	0.01000716595891591	0.1158445523853882	0.2598767160590336	0.0201225929575249	0.2861186835215047	0.01000000454514464	0.01000000320857923	0.234590983105471	0.7658726574925858	0.8427147835221112	0.01763606675017263	0.4247758239660737	0.00999999036463892	0.01295621215348953	0.009999990888827007	0.009999994461708225	0.009999993294636394	0.009999990840022527	0.009999992855978586	0.009999991031712735	0.1189424419461646	0.198628033137182	0.02911662994710813	0.009999993565902011	0.009999990240262152	0.009999990405110007	0.009999990518806795	1.00000000967234	1.000000009617844	0.009999990079314037
0.3786930729271795	-0.6054123268467586	2.52584111001998	0.8526679238691296	0.6629090232958977	0.9909611020756989	0.5081113600276272	-0.4090710607032599	-1.028859617247822	0.2773189371595391	0.2173217912165101	0.795791306784899	3.998828202696433	0.3729167462512998	-6.61913664651122	3.796547026318487	-1.01331584487745	2.463674464501479	0.3248798444718313	-2.864034057699433	0.2248584460925706	0.01000002215789933	0.1276641334391689	0.01000001753444764	0.1526488041397023	0.1399118199652236	0.01000019949651725	0.01001494099318686	0.01000606549705692	0.1163435452277439	0.2521366087143103	0.02150611746312055	0.2586083720418267	0.01000000235123775	0.01000000124454758	0.2108941324833721	0.7843301159062812	0.8549718873037838	0.01648449991760561	0.3759221907837184	0.009999990434888906	0.02523868871678742	0.009999991210350258	0.009999994033254082	0.009999992973119244	0.009999990870598129	0.00999999258448964	0.009999991022821699	0.1207307035043856	0.1706565146137527	0.02959963992301563	0.009999993250535112	0.009999990242207326	0.009999990401853795	0.009999990506254983	1.000000009673129	1.000000009611792	0.009999990073320492
0.3811051307165245	-0.6033332157229288	2.535498260162727	0.8535927127038789	0.6468741100897656	0.9998192584760194	0.5054907347751957	-0.4032618214172168	-1.027789085808988	0.2700540584909582	0.2178710638721643	0.9277784242778448	4.008618243571057	0.393695121054314	-6.675083432295565	3.54815172513225	-1.159046211321003	2.351631146301805	0.562644039136267	-3.160990186523243	0.2333522704227534	0.01000001729955853	0.115891973813575	0.01000001352373418	0.1358413167579817	0.1243029574936567	0.01000016751164732	0.01001264910256261	0.01000513414803045	0.1170025767057058	0.2422360834318995	0.02275074744825072	0.2330963863791344	0.01000000049478998	0.009999999581848414	0.1890662967091121	0.8012755283319916	0.8662578232472794	0.01550440032136581	0.3270685576013629	0.009999990505138891	0.0375211652800853	0.009999991531873507	0.009999993604799936	0.009999992651602096	0.009999990901173728	0.009999992313000692	0.009999991013930662	0.1225189650626067	0.1426849960903234	0.03008264989892314	0.009999992935168211	0.009999990244152495	0.009999990398597584	0.009999990493703171	1.000000009673919	1.000000009605741	0.009999990067326946
0.3835171885058696	-0.600939138686314	2.54517935028925	0.8545661397176394	0.6307133926248761	1.008078350094215	0.5025236631376137	-0.3977297003538675	-1.026147162020294	0.2620675338598797	0.2184561765453659	1.055999717621261	4.018622856403733	0.4131783080623108	-6.7229081304027	3.30105727629276	-1.299489908549458	2.234943294277436	0.7984466936836864	-3.462375531789088	0.2528834409058016	0.01000001319745048	0.1052334964001807	0.01000001026283869	0.1206249786613403	0.1102234749424757	0.0100001404097179	0.01001070786265744	0.01000434531088636	0.1177836693501796	0.2284358158342551	0.02485729386392189	0.2095149948830321	0.009999998923205347	0.009999998173659829	0.1690413528759755	0.8168483076175789	0.8766542206886127	0.01467040330133643	0.2891749375132739	0.009999990601470821	0.02376058320559082	0.009999992958138582	0.009999993365135655	0.00999999247714271	0.009999990726880584	0.009999992099224298	0.009999991006795952	0.124035750236631	0.0788800249006078	0.04340383952123147	0.009999992585481001	0.009999990252310869	0.009999990402712869	0.009999990478860611	1.000000009673129	1.000000009595467	0.009999990062515762
0.3859292462952147	-0.5982452841415179	2.554884539627387	0.8555846752409705	0.6144514342825719	1.015748949681428	0.4992298694166997	-0.3924825156955808	-1.023938922821801	0.2533453755280195	0.2190962093961606	1.176344200359542	4.028600527346318	0.4310976325282384	-6.759029080581633	3.06019324123336	-1.429953554233993	2.115371131039069	1.032214388819782	-3.77095376536571	0.2788902984382579	0.01000000974055973	0.09398039814788273	0.01000000772226724	0.1069157557919579	0.09758546317697807	0.01000011744603173	0.01000906490437919	0.01000367769874174	0.1186550885876957	0.2090802503683454	0.02861269093564453	0.187798615107927	0.009999997594396032	0.009999996982514471	0.1507496517568339	0.8311672673020318	0.8862327761805657	0.01396168008554506	0.2512813174251851	0.009999990697802753	0.01000000113109635	0.00999999438440366	0.009999993125471372	0.009999992302683322	0.009999990552587436	0.009999991885447904	0.009999990999661243	0.1255525354106554	0.01507505371089221	0.05672502914353979	0.009999992235793793	0.009999990260469244	0.009999990406828155	0.009999990464018052	1.000000009672338	1.000000009585194	0.009999990057704579
0.3883413040845598	-0.5952741695388143	2.564613560234257	0.8566443186240904	0.598119668511626	1.022850192507855	0.4956374491310057	-0.387525692635009	-1.021169098550398	0.2438727790000527	0.2198032805680324	1.285767771367605	4.038364057999099	0.447250555307151	-6.780861864366799	2.829199100823863	-1.546980050460895	1.994612616654186	1.26406985211248	-4.08434045511815	0.3071415198243048	0.01000000682872683	0.08308832165045493	0.01065543890543194	0.09462611009338909	0.08629786231512934	0.01000009798485073	0.01000767331406183	0.01000311224348178	0.1194755265889688	0.1878114353927862	0.03421285779024831	0.1678810319745112	0.009999996470822827	0.009999995974955911	0.1341186822078435	0.8443426575048406	0.8950608319343381	0.01335937798537982	0.2283559535599796	0.009999990811142037	0.009999998644807663	0.01833236682748016	0.009999993012887381	0.00999999220807429	0.009999990571996454	0.009999991714037192	0.009999991000543938	0.1250192250314086	0.0125375250018626	0.07645965550578354	0.009999991955697628	0.009999990276904807	0.00999999041966488	0.009999990449973956	1.000000009669436	1.000000009568553	0.009999990053847774
0.3907533618739049	-0.5920495374966118	2.574365961693428	0.857740943256377	0.5817488371682251	1.029403471179557	0.4917756682189893	-0.3828605295150042	-1.017842660261505	0.2336375839974456	0.2205766961234093	1.386552629542874	4.047987170903229	0.4617612835651147	-6.791420984811905	2.605839156396995	-1.653298639507042	1.873536178447652	1.493740659002318	-4.403275659151953	0.3339009070547008	0.01000000438180317	0.07342109325175615	0.01248515354022119	0.08366263461439731	0.07626485218625711	0.0100000815174504	0.01000649554926089	0.0100026336863332	0.1201272367684026	0.1680321452239222	0.04178691694050865	0.1496923642017559	0.009999995522446469	0.009999995124211965	0.1190692307067722	0.8564699120301377	0.9031979250016153	0.0128481251637146	0.2054305896947741	0.009999990924481322	0.009999996158518978	0.02666473927055666	0.00999999290030339	0.009999992113465257	0.00999999059140547	0.009999991542626482	0.009999991001426631	0.1244859146521617	0.009999996292832979	0.09619428186802731	0.009999991675601465	0.009999990293340368	0.009999990432501606	0.009999990435929858	1.000000009666534	1.000000009551911	0.00999999004999097
0.39316541966325	-0.5885895617633236	2.584141504665445	0.8588707399334715	0.5653627441058527	1.035424515346698	0.4876671981000303	-0.3784865578925905	-1.013965201335118	0.2226292114315566	0.2214096199012918	1.481704033970709	4.057575618880711	0.4748012924235498	-6.794560705183351	2.387165389895488	-1.752484278372639	1.753598963278757	1.720767854445033	-4.725180064489748	0.3547354813548383	0.01000000232549589	0.06488099876441031	0.01477920156450506	0.07392973088533997	0.06738915481050119	0.01000006757398189	0.01000549797856881	0.01000222835890107	0.1204422328700087	0.1498304218337063	0.05033903480203617	0.1331598207268769	0.009999994722761462	0.009999994406542144	0.1055184227595161	0.8676381423477406	0.9107001255967611	0.01241404809924195	0.197152660312064	0.009999991023079829	0.009999995038944477	0.02839740183360765	0.009999992684758034	0.009999992067548065	0.009999990624712254	0.009999991401446426	0.00999999101344594	0.1209396125774675	0.009999994517762538	0.1073656386032037	0.009999991475862027	0.00999999032317884	0.009999990457131014	0.009999990424903234	1.00000000966086	1.000000009525294	0.009999990046899075
0.3955774774525951	-0.5849047272623403	2.593940175288361	0.8600303389728063	0.5489751173469771	1.040922087273541	0.4833254715543379	-0.3743991327839138	-1.00954415235556	0.2108395340339767	0.222278347503177	1.572998218606573	4.067163868078381	0.4864724346592811	-6.792692676153663	2.171792971757466	-1.846707294775441	1.635941113351989	1.944467880856784	-5.05110825681374	0.363588275376298	0.01000000060035509	0.05737017976822882	0.01697602487648547	0.06532940426199989	0.05957268378695067	0.01000005577846711	0.01000465368894145	0.01000188532345569	0.120279507252151	0.1332845860762402	0.05910891705956721	0.1182038600402538	0.009999994050557844	0.009999993802949065	0.09337661613886059	0.8779253300793612	0.9176172344732314	0.01204589340570921	0.188874730929354	0.009999991121678339	0.009999993919369978	0.03013006439665863	0.009999992469212677	0.009999992021630873	0.009999990658019041	0.009999991260266372	0.009999991025465248	0.1173933105027733	0.009999992742692096	0.11853699533838	0.009999991276122585	0.00999999035301731	0.009999990481760422	0.00999999041387661	1.000000009655186	1.000000009498677	0.00999999004380718
0.3979895352419402	-0.5810030281198755	2.603761996162592	0.8612165114273258	0.5325961873069549	1.045903164059179	0.4787608539376378	-0.3705916840824615	-1.0045881210804	0.1982608491764287	0.2231502796488393	1.662023246963288	4.076781362607698	0.4968619990084054	-6.788099212714775	1.958494840537782	-1.937909149593294	1.521905010337214	2.164137600971931	-5.379224984296841	0.3577911361222542	0.009999999150535075	0.05079182731222902	0.0189589943994067	0.05776355933863558	0.05271807412370775	0.01000004579312233	0.01000393857221933	0.01000159478078473	0.1199111769572337	0.1183168681645263	0.06739238167373698	0.1047412806196627	0.009999993487768262	0.00999999329696487	0.08255125105432294	0.8874046120554695	0.9239962406427967	0.01173352580180555	0.1941151797271859	0.009999991172587723	0.009999993391450974	0.03013470007051466	0.009999992902648287	0.00999999200543044	0.009999990692648479	0.009999991154118345	0.009999991031651825	0.117206765776388	0.009999992163903621	0.1202075756603939	0.009999991139427808	0.009999990408110284	0.00999999052517099	0.009999990407993615	1.000000009645719	1.000000009454823	0.009999990041328954
0.4004015930312853	-0.5768876141449265	2.613607089333057	0.8624262878251231	0.5162289526232747	1.050370771381778	0.4739778171538529	-0.3670532672396735	-0.9991078398293426	0.1848871373367715	0.2239966623713693	1.75020361843411	4.086460500469534	0.5060440580110478	-6.782995266420346	1.746040765232167	-2.027813376105354	1.412868631546051	2.379158938602786	-5.710318816047554	0.3424035232984722	0.009999997931347543	0.04505309329054795	0.02063581063108824	0.05113597497262917	0.04673134226270358	0.01000003734764945	0.01000333333637073	0.01000134888938605	0.1195651256094718	0.1048423777873856	0.07464997156548023	0.09268215796653685	0.009999993019935033	0.009999992875411806	0.07294563237952933	0.8961404819008478	0.9298790151050997	0.01146875516155966	0.1993556285250178	0.009999991223497104	0.009999992863531969	0.0301393357443707	0.009999993336083896	0.009999991989230008	0.00999999072727792	0.009999991047970317	0.009999991037838402	0.1170202210500027	0.009999991585115145	0.1218781559824078	0.009999991002733029	0.009999990463203256	0.009999990568581557	0.009999990402110619	1.000000009636252	1.000000009410969	0.009999990038850727
0.4028136508206304	-0.57255909582104	2.623475651276088	0.8636568311702533	0.4998724454683308	1.054325561076344	0.4689777953280739	-0.3637704241924445	-0.9931149302718352	0.170712722455249	0.2247996178823442	1.840461971199104	4.096330208831243	0.5141939489856554	-6.781628297269325	1.531172304558787	-2.119826750381884	1.311014299471891	2.589408192422763	-6.042970912699061	0.3246706217695811	0.009999996903585395	0.04006402587521911	0.02605715397967866	0.04535242612500281	0.04152115918436631	0.01000003020071021	0.01000282070101933	0.01000114062475018	0.119425482594356	0.09277278044242729	0.07942777134637863	0.08193369312306371	0.009999992637456762	0.009999992527649541	0.06446198638014863	0.9041936142277623	0.9353051173232926	0.01124421627509857	0.2169604850019779	0.009999991237192427	0.009999992548940094	0.08239446269323117	0.009999996106711942	0.009999991984676524	0.009999990773275621	0.009999990992676733	0.009999991035614587	0.1197940465836767	0.00999999132964797	0.09938055180298731	0.009999990913258528	0.009999990586136797	0.009999990645573208	0.009999990403310406	1.000000009621206	1.000000009334588	0.009999990036872955
0.4052257086099755	-0.5680013003644079	2.633368740074715	0.8649063915478968	0.4835023106726439	1.057747819396262	0.4637429198573402	-0.3607198288405699	-0.986618931558172	0.1557335786600321	0.225569131707256	1.94031277233445	4.106797372749128	0.5218123638928036	-6.794294863638345	1.30448304053745	-2.222546392861401	1.220296383583924	2.796304131705421	-6.377573901932621	0.3146747630582704	0.009999996035874703	0.03574164752035591	0.03826120724234367	0.04032424926142572	0.03700280308630748	0.01000002415918322	0.01000238683800707	0.01000096436575562	0.1196466087074125	0.08201408660661998	0.08053982745604601	0.07239906244494222	0.009999992332650313	0.009999992245163571	0.05700250875357904	0.9116178016465876	0.9403098791928173	0.0110539737402146	0.2345653414789381	0.009999991250887751	0.009999992234348217	0.1346495896420917	0.009999998877339988	0.009999991980123038	0.009999990819273321	0.009999990937383151	0.009999991033390769	0.1225678721173507	0.009999991074180797	0.0768829476235669	0.009999990823784024	0.009999990709070339	0.009999990722564857	0.009999990404510193	1.000000009606159	1.000000009258208	0.009999990034895181
0.4076377663993205	-0.5631845562308239	2.643288147416995	0.8661741289016954	0.4670757771842996	1.060600848587659	0.4582398864053526	-0.3578712628054003	-0.979626607961725	0.1399462669916878	0.2263302615659397	2.057088700219119	4.118241489585731	0.5293989925967557	-6.831034689164952	1.056873673084826	-2.344390097617419	1.144523967988162	3.001292358046022	-6.713044301932024	0.3174646078531432	0.009999995303231776	0.03200700232114827	0.05532423772157838	0.03596630684336774	0.03309545252537335	0.01000001905029285	0.01000201935824175	0.01000081507866693	0.1199009326992497	0.07247026518250782	0.07885871873774784	0.06398042898390909	0.009999992106462113	0.009999992024540924	0.05047050001270481	0.9184637621449496	0.9449267135023321	0.01089269581135443	0.2613318453735056	0.009999991267043372	0.009999992031633726	0.1801363164572035	0.009999997371569893	0.009999991964747542	0.009999990879425661	0.009999990907650112	0.009999991042851153	0.1208736041623233	0.009999990938874038	0.05919128236587751	0.009999990768137793	0.009999990999380415	0.009999990886716581	0.009999990422893438	1.000000009582069	1.000000009093191	0.009999990033338105
0.4100498241886656	-0.5580607165352446	2.653236521743437	0.8674604891415683	0.4505245792029817	1.062825641090739	0.45241401540224	-0.3551846103782699	-0.9721413691781395	0.1233476685240738	0.227105611620066	2.194946441023435	4.13081585546485	0.537253856344851	-6.897662613386557	0.7835695772763862	-2.490232807798124	1.086042877093154	3.205013400045375	-7.050266573603597	0.3264656873930314	0.009999994685664411	0.02878961662891023	0.07571348489326422	0.03220133511206449	0.02972663262656237	0.01000001473578222	0.0100017083477297	0.01000068873541835	0.1199139701603498	0.06404322397369806	0.07503641216760765	0.05658005675449457	0.009999991959649507	0.009999991863050504	0.04477331793388133	0.9247766316862783	0.9491855110867633	0.01075609429004204	0.2880983492680731	0.00999999128319899	0.009999991828919235	0.2256230432723154	0.009999995865799799	0.009999991949372049	0.009999990939578002	0.009999990877917073	0.009999991052311539	0.1191793362072958	0.009999990803567281	0.04149961710818811	0.009999990712491563	0.00999999128969049	0.009999991050868302	0.009999990441276686	1.000000009557978	1.000000008928174	0.009999990031781029
0.4124618819780107	-0.5525775546219723	2.663216571578432	0.8687662429372776	0.4337748650535788	1.064358724089486	0.4462056939813058	-0.3526178300423333	-0.964165830234751	0.1059338824407775	0.2279027684110239	2.348769458037106	4.144091066583773	0.5450814524321028	-6.986129524489318	0.4903403037745123	-2.654494033359318	1.040183093834438	3.408323154372003	-7.389595601283956	0.3309104325288389	0.009999994167860137	0.02602341184650582	0.1009349968727688	0.02895635398307499	0.02682824899457673	0.01000001109225023	0.01000144492422365	0.01000058172792838	0.1195120817236135	0.05663494832353474	0.07026376695666649	0.05010137826237605	0.02138539603384937	0.00999999176861638	0.0398212561764457	0.9305990321530591	0.9531145581206873	0.0106403201436808	0.3200982992843583	0.009999991334823098	0.009999991691103173	0.3056587948957926	0.009999995261260396	0.009999991897008282	0.009999991019567785	0.00999999085564687	0.009999991075954087	0.1142471150560379	0.009999990725448316	0.03744578211045341	0.009999990680786386	0.1548649346679225	0.009999991434031064	0.009999990460519376	1.000000009517324	1.000000008553872	0.009999990030600123
0.4148739397673558	-0.5467432182012645	2.673227004072137	0.8700883205095017	0.4168445215831336	1.065204255897074	0.4396229581635745	-0.3501766084241924	-0.9556978802261934	0.08769498552486972	0.2286845930101223	2.486128940038842	4.156008169549389	0.5507890018020685	-7.047434581404961	0.2134744541853309	-2.800685068478566	0.9819336651577303	3.613304666816946	-7.734421684858731	0.3137527317357754	0.009999993737565768	0.02365096335918164	0.1319938281593067	0.02616708888787999	0.0243409051128511	0.01000000802095	0.0100012219799991	0.01000049116896341	0.118548555689358	0.05014963165398582	0.06554451114673251	0.04445199388105683	0.0518492532102078	0.009999991747579472	0.03553164177537282	0.9359689960926363	0.9567391885844281	0.01054228209895315	0.3520982493006435	0.009999991386447206	0.009999991553287112	0.3856945465192699	0.009999994656720992	0.009999991844644514	0.009999991099557567	0.009999990833376667	0.009999991099596631	0.10931489390478	0.00999999064732935	0.0333919471127187	0.009999990649081209	0.2997298780461545	0.009999991817193823	0.009999990479762064	1.000000009476669	1.000000008179571	0.009999990029419216
0.4172859975567009	-0.5406295277328169	2.683262539578043	0.8714195173390945	0.3998475877901186	1.065437428173537	0.4327455801404108	-0.3479154888170092	-0.9467313031793554	0.06861795486129606	0.2293864701819982	2.565281074284695	4.164012016459812	0.5516398967545613	-7.018285373809917	-0.001297866910554223	-2.881697911052849	0.8788846231085491	3.823841259243127	-8.084807640388465	0.262627032545644	0.00999999339276042	0.02161904935188893	0.1812188930926046	0.02377362492753113	0.022209463649589	0.01000000543399585	0.01000103314734158	0.01000041447018392	0.1173039868073425	0.04449361280012887	0.06050411865673162	0.03954248503329207	0.1099199884396542	0.01299949498425246	0.03182584234438661	0.9409224769156037	0.9537941883813376	0.01045920704258762	0.3885531726399435	0.009999991587397625	0.009999991458178013	0.6928472753822152	0.009999994129800455	0.009999991748561553	0.009999991206632338	0.009999990809446585	0.009999991111962162	0.1077291696013845	0.009999990597356742	0.02407569999622864	0.009999990637647668	0.6498649431246318	0.04812516389671409	0.009999990786189874	1.000000009404574	0.8393219492276189	0.009999990028632501
0.419698055346046	-0.5344541819364286	2.693309276281315	0.8727429522348166	0.3831205781862581	1.065288870111343	0.4258183542147984	-0.3460044433571793	-0.9372398847014966	0.04868727105965556	0.2299245500818188	2.537251536033927	4.165295838706002	0.5443530582646362	-6.823622208130248	-0.1030439479397475	-2.842017330639716	0.6916635489940889	4.048486139946863	-8.442243149035681	0.1779373522048013	0.009999993131826965	0.01988237942448221	0.2561735881581959	0.02172444197153674	0.02038686862913284	0.01000000326106075	0.01000087333071029	0.01000034956036899	0.1160144209702919	0.03957903472819594	0.0548207116524508	0.03529053358589525	0.1984513118567503	0.02128569830049657	0.02863372770793492	0.9454916175898394	0.9386572851440227	0.0103888700902263	0.4250080959792436	0.009999991788348045	0.009999991363068911	1.00000000424516	0.009999993602879918	0.00999999165247859	0.009999991313707109	0.009999990785516501	0.00999999112432769	0.106143445297989	0.009999990547384137	0.01475945287973858	0.009999990626214124	1.000000008203109	0.08625033597623435	0.009999991092617682	1.000000009332479	0.6786438902756674	0.009999990027845785
0.4221101131353911	-0.5285132404495488	2.703348998403687	0.874036448248934	0.367117715061381	1.065069770301261	0.4191751877287542	-0.3446690263195745	-0.9271825842929193	0.02788081384722379	0.2302210106120302	2.361034249306977	4.157893345390917	0.526134215466873	-6.408397791835884	-0.04969136220148419	-2.634432469053215	0.4061007438834311	4.2943641161227	-8.813729900518734	0.06594364684857792	0.009999992974427978	0.0183993509084243	0.3330801343483744	0.01997200585043002	0.01882984300389589	0.01000000144045533	0.0100007379649579	0.01000029458347847	0.1150911253673111	0.03532165678303167	0.04906062019653147	0.03161788319181472	0.2865843462546162	0.06504247484326718	0.02588956431028775	0.9497068274990503	0.9055162698116972	0.01032927616125021	0.4419247571498652	0.009999992407032218	0.009999991299449913	1.00000000572409	0.009999993251468643	0.009999991567260917	0.009999991464501199	0.00999999075179296	0.009999991116837425	0.110943038125438	0.009999990511538243	0.0123797241025117	0.009999990627403126	1.000000008623334	0.543125151189589	0.009999997526924364	1.000000009175906	0.3443219437183184	0.009999990027576901
0.4245221709247362	-0.5231981490141038	2.713360572461251	0.8752712547776603	0.3523843852443484	1.065188739688078	0.4132631866493934	-0.3440912927555133	-0.9165057036116675	0.006149839776109644	0.2302333378619299	2.018316994581757	4.141956377328756	0.4956896426114656	-5.770966410700888	0.177272053105451	-2.235758716179232	0.06341701452823298	4.562221984429173	-9.208822509419399	-0.05765673809168961	0.009999992936297657	0.01713512707190856	0.3972231708593994	0.01847619501841568	0.01750206837134375	0.009999999922815092	0.01000062339699104	0.01000024805428737	0.1148803126390105	0.03164523129878526	0.04371053442165355	0.02845480166181837	0.3579298942788124	0.1588727906740753	0.02353626283779181	0.9535953297706522	0.849187219098008	0.01027882577254166	0.4588414183204868	0.009999993025716393	0.009999991235830914	1.00000000720302	0.009999992900057372	0.009999991482043244	0.009999991615295288	0.009999990718069417	0.009999991109347158	0.1157426309528869	0.009999990475692349	0.009999995325284826	0.009999990628592127	1.000000009043558	0.9999999664029438	0.01000000396123105	1.000000009019333	0.009999997160969344	0.009999990027308019
0.4269342287140813	-0.518914893263952	2.723324096439172	0.8764175109190292	0.3394449343121515	1.066068139739996	0.4085500631915172	-0.3443784208906383	-0.9051568368441301	-0.01656673070604782	0.2299508180335304	1.52225686779245	4.119041977707581	0.4537736505398404	-4.945428150681421	0.5626512712654597	-1.659408344455366	-0.3008689786121399	4.84750812929902	-9.630495293055951	-0.1680021980227603	0.0166805202416476	0.01605792243169675	0.4525868578048894	0.01720028068491329	0.01637037717803816	0.009999998668485071	0.01000052635480457	0.01000020863349262	0.1153633798551546	0.02847782258327639	0.03889942721703436	0.02573595380137137	0.4186282801890773	0.2558318443873681	0.02202997342155024	0.9571828935089943	0.7844015502807229	0.01023608506858419	0.4613950478955824	0.09492750582997808	0.009999991197098396	1.000000007479376	0.00999999271843892	0.009999991438863966	0.009999991867846439	0.009999990679356523	0.009999990969310896	0.121646329167442	0.009999990447081416	0.009999993826865949	0.009999990629516075	1.000000009174712	0.9999999872741434	0.01665804927723291	1.000000008591728	0.009999994599931627	0.009999990027837085
0.4293462865034264	-0.5159074914170405	2.73322922198357	0.8774556074128388	0.3285877460371835	1.067954909879621	0.4053197667361921	-0.3455397026610082	-0.8931226055645348	-0.04032554717181053	0.2294643503656104	0.9604203646783205	4.093534292433998	0.4060071747724218	-4.044421825884598	1.012550620773218	-1.006246712693021	-0.6614027962625066	5.130503984209847	-10.07301903755334	-0.2267636644859732	0.03486121216326282	0.01514144231107572	0.501055561912229	0.0161136967201028	0.01540728630394735	0.009999997645732939	0.01000044422009835	0.01000017524936881	0.1165215253100419	0.02575621159694137	0.03473451872666459	0.02340463679639591	0.4711961757764169	0.3323554444786435	0.02173926942564623	0.9604926098790033	0.7242465427874351	0.01019990511746482	0.4639486774706781	0.1798550186342398	0.009999991158365881	1.000000007755733	0.009999992536820471	0.009999991395684688	0.00999999212039759	0.00999999064064363	0.009999990829274634	0.1275500273819971	0.009999990418470482	0.009999992328447073	0.009999990630440023	1.000000009305866	1.000000008145343	0.02331609459323477	1.000000008164122	0.009999992038893908	0.00999999002836615
0.4317583442927715	-0.514246221055937	2.743073959626151	0.8783771355073	0.3198816514255672	1.070910439454446	0.4036555369269953	-0.3475362498863224	-0.8804304778692894	-0.06516803955813728	0.228931916734796	0.4494203273096071	4.071041780866445	0.3598853413330882	-3.217925338932071	1.404567314696194	-0.4109239030267688	-0.9766736531407386	5.375458406304539	-10.52449150272822	-0.1946869200266287	0.08310426900130929	0.01436181491476803	0.5440923728724933	0.01518862527500951	0.01458782821074316	0.009999996849684585	0.01000037464832007	0.01000014696697406	0.1179050547199035	0.02342152226629417	0.03113843905274494	0.02140832789184217	0.5175533294988138	0.3967733775854781	0.025786529922759	0.9513252928620791	0.668220766102425	0.01016925617666942	0.4012061716117219	0.5631462031907547	0.009999991137467896	1.000000007697886	0.009999992502257247	0.009999991416722528	0.009999992774134991	0.009999990608107238	0.009999990875706714	0.1277588458311456	0.009999990389769004	0.009999992035466141	0.009999990595804097	1.000000009313005	1.000000008439405	0.07313433703830974	0.6876908664999073	0.009999991573811361	0.009999990030456334
0.4341704020821165	-0.5135832828134096	2.752876306118432	0.8792003775352076	0.3128540786293963	1.0745690429325	0.4031577467257754	-0.3501673704638169	-0.8672773068678491	-0.0910917125222155	0.2286217663546061	0.1326357875543359	4.058384927036036	0.3245115597105865	-2.652646037709225	1.595516672694243	-0.03907286376693805	-1.187570415449235	5.512786123743412	-10.96949886695657	-0.04245361055095681	0.1698500059202518	0.01369946987299866	0.5825874057035869	0.0144021596872624	0.01389150932053451	0.009999996276439688	0.01000031576333075	0.01000012303815762	0.1191396367599669	0.02142321289009937	0.02804238899954484	0.01970237778979911	0.5588000992688487	0.4521166567158278	0.03650297392341995	0.9187560756099	0.6159358605471992	0.01014331343944767	0.3384636657527657	0.9464373877472697	0.009999991116569911	1.000000007640039	0.00999999246769402	0.009999991437760369	0.009999993427872391	0.009999990575570846	0.009999990922138796	0.127967664280294	0.009999990361067527	0.009999991742485208	0.009999990561168171	1.000000009320146	1.000000008733467	0.1229525794833847	0.375381724835693	0.009999991108728814	0.009999990032546516
0.4365824598714617	-0.5133661172678935	2.762663909841614	0.8799566172953154	0.306765702894428	1.078366072510455	0.4031901023509776	-0.3531487370409743	-0.8539742826905223	-0.1180733014676179	0.2288173628339649	0.06649341884043129	4.058073489135626	0.3035512303059359	-2.421543349841945	1.535287306187657	0.04383726789502583	-1.2737392428877	5.501453500005897	-11.40304353753712	0.1993322579021697	0.2467770012048525	0.01313670544795748	0.6172728206305622	0.01373354309887289	0.01329978368004904	0.009999996036733507	0.01000026588567391	0.01000010277562982	0.1193980123192057	0.01971468534735226	0.02538196621159748	0.01824579057138695	0.5958266817699337	0.5006831940444486	0.04659316568403978	0.869709910661966	0.5670485721531124	0.01012133777564182	0.3854281412621353	0.7417347326216902	0.009999991108783347	1.000000007257142	0.009999992506282038	0.009999991513092169	0.00999999593510453	0.009999990563928642	0.00999999093751533	0.1147479751234497	0.009999990340405922	0.009999991768367805	0.009999990511975056	1.000000009283682	1.00000000882492	0.09101047769108948	0.192690858829081	0.009999991003914304	0.009999990038431012
0.4389945176608068	-0.5131705507510254	2.772457240253357	0.8806696322035402	0.3010473004971156	1.081890688280575	0.4032627843081247	-0.3562602117467563	-0.8408157910859836	-0.146102687062945	0.2295577830145047	0.1147265743146092	4.063133311246492	0.2886709160295349	-2.345876159068446	1.369639988447519	-0.005635578704197906	-1.295451851125631	5.392944407324809	-11.83829782737388	0.4092965121764321	0.2870498521228043	0.01265910581318597	0.6486560114683082	0.01316581655060029	0.01279753447564203	0.009999996219177534	0.01000022367142908	0.01000008562941404	0.1179850670777113	0.01825665890834992	0.02310136965830529	0.01700426453637299	0.6292293910350064	0.5437351324781781	0.05053251552937654	0.810319179606165	0.5212907318791911	0.01010273731591492	0.4323926167715048	0.5370320774961107	0.009999991100996778	1.000000006874244	0.009999992544870058	0.009999991588423967	0.00999999844233667	0.009999990552286436	0.009999990952891863	0.1015282859666054	0.00999999031974432	0.0099999917942504	0.009999990462781943	1.000000009247218	1.000000008916373	0.05906837589879424	0.009999992822469089	0.009999990899099798	0.009999990044315508
0.4414065754501518	-0.5128313036971369	2.782263636475461	0.8813473075385936	0.2954688153780356	1.08500400855536	0.403183597370204	-0.3593926911715566	-0.8279872248882798	-0.1751977240597586	0.2306906066348802	0.1642994801405472	4.067810428478981	0.272959722382997	-2.277101153503314	1.21595743744525	-0.05760621579989261	-1.300182092922023	5.239015978333737	-12.29071742673309	0.5170658349225643	0.31214704951252	0.01225366666451484	0.6771722204324813	0.01268366148001323	0.01237112014131302	0.0115000245463839	0.0100001879158254	0.01000007110840022	0.1156625219675612	0.01701319386631745	0.02114894843112493	0.01594651255851629	0.6595138245236642	0.582282602780652	0.04997169258596589	0.7483292123297967	0.4784246614219236	0.01008698173042633	0.4559883213503077	0.5390555177671588	0.009999991104682764	1.000000006241733	0.00999999256581271	0.009999991675753489	0.0290677285044741	0.009999990549974476	0.009999990956913648	0.09709680729769378	0.009999990325154711	0.009999992169982512	0.009999990429192045	1.000000009347594	1.000000008839858	0.03453418342762996	0.009999992006189999	0.009999990927722949	0.009999990078350949
0.4438186332394969	-0.5123888853487045	2.792079855388387	0.8819850912246647	0.290074464951059	1.087776547220911	0.4029965472906465	-0.3625241608832131	-0.815566631550241	-0.2054155388730634	0.2319897529126136	0.2002728618038963	4.071277967535178	0.2555940559654543	-2.193197651184605	1.087074943166251	-0.0950721934595465	-1.294614629771938	5.054666558869141	-12.76926873648798	0.5472058592018179	0.3343999009964286	0.01190984903441671	0.7031484729459547	0.01227463386313498	0.01200947806649407	0.01567136767954705	0.01000015765479178	0.01000005881959686	0.1130677867886472	0.01595440984602105	0.01948085043576402	0.01504666743016046	0.6870516379317556	0.6169868197989694	0.04602255404636248	0.6906707190959294	0.4382637636398061	0.01007364643297903	0.4795840259291106	0.5410789580382068	0.009999991108368751	1.000000005609223	0.009999992586755361	0.009999991763083013	0.04813545856661152	0.009999990547662513	0.00999999096093543	0.09266532862878218	0.009999990330565098	0.009999992545714624	0.009999990395602145	1.00000000944797	1.000000008763343	0.009999990956465669	0.00999999118991091	0.0099999909563461	0.009999990112386392
0.4462306910288421	-0.5118704436376578	2.801902880629348	0.8825786641999481	0.2848894873514413	1.090262281220039	0.4027292748980325	-0.365603600598084	-0.8036250667642771	-0.2368290373364599	0.2332979073782429	0.2363091917143391	4.073492620541029	0.2363892050410445	-2.110057676992325	0.9701816928828709	-0.1353622335262558	-1.284875830651724	4.83740520475706	-12.91761194623754	0.5378694545678425	0.3654300623955026	0.01161816445928077	0.7268736587205776	0.01192751937296035	0.01170264574069268	0.02436784384183074	0.01000013202389506	0.01000004841132355	0.1105616032465215	0.01505312398118652	0.01805683332429252	0.0142812510851374	0.7121684735733643	0.6484041399731414	0.04090557555067788	0.6368961351299022	0.400642298286722	0.04847229387061393	0.5386881342594537	0.7705394762537188	0.009999991118000677	1.000000004469045	0.009999992573444061	0.009999991864019026	0.09749172371791	0.009999990544069122	0.009999990958110874	0.09338851332780805	0.009999990341036352	0.009999993186460344	0.009999990376795024	1.000000009447134	1.000000008666876	0.009999990707542558	0.009999991069014351	0.009999990794665023	0.5049999978462272
0.4486427488181871	-0.5112165470540011	2.811730068313769	0.8831245522840798	0.2798758121702774	1.092438323630525	0.4023009914924937	-0.3688485516502728	-0.7922761913849612	-0.2659940793182882	0.2345864081903871	0.3125876439853821	4.074729330497943	0.2160552925389836	-2.051159247950225	0.8302887334747148	-0.2285772973885946	-1.431851256563395	4.563227747356471	-10.90492162880219	0.5309096878813623	0.41438875244131	0.01137095043229001	0.7485769008271779	0.01163324612491795	0.01144257403820646	0.03885296313944559	0.0100001103314064	0.01000003960216193	0.1084511220559808	0.01428696866136712	0.01684325852399738	0.01363102429533072	0.7351187873401663	0.6769376153243143	0.03646987113587961	0.586657723589453	0.3654291912171415	0.144578604377066	0.5977922425897968	0.9999999944692306	0.009999991127632602	1.000000003328867	0.009999992560132762	0.009999991964955037	0.1468479888692085	0.009999990540475729	0.009999990955286321	0.09411169802683395	0.009999990351507603	0.009999993827206064	0.009999990357987905	1.000000009446299	1.000000008570408	0.009999990458619447	0.009999990948117793	0.009999990632983949	1.000000005580068
0.4510548066075322	-0.5103126164350804	2.821559371733553	0.8836215645697604	0.2749807281534279	1.094231618674801	0.4015625763672626	-0.3727580507395943	-0.781666605208166	-0.2870697556604463	0.2358711236644941	0.4395839422635349	4.075462717176266	0.1964761301279004	-2.006605006220716	0.6535587894585645	-0.3869421111352224	-1.811638433709318	4.231360773283948	-6.720802488040065	0.5345930103595078	0.4675510595081612	0.01116131799411549	0.7684648428442635	0.01138365243007782	0.01122202504956127	0.0575960403064945	0.01000009195738448	0.01000003213892849	0.1070726584918859	0.01363568146417456	0.01580945598225886	0.01307858791316938	0.7561307485874083	0.7029385112380743	0.03263539172103277	0.5396478199487119	0.3325073010119611	0.2449918603932414	0.5676624149399242	0.9999999980735769	0.009999991123723618	1.000000001235604	0.00999999250210991	0.009999992114362963	0.1932332036732967	0.0099999905317554	0.009999990931708981	0.1007718044717485	0.009999990345529501	0.009999993759016602	0.009999990347245942	1.000000009458805	1.000000008624121	0.009999990436316906	0.009999990983894974	0.009999990601182311	1.000000004752268
0.4534668643968773	-0.5090831031185968	2.831390826245437	0.8840744259643346	0.2702009300136902	1.095576238543022	0.4004186617593933	-0.3775970776281645	-0.7718758511760935	-0.2991418322312643	0.2371665929292141	0.5825502452140824	4.076512946222318	0.1794468072021932	-1.955567941953359	0.4582618458633635	-0.5648043019234059	-2.202585526160634	3.884278720231345	-3.439429043083906	0.5398263818848603	0.5142886545444161	0.01098371812459389	0.7867076016409874	0.01117215587899417	0.01103516668729844	0.07942778809396855	0.01000007640574559	0.01000002581902316	0.1067074145801217	0.01308271620454208	0.01493008701907986	0.0126097770446015	0.775390266236021	0.7266786250806903	0.02933049536746852	0.4956256618263896	0.3017818567112235	0.3234242477805361	0.5375325872900516	1.000000001677923	0.009999991119814635	0.9999999991423404	0.009999992444087058	0.00999999226377089	0.239618418477385	0.009999990523035069	0.009999990908131645	0.107431910916663	0.009999990339551398	0.009999993690827142	0.009999990336503981	1.000000009471311	1.000000008677834	0.009999990414014363	0.009999991019672154	0.009999990569380673	1.000000003924469
0.4558789221862224	-0.507509275950408	2.841225526816887	0.8844895362346833	0.2655583977671866	1.09643774427265	0.3988479663493525	-0.3832770712766587	-0.7629125865641224	-0.3055200423805887	0.2384839379067427	0.7213344803865713	4.078141863228443	0.1649624040470785	-1.892490998008139	0.2548099853868259	-0.7361016720405246	-2.498551070048483	3.552473870104051	-1.975866711713487	0.552386280103934	0.5559031339706835	0.01083316708909885	0.8034608682008058	0.01099284167743723	0.01087676029369364	0.1042149295900436	0.01000006323247931	0.01000002046484414	0.1066324568829734	0.01261313039153779	0.0141821601811004	0.01221181538726487	0.7930667912770948	0.7484007566573682	0.02648792836681797	0.4543777411699092	0.2731665699193085	0.374945550330566	0.5518799448432606	1.000000003306147	0.009999991095701639	0.9999999922441367	0.009999992364471627	0.009999992717724946	0.2954583717875949	0.009999990513927894	0.009999990913181047	0.1048505867947739	0.009999990335311959	0.009999994062758769	0.009999990322958202	1.000000009468608	1.000000008705126	0.009999990375024847	0.009999991024236222	0.009999990550029118	0.7080033440919943
0.4582909799755674	-0.5056085202694865	2.851064448959259	0.8848712524276335	0.2610779826136969	1.096799389374483	0.396874683080555	-0.3896092284666852	-0.7547156110584178	-0.3092848136332924	0.2398309483963466	0.8536287526833173	4.080013335757477	0.1517575225208588	-1.821145712328385	0.04379364364872936	-0.8986170824754359	-2.743338359208887	3.24889667453459	-1.272450367725835	0.5644240612657356	0.5932056416805016	0.0107056579332229	0.8188561859437141	0.01084095000686501	0.01074259291757812	0.1318766847730822	0.01000005208228379	0.01000001593427266	0.1062402276761878	0.01221479022095789	0.01354684507185989	0.0118743511529103	0.8093024650367189	0.7683013984561352	0.02404911925467077	0.4157361881020471	0.2465875466117534	0.3919020146062663	0.5662273023964698	1.000000004934372	0.009999991071588643	0.9999999853459332	0.009999992284856195	0.009999993171679005	0.3512983250978048	0.009999990504820717	0.009999990918230447	0.1022692626728848	0.009999990331072522	0.009999994434690395	0.009999990309412421	1.000000009465906	1.000000008732417	0.009999990336035332	0.009999991028800288	0.009999990530677563	0.41600668425952
0.4607030377649126	-0.5034014033449277	2.860907978855376	0.8852219660672715	0.256780488479297	1.096645105437575	0.3945257831631346	-0.3964830798806536	-0.7472039030401352	-0.3118441126828413	0.2411971252716965	0.9738351994517963	4.08190016728858	0.1390608721340866	-1.740105476498883	-0.1723665713647388	-1.045758304429097	-2.951626788740942	2.988318946326566	-0.8698666294559196	0.567585776521334	0.6268681896648188	0.01059759454755522	0.833015195189045	0.01071220755093159	0.01062888323291898	0.1608788799647017	0.01000004263664367	0.01000001209829977	0.1059405680148432	0.01187676264090714	0.01300711594620904	0.01158806526782912	0.8242283499535491	0.7865591701693272	0.0219597332037586	0.3795517326500748	0.2219748239575558	0.3894797197023493	0.6173134264815966	0.9999999945638125	0.0099999910391371	0.9999999759618625	0.009999992151734773	0.009999994313772425	0.3931307173612877	0.009999990492248938	0.009999990930275128	0.1054054541247723	0.009999990329762209	0.009999994959957476	0.009999990299924141	1.000000009465184	1.000000008739585	0.009999990310566389	0.009999991041347942	0.009999990507616009	0.3159993689581383
0.4631150955542577	-0.5009231970899798	2.87075590164443	0.8855421851369542	0.2526936018739038	1.095964758196355	0.3918455322275072	-0.4038259816751786	-0.7402573981042325	-0.3135787393942398	0.2425652865754053	1.078407223237801	4.083655779943598	0.1264724152649311	-1.646516787650777	-0.3924009671410669	-1.173362587886359	-3.132259704815713	2.780248630630732	-0.5886588418404763	0.5660694848270591	0.6573631779563857	0.0105060894879055	0.8460425535015188	0.01060318088459135	0.01053259454020693	0.1901804479796353	0.01000003464067965	0.01000000885369118	0.1060759974833788	0.01159020580461816	0.01254911733368704	0.01134543328389052	0.8379566431671476	0.8033231971556818	0.02017345553242222	0.3457058160688387	0.1992625273736256	0.378125879705735	0.6683995505667234	0.9999999841932533	0.009999991006685555	0.9999999665777921	0.00999999201861335	0.009999995455865843	0.4349631096247705	0.009999990479677158	0.009999990942319806	0.1085416455766597	0.009999990328451896	0.009999995485224558	0.009999990290435863	1.000000009464463	1.000000008746753	0.009999990285097444	0.009999991053895596	0.009999990484554451	0.2159920536567567
0.4655271533436027	-0.4982144169263449	2.880607802924814	0.885831945704122	0.2488500122177716	1.094749942724548	0.3888843490966908	-0.4115735115905849	-0.7337419961188126	-0.3147230919395891	0.2439281337543378	1.161905997837384	4.08507861380146	0.113596983903748	-1.534926635137144	-0.6130560310734832	-1.275055423695827	-3.287897344635486	2.634571959552301	-0.3712583708611354	0.5642572612062036	0.6791953716721213	0.01042855274086727	0.8580357476260114	0.01051078946234842	0.01045100270128093	0.2191087487310077	0.01000002786601528	0.01000000610631071	0.1068489635136459	0.01134716588162463	0.01216035403184339	0.01113969081935108	0.8505916421500469	0.8187307224905684	0.01864771281327225	0.3140920853477066	0.1783849832903443	0.3601360883763133	0.6182715240394904	0.8562367052204795	0.009999990966712589	0.9999999703464242	0.009999991868990796	0.009999996624345654	0.4651166391585029	0.009999990462878826	0.009999990940245441	0.1156813488767126	0.009999990327835427	0.009999996607527343	0.009999990281936339	1.000000009457222	1.000000008747049	0.009999990264433161	0.009999991045008741	0.009999990463677054	0.1499710439569111
0.4679392111329478	-0.4953456190084439	2.890462106750954	0.8860892703765211	0.245315646227129	1.093016126164677	0.3857277985448089	-0.4196686384548399	-0.7274878060477404	-0.3154230740834725	0.2452887669683983	1.211088749337974	4.085647892874866	0.09957762450799199	-1.390118564643276	-0.8227398175266721	-1.335354909901586	-3.420475808413423	2.56366019274049	-0.2202013335436555	0.5642337370421012	0.6875379808667103	0.01036290668580556	0.8690797271344878	0.01043256102167752	0.01038192222661834	0.2471701601388655	0.01000002212990138	0.01000000378082957	0.10842551531511	0.01114122941286082	0.01183070489824043	0.01096538986332076	0.8622239109201901	0.8328988462914659	0.01734681022334921	0.2846234176311939	0.1592741775390758	0.3374229008564144	0.5681434975122573	0.7124734262477057	0.009999990926739621	0.9999999741150564	0.009999991719368242	0.009999997792825465	0.4952701686922352	0.009999990446080491	0.009999990938171076	0.1228210521767654	0.009999990327218961	0.00999999772983013	0.009999990273436817	1.000000009449981	1.000000008747344	0.00999999024376888	0.009999991036121886	0.009999990442799657	0.08395003425706547
0.470351268922293	-0.4924096071141604	2.900316381093663	0.8863107044898969	0.2421820430022683	1.090798788742255	0.3824875354299724	-0.4280587154800146	-0.7213057095961405	-0.3158177459869053	0.2466532559503065	1.217540550314677	4.085066322732761	0.08379512965353002	-1.202750665220439	-1.01381183412314	-1.344321094028393	-3.532964204977226	2.575287305176052	-0.109679099934731	0.5667593532170293	0.6867359317125277	0.01030728842524265	0.8792540268096956	0.01036627840077364	0.01032339334383814	0.2738767419772647	0.01000001726943226	0.01000000181298622	0.1101873520948698	0.01096663388790816	0.01155105964227738	0.01081763763817481	0.8729381205499362	0.845936279326554	0.01623816222598411	0.2572197463834369	0.1418596593887206	0.3129923718543663	0.6164757114750884	0.6434000890354304	0.009999990894971221	0.9999999782219652	0.009999991598473748	0.00999999830265578	0.5118993941340855	0.009999990435199941	0.009999990962874038	0.1220278050163139	0.009999990329285832	0.01000000078232565	0.009999990264288544	1.000000009436092	1.000000008738468	0.009999990229646939	0.009999991031370416	0.009999990437950025	0.07643387225015405
0.472763326711638	-0.4895001218097999	2.910168311204133	0.8864923826734554	0.2395395500599101	1.088134992957718	0.3792766239152894	-0.4366959563084137	-0.715001831562866	-0.3159648724626353	0.2480209650520977	1.189093762285536	4.083704131618355	0.06661329836875182	-0.9829058646226259	-1.192928594999112	-1.311017516093544	-3.625416008699195	2.664637526046791	-0.0149447026310984	0.5669037558925053	0.6804788248225123	0.01026020463584951	0.8886285735278422	0.01031016369705371	0.01027384492956957	0.2988282341357166	0.01000001315424911	0.01000000015135791	0.1116227591973299	0.01081874272072843	0.01131406391413564	0.0106925006645736	0.8828085295671415	0.8579371993741969	0.01529478671277272	0.2318107761181024	0.1260647556009285	0.2896556358467543	0.6648079254379194	0.5743267518231552	0.009999990863202819	0.9999999823288741	0.00999999147757925	0.009999998812486099	0.5285286195759358	0.009999990424319389	0.009999990987577	0.1212345578558625	0.009999990331352701	0.01000000383482117	0.009999990255140274	1.000000009422204	1.000000008729591	0.009999990215524999	0.009999991026618946	0.009999990433100394	0.06891771024324266
0.4751753845009831	-0.4866920128999332	2.920016411205024	0.8866314175355425	0.2374548945122611	1.085045523505362	0.3761860902045985	-0.4455312110104767	-0.7083946224556201	-0.3158901266985463	0.2493830446087872	1.137421956705623	4.082051651674171	0.04863988703581878	-0.7450161864991157	-1.369822872590065	-1.249131590659361	-3.696642474236763	2.823114352377143	0.07468768457544449	0.5633106702058662	0.6712117299479794	0.01022031669140464	0.8972690739949228	0.01026262297011628	0.01023186852751386	0.3210431225192731	0.01000000966528638	0.009999998742089259	0.113152617550022	0.01069339347763802	0.01111311052432717	0.01058644889681361	0.8919048448871194	0.8689895738895498	0.0144921782750654	0.2083289477855457	0.1118091757853411	0.2672386643347057	0.6188761808145686	0.5549725494167194	0.009999990789003073	0.9999999873288167	0.00999999128623528	0.009999998122288059	0.5186743395862804	0.00999999039021136	0.00999999093999294	0.1263314090593285	0.009999990315871551	0.01000005636073539	0.009999990244590428	1.000000009437583	1.000000008787226	0.009999990192676493	0.009999990937013346	0.009999990370354627	0.05915717771188755
0.4775874422903282	-0.4840221217443257	2.929860749852391	0.8867268823491062	0.2359484323732609	1.081521677628321	0.373262348402062	-0.4545104244445879	-0.7013380887354307	-0.3156153464463801	0.2507424076253233	1.074488088350473	4.080585339407406	0.03048642884200463	-0.5034866639692267	-1.553099422252814	-1.172719081544416	-3.744781915008919	3.03720290563963	0.1509173998117012	0.5646512890026737	0.6611158643541064	0.01018655206245361	0.9052336602328437	0.01022237882091007	0.01019633558506237	0.3396930521508862	0.01000000670726659	0.009999997542084652	0.115124540012512	0.01058724217898181	0.01094287884777518	0.01049664811460692	0.9002886303340866	0.8791704272042299	0.01381023299481566	0.186708670004299	0.0990056010658435	0.2455772833006523	0.5729444361912178	0.5356183470102835	0.009999990714803328	0.9999999923287592	0.009999991094891308	0.00999999743209002	0.508820059596625	0.009999990356103331	0.009999990892408881	0.1314282602627944	0.009999990300390404	0.01000010888664961	0.009999990234040582	1.000000009452963	1.00000000884486	0.009999990169827987	0.009999990847407747	0.009999990307608862	0.04939664518053245
0.4799995000796733	-0.4815100180924861	2.939702067260663	0.8867786830908538	0.2350200455573585	1.077543601759727	0.3705315326570745	-0.4635782612887934	-0.6937095042440855	-0.3151659971225074	0.2521160020152187	1.008815153646606	4.079602235398032	0.01251405068992084	-0.2678276661918572	-1.747332342723502	-1.091834224601602	-3.771887266000189	3.293124049504172	0.2281655412738189	0.5739016076586203	0.651068891732639	0.01015794954618554	0.9125770944508991	0.0101882863434796	0.01016623499866333	0.3550104810806773	0.01000000420951724	0.009999996551926351	0.1170269492283555	0.01049728866775088	0.01598594579403173	0.01042055611788894	0.9080178404458176	0.8885520149560405	0.01323076135474105	0.166883641976014	0.08756349381544296	0.2266562296070442	0.60828167922124	0.5363948214604727	0.009999990967107918	0.9999999864200018	0.009999991408966008	0.01000000017417908	0.4922106457719513	0.009999990485350963	0.009999991270755779	0.129417327781125	0.009999990419107709	0.07606676359763642	0.009999990326457446	1.000000009223079	1.00000000839122	0.009999990224384787	0.009999991101678046	0.009999990386095663	0.07788942194073915
0.4824115578690184	-0.4791537998281051	2.949541640922599	0.8867874878922027	0.2346490385437939	1.07308298363319	0.3679940100068114	-0.4726963780847078	-0.6854277867885263	-0.3144833068779855	0.2535091085178295	0.9452329866301271	4.079139481563812	-0.005164408868981406	-0.04132542985625218	-1.953207794510537	-1.012446723578343	-3.78647241838819	3.578759552498664	0.3443961146915847	0.5808300993127957	0.641864357391329	0.01013373928462743	0.919348039783473	0.01015942838759101	0.01014075690492234	0.3671209884912917	0.01000000211548546	0.009999995772080286	0.1184369929658614	0.01042112538081465	0.03007138185697028	0.01035613373285869	0.9151439120339281	0.8971980791932845	0.01273894266604893	0.1487837778901706	0.07738736290519983	0.2123543819025186	0.6436189222512619	0.5371712959106619	0.009999991219412507	0.9999999805112445	0.009999991723040707	0.01000000291626814	0.4756012319472774	0.009999990614598595	0.009999991649102678	0.1274063952994555	0.009999990537825017	0.1421334183086232	0.009999990418874311	1.000000008993196	1.00000000793758	0.009999990278941589	0.009999991355948347	0.009999990464582463	0.1063821987009459
