inDegrees=no
num_controls=19
num_derivatives=0
num_input_controls=0
num_multipliers=0
num_parameters=0
num_slacks=0
num_states=38
DataType=double
version=3
OpenSimVersion=4.6-2026-06-22-85aaf64
endheader
time	/jointset/groundPelvis/pelvis_tilt/value	/jointset/groundPelvis/pelvis_tx/value	/jointset/groundPelvis/pelvis_ty/value	/jointset/hip_l/hip_flexion_l/value	/jointset/hip_r/hip_flexion_r/value	/jointset/lumbar/lumbar/value	/jointset/knee_l/knee_angle_l/value	/jointset/knee_r/knee_angle_r/value	/jointset/ankle_l/ankle_angle_l/value	/jointset/ankle_r/ankle_angle_r/value	/jointset/groundPelvis/pelvis_tilt/speed	/jointset/groundPelvis/pelvis_tx/speed	/jointset/groundPelvis/pelvis_ty/speed	/jointset/hip_l/hip_flexion_l/speed	/jointset/hip_r/hip_flexion_r/speed	/jointset/lumbar/lumbar/speed	/jointset/knee_l/knee_angle_l/speed	/jointset/knee_r/knee_angle_r/speed	/jointset/ankle_l/ankle_angle_l/speed	/jointset/ankle_r/ankle_angle_r/speed	/hamstrings_r/activation	/bifemsh_r/activation	/glut_max_r/activation	/iliopsoas_r/activation	/rect_fem_r/activation	/vasti_r/activation	/gastroc_r/activation	/soleus_r/activation	/tib_ant_r/activation	/hamstrings_l/activation	/bifemsh_l/activation	/glut_max_l/activation	/iliopsoas_l/activation	/rect_fem_l/activation	/vasti_l/activation	/gastroc_l/activation	/soleus_l/activation	/tib_ant_l/activation	/lumbarAct	/hamstrings_r	/bifemsh_r	/glut_max_r	/iliopsoas_r	/rect_fem_r	/vasti_r	/gastroc_r	/soleus_r	/tib_ant_r	/hamstrings_l	/bifemsh_l	/glut_max_l	/iliopsoas_l	/rect_fem_l	/vasti_l	/gastroc_l	/soleus_l	/tib_ant_l
0	-0.4827800087133469	1.033171512785702	0.9007447017523996	0.1555369024575199	0.9904776747269811	0.3811885212428841	-0.2846220158666873	-0.6328431897447595	-0.5524440509804426	0.0882888439694641	-0.9123118048746123	3.128793560670959	-0.1403236489103219	0.6685168800209665	-1.560091911761214	1.429887721343717	-2.496056903089245	10.01584502007818	1.146114493703794	0.8976967677217178	0.02219897761827649	0.0100387656594677	0.5347245951506576	0.01000279336054905	0.01000014064836501	0.009999992703938079	0.009999990472990695	0.009999990642195115	0.09545143497666664	0.01006094616983623	0.01011281985737907	0.01001331582107702	0.3589104281906166	0.2064979792030807	0.01158462882147187	0.1376967876250284	0.05708962880705092	0.09238562384536911	0.2133592922546386	0.2159316988910335	0.009999990814788862	0.3251987718696733	0.009999990809496689	0.009999993069540266	0.009999993174339543	0.009999990415910461	0.009999990566092964	0.1488512146838111	0.009999990812827372	0.009999993184147437	0.00999999140895101	0.9999999915222427	0.01000000206334431	0.009999990615337347	0.009999992700836928	0.009999996179011275	0.009999997088061431
0.003125	-0.485296724148486	1.04296658379048	0.9002820561842397	0.1574278806300726	0.9849459143740334	0.3852759199846991	-0.2927022828770711	-0.6011550253230142	-0.5486578463090727	0.09141035231616285	-0.6706445317924228	3.140942284814537	-0.1542224049307805	0.5145834732950767	-2.00100595581948	1.153042437007001	-2.682611733453119	10.22938899950998	1.283622767947281	1.128182309894342	0.09309587891558936	0.01003124124683985	0.5088192394130951	0.01000224945357315	0.01000011195861448	0.009999992750063427	0.009999990452289652	0.009999990613274197	0.1042999699610423	0.01004911810676772	0.01009092883549583	0.01001072999029052	0.4357886698614091	0.1790262422726192	0.0112781358419902	0.1180452830665479	0.04877651745327127	0.07873919714177029	0.1466729270743571	0.6079658516135021	0.009999990648700443	0.2626448706063405	0.009999990607639873	0.009999992578503213	0.009999992723513084	0.009999990319851508	0.009999990424833875	0.1505545105789103	0.009999990608447902	0.009999992495789894	0.009999991001344615	0.9999999993064267	0.00999999985843115	0.009999990448984111	0.009999992069861382	0.009999994461870628	0.009999995447846572
0.00625	-0.4867981524006619	1.052807967080966	0.8997904811577153	0.1585835136836285	0.9778415672425207	0.3881887549966099	-0.3014339501376236	-0.5691294535623772	-0.5443803694809319	0.09551569425460912	-0.2625280077781459	3.158433423524187	-0.1588385022635207	0.1978960038630018	-2.566547450042818	0.6781669342050144	-2.912953063197201	10.23178571696887	1.460528674037231	1.52735026644014	0.2062182539136526	0.01002518145081445	0.4786264450035355	0.01000181139534421	0.01000008875865885	0.009999992699440916	0.009999990416917738	0.009999990562482994	0.1118688896559223	0.01003959217043416	0.01007329759197846	0.010008647469999	0.4999485578526534	0.1545230549347491	0.0110309420995853	0.1008964291875182	0.04182251963034353	0.06707734174150727	0.07998656189407553	1.000000004335971	0.009999990482612024	0.2000909693430076	0.009999990405783057	0.009999992087466157	0.009999992272686628	0.009999990223792556	0.009999990283574784	0.1522578064740096	0.00999999040406843	0.00999999180743235	0.009999990593738222	1.000000007090611	0.009999997653517992	0.009999990282630872	0.009999991438885837	0.009999992744729982	0.009999993807631712
0.009375	-0.4866883043478172	1.062715113674546	0.8993040191726922	0.1584032171984578	0.968711420842693	0.3892188061750744	-0.3109311341278832	-0.5374877895365595	-0.5395064378188086	0.1010309542105921	0.3412692123830611	3.181985158505082	-0.1520333585307947	-0.3158769913160365	-3.275858940971579	-0.02988555515236133	-3.178444432642152	9.988489047779201	1.662817242185236	1.98076227897626	0.3152076288641468	0.01002029291885295	0.4453395633095666	0.01000145799994405	0.01000007008569208	0.009999992703698654	0.009999990381704038	0.009999990511456785	0.1160741631391599	0.01003190732007567	0.01005907341447816	0.01000696745201592	0.5549691442967247	0.1328343440402416	0.01083130524744226	0.08605699663358224	0.03603681535400411	0.05718701140947395	0.08963390034017232	1.000000006493434	0.009999990547699069	0.1541629527963968	0.009999990425469606	0.009999992965563234	0.009999993141871149	0.009999990246411411	0.009999990314532031	0.1250256806826376	0.009999990395558336	0.009999992012212036	0.009999990470059899	1.000000007724974	0.01000001879809183	0.009999990253986835	0.009999991436100426	0.00999999238016016	0.009999995904458003
0.0125	-0.4846124795058658	1.072694404084986	0.8988431714770257	0.1565930872570047	0.9573729945169188	0.3879335241821285	-0.3213817262295949	-0.5068913358373525	-0.5339625763893776	0.1077601220831313	0.9956971372501744	3.204605466314266	-0.1424453570752515	-0.8451974081577253	-3.979846602648732	-0.8036462954977081	-3.52313425452657	9.562851107938139	1.889283725114045	2.304251333036071	0.3995945074725382	0.01001635601738536	0.4099889211390863	0.01000117340781086	0.01000005521897534	0.009999992876342564	0.00999999035774933	0.009999990476391324	0.1152637275201988	0.01002571834181222	0.01004761767912369	0.01000561446906016	0.6026795742337789	0.1137880936074157	0.0106703773208694	0.07331932540816853	0.03124982767216394	0.0488590713881627	0.0992812387862691	1.000000008650896	0.009999990612786112	0.108234936249786	0.009999990445156155	0.00999999384366031	0.009999994011055668	0.009999990269030267	0.009999990345489278	0.09779355489126565	0.009999990387048244	0.009999992216991724	0.009999990346381575	1.000000008359337	0.01000003994266566	0.0099999902253428	0.009999991433315016	0.009999992015590337	0.009999998001284292
0.015625	-0.4805631852071491	1.082735871551788	0.8984077052478409	0.1532883999638168	0.9439925363098221	0.3843022262122108	-0.3330676934437686	-0.477833385151685	-0.5276892339076346	0.1151628621374618	1.558638589543916	3.220004952499206	-0.1385730397413	-1.222548368386275	-4.53819666757966	-1.477732765450124	-3.962517828778353	9.025421536205387	2.108784442775098	2.399805079021985	0.457027595334982	0.01001318010681729	0.3757378880910808	0.01000094383162381	0.01000004360119613	0.009999993118729939	0.009999990343213057	0.009999990455284739	0.112255129618785	0.01002072560133278	0.01003837598190575	0.01000452300676757	0.6445272410363959	0.1303521828701558	0.01054046157888564	0.06247174455911581	0.02730405054063964	0.04196232206759751	0.153162311626296	0.7861493053574632	0.009999990674717978	0.1158531195058642	0.009999990448573864	0.009999996771324396	0.009999994232390333	0.009999990295795205	0.009999990388385891	0.09485355652784969	0.009999990381508048	0.009999992393679076	0.009999990305752804	1.000000008376771	0.409163064396771	0.009999990197771631	0.009999991448240856	0.00999999179345072	0.01077483156521525
0.01875	-0.4751035672236202	1.092807380288482	0.8979625899152786	0.1492474980239419	0.9292933277340055	0.3789642671468119	-0.3461889193234203	-0.4505375499528416	-0.520888117499698	0.1225482961850593	1.898304295529939	3.223831879044822	-0.1486207832368696	-1.316374782037436	-4.823846838629383	-1.895909396605716	-4.441699800432472	8.435097196370705	2.227059037877945	2.293175488726868	0.4815637905567192	0.01001062246300796	0.3455537958361033	0.01000075895037768	0.01000003481516065	0.009999993357018717	0.009999990336717408	0.009999990446638461	0.1092424924110444	0.01001670476112342	0.01003093317994953	0.01000364402056068	0.6814356731780741	0.2032822067041508	0.01043577169947091	0.05330220045381578	0.02406641262859142	0.03636855519816469	0.2070433844663228	0.5722986020640299	0.009999990736649846	0.1234713027619423	0.009999990451991569	0.009999999698988479	0.009999994453724998	0.00999999032256014	0.009999990431282507	0.0919135581644337	0.009999990375967849	0.009999992570366429	0.009999990265124031	1.000000008394205	0.8083260888508764	0.009999990170200462	0.009999991463166697	0.009999991571311104	0.0115496651291462
0.021875	-0.4690400844193298	1.102869881076804	0.8974573656456426	0.1454547076189968	0.9142305800817477	0.3728494119084877	-0.3607975535727822	-0.4251189696207545	-0.5139572779380512	0.1293432093581976	1.944060504667263	3.214643271024103	-0.1771761183532545	-1.069332450982196	-4.773210997129891	-1.972896184975039	-4.898690873695727	7.832506633208963	2.195765360376228	2.055239806165234	0.4835972853679879	0.0100085592260302	0.3208680151809812	0.01000060981033057	0.01000002796806787	0.009999993529366435	0.009999990337357456	0.009999990446264371	0.1078651861971324	0.01001346112314196	0.01002492898780901	0.01000293494291487	0.7141782245111196	0.2933316092301054	0.01035127839437712	0.04560252788145151	0.02141592172717831	0.0327224520574082	0.1879784789252584	0.4297568840220493	0.009999990848694636	0.1581756151439269	0.009999990470913834	0.009999999378462595	0.009999994049569342	0.009999990356373613	0.009999990457295169	0.108870613360209	0.009999990381257179	0.009999993001863957	0.009999990262518015	1.000000008207582	0.904163030209974	0.009999990153707365	0.009999991617960386	0.009999991427058959	0.02115741779974493
0.025	-0.463192340285379	1.112889367267024	0.8968399056191763	0.1428246616187107	0.899730138137479	0.3669130520591349	-0.3767486419998726	-0.4015861808887612	-0.5072452897548451	0.1353914878741141	1.7602315465125	3.196302536259163	-0.2204516676082731	-0.5722183630557228	-4.463971185516421	-1.78167234766404	-5.300870474178743	7.228190572310632	2.086994155676001	1.815329308104896	0.469640777997315	0.01000689767037806	0.3029738964197843	0.01000048970884804	0.01000002239158374	0.00999999358947899	0.009999990344455794	0.009999990451027323	0.109425160461881	0.01001084892452665	0.01002009364919764	0.01000236390784242	0.7433105772288313	0.376419453456487	0.01028320634095909	0.03917849473089658	0.0192541449345606	0.0315054714910356	0.168913573384194	0.2872151659800687	0.009999990960739424	0.1928799275259115	0.009999990489836099	0.009999999057936713	0.009999993645413683	0.009999990390187083	0.009999990483307833	0.1258276685559843	0.009999990386546509	0.009999993433361488	0.009999990259911998	1.000000008020958	0.9999999715690716	0.009999990137214268	0.009999991772754076	0.009999991282806818	0.03076517047034365
0.028125	-0.4581921694816365	1.12284186706159	0.8960694143460444	0.1420248137041364	0.8864995727100234	0.3618953930479302	-0.3938430294221956	-0.3799358230740039	-0.5009140676880198	0.1408033155172301	1.433574760955077	3.173293791652986	-0.2730546107978056	0.06153362697164059	-3.997022098645923	-1.42179318525982	-5.622985148849768	6.628056325138771	1.966987798029847	1.664068648992583	0.4566547444576803	0.0100055573251907	0.2912904476161324	0.01000039282915176	0.01000001769854983	0.009999993564138738	0.009999990357185707	0.009999990458348493	0.1121705827438349	0.01000874166150684	0.01001619309812734	0.01000190325520679	0.769316362796736	0.4502667754560175	0.01022827591184192	0.03384575256228849	0.01749293596008555	0.03164958350180187	0.1856537959900064	0.4152521378748902	0.009999991135726015	0.2260234966623106	0.009999990524202718	0.009999997414127101	0.009999993284121175	0.009999990428665124	0.009999990493853542	0.127371050418239	0.009999990390622559	0.009999994657209322	0.009999990239689447	1.000000007855187	0.9999999844003676	0.00999999012583387	0.009999991588093499	0.009999991100306993	0.03371136633490371
0.03125	-0.4542718918227076	1.13272243133604	0.8951308651541797	0.143216858845055	0.87478980370475	0.3580758211153059	-0.4117888471348196	-0.3601607170066142	-0.4949391170737975	0.1458908435897133	1.069099933831844	3.150263803384198	-0.3280087355972504	0.7025931924596901	-3.490661475319738	-1.014896617372531	-5.845785859971302	6.028029453995416	1.858980426010262	1.607777582899945	0.4593243904564421	0.0100044779488426	0.2851614461185072	0.0100003148168978	0.01000001359914668	0.009999993473394435	0.00999999037492833	0.009999990466297425	0.1147122550441531	0.01000704462917349	0.01001305209467988	0.0100015322788393	0.7925687716893002	0.5122677566380409	0.01018402759143345	0.02944244774706927	0.01606249454635687	0.03231316215743927	0.2023940185958188	0.5432891097697117	0.009999991310712606	0.2591670657987096	0.009999990558569335	0.009999995770317488	0.009999992922828669	0.009999990467143166	0.00999999050439925	0.1289144322804938	0.009999990394698609	0.009999995881057155	0.009999990219466898	1.000000007689415	0.9999999972316636	0.009999990114453471	0.00999999140343292	0.009999990917807173	0.03665756219946377
0.034375	-0.4514514525376393	1.142535102087882	0.8940235634050175	0.1463059797777153	0.8646134785694841	0.3554871024321225	-0.4302648933209922	-0.3422648569460592	-0.4892638887605246	0.1509324586623321	0.7443035016590985	3.130390645380809	-0.3800389411562833	1.259628564932722	-3.032545836081721	-0.6511506564869829	-5.964731936647753	5.426440462635717	1.780209815885788	1.621623425479947	0.4697783984570217	0.01000360726662046	0.2838933894069768	0.01000025189228092	0.01000001007223658	0.009999993337407807	0.009999990398908783	0.00999999047621182	0.1165950282444119	0.0100056756378999	0.01001051931864498	0.01000123301098198	0.8134008670260989	0.5656110083805295	0.01014832554380487	0.0258190286382277	0.01490096838545507	0.03344910747724534	0.2170737766315776	0.5618224398420378	0.009999991605926399	0.2905563188060062	0.009999990598787655	0.009999995102778903	0.009999992631976396	0.009999990527875391	0.009999990529553035	0.1244051363887919	0.009999990401492806	0.01000000554003805	0.009999990199794312	1.00000000753631	0.9999999990913047	0.009999990107046438	0.009999991595151912	0.009999990784176111	0.04016699339495144
0.0375	-0.4495679806057928	1.152290780167081	0.8927595307888917	0.1509969396289457	0.855771647074044	0.3539482087833739	-0.4489799732230464	-0.3262384673784163	-0.4837687799657527	0.1560432860108621	0.4694408277698834	3.113788492892362	-0.4283164904540409	1.727770100344512	-2.636585545831208	-0.3430085953342362	-5.998767438135443	4.831568338531646	1.743703934169575	1.652073439483122	0.4810729705716627	0.01000290614554017	0.2867950002159836	0.01000020122580467	0.01000000710199623	0.009999993171271534	0.009999990430044165	0.00999999048909306	0.1174605641576405	0.01000457315931022	0.01000848148507456	0.01000099200117891	0.8320812946890241	0.6119795713962501	0.01011956903953871	0.02285030512839683	0.01396028719416113	0.0350202046870191	0.2317535346673363	0.580355769914364	0.009999991901140188	0.321945571813303	0.009999990639005977	0.009999994435240318	0.009999992341124119	0.009999990588607616	0.009999990554706821	0.1198958404970901	0.009999990408287002	0.01000001519901895	0.009999990180121723	1.000000007383205	1.000000000950946	0.009999990099639406	0.009999991786870905	0.00999999065054505	0.04367642459043911
0.040625	-0.4484643952266466	1.161999406121921	0.8913506675349638	0.1570190708079307	0.8480662113259577	0.353283593111051	-0.4676919180463241	-0.3120508123976037	-0.4783036049282934	0.1612283339073367	0.2439224085801919	3.100123123113815	-0.4728098278609804	2.115854399612537	-2.304651612719384	-0.09035141918700343	-5.971016151165534	4.252415698338463	1.771993237368967	1.660077716424382	0.4914950715125211	0.01000234063251	0.294710407120901	0.01000016036096998	0.01000000459491822	0.009999993003087024	0.00999999047215985	0.009999990508372482	0.117516590222667	0.01000368379600808	0.01628141527975481	0.01000079757750974	0.8488537124115803	0.6527142836185926	0.01009636832649022	0.02042287960884406	0.0131981558239218	0.037872207508487	0.2393127231872234	0.5704095766326915	0.009999992397655201	0.3748261697129066	0.009999990675402618	0.009999993947677716	0.009999992270472421	0.00999999070183343	0.009999990620044894	0.1158410577083751	0.009999990415554265	0.07272858684962415	0.009999990169580669	1.000000007122039	1.000000003448488	0.009999990094804652	0.009999991934661249	0.009999990550555105	0.0570612778480452
0.04375	-0.4479992868415638	1.171668993467219	0.8898078828910031	0.1641551580353157	0.8413065852459518	0.3533334750119891	-0.4862621923078512	-0.299636588956613	-0.4725814150599176	0.1663795248770379	0.06081555156922521	3.088803782784947	-0.5140261800750867	2.440701971320504	-2.031267358259703	0.1142698515528508	-5.908098278615034	3.696572153045663	1.90819342595624	1.630405006348158	0.4996145466110616	0.01000188531041441	0.3082478617283814	0.01000012745888575	0.01000000248100464	0.009999992853890451	0.009999990528119437	0.00999999053661872	0.1169224830105601	0.01000296757454164	0.03308110952314248	0.01000064100254001	0.8639201886410308	0.6886843867706443	0.01007768226625525	0.01844511297573861	0.01258211842077495	0.0426255882360048	0.2468719117071104	0.5604633833510192	0.009999992894170215	0.4277067676125101	0.009999990711799255	0.009999993460115115	0.009999992199820722	0.009999990815059246	0.009999990685382968	0.1117862749196602	0.009999990422821526	0.1354571585002294	0.009999990159039612	1.000000006860872	1.000000005946031	0.009999990089969896	0.009999992082451595	0.009999990450565162	0.07044613110565129
0.04687500000000001	-0.4480485842337178	1.181306242667437	0.8881407815899832	0.1722261989491079	0.8353164527576972	0.3539569906283064	-0.5046068991499481	-0.2889129856919861	-0.4662346547430326	0.1713732904606133	-0.09064097780332327	3.079118792568309	-0.552742287766865	2.722823319802513	-1.806173983040566	0.2827971976974043	-5.83287289334308	3.17010427392955	2.161493465741478	1.558305332816913	0.5006875321102339	0.0100015181467801	0.3241467930739338	0.01000010092736793	0.01000000070774904	0.00999999269255487	0.009999990606008693	0.009999990579187091	0.1169122543915266	0.01000238980282713	0.05799299030453645	0.01000051469285519	0.8774658902285289	0.7192688415337196	0.01006260707705128	0.01683515850061837	0.01208375322864045	0.04715471519138804	0.2006038960247431	0.4599687978639503	0.009999993846179446	0.4433377066010102	0.009999990780963917	0.009999993234777507	0.00999999185644496	0.009999991036682568	0.009999990822109844	0.121661126741349	0.009999990415891072	0.203547984570065	0.009999990149942788	1.000000006542875	0.9740979806343469	0.009999990087034697	0.009999991752391921	0.009999990396422387	0.06518784850830441
0.05	-0.4485550122981816	1.190914005215859	0.8863543458725279	0.1811606731984313	0.8299945194218399	0.3550885640901431	-0.5227198903475966	-0.279801122634466	-0.4590235790934627	0.1760733104926237	-0.2317480787089886	3.069932325635962	-0.5904002065936725	2.993299306060411	-1.603619900725496	0.4394268726853406	-5.759800266168186	2.665058420497231	2.46135523887457	1.442407853346533	0.490631694065283	0.01000122264831483	0.3397932366371792	0.01000007957453668	0.00999999923584609	0.00999999249577924	0.009999990711880468	0.009999990640086482	0.1184642209705066	0.01000192451053306	0.08913141030299024	0.0100004129716312	0.8896470868564201	0.7438589418911239	0.01005046586847866	0.01552850718609834	0.01168143488974985	0.04988926922192998	0.1543358803423758	0.3594742123768814	0.00999999479818868	0.4589686455895102	0.009999990850128582	0.009999993009439901	0.009999991513069198	0.00999999125830589	0.00999999095883672	0.1315359785630379	0.009999990408960619	0.2716388106399007	0.009999990140845962	1.000000006224877	0.9481959553226628	0.009999990084099497	0.009999991422332245	0.009999990342279613	0.05992956591095754
0.05312499999999999	-0.4495035614542969	1.200492926328166	0.8844506857177671	0.1909477343888515	0.8252911113347644	0.3567107872130642	-0.5406206173933366	-0.2722401604986513	-0.4508731496560967	0.1803404499612238	-0.3727848454190711	3.060592956731997	-0.6276135855646939	3.268886183752173	-1.409659318480135	0.5956557664441675	-5.700492449777854	2.163917549942081	2.753748913911399	1.261576716804835	0.4687804377629116	0.01000098430733905	0.3711010647318123	0.01000006236019522	0.009999998020819871	0.01002446038870132	0.009999990839488673	0.009999990716544858	0.1226558512321283	0.01000154916356432	0.1233123826733607	0.01000033091232909	0.9006079161653285	0.756287514668541	0.01004067110826012	0.01446809781702536	0.01135628507936128	0.05181607430435939	0.1899226587130023	0.2255115738190357	0.009999994267169035	0.729484322512142	0.009999990893720499	0.009999992942862183	0.01024422539297765	0.009999991473547677	0.009999991104555989	0.1579901742267403	0.009999990427250275	0.3249534209673366	0.009999990133184731	1.0000000057253	0.7875931741995855	0.00999999008194317	0.009999991202379068	0.009999990305054071	0.06145721913859807
0.05624999999999999	-0.4508690517333899	1.210042809761006	0.8824338153808022	0.20158162639653	0.8211647859096058	0.3587917866332946	-0.5583718894504109	-0.2663393866753416	-0.4418199651760683	0.1837895106616997	-0.4985903974147499	3.051348210776957	-0.6628547232041642	3.535271029105658	-1.234286997098711	0.7330437029633989	-5.664149073422277	1.602537900493979	3.039118466178488	0.9188374417470889	0.4342376784985166	0.01000079226359379	0.4300536554108925	0.0100000485056715	0.009999997029376559	0.01009170520045382	0.009999990984157612	0.00999999080648712	0.1302916821562317	0.01000124689311545	0.1586455557381694	0.01000026482702517	0.9104713720002702	0.7511930766831811	0.0100327828387424	0.01360972528037577	0.01109402036881277	0.05366457869229108	0.2255094370836287	0.09154893526118996	0.00999999373614939	0.9999999994347739	0.009999990937312417	0.009999992876284468	0.0104884592728861	0.009999991688789461	0.009999991250275255	0.1844443698904427	0.009999990445539928	0.3782680312947725	0.009999990125523498	1.000000005225724	0.6269903930765082	0.009999990079786846	0.009999990982425887	0.009999990267828527	0.06298487236623861
0.059375	-0.452579806152943	1.219565074096783	0.8803115970450965	0.2130072018220518	0.8175251999854188	0.3612449272691353	-0.5760527812081496	-0.2623023098079932	-0.4318724056718294	0.1859622601190225	-0.5993977132281584	3.042319005097723	-0.6950467251483383	3.784068033066416	-1.08219721145582	0.8395588617062486	-5.660641896171854	0.914419414949435	3.33401329465949	0.4227185278025545	0.3931342812218093	0.01000063719167727	0.4952275077030555	0.01000003733342291	0.009999996216719109	0.0183100270697357	0.009999991076356881	0.00999999086084623	0.1485449165247729	0.01000100305047886	0.1936939140334915	0.01000021151518738	0.9193513719596129	0.7310132028485971	0.01002641920621014	0.01291454182575187	0.01088219730072056	0.05685831314147511	0.1690220975881876	0.05077446482009034	0.009999992715353489	1.000000001992426	0.009999990937506401	0.009999992809721798	0.09196669277048583	0.009999991244120923	0.009999990933189651	0.3102689171612927	0.009999990395721029	0.415657542795131	0.009999990118997933	1.000000004213835	0.4771223671055734	0.009999990078333347	0.009999990883534465	0.009999990242294438	0.08002308456704608
0.0625	-0.4546346954543717	1.229053666298973	0.8780917626392453	0.2252756190396832	0.8144813707312891	0.3640552330047809	-0.5938072778304938	-0.2610415895797797	-0.4209405465961647	0.1861252284408599	-0.7188367218151449	3.029798045280717	-0.7253290080972369	4.074689776055734	-0.8530027282620192	0.9616293668384892	-5.711256186769812	-0.1743303485523899	3.669070191890969	-0.3674224849635613	0.3508946979233839	0.0100005121107349	0.5508276172347938	0.01000002833625371	0.009999995549313309	0.04001976509090342	0.009999991064037343	0.009999990842891526	0.1822529131385438	0.01000080666982148	0.2275287296089823	0.01000016858095383	0.9273458055772211	0.6976755446478536	0.01002129430219495	0.01235280099704114	0.01071143587616162	0.06245747632101598	0.1125347580927465	0.009999994378990731	0.009999991694557592	1.000000004550078	0.009999990937700381	0.009999992743159125	0.1734449262680856	0.009999990799452385	0.009999990616104045	0.4360934644321426	0.00999999034590213	0.4530470542954896	0.009999990112472368	1.000000003201946	0.3272543411346386	0.009999990076879848	0.009999990784643038	0.009999990216760348	0.09706129676785358
0.065625	-0.4572481537737819	1.238483308248908	0.8757757059292637	0.2387311373066134	0.8126891611583158	0.3674352883557362	-0.6118641756935499	-0.2650881694722195	-0.4089089184827313	0.1815199610078445	-0.9595055214312616	3.004214665409623	-0.7556829953514668	4.54640523962865	-0.2892409534513008	1.206703069086517	-5.850361869456324	-2.356140779026229	4.016604399417877	-2.223697650895936	0.3099046169451891	0.01000041108249983	0.5991049423743765	0.01000002108604362	0.009999995060217813	0.07016539081564641	0.009999991010989416	0.009999990803940338	0.2178944732527902	0.01000064824133244	0.2590117007037933	0.01000013394507616	0.9345455791835768	0.6530361217364851	0.01001715998744638	0.01189847433162625	0.01057357538033502	0.06678378316682894	0.1595366301595756	0.009999993333785567	0.009999991381338369	1.0000000041266	0.009999991014681851	0.00999999329708141	0.2429088146324601	0.009999990782483243	0.009999990666625162	0.4289810510071714	0.009999990295048245	0.467862513521283	0.009999990106673398	1.00000000037981	0.1907357404335195	0.009999990076365661	0.009999990780317925	0.009999990204448866	0.07822730511251404
0.06875000000000001	-0.4606674107059665	1.247824019599858	0.8733766457366705	0.2537504225676688	0.8127034300534036	0.3716289835072819	-0.6304045609137855	-0.2753965944263013	-0.3959278153578562	0.1744536870056999	-1.234547833990767	2.97288246193052	-0.7784512369686136	5.075500652295833	0.3031434912971855	1.48235883921632	-6.020688095364823	-4.181911188003316	4.276734199213654	-1.942466689206269	0.2724978136918158	0.01000032966168316	0.6413591987260594	0.01000001526230985	0.009999994774179699	0.1052514236198543	0.009999990964965401	0.009999990782407851	0.2461809949369945	0.01000052064611033	0.2872722497454747	0.01000010605106666	0.9410291576381722	0.5985212567886534	0.01001383048428747	0.01153178570341798	0.01046247908084046	0.06707181801096594	0.2065385022264046	0.009999992288580402	0.009999991068119144	1.000000003703122	0.009999991091663323	0.009999993851003695	0.3123727029968347	0.009999990765514102	0.009999990717146278	0.4218686375822002	0.009999990244194359	0.4826779727470763	0.009999990100874425	0.9999999975576732	0.05421713973240053	0.009999990075851473	0.009999990775992814	0.009999990192137381	0.05939331345717448
0.07187499999999999	-0.4649415769707561	1.257061706204433	0.8709263113725202	0.2704324781636968	0.8143517635428126	0.3766675779464025	-0.6494805505558225	-0.2894168046047949	-0.3823868278992594	0.1720832431127516	-1.506398432405869	2.937781612089064	-0.7874489291201497	5.609746714048856	0.7626811369218475	1.746059923442097	-6.187410124823406	-4.753214266443544	4.363142694692727	0.1240696627591422	0.2385042308144919	0.01000026395533948	0.6762559087872442	0.01000001057892075	0.009999994647068512	0.1509424046841321	0.009999990917041809	0.00999999075340227	0.2562548894473707	0.01000041770920341	0.3127596518087425	0.01000008354840166	0.9345249289166847	0.5437102016448048	0.01001114456096989	0.01123548011841822	0.0103728126200839	0.06574500550938921	0.263475023454516	0.00999999231873715	0.009999991111360591	0.9547851152796556	0.009999991165515643	0.00999999437054359	0.4729245817611178	0.009999990673521189	0.009999990554042335	0.2244603291197948	0.009999990222966404	0.4925682398753903	0.009999990098267917	0.7546489894838339	0.09068557282006801	0.009999990076230966	0.009999990794603569	0.009999990186512882	0.0593627834380422
0.075	-0.4701166500143238	1.266176058719737	0.8684695513482162	0.2888659131860163	0.8175382571278988	0.3825650975389273	-0.6690725295019595	-0.3048678769678916	-0.3688228927634992	0.1733459165544429	-1.811128172408789	2.893948644797261	-0.7825636594668854	6.196383485122452	1.287565952530784	2.032070937394951	-6.3509212499887	-5.097662986149277	4.291420712598233	0.3827284049630062	0.2077764082744469	0.0100002110492773	0.7025219894746545	0.01000000682168357	0.00999999464584902	0.2105971416712132	0.009999990860538689	0.009999990698290075	0.2386752492381821	0.01000033480814413	0.3357186440717242	0.01000006542610399	0.9043720778726603	0.4973912638583524	0.01000898151176704	0.01099651463970619	0.0103005709885763	0.06463955968436295	0.3204115446826273	0.009999992348893899	0.009999991154602036	0.9095702268561888	0.009999991239367963	0.009999994890083488	0.633476460525401	0.009999990581528279	0.009999990390938391	0.02705202065738953	0.009999990201738451	0.5024585070037043	0.009999990095661408	0.5092979814099943	0.1271540059077355	0.00999999007661046	0.009999990813214324	0.009999990180888383	0.05933225341890992
0.078125	-0.4761772769812402	1.275150264357162	0.8660530945216596	0.3090439307084568	0.8222937968397563	0.3892665014985169	-0.689110984633297	-0.3211098511939339	-0.3556504634246234	0.1734264854036615	-2.052451007286449	2.850550249042826	-0.761826054844952	6.695240841165995	1.729460000142732	2.24003652396232	-6.463466132143346	-5.280468495632983	4.135180446424751	-0.3185082808840686	0.1801706880418342	0.01000016837618473	0.7172179299333974	0.01000000379307577	0.009999994668594723	0.2812306894840432	0.009999990803219243	0.009999990631714513	0.2164105231542983	0.01000026792967012	0.3565359474860593	0.01000005080674216	0.863534188913306	0.4555210178742843	0.0100072365810357	0.01080353038302626	0.01024227481674436	0.06401882992939514	0.3368941382798576	0.009999992468727152	0.009999991172197601	0.7852684997794248	0.009999991193912506	0.009999994644006697	0.8167382346635856	0.009999990549866297	0.00999999032178576	0.1160036867500392	0.009999990192855124	0.510436675816855	0.009999990095521494	0.4749213632751482	0.1002373141246442	0.009999990077933351	0.009999990818091494	0.009999990177915013	0.06267938150216505
0.08125	-0.4828493308152935	1.283998293313057	0.8637215300972131	0.3305717503928448	0.8281816354855702	0.3964603816088166	-0.7094052934408311	-0.3377662299225675	-0.3430014750849538	0.1714343401775364	-2.202441367376299	2.813195568618438	-0.7282325221163728	7.060256868768882	2.012237270262783	2.347255673849472	-6.514667602754606	-5.362881867807654	3.956418473106273	-0.9438086032569735	0.1555401338544557	0.01000013401421806	0.7176931886590927	0.01000000134523571	0.009999994639005371	0.3614819669114301	0.009999990750894859	0.009999990564637238	0.2088441415855619	0.01000021406952258	0.3754664505506523	0.01000003903348725	0.8232441848812309	0.4143358519694292	0.01000583134617215	0.01064797019061524	0.01019531450568682	0.06408674213828641	0.3533767318770881	0.009999992588560404	0.009999991189793165	0.6609667727026607	0.00999999114845705	0.009999994397929904	1.00000000880177	0.009999990518204317	0.009999990252633126	0.2049553528426889	0.0099999901839718	0.5184148446300058	0.009999990095381581	0.440544745140302	0.07332062234155298	0.009999990079256241	0.009999990822968664	0.009999990174941641	0.06602650958542015
0.08437500000000001	-0.4898458757713731	1.292742777983872	0.8615108098446296	0.3530212603975044	0.8346620074579416	0.4038381202674395	-0.729764747608571	-0.3545719839515495	-0.3308938589705228	0.1685183775024491	-2.270149193152918	2.784061151618803	-0.6856612072086843	7.297322263527204	2.119789470319023	2.369760158490613	-6.508691393478806	-5.411735443041721	3.795810683487827	-0.6063564797917649	0.1337311703507803	0.01000010630020459	0.7133361357405339	0.009999999370193031	0.009999994573787396	0.4379083358108621	0.009999990709951553	0.009999990506426767	0.2014099013033863	0.01000017061961942	0.3928470409855356	0.01000002953620028	0.7835600789904213	0.3748149367426186	0.01000469774808904	0.01052239089045969	0.01015742379716809	0.06475448382318834	0.3288788525788361	0.009999992589572008	0.009999991228317559	0.6881372740797551	0.009999991186808787	0.009999994213941652	1.000000008673546	0.009999990560275769	0.009999990275990779	0.1074776719483529	0.009999990178573935	0.5264923457183538	0.00999999009649437	0.4093226303923621	0.06579056862020023	0.009999990081320234	0.009999990809589628	0.009999990172657333	0.06974801730363203
0.08750000000000001	-0.4970052744514885	1.301403591328898	0.8594421927542109	0.3761168440981023	0.8413339989142145	0.4112417769170167	-0.7500427917055728	-0.3717079185184589	-0.3192566905421659	0.1696199311101325	-2.306667750759191	2.759645920114044	-0.6372864983309863	7.473744034169395	2.134873739959624	2.363843188060187	-6.462565157482132	-5.574197412081128	3.655331954018816	1.627401817716258	0.1145724412114944	0.01000008398912362	0.7121812613074971	0.009999997787123144	0.00999999448544692	0.5017489731266411	0.009999990685169772	0.009999990464096187	0.1811626961509587	0.01000013562759697	0.4089242897888337	0.01000002188808588	0.7445327998059909	0.3379105610984882	0.01000378483713798	0.01042119758742833	0.01012690409263393	0.06595060195666881	0.3043809732805843	0.009999992590583611	0.009999991266841953	0.7153077754568494	0.009999991225160527	0.009999994029953399	1.000000008545322	0.009999990602347221	0.009999990299348432	0.009999991054016858	0.009999990173176069	0.5345698468067019	0.009999990097607157	0.378100515644422	0.05826051489884747	0.009999990083384225	0.009999990796210591	0.009999990170373027	0.07346952502184391
0.09062500000000001	-0.5042626311975938	1.309993388680856	0.8575322190322249	0.3997106120937062	0.847931107723578	0.4186187971666981	-0.7701214755818958	-0.3893920670057558	-0.3080256987281222	0.1794677346347649	-2.330091813363324	2.739075452284268	-0.5844846166737945	7.612256916137581	2.057954433361426	2.350250180905777	-6.381205181525152	-5.678221047409057	3.539731111913992	4.406293770515799	0.09788228018188808	0.01000006600375142	0.7096833790067687	0.009999996535077216	0.009999994379929525	0.556522522328482	0.009999990684929507	0.009999990437447806	0.1564229383426863	0.01000010739894393	0.4237634089169599	0.0100000157187156	0.7067573366146229	0.3036751048157604	0.0100030483969707	0.0103395276259581	0.0101022806319361	0.06730043076050533	0.308543813095809	0.009999992840477923	0.009999991358692789	0.6608234234220766	0.009999991439084652	0.009999993859067224	1.000000008664789	0.009999990760388293	0.009999990352492535	0.009999990950193957	0.009999990169402912	0.5402131768955644	0.009999990099556974	0.360743237962204	0.05453345896913561	0.009999990086097324	0.009999990781181904	0.009999990168668423	0.07406008439341058
0.09375	-0.5115186685763531	1.318530632075334	0.855792989319164	0.4236058837809649	0.8540129549685253	0.4258858431049894	-0.7898841532036081	-0.4067878214873912	-0.2970881941867982	0.1954786505037769	-2.305823355657594	2.726011387327377	-0.5280103326187789	7.666706396828492	1.805106338733048	2.2934596287705	-6.260321154531225	-5.389625248457689	3.467500099478243	5.571793718119205	0.08346099848450915	0.01000005153769827	0.7018929933727249	0.009999995568430106	0.009999994261685968	0.6040359793609199	0.009999990715503863	0.00999999042633363	0.1345087056685972	0.01000008466518004	0.4374060475441398	0.01000001075079365	0.6707693319609613	0.2721804025078212	0.01000245532726266	0.01027373110805178	0.01008244854076833	0.06851584974794783	0.3127066529110338	0.009999993090372234	0.009999991450543623	0.6063390713873039	0.009999991653008777	0.009999993688181047	1.000000008784256	0.009999990918429366	0.009999990405636641	0.009999990846371057	0.009999990165629758	0.5458565069844269	0.009999990101506791	0.3433859602799862	0.05080640303942376	0.009999990088810425	0.009999990766153214	0.009999990166963822	0.07465064376497724
0.096875	-0.5186182362169319	1.327039480204815	0.8542334952438219	0.4475348649178911	0.8590498597132842	0.4329015420783799	-0.8092169303481692	-0.4227504071788496	-0.2863051539290848	0.2130359635542834	-2.237106436033592	2.720297922175763	-0.4703106150056234	7.644029950696706	1.411506774782163	2.197011797452772	-6.110284004769674	-4.811413718672501	3.436191273992498	5.618695269654626	0.07110206888380666	0.01000003989201034	0.6854454880946131	0.009999994820874792	0.009999994130067363	0.645720616781769	0.009999990774300901	0.009999990436283678	0.1152538506585176	0.01000006632552949	0.4494031283412813	0.01000000674370966	0.636046947922104	0.2427599583748566	0.01000197690224747	0.0102206374699931	0.01006644869404429	0.06953595798679865	0.2926131619611845	0.009999994161618057	0.009999991604278389	0.4762682258566192	0.009999991775873513	0.009999993485365562	1.000000008844567	0.009999991112227763	0.009999990545048139	0.009999990845750565	0.009999990164005891	0.5406653354853229	0.009999990104651304	0.3197204283120644	0.0394345071595743	0.009999990092288613	0.009999990754559871	0.009999990166406021	0.07427065797351291
0.1	-0.5254956244373176	1.335536534755404	0.8528520183540952	0.4713572485971471	0.8627910852913485	0.4396198173594029	-0.8280586019008048	-0.4367653080078244	-0.2755960886710062	0.2303067999106785	-2.163628526733897	2.718463496836354	-0.4140793338248727	7.598484023919478	0.9758716720485829	2.103108465655369	-5.94601357569893	-4.143106936468179	3.420156099712017	5.388448633887871	0.06059238273637964	0.01000003054346387	0.6573487122729004	0.00999999424277509	0.009999993984587967	0.6824918275317168	0.009999990859380352	0.009999990471437615	0.09847254393812277	0.01000005155597187	0.4593745547815539	0.01000000351734721	0.6021291788895354	0.2147849724035774	0.01000159161802141	0.01017786913090846	0.01005356272990943	0.07031354721338738	0.2725196710113353	0.009999995232863879	0.009999991758013154	0.3461973803259344	0.009999991898738248	0.009999993282550079	1.000000008904879	0.009999991306026161	0.009999990684459637	0.00999999084513007	0.009999990162382023	0.5354741639862192	0.009999990107795814	0.2960548963441426	0.02806261127972484	0.009999990095766799	0.009999990742966527	0.009999990165848223	0.0738906721820486
0.103125	-0.5321681284785242	1.344031157750243	0.8516418924998727	0.4950446487008287	0.8651767333441296	0.4460830281385977	-0.8463750309632736	-0.4486461315363523	-0.2649321064648703	0.2467255034157596	-2.111871266321752	2.718205578371186	-0.3610396233270312	7.565487475294654	0.5573870297994939	2.040017473674352	-5.775865154977286	-3.462383277978708	3.403917067347396	5.114363977946335	0.05171956255445085	0.01000002303024109	0.61914177185173	0.009999993780176126	0.00999999383740414	0.715116701886787	0.00999999097775541	0.009999990533261649	0.0839695374524147	0.01000003964123454	0.4671009989910151	0.01000000091537268	0.5689297447742575	0.1883184117536814	0.01000128081270926	0.01014336145236478	0.01004316711277072	0.07088597433484795	0.2489561512721867	0.01000000452125008	0.009999991896301163	0.2257254328761082	0.009999991821952639	0.009999993173354198	1.000000009058345	0.009999991622393	0.009999990888914189	0.009999990855504374	0.009999990161299918	0.5216185146072645	0.009999990111907312	0.2728140210674888	0.01903146347610906	0.009999990100115812	0.009999990740877603	0.009999990167331722	0.07343598473125942
0.10625	-0.5387266773935999	1.352526009360915	0.8505915306429921	0.5186667667731004	0.8663150289030209	0.4524116205738995	-0.864153784936264	-0.4584162232213726	-0.2543270785305076	0.2622393395764826	-2.090697246010152	2.718609810969763	-0.3118303755259789	7.55670352381715	0.1775660759589855	2.016952725563931	-5.601901518432705	-2.792238556623274	3.38242536577708	4.809333533498642	0.04427984413295759	0.0100000170066339	0.572004441849192	0.009999993392688297	0.009999993697615903	0.7441471766848783	0.009999991134676017	0.009999990622853361	0.07153602073020139	0.01000003004587772	0.4723843035487883	0.009999998820757659	0.5363734537660452	0.1634248708823192	0.01000103051624163	0.01011556712570469	0.01003479491561304	0.0712816972878564	0.2253926315330381	0.01000001380963627	0.009999992034589174	0.1052534854262819	0.009999991745167029	0.009999993064158318	1.00000000921181	0.009999991938759839	0.009999991093368741	0.009999990865878676	0.009999990160217812	0.50776286522831	0.009999990116018809	0.2495731457908349	0.01000031567249328	0.009999990104464821	0.00999999073878868	0.009999990168815221	0.07298129728047023
0.109375	-0.5452721906238106	1.361022455523483	0.849688483379639	0.5423063841698559	0.8663436632821679	0.4587359545270322	-0.8813839719520399	-0.4661309121678128	-0.2438019023248073	0.2767975375813077	-2.099468802740887	2.719254415104398	-0.2666657223513866	7.572407930747172	-0.1528367118828147	2.032234622699272	-5.424876579779387	-2.155662614157409	3.350361421188424	4.512057413226157	0.04040947335636735	0.01000001216857277	0.5244474972362283	0.009999993052409558	0.009999993580381948	0.7604988690368901	0.009999991310569101	0.009999990945641671	0.06095976101572353	0.01000002230529738	0.4751394483627253	0.009999997131996417	0.5045212066602606	0.1406942702454046	0.0100008286049254	0.01009314279885684	0.01002804087438306	0.07098188350180192	0.2175191311204962	0.03485804811583768	0.009999992116975725	0.1356519065233375	0.009999991540093746	0.009999993121063156	0.814122840656788	0.009999992136845187	0.009999993403889107	0.009999990892005303	0.009999990160355176	0.486998982769752	0.009999990121649149	0.2291650672148314	0.01000017951720272	0.009999990109959325	0.009999990756887433	0.009999990173674717	0.06626361411046339
0.1125	-0.5518548422945813	1.36952221621801	0.8489214583199747	0.565992793344275	0.8653998204626412	0.4651231720798837	-0.898055878610607	-0.4719547410914748	-0.233408107052347	0.2904655998068756	-2.114465847968436	2.720731111423496	-0.2247761651652324	7.586650261521892	-0.4448193311922755	2.05719822938393	-5.244602089819118	-1.582088142045266	3.298341568503486	4.239646634774177	0.04173334195603605	0.01000000828843697	0.4842675553475174	0.009999992738452965	0.00999999349704978	0.7563567319420782	0.009999991490782633	0.009999991655406774	0.05202933834272779	0.01000001607169966	0.4752788460553078	0.009999995773103683	0.4734315672723914	0.1206718652903065	0.01000066600313317	0.01007508211997295	0.01002260154849021	0.06957988582503871	0.2096456307079542	0.05971608242203908	0.009999992199362276	0.1660503276203932	0.009999991335020464	0.009999993177967995	0.6282456721017657	0.009999992334930539	0.00999999571440947	0.00999999091813193	0.009999990160492538	0.4662351003111938	0.009999990127279493	0.2087569886388279	0.01000004336191217	0.009999990115453831	0.009999990774986185	0.009999990178534212	0.05954593094045654
0.115625	-0.5584718339869854	1.378028247449448	0.8482811189610376	0.5896980767964208	0.8635912903431306	0.4715761478290332	-0.9141598549005018	-0.4760781186188736	-0.2232212084524663	0.3030650599722631	-2.120182956434736	2.722989864734157	-0.1853616237694438	7.584033298024739	-0.7047631628602936	2.072093005085599	-5.061713242434715	-1.062233803703793	3.21456042864053	3.744770839901407	0.04754400293540441	0.01000000523473955	0.4500293894361095	0.009999992445349402	0.009999993446756904	0.7341640046128365	0.009999991645526771	0.03273313204492798	0.04453778840634034	0.01000001104350029	0.4731286362942747	0.00999999467826463	0.4430097906736183	0.1031810196431221	0.01000053483472008	0.01006051151196237	0.01001821358129183	0.06744467918537042	0.2105975898560651	0.08730306667530609	0.009999992885135485	0.179170841647723	0.009999991128000398	0.009999993294067214	0.4462162705333459	0.009999992244303436	0.2392763781138907	0.009999990974731704	0.009999990164269595	0.4458841351640959	0.009999990135702786	0.1883755413787692	0.01000002902535751	0.009999990122050129	0.009999990807319515	0.009999990186129728	0.05487823977125152
0.11875	-0.5651045740302013	1.386540034047831	0.8477609444263214	0.613388639895513	0.8610442805849781	0.4780699205805056	-0.9296901520428312	-0.4786272044159602	-0.2133590612907159	0.3133751861114323	-2.124544792487899	2.724414546268543	-0.1478706776640048	7.577229235567575	-0.9174462999231432	2.083308310870601	-4.877447435377226	-0.5745414346455355	3.090500648100199	2.774472857994553	0.05715646821208724	0.01000000290905185	0.4204146841411564	0.009999992169004797	0.00999999342885767	0.6957797123258224	0.009999991752501403	0.09060266926258301	0.03829298338073883	0.01000000699493894	0.4689549276625929	0.009999993798211525	0.4131719540869291	0.08802614751860731	0.01000042920372779	0.01004877671721566	0.01001467980045589	0.06486247268140524	0.2115495490041761	0.1148900509285731	0.009999993570908692	0.1922913556750528	0.00999999092098033	0.009999993410166434	0.2641868689649261	0.009999992153676335	0.468552760513372	0.009999991031331479	0.009999990168046652	0.4255331700169981	0.009999990144126079	0.1679940941187105	0.01000001468880285	0.009999990128646431	0.009999990839652842	0.009999990193725244	0.0502105486020465
0.121875	-0.5717410439954607	1.395054589861103	0.8473557521779558	0.6370441598777756	0.8579048416413383	0.4845822685912943	-0.9446424542557572	-0.4797568708937933	-0.2039411982310729	0.3204281757092515	-2.114525554462987	2.725341407340295	-0.1115055019995029	7.551921370981979	-1.096378522538567	2.075068034197257	-4.691548718130077	-0.1643679170644178	2.936364601668631	1.816430358935758	0.0681491623042218	0.01000000108965959	0.3958139552766313	0.009999991911925167	0.009999993381569398	0.6507837356076598	0.00999999180474183	0.148559012530209	0.03311299402666387	0.0100000037303193	0.4631334904880254	0.009999993090371685	0.3839667840735135	0.07500383292582458	0.01000034399344728	0.01003930985059344	0.01001182908442415	0.06212288742791764	0.201121987064041	0.1251218571599123	0.009999993499614973	0.2174237250540446	0.009999990772492513	0.009999992974356596	0.2416151407569328	0.009999991897990642	0.4311019888924953	0.009999990994349199	0.009999990177716793	0.4079586673504824	0.009999990157173348	0.1498316037142046	0.01000000983401633	0.009999990136358416	0.009999990872859349	0.009999990202382436	0.04796604487393124
0.125	-0.5782686685530006	1.403576169300676	0.84706370290939	0.6605232598260347	0.8541632654532851	0.4909795559077577	-0.9590093486388609	-0.4797540214344676	-0.1950103269578039	0.3252090625693185	-2.054883731547526	2.728909667100816	-0.07545917059215243	7.464320413805281	-1.30281413634779	2.009669466502434	-4.502786424290967	0.1502687651361452	2.778825904820806	1.320327105833163	0.07878643914993076	0.009999999610591642	0.3765673948160879	0.009999991675986471	0.009999993258642748	0.6075723388044145	0.009999991797034409	0.1874632615419952	0.02883874960556576	0.01000000110314678	0.4559818606296456	0.009999992522876002	0.3554423487072859	0.06390166513584795	0.01000027537359638	0.01003168567126838	0.01000953332279319	0.05945528914724238	0.1906944251239059	0.1353536633912516	0.009999993428321256	0.2425560944330364	0.009999990624004695	0.009999992538546758	0.2190434125489394	0.00999999164230495	0.3936512172716187	0.00999999095736692	0.009999990187386934	0.3903841646839665	0.009999990170220617	0.1316691133096987	0.01000000497922981	0.009999990144070402	0.009999990906065858	0.009999990211039627	0.04572154114581598
0.128125	-0.584511597348497	1.412115316063797	0.8468842768048936	0.683605195680393	0.8496827097235772	0.4970618358926544	-0.9727816397977375	-0.4788528690517707	-0.1865614822241846	0.3289679462404279	-1.932283378580801	2.736780206572003	-0.03944975231354435	7.297579841886494	-1.574300381134889	1.87382465461266	-4.311320792362261	0.4259300277967779	2.629121005539214	1.098762328638433	0.08769419634730026	0.009999998368249687	0.3612602148934432	0.009999991464911137	0.00999999308803548	0.5686987267979237	0.009999991772161267	0.215388377772059	0.02532352860117621	0.009999998986471845	0.4477786938833604	0.009999992068266949	0.3277076067646478	0.05450661759413161	0.01000022002013107	0.01002553509946876	0.01000768133336635	0.05690772114837098	0.1722745755727358	0.1285167367678237	0.009999993003588488	0.2507789996131152	0.009999990554954931	0.009999992230526212	0.2491453847798958	0.009999991693762072	0.3756921349570127	0.009999991034395375	0.00999999020477858	0.3753106450438581	0.009999990189883326	0.1166265040312811	0.01000000292617019	0.009999990152913467	0.00999999093301898	0.009999990219659225	0.0441401015433498
0.13125	-0.5902935189254475	1.42068502024972	0.8468166656072553	0.7060672670184653	0.8442641452557569	0.5026336783164695	-0.9859541090597016	-0.4770953258356945	-0.1785740314179107	0.3321601014043188	-1.759839111678138	2.748466417693495	-0.003897630202967205	7.067607123382194	-1.903139728739776	1.682989427410231	-4.11890041026704	0.6983588984989436	2.483533791319768	0.95762086121339	0.09385566832479525	0.009999997285081986	0.3485788471968314	0.009999991281485708	0.00999999289067624	0.5365340025482062	0.009999991762148297	0.2360746455475526	0.02244489300455353	0.00999999728526247	0.4387630141685605	0.009999991705990344	0.3008679451539719	0.04661185773493167	0.01000017544473043	0.01002058179300775	0.01000618988217283	0.05451796990571173	0.1538547260215657	0.1216798101443957	0.009999992578855716	0.259001904793194	0.009999990485905169	0.009999991922505665	0.2792473570108521	0.009999991745219195	0.3577330526424068	0.009999991111423833	0.009999990222170229	0.3602371254037497	0.009999990209546035	0.1015838947528635	0.01000000087311058	0.009999990161756532	0.0099999909599721	0.009999990228278823	0.04255866194088363
0.134375	-0.5954727336109896	1.429296608340024	0.8468589787112097	0.7277288483387054	0.8377407315508878	0.5075396704260162	-0.9985254910098449	-0.4744809478611361	-0.1710372009777829	0.3349849199013052	-1.550605811210868	2.763361073083951	0.03078170144157918	6.790183475053197	-2.276887131019809	1.452311558127882	-3.927091044047827	0.975548111522443	2.34127907735129	0.849929008631874	0.09800701348901353	0.0099999963469437	0.3376028343590643	0.009999991123040609	0.009999992690310048	0.5084364626836143	0.009999991766903778	0.2536255333997433	0.02009207872866193	0.009999995917378027	0.429049882362528	0.009999991418515359	0.274823545546496	0.0400174126624612	0.01000013948798927	0.01001658591476079	0.01000498673436195	0.05243924955677288	0.1273422790790983	0.1168352125790089	0.00999999233128184	0.2561118228623087	0.009999990445508344	0.009999991797996897	0.2698878064457009	0.009999991825481135	0.3759575403444877	0.009999991061196848	0.009999990250589586	0.3457804992381045	0.00999999023888614	0.08633888440928135	0.009999999605844006	0.009999990172142047	0.009999990970606786	0.009999990235398652	0.0429466424795891
0.1375	-0.5999582272714029	1.437958596412635	0.8470078242706893	0.7484707796968089	0.830002087632862	0.5116822882761952	-1.010500346873896	-0.470993743224279	-0.1639332785157822	0.3374700704068554	-1.315857655595674	2.780722406369433	0.06428314133322033	6.479031147614791	-2.680887065160078	1.19442990141496	-3.737123715167763	1.256967962370121	2.206472685318399	0.7402333466942904	0.1006622715400159	0.009999995543246267	0.32751056874335	0.009999990987577454	0.009999992504711975	0.4820006023256793	0.009999991786359052	0.2709367276723021	0.01817577609453605	0.009999994821329596	0.4187381312279381	0.009999991192718752	0.2494849135020304	0.03454178550818168	0.01000011053341585	0.01001336790353263	0.01000401781414699	0.05079110738347793	0.100829832136631	0.1119906150136222	0.009999992083707963	0.2532217409314234	0.009999990405111519	0.00999999167348813	0.2605282558805497	0.009999991905743072	0.3941820280465686	0.009999991010969862	0.009999990279008941	0.3313238730724592	0.009999990268226249	0.07109387406569914	0.00999999833857744	0.009999990182527566	0.00999999098124147	0.009999990242518483	0.04333462301829459
0.140625	-0.603681369083593	1.446677918804402	0.8472592498700022	0.7682011098875952	0.820968375152378	0.5149888854678082	-1.021885445081384	-0.4666202295336733	-0.1572337939577678	0.3395670609275435	-1.066441130837225	2.799780422588936	0.09636994881647334	6.147197847468507	-3.10087665452472	0.9214012620043318	-3.549719284980467	1.542839269443684	2.08417791146417	0.5898994503143082	0.1021604307351013	0.009999994850586228	0.3171783812802914	0.009999990872129222	0.009999992333255983	0.4561669145488624	0.009999991840064339	0.2953590843741831	0.01661628918683404	0.009999993944146697	0.4078465789503729	0.009999991017526938	0.2248409278195625	0.03001483818962924	0.01000008717824738	0.01001077192231272	0.01000323619199539	0.049682046612005	0.07122933811562628	0.1079232633916773	0.009999991871409404	0.2337957101514942	0.009999990381062701	0.00999999157226668	0.234852296326856	0.0099999922105491	0.522992852247905	0.009999990845018663	0.009999990322364719	0.3162253146920391	0.009999990310389877	0.05674215904576996	0.009999997551946931	0.009999990195267861	0.009999990969075518	0.009999990246591574	0.04571263582528624
0.14375	-0.6066202845055807	1.455458077167737	0.8476085158669761	0.7868833766996128	0.8106204352159883	0.5174386021686412	-1.032688468325996	-0.4613462573538426	-0.1508885385712977	0.3410823098698714	-0.8139527658661205	2.819657428172585	0.1269009958361978	5.808270585202943	-3.521992636939749	0.6460263873158276	-3.364595738926504	1.83326139547409	1.979766015530067	0.3679187365437625	0.1027525698120333	0.009999994251444199	0.3056235961854883	0.009999990774474865	0.009999992175473432	0.429974446101604	0.009999991942654564	0.3323880416967261	0.01535090266103202	0.009999993246176637	0.3963904095341972	0.00999999088465044	0.2008839705715423	0.02629045626822112	0.01000006837240141	0.01000868130447694	0.01000260673644252	0.04919408819145518	0.04162884409462154	0.1038559117697324	0.009999991659110846	0.2143696793715651	0.009999990357013881	0.009999991471045229	0.2091763367731623	0.009999992515355126	0.6518036764492415	0.009999990679067462	0.009999990365720496	0.3011267563116189	0.009999990352553507	0.04239044402584078	0.009999996765316424	0.009999990208008156	0.009999990956909567	0.009999990250664668	0.04809064863227788
0.146875	-0.6087764081086746	1.464300784152204	0.8480506556911847	0.8045081710287993	0.7989690922606794	0.5190362777204548	-1.042915968179045	-0.455161870467836	-0.1448351259434206	0.3418075426098725	-0.5677420807239167	2.839610788432429	0.1557834931893037	5.473054785107348	-3.93179928455549	0.3785676669823041	-3.181235001870102	2.12349087755303	1.899538283445387	0.09104560504737255	0.1026862372397782	0.009999993743580156	0.2922259369060648	0.00999999069252947	0.009999992030993905	0.401029917452241	0.009999992472698168	0.3822573795191219	0.01432417498023239	0.009999992693219668	0.3843121593857368	0.009999990786966889	0.1774135345628042	0.02323488485996434	0.01000005320474939	0.01000699480043096	0.01000209895896334	0.04934316095708428	0.02200807462714632	0.1009075015777186	0.009999991611489097	0.1834272895539559	0.009999990347741855	0.009999991393473271	0.1420543549755361	0.009999996696688758	0.8259018401373162	0.009999990582057951	0.009999990426130255	0.2841966093888532	0.009999990408254368	0.0261953614311316	0.009999996282930615	0.009999990224770827	0.009999990927646153	0.009999990251425665	0.05185516064686696
0.15	-0.6101797708889175	1.473205243011353	0.8485803814589841	0.8210990753542267	0.7860658619994071	0.5198176607193896	-1.052572629805465	-0.4480822852067433	-0.1389844229426759	0.3416189410763577	-0.3321858392415525	2.859178627969253	0.1829559997343044	5.146580982797049	-4.323200512756378	0.123599153473376	-2.999259273883965	2.406188355529125	1.850031854165322	-0.2169351985063601	0.1021527355103414	0.009999993325317268	0.2764265237043471	0.009999990624732313	0.009999991899540117	0.3670979448387118	0.009999993713584314	0.4450141893003763	0.01349320164748503	0.009999992259674514	0.3715596882365336	0.009999990719144609	0.1542438565580966	0.02073799327662978	0.01000004099323742	0.01000563661243004	0.01000169003604346	0.05013825707425679	0.002387305159671103	0.09795909138570494	0.009999991563867348	0.1524848997363467	0.009999990338469832	0.009999991315901315	0.07493237317790993	0.01000000087802239	1.000000003825391	0.009999990485048441	0.009999990486540013	0.2672664624660874	0.009999990463955227	0.01000027883642242	0.009999995800544807	0.009999990241533498	0.009999990898382738	0.009999990252186661	0.05561967266145604
0.153125	-0.6108652481742466	1.48216997204675	0.8491923093344514	0.8366852506827331	0.7719713981507074	0.5198232078119259	-1.061662797358525	-0.4401384682707211	-0.1332314378437005	0.3404783609431382	-0.1080979837385236	2.878169278701734	0.208335323805036	4.829854408624809	-4.694638895748739	-0.1182398165701422	-2.818992481354555	2.675458347132212	1.840806996283212	-0.5044893599759361	0.1016071014300303	0.009999993001244467	0.2566348037947312	0.00999999056945111	0.009999991779726936	0.3304590018600356	0.01071034354615081	0.5079152396023052	0.01282029294650787	0.009999991922409534	0.3580514269678333	0.00999999067602776	0.1325882417380628	0.01870068803473692	0.01000003114627609	0.01000454096108167	0.01000136016082612	0.05182761821584511	-0.02871027641463991	0.09956013806897696	0.009999991741253272	0.09431682486915283	0.009999990341201285	0.009999991250554868	0.04246618326114009	0.01709118552450699	1.0000000051035	0.009999990412366044	0.009999990554880269	0.2480134419138905	0.009999990527914554	0.01000014779090764	0.009999995511751222	0.009999990265503168	0.009999990868440705	0.009999990252061377	0.06341558239785651
0.15625	-0.6108652480395927	1.491193309278344	0.8498803365030173	0.8512936852904928	0.756740727992619	0.5190899693513261	-1.070194736071933	-0.4313756463896222	-0.1274235767965044	0.3385192996188722	0.1065197095474766	2.896687873535209	0.2316595473173733	4.520826921519138	-5.05037255076513	-0.3492236005337128	-2.641992816507276	2.930351520378295	1.88515246102649	-0.7407631607759784	0.1014094439590491	0.009999992774796941	0.2313445201568754	0.009999990525463957	0.009999991670517478	0.2931808851699493	0.01265651426948698	0.5617852209289836	0.01227660980840013	0.009999991664108825	0.3437126804845831	0.009999990653756778	0.1135729135329114	0.01704383178557896	0.01000002322101264	0.0100036586033993	0.01000109450611233	0.05459481782889977	-0.05980785798895093	0.101161184752249	0.009999991918639197	0.0361487500019589	0.009999990343932737	0.009999991185208421	0.009999993344370245	0.02418237017099158	1.000000006381609	0.009999990339683646	0.009999990623220524	0.2287604213616937	0.009999990591873885	0.01000001674539286	0.00999999522295764	0.009999990289472838	0.00999999083849867	0.009999990251936094	0.07121149213425697
0.159375	-0.6102148105339484	1.500273227918676	0.8506375607449189	0.864955796551324	0.740431921141392	0.5176575900517345	-1.078179900064038	-0.4218357912824407	-0.1213981559026165	0.3357750920882589	0.3031486459193904	2.913831141532079	0.2524080251494488	4.230938874874948	-5.373896344316694	-0.5605216624808388	-2.468974048909888	3.166451775085074	1.962792455770573	-1.035699859617901	0.09950441053629075	0.009999992669321278	0.2039768711140895	0.00999999049307582	0.009999991573721504	0.2572790049636399	0.06189300682059782	0.6086697482601638	0.01183692440850571	0.009999991461479103	0.3284815245458995	0.009999990645255185	0.0970153801988819	0.01569706886717289	0.01000001683396563	0.01000294680979543	0.01000088020562776	0.05625471964695291	-0.08317429063428888	0.07873896537441348	0.009999992524314381	0.0230743731285554	0.009999990372296303	0.009999991159133914	0.009999992285489007	0.5120911882927618	1.000000006801675	0.009999990292711014	0.009999990616982661	0.2073986123966188	0.00999999062688966	0.01000001361711013	0.009999995553598165	0.009999990329038977	0.009999990863939432	0.009999990263867402	0.05718762337201691
0.1625	-0.6090118918035057	1.509400823195762	0.851454412020512	0.8777871444425991	0.723237422651286	0.5156303182653461	-1.085628710818061	-0.4116397226274205	-0.115208151793508	0.331920111741252	0.4601076934185241	2.927200921057266	0.2698208488797055	3.989138365003125	-5.617215199647805	-0.7299547920837944	-2.298726744135714	3.350328190995049	1.990485718767702	-1.451657763267852	0.09423578228811082	0.009999992702294293	0.1776689679852374	0.009999990472514979	0.009999991490693768	0.2247263137582255	0.177853672490221	0.6497773006194225	0.01148207803723693	0.009999991297083451	0.3122985523128134	0.009999990645225665	0.082715316786636	0.01460540072518544	0.01000001169806805	0.01000237359295942	0.0100007076278552	0.05513909240627781	-0.1065407232796268	0.05631674599657798	0.009999993129989566	0.009999996255151907	0.009999990400659872	0.009999991133059407	0.009999991226607769	1.000000006414532	1.00000000722174	0.009999990245738381	0.009999990610744797	0.186036803431544	0.009999990661905434	0.0100000104888274	0.009999995884238689	0.009999990368605112	0.009999990889380195	0.009999990275798714	0.04316375460977685
0.165625	-0.6073877161496576	1.518563147572005	0.8523198366900935	0.889949777946891	0.7054244994725565	0.5131456496326137	-1.092550260508834	-0.4009718461128906	-0.1090767584595303	0.3267329188795882	0.5737086163196858	2.936136950122715	0.2836068942125701	3.801781884936124	-5.770768152752458	-0.854278997481874	-2.130868103230255	3.464326465772349	1.919356715099679	-1.85519392606177	0.08965159012223031	0.009999992871500333	0.1533182412967792	0.009999990459443907	0.009999991415870038	0.1953760112761387	0.2942856640223673	0.6860976328794741	0.01119535731370463	0.009999991168521353	0.2954372086315436	0.009999990653912378	0.07046572592070591	0.01372032978375852	0.01000000756543276	0.01000191118925775	0.01000056841362514	0.05247895558884629	-0.0358835061016265	0.07578195158177094	0.009999993990446121	0.00999999608915662	0.00999999040938211	0.009999991078980862	0.009999991118562328	1.000000007193289	1.000000007374675	0.00999999022227962	0.009999990657013796	0.167854624608033	0.009999990716302483	0.01000000431618374	0.009999995051338431	0.009999990436133588	0.009999990932459254	0.009999990293722789	0.03717027945390444
0.16875	-0.6054615636310362	1.52774824332393	0.8532241798253408	0.9015909987684027	0.6872469184589991	0.5103282878772285	-1.098945405496198	-0.3900675966696664	-0.103301230448375	0.3204060980917111	0.653372886873468	2.941774601492959	0.2947286669057724	3.655434248023742	-5.850596213937789	-0.9428783905815568	-1.961827733954482	3.501606865359399	1.762731912161331	-2.181019636044305	0.08901681796341933	0.009999993175280802	0.1317712226601663	0.009999990450615615	0.009999991345085033	0.1690843525247488	0.382643887858694	0.7183115422234035	0.0109641326532025	0.009999991073995823	0.2781376806282088	0.009999990671498095	0.06005344642595253	0.01300449405840635	0.01000000425049609	0.01000153881504343	0.010000456305393	0.04921003440912348	0.03477371107637384	0.09524715716696389	0.009999994850902675	0.009999995923161335	0.009999990418104345	0.00999999102490232	0.009999991010516886	1.000000007972046	1.000000007527611	0.009999990198820859	0.009999990703282792	0.149672445784522	0.009999990770699531	0.009999998143540079	0.009999994218438172	0.009999990503662065	0.009999990975538314	0.009999990311646865	0.03117680429803204
0.171875	-0.6033473749254827	1.536945665382859	0.8541604707785868	0.9128440922153328	0.668961606782105	0.5072995350062592	-1.104802000195741	-0.3792062520533367	-0.09813571886137998	0.3131373280278228	0.6959090962528519	2.944273628031853	0.3044783871069832	3.549990600703756	-5.840730633957456	-0.9913917172692233	-1.784798922973899	3.436405370345434	1.54785383546241	-2.467537582270651	0.09322788688196346	0.009999993508164235	0.1128598082056415	0.009999990442428315	0.009999991277558273	0.1457033007239563	0.4554388758699827	0.7470028936512413	0.01077740640415801	0.009999991022755466	0.2604298915766763	0.009999990703337323	0.05126627367986632	0.01242512787458545	0.01000000158644522	0.01000123842588618	0.01000036587066902	0.047239193948868	-0.004352840317085827	0.1326731994889764	0.009999994927723247	0.01000000234208388	0.009999990399360194	0.009999990971110683	0.009999991107883566	1.000000007983284	1.000000007675952	0.009999990181179957	0.009999990909941758	0.1315812260022463	0.009999990896341661	0.009999996196786312	0.009999993433525794	0.009999990541511362	0.009999990960260632	0.009999990315779002	0.04474401694267933
0.175	-0.6011358742071298	1.546148066697941	0.8551270500193553	0.9237999715396277	0.650812805904996	0.5041579129541055	-1.110090436572416	-0.3686728650971711	-0.0935980294020665	0.3050055858436039	0.7156525750652643	2.944961325430314	0.3141131709201888	3.465217209537284	-5.763229302075294	-1.015114666539649	-1.598206407319584	3.291713962854363	1.360925750445142	-2.733321793056019	0.1028349804178637	0.00999999379119669	0.09639621722627797	0.009999990432185779	0.009999991212705501	0.1250697430771826	0.5166807018102576	0.7726103680207819	0.01062689523971013	0.009999991021723612	0.2423383309541451	0.009999990753438343	0.04390101246292996	0.01195723534149794	0.009999999448407203	0.01000099651393361	0.01000029304278219	0.04804884214222192	-0.04347939171054549	0.1700992418109888	0.009999995004543821	0.01000000876100643	0.009999990380616044	0.009999990917319046	0.009999991205250247	1.000000007994523	1.000000007824294	0.009999990163539052	0.009999991116600724	0.1134900062199706	0.009999991021983791	0.009999994250032543	0.009999992648613417	0.009999990579360657	0.009999990944982948	0.00999999031991114	0.05831122958732662
0.178125	-0.5988723931443062	1.555351939533241	0.8561246515030831	0.9344905927914811	0.6329633919752587	0.5009528184534512	-1.114782455987118	-0.358675579764148	-0.0895122130890902	0.2960643534957895	0.7342582286095672	2.945651070868288	0.324542609337043	3.374054623102148	-5.659159836034925	-1.037490325117032	-1.403115026336796	3.101691897366655	1.263021163667641	-2.987257051829267	0.1146337308741887	0.009999994109394755	0.08282415758413857	0.009999990421485598	0.009999991151331138	0.1070105231232402	0.5694303643671571	0.7955217644015501	0.01050539470532969	0.00999999108016786	0.2230742698643824	0.009999990823628355	0.03776248921380588	0.01157897484309064	0.009999997732715184	0.01000080135985883	0.01000023429337548	0.04964911562204759	-0.06319644905907504	0.1820119924795626	0.009999995830272747	0.01749826362969099	0.009999990373708091	0.009999990876904872	0.009999991278393773	1.00000000812964	1.000000007964769	0.009999990149502893	0.009999991516183099	0.08364715579347339	0.009999991202388097	0.009999993713000019	0.00999999235780572	0.009999990634463819	0.009999990903929612	0.009999990318583809	0.05577341216930172
0.18125	-0.5965387420066466	1.564559222026532	0.8571566340194081	0.944870776880599	0.615450780535538	0.497665195226887	-1.118850086788568	-0.3493176454443408	-0.08564774416784418	0.2863465408803959	0.7605614229603491	2.947143506544267	0.3361170317823492	3.266537425386631	-5.547675708464792	-1.06793305112205	-1.198597694838793	2.882529314396175	1.219263419737748	-3.23033316430664	0.1262257623197437	0.009999994526400234	0.07248219796007159	0.009999990411523699	0.009999991094037361	0.0913331055479432	0.6153215733881986	0.8160447152668817	0.01040749007069738	0.009999991205025758	0.2019121296206434	0.00999999091527517	0.03267564056491707	0.01127379231366349	0.009999996361766119	0.01000064419073935	0.01000018698118253	0.05050526355710343	-0.08291350640760457	0.1939247431481365	0.009999996656001675	0.02499651849837554	0.009999990366800137	0.0099999908364907	0.009999991351537297	1.000000008264757	1.000000008105244	0.009999990135466732	0.009999991915765475	0.05380430536697614	0.009999991382792405	0.009999993175967491	0.009999992066998023	0.009999990689566977	0.009999990862876278	0.009999990317256478	0.05323559475127681
0.184375	-0.5941033215648188	1.573773126163501	0.8582268518011084	0.9548811323125026	0.5982802271022415	0.4942618338651112	-1.122262856044322	-0.3406704133825214	-0.08187799310683588	0.275880653073024	0.8007200453705355	2.950029699729728	0.3490362354055849	3.135883553018848	-5.444047280359468	-1.112932351137025	-0.9839657391170697	2.651396547376792	1.196292059107586	-3.467193087994726	0.1360123914652573	0.009999995630733515	0.06545857158521749	0.009999990402398212	0.009999991041041127	0.07783653299658548	0.6556590597979228	0.8344565418602932	0.01032847549144182	0.009999991405288903	0.1795271147807206	0.009999991043056549	0.02847720738491702	0.01102725704400689	0.009999995269894204	0.01000051739487117	0.01000014881409436	0.05115060358501305	-0.1089030173670811	0.1849768233862334	0.01000000355378118	0.03752374482456931	0.00999999036234828	0.009999990806403332	0.009999991424139891	1.000000008370214	1.000000008200062	0.009999990124402143	0.009999992537926617	0.03190215462034503	0.009999991752619378	0.009999992731375414	0.009999991906999683	0.009999990778699451	0.009999990813397495	0.009999990311154276	0.05497862800397973
0.1875	-0.5915179143133238	1.582998623641178	0.8593394472838167	0.9644437584743867	0.5814094300863254	0.4906924047152644	-1.124989817097257	-0.3327483086344322	-0.07815270129967163	0.2646805962330327	0.8565529811473956	2.954563244597356	0.3632387604275726	2.979990692574161	-5.355831601341367	-1.174216435487525	-0.759680445034692	2.418447833608881	1.190809497277554	-3.700201345183032	0.1427862883257684	0.009999997862949809	0.06174031006986386	0.0099999903941826	0.009999990992504851	0.06630926231821008	0.69129338766368	0.8509848387473558	0.01026481908017312	0.009999991687688236	0.1565229119945392	0.009999991217959988	0.02502826718369311	0.01082847866869948	0.009999994407943255	0.01000041527425307	0.01000011807627946	0.05199054565293398	-0.1348925283265577	0.1760289036243302	0.01000001045156069	0.05005097115076307	0.009999990357896421	0.009999990776315963	0.009999991496742484	1.00000000847567	1.00000000829488	0.009999990113337555	0.009999993160087758	0.01000000387371393	0.009999992122446351	0.009999992286783341	0.009999991747001344	0.009999990867831926	0.009999990763918712	0.009999990305052074	0.05672166125668266
0.190625	-0.5887327295238002	1.592241043627009	0.8604983076094948	0.9734788279295574	0.5647840749213532	0.4869054160397696	-1.127001532082941	-0.3255463839505537	-0.07441689138156818	0.2527553948686784	0.9280101926809061	2.960841946148191	0.3785518506248756	2.799058145958343	-5.287248361462892	-1.251484235680878	-0.5270768557699493	2.19231428289999	1.203329477924872	-3.932080812642763	0.1453407279582195	0.01000000059729972	0.05813001086285109	0.009999990387095243	0.009999990948861811	0.0565382021343291	0.7229415368273373	0.8658373556494479	0.01021345288159947	0.01096580120971358	0.1346027007028589	0.009999991439778545	0.02220213453748623	0.01066797853276955	0.009999993734723257	0.01000033288567431	0.01000009327896954	0.0530426001303541	-0.159799081224929	0.1439726674472651	0.01000001335906176	0.0325402451755249	0.00999999035744413	0.009999990759473392	0.009999991538565633	1.000000008561018	1.000000008348548	0.009999990104534872	0.01964175460782404	0.01005992650610186	0.009999992584451819	0.009999993166983984	0.009999991667237576	0.009999991005659728	0.009999990723039368	0.009999990297031884	0.05905656901647197
0.19375	-0.5857050699307356	1.601505488303443	0.8617061463665882	0.9819166493067714	0.5483462987195444	0.4828579537494352	-1.128279420633115	-0.319036779873641	-0.07061176314003983	0.2401041331250218	1.011736855413631	2.968659046584203	0.3945849565335198	2.597751922681752	-5.235781064916849	-1.340919548984966	-0.2900315263092095	1.975362645150723	1.235173224269476	-4.164879987936381	0.142634260120457	0.01000000336535913	0.05203472380667582	0.009999990381299619	0.009999990910436357	0.04831471985519829	0.7511251988660125	0.8791882701176188	0.01017207639095659	0.01360884975153037	0.1153490715600212	0.009999991708357308	0.01989520442940275	0.01053862353716655	0.009999993219400129	0.01000026652873096	0.01000007330769995	0.05431989053098652	-0.1847056341233002	0.1119164312702	0.01000001626656283	0.01502951920028674	0.009999990356991843	0.009999990742630823	0.009999991580388782	1.000000008646365	1.000000008402215	0.00999999009573219	0.02928351605556031	0.01011984913848979	0.009999993046457288	0.009999994047184629	0.009999991587473805	0.009999991143487529	0.009999990682160025	0.009999990289011695	0.06139147677626127
0.196875	-0.5823992816444121	1.610796577498796	0.8629648431378948	0.9896976423737831	0.5320447265170596	0.4785150033932823	-1.1288145156058	-0.31318863181982	-0.06667497744317173	0.2267227549802579	1.108918947750487	2.978035277617899	0.4112177962733163	2.375836970402311	-5.204002970530913	-1.443960814557153	-0.05435012638922346	1.770524581338064	1.288323032288335	-4.399353810086676	0.1339936364174931	0.01000000650816422	0.04521033557600546	0.009999990377025904	0.009999990877629364	0.0414362936992834	0.7763003960781019	0.8911978414854471	0.01013869194122317	0.02089749667152153	0.09869607024322215	0.01060338712036541	0.01801450694272756	0.01043421156683572	0.009999992866422967	0.01000021299179463	0.01000005719567148	0.05556027088260638	-0.2046977831072316	0.06095822616683399	0.01000002264560497	0.01251475937499247	0.009999990361420593	0.009999990740224861	0.009999991668500872	1.000000008709815	1.00000000841775	0.009999990088659953	0.07265571199441097	0.01157841585166373	0.01602339902040905	0.009999999458028635	0.009999991558976616	0.009999991641518607	0.009999990646929923	0.009999990282760478	0.06130687217873792
0.2	-0.5787433808828127	1.620120691533407	0.8642777377131123	0.9967265886855144	0.5157789187421169	0.4737994978109262	-1.128631114361675	-0.3079517982900071	-0.06253503537222388	0.2126072231533918	1.235808839590321	2.989794943708873	0.4292715510364294	2.116441999302388	-5.212891831289826	-1.579354893754976	0.1698060524486791	1.584121349785562	1.365193303680504	-4.63473834448174	0.1186480160085851	0.01000001028100823	0.03907254192425591	0.009999990374446408	0.009999990850740922	0.0357177786361132	0.798821753069707	0.902002252320006	0.01011180246975259	0.03481053105364843	0.0845455468179066	0.01225732722389166	0.01648615061387957	0.01035008384669144	0.00999999267912228	0.01000016987069693	0.01000004421915617	0.0565638057518745	-0.2246899320911628	0.01000002106346794	0.01000002902464712	0.009999999549698194	0.009999990365849346	0.009999990737818898	0.009999991756612961	1.000000008773265	1.000000008433285	0.009999990081587714	0.1160279079332616	0.01303698256483767	0.0220468049943608	0.01000000486887264	0.009999991530479427	0.009999992139549685	0.009999990611699821	0.009999990276509265	0.06122226758121457
0.203125	-0.5746298391977106	1.62948598528045	0.8656500426154131	1.002871553298147	0.4994027786084028	0.4685933388772706	-1.127775226614899	-0.3032630701979232	-0.05812309222581626	0.1977557783418638	1.39619447635326	3.004054601546474	0.4488829960881445	1.816688383949815	-5.267869693540169	-1.751588722274252	0.3773602973979016	1.418563039233728	1.454068778523024	-4.87113030129797	0.1014212207049244	0.01000001471354418	0.03375805010785201	0.009999990373867972	0.009999990830230485	0.03098505887108116	0.8190066498714899	0.9117274378336621	0.01009010826358193	0.04470174966465117	0.07240896100343659	0.01405636869349274	0.01524456377190994	0.01028219233676021	0.009999992597895099	0.01000013507961761	0.01000003375032653	0.05736849948595061	-0.2299621008870353	0.01000000758167348	0.01000003695975502	0.009999996802324645	0.00999999037672933	0.00999999075183617	0.009999991469851243	1.000000008816629	1.000000008406672	0.009999990075838069	0.06301396175445828	0.01151849000193606	0.02115710400771087	0.01000000136063636	0.009999991531497554	0.009999992373994597	0.009999990588066197	0.009999990274492922	0.06106664873798981
0.20625	-0.5700213114213661	1.638896417462743	0.8670825027489888	1.008083097529996	0.4828545341621601	0.4628583064311522	-1.126276373803503	-0.2990739142317614	-0.0534744900783134	0.182156758980268	1.552599937985432	3.018683542268303	0.467770899052334	1.519052955600507	-5.323038591308058	-1.917833941731065	0.5813036938052013	1.264395189195377	1.516655064381455	-5.113186056525235	0.08650860526117803	0.01000001982796977	0.02937017323655988	0.009999990375520292	0.009999990816441991	0.02708774833883716	0.8371123275955703	0.9204813287259365	0.01007263568587518	0.04301218527296563	0.06182700968902505	0.01533037364836532	0.0142386567397926	0.01022749996461123	0.009999992578123775	0.01000010705714938	0.01000002531920263	0.0580030001093782	-0.2352342696829078	0.009999994099879027	0.01000004489486292	0.009999994054951094	0.009999990387609318	0.009999990765853443	0.009999991183089524	1.000000008859993	1.00000000838006	0.009999990070088425	0.01000001557565495	0.009999997439034446	0.02026740302106093	0.009999997852400072	0.009999991532515681	0.009999992608439506	0.00999999056443257	0.009999990272476581	0.06091102989476505
0.209375	-0.5649722418407813	1.64835080196405	0.8685702552410985	1.012414845556921	0.4661849971974676	0.4566611855043136	-1.124129977582953	-0.2953586672360513	-0.04870242019009074	0.165787989839129	1.673791009227924	3.031931634028565	0.4839574791256475	1.258512744615409	-5.340174863105782	-2.042374669549479	0.7935443385731348	1.114310253256251	1.533924156204973	-5.364154217987229	0.07370567905708984	0.01000002489690123	0.02575969406774927	0.009999990379616637	0.009999990809661298	0.02388785334589556	0.8533725172555615	0.9283640558711272	0.01005853956610172	0.03702419331272468	0.0527586180445101	0.0161073628958303	0.0134234361953475	0.01018336894169543	0.009999992495276801	0.010000084447621	0.01000001851770347	0.05874583241708515	-0.2294756404384899	0.009999993100885752	0.01000004693322105	0.009999993242526053	0.009999990405079616	0.009999990796167955	0.0100000005957366	1.000000008884277	1.000000008293519	0.009999990065400392	0.01000000469370519	0.009999995579748944	0.01855658003873833	0.009999996886530554	0.009999991570564226	0.009999991722759659	0.009999990546095712	0.009999990272526979	0.06349571690109417
0.2125	-0.5595914525159472	1.65784479702205	0.8701045293886974	1.015981595702493	0.4495115050364321	0.4501306446333191	-1.121309506367257	-0.2921035541164276	-0.04390962352625772	0.1486224949667005	1.764900574305012	3.044034298551706	0.4975447585653969	1.0294543115352	-5.325569916967652	-2.131222705990838	1.01271169069794	0.9699095085001086	1.529920200772093	-5.623090524550531	0.06279973130548469	0.01000002937583286	0.02280174898353264	0.009999990386316658	0.009999990810102397	0.02127127077759853	0.8679816470659281	0.9354619006656713	0.01004718693139118	0.03206538636462816	0.04514869468433567	0.01640555590909181	0.01276431705214184	0.01014782179479927	0.009999992256132259	0.01000006623620194	0.01000001304034732	0.05981055711349889	-0.2237170111940721	0.009999992101892476	0.01000004897157918	0.009999992430101013	0.009999990422549912	0.00999999082648247	0.01000001000838368	1.000000008908561	1.000000008206979	0.009999990060712362	0.009999993811755417	0.009999993720463443	0.01684575705641573	0.009999995920661036	0.009999991608612773	0.009999990837079814	0.009999990527758854	0.009999990272577374	0.06608040390742327
0.215625	-0.5539615909405274	1.667375375679805	0.8716776744174808	1.018869410678967	0.4329194276337444	0.4433650293610671	-1.117797117637516	-0.2892879340909166	-0.03913703236728732	0.1306374656019502	1.836132163446881	3.055478138410396	0.5089556445132263	0.8208934171732474	-5.291628240601852	-2.196250672828766	1.235396944223213	0.8337653884550108	1.52535685680659	-5.888211291388473	0.05357787529703249	0.01000003277718869	0.02038325316090333	0.009999990395864217	0.009999990818484584	0.01921250397236299	0.881118085248347	0.9418550739005597	0.01003802837577969	0.02797491452476837	0.03879973901816291	0.01647065167379918	0.01223099370039388	0.0101191415140755	0.009999991997391914	0.01000005154183715	0.01000000862186292	0.0610614288088435	-0.2099531149297952	0.009999991714286892	0.01000004496309854	0.009999992046273064	0.009999990447661731	0.009999990878420403	0.01078919422933826	1.000000008915305	1.000000008003519	0.009999990056887403	0.009999992844048424	0.009999993037555605	0.01665221077107547	0.009999995418306717	0.009999991705826239	0.009999991003321261	0.009999990511203248	0.009999990273054366	0.06781842671678533
0.21875	-0.5481286181851341	1.676941173487105	0.8732835495710132	1.021125592958356	0.4164496496586123	0.4364198303995248	-1.113587151416569	-0.286882032434658	-0.03437102619723148	0.1118156555049057	1.894891729488041	3.066574554260272	0.5184920384047831	0.6252093854007097	-5.24729828333209	-2.246156267136692	1.459161285069597	0.7076897521786512	1.525705807866774	-6.15863019321879	0.04583422062650461	0.0100000347359786	0.01841284484571462	0.009999990408441866	0.009999990835346318	0.01768837355390625	0.8929326536382711	0.947612931463778	0.01003065250010477	0.0246163220935052	0.03353362821372515	0.01648612235439045	0.01180038131421265	0.01009604156235515	0.009999991821388115	0.0100000397049852	0.01000000506367323	0.06239428595576847	-0.1961892186655183	0.009999991326681303	0.01000004095461789	0.009999991662445116	0.009999990472773551	0.009999990930358338	0.01157837845029284	1.000000008922049	1.000000007800059	0.009999990053062442	0.009999991876341431	0.009999992354647769	0.01645866448573521	0.009999994915952397	0.009999991803039704	0.009999991169562711	0.009999990494647646	0.009999990273531359	0.06955644952614738
0.221875	-0.54212440677808	1.686541389760629	0.8749165850080075	1.022783160204578	0.4001260803126641	0.4293339371837582	-1.108678577723728	-0.2848527405413949	-0.02959288968925021	0.09214166284454729	1.947501979391152	3.07756640866038	0.526406730530713	0.4360354480702552	-5.200154002675165	-2.28840929057885	1.681867400305915	0.5930689116731493	1.533378641892108	-6.43339092340294	0.03937007464542932	0.01000003507092262	0.01680893364409551	0.009999990424379273	0.009999990862156494	0.01655444303995034	0.9035645654784427	0.95280003451496	0.01002470224018561	0.02186532883324773	0.02918385151577844	0.01640856949587033	0.01145231911526763	0.01007740506344078	0.009999991716096527	0.01000003015331988	0.01000000219349796	0.06377716688759388	-0.1772028300547331	0.009999991143030617	0.01000003225152232	0.00999999145053021	0.009999990507236206	0.009999991013917475	0.0119073064672003	1.000000008907344	1.000000007365313	0.009999990049939698	0.009999991515829289	0.009999992030851066	0.01572597577254954	0.009999994569044778	0.009999991974054207	0.00999999138125386	0.009999990480324392	0.009999990274946956	0.07110786760484811
0.225	-0.5359586157616612	1.696175979465391	0.8765720671946999	1.023853325733104	0.3839463877381402	0.4221198104607511	-1.103078345652427	-0.2831627776606798	-0.02478067790633796	0.07160280089618544	1.99830267948149	3.088573550252119	0.5328579582116341	0.2492722860754012	-5.15521714962057	-2.328225711770641	1.9018226472833	0.4905191841478049	1.547513983822604	-6.712146537541007	0.03400570537182716	0.01000003364631801	0.01550722465984721	0.009999990443923225	0.009999990900014705	0.0156985194988743	0.9131327572651947	0.9574723310960092	0.01001991025207087	0.01962052343675068	0.02560811552494402	0.01620527360734389	0.01117154197605791	0.01006239543092301	0.009999991672515958	0.01000002245840851	0.009999999882371371	0.06518563327564407	-0.1582164414439479	0.009999990959379926	0.01000002354842675	0.009999991238615304	0.009999990541698863	0.009999991097476612	0.01223623448410776	1.00000000889264	1.000000006930567	0.009999990046816953	0.009999991155317146	0.009999991707054363	0.01499328705936388	0.009999994222137158	0.009999992145068711	0.009999991592945012	0.009999990466001136	0.009999990276362556	0.07265928568354882
0.228125	-0.5296328187434572	1.705845087956057	0.87824556689226	1.024339849200073	0.3678989909284476	0.4147801303266679	-1.096796709389354	-0.2817738754955637	-0.01991565254762568	0.05018700537154883	2.050911014260743	3.09967351579822	0.5379711980875426	0.06161996054640238	-5.116637204058108	-2.369994728122438	2.117521091459281	0.4005301359822774	1.56648285067905	-6.994651069120773	0.02957287788692827	0.01000003102940796	0.01445085006355217	0.009999990467737405	0.0099999909563148	0.01506140391416285	0.9217474393439231	0.961681945645251	0.01001604450970962	0.01779098473129477	0.0226764315332149	0.01588457307658099	0.01094474758037392	0.01005028649151492	0.00999999168349684	0.01000001624855825	0.009999998018512552	0.0665827199969642	-0.1356262478452667	0.009999990850675339	0.01000001698828781	0.009999991112185901	0.009999990589999314	0.009999991276935039	0.01250416468286986	1.000000008862374	1.000000006348147	0.009999990044271627	0.009999990988914067	0.009999991517555484	0.01409509812846244	0.009999993926647407	0.009999992425709937	0.009999991856693402	0.009999990455056848	0.009999990280111655	0.07384798143013777
0.23125	-0.5231360244094578	1.715549049139278	0.8799330706193764	1.024235433160026	0.3519579027410552	0.4073021861969868	-1.089849485515956	-0.2806460147204421	-0.01498778130880752	0.02788192877109025	2.107740961590658	3.110879273486622	0.5418205371276733	-0.1289289984152569	-5.087179631348465	-2.416714668953302	2.327798717891362	0.3234526945512917	1.587735347090368	-7.281286426067057	0.02592749090733363	0.01000002764482001	0.01359576019152078	0.009999990496318634	0.009999991036591677	0.01459765443126279	0.9295033889063338	0.9654741132343687	0.01001293130064496	0.01630456324882592	0.02028216018744561	0.01545264675628353	0.01076190360019607	0.01004053442848666	0.009999991743687152	0.01000001124552681	0.009999996518244438	0.06794010773684021	-0.1130360542465855	0.009999990741970749	0.01000001042814887	0.009999990985756499	0.009999990638299767	0.009999991456393468	0.01277209488163197	1.000000008832109	1.000000005765726	0.009999990041726302	0.009999990822510988	0.009999991328056608	0.013196909197561	0.00999999363115766	0.009999992706351161	0.009999992120441791	0.009999990444112561	0.009999990283860755	0.0750366771767267
0.234375	-0.5164527520407037	1.72528819591248	0.8816306974548531	1.023529163693189	0.3360919782699349	0.3996676466492466	-1.082254731025808	-0.2797384578378992	-0.009992779162770402	0.00467431389786321	2.170986274153983	3.12219438142557	0.5444795005984359	-0.3242171603042572	-5.069410280909094	-2.471121302941521	2.531708262085452	0.259735961744975	1.608431153111369	-7.572548947051177	0.02293777681254413	0.01000002393647602	0.0129032457497299	0.009999990530834762	0.009999991143292726	0.01426319440392049	0.9364886478934225	0.9688909996548251	0.01001041986470443	0.01509727321617616	0.01832948930287242	0.01546791444947376	0.01061428023463667	0.01003266723626944	0.009999991856470561	0.01000000720795228	0.009999995309151332	0.06918657688142883	-0.08743876051071361	0.009999990673381452	0.01000000676375076	0.009999990907922016	0.009999990707791433	0.009999991708234594	0.01293584652641925	1.000000008779564	0.9999999866786182	0.00999999003968517	0.00999999072861339	0.009999991205781798	0.01772035757217277	0.009999993354656784	0.009999993134369483	0.00999999251638381	0.009999990437602458	0.009999990291959249	0.07533588444763119
0.2375	-0.5095584044476076	1.735062887273581	0.8833349353919983	1.022201990283476	0.3202590994182447	0.3918468614202204	-1.07403340821366	-0.2790079633878557	-0.00493905455974918	-0.01945251373705989	2.242829105169646	3.133627809742313	0.5460516421955768	-0.5263075218556128	-5.066030434913321	-2.535911904976393	2.72880244397181	0.2101327377517355	1.625317719560196	-7.869582593552533	0.02049545148133932	0.01000002023668749	0.01234366884295506	0.009999990572160019	0.00999999127825002	0.01402456520728774	0.9427792463576995	0.9719692313895434	0.010008397336329	0.01411931441646061	0.01674209998837091	0.01634898073424104	0.0104953107039268	0.0100263314887259	0.009999992024380016	0.01000000395515569	0.009999994337024216	0.07026730029709903	-0.06184146677484167	0.009999990604792152	0.01000000309935264	0.009999990830087534	0.009999990777283099	0.00999999196007572	0.01309959817120653	1.000000008727018	0.9999999675915101	0.009999990037644039	0.009999990634715794	0.009999991083506984	0.02224380594678453	0.009999993078155906	0.009999993562387807	0.009999992912325829	0.009999990431092357	0.009999990300057745	0.07563509171853568
0.240625	-0.5024245148446402	1.744873458545454	0.8850424444635325	1.020231217218496	0.3044123295714236	0.3838053358322024	-1.065207161956359	-0.2784106446134775	0.0001578068648092746	-0.04450868506776219	2.322417387079895	3.145052058071591	0.5464127360007998	-0.7340620938383013	-5.076504348900544	-2.61024941149981	2.918996853845578	0.1746116350779637	1.634567932937602	-8.165157302746879	0.01850315845175416	0.01000001671732697	0.01189109682203916	0.009999990625477019	0.01819527523863601	0.01385933921271655	0.9484459237224617	0.9568354343365137	0.01000676576423963	0.01332684582748878	0.01545221013466934	0.02054399511678816	0.01039928617074111	0.01002122041808858	0.009999992260025981	0.0100000013303781	0.009999993555062621	0.07110972312967517	-0.03752733121181602	0.009999990561674622	0.01000000116764617	0.009999990785315637	0.009999990912124357	0.09198894327882565	0.01322724106408196	1.000000008608214	0.6438373004535619	0.009999990036111768	0.009999990575971524	0.009999990998892117	0.05341354900109734	0.0099999928070784	0.009999993892144423	0.009999993544393812	0.009999990429416676	0.009999990314939837	0.07476518208587013
0.24375	-0.4950460636136679	1.754718926722874	0.8867478810695938	1.017619884358822	0.2885271842260633	0.3755353967224422	-1.055795917294966	-0.2779012634359459	0.005263834650988407	-0.07047718590829079	2.399348547092786	3.155961829292831	0.5447252642929028	-0.9362657904588658	-5.090590753978443	-2.682096558891336	3.103201422591064	0.1538526757698591	1.631184190997429	-8.453473479841353	0.01688325455511195	0.01000001350705497	0.01152582748001166	0.009999990694665374	0.03998418787448292	0.01375057527986487	0.9535499317634862	0.9079936211874691	0.01000545182001814	0.01268619263353465	0.01440692750553048	0.02977001100708563	0.01032191957203081	0.01001710434509605	0.009999992572848402	0.009999999216272712	0.009999992928232606	0.07165741516915894	-0.01321319564879037	0.00999999051855709	0.009999999235939692	0.009999990740543743	0.009999991046965615	0.1739778945975756	0.01335488395695738	1.000000008489409	0.2876746333156137	0.009999990034579498	0.009999990517227253	0.009999990914277248	0.08458329205541015	0.009999992536000896	0.009999994221901041	0.009999994176461793	0.009999990427740996	0.00999999032982193	0.07389527245320458
0.246875	-0.48744566835586	1.764597064271865	0.8884437661156152	1.014400551452277	0.2726054056964421	0.3670615437363345	-1.045816890025337	-0.277426097556071	0.01033385314439347	-0.09735230725161916	2.458122693468684	3.1657935021484	0.5399111404025838	-1.116816206635094	-5.094993426765063	-2.733146033573211	3.283493256876227	0.1580941916128136	1.609721401490045	-8.752353089852635	0.01556674920457526	0.01000001064440069	0.01123067068218024	0.009999990776667479	0.08248970916234954	0.01488001261795183	0.9581483182446222	0.844802471746023	0.01000439186567925	0.0121678550179085	0.01355964345959489	0.0452749021451726	0.01025948622481115	0.0100137838861002	0.009999992986740541	0.009999997510920365	0.009999992426368001	0.07185996737608176	0.01444797484742173	0.009999990491982167	0.009999998306997014	0.009999990719337031	0.009999991183029524	0.3808648373337712	0.02549495829084335	1.000000008225575	0.2502031463295724	0.009999990033623677	0.009999990475198279	0.009999990852489423	0.1419990268941516	0.00999999228949474	0.009999993969025638	0.009999995201378094	0.00999999043008278	0.009999990353857445	0.07184896764244199
0.25	-0.4797251825572114	1.774503556736847	0.8901177630423712	1.010685352211699	0.2567106882976199	0.3585033797541375	-1.03527335177134	-0.2768641703367235	0.01530017938972753	-0.1252153234071431	2.476206493230823	3.174108975527728	0.530716867963093	-1.253620244239653	-5.073271630267079	-2.736055596388448	3.464488452585679	0.2093799330323703	1.564821152231987	-9.085726159646528	0.01449976213211046	0.01000000815820632	0.01099263300532438	0.009999990869194475	0.1484102624605803	0.01811746536508012	0.9622905646433619	0.7839438987534729	0.01000353826136731	0.01174937284301411	0.01287449451879266	0.0676957957966661	0.01020919215960533	0.01001110976993214	0.009999993519588435	0.009999996138026298	0.009999992026886983	0.07167738892742567	0.04210914534363382	0.009999990465407241	0.009999997378054336	0.009999990698130321	0.009999991319093432	0.5877517800699668	0.03763503262472932	1.000000007961741	0.2127316593435311	0.009999990032667857	0.009999990433169306	0.009999990790701598	0.199414761732893	0.009999992042988581	0.009999993716150235	0.009999996226294394	0.009999990432424565	0.00999999037789296	0.06980266283167939
0.253125	-0.4720355111242394	1.784433240558158	0.8917548977771096	1.00663415590463	0.2409433100041607	0.3500401969681087	-1.024158133943415	-0.276053279600304	0.02008576119237787	-0.154180298479312	2.429864151361676	3.180398585275984	0.5158107052979893	-1.323077606586633	-5.004238041299814	-2.662209010122311	3.650523455845712	0.317162310751663	1.494511151124639	-9.457910968015023	0.01363479906739966	0.01000000600616187	0.01080039884326952	0.01473525852643889	0.2284687213712712	0.02321352588264999	0.9660227866259334	0.7224411018408847	0.01000284966317276	0.01141113440558244	0.01232004313482162	0.09441908616990835	0.01016861088804838	0.0100089524686928	0.009999994178193536	0.009999995030903715	0.009999991709731213	0.07139426884938206	0.06916989083901376	0.009999990449816067	0.009999996779705492	0.009999990697581077	0.0573149373967149	0.7938758929842916	0.05185178084820857	1.000000006745386	0.1239269404483372	0.009999990032389636	0.00999999040283126	0.00999999074361144	0.2497429098480161	0.009999991838979781	0.00999999307550559	0.009999997557012261	0.009999990434035089	0.009999990406479234	0.0702258431229361
0.25625	-0.464634275814386	1.794377984864605	0.8933338383444122	1.002516540831142	0.2255192782660399	0.3419781507942958	-1.012449627056307	-0.2748345798165532	0.02461937376963398	-0.1843650987164457	2.291607374434856	3.183747686015398	0.493472600804212	-1.296128254748596	-4.853529834850531	-2.479328164570402	3.844193450463219	0.4703777233244423	1.403560847979682	-9.866414265224053	0.01293529443478343	0.01000000415659486	0.01064544385098674	0.0274903884594758	0.3183901501654645	0.02996242988928052	0.9693850279363074	0.6576012354378582	0.0100022951211253	0.01113829507073868	0.01187232588832782	0.1237465187875418	0.0101359235552089	0.01000721501335207	0.009999994967647276	0.009999994139632143	0.009999991459885393	0.07123203300667526	0.09623063633439369	0.009999990434224889	0.009999996181356647	0.009999990697031832	0.1046298834743364	1.000000005898616	0.06606852907168781	1.000000005529031	0.0351222215531432	0.009999990032111416	0.009999990372493215	0.009999990696521282	0.3000710579631392	0.009999991634970984	0.009999992434860945	0.00999999888773013	0.009999990435645614	0.009999990435065508	0.07064902341419284
0.259375	-0.4578358255024523	1.804327667106072	0.8948296235023562	0.9986621240720122	0.2107308915372453	0.3346896266253722	-1.000121110742349	-0.2730843382159387	0.02884815358210701	-0.2158720344810683	2.044520229329668	3.183545081610536	0.4626450049933928	-1.156978873752088	-4.593907862383004	-2.167839744677756	4.050292877273053	0.647903578843515	1.308649832284519	-10.29779082422503	0.01236918851690953	0.0100000025643587	0.01052035346240838	0.05685322251815556	0.4027192230995851	0.03664198845147419	0.9566664335779862	0.5933071116980927	0.01000184777566013	0.01091792046230559	0.01151040948483882	0.1782602630708875	0.01010955094532012	0.01000581330404677	0.009999995781670011	0.009999993420308655	0.009999991262711809	0.07172375779359774	0.09508295343116181	0.009999990422402939	0.00999999573732282	0.00999999070205731	0.2665206426783074	1.000000007208279	0.06612668509988665	0.6867983152796285	0.02256111000887833	0.009999990032860367	0.009999990343975567	0.009999990659179378	0.650035526546649	0.009999991512285082	0.009999991956778627	0.009999999419293387	0.009999990430732157	0.009999990452162344	0.07737365568571145
0.2625	-0.4519490281052822	1.814271992456466	0.8962179640300797	0.9953711703535796	0.1969144154336146	0.3285384496329526	-0.9871088222808301	-0.2707968907126896	0.03283463272317149	-0.2487248301184193	1.708149508986093	3.180319275728968	0.4247080374630525	-0.9355119087025692	-4.231507034745655	-1.751425971607872	4.281807624902194	0.8141895010105952	1.248488418278209	-10.72776458377022	0.01191203444255726	0.01000000119565752	0.0104195543744331	0.1070267468658104	0.4720086349779158	0.04202041782427426	0.9142335253095699	0.5330834481027953	0.01000148751991932	0.01074025779331777	0.01121843672189459	0.2705677353432314	0.01008830985884483	0.01000468438230185	0.009999996540702808	0.009999992840068347	0.009999991107252941	0.07328069327477624	0.09393527052792995	0.00999999041058099	0.009999995293288991	0.009999990707082787	0.4284114018822786	1.000000008517941	0.06618484112808545	0.3735966250302263	0.009999998464613457	0.00999999003360932	0.009999990315457919	0.009999990621837474	0.9999999951301588	0.009999991389599181	0.009999991478696306	0.009999999950856644	0.0099999904258187	0.009999990469259182	0.08409828795723005
0.265625	-0.447226418237289	1.824202243636128	0.8974784915512307	0.9928630259401375	0.1843761880574703	0.3238206514879779	-0.9733191941298341	-0.2680356509614386	0.0367176733579988	-0.2829138231085834	1.30511553625728	3.174621703404513	0.3812183186073174	-0.6627290678112868	-3.779063721648727	-1.257437092870965	4.54901837148385	0.9459923124571409	1.240766520083051	-11.1533134737667	0.01154247364660109	0.01000000003713388	0.01033820272065502	0.1636948701195737	0.5309509514913103	0.04378286662669085	0.8516905092496164	0.4771157884734316	0.01000119690456022	0.01059682115840714	0.01098258707995948	0.3645958159649882	0.01007117315792865	0.01000377363821004	0.009999997101495796	0.00999999237105643	0.00999999098486036	0.07517717528576927	0.1070015810336336	0.009999990396933511	0.009999995162995108	0.009999990683889673	0.5057478881825765	1.000000002398289	0.03809241843176772	0.1917983170547958	0.009999995781547373	0.009999990036668637	0.009999990283722638	0.009999990592216512	0.9999999991682205	0.009999991363685831	0.009999991446575401	0.009999998942562382	0.009999990421033301	0.009999990483459393	0.08473700442624703
0.26875	-0.4438495889428757	1.834110754503678	0.8985955081622107	0.9912726852303159	0.1733821094504224	0.3207452662294156	-0.9586433075856273	-0.264928261430663	0.04061510429913914	-0.3184338052284103	0.8468499418950647	3.166405475977079	0.3328610549534858	-0.3481175383855101	-3.243251822524007	-0.7002817243038211	4.849012996557186	1.035725359906366	1.257698214318557	-11.5795976267545	0.0112443227546515	0.00999999907878864	0.01027266274424157	0.2190342444991671	0.5817572052543218	0.04011587284140593	0.7772011049669432	0.4256854352189795	0.01000096286721038	0.01048122811905386	0.0107924343257966	0.4401733807672504	0.01005737151193361	0.0100030401906009	0.009999997356814843	0.009999991992421322	0.009999990889060017	0.07685333935626058	0.1200678915393373	0.009999990383286033	0.009999995032701223	0.00999999066069656	0.5830843744828746	0.999999996278638	0.00999999573544999	0.01000000907936543	0.009999993098481291	0.009999990039727956	0.009999990251987355	0.009999990562595549	1.000000003206282	0.009999991337772482	0.009999991414454495	0.00999999793426812	0.009999990416247901	0.009999990497659605	0.08537572089526403
0.271875	-0.4419740421428944	1.843989836510896	0.8995548752986842	0.9907159773544955	0.1641781598291215	0.3194887642821653	-0.9429835390127621	-0.2616120528755409	0.04457822487993744	-0.3552893604923054	0.3603849434948565	3.156350476153137	0.2814103990387057	-0.0182116469849012	-2.65300917334033	-0.1122171928707871	5.177391043545969	1.084122380954095	1.279283682186748	-12.01041863143647	0.01100347569263852	0.009999998485225465	0.01021977617898133	0.2657029873729237	0.6116627223687952	0.03462200807174689	0.7007042228738417	0.3784391667177638	0.01000077407232426	0.01038793037367911	0.01063890492513532	0.5038034292477414	0.01004623712632093	0.01000244852531951	0.009999997334208989	0.009999991686411665	0.009999990815156141	0.07811016425631565	0.1978672271647292	0.009999990385739781	0.009999996945788917	0.00999999062998185	0.5408448829375735	0.730778631431115	0.009999993281525841	0.01000000052525642	0.009999996388110333	0.009999990049498666	0.009999990236759486	0.009999990540467317	1.000000002596436	0.009999991317468697	0.009999991471186158	0.009999996590012321	0.009999990415027287	0.009999990518172528	0.08325508103347588
0.275	-0.4415541522122707	1.853838841651577	0.9003560511977602	0.9910961365313766	0.1567649693780966	0.3199917983306334	-0.9262586626042806	-0.2581682823898103	0.04861428184277138	-0.3935143022330025	-0.08477045449376916	3.14715628139333	0.2316186630191865	0.2514773753434799	-2.097165953547323	0.4258213129560269	5.5306820113516	1.117364995495771	1.304377498821359	-12.45600497190773	0.01080928906542606	0.009999998379663528	0.01017717468195234	0.2985061639489704	0.6097280957297477	0.03008239045639857	0.6308831425967056	0.3351156494141382	0.01000062203427447	0.01031276178734067	0.01051517221066894	0.5582306714820672	0.01003726991912018	0.01000197205662349	0.009999997054300925	0.009999991439739123	0.00999999075963357	0.07879290521387679	0.2756665627901211	0.00999999038819353	0.00999999885887661	0.00999999059926714	0.4986053913922722	0.4615572665835921	0.009999990827601692	0.009999991971147414	0.009999999677739374	0.009999990059269378	0.00999999022153162	0.009999990518339084	1.00000000198659	0.009999991297164909	0.009999991527917819	0.009999995245756524	0.009999990413806673	0.009999990538685452	0.08113444117168774
0.278125	-0.4423930288966086	1.86366302243244	0.9010088590865699	0.9921520693382879	0.1509484536602372	0.3220189278339695	-0.9083948191214151	-0.2546190889088406	0.05272731391586915	-0.4331595792307976	-0.4410730364570672	3.140483536089617	0.1867288828714605	0.410707085543551	-1.634834579684172	0.85808823485857	5.905220851570967	1.15053348995543	1.322993395081388	-12.91804258543113	0.01065249981313099	0.01011139514722885	0.01014280164062544	0.3336528580942781	0.5838916655201556	0.02634456469944083	0.5669171007506656	0.2954876133889606	0.01000049940523218	0.01025210285642268	0.01041530099771248	0.605564882482269	0.01003003584324925	0.0100015877000435	0.009999996611376504	0.00999999124088714	0.009999990719953481	0.07892554981395568	0.3053426545980891	0.009999990508102782	0.01111194291364482	0.009999990555370908	0.6540071380428625	0.2652252575908135	0.009999990632831537	0.00999999152645477	0.01000000229616437	0.009999990238337196	0.009999990219396453	0.009999990503523286	0.999999998224414	0.009999991256342329	0.009999991550283936	0.009999994328029699	0.009999990416305438	0.009999990570619186	0.07810918702407244
0.28125	-0.4442418737712187	1.873467889487954	0.9015265473222847	0.9935779774689224	0.1464883127938115	0.3252707664589963	-0.8893320133201585	-0.2509998564673981	0.05685193035653105	-0.4742587576341337	-0.7311500962679727	3.134795497169411	0.1451420850384788	0.4882615825262885	-1.229086048629725	1.209635150838074	6.298017895121827	1.162189930198292	1.311791494062398	-13.38650187145396	0.01052613792959786	0.01041742185168683	0.01011511576806193	0.382471006332153	0.5399393935601772	0.02328048965500431	0.5082114672368315	0.2593775425336172	0.0100004006847297	0.01020323866745251	0.01033483368361588	0.6470433713225964	0.01002420990174083	0.01000127817476413	0.009999996076016329	0.00999999108123464	0.009999990694215354	0.07852438962297953	0.3350187464060571	0.009999990628012035	0.01222388696841302	0.009999990511474675	0.8094088846934527	0.06889324859803495	0.009999990438061383	0.009999991081762128	0.01000000491458936	0.009999990417405012	0.009999990217261286	0.009999990488707486	0.9999999944622378	0.009999991215519748	0.009999991572650054	0.009999993410302872	0.009999990418804203	0.009999990602552921	0.07508393287645714
0.284375	-0.4469189077816432	1.883253980801642	0.9019161276170847	0.9951555007730425	0.1432464392605024	0.3295211212900614	-0.8690247349728852	-0.2474076089913475	0.06088346347989813	-0.5162010738398949	-0.9746710778502867	3.127751257991568	0.1039618638743935	0.515717946715874	-0.8385960677668787	1.500022802704389	6.695743504604159	1.056339682500541	1.265275858574272	-12.84404169599926	0.01042414335606927	0.0106563633936573	0.01009277895948361	0.4199213698602089	0.4880672272146087	0.02077402949742068	0.4542572794325999	0.2266237202259721	0.05209949034957759	0.01016381143777048	0.01026989723880002	0.6707922814361884	0.01001951002775005	0.01000102848596952	0.009999995507469432	0.00999999095273563	0.009999990679274248	0.07821118002759865	0.379130815911167	0.009999990669610957	0.0111119523547152	0.009999990636622063	0.5934479538728947	0.03944663346201197	0.009999990591038215	0.009999991129887012	0.009999999404350975	0.4408003054169321	0.009999990226782867	0.009999990480754522	0.755399560894832	0.009999991155689192	0.009999991581616519	0.009999992899110794	0.009999990419389242	0.009999990630978684	0.07816386199742689
0.2875	-0.4502868143043239	1.893012886815403	0.9021748874730047	0.9967659934771798	0.1412915682760263	0.3345798518612789	-0.8475017210571881	-0.2449009132766043	0.06474044293313122	-0.5507056507076681	-1.173308504111931	3.117396905216217	0.06141700415517134	0.5093619985372871	-0.4054044173765635	1.726995624535625	7.076088658912957	0.4674368029614938	1.200077145176637	-8.626348695141582	0.01034196438596754	0.01063257461949397	0.01007478879685925	0.4270710642155364	0.4373176911104873	0.01873110894592905	0.4046824459761275	0.197081503491073	0.155119780933108	0.01013205388027416	0.01021758617627197	0.6666603196866453	0.01001572503864181	0.01000082740873218	0.009999994950088522	0.009999990849367035	0.009999990672775915	0.07847169762556962	0.423242885416277	0.009999990711209879	0.01000001774101738	0.009999990761769452	0.3774870230523366	0.01000001832598899	0.009999990744015049	0.009999991178011897	0.00999999389411259	0.8716006204164592	0.009999990236304448	0.009999990472801557	0.5107991273274259	0.009999991095858637	0.009999991590582985	0.009999992387918719	0.009999990419974283	0.009999990659404448	0.08124379111839664
0.290625	-0.454206816991739	1.902735387198194	0.9023009870570116	0.998304651861957	0.140774090640155	0.3402530096794076	-0.8248175962742395	-0.2450370726953465	0.06837371913064262	-0.5671340689432134	-1.325832461525895	3.105729631384606	0.02044480767877369	0.463031016654332	0.05797002377267233	1.893326723249136	7.444154200471742	-0.5074657043847517	1.124864324373157	-2.426117415216382	0.01027564612986004	0.01050997895318043	0.01006027509977981	0.4197602335446753	0.3955322003862915	0.0170676269617253	0.3591671476307248	0.1706076810394442	0.2292899308927721	0.01010643157083279	0.01017537708053419	0.6510731257116874	0.01001267165262952	0.01000066520075128	0.009999994431520273	0.009999990765256209	0.009999990671645004	0.07905246139155486	0.4236080494484195	0.009999990700893411	0.0100000053258567	0.009999990860133933	0.348857426871882	0.1215500042004836	0.009999990653422251	0.009999991622040559	0.00999999397537967	0.4408003059819392	0.00999999026564505	0.009999990467198907	0.5186842203463249	0.00999999101207792	0.009999991576981405	0.009999992175019578	0.00999999041220115	0.009999990674018484	0.08255011364460278
0.29375	-0.4585128874744366	1.912428236334148	0.9023099055089318	0.9995827601371078	0.1415523265080662	0.3463475272827255	-0.8009607385648816	-0.2477781168879359	0.0717686243551038	-0.5692331248003251	-1.420391893092691	3.098420107240086	-0.01357892038029085	0.3426099283762565	0.4238522250442212	1.996665887056729	7.826637731814857	-1.199689452300799	1.047519722424501	0.5444432270561271	0.01022222155583465	0.01041118892456482	0.01004858615577262	0.4099731253491331	0.3702954921753224	0.0157171876146995	0.3174732082088139	0.1470520550133324	0.2269595275770338	0.01008579489768218	0.01014137834027426	0.6378371347395242	0.01001021265461994	0.01000053456908602	0.009999993972460474	0.009999990696007004	0.009999990673579356	0.07975509259667352	0.4239732134805618	0.009999990690576945	0.00999999291069602	0.009999990958498413	0.3202278306914276	0.2330999900749783	0.009999990562829452	0.009999992066069222	0.00999999405664675	0.009999991547419174	0.009999990294985649	0.009999990461596255	0.5265693133652238	0.009999990928297202	0.009999991563379823	0.009999991962120433	0.009999990404428017	0.009999990688632518	0.08385643617080893
0.296875	-0.4630151091852379	1.922107112236365	0.9022236563582046	1.000356298889205	0.1432611748618063	0.3526601013102785	-0.7758857985208714	-0.2520954223559007	0.07492438305736669	-0.5671325245826584	-1.451832432264516	3.096630814143924	-0.04105414774550935	0.1425365174771168	0.6538627372625262	2.033099264459731	8.220354739271992	-1.548914595444943	0.9727474370780831	0.7713422708514683	0.01017911376490641	0.01033145826990871	0.01003915628818375	0.3982741125263173	0.3515469926080264	0.01462102334193028	0.2793921785695944	0.1262565321396188	0.1973835747932571	0.01006914589041423	0.01011394753407128	0.6248584981565403	0.01000822896399013	0.01000042918875919	0.009999993576228151	0.009999990638339161	0.009999990675952867	0.08052568115585744	0.4105024895701872	0.009999990728082485	0.009999992580510535	0.009999991006451096	0.297017292280574	0.1917802823170374	0.009999990539892294	0.009999991898533418	0.009999996311329556	0.009999992765579802	0.009999990368803894	0.009999990464141567	0.4988208824793613	0.009999990854097062	0.009999991567973605	0.009999991901367754	0.009999990393635604	0.009999990683164045	0.08478830106304691
0.3	-0.4675293553663669	1.93178574357233	0.9020568570126448	1.000411623649536	0.1455392937154141	0.3589901337723649	-0.749589578676179	-0.2573683865360188	0.07785193077468151	-0.5645909771162477	-1.42808755410237	3.098263584839471	-0.06513104507310706	-0.1170470263537685	0.7881853449595949	2.007839285158086	8.608256804251383	-1.811311028078961	0.9014646920577316	0.8266494662522316	0.01014439099610179	0.01026722468084647	0.01003156191044985	0.3851438521220736	0.3298007200943073	0.01373355553903208	0.2447575996300624	0.1080440905220949	0.1708767458355609	0.01005573707695262	0.01009185406374956	0.6102945937392773	0.01000663143340852	0.01000034432499624	0.009999993245307866	0.009999990589797149	0.009999990676799681	0.08132233868846685	0.3970317656598126	0.009999990765588026	0.00999999225032505	0.00999999105440378	0.2738067538697204	0.1504605745590966	0.009999990516955135	0.009999991730997613	0.009999998566012362	0.00999999398374043	0.009999990442622137	0.00999999046668688	0.4710724515934988	0.00999999077989692	0.009999991572567387	0.009999991840615076	0.009999990382843188	0.00999999067769557	0.08572016595528488
0.303125	-0.4718920071262639	1.94147413737978	0.9018191635943131	0.9995754033049308	0.1481067520808214	0.3651542788996869	-0.7220944830693843	-0.2633653989798125	0.08056682981058835	-0.5618993160222708	-1.35713582345624	3.102705145542115	-0.08664733899200429	-0.4248033503705571	0.8441902518709798	1.929431333249195	8.986546253051962	-2.020612382132575	0.8401524639524424	0.8956189738754547	0.01011637592914473	0.01021539255418998	0.01002543537758292	0.3723577591810535	0.3034545724250486	0.01301471243372863	0.2134153617171485	0.09222755067832046	0.1472915797182294	0.01004491966466332	0.01007402962662604	0.5942636390637775	0.0100053426919743	0.01000027586083913	0.009999992966130451	0.009999990545832118	0.009999990668190633	0.08272007790471472	0.3588473661518851	0.009999990652909263	0.009999992054907803	0.009999991033219517	0.2781726038307008	0.08023028681181657	0.009999990468885216	0.009999991433698827	0.00999999671211738	0.009999993711547923	0.009999990716766619	0.009999990447632235	0.4428322646105597	0.009999990673767821	0.009999991515870998	0.009999991775043024	0.009999990344897191	0.009999990590027145	0.0933770886182748
0.30625	-0.475968493333122	1.951180130067055	0.9015174699168649	0.9977149192336128	0.1507479968081696	0.3710004404609303	-0.6934365279136362	-0.2699586854629949	0.08312839475582059	-0.5589958251546355	-1.244941600157483	3.109526867927915	-0.1060912109076825	-0.7725758114501253	0.835408616601754	1.804329802867829	9.352486915581613	-2.192926413287744	0.8033308740259973	0.9622205213935854	0.01009381179340312	0.01017364061780174	0.01002050142188485	0.3614786686049846	0.2709324699614177	0.01243378698652553	0.1852223886297513	0.07860315411359606	0.1264659667947082	0.01003620780634159	0.01005967404128908	0.576864383131734	0.01000430481883491	0.01000022071440411	0.009999992728538278	0.009999990503038887	0.009999990644190103	0.08516227134656273	0.3206629666439578	0.009999990540230498	0.009999991859490557	0.009999991012035254	0.2825384537916812	0.009999999064536524	0.009999990420815296	0.009999991136400039	0.009999994858222398	0.009999993439355415	0.009999990990911098	0.009999990428577587	0.4145920776276207	0.009999990567638721	0.009999991459174608	0.009999991709470973	0.009999990306951192	0.009999990502358721	0.1010340112812648
0.309375	-0.4796341180507991	1.960910769322674	0.9011578299268218	0.9947115439336649	0.1532728338020485	0.376387013728098	-0.6636581073483357	-0.2770535299696837	0.08563489600819257	-0.5558636052334064	-1.095450339995945	3.118351745325782	-0.1238606445171505	-1.153771750788778	0.7733559816883813	1.636585006616046	9.700318176615514	-2.346953467791937	0.8132509008375171	1.04534204803199	0.01007560760133177	0.01013995323391422	0.01001652118032356	0.3560056734547617	0.2370855413892231	0.01196390270060009	0.1600345047365959	0.06696154742283363	0.1082278317983106	0.01331132149881767	0.0100480927601717	0.5572671180175062	0.01000346757742083	0.01000017629102075	0.009999992619451815	0.009999990475295473	0.009999990629388866	0.08925627400546263	0.2670111294492982	0.009999990680567472	0.009999992536590212	0.009999991325712622	0.3472162689224955	0.0100000012540502	0.009999990549659292	0.00999999191369186	0.009999996025912318	0.009999995115023523	0.04278420955871517	0.009999990609792887	0.3686937925744996	0.009999990726823334	0.0099999921386233	0.009999992594683708	0.009999990409875027	0.00999999062936517	0.1180420453448851
0.3125	-0.4827800087133469	1.970671512785703	0.9007447017523996	0.9904776747269811	0.1555369024575199	0.3811885212428841	-0.6328431897447595	-0.2846220158666873	0.0882888439694641	-0.5524440509804426	-0.9123118048746123	3.128793560670959	-0.1403236489103219	-1.560091911761214	0.6685168800209665	1.429887721343717	10.01584502007818	-2.496056903089245	0.8976967677217178	1.146114493703794	0.01006094616983623	0.01011281985737907	0.01001331582107702	0.3589104281906166	0.2064979792030807	0.01158462882147187	0.1376967876250284	0.05708962880705092	0.09238562384536911	0.02219897761827649	0.0100387656594677	0.5347245951506576	0.01000279336054905	0.01000014064836501	0.009999992703938079	0.009999990472990695	0.009999990642195115	0.09545143497666664	0.2133592922546386	0.009999990820904444	0.00999999321368987	0.00999999163938999	0.4118940840533097	0.01000000344356387	0.009999990678503287	0.009999992690983684	0.009999997193602235	0.009999996790691631	0.07556842812651926	0.009999990791008186	0.3227955075213785	0.009999990886007946	0.00999999281807199	0.009999993479896442	0.009999990512798859	0.00999999075637162	0.1350500794085055
0.315625	-0.485296724148486	1.980466583790481	0.9002820561842397	0.9849459143740334	0.1574278806300726	0.3852759199846991	-0.6011550253230142	-0.2927022828770711	0.09141035231616285	-0.5486578463090727	-0.6706445317924228	3.140942284814537	-0.1542224049307805	-2.00100595581948	0.5145834732950767	1.153042437007001	10.22938899950998	-2.682611733453119	1.128182309894342	1.283622767947281	0.01004911810676772	0.01009092883549583	0.01001072999029052	0.4357886698614091	0.1790262422726192	0.0112781358419902	0.1180452830665479	0.04877651745327127	0.07873919714177029	0.09309587891558936	0.01003124124683985	0.5088192394130951	0.01000224945357315	0.01000011195861448	0.009999992750063427	0.009999990452289652	0.009999990613274197	0.1042999699610423	0.1466729270743571	0.009999990608447902	0.009999992495789894	0.009999991001344615	0.9999999993064267	0.00999999985843115	0.009999990448984111	0.009999992069861382	0.009999994461870628	0.009999995447846572	0.6079658516135021	0.009999990648700443	0.2626448706063405	0.009999990607639873	0.009999992578503213	0.009999992723513084	0.009999990319851508	0.009999990424833875	0.1505545105789103
0.31875	-0.4867981524006619	1.990307967080967	0.8997904811577153	0.9778415672425207	0.1585835136836285	0.3881887549966099	-0.5691294535623772	-0.3014339501376236	0.09551569425460912	-0.5443803694809319	-0.2625280077781459	3.158433423524187	-0.1588385022635207	-2.566547450042818	0.1978960038630018	0.6781669342050144	10.23178571696887	-2.912953063197201	1.52735026644014	1.460528674037231	0.01003959217043416	0.01007329759197846	0.010008647469999	0.4999485578526534	0.1545230549347491	0.0110309420995853	0.1008964291875182	0.04182251963034353	0.06707734174150727	0.2062182539136526	0.01002518145081445	0.4786264450035355	0.01000181139534421	0.01000008875865885	0.009999992699440916	0.009999990416917738	0.009999990562482994	0.1118688896559223	0.07998656189407553	0.00999999040406843	0.00999999180743235	0.009999990593738222	1.000000007090611	0.009999997653517992	0.009999990282630872	0.009999991438885837	0.009999992744729982	0.009999993807631712	1.000000004335971	0.009999990482612024	0.2000909693430076	0.009999990405783057	0.009999992087466157	0.009999992272686628	0.009999990223792556	0.009999990283574784	0.1522578064740096
0.321875	-0.4866883043478172	2.000215113674547	0.8993040191726922	0.968711420842693	0.1584032171984578	0.3892188061750744	-0.5374877895365595	-0.3109311341278832	0.1010309542105921	-0.5395064378188086	0.3412692123830611	3.181985158505082	-0.1520333585307947	-3.275858940971579	-0.3158769913160365	-0.02988555515236133	9.988489047779201	-3.178444432642152	1.98076227897626	1.662817242185236	0.01003190732007567	0.01005907341447816	0.01000696745201592	0.5549691442967247	0.1328343440402416	0.01083130524744226	0.08605699663358224	0.03603681535400411	0.05718701140947395	0.3152076288641468	0.01002029291885295	0.4453395633095666	0.01000145799994405	0.01000007008569208	0.009999992703698654	0.009999990381704038	0.009999990511456785	0.1160741631391599	0.08963390034017232	0.009999990395558336	0.009999992012212036	0.009999990470059899	1.000000007724974	0.01000001879809183	0.009999990253986835	0.009999991436100426	0.00999999238016016	0.009999995904458003	1.000000006493434	0.009999990547699069	0.1541629527963968	0.009999990425469606	0.009999992965563234	0.009999993141871149	0.009999990246411411	0.009999990314532031	0.1250256806826376
0.325	-0.4846124795058658	2.010194404084987	0.8988431714770257	0.9573729945169188	0.1565930872570047	0.3879335241821285	-0.5068913358373525	-0.3213817262295949	0.1077601220831313	-0.5339625763893776	0.9956971372501744	3.204605466314266	-0.1424453570752515	-3.979846602648732	-0.8451974081577253	-0.8036462954977081	9.562851107938139	-3.52313425452657	2.304251333036071	1.889283725114045	0.01002571834181222	0.01004761767912369	0.01000561446906016	0.6026795742337789	0.1137880936074157	0.0106703773208694	0.07331932540816853	0.03124982767216394	0.0488590713881627	0.3995945074725382	0.01001635601738536	0.4099889211390863	0.01000117340781086	0.01000005521897534	0.009999992876342564	0.00999999035774933	0.009999990476391324	0.1152637275201988	0.0992812387862691	0.009999990387048244	0.009999992216991724	0.009999990346381575	1.000000008359337	0.01000003994266566	0.0099999902253428	0.009999991433315016	0.009999992015590337	0.009999998001284292	1.000000008650896	0.009999990612786112	0.108234936249786	0.009999990445156155	0.00999999384366031	0.009999994011055668	0.009999990269030267	0.009999990345489278	0.09779355489126565
0.328125	-0.4805631852071491	2.020235871551789	0.8984077052478409	0.9439925363098221	0.1532883999638168	0.3843022262122108	-0.477833385151685	-0.3330676934437686	0.1151628621374618	-0.5276892339076346	1.558638589543916	3.220004952499206	-0.1385730397413	-4.53819666757966	-1.222548368386275	-1.477732765450124	9.025421536205387	-3.962517828778353	2.399805079021985	2.108784442775098	0.01002072560133278	0.01003837598190575	0.01000452300676757	0.6445272410363959	0.1303521828701558	0.01054046157888564	0.06247174455911581	0.02730405054063964	0.04196232206759751	0.457027595334982	0.01001318010681729	0.3757378880910808	0.01000094383162381	0.01000004360119613	0.009999993118729939	0.009999990343213057	0.009999990455284739	0.112255129618785	0.153162311626296	0.009999990381508048	0.009999992393679076	0.009999990305752804	1.000000008376771	0.409163064396771	0.009999990197771631	0.009999991448240856	0.00999999179345072	0.01077483156521525	0.7861493053574632	0.009999990674717978	0.1158531195058642	0.009999990448573864	0.009999996771324396	0.009999994232390333	0.009999990295795205	0.009999990388385891	0.09485355652784969
0.33125	-0.4751035672236202	2.030307380288483	0.8979625899152786	0.9292933277340055	0.1492474980239419	0.3789642671468119	-0.4505375499528416	-0.3461889193234203	0.1225482961850593	-0.520888117499698	1.898304295529939	3.223831879044822	-0.1486207832368696	-4.823846838629383	-1.316374782037436	-1.895909396605716	8.435097196370705	-4.441699800432472	2.293175488726868	2.227059037877945	0.01001670476112342	0.01003093317994953	0.01000364402056068	0.6814356731780741	0.2032822067041508	0.01043577169947091	0.05330220045381578	0.02406641262859142	0.03636855519816469	0.4815637905567192	0.01001062246300796	0.3455537958361033	0.01000075895037768	0.01000003481516065	0.009999993357018717	0.009999990336717408	0.009999990446638461	0.1092424924110444	0.2070433844663228	0.009999990375967849	0.009999992570366429	0.009999990265124031	1.000000008394205	0.8083260888508764	0.009999990170200462	0.009999991463166697	0.009999991571311104	0.0115496651291462	0.5722986020640299	0.009999990736649846	0.1234713027619423	0.009999990451991569	0.009999999698988479	0.009999994453724998	0.00999999032256014	0.009999990431282507	0.0919135581644337
0.334375	-0.4690400844193298	2.040369881076805	0.8974573656456426	0.9142305800817477	0.1454547076189968	0.3728494119084877	-0.4251189696207545	-0.3607975535727822	0.1293432093581976	-0.5139572779380512	1.944060504667263	3.214643271024103	-0.1771761183532545	-4.773210997129891	-1.069332450982196	-1.972896184975039	7.832506633208963	-4.898690873695727	2.055239806165234	2.195765360376228	0.01001346112314196	0.01002492898780901	0.01000293494291487	0.7141782245111196	0.2933316092301054	0.01035127839437712	0.04560252788145151	0.02141592172717831	0.0327224520574082	0.4835972853679879	0.0100085592260302	0.3208680151809812	0.01000060981033057	0.01000002796806787	0.009999993529366435	0.009999990337357456	0.009999990446264371	0.1078651861971324	0.1879784789252584	0.009999990381257179	0.009999993001863957	0.009999990262518015	1.000000008207582	0.904163030209974	0.009999990153707365	0.009999991617960386	0.009999991427058959	0.02115741779974493	0.4297568840220493	0.009999990848694636	0.1581756151439269	0.009999990470913834	0.009999999378462595	0.009999994049569342	0.009999990356373613	0.009999990457295169	0.108870613360209
0.3375	-0.463192340285379	2.050389367267025	0.8968399056191763	0.899730138137479	0.1428246616187107	0.3669130520591349	-0.4015861808887612	-0.3767486419998726	0.1353914878741141	-0.5072452897548451	1.7602315465125	3.196302536259163	-0.2204516676082731	-4.463971185516421	-0.5722183630557228	-1.78167234766404	7.228190572310632	-5.300870474178743	1.815329308104896	2.086994155676001	0.01001084892452665	0.01002009364919764	0.01000236390784242	0.7433105772288313	0.376419453456487	0.01028320634095909	0.03917849473089658	0.0192541449345606	0.0315054714910356	0.469640777997315	0.01000689767037806	0.3029738964197843	0.01000048970884804	0.01000002239158374	0.00999999358947899	0.009999990344455794	0.009999990451027323	0.109425160461881	0.168913573384194	0.009999990386546509	0.009999993433361488	0.009999990259911998	1.000000008020958	0.9999999715690716	0.009999990137214268	0.009999991772754076	0.009999991282806818	0.03076517047034365	0.2872151659800687	0.009999990960739424	0.1928799275259115	0.009999990489836099	0.009999999057936713	0.009999993645413683	0.009999990390187083	0.009999990483307833	0.1258276685559843
0.340625	-0.4581921694816365	2.060341867061591	0.8960694143460444	0.8864995727100234	0.1420248137041364	0.3618953930479302	-0.3799358230740039	-0.3938430294221956	0.1408033155172301	-0.5009140676880198	1.433574760955077	3.173293791652986	-0.2730546107978056	-3.997022098645923	0.06153362697164059	-1.42179318525982	6.628056325138771	-5.622985148849768	1.664068648992583	1.966987798029847	0.01000874166150684	0.01001619309812734	0.01000190325520679	0.769316362796736	0.4502667754560175	0.01022827591184192	0.03384575256228849	0.01749293596008555	0.03164958350180187	0.4566547444576803	0.0100055573251907	0.2912904476161324	0.01000039282915176	0.01000001769854983	0.009999993564138738	0.009999990357185707	0.009999990458348493	0.1121705827438349	0.1856537959900064	0.009999990390622559	0.009999994657209322	0.009999990239689447	1.000000007855187	0.9999999844003676	0.00999999012583387	0.009999991588093499	0.009999991100306993	0.03371136633490371	0.4152521378748902	0.009999991135726015	0.2260234966623106	0.009999990524202718	0.009999997414127101	0.009999993284121175	0.009999990428665124	0.009999990493853542	0.127371050418239
0.34375	-0.4542718918227076	2.07022243133604	0.8951308651541797	0.87478980370475	0.143216858845055	0.3580758211153059	-0.3601607170066142	-0.4117888471348196	0.1458908435897133	-0.4949391170737975	1.069099933831844	3.150263803384198	-0.3280087355972504	-3.490661475319738	0.7025931924596901	-1.014896617372531	6.028029453995416	-5.845785859971302	1.607777582899945	1.858980426010262	0.01000704462917349	0.01001305209467988	0.0100015322788393	0.7925687716893002	0.5122677566380409	0.01018402759143345	0.02944244774706927	0.01606249454635687	0.03231316215743927	0.4593243904564421	0.0100044779488426	0.2851614461185072	0.0100003148168978	0.01000001359914668	0.009999993473394435	0.00999999037492833	0.009999990466297425	0.1147122550441531	0.2023940185958188	0.009999990394698609	0.009999995881057155	0.009999990219466898	1.000000007689415	0.9999999972316636	0.009999990114453471	0.00999999140343292	0.009999990917807173	0.03665756219946377	0.5432891097697117	0.009999991310712606	0.2591670657987096	0.009999990558569335	0.009999995770317488	0.009999992922828669	0.009999990467143166	0.00999999050439925	0.1289144322804938
0.346875	-0.4514514525376393	2.080035102087883	0.8940235634050175	0.8646134785694841	0.1463059797777153	0.3554871024321225	-0.3422648569460592	-0.4302648933209922	0.1509324586623321	-0.4892638887605246	0.7443035016590985	3.130390645380809	-0.3800389411562833	-3.032545836081721	1.259628564932722	-0.6511506564869829	5.426440462635717	-5.964731936647753	1.621623425479947	1.780209815885788	0.0100056756378999	0.01001051931864498	0.01000123301098198	0.8134008670260989	0.5656110083805295	0.01014832554380487	0.0258190286382277	0.01490096838545507	0.03344910747724534	0.4697783984570217	0.01000360726662046	0.2838933894069768	0.01000025189228092	0.01000001007223658	0.009999993337407807	0.009999990398908783	0.00999999047621182	0.1165950282444119	0.2170737766315776	0.009999990401492806	0.01000000554003805	0.009999990199794312	1.00000000753631	0.9999999990913047	0.009999990107046438	0.009999991595151912	0.009999990784176111	0.04016699339495144	0.5618224398420378	0.009999991605926399	0.2905563188060062	0.009999990598787655	0.009999995102778903	0.009999992631976396	0.009999990527875391	0.009999990529553035	0.1244051363887919
0.35	-0.4495679806057928	2.089790780167082	0.8927595307888917	0.855771647074044	0.1509969396289457	0.3539482087833739	-0.3262384673784163	-0.4489799732230464	0.1560432860108621	-0.4837687799657527	0.4694408277698834	3.113788492892362	-0.4283164904540409	-2.636585545831208	1.727770100344512	-0.3430085953342362	4.831568338531646	-5.998767438135443	1.652073439483122	1.743703934169575	0.01000457315931022	0.01000848148507456	0.01000099200117891	0.8320812946890241	0.6119795713962501	0.01011956903953871	0.02285030512839683	0.01396028719416113	0.0350202046870191	0.4810729705716627	0.01000290614554017	0.2867950002159836	0.01000020122580467	0.01000000710199623	0.009999993171271534	0.009999990430044165	0.00999999048909306	0.1174605641576405	0.2317535346673363	0.009999990408287002	0.01000001519901895	0.009999990180121723	1.000000007383205	1.000000000950946	0.009999990099639406	0.009999991786870905	0.00999999065054505	0.04367642459043911	0.580355769914364	0.009999991901140188	0.321945571813303	0.009999990639005977	0.009999994435240318	0.009999992341124119	0.009999990588607616	0.009999990554706821	0.1198958404970901
0.353125	-0.4484643952266466	2.099499406121923	0.8913506675349638	0.8480662113259577	0.1570190708079307	0.353283593111051	-0.3120508123976037	-0.4676919180463241	0.1612283339073367	-0.4783036049282934	0.2439224085801919	3.100123123113815	-0.4728098278609804	-2.304651612719384	2.115854399612537	-0.09035141918700343	4.252415698338463	-5.971016151165534	1.660077716424382	1.771993237368967	0.01000368379600808	0.01628141527975481	0.01000079757750974	0.8488537124115803	0.6527142836185926	0.01009636832649022	0.02042287960884406	0.0131981558239218	0.037872207508487	0.4914950715125211	0.01000234063251	0.294710407120901	0.01000016036096998	0.01000000459491822	0.009999993003087024	0.00999999047215985	0.009999990508372482	0.117516590222667	0.2393127231872234	0.009999990415554265	0.07272858684962415	0.009999990169580669	1.000000007122039	1.000000003448488	0.009999990094804652	0.009999991934661249	0.009999990550555105	0.0570612778480452	0.5704095766326915	0.009999992397655201	0.3748261697129066	0.009999990675402618	0.009999993947677716	0.009999992270472421	0.00999999070183343	0.009999990620044894	0.1158410577083751
0.35625	-0.4479992868415638	2.10916899346722	0.8898078828910031	0.8413065852459518	0.1641551580353157	0.3533334750119891	-0.299636588956613	-0.4862621923078512	0.1663795248770379	-0.4725814150599176	0.06081555156922521	3.088803782784947	-0.5140261800750867	-2.031267358259703	2.440701971320504	0.1142698515528508	3.696572153045663	-5.908098278615034	1.630405006348158	1.90819342595624	0.01000296757454164	0.03308110952314248	0.01000064100254001	0.8639201886410308	0.6886843867706443	0.01007768226625525	0.01844511297573861	0.01258211842077495	0.0426255882360048	0.4996145466110616	0.01000188531041441	0.3082478617283814	0.01000012745888575	0.01000000248100464	0.009999992853890451	0.009999990528119437	0.00999999053661872	0.1169224830105601	0.2468719117071104	0.009999990422821526	0.1354571585002294	0.009999990159039612	1.000000006860872	1.000000005946031	0.009999990089969896	0.009999992082451595	0.009999990450565162	0.07044613110565129	0.5604633833510192	0.009999992894170215	0.4277067676125101	0.009999990711799255	0.009999993460115115	0.009999992199820722	0.009999990815059246	0.009999990685382968	0.1117862749196602
0.359375	-0.4480485842337178	2.118806242667437	0.8881407815899832	0.8353164527576972	0.1722261989491079	0.3539569906283064	-0.2889129856919861	-0.5046068991499481	0.1713732904606133	-0.4662346547430326	-0.09064097780332327	3.079118792568309	-0.552742287766865	-1.806173983040566	2.722823319802513	0.2827971976974043	3.17010427392955	-5.83287289334308	1.558305332816913	2.161493465741478	0.01000238980282713	0.05799299030453645	0.01000051469285519	0.8774658902285289	0.7192688415337196	0.01006260707705128	0.01683515850061837	0.01208375322864045	0.04715471519138804	0.5006875321102339	0.0100015181467801	0.3241467930739338	0.01000010092736793	0.01000000070774904	0.00999999269255487	0.009999990606008693	0.009999990579187091	0.1169122543915266	0.2006038960247431	0.009999990415891072	0.203547984570065	0.009999990149942788	1.000000006542875	0.9740979806343469	0.009999990087034697	0.009999991752391921	0.009999990396422387	0.06518784850830441	0.4599687978639503	0.009999993846179446	0.4433377066010102	0.009999990780963917	0.009999993234777507	0.00999999185644496	0.009999991036682568	0.009999990822109844	0.121661126741349
0.3625	-0.4485550122981816	2.12841400521586	0.8863543458725279	0.8299945194218399	0.1811606731984313	0.3550885640901431	-0.279801122634466	-0.5227198903475966	0.1760733104926237	-0.4590235790934627	-0.2317480787089886	3.069932325635962	-0.5904002065936725	-1.603619900725496	2.993299306060411	0.4394268726853406	2.665058420497231	-5.759800266168186	1.442407853346533	2.46135523887457	0.01000192451053306	0.08913141030299024	0.0100004129716312	0.8896470868564201	0.7438589418911239	0.01005046586847866	0.01552850718609834	0.01168143488974985	0.04988926922192998	0.490631694065283	0.01000122264831483	0.3397932366371792	0.01000007957453668	0.00999999923584609	0.00999999249577924	0.009999990711880468	0.009999990640086482	0.1184642209705066	0.1543358803423758	0.009999990408960619	0.2716388106399007	0.009999990140845962	1.000000006224877	0.9481959553226628	0.009999990084099497	0.009999991422332245	0.009999990342279613	0.05992956591095754	0.3594742123768814	0.00999999479818868	0.4589686455895102	0.009999990850128582	0.009999993009439901	0.009999991513069198	0.00999999125830589	0.00999999095883672	0.1315359785630379
0.365625	-0.4495035614542969	2.137992926328167	0.8844506857177671	0.8252911113347644	0.1909477343888515	0.3567107872130642	-0.2722401604986513	-0.5406206173933366	0.1803404499612238	-0.4508731496560967	-0.3727848454190711	3.060592956731997	-0.6276135855646939	-1.409659318480135	3.268886183752173	0.5956557664441675	2.163917549942081	-5.700492449777854	1.261576716804835	2.753748913911399	0.01000154916356432	0.1233123826733607	0.01000033091232909	0.9006079161653285	0.756287514668541	0.01004067110826012	0.01446809781702536	0.01135628507936128	0.05181607430435939	0.4687804377629116	0.01000098430733905	0.3711010647318123	0.01000006236019522	0.009999998020819871	0.01002446038870132	0.009999990839488673	0.009999990716544858	0.1226558512321283	0.1899226587130023	0.009999990427250275	0.3249534209673366	0.009999990133184731	1.0000000057253	0.7875931741995855	0.00999999008194317	0.009999991202379068	0.009999990305054071	0.06145721913859807	0.2255115738190357	0.009999994267169035	0.729484322512142	0.009999990893720499	0.009999992942862183	0.01024422539297765	0.009999991473547677	0.009999991104555989	0.1579901742267403
0.36875	-0.4508690517333899	2.147542809761006	0.8824338153808022	0.8211647859096058	0.20158162639653	0.3587917866332946	-0.2663393866753416	-0.5583718894504109	0.1837895106616997	-0.4418199651760683	-0.4985903974147499	3.051348210776957	-0.6628547232041642	-1.234286997098711	3.535271029105658	0.7330437029633989	1.602537900493979	-5.664149073422277	0.9188374417470889	3.039118466178488	0.01000124689311545	0.1586455557381694	0.01000026482702517	0.9104713720002702	0.7511930766831811	0.0100327828387424	0.01360972528037577	0.01109402036881277	0.05366457869229108	0.4342376784985166	0.01000079226359379	0.4300536554108925	0.0100000485056715	0.009999997029376559	0.01009170520045382	0.009999990984157612	0.00999999080648712	0.1302916821562317	0.2255094370836287	0.009999990445539928	0.3782680312947725	0.009999990125523498	1.000000005225724	0.6269903930765082	0.009999990079786846	0.009999990982425887	0.009999990267828527	0.06298487236623861	0.09154893526118996	0.00999999373614939	0.9999999994347739	0.009999990937312417	0.009999992876284468	0.0104884592728861	0.009999991688789461	0.009999991250275255	0.1844443698904427
0.371875	-0.452579806152943	2.157065074096784	0.8803115970450965	0.8175251999854188	0.2130072018220518	0.3612449272691353	-0.2623023098079932	-0.5760527812081496	0.1859622601190225	-0.4318724056718294	-0.5993977132281584	3.042319005097723	-0.6950467251483383	-1.08219721145582	3.784068033066416	0.8395588617062486	0.914419414949435	-5.660641896171854	0.4227185278025545	3.33401329465949	0.01000100305047886	0.1936939140334915	0.01000021151518738	0.9193513719596129	0.7310132028485971	0.01002641920621014	0.01291454182575187	0.01088219730072056	0.05685831314147511	0.3931342812218093	0.01000063719167727	0.4952275077030555	0.01000003733342291	0.009999996216719109	0.0183100270697357	0.009999991076356881	0.00999999086084623	0.1485449165247729	0.1690220975881876	0.009999990395721029	0.415657542795131	0.009999990118997933	1.000000004213835	0.4771223671055734	0.009999990078333347	0.009999990883534465	0.009999990242294438	0.08002308456704608	0.05077446482009034	0.009999992715353489	1.000000001992426	0.009999990937506401	0.009999992809721798	0.09196669277048583	0.009999991244120923	0.009999990933189651	0.3102689171612927
0.375	-0.4546346954543717	2.166553666298974	0.8780917626392453	0.8144813707312891	0.2252756190396832	0.3640552330047809	-0.2610415895797797	-0.5938072778304938	0.1861252284408599	-0.4209405465961647	-0.7188367218151449	3.029798045280717	-0.7253290080972369	-0.8530027282620192	4.074689776055734	0.9616293668384892	-0.1743303485523899	-5.711256186769812	-0.3674224849635613	3.669070191890969	0.01000080666982148	0.2275287296089823	0.01000016858095383	0.9273458055772211	0.6976755446478536	0.01002129430219495	0.01235280099704114	0.01071143587616162	0.06245747632101598	0.3508946979233839	0.0100005121107349	0.5508276172347938	0.01000002833625371	0.009999995549313309	0.04001976509090342	0.009999991064037343	0.009999990842891526	0.1822529131385438	0.1125347580927465	0.00999999034590213	0.4530470542954896	0.009999990112472368	1.000000003201946	0.3272543411346386	0.009999990076879848	0.009999990784643038	0.009999990216760348	0.09706129676785358	0.009999994378990731	0.009999991694557592	1.000000004550078	0.009999990937700381	0.009999992743159125	0.1734449262680856	0.009999990799452385	0.009999990616104045	0.4360934644321426
0.378125	-0.4572481537737819	2.175983308248909	0.8757757059292637	0.8126891611583158	0.2387311373066134	0.3674352883557362	-0.2650881694722195	-0.6118641756935499	0.1815199610078445	-0.4089089184827313	-0.9595055214312616	3.004214665409623	-0.7556829953514668	-0.2892409534513008	4.54640523962865	1.206703069086517	-2.356140779026229	-5.850361869456324	-2.223697650895936	4.016604399417877	0.01000064824133244	0.2590117007037933	0.01000013394507616	0.9345455791835768	0.6530361217364851	0.01001715998744638	0.01189847433162625	0.01057357538033502	0.06678378316682894	0.3099046169451891	0.01000041108249983	0.5991049423743765	0.01000002108604362	0.009999995060217813	0.07016539081564641	0.009999991010989416	0.009999990803940338	0.2178944732527902	0.1595366301595756	0.009999990295048245	0.467862513521283	0.009999990106673398	1.00000000037981	0.1907357404335195	0.009999990076365661	0.009999990780317925	0.009999990204448866	0.07822730511251404	0.009999993333785567	0.009999991381338369	1.0000000041266	0.009999991014681851	0.00999999329708141	0.2429088146324601	0.009999990782483243	0.009999990666625162	0.4289810510071714
0.38125	-0.4606674107059665	2.185324019599859	0.8733766457366705	0.8127034300534036	0.2537504225676688	0.3716289835072819	-0.2753965944263013	-0.6304045609137855	0.1744536870056999	-0.3959278153578562	-1.234547833990767	2.97288246193052	-0.7784512369686136	0.3031434912971855	5.075500652295833	1.48235883921632	-4.181911188003316	-6.020688095364823	-1.942466689206269	4.276734199213654	0.01000052064611033	0.2872722497454747	0.01000010605106666	0.9410291576381722	0.5985212567886534	0.01001383048428747	0.01153178570341798	0.01046247908084046	0.06707181801096594	0.2724978136918158	0.01000032966168316	0.6413591987260594	0.01000001526230985	0.009999994774179699	0.1052514236198543	0.009999990964965401	0.009999990782407851	0.2461809949369945	0.2065385022264046	0.009999990244194359	0.4826779727470763	0.009999990100874425	0.9999999975576732	0.05421713973240053	0.009999990075851473	0.009999990775992814	0.009999990192137381	0.05939331345717448	0.009999992288580402	0.009999991068119144	1.000000003703122	0.009999991091663323	0.009999993851003695	0.3123727029968347	0.009999990765514102	0.009999990717146278	0.4218686375822002
0.384375	-0.4649415769707561	2.194561706204434	0.8709263113725202	0.8143517635428126	0.2704324781636968	0.3766675779464025	-0.2894168046047949	-0.6494805505558225	0.1720832431127516	-0.3823868278992594	-1.506398432405869	2.937781612089064	-0.7874489291201497	0.7626811369218475	5.609746714048856	1.746059923442097	-4.753214266443544	-6.187410124823406	0.1240696627591422	4.363142694692727	0.01000041770920341	0.3127596518087425	0.01000008354840166	0.9345249289166847	0.5437102016448048	0.01001114456096989	0.01123548011841822	0.0103728126200839	0.06574500550938921	0.2385042308144919	0.01000026395533948	0.6762559087872442	0.01000001057892075	0.009999994647068512	0.1509424046841321	0.009999990917041809	0.00999999075340227	0.2562548894473707	0.263475023454516	0.009999990222966404	0.4925682398753903	0.009999990098267917	0.7546489894838339	0.09068557282006801	0.009999990076230966	0.009999990794603569	0.009999990186512882	0.0593627834380422	0.00999999231873715	0.009999991111360591	0.9547851152796556	0.009999991165515643	0.00999999437054359	0.4729245817611178	0.009999990673521189	0.009999990554042335	0.2244603291197948
0.3875	-0.4701166500143238	2.203676058719738	0.8684695513482162	0.8175382571278988	0.2888659131860163	0.3825650975389273	-0.3048678769678916	-0.6690725295019595	0.1733459165544429	-0.3688228927634992	-1.811128172408789	2.893948644797261	-0.7825636594668854	1.287565952530784	6.196383485122452	2.032070937394951	-5.097662986149277	-6.3509212499887	0.3827284049630062	4.291420712598233	0.01000033480814413	0.3357186440717242	0.01000006542610399	0.9043720778726603	0.4973912638583524	0.01000898151176704	0.01099651463970619	0.0103005709885763	0.06463955968436295	0.2077764082744469	0.0100002110492773	0.7025219894746545	0.01000000682168357	0.00999999464584902	0.2105971416712132	0.009999990860538689	0.009999990698290075	0.2386752492381821	0.3204115446826273	0.009999990201738451	0.5024585070037043	0.009999990095661408	0.5092979814099943	0.1271540059077355	0.00999999007661046	0.009999990813214324	0.009999990180888383	0.05933225341890992	0.009999992348893899	0.009999991154602036	0.9095702268561888	0.009999991239367963	0.009999994890083488	0.633476460525401	0.009999990581528279	0.009999990390938391	0.02705202065738953
0.390625	-0.4761772769812402	2.212650264357163	0.8660530945216596	0.8222937968397563	0.3090439307084568	0.3892665014985169	-0.3211098511939339	-0.689110984633297	0.1734264854036615	-0.3556504634246234	-2.052451007286449	2.850550249042826	-0.761826054844952	1.729460000142732	6.695240841165995	2.24003652396232	-5.280468495632983	-6.463466132143346	-0.3185082808840686	4.135180446424751	0.01000026792967012	0.3565359474860593	0.01000005080674216	0.863534188913306	0.4555210178742843	0.0100072365810357	0.01080353038302626	0.01024227481674436	0.06401882992939514	0.1801706880418342	0.01000016837618473	0.7172179299333974	0.01000000379307577	0.009999994668594723	0.2812306894840432	0.009999990803219243	0.009999990631714513	0.2164105231542983	0.3368941382798576	0.009999990192855124	0.510436675816855	0.009999990095521494	0.4749213632751482	0.1002373141246442	0.009999990077933351	0.009999990818091494	0.009999990177915013	0.06267938150216505	0.009999992468727152	0.009999991172197601	0.7852684997794248	0.009999991193912506	0.009999994644006697	0.8167382346635856	0.009999990549866297	0.00999999032178576	0.1160036867500392
0.39375	-0.4828493308152935	2.221498293313058	0.8637215300972131	0.8281816354855702	0.3305717503928448	0.3964603816088166	-0.3377662299225675	-0.7094052934408311	0.1714343401775364	-0.3430014750849538	-2.202441367376299	2.813195568618438	-0.7282325221163728	2.012237270262783	7.060256868768882	2.347255673849472	-5.362881867807654	-6.514667602754606	-0.9438086032569735	3.956418473106273	0.01000021406952258	0.3754664505506523	0.01000003903348725	0.8232441848812309	0.4143358519694292	0.01000583134617215	0.01064797019061524	0.01019531450568682	0.06408674213828641	0.1555401338544557	0.01000013401421806	0.7176931886590927	0.01000000134523571	0.009999994639005371	0.3614819669114301	0.009999990750894859	0.009999990564637238	0.2088441415855619	0.3533767318770881	0.0099999901839718	0.5184148446300058	0.009999990095381581	0.440544745140302	0.07332062234155298	0.009999990079256241	0.009999990822968664	0.009999990174941641	0.06602650958542015	0.009999992588560404	0.009999991189793165	0.6609667727026607	0.00999999114845705	0.009999994397929904	1.00000000880177	0.009999990518204317	0.009999990252633126	0.2049553528426889
0.396875	-0.4898458757713731	2.230242777983872	0.8615108098446296	0.8346620074579416	0.3530212603975044	0.4038381202674395	-0.3545719839515495	-0.729764747608571	0.1685183775024491	-0.3308938589705228	-2.270149193152918	2.784061151618803	-0.6856612072086843	2.119789470319023	7.297322263527204	2.369760158490613	-5.411735443041721	-6.508691393478806	-0.6063564797917649	3.795810683487827	0.01000017061961942	0.3928470409855356	0.01000002953620028	0.7835600789904213	0.3748149367426186	0.01000469774808904	0.01052239089045969	0.01015742379716809	0.06475448382318834	0.1337311703507803	0.01000010630020459	0.7133361357405339	0.009999999370193031	0.009999994573787396	0.4379083358108621	0.009999990709951553	0.009999990506426767	0.2014099013033863	0.3288788525788361	0.009999990178573935	0.5264923457183538	0.00999999009649437	0.4093226303923621	0.06579056862020023	0.009999990081320234	0.009999990809589628	0.009999990172657333	0.06974801730363203	0.009999992589572008	0.009999991228317559	0.6881372740797551	0.009999991186808787	0.009999994213941652	1.000000008673546	0.009999990560275769	0.009999990275990779	0.1074776719483529
0.4	-0.4970052744514885	2.238903591328899	0.8594421927542109	0.8413339989142145	0.3761168440981023	0.4112417769170167	-0.3717079185184589	-0.7500427917055728	0.1696199311101325	-0.3192566905421659	-2.306667750759191	2.759645920114044	-0.6372864983309863	2.134873739959624	7.473744034169395	2.363843188060187	-5.574197412081128	-6.462565157482132	1.627401817716258	3.655331954018816	0.01000013562759697	0.4089242897888337	0.01000002188808588	0.7445327998059909	0.3379105610984882	0.01000378483713798	0.01042119758742833	0.01012690409263393	0.06595060195666881	0.1145724412114944	0.01000008398912362	0.7121812613074971	0.009999997787123144	0.00999999448544692	0.5017489731266411	0.009999990685169772	0.009999990464096187	0.1811626961509587	0.3043809732805843	0.009999990173176069	0.5345698468067019	0.009999990097607157	0.378100515644422	0.05826051489884747	0.009999990083384225	0.009999990796210591	0.009999990170373027	0.07346952502184391	0.009999992590583611	0.009999991266841953	0.7153077754568494	0.009999991225160527	0.009999994029953399	1.000000008545322	0.009999990602347221	0.009999990299348432	0.009999991054016858
0.403125	-0.5042626311975938	2.247493388680857	0.8575322190322249	0.847931107723578	0.3997106120937062	0.4186187971666981	-0.3893920670057558	-0.7701214755818958	0.1794677346347649	-0.3080256987281222	-2.330091813363324	2.739075452284268	-0.5844846166737945	2.057954433361426	7.612256916137581	2.350250180905777	-5.678221047409057	-6.381205181525152	4.406293770515799	3.539731111913992	0.01000010739894393	0.4237634089169599	0.0100000157187156	0.7067573366146229	0.3036751048157604	0.0100030483969707	0.0103395276259581	0.0101022806319361	0.06730043076050533	0.09788228018188808	0.01000006600375142	0.7096833790067687	0.009999996535077216	0.009999994379929525	0.556522522328482	0.009999990684929507	0.009999990437447806	0.1564229383426863	0.308543813095809	0.009999990169402912	0.5402131768955644	0.009999990099556974	0.360743237962204	0.05453345896913561	0.009999990086097324	0.009999990781181904	0.009999990168668423	0.07406008439341058	0.009999992840477923	0.009999991358692789	0.6608234234220766	0.009999991439084652	0.009999993859067224	1.000000008664789	0.009999990760388293	0.009999990352492535	0.009999990950193957
0.40625	-0.5115186685763531	2.256030632075335	0.855792989319164	0.8540129549685253	0.4236058837809649	0.4258858431049894	-0.4067878214873912	-0.7898841532036081	0.1954786505037769	-0.2970881941867982	-2.305823355657594	2.726011387327377	-0.5280103326187789	1.805106338733048	7.666706396828492	2.2934596287705	-5.389625248457689	-6.260321154531225	5.571793718119205	3.467500099478243	0.01000008466518004	0.4374060475441398	0.01000001075079365	0.6707693319609613	0.2721804025078212	0.01000245532726266	0.01027373110805178	0.01008244854076833	0.06851584974794783	0.08346099848450915	0.01000005153769827	0.7018929933727249	0.009999995568430106	0.009999994261685968	0.6040359793609199	0.009999990715503863	0.00999999042633363	0.1345087056685972	0.3127066529110338	0.009999990165629758	0.5458565069844269	0.009999990101506791	0.3433859602799862	0.05080640303942376	0.009999990088810425	0.009999990766153214	0.009999990166963822	0.07465064376497724	0.009999993090372234	0.009999991450543623	0.6063390713873039	0.009999991653008777	0.009999993688181047	1.000000008784256	0.009999990918429366	0.009999990405636641	0.009999990846371057
0.409375	-0.5186182362169319	2.264539480204816	0.8542334952438219	0.8590498597132842	0.4475348649178911	0.4329015420783799	-0.4227504071788496	-0.8092169303481692	0.2130359635542834	-0.2863051539290848	-2.237106436033592	2.720297922175763	-0.4703106150056234	1.411506774782163	7.644029950696706	2.197011797452772	-4.811413718672501	-6.110284004769674	5.618695269654626	3.436191273992498	0.01000006632552949	0.4494031283412813	0.01000000674370966	0.636046947922104	0.2427599583748566	0.01000197690224747	0.0102206374699931	0.01006644869404429	0.06953595798679865	0.07110206888380666	0.01000003989201034	0.6854454880946131	0.009999994820874792	0.009999994130067363	0.645720616781769	0.009999990774300901	0.009999990436283678	0.1152538506585176	0.2926131619611845	0.009999990164005891	0.5406653354853229	0.009999990104651304	0.3197204283120644	0.0394345071595743	0.009999990092288613	0.009999990754559871	0.009999990166406021	0.07427065797351291	0.009999994161618057	0.009999991604278389	0.4762682258566192	0.009999991775873513	0.009999993485365562	1.000000008844567	0.009999991112227763	0.009999990545048139	0.009999990845750565
0.4125	-0.5254956244373176	2.273036534755405	0.8528520183540952	0.8627910852913485	0.4713572485971471	0.4396198173594029	-0.4367653080078244	-0.8280586019008048	0.2303067999106785	-0.2755960886710062	-2.163628526733897	2.718463496836354	-0.4140793338248727	0.9758716720485829	7.598484023919478	2.103108465655369	-4.143106936468179	-5.94601357569893	5.388448633887871	3.420156099712017	0.01000005155597187	0.4593745547815539	0.01000000351734721	0.6021291788895354	0.2147849724035774	0.01000159161802141	0.01017786913090846	0.01005356272990943	0.07031354721338738	0.06059238273637964	0.01000003054346387	0.6573487122729004	0.00999999424277509	0.009999993984587967	0.6824918275317168	0.009999990859380352	0.009999990471437615	0.09847254393812277	0.2725196710113353	0.009999990162382023	0.5354741639862192	0.009999990107795814	0.2960548963441426	0.02806261127972484	0.009999990095766799	0.009999990742966527	0.009999990165848223	0.0738906721820486	0.009999995232863879	0.009999991758013154	0.3461973803259344	0.009999991898738248	0.009999993282550079	1.000000008904879	0.009999991306026161	0.009999990684459637	0.00999999084513007
0.415625	-0.5321681284785242	2.281531157750244	0.8516418924998727	0.8651767333441296	0.4950446487008287	0.4460830281385977	-0.4486461315363523	-0.8463750309632736	0.2467255034157596	-0.2649321064648703	-2.111871266321752	2.718205578371186	-0.3610396233270312	0.5573870297994939	7.565487475294654	2.040017473674352	-3.462383277978708	-5.775865154977286	5.114363977946335	3.403917067347396	0.01000003964123454	0.4671009989910151	0.01000000091537268	0.5689297447742575	0.1883184117536814	0.01000128081270926	0.01014336145236478	0.01004316711277072	0.07088597433484795	0.05171956255445085	0.01000002303024109	0.61914177185173	0.009999993780176126	0.00999999383740414	0.715116701886787	0.00999999097775541	0.009999990533261649	0.0839695374524147	0.2489561512721867	0.009999990161299918	0.5216185146072645	0.009999990111907312	0.2728140210674888	0.01903146347610906	0.009999990100115812	0.009999990740877603	0.009999990167331722	0.07343598473125942	0.01000000452125008	0.009999991896301163	0.2257254328761082	0.009999991821952639	0.009999993173354198	1.000000009058345	0.009999991622393	0.009999990888914189	0.009999990855504374
0.41875	-0.5387266773935999	2.290026009360916	0.8505915306429921	0.8663150289030209	0.5186667667731004	0.4524116205738995	-0.4584162232213726	-0.864153784936264	0.2622393395764826	-0.2543270785305076	-2.090697246010152	2.718609810969763	-0.3118303755259789	0.1775660759589855	7.55670352381715	2.016952725563931	-2.792238556623274	-5.601901518432705	4.809333533498642	3.38242536577708	0.01000003004587772	0.4723843035487883	0.009999998820757659	0.5363734537660452	0.1634248708823192	0.01000103051624163	0.01011556712570469	0.01003479491561304	0.0712816972878564	0.04427984413295759	0.0100000170066339	0.572004441849192	0.009999993392688297	0.009999993697615903	0.7441471766848783	0.009999991134676017	0.009999990622853361	0.07153602073020139	0.2253926315330381	0.009999990160217812	0.50776286522831	0.009999990116018809	0.2495731457908349	0.01000031567249328	0.009999990104464821	0.00999999073878868	0.009999990168815221	0.07298129728047023	0.01000001380963627	0.009999992034589174	0.1052534854262819	0.009999991745167029	0.009999993064158318	1.00000000921181	0.009999991938759839	0.009999991093368741	0.009999990865878676
0.421875	-0.5452721906238106	2.298522455523484	0.849688483379639	0.8663436632821679	0.5423063841698559	0.4587359545270322	-0.4661309121678128	-0.8813839719520399	0.2767975375813077	-0.2438019023248073	-2.099468802740887	2.719254415104398	-0.2666657223513866	-0.1528367118828147	7.572407930747172	2.032234622699272	-2.155662614157409	-5.424876579779387	4.512057413226157	3.350361421188424	0.01000002230529738	0.4751394483627253	0.009999997131996417	0.5045212066602606	0.1406942702454046	0.0100008286049254	0.01009314279885684	0.01002804087438306	0.07098188350180192	0.04040947335636735	0.01000001216857277	0.5244474972362283	0.009999993052409558	0.009999993580381948	0.7604988690368901	0.009999991310569101	0.009999990945641671	0.06095976101572353	0.2175191311204962	0.009999990160355176	0.486998982769752	0.009999990121649149	0.2291650672148314	0.01000017951720272	0.009999990109959325	0.009999990756887433	0.009999990173674717	0.06626361411046339	0.03485804811583768	0.009999992116975725	0.1356519065233375	0.009999991540093746	0.009999993121063156	0.814122840656788	0.009999992136845187	0.009999993403889107	0.009999990892005303
0.425	-0.5518548422945813	2.307022216218011	0.8489214583199747	0.8653998204626412	0.565992793344275	0.4651231720798837	-0.4719547410914748	-0.898055878610607	0.2904655998068756	-0.233408107052347	-2.114465847968436	2.720731111423496	-0.2247761651652324	-0.4448193311922755	7.586650261521892	2.05719822938393	-1.582088142045266	-5.244602089819118	4.239646634774177	3.298341568503486	0.01000001607169966	0.4752788460553078	0.009999995773103683	0.4734315672723914	0.1206718652903065	0.01000066600313317	0.01007508211997295	0.01002260154849021	0.06957988582503871	0.04173334195603605	0.01000000828843697	0.4842675553475174	0.009999992738452965	0.00999999349704978	0.7563567319420782	0.009999991490782633	0.009999991655406774	0.05202933834272779	0.2096456307079542	0.009999990160492538	0.4662351003111938	0.009999990127279493	0.2087569886388279	0.01000004336191217	0.009999990115453831	0.009999990774986185	0.009999990178534212	0.05954593094045654	0.05971608242203908	0.009999992199362276	0.1660503276203932	0.009999991335020464	0.009999993177967995	0.6282456721017657	0.009999992334930539	0.00999999571440947	0.00999999091813193
0.428125	-0.5584718339869854	2.315528247449449	0.8482811189610376	0.8635912903431306	0.5896980767964208	0.4715761478290332	-0.4760781186188736	-0.9141598549005018	0.3030650599722631	-0.2232212084524663	-2.120182956434736	2.722989864734157	-0.1853616237694438	-0.7047631628602936	7.584033298024739	2.072093005085599	-1.062233803703793	-5.061713242434715	3.744770839901407	3.21456042864053	0.01000001104350029	0.4731286362942747	0.00999999467826463	0.4430097906736183	0.1031810196431221	0.01000053483472008	0.01006051151196237	0.01001821358129183	0.06744467918537042	0.04754400293540441	0.01000000523473955	0.4500293894361095	0.009999992445349402	0.009999993446756904	0.7341640046128365	0.009999991645526771	0.03273313204492798	0.04453778840634034	0.2105975898560651	0.009999990164269595	0.4458841351640959	0.009999990135702786	0.1883755413787692	0.01000002902535751	0.009999990122050129	0.009999990807319515	0.009999990186129728	0.05487823977125152	0.08730306667530609	0.009999992885135485	0.179170841647723	0.009999991128000398	0.009999993294067214	0.4462162705333459	0.009999992244303436	0.2392763781138907	0.009999990974731704
0.43125	-0.5651045740302013	2.324040034047832	0.8477609444263214	0.8610442805849781	0.613388639895513	0.4780699205805056	-0.4786272044159602	-0.9296901520428312	0.3133751861114323	-0.2133590612907159	-2.124544792487899	2.724414546268543	-0.1478706776640048	-0.9174462999231432	7.577229235567575	2.083308310870601	-0.5745414346455355	-4.877447435377226	2.774472857994553	3.090500648100199	0.01000000699493894	0.4689549276625929	0.009999993798211525	0.4131719540869291	0.08802614751860731	0.01000042920372779	0.01004877671721566	0.01001467980045589	0.06486247268140524	0.05715646821208724	0.01000000290905185	0.4204146841411564	0.009999992169004797	0.00999999342885767	0.6957797123258224	0.009999991752501403	0.09060266926258301	0.03829298338073883	0.2115495490041761	0.009999990168046652	0.4255331700169981	0.009999990144126079	0.1679940941187105	0.01000001468880285	0.009999990128646431	0.009999990839652842	0.009999990193725244	0.0502105486020465	0.1148900509285731	0.009999993570908692	0.1922913556750528	0.00999999092098033	0.009999993410166434	0.2641868689649261	0.009999992153676335	0.468552760513372	0.009999991031331479
0.434375	-0.5717410439954607	2.332554589861104	0.8473557521779558	0.8579048416413383	0.6370441598777756	0.4845822685912943	-0.4797568708937933	-0.9446424542557572	0.3204281757092515	-0.2039411982310729	-2.114525554462987	2.725341407340295	-0.1115055019995029	-1.096378522538567	7.551921370981979	2.075068034197257	-0.1643679170644178	-4.691548718130077	1.816430358935758	2.936364601668631	0.0100000037303193	0.4631334904880254	0.009999993090371685	0.3839667840735135	0.07500383292582458	0.01000034399344728	0.01003930985059344	0.01001182908442415	0.06212288742791764	0.0681491623042218	0.01000000108965959	0.3958139552766313	0.009999991911925167	0.009999993381569398	0.6507837356076598	0.00999999180474183	0.148559012530209	0.03311299402666387	0.201121987064041	0.009999990177716793	0.4079586673504824	0.009999990157173348	0.1498316037142046	0.01000000983401633	0.009999990136358416	0.009999990872859349	0.009999990202382436	0.04796604487393124	0.1251218571599123	0.009999993499614973	0.2174237250540446	0.009999990772492513	0.009999992974356596	0.2416151407569328	0.009999991897990642	0.4311019888924953	0.009999990994349199
0.4375	-0.5782686685530006	2.341076169300677	0.84706370290939	0.8541632654532851	0.6605232598260347	0.4909795559077577	-0.4797540214344676	-0.9590093486388609	0.3252090625693185	-0.1950103269578039	-2.054883731547526	2.728909667100816	-0.07545917059215243	-1.30281413634779	7.464320413805281	2.009669466502434	0.1502687651361452	-4.502786424290967	1.320327105833163	2.778825904820806	0.01000000110314678	0.4559818606296456	0.009999992522876002	0.3554423487072859	0.06390166513584795	0.01000027537359638	0.01003168567126838	0.01000953332279319	0.05945528914724238	0.07878643914993076	0.009999999610591642	0.3765673948160879	0.009999991675986471	0.009999993258642748	0.6075723388044145	0.009999991797034409	0.1874632615419952	0.02883874960556576	0.1906944251239059	0.009999990187386934	0.3903841646839665	0.009999990170220617	0.1316691133096987	0.01000000497922981	0.009999990144070402	0.009999990906065858	0.009999990211039627	0.04572154114581598	0.1353536633912516	0.009999993428321256	0.2425560944330364	0.009999990624004695	0.009999992538546758	0.2190434125489394	0.00999999164230495	0.3936512172716187	0.00999999095736692
0.440625	-0.584511597348497	2.349615316063798	0.8468842768048936	0.8496827097235772	0.683605195680393	0.4970618358926544	-0.4788528690517707	-0.9727816397977375	0.3289679462404279	-0.1865614822241846	-1.932283378580801	2.736780206572003	-0.03944975231354435	-1.574300381134889	7.297579841886494	1.87382465461266	0.4259300277967779	-4.311320792362261	1.098762328638433	2.629121005539214	0.009999998986471845	0.4477786938833604	0.009999992068266949	0.3277076067646478	0.05450661759413161	0.01000022002013107	0.01002553509946876	0.01000768133336635	0.05690772114837098	0.08769419634730026	0.009999998368249687	0.3612602148934432	0.009999991464911137	0.00999999308803548	0.5686987267979237	0.009999991772161267	0.215388377772059	0.02532352860117621	0.1722745755727358	0.00999999020477858	0.3753106450438581	0.009999990189883326	0.1166265040312811	0.01000000292617019	0.009999990152913467	0.00999999093301898	0.009999990219659225	0.0441401015433498	0.1285167367678237	0.009999993003588488	0.2507789996131152	0.009999990554954931	0.009999992230526212	0.2491453847798958	0.009999991693762072	0.3756921349570127	0.009999991034395375
0.44375	-0.5902935189254475	2.358185020249721	0.8468166656072553	0.8442641452557569	0.7060672670184653	0.5026336783164695	-0.4770953258356945	-0.9859541090597016	0.3321601014043188	-0.1785740314179107	-1.759839111678138	2.748466417693495	-0.003897630202967205	-1.903139728739776	7.067607123382194	1.682989427410231	0.6983588984989436	-4.11890041026704	0.95762086121339	2.483533791319768	0.00999999728526247	0.4387630141685605	0.009999991705990344	0.3008679451539719	0.04661185773493167	0.01000017544473043	0.01002058179300775	0.01000618988217283	0.05451796990571173	0.09385566832479525	0.009999997285081986	0.3485788471968314	0.009999991281485708	0.00999999289067624	0.5365340025482062	0.009999991762148297	0.2360746455475526	0.02244489300455353	0.1538547260215657	0.009999990222170229	0.3602371254037497	0.009999990209546035	0.1015838947528635	0.01000000087311058	0.009999990161756532	0.0099999909599721	0.009999990228278823	0.04255866194088363	0.1216798101443957	0.009999992578855716	0.259001904793194	0.009999990485905169	0.009999991922505665	0.2792473570108521	0.009999991745219195	0.3577330526424068	0.009999991111423833
0.446875	-0.5954727336109896	2.366796608340025	0.8468589787112097	0.8377407315508878	0.7277288483387054	0.5075396704260162	-0.4744809478611361	-0.9985254910098449	0.3349849199013052	-0.1710372009777829	-1.550605811210868	2.763361073083951	0.03078170144157918	-2.276887131019809	6.790183475053197	1.452311558127882	0.975548111522443	-3.927091044047827	0.849929008631874	2.34127907735129	0.009999995917378027	0.429049882362528	0.009999991418515359	0.274823545546496	0.0400174126624612	0.01000013948798927	0.01001658591476079	0.01000498673436195	0.05243924955677288	0.09800701348901353	0.0099999963469437	0.3376028343590643	0.009999991123040609	0.009999992690310048	0.5084364626836143	0.009999991766903778	0.2536255333997433	0.02009207872866193	0.1273422790790983	0.009999990250589586	0.3457804992381045	0.00999999023888614	0.08633888440928135	0.009999999605844006	0.009999990172142047	0.009999990970606786	0.009999990235398652	0.0429466424795891	0.1168352125790089	0.00999999233128184	0.2561118228623087	0.009999990445508344	0.009999991797996897	0.2698878064457009	0.009999991825481135	0.3759575403444877	0.009999991061196848
0.45	-0.5999582272714029	2.375458596412636	0.8470078242706893	0.830002087632862	0.7484707796968089	0.5116822882761952	-0.470993743224279	-1.010500346873896	0.3374700704068554	-0.1639332785157822	-1.315857655595674	2.780722406369433	0.06428314133322033	-2.680887065160078	6.479031147614791	1.19442990141496	1.256967962370121	-3.737123715167763	0.7402333466942904	2.206472685318399	0.009999994821329596	0.4187381312279381	0.009999991192718752	0.2494849135020304	0.03454178550818168	0.01000011053341585	0.01001336790353263	0.01000401781414699	0.05079110738347793	0.1006622715400159	0.009999995543246267	0.32751056874335	0.009999990987577454	0.009999992504711975	0.4820006023256793	0.009999991786359052	0.2709367276723021	0.01817577609453605	0.100829832136631	0.009999990279008941	0.3313238730724592	0.009999990268226249	0.07109387406569914	0.00999999833857744	0.009999990182527566	0.00999999098124147	0.009999990242518483	0.04333462301829459	0.1119906150136222	0.009999992083707963	0.2532217409314234	0.009999990405111519	0.00999999167348813	0.2605282558805497	0.009999991905743072	0.3941820280465686	0.009999991010969862
0.453125	-0.603681369083593	2.384177918804403	0.8472592498700022	0.820968375152378	0.7682011098875952	0.5149888854678082	-0.4666202295336733	-1.021885445081384	0.3395670609275435	-0.1572337939577678	-1.066441130837225	2.799780422588936	0.09636994881647334	-3.10087665452472	6.147197847468507	0.9214012620043318	1.542839269443684	-3.549719284980467	0.5898994503143082	2.08417791146417	0.009999993944146697	0.4078465789503729	0.009999991017526938	0.2248409278195625	0.03001483818962924	0.01000008717824738	0.01001077192231272	0.01000323619199539	0.049682046612005	0.1021604307351013	0.009999994850586228	0.3171783812802914	0.009999990872129222	0.009999992333255983	0.4561669145488624	0.009999991840064339	0.2953590843741831	0.01661628918683404	0.07122933811562628	0.009999990322364719	0.3162253146920391	0.009999990310389877	0.05674215904576996	0.009999997551946931	0.009999990195267861	0.009999990969075518	0.009999990246591574	0.04571263582528624	0.1079232633916773	0.009999991871409404	0.2337957101514942	0.009999990381062701	0.00999999157226668	0.234852296326856	0.0099999922105491	0.522992852247905	0.009999990845018663
0.45625	-0.6066202845055807	2.392958077167738	0.8476085158669761	0.8106204352159883	0.7868833766996128	0.5174386021686412	-0.4613462573538426	-1.032688468325996	0.3410823098698714	-0.1508885385712977	-0.8139527658661205	2.819657428172585	0.1269009958361978	-3.521992636939749	5.808270585202943	0.6460263873158276	1.83326139547409	-3.364595738926504	0.3679187365437625	1.979766015530067	0.009999993246176637	0.3963904095341972	0.00999999088465044	0.2008839705715423	0.02629045626822112	0.01000006837240141	0.01000868130447694	0.01000260673644252	0.04919408819145518	0.1027525698120333	0.009999994251444199	0.3056235961854883	0.009999990774474865	0.009999992175473432	0.429974446101604	0.009999991942654564	0.3323880416967261	0.01535090266103202	0.04162884409462154	0.009999990365720496	0.3011267563116189	0.009999990352553507	0.04239044402584078	0.009999996765316424	0.009999990208008156	0.009999990956909567	0.009999990250664668	0.04809064863227788	0.1038559117697324	0.009999991659110846	0.2143696793715651	0.009999990357013881	0.009999991471045229	0.2091763367731623	0.009999992515355126	0.6518036764492415	0.009999990679067462
0.459375	-0.6087764081086746	2.401800784152205	0.8480506556911847	0.7989690922606794	0.8045081710287993	0.5190362777204548	-0.455161870467836	-1.042915968179045	0.3418075426098725	-0.1448351259434206	-0.5677420807239167	2.839610788432429	0.1557834931893037	-3.93179928455549	5.473054785107348	0.3785676669823041	2.12349087755303	-3.181235001870102	0.09104560504737255	1.899538283445387	0.009999992693219668	0.3843121593857368	0.009999990786966889	0.1774135345628042	0.02323488485996434	0.01000005320474939	0.01000699480043096	0.01000209895896334	0.04934316095708428	0.1026862372397782	0.009999993743580156	0.2922259369060648	0.00999999069252947	0.009999992030993905	0.401029917452241	0.009999992472698168	0.3822573795191219	0.01432417498023239	0.02200807462714632	0.009999990426130255	0.2841966093888532	0.009999990408254368	0.0261953614311316	0.009999996282930615	0.009999990224770827	0.009999990927646153	0.009999990251425665	0.05185516064686696	0.1009075015777186	0.009999991611489097	0.1834272895539559	0.009999990347741855	0.009999991393473271	0.1420543549755361	0.009999996696688758	0.8259018401373162	0.009999990582057951
0.4625	-0.6101797708889175	2.410705243011354	0.8485803814589841	0.7860658619994071	0.8210990753542267	0.5198176607193896	-0.4480822852067433	-1.052572629805465	0.3416189410763577	-0.1389844229426759	-0.3321858392415525	2.859178627969253	0.1829559997343044	-4.323200512756378	5.146580982797049	0.123599153473376	2.406188355529125	-2.999259273883965	-0.2169351985063601	1.850031854165322	0.009999992259674514	0.3715596882365336	0.009999990719144609	0.1542438565580966	0.02073799327662978	0.01000004099323742	0.01000563661243004	0.01000169003604346	0.05013825707425679	0.1021527355103414	0.009999993325317268	0.2764265237043471	0.009999990624732313	0.009999991899540117	0.3670979448387118	0.009999993713584314	0.4450141893003763	0.01349320164748503	0.002387305159671103	0.009999990486540013	0.2672664624660874	0.009999990463955227	0.01000027883642242	0.009999995800544807	0.009999990241533498	0.009999990898382738	0.009999990252186661	0.05561967266145604	0.09795909138570494	0.009999991563867348	0.1524848997363467	0.009999990338469832	0.009999991315901315	0.07493237317790993	0.01000000087802239	1.000000003825391	0.009999990485048441
0.465625	-0.6108652481742466	2.419669972046751	0.8491923093344514	0.7719713981507074	0.8366852506827331	0.5198232078119259	-0.4401384682707211	-1.061662797358525	0.3404783609431382	-0.1332314378437005	-0.1080979837385236	2.878169278701734	0.208335323805036	-4.694638895748739	4.829854408624809	-0.1182398165701422	2.675458347132212	-2.818992481354555	-0.5044893599759361	1.840806996283212	0.009999991922409534	0.3580514269678333	0.00999999067602776	0.1325882417380628	0.01870068803473692	0.01000003114627609	0.01000454096108167	0.01000136016082612	0.05182761821584511	0.1016071014300303	0.009999993001244467	0.2566348037947312	0.00999999056945111	0.009999991779726936	0.3304590018600356	0.01071034354615081	0.5079152396023052	0.01282029294650787	-0.02871027641463991	0.009999990554880269	0.2480134419138905	0.009999990527914554	0.01000014779090764	0.009999995511751222	0.009999990265503168	0.009999990868440705	0.009999990252061377	0.06341558239785651	0.09956013806897696	0.009999991741253272	0.09431682486915283	0.009999990341201285	0.009999991250554868	0.04246618326114009	0.01709118552450699	1.0000000051035	0.009999990412366044
0.46875	-0.6108652480395927	2.428693309278345	0.8498803365030173	0.756740727992619	0.8512936852904928	0.5190899693513261	-0.4313756463896222	-1.070194736071933	0.3385192996188722	-0.1274235767965044	0.1065197095474766	2.896687873535209	0.2316595473173733	-5.05037255076513	4.520826921519138	-0.3492236005337128	2.930351520378295	-2.641992816507276	-0.7407631607759784	1.88515246102649	0.009999991664108825	0.3437126804845831	0.009999990653756778	0.1135729135329114	0.01704383178557896	0.01000002322101264	0.0100036586033993	0.01000109450611233	0.05459481782889977	0.1014094439590491	0.009999992774796941	0.2313445201568754	0.009999990525463957	0.009999991670517478	0.2931808851699493	0.01265651426948698	0.5617852209289836	0.01227660980840013	-0.05980785798895093	0.009999990623220524	0.2287604213616937	0.009999990591873885	0.01000001674539286	0.00999999522295764	0.009999990289472838	0.00999999083849867	0.009999990251936094	0.07121149213425697	0.101161184752249	0.009999991918639197	0.0361487500019589	0.009999990343932737	0.009999991185208421	0.009999993344370245	0.02418237017099158	1.000000006381609	0.009999990339683646
0.471875	-0.6102148105339484	2.437773227918677	0.8506375607449189	0.740431921141392	0.864955796551324	0.5176575900517345	-0.4218357912824407	-1.078179900064038	0.3357750920882589	-0.1213981559026165	0.3031486459193904	2.913831141532079	0.2524080251494488	-5.373896344316694	4.230938874874948	-0.5605216624808388	3.166451775085074	-2.468974048909888	-1.035699859617901	1.962792455770573	0.009999991461479103	0.3284815245458995	0.009999990645255185	0.0970153801988819	0.01569706886717289	0.01000001683396563	0.01000294680979543	0.01000088020562776	0.05625471964695291	0.09950441053629075	0.009999992669321278	0.2039768711140895	0.00999999049307582	0.009999991573721504	0.2572790049636399	0.06189300682059782	0.6086697482601638	0.01183692440850571	-0.08317429063428888	0.009999990616982661	0.2073986123966188	0.00999999062688966	0.01000001361711013	0.009999995553598165	0.009999990329038977	0.009999990863939432	0.009999990263867402	0.05718762337201691	0.07873896537441348	0.009999992524314381	0.0230743731285554	0.009999990372296303	0.009999991159133914	0.009999992285489007	0.5120911882927618	1.000000006801675	0.009999990292711014
0.475	-0.6090118918035057	2.446900823195763	0.851454412020512	0.723237422651286	0.8777871444425991	0.5156303182653461	-0.4116397226274205	-1.085628710818061	0.331920111741252	-0.115208151793508	0.4601076934185241	2.927200921057266	0.2698208488797055	-5.617215199647805	3.989138365003125	-0.7299547920837944	3.350328190995049	-2.298726744135714	-1.451657763267852	1.990485718767702	0.009999991297083451	0.3122985523128134	0.009999990645225665	0.082715316786636	0.01460540072518544	0.01000001169806805	0.01000237359295942	0.0100007076278552	0.05513909240627781	0.09423578228811082	0.009999992702294293	0.1776689679852374	0.009999990472514979	0.009999991490693768	0.2247263137582255	0.177853672490221	0.6497773006194225	0.01148207803723693	-0.1065407232796268	0.009999990610744797	0.186036803431544	0.009999990661905434	0.0100000104888274	0.009999995884238689	0.009999990368605112	0.009999990889380195	0.009999990275798714	0.04316375460977685	0.05631674599657798	0.009999993129989566	0.009999996255151907	0.009999990400659872	0.009999991133059407	0.009999991226607769	1.000000006414532	1.00000000722174	0.009999990245738381
0.478125	-0.6073877161496576	2.456063147572006	0.8523198366900935	0.7054244994725565	0.889949777946891	0.5131456496326137	-0.4009718461128906	-1.092550260508834	0.3267329188795882	-0.1090767584595303	0.5737086163196858	2.936136950122715	0.2836068942125701	-5.770768152752458	3.801781884936124	-0.854278997481874	3.464326465772349	-2.130868103230255	-1.85519392606177	1.919356715099679	0.009999991168521353	0.2954372086315436	0.009999990653912378	0.07046572592070591	0.01372032978375852	0.01000000756543276	0.01000191118925775	0.01000056841362514	0.05247895558884629	0.08965159012223031	0.009999992871500333	0.1533182412967792	0.009999990459443907	0.009999991415870038	0.1953760112761387	0.2942856640223673	0.6860976328794741	0.01119535731370463	-0.0358835061016265	0.009999990657013796	0.167854624608033	0.009999990716302483	0.01000000431618374	0.009999995051338431	0.009999990436133588	0.009999990932459254	0.009999990293722789	0.03717027945390444	0.07578195158177094	0.009999993990446121	0.00999999608915662	0.00999999040938211	0.009999991078980862	0.009999991118562328	1.000000007193289	1.000000007374675	0.00999999022227962
0.48125	-0.6054615636310362	2.465248243323931	0.8532241798253408	0.6872469184589991	0.9015909987684027	0.5103282878772285	-0.3900675966696664	-1.098945405496198	0.3204060980917111	-0.103301230448375	0.653372886873468	2.941774601492959	0.2947286669057724	-5.850596213937789	3.655434248023742	-0.9428783905815568	3.501606865359399	-1.961827733954482	-2.181019636044305	1.762731912161331	0.009999991073995823	0.2781376806282088	0.009999990671498095	0.06005344642595253	0.01300449405840635	0.01000000425049609	0.01000153881504343	0.010000456305393	0.04921003440912348	0.08901681796341933	0.009999993175280802	0.1317712226601663	0.009999990450615615	0.009999991345085033	0.1690843525247488	0.382643887858694	0.7183115422234035	0.0109641326532025	0.03477371107637384	0.009999990703282792	0.149672445784522	0.009999990770699531	0.009999998143540079	0.009999994218438172	0.009999990503662065	0.009999990975538314	0.009999990311646865	0.03117680429803204	0.09524715716696389	0.009999994850902675	0.009999995923161335	0.009999990418104345	0.00999999102490232	0.009999991010516886	1.000000007972046	1.000000007527611	0.009999990198820859
0.484375	-0.6033473749254827	2.47444566538286	0.8541604707785868	0.668961606782105	0.9128440922153328	0.5072995350062592	-0.3792062520533367	-1.104802000195741	0.3131373280278228	-0.09813571886137998	0.6959090962528519	2.944273628031853	0.3044783871069832	-5.840730633957456	3.549990600703756	-0.9913917172692233	3.436405370345434	-1.784798922973899	-2.467537582270651	1.54785383546241	0.009999991022755466	0.2604298915766763	0.009999990703337323	0.05126627367986632	0.01242512787458545	0.01000000158644522	0.01000123842588618	0.01000036587066902	0.047239193948868	0.09322788688196346	0.009999993508164235	0.1128598082056415	0.009999990442428315	0.009999991277558273	0.1457033007239563	0.4554388758699827	0.7470028936512413	0.01077740640415801	-0.004352840317085827	0.009999990909941758	0.1315812260022463	0.009999990896341661	0.009999996196786312	0.009999993433525794	0.009999990541511362	0.009999990960260632	0.009999990315779002	0.04474401694267933	0.1326731994889764	0.009999994927723247	0.01000000234208388	0.009999990399360194	0.009999990971110683	0.009999991107883566	1.000000007983284	1.000000007675952	0.009999990181179957
0.4875	-0.6011358742071298	2.483648066697941	0.8551270500193553	0.650812805904996	0.9237999715396277	0.5041579129541055	-0.3686728650971711	-1.110090436572416	0.3050055858436039	-0.0935980294020665	0.7156525750652643	2.944961325430314	0.3141131709201888	-5.763229302075294	3.465217209537284	-1.015114666539649	3.291713962854363	-1.598206407319584	-2.733321793056019	1.360925750445142	0.009999991021723612	0.2423383309541451	0.009999990753438343	0.04390101246292996	0.01195723534149794	0.009999999448407203	0.01000099651393361	0.01000029304278219	0.04804884214222192	0.1028349804178637	0.00999999379119669	0.09639621722627797	0.009999990432185779	0.009999991212705501	0.1250697430771826	0.5166807018102576	0.7726103680207819	0.01062689523971013	-0.04347939171054549	0.009999991116600724	0.1134900062199706	0.009999991021983791	0.009999994250032543	0.009999992648613417	0.009999990579360657	0.009999990944982948	0.00999999031991114	0.05831122958732662	0.1700992418109888	0.009999995004543821	0.01000000876100643	0.009999990380616044	0.009999990917319046	0.009999991205250247	1.000000007994523	1.000000007824294	0.009999990163539052
0.490625	-0.5988723931443062	2.492851939533242	0.8561246515030831	0.6329633919752587	0.9344905927914811	0.5009528184534512	-0.358675579764148	-1.114782455987118	0.2960643534957895	-0.0895122130890902	0.7342582286095672	2.945651070868288	0.324542609337043	-5.659159836034925	3.374054623102148	-1.037490325117032	3.101691897366655	-1.403115026336796	-2.987257051829267	1.263021163667641	0.00999999108016786	0.2230742698643824	0.009999990823628355	0.03776248921380588	0.01157897484309064	0.009999997732715184	0.01000080135985883	0.01000023429337548	0.04964911562204759	0.1146337308741887	0.009999994109394755	0.08282415758413857	0.009999990421485598	0.009999991151331138	0.1070105231232402	0.5694303643671571	0.7955217644015501	0.01050539470532969	-0.06319644905907504	0.009999991516183099	0.08364715579347339	0.009999991202388097	0.009999993713000019	0.00999999235780572	0.009999990634463819	0.009999990903929612	0.009999990318583809	0.05577341216930172	0.1820119924795626	0.009999995830272747	0.01749826362969099	0.009999990373708091	0.009999990876904872	0.009999991278393773	1.00000000812964	1.000000007964769	0.009999990149502893
0.49375	-0.5965387420066466	2.502059222026533	0.8571566340194081	0.615450780535538	0.944870776880599	0.497665195226887	-0.3493176454443408	-1.118850086788568	0.2863465408803959	-0.08564774416784418	0.7605614229603491	2.947143506544267	0.3361170317823492	-5.547675708464792	3.266537425386631	-1.06793305112205	2.882529314396175	-1.198597694838793	-3.23033316430664	1.219263419737748	0.009999991205025758	0.2019121296206434	0.00999999091527517	0.03267564056491707	0.01127379231366349	0.009999996361766119	0.01000064419073935	0.01000018698118253	0.05050526355710343	0.1262257623197437	0.009999994526400234	0.07248219796007159	0.009999990411523699	0.009999991094037361	0.0913331055479432	0.6153215733881986	0.8160447152668817	0.01040749007069738	-0.08291350640760457	0.009999991915765475	0.05380430536697614	0.009999991382792405	0.009999993175967491	0.009999992066998023	0.009999990689566977	0.009999990862876278	0.009999990317256478	0.05323559475127681	0.1939247431481365	0.009999996656001675	0.02499651849837554	0.009999990366800137	0.0099999908364907	0.009999991351537297	1.000000008264757	1.000000008105244	0.009999990135466732
0.496875	-0.5941033215648188	2.511273126163502	0.8582268518011084	0.5982802271022415	0.9548811323125026	0.4942618338651112	-0.3406704133825214	-1.122262856044322	0.275880653073024	-0.08187799310683588	0.8007200453705355	2.950029699729728	0.3490362354055849	-5.444047280359468	3.135883553018848	-1.112932351137025	2.651396547376792	-0.9839657391170697	-3.467193087994726	1.196292059107586	0.009999991405288903	0.1795271147807206	0.009999991043056549	0.02847720738491702	0.01102725704400689	0.009999995269894204	0.01000051739487117	0.01000014881409436	0.05115060358501305	0.1360123914652573	0.009999995630733515	0.06545857158521749	0.009999990402398212	0.009999991041041127	0.07783653299658548	0.6556590597979228	0.8344565418602932	0.01032847549144182	-0.1089030173670811	0.009999992537926617	0.03190215462034503	0.009999991752619378	0.009999992731375414	0.009999991906999683	0.009999990778699451	0.009999990813397495	0.009999990311154276	0.05497862800397973	0.1849768233862334	0.01000000355378118	0.03752374482456931	0.00999999036234828	0.009999990806403332	0.009999991424139891	1.000000008370214	1.000000008200062	0.009999990124402143
0.5	-0.5915179143133238	2.520498623641179	0.8593394472838167	0.5814094300863254	0.9644437584743867	0.4906924047152644	-0.3327483086344322	-1.124989817097257	0.2646805962330327	-0.07815270129967163	0.8565529811473956	2.954563244597356	0.3632387604275726	-5.355831601341367	2.979990692574161	-1.174216435487525	2.418447833608881	-0.759680445034692	-3.700201345183032	1.190809497277554	0.009999991687688236	0.1565229119945392	0.009999991217959988	0.02502826718369311	0.01082847866869948	0.009999994407943255	0.01000041527425307	0.01000011807627946	0.05199054565293398	0.1427862883257684	0.009999997862949809	0.06174031006986386	0.0099999903941826	0.009999990992504851	0.06630926231821008	0.69129338766368	0.8509848387473558	0.01026481908017312	-0.1348925283265577	0.009999993160087758	0.01000000387371393	0.009999992122446351	0.009999992286783341	0.009999991747001344	0.009999990867831926	0.009999990763918712	0.009999990305052074	0.05672166125668266	0.1760289036243302	0.01000001045156069	0.05005097115076307	0.009999990357896421	0.009999990776315963	0.009999991496742484	1.00000000847567	1.00000000829488	0.009999990113337555
0.503125	-0.5887327295238002	2.52974104362701	0.8604983076094948	0.5647840749213532	0.9734788279295574	0.4869054160397696	-0.3255463839505537	-1.127001532082941	0.2527553948686784	-0.07441689138156818	0.9280101926809061	2.960841946148191	0.3785518506248756	-5.287248361462892	2.799058145958343	-1.251484235680878	2.19231428289999	-0.5270768557699493	-3.932080812642763	1.203329477924872	0.01096580120971358	0.1346027007028589	0.009999991439778545	0.02220213453748623	0.01066797853276955	0.009999993734723257	0.01000033288567431	0.01000009327896954	0.0530426001303541	0.1453407279582195	0.01000000059729972	0.05813001086285109	0.009999990387095243	0.009999990948861811	0.0565382021343291	0.7229415368273373	0.8658373556494479	0.01021345288159947	-0.159799081224929	0.01964175460782404	0.01005992650610186	0.009999992584451819	0.009999993166983984	0.009999991667237576	0.009999991005659728	0.009999990723039368	0.009999990297031884	0.05905656901647197	0.1439726674472651	0.01000001335906176	0.0325402451755249	0.00999999035744413	0.009999990759473392	0.009999991538565633	1.000000008561018	1.000000008348548	0.009999990104534872
0.50625	-0.5857050699307356	2.539005488303444	0.8617061463665882	0.5483462987195444	0.9819166493067714	0.4828579537494352	-0.319036779873641	-1.128279420633115	0.2401041331250218	-0.07061176314003983	1.011736855413631	2.968659046584203	0.3945849565335198	-5.235781064916849	2.597751922681752	-1.340919548984966	1.975362645150723	-0.2900315263092095	-4.164879987936381	1.235173224269476	0.01360884975153037	0.1153490715600212	0.009999991708357308	0.01989520442940275	0.01053862353716655	0.009999993219400129	0.01000026652873096	0.01000007330769995	0.05431989053098652	0.142634260120457	0.01000000336535913	0.05203472380667582	0.009999990381299619	0.009999990910436357	0.04831471985519829	0.7511251988660125	0.8791882701176188	0.01017207639095659	-0.1847056341233002	0.02928351605556031	0.01011984913848979	0.009999993046457288	0.009999994047184629	0.009999991587473805	0.009999991143487529	0.009999990682160025	0.009999990289011695	0.06139147677626127	0.1119164312702	0.01000001626656283	0.01502951920028674	0.009999990356991843	0.009999990742630823	0.009999991580388782	1.000000008646365	1.000000008402215	0.00999999009573219
0.509375	-0.5823992816444121	2.548296577498797	0.8629648431378948	0.5320447265170596	0.9896976423737831	0.4785150033932823	-0.31318863181982	-1.1288145156058	0.2267227549802579	-0.06667497744317173	1.108918947750487	2.978035277617899	0.4112177962733163	-5.204002970530913	2.375836970402311	-1.443960814557153	1.770524581338064	-0.05435012638922346	-4.399353810086676	1.288323032288335	0.02089749667152153	0.09869607024322215	0.01060338712036541	0.01801450694272756	0.01043421156683572	0.009999992866422967	0.01000021299179463	0.01000005719567148	0.05556027088260638	0.1339936364174931	0.01000000650816422	0.04521033557600546	0.009999990377025904	0.009999990877629364	0.0414362936992834	0.7763003960781019	0.8911978414854471	0.01013869194122317	-0.2046977831072316	0.07265571199441097	0.01157841585166373	0.01602339902040905	0.009999999458028635	0.009999991558976616	0.009999991641518607	0.009999990646929923	0.009999990282760478	0.06130687217873792	0.06095822616683399	0.01000002264560497	0.01251475937499247	0.009999990361420593	0.009999990740224861	0.009999991668500872	1.000000008709815	1.00000000841775	0.009999990088659953
0.5125	-0.5787433808828127	2.557620691533407	0.8642777377131123	0.5157789187421169	0.9967265886855144	0.4737994978109262	-0.3079517982900071	-1.128631114361675	0.2126072231533918	-0.06253503537222388	1.235808839590321	2.989794943708873	0.4292715510364294	-5.212891831289826	2.116441999302388	-1.579354893754976	1.584121349785562	0.1698060524486791	-4.63473834448174	1.365193303680504	0.03481053105364843	0.0845455468179066	0.01225732722389166	0.01648615061387957	0.01035008384669144	0.00999999267912228	0.01000016987069693	0.01000004421915617	0.0565638057518745	0.1186480160085851	0.01000001028100823	0.03907254192425591	0.009999990374446408	0.009999990850740922	0.0357177786361132	0.798821753069707	0.902002252320006	0.01011180246975259	-0.2246899320911628	0.1160279079332616	0.01303698256483767	0.0220468049943608	0.01000000486887264	0.009999991530479427	0.009999992139549685	0.009999990611699821	0.009999990276509265	0.06122226758121457	0.01000002106346794	0.01000002902464712	0.009999999549698194	0.009999990365849346	0.009999990737818898	0.009999991756612961	1.000000008773265	1.000000008433285	0.009999990081587714
0.515625	-0.5746298391977106	2.566985985280451	0.8656500426154131	0.4994027786084028	1.002871553298147	0.4685933388772706	-0.3032630701979232	-1.127775226614899	0.1977557783418638	-0.05812309222581626	1.39619447635326	3.004054601546474	0.4488829960881445	-5.267869693540169	1.816688383949815	-1.751588722274252	1.418563039233728	0.3773602973979016	-4.87113030129797	1.454068778523024	0.04470174966465117	0.07240896100343659	0.01405636869349274	0.01524456377190994	0.01028219233676021	0.009999992597895099	0.01000013507961761	0.01000003375032653	0.05736849948595061	0.1014212207049244	0.01000001471354418	0.03375805010785201	0.009999990373867972	0.009999990830230485	0.03098505887108116	0.8190066498714899	0.9117274378336621	0.01009010826358193	-0.2299621008870353	0.06301396175445828	0.01151849000193606	0.02115710400771087	0.01000000136063636	0.009999991531497554	0.009999992373994597	0.009999990588066197	0.009999990274492922	0.06106664873798981	0.01000000758167348	0.01000003695975502	0.009999996802324645	0.00999999037672933	0.00999999075183617	0.009999991469851243	1.000000008816629	1.000000008406672	0.009999990075838069
0.51875	-0.5700213114213661	2.576396417462744	0.8670825027489888	0.4828545341621601	1.008083097529996	0.4628583064311522	-0.2990739142317614	-1.126276373803503	0.182156758980268	-0.0534744900783134	1.552599937985432	3.018683542268303	0.467770899052334	-5.323038591308058	1.519052955600507	-1.917833941731065	1.264395189195377	0.5813036938052013	-5.113186056525235	1.516655064381455	0.04301218527296563	0.06182700968902505	0.01533037364836532	0.0142386567397926	0.01022749996461123	0.009999992578123775	0.01000010705714938	0.01000002531920263	0.0580030001093782	0.08650860526117803	0.01000001982796977	0.02937017323655988	0.009999990375520292	0.009999990816441991	0.02708774833883716	0.8371123275955703	0.9204813287259365	0.01007263568587518	-0.2352342696829078	0.01000001557565495	0.009999997439034446	0.02026740302106093	0.009999997852400072	0.009999991532515681	0.009999992608439506	0.00999999056443257	0.009999990272476581	0.06091102989476505	0.009999994099879027	0.01000004489486292	0.009999994054951094	0.009999990387609318	0.009999990765853443	0.009999991183089524	1.000000008859993	1.00000000838006	0.009999990070088425
0.521875	-0.5649722418407813	2.58585080196405	0.8685702552410985	0.4661849971974676	1.012414845556921	0.4566611855043136	-0.2953586672360513	-1.124129977582953	0.165787989839129	-0.04870242019009074	1.673791009227924	3.031931634028565	0.4839574791256475	-5.340174863105782	1.258512744615409	-2.042374669549479	1.114310253256251	0.7935443385731348	-5.364154217987229	1.533924156204973	0.03702419331272468	0.0527586180445101	0.0161073628958303	0.0134234361953475	0.01018336894169543	0.009999992495276801	0.010000084447621	0.01000001851770347	0.05874583241708515	0.07370567905708984	0.01000002489690123	0.02575969406774927	0.009999990379616637	0.009999990809661298	0.02388785334589556	0.8533725172555615	0.9283640558711272	0.01005853956610172	-0.2294756404384899	0.01000000469370519	0.009999995579748944	0.01855658003873833	0.009999996886530554	0.009999991570564226	0.009999991722759659	0.009999990546095712	0.009999990272526979	0.06349571690109417	0.009999993100885752	0.01000004693322105	0.009999993242526053	0.009999990405079616	0.009999990796167955	0.0100000005957366	1.000000008884277	1.000000008293519	0.009999990065400392
0.525	-0.5595914525159472	2.59534479702205	0.8701045293886974	0.4495115050364321	1.015981595702493	0.4501306446333191	-0.2921035541164276	-1.121309506367257	0.1486224949667005	-0.04390962352625772	1.764900574305012	3.044034298551706	0.4975447585653969	-5.325569916967652	1.0294543115352	-2.131222705990838	0.9699095085001086	1.01271169069794	-5.623090524550531	1.529920200772093	0.03206538636462816	0.04514869468433567	0.01640555590909181	0.01276431705214184	0.01014782179479927	0.009999992256132259	0.01000006623620194	0.01000001304034732	0.05981055711349889	0.06279973130548469	0.01000002937583286	0.02280174898353264	0.009999990386316658	0.009999990810102397	0.02127127077759853	0.8679816470659281	0.9354619006656713	0.01004718693139118	-0.2237170111940721	0.009999993811755417	0.009999993720463443	0.01684575705641573	0.009999995920661036	0.009999991608612773	0.009999990837079814	0.009999990527758854	0.009999990272577374	0.06608040390742327	0.009999992101892476	0.01000004897157918	0.009999992430101013	0.009999990422549912	0.00999999082648247	0.01000001000838368	1.000000008908561	1.000000008206979	0.009999990060712362
0.528125	-0.5539615909405274	2.604875375679806	0.8716776744174808	0.4329194276337444	1.018869410678967	0.4433650293610671	-0.2892879340909166	-1.117797117637516	0.1306374656019502	-0.03913703236728732	1.836132163446881	3.055478138410396	0.5089556445132263	-5.291628240601852	0.8208934171732474	-2.196250672828766	0.8337653884550108	1.235396944223213	-5.888211291388473	1.52535685680659	0.02797491452476837	0.03879973901816291	0.01647065167379918	0.01223099370039388	0.0101191415140755	0.009999991997391914	0.01000005154183715	0.01000000862186292	0.0610614288088435	0.05357787529703249	0.01000003277718869	0.02038325316090333	0.009999990395864217	0.009999990818484584	0.01921250397236299	0.881118085248347	0.9418550739005597	0.01003802837577969	-0.2099531149297952	0.009999992844048424	0.009999993037555605	0.01665221077107547	0.009999995418306717	0.009999991705826239	0.009999991003321261	0.009999990511203248	0.009999990273054366	0.06781842671678533	0.009999991714286892	0.01000004496309854	0.009999992046273064	0.009999990447661731	0.009999990878420403	0.01078919422933826	1.000000008915305	1.000000008003519	0.009999990056887403
0.53125	-0.5481286181851341	2.614441173487106	0.8732835495710132	0.4164496496586123	1.021125592958356	0.4364198303995248	-0.286882032434658	-1.113587151416569	0.1118156555049057	-0.03437102619723148	1.894891729488041	3.066574554260272	0.5184920384047831	-5.24729828333209	0.6252093854007097	-2.246156267136692	0.7076897521786512	1.459161285069597	-6.15863019321879	1.525705807866774	0.0246163220935052	0.03353362821372515	0.01648612235439045	0.01180038131421265	0.01009604156235515	0.009999991821388115	0.0100000397049852	0.01000000506367323	0.06239428595576847	0.04583422062650461	0.0100000347359786	0.01841284484571462	0.009999990408441866	0.009999990835346318	0.01768837355390625	0.8929326536382711	0.947612931463778	0.01003065250010477	-0.1961892186655183	0.009999991876341431	0.009999992354647769	0.01645866448573521	0.009999994915952397	0.009999991803039704	0.009999991169562711	0.009999990494647646	0.009999990273531359	0.06955644952614738	0.009999991326681303	0.01000004095461789	0.009999991662445116	0.009999990472773551	0.009999990930358338	0.01157837845029284	1.000000008922049	1.000000007800059	0.009999990053062442
0.534375	-0.54212440677808	2.62404138976063	0.8749165850080075	0.4001260803126641	1.022783160204578	0.4293339371837582	-0.2848527405413949	-1.108678577723728	0.09214166284454729	-0.02959288968925021	1.947501979391152	3.07756640866038	0.526406730530713	-5.200154002675165	0.4360354480702552	-2.28840929057885	0.5930689116731493	1.681867400305915	-6.43339092340294	1.533378641892108	0.02186532883324773	0.02918385151577844	0.01640856949587033	0.01145231911526763	0.01007740506344078	0.009999991716096527	0.01000003015331988	0.01000000219349796	0.06377716688759388	0.03937007464542932	0.01000003507092262	0.01680893364409551	0.009999990424379273	0.009999990862156494	0.01655444303995034	0.9035645654784427	0.95280003451496	0.01002470224018561	-0.1772028300547331	0.009999991515829289	0.009999992030851066	0.01572597577254954	0.009999994569044778	0.009999991974054207	0.00999999138125386	0.009999990480324392	0.009999990274946956	0.07110786760484811	0.009999991143030617	0.01000003225152232	0.00999999145053021	0.009999990507236206	0.009999991013917475	0.0119073064672003	1.000000008907344	1.000000007365313	0.009999990049939698
0.5375	-0.5359586157616612	2.633675979465392	0.8765720671946999	0.3839463877381402	1.023853325733104	0.4221198104607511	-0.2831627776606798	-1.103078345652427	0.07160280089618544	-0.02478067790633796	1.99830267948149	3.088573550252119	0.5328579582116341	-5.15521714962057	0.2492722860754012	-2.328225711770641	0.4905191841478049	1.9018226472833	-6.712146537541007	1.547513983822604	0.01962052343675068	0.02560811552494402	0.01620527360734389	0.01117154197605791	0.01006239543092301	0.009999991672515958	0.01000002245840851	0.009999999882371371	0.06518563327564407	0.03400570537182716	0.01000003364631801	0.01550722465984721	0.009999990443923225	0.009999990900014705	0.0156985194988743	0.9131327572651947	0.9574723310960092	0.01001991025207087	-0.1582164414439479	0.009999991155317146	0.009999991707054363	0.01499328705936388	0.009999994222137158	0.009999992145068711	0.009999991592945012	0.009999990466001136	0.009999990276362556	0.07265928568354882	0.009999990959379926	0.01000002354842675	0.009999991238615304	0.009999990541698863	0.009999991097476612	0.01223623448410776	1.00000000889264	1.000000006930567	0.009999990046816953
0.540625	-0.5296328187434572	2.643345087956058	0.87824556689226	0.3678989909284476	1.024339849200073	0.4147801303266679	-0.2817738754955637	-1.096796709389354	0.05018700537154883	-0.01991565254762568	2.050911014260743	3.09967351579822	0.5379711980875426	-5.116637204058108	0.06161996054640238	-2.369994728122438	0.4005301359822774	2.117521091459281	-6.994651069120773	1.56648285067905	0.01779098473129477	0.0226764315332149	0.01588457307658099	0.01094474758037392	0.01005028649151492	0.00999999168349684	0.01000001624855825	0.009999998018512552	0.0665827199969642	0.02957287788692827	0.01000003102940796	0.01445085006355217	0.009999990467737405	0.0099999909563148	0.01506140391416285	0.9217474393439231	0.961681945645251	0.01001604450970962	-0.1356262478452667	0.009999990988914067	0.009999991517555484	0.01409509812846244	0.009999993926647407	0.009999992425709937	0.009999991856693402	0.009999990455056848	0.009999990280111655	0.07384798143013777	0.009999990850675339	0.01000001698828781	0.009999991112185901	0.009999990589999314	0.009999991276935039	0.01250416468286986	1.000000008862374	1.000000006348147	0.009999990044271627
0.54375	-0.5231360244094578	2.653049049139279	0.8799330706193764	0.3519579027410552	1.024235433160026	0.4073021861969868	-0.2806460147204421	-1.089849485515956	0.02788192877109025	-0.01498778130880752	2.107740961590658	3.110879273486622	0.5418205371276733	-5.087179631348465	-0.1289289984152569	-2.416714668953302	0.3234526945512917	2.327798717891362	-7.281286426067057	1.587735347090368	0.01630456324882592	0.02028216018744561	0.01545264675628353	0.01076190360019607	0.01004053442848666	0.009999991743687152	0.01000001124552681	0.009999996518244438	0.06794010773684021	0.02592749090733363	0.01000002764482001	0.01359576019152078	0.009999990496318634	0.009999991036591677	0.01459765443126279	0.9295033889063338	0.9654741132343687	0.01001293130064496	-0.1130360542465855	0.009999990822510988	0.009999991328056608	0.013196909197561	0.00999999363115766	0.009999992706351161	0.009999992120441791	0.009999990444112561	0.009999990283860755	0.0750366771767267	0.009999990741970749	0.01000001042814887	0.009999990985756499	0.009999990638299767	0.009999991456393468	0.01277209488163197	1.000000008832109	1.000000005765726	0.009999990041726302
0.546875	-0.5164527520407037	2.662788195912481	0.8816306974548531	0.3360919782699349	1.023529163693189	0.3996676466492466	-0.2797384578378992	-1.082254731025808	0.00467431389786321	-0.009992779162770402	2.170986274153983	3.12219438142557	0.5444795005984359	-5.069410280909094	-0.3242171603042572	-2.471121302941521	0.259735961744975	2.531708262085452	-7.572548947051177	1.608431153111369	0.01509727321617616	0.01832948930287242	0.01546791444947376	0.01061428023463667	0.01003266723626944	0.009999991856470561	0.01000000720795228	0.009999995309151332	0.06918657688142883	0.02293777681254413	0.01000002393647602	0.0129032457497299	0.009999990530834762	0.009999991143292726	0.01426319440392049	0.9364886478934225	0.9688909996548251	0.01001041986470443	-0.08743876051071361	0.00999999072861339	0.009999991205781798	0.01772035757217277	0.009999993354656784	0.009999993134369483	0.00999999251638381	0.009999990437602458	0.009999990291959249	0.07533588444763119	0.009999990673381452	0.01000000676375076	0.009999990907922016	0.009999990707791433	0.009999991708234594	0.01293584652641925	1.000000008779564	0.9999999866786182	0.00999999003968517
0.55	-0.5095584044476076	2.672562887273582	0.8833349353919983	0.3202590994182447	1.022201990283476	0.3918468614202204	-0.2790079633878557	-1.07403340821366	-0.01945251373705989	-0.00493905455974918	2.242829105169646	3.133627809742313	0.5460516421955768	-5.066030434913321	-0.5263075218556128	-2.535911904976393	0.2101327377517355	2.72880244397181	-7.869582593552533	1.625317719560196	0.01411931441646061	0.01674209998837091	0.01634898073424104	0.0104953107039268	0.0100263314887259	0.009999992024380016	0.01000000395515569	0.009999994337024216	0.07026730029709903	0.02049545148133932	0.01000002023668749	0.01234366884295506	0.009999990572160019	0.00999999127825002	0.01402456520728774	0.9427792463576995	0.9719692313895434	0.010008397336329	-0.06184146677484167	0.009999990634715794	0.009999991083506984	0.02224380594678453	0.009999993078155906	0.009999993562387807	0.009999992912325829	0.009999990431092357	0.009999990300057745	0.07563509171853568	0.009999990604792152	0.01000000309935264	0.009999990830087534	0.009999990777283099	0.00999999196007572	0.01309959817120653	1.000000008727018	0.9999999675915101	0.009999990037644039
0.553125	-0.5024245148446402	2.682373458545455	0.8850424444635325	0.3044123295714236	1.020231217218496	0.3838053358322024	-0.2784106446134775	-1.065207161956359	-0.04450868506776219	0.0001578068648092746	2.322417387079895	3.145052058071591	0.5464127360007998	-5.076504348900544	-0.7340620938383013	-2.61024941149981	0.1746116350779637	2.918996853845578	-8.165157302746879	1.634567932937602	0.01332684582748878	0.01545221013466934	0.02054399511678816	0.01039928617074111	0.01002122041808858	0.009999992260025981	0.0100000013303781	0.009999993555062621	0.07110972312967517	0.01850315845175416	0.01000001671732697	0.01189109682203916	0.009999990625477019	0.01819527523863601	0.01385933921271655	0.9484459237224617	0.9568354343365137	0.01000676576423963	-0.03752733121181602	0.009999990575971524	0.009999990998892117	0.05341354900109734	0.0099999928070784	0.009999993892144423	0.009999993544393812	0.009999990429416676	0.009999990314939837	0.07476518208587013	0.009999990561674622	0.01000000116764617	0.009999990785315637	0.009999990912124357	0.09198894327882565	0.01322724106408196	1.000000008608214	0.6438373004535619	0.009999990036111768
0.55625	-0.4950460636136679	2.692218926722875	0.8867478810695938	0.2885271842260633	1.017619884358822	0.3755353967224422	-0.2779012634359459	-1.055795917294966	-0.07047718590829079	0.005263834650988407	2.399348547092786	3.155961829292831	0.5447252642929028	-5.090590753978443	-0.9362657904588658	-2.682096558891336	0.1538526757698591	3.103201422591064	-8.453473479841353	1.631184190997429	0.01268619263353465	0.01440692750553048	0.02977001100708563	0.01032191957203081	0.01001710434509605	0.009999992572848402	0.009999999216272712	0.009999992928232606	0.07165741516915894	0.01688325455511195	0.01000001350705497	0.01152582748001166	0.009999990694665374	0.03998418787448292	0.01375057527986487	0.9535499317634862	0.9079936211874691	0.01000545182001814	-0.01321319564879037	0.009999990517227253	0.009999990914277248	0.08458329205541015	0.009999992536000896	0.009999994221901041	0.009999994176461793	0.009999990427740996	0.00999999032982193	0.07389527245320458	0.00999999051855709	0.009999999235939692	0.009999990740543743	0.009999991046965615	0.1739778945975756	0.01335488395695738	1.000000008489409	0.2876746333156137	0.009999990034579498
0.559375	-0.48744566835586	2.702097064271866	0.8884437661156152	0.2726054056964421	1.014400551452277	0.3670615437363345	-0.277426097556071	-1.045816890025337	-0.09735230725161916	0.01033385314439347	2.458122693468684	3.1657935021484	0.5399111404025838	-5.094993426765063	-1.116816206635094	-2.733146033573211	0.1580941916128136	3.283493256876227	-8.752353089852635	1.609721401490045	0.0121678550179085	0.01355964345959489	0.0452749021451726	0.01025948622481115	0.0100137838861002	0.009999992986740541	0.009999997510920365	0.009999992426368001	0.07185996737608176	0.01556674920457526	0.01000001064440069	0.01123067068218024	0.009999990776667479	0.08248970916234954	0.01488001261795183	0.9581483182446222	0.844802471746023	0.01000439186567925	0.01444797484742173	0.009999990475198279	0.009999990852489423	0.1419990268941516	0.00999999228949474	0.009999993969025638	0.009999995201378094	0.00999999043008278	0.009999990353857445	0.07184896764244199	0.009999990491982167	0.009999998306997014	0.009999990719337031	0.009999991183029524	0.3808648373337712	0.02549495829084335	1.000000008225575	0.2502031463295724	0.009999990033623677
0.5625	-0.4797251825572114	2.712003556736848	0.8901177630423712	0.2567106882976199	1.010685352211699	0.3585033797541375	-0.2768641703367235	-1.03527335177134	-0.1252153234071431	0.01530017938972753	2.476206493230823	3.174108975527728	0.530716867963093	-5.073271630267079	-1.253620244239653	-2.736055596388448	0.2093799330323703	3.464488452585679	-9.085726159646528	1.564821152231987	0.01174937284301411	0.01287449451879266	0.0676957957966661	0.01020919215960533	0.01001110976993214	0.009999993519588435	0.009999996138026298	0.009999992026886983	0.07167738892742567	0.01449976213211046	0.01000000815820632	0.01099263300532438	0.009999990869194475	0.1484102624605803	0.01811746536508012	0.9622905646433619	0.7839438987534729	0.01000353826136731	0.04210914534363382	0.009999990433169306	0.009999990790701598	0.199414761732893	0.009999992042988581	0.009999993716150235	0.009999996226294394	0.009999990432424565	0.00999999037789296	0.06980266283167939	0.009999990465407241	0.009999997378054336	0.009999990698130321	0.009999991319093432	0.5877517800699668	0.03763503262472932	1.000000007961741	0.2127316593435311	0.009999990032667857
0.565625	-0.4720355111242394	2.721933240558158	0.8917548977771096	0.2409433100041607	1.00663415590463	0.3500401969681087	-0.276053279600304	-1.024158133943415	-0.154180298479312	0.02008576119237787	2.429864151361676	3.180398585275984	0.5158107052979893	-5.004238041299814	-1.323077606586633	-2.662209010122311	0.317162310751663	3.650523455845712	-9.457910968015023	1.494511151124639	0.01141113440558244	0.01232004313482162	0.09441908616990835	0.01016861088804838	0.0100089524686928	0.009999994178193536	0.009999995030903715	0.009999991709731213	0.07139426884938206	0.01363479906739966	0.01000000600616187	0.01080039884326952	0.01473525852643889	0.2284687213712712	0.02321352588264999	0.9660227866259334	0.7224411018408847	0.01000284966317276	0.06916989083901376	0.00999999040283126	0.00999999074361144	0.2497429098480161	0.009999991838979781	0.00999999307550559	0.009999997557012261	0.009999990434035089	0.009999990406479234	0.0702258431229361	0.009999990449816067	0.009999996779705492	0.009999990697581077	0.0573149373967149	0.7938758929842916	0.05185178084820857	1.000000006745386	0.1239269404483372	0.009999990032389636
0.56875	-0.464634275814386	2.731877984864606	0.8933338383444122	0.2255192782660399	1.002516540831142	0.3419781507942958	-0.2748345798165532	-1.012449627056307	-0.1843650987164457	0.02461937376963398	2.291607374434856	3.183747686015398	0.493472600804212	-4.853529834850531	-1.296128254748596	-2.479328164570402	0.4703777233244423	3.844193450463219	-9.866414265224053	1.403560847979682	0.01113829507073868	0.01187232588832782	0.1237465187875418	0.0101359235552089	0.01000721501335207	0.009999994967647276	0.009999994139632143	0.009999991459885393	0.07123203300667526	0.01293529443478343	0.01000000415659486	0.01064544385098674	0.0274903884594758	0.3183901501654645	0.02996242988928052	0.9693850279363074	0.6576012354378582	0.0100022951211253	0.09623063633439369	0.009999990372493215	0.009999990696521282	0.3000710579631392	0.009999991634970984	0.009999992434860945	0.00999999888773013	0.009999990435645614	0.009999990435065508	0.07064902341419284	0.009999990434224889	0.009999996181356647	0.009999990697031832	0.1046298834743364	1.000000005898616	0.06606852907168781	1.000000005529031	0.0351222215531432	0.009999990032111416
0.5718749999999999	-0.4578358255024523	2.741827667106072	0.8948296235023562	0.2107308915372453	0.9986621240720122	0.3346896266253722	-0.2730843382159387	-1.000121110742349	-0.2158720344810683	0.02884815358210701	2.044520229329668	3.183545081610536	0.4626450049933928	-4.593907862383004	-1.156978873752088	-2.167839744677756	0.647903578843515	4.050292877273053	-10.29779082422503	1.308649832284519	0.01091792046230559	0.01151040948483882	0.1782602630708875	0.01010955094532012	0.01000581330404677	0.009999995781670011	0.009999993420308655	0.009999991262711809	0.07172375779359774	0.01236918851690953	0.0100000025643587	0.01052035346240838	0.05685322251815556	0.4027192230995851	0.03664198845147419	0.9566664335779862	0.5933071116980927	0.01000184777566013	0.09508295343116181	0.009999990343975567	0.009999990659179378	0.650035526546649	0.009999991512285082	0.009999991956778627	0.009999999419293387	0.009999990430732157	0.009999990452162344	0.07737365568571145	0.009999990422402939	0.00999999573732282	0.00999999070205731	0.2665206426783074	1.000000007208279	0.06612668509988665	0.6867983152796285	0.02256111000887833	0.009999990032860367
0.575	-0.4519490281052822	2.751771992456467	0.8962179640300797	0.1969144154336146	0.9953711703535796	0.3285384496329526	-0.2707968907126896	-0.9871088222808301	-0.2487248301184193	0.03283463272317149	1.708149508986093	3.180319275728968	0.4247080374630525	-4.231507034745655	-0.9355119087025692	-1.751425971607872	0.8141895010105952	4.281807624902194	-10.72776458377022	1.248488418278209	0.01074025779331777	0.01121843672189459	0.2705677353432314	0.01008830985884483	0.01000468438230185	0.009999996540702808	0.009999992840068347	0.009999991107252941	0.07328069327477624	0.01191203444255726	0.01000000119565752	0.0104195543744331	0.1070267468658104	0.4720086349779158	0.04202041782427426	0.9142335253095699	0.5330834481027953	0.01000148751991932	0.09393527052792995	0.009999990315457919	0.009999990621837474	0.9999999951301588	0.009999991389599181	0.009999991478696306	0.009999999950856644	0.0099999904258187	0.009999990469259182	0.08409828795723005	0.00999999041058099	0.009999995293288991	0.009999990707082787	0.4284114018822786	1.000000008517941	0.06618484112808545	0.3735966250302263	0.009999998464613457	0.00999999003360932
0.578125	-0.447226418237289	2.761702243636129	0.8974784915512307	0.1843761880574703	0.9928630259401375	0.3238206514879779	-0.2680356509614386	-0.9733191941298341	-0.2829138231085834	0.0367176733579988	1.30511553625728	3.174621703404513	0.3812183186073174	-3.779063721648727	-0.6627290678112868	-1.257437092870965	0.9459923124571409	4.54901837148385	-11.1533134737667	1.240766520083051	0.01059682115840714	0.01098258707995948	0.3645958159649882	0.01007117315792865	0.01000377363821004	0.009999997101495796	0.00999999237105643	0.00999999098486036	0.07517717528576927	0.01154247364660109	0.01000000003713388	0.01033820272065502	0.1636948701195737	0.5309509514913103	0.04378286662669085	0.8516905092496164	0.4771157884734316	0.01000119690456022	0.1070015810336336	0.009999990283722638	0.009999990592216512	0.9999999991682205	0.009999991363685831	0.009999991446575401	0.009999998942562382	0.009999990421033301	0.009999990483459393	0.08473700442624703	0.009999990396933511	0.009999995162995108	0.009999990683889673	0.5057478881825765	1.000000002398289	0.03809241843176772	0.1917983170547958	0.009999995781547373	0.009999990036668637
0.58125	-0.4438495889428757	2.771610754503679	0.8985955081622107	0.1733821094504224	0.9912726852303159	0.3207452662294156	-0.264928261430663	-0.9586433075856273	-0.3184338052284103	0.04061510429913914	0.8468499418950647	3.166405475977079	0.3328610549534858	-3.243251822524007	-0.3481175383855101	-0.7002817243038211	1.035725359906366	4.849012996557186	-11.5795976267545	1.257698214318557	0.01048122811905386	0.0107924343257966	0.4401733807672504	0.01005737151193361	0.0100030401906009	0.009999997356814843	0.009999991992421322	0.009999990889060017	0.07685333935626058	0.0112443227546515	0.00999999907878864	0.01027266274424157	0.2190342444991671	0.5817572052543218	0.04011587284140593	0.7772011049669432	0.4256854352189795	0.01000096286721038	0.1200678915393373	0.009999990251987355	0.009999990562595549	1.000000003206282	0.009999991337772482	0.009999991414454495	0.00999999793426812	0.009999990416247901	0.009999990497659605	0.08537572089526403	0.009999990383286033	0.009999995032701223	0.00999999066069656	0.5830843744828746	0.999999996278638	0.00999999573544999	0.01000000907936543	0.009999993098481291	0.009999990039727956
0.584375	-0.4419740421428944	2.781489836510898	0.8995548752986842	0.1641781598291215	0.9907159773544955	0.3194887642821653	-0.2616120528755409	-0.9429835390127621	-0.3552893604923054	0.04457822487993744	0.3603849434948565	3.156350476153137	0.2814103990387057	-2.65300917334033	-0.0182116469849012	-0.1122171928707871	1.084122380954095	5.177391043545969	-12.01041863143647	1.279283682186748	0.01038793037367911	0.01063890492513532	0.5038034292477414	0.01004623712632093	0.01000244852531951	0.009999997334208989	0.009999991686411665	0.009999990815156141	0.07811016425631565	0.01100347569263852	0.009999998485225465	0.01021977617898133	0.2657029873729237	0.6116627223687952	0.03462200807174689	0.7007042228738417	0.3784391667177638	0.01000077407232426	0.1978672271647292	0.009999990236759486	0.009999990540467317	1.000000002596436	0.009999991317468697	0.009999991471186158	0.009999996590012321	0.009999990415027287	0.009999990518172528	0.08325508103347588	0.009999990385739781	0.009999996945788917	0.00999999062998185	0.5408448829375735	0.730778631431115	0.009999993281525841	0.01000000052525642	0.009999996388110333	0.009999990049498666
0.5875	-0.4415541522122707	2.791338841651578	0.9003560511977602	0.1567649693780966	0.9910961365313766	0.3199917983306334	-0.2581682823898103	-0.9262586626042806	-0.3935143022330025	0.04861428184277138	-0.08477045449376916	3.14715628139333	0.2316186630191865	-2.097165953547323	0.2514773753434799	0.4258213129560269	1.117364995495771	5.5306820113516	-12.45600497190773	1.304377498821359	0.01031276178734067	0.01051517221066894	0.5582306714820672	0.01003726991912018	0.01000197205662349	0.009999997054300925	0.009999991439739123	0.00999999075963357	0.07879290521387679	0.01080928906542606	0.009999998379663528	0.01017717468195234	0.2985061639489704	0.6097280957297477	0.03008239045639857	0.6308831425967056	0.3351156494141382	0.01000062203427447	0.2756665627901211	0.00999999022153162	0.009999990518339084	1.00000000198659	0.009999991297164909	0.009999991527917819	0.009999995245756524	0.009999990413806673	0.009999990538685452	0.08113444117168774	0.00999999038819353	0.00999999885887661	0.00999999059926714	0.4986053913922722	0.4615572665835921	0.009999990827601692	0.009999991971147414	0.009999999677739374	0.009999990059269378
0.590625	-0.4423930288966086	2.801163022432441	0.9010088590865699	0.1509484536602372	0.9921520693382879	0.3220189278339695	-0.2546190889088406	-0.9083948191214151	-0.4331595792307976	0.05272731391586915	-0.4410730364570672	3.140483536089617	0.1867288828714605	-1.634834579684172	0.410707085543551	0.85808823485857	1.15053348995543	5.905220851570967	-12.91804258543113	1.322993395081388	0.01025210285642268	0.01041530099771248	0.605564882482269	0.01003003584324925	0.0100015877000435	0.009999996611376504	0.00999999124088714	0.009999990719953481	0.07892554981395568	0.01065249981313099	0.01011139514722885	0.01014280164062544	0.3336528580942781	0.5838916655201556	0.02634456469944083	0.5669171007506656	0.2954876133889606	0.01000049940523218	0.3053426545980891	0.009999990219396453	0.009999990503523286	0.999999998224414	0.009999991256342329	0.009999991550283936	0.009999994328029699	0.009999990416305438	0.009999990570619186	0.07810918702407244	0.009999990508102782	0.01111194291364482	0.009999990555370908	0.6540071380428625	0.2652252575908135	0.009999990632831537	0.00999999152645477	0.01000000229616437	0.009999990238337196
0.59375	-0.4442418737712187	2.810967889487954	0.9015265473222847	0.1464883127938115	0.9935779774689224	0.3252707664589963	-0.2509998564673981	-0.8893320133201585	-0.4742587576341337	0.05685193035653105	-0.7311500962679727	3.134795497169411	0.1451420850384788	-1.229086048629725	0.4882615825262885	1.209635150838074	1.162189930198292	6.298017895121827	-13.38650187145396	1.311791494062398	0.01020323866745251	0.01033483368361588	0.6470433713225964	0.01002420990174083	0.01000127817476413	0.009999996076016329	0.00999999108123464	0.009999990694215354	0.07852438962297953	0.01052613792959786	0.01041742185168683	0.01011511576806193	0.382471006332153	0.5399393935601772	0.02328048965500431	0.5082114672368315	0.2593775425336172	0.0100004006847297	0.3350187464060571	0.009999990217261286	0.009999990488707486	0.9999999944622378	0.009999991215519748	0.009999991572650054	0.009999993410302872	0.009999990418804203	0.009999990602552921	0.07508393287645714	0.009999990628012035	0.01222388696841302	0.009999990511474675	0.8094088846934527	0.06889324859803495	0.009999990438061383	0.009999991081762128	0.01000000491458936	0.009999990417405012
0.596875	-0.4469189077816432	2.820753980801643	0.9019161276170847	0.1432464392605024	0.9951555007730425	0.3295211212900614	-0.2474076089913475	-0.8690247349728852	-0.5162010738398949	0.06088346347989813	-0.9746710778502867	3.127751257991568	0.1039618638743935	-0.8385960677668787	0.515717946715874	1.500022802704389	1.056339682500541	6.695743504604159	-12.84404169599926	1.265275858574272	0.01016381143777048	0.01026989723880002	0.6707922814361884	0.01001951002775005	0.01000102848596952	0.009999995507469432	0.00999999095273563	0.009999990679274248	0.07821118002759865	0.01042414335606927	0.0106563633936573	0.01009277895948361	0.4199213698602089	0.4880672272146087	0.02077402949742068	0.4542572794325999	0.2266237202259721	0.05209949034957759	0.379130815911167	0.009999990226782867	0.009999990480754522	0.755399560894832	0.009999991155689192	0.009999991581616519	0.009999992899110794	0.009999990419389242	0.009999990630978684	0.07816386199742689	0.009999990669610957	0.0111119523547152	0.009999990636622063	0.5934479538728947	0.03944663346201197	0.009999990591038215	0.009999991129887012	0.009999999404350975	0.4408003054169321
0.6000000000000001	-0.4502868143043239	2.830512886815404	0.9021748874730047	0.1412915682760263	0.9967659934771798	0.3345798518612789	-0.2449009132766043	-0.8475017210571881	-0.5507056507076681	0.06474044293313122	-1.173308504111931	3.117396905216217	0.06141700415517134	-0.4054044173765635	0.5093619985372871	1.726995624535625	0.4674368029614938	7.076088658912957	-8.626348695141582	1.200077145176637	0.01013205388027416	0.01021758617627197	0.6666603196866453	0.01001572503864181	0.01000082740873218	0.009999994950088522	0.009999990849367035	0.009999990672775915	0.07847169762556962	0.01034196438596754	0.01063257461949397	0.01007478879685925	0.4270710642155364	0.4373176911104873	0.01873110894592905	0.4046824459761275	0.197081503491073	0.155119780933108	0.423242885416277	0.009999990236304448	0.009999990472801557	0.5107991273274259	0.009999991095858637	0.009999991590582985	0.009999992387918719	0.009999990419974283	0.009999990659404448	0.08124379111839664	0.009999990711209879	0.01000001774101738	0.009999990761769452	0.3774870230523366	0.01000001832598899	0.009999990744015049	0.009999991178011897	0.00999999389411259	0.8716006204164592
0.6031249999999999	-0.454206816991739	2.840235387198195	0.9023009870570116	0.140774090640155	0.998304651861957	0.3402530096794076	-0.2450370726953465	-0.8248175962742395	-0.5671340689432134	0.06837371913064262	-1.325832461525895	3.105729631384606	0.02044480767877369	0.05797002377267233	0.463031016654332	1.893326723249136	-0.5074657043847517	7.444154200471742	-2.426117415216382	1.124864324373157	0.01010643157083279	0.01017537708053419	0.6510731257116874	0.01001267165262952	0.01000066520075128	0.009999994431520273	0.009999990765256209	0.009999990671645004	0.07905246139155486	0.01027564612986004	0.01050997895318043	0.01006027509977981	0.4197602335446753	0.3955322003862915	0.0170676269617253	0.3591671476307248	0.1706076810394442	0.2292899308927721	0.4236080494484195	0.00999999026564505	0.009999990467198907	0.5186842203463249	0.00999999101207792	0.009999991576981405	0.009999992175019578	0.00999999041220115	0.009999990674018484	0.08255011364460278	0.009999990700893411	0.0100000053258567	0.009999990860133933	0.348857426871882	0.1215500042004836	0.009999990653422251	0.009999991622040559	0.00999999397537967	0.4408003059819392
0.60625	-0.4585128874744366	2.849928236334149	0.9023099055089318	0.1415523265080662	0.9995827601371078	0.3463475272827255	-0.2477781168879359	-0.8009607385648816	-0.5692331248003251	0.0717686243551038	-1.420391893092691	3.098420107240086	-0.01357892038029085	0.4238522250442212	0.3426099283762565	1.996665887056729	-1.199689452300799	7.826637731814857	0.5444432270561271	1.047519722424501	0.01008579489768218	0.01014137834027426	0.6378371347395242	0.01001021265461994	0.01000053456908602	0.009999993972460474	0.009999990696007004	0.009999990673579356	0.07975509259667352	0.01022222155583465	0.01041118892456482	0.01004858615577262	0.4099731253491331	0.3702954921753224	0.0157171876146995	0.3174732082088139	0.1470520550133324	0.2269595275770338	0.4239732134805618	0.009999990294985649	0.009999990461596255	0.5265693133652238	0.009999990928297202	0.009999991563379823	0.009999991962120433	0.009999990404428017	0.009999990688632518	0.08385643617080893	0.009999990690576945	0.00999999291069602	0.009999990958498413	0.3202278306914276	0.2330999900749783	0.009999990562829452	0.009999992066069222	0.00999999405664675	0.009999991547419174
0.609375	-0.4630151091852379	2.859607112236366	0.9022236563582046	0.1432611748618063	1.000356298889205	0.3526601013102785	-0.2520954223559007	-0.7758857985208714	-0.5671325245826584	0.07492438305736669	-1.451832432264516	3.096630814143924	-0.04105414774550935	0.6538627372625262	0.1425365174771168	2.033099264459731	-1.548914595444943	8.220354739271992	0.7713422708514683	0.9727474370780831	0.01006914589041423	0.01011394753407128	0.6248584981565403	0.01000822896399013	0.01000042918875919	0.009999993576228151	0.009999990638339161	0.009999990675952867	0.08052568115585744	0.01017911376490641	0.01033145826990871	0.01003915628818375	0.3982741125263173	0.3515469926080264	0.01462102334193028	0.2793921785695944	0.1262565321396188	0.1973835747932571	0.4105024895701872	0.009999990368803894	0.009999990464141567	0.4988208824793613	0.009999990854097062	0.009999991567973605	0.009999991901367754	0.009999990393635604	0.009999990683164045	0.08478830106304691	0.009999990728082485	0.009999992580510535	0.009999991006451096	0.297017292280574	0.1917802823170374	0.009999990539892294	0.009999991898533418	0.009999996311329556	0.009999992765579802
0.6125	-0.4675293553663669	2.869285743572331	0.9020568570126448	0.1455392937154141	1.000411623649536	0.3589901337723649	-0.2573683865360188	-0.749589578676179	-0.5645909771162477	0.07785193077468151	-1.42808755410237	3.098263584839471	-0.06513104507310706	0.7881853449595949	-0.1170470263537685	2.007839285158086	-1.811311028078961	8.608256804251383	0.8266494662522316	0.9014646920577316	0.01005573707695262	0.01009185406374956	0.6102945937392773	0.01000663143340852	0.01000034432499624	0.009999993245307866	0.009999990589797149	0.009999990676799681	0.08132233868846685	0.01014439099610179	0.01026722468084647	0.01003156191044985	0.3851438521220736	0.3298007200943073	0.01373355553903208	0.2447575996300624	0.1080440905220949	0.1708767458355609	0.3970317656598126	0.009999990442622137	0.00999999046668688	0.4710724515934988	0.00999999077989692	0.009999991572567387	0.009999991840615076	0.009999990382843188	0.00999999067769557	0.08572016595528488	0.009999990765588026	0.00999999225032505	0.00999999105440378	0.2738067538697204	0.1504605745590966	0.009999990516955135	0.009999991730997613	0.009999998566012362	0.00999999398374043
0.615625	-0.4718920071262639	2.878974137379781	0.9018191635943131	0.1481067520808214	0.9995754033049308	0.3651542788996869	-0.2633653989798125	-0.7220944830693843	-0.5618993160222708	0.08056682981058835	-1.35713582345624	3.102705145542115	-0.08664733899200429	0.8441902518709798	-0.4248033503705571	1.929431333249195	-2.020612382132575	8.986546253051962	0.8956189738754547	0.8401524639524424	0.01004491966466332	0.01007402962662604	0.5942636390637775	0.0100053426919743	0.01000027586083913	0.009999992966130451	0.009999990545832118	0.009999990668190633	0.08272007790471472	0.01011637592914473	0.01021539255418998	0.01002543537758292	0.3723577591810535	0.3034545724250486	0.01301471243372863	0.2134153617171485	0.09222755067832046	0.1472915797182294	0.3588473661518851	0.009999990716766619	0.009999990447632235	0.4428322646105597	0.009999990673767821	0.009999991515870998	0.009999991775043024	0.009999990344897191	0.009999990590027145	0.0933770886182748	0.009999990652909263	0.009999992054907803	0.009999991033219517	0.2781726038307008	0.08023028681181657	0.009999990468885216	0.009999991433698827	0.00999999671211738	0.009999993711547923
0.61875	-0.475968493333122	2.888680130067057	0.9015174699168649	0.1507479968081696	0.9977149192336128	0.3710004404609303	-0.2699586854629949	-0.6934365279136362	-0.5589958251546355	0.08312839475582059	-1.244941600157483	3.109526867927915	-0.1060912109076825	0.835408616601754	-0.7725758114501253	1.804329802867829	-2.192926413287744	9.352486915581613	0.9622205213935854	0.8033308740259973	0.01003620780634159	0.01005967404128908	0.576864383131734	0.01000430481883491	0.01000022071440411	0.009999992728538278	0.009999990503038887	0.009999990644190103	0.08516227134656273	0.01009381179340312	0.01017364061780174	0.01002050142188485	0.3614786686049846	0.2709324699614177	0.01243378698652553	0.1852223886297513	0.07860315411359606	0.1264659667947082	0.3206629666439578	0.009999990990911098	0.009999990428577587	0.4145920776276207	0.009999990567638721	0.009999991459174608	0.009999991709470973	0.009999990306951192	0.009999990502358721	0.1010340112812648	0.009999990540230498	0.009999991859490557	0.009999991012035254	0.2825384537916812	0.009999999064536524	0.009999990420815296	0.009999991136400039	0.009999994858222398	0.009999993439355415
0.621875	-0.4796341180507991	2.898410769322675	0.9011578299268218	0.1532728338020485	0.9947115439336649	0.376387013728098	-0.2770535299696837	-0.6636581073483357	-0.5558636052334064	0.08563489600819257	-1.095450339995945	3.118351745325782	-0.1238606445171505	0.7733559816883813	-1.153771750788778	1.636585006616046	-2.346953467791937	9.700318176615514	1.04534204803199	0.8132509008375171	0.01331132149881767	0.0100480927601717	0.5572671180175062	0.01000346757742083	0.01000017629102075	0.009999992619451815	0.009999990475295473	0.009999990629388866	0.08925627400546263	0.01007560760133177	0.01013995323391422	0.01001652118032356	0.3560056734547617	0.2370855413892231	0.01196390270060009	0.1600345047365959	0.06696154742283363	0.1082278317983106	0.2670111294492982	0.04278420955871517	0.009999990609792887	0.3686937925744996	0.009999990726823334	0.0099999921386233	0.009999992594683708	0.009999990409875027	0.00999999062936517	0.1180420453448851	0.009999990680567472	0.009999992536590212	0.009999991325712622	0.3472162689224955	0.0100000012540502	0.009999990549659292	0.00999999191369186	0.009999996025912318	0.009999995115023523
0.625	-0.4827800087133469	2.908171512785704	0.9007447017523996	0.1555369024575199	0.9904776747269811	0.3811885212428841	-0.2846220158666873	-0.6328431897447595	-0.5524440509804426	0.0882888439694641	-0.9123118048746123	3.128793560670959	-0.1403236489103219	0.6685168800209665	-1.560091911761214	1.429887721343717	-2.496056903089245	10.01584502007818	1.146114493703794	0.8976967677217178	0.02219897761827649	0.0100387656594677	0.5347245951506576	0.01000279336054905	0.01000014064836501	0.009999992703938079	0.009999990472990695	0.009999990642195115	0.09545143497666664	0.01006094616983623	0.01011281985737907	0.01001331582107702	0.3589104281906166	0.2064979792030807	0.01158462882147187	0.1376967876250284	0.05708962880705092	0.09238562384536911	0.2133592922546386	0.07556842812651926	0.009999990791008186	0.3227955075213785	0.009999990886007946	0.00999999281807199	0.009999993479896442	0.009999990512798859	0.00999999075637162	0.1350500794085055	0.009999990820904444	0.00999999321368987	0.00999999163938999	0.4118940840533097	0.01000000344356387	0.009999990678503287	0.009999992690983684	0.009999997193602235	0.009999996790691631
