inDegrees=no
num_controls=19
num_derivatives=0
num_input_controls=0
num_iterations=523
num_multipliers=0
num_parameters=0
num_slacks=0
num_states=38
objective=0.117523
objective_effort=0.117523
solver_duration=385.214063
status=Solve_Succeeded
success=true
DataType=double
version=3
OpenSimVersion=4.6-2026-06-22-85aaf64
endheader
time	/jointset/groundPelvis/pelvis_tilt/value	/jointset/groundPelvis/pelvis_tx/value	/jointset/groundPelvis/pelvis_ty/value	/jointset/hip_l/hip_flexion_l/value	/jointset/hip_r/hip_flexion_r/value	/jointset/lumbar/lumbar/value	/jointset/knee_l/knee_angle_l/value	/jointset/knee_r/knee_angle_r/value	/jointset/ankle_l/ankle_angle_l/value	/jointset/ankle_r/ankle_angle_r/value	/jointset/groundPelvis/pelvis_tilt/speed	/jointset/groundPelvis/pelvis_tx/speed	/jointset/groundPelvis/pelvis_ty/speed	/jointset/hip_l/hip_flexion_l/speed	/jointset/hip_r/hip_flexion_r/speed	/jointset/lumbar/lumbar/speed	/jointset/knee_l/knee_angle_l/speed	/jointset/knee_r/knee_angle_r/speed	/jointset/ankle_l/ankle_angle_l/speed	/jointset/ankle_r/ankle_angle_r/speed	/hamstrings_r/activation	/bifemsh_r/activation	/glut_max_r/activation	/iliopsoas_r/activation	/rect_fem_r/activation	/vasti_r/activation	/gastroc_r/activation	/soleus_r/activation	/tib_ant_r/activation	/hamstrings_l/activation	/bifemsh_l/activation	/glut_max_l/activation	/iliopsoas_l/activation	/rect_fem_l/activation	/vasti_l/activation	/gastroc_l/activation	/soleus_l/activation	/tib_ant_l/activation	/lumbarAct	/hamstrings_r	/bifemsh_r	/glut_max_r	/iliopsoas_r	/rect_fem_r	/vasti_r	/gastroc_r	/soleus_r	/tib_ant_r	/hamstrings_l	/bifemsh_l	/glut_max_l	/iliopsoas_l	/rect_fem_l	/vasti_l	/gastroc_l	/soleus_l	/tib_ant_l
0	-0.5302498698121129	1.210813470459244	0.8505069674405852	0.2405581114491386	0.835197400104416	0.4841487586040468	-0.269037648166884	-0.05092937286749456	0.1643952786540906	-0.06010909571022592	-0.1459006695942779	1.489606636838719	-0.0463860683635165	0.295152893039267	-2.063081665380404	0.7669061800234562	-3.21829545292635	1.654601207317238	-1.979085213800125	-6.199145488947406	0.08810263387949017	0.01014474042372439	0.0891782761432158	0.01011780678285929	0.01059141449950978	0.04453310814087351	0.0100063613146299	0.01000561047516557	0.1412856141704009	0.08607262954712473	0.07263557625099232	0.01000772528599033	0.09737794650562862	0.01068557147945275	0.01000155231346669	0.1700937125894106	0.1957669531855974	0.01000166065026663	0.005967805703200928	0.1116929486621958	0.01017776935339914	0.1089772651400174	0.01000487375321141	0.01003802080872076	0.04538107851468978	0.01000640547250892	0.01000422666442865	0.1272775314085444	0.1102188971985564	0.07643228431154209	0.01000717854659216	0.08994082889333327	0.01000485010339917	0.01000142489307873	0.1557360562783175	0.1745373153370516	0.01000147314818336
0.004978667190568851	-0.5320205978757875	1.218073696402048	0.8503757382440608	0.2441151883673129	0.8268660137387885	0.4889642037527174	-0.2863104143090269	-0.04442710281189919	0.1533190261208477	-0.08752504608935187	-0.5477176754246192	1.42774265850053	-0.005149846402323043	1.110700325435977	-1.310239177460733	1.147172736563359	-3.71001213951855	0.9399584165393436	-2.48061265189947	-4.486694693732149	0.09440908024273192	0.01015010899566031	0.09452700632782937	0.01008476185792744	0.01042900663537989	0.04466332321134988	0.01000611060311718	0.01000501326517829	0.1368437575765478	0.09205246509508867	0.07357678426921761	0.01000732195505732	0.09553514207087815	0.01048748792941463	0.01000146853531009	0.1665822685173681	0.1907004252527027	0.010001547879979	0.003502584510571968	0.1148247352600855	0.01014996049373995	0.1120853526575519	0.01000374461111048	0.01002836912444196	0.04467665121765803	0.01000467925482573	0.0100029539552749	0.1173263902504185	0.1096028853090426	0.07615804331185627	0.01000557948232233	0.08991990788406898	0.01000384753351141	0.01000111916666432	0.1529890486026454	0.1701272961953231	0.0100010921061281
0.009957334381137703	-0.5355273553115556	1.225038100182649	0.8504674451558919	0.2513879687719506	0.8218871722799737	0.4953688842330421	-0.3058758903398291	-0.04174407514066231	0.1395932963128259	-0.1015232969365762	-0.8432878616235508	1.370770751436369	0.04317047355497487	1.787802766991599	-0.7163176527102083	1.405324159736441	-4.139308967311661	0.1203583114740011	-3.043417163681684	-0.8090685871354892	0.0998614618003658	0.01014575195618595	0.09927176862699086	0.01006107189813423	0.01031130078884819	0.04456558693740547	0.01000542723142825	0.01000421797849181	0.1310793006530691	0.09632654635404662	0.07420213106113493	0.01000656800202828	0.09414134898242559	0.01034706087191606	0.01000131967505316	0.1632260070785873	0.1857448413086617	0.01000135644408673	0.001037363317943009	0.1179565218579752	0.01012215163408077	0.1151934401750864	0.01000261546900955	0.01001871744016316	0.04397222392062626	0.01000295303714254	0.01000168124612115	0.1073752490922926	0.1089868734195287	0.07588380231217046	0.0100039804180525	0.0898989868748047	0.01000284496362365	0.01000081344024991	0.1502420409269732	0.1657172770535947	0.01000071106407285
0.01493600157170655	-0.5403539456030617	1.231723916097263	0.8508151311837497	0.2618301170302881	0.8194939302671795	0.5028818550343209	-0.3274464531304359	-0.04265465291557255	0.1228713726095545	-0.09912288679043613	-1.05464436213579	1.318123900385035	0.0972621028189225	2.349972768282809	-0.3087767290351123	1.567889465023586	-4.503577824766177	-0.4101868737157186	-3.673850057524783	1.46072495390675	0.1045004538647908	0.01014140019830515	0.1034275873941101	0.01004405588366966	0.01022603250294422	0.04426376443978856	0.01000473838791911	0.01000349392662304	0.1253581665914541	0.09861213014534972	0.07437603028174994	0.01000586789923627	0.09319664540714165	0.01024700005039714	0.01000118931879432	0.1600321941193747	0.1809585018240483	0.0100011602061027	-0.00253257557825897	0.1194912352052754	0.01013864319938638	0.1170839812473413	0.01000262419288582	0.01001783457542686	0.04298052579854881	0.01000315933974815	0.0100017762154418	0.1061872222801813	0.102413017692195	0.07395610517257237	0.01000432918021824	0.09074816317642954	0.01000343429122655	0.01000092498489612	0.1478484706958758	0.1620258271037614	0.01000065644959323
0.01991466876227541	-0.545620786502911	1.238194060108864	0.8514435064500552	0.2742200549717649	0.8181783396573682	0.5105342829400059	-0.3504973832849896	-0.04507205180404573	0.1030131619043594	-0.09009125005236704	-1.020142665763407	1.284132342111406	0.1559272528954622	2.570257027841306	-0.2834100648674679	1.461346020810667	-4.733993167164831	-0.4849527341844331	-4.303307366627796	1.854787571809534	0.1083453368600472	0.01014315843555519	0.1070002122063794	0.01003203104894173	0.01016548305514986	0.04377313394252498	0.01000431202619488	0.01000301003505506	0.1206691551305991	0.09869291451405453	0.07400662658082596	0.01000547535224432	0.09269945730196467	0.01017641866327513	0.0100011298953667	0.157005772348571	0.176384200691626	0.01000100549646003	-0.006102514474460949	0.1210259485525755	0.01015513476469199	0.1189745223195962	0.0100026329167621	0.01001695171069057	0.04198882767647136	0.01000336564235376	0.01000187118476245	0.1049991954680699	0.09583916196486127	0.07202840803297428	0.01000467794238397	0.09159733947805439	0.01000402361882945	0.01000103652954233	0.1454549004647783	0.1583343771539281	0.01000060183511362
0.02489333595284426	-0.5501161117692906	1.244542318895127	0.8523669478852077	0.2868682163181315	0.8161955378932543	0.5170019685195815	-0.3743780771190927	-0.04752868252911221	0.08009210437134376	-0.08043219403496711	-0.7681350867546475	1.267755437670517	0.2143528039457376	2.484007809701413	-0.5372241520542618	1.118253883444326	-4.845958013576729	-0.4874679777796513	-4.900674992642099	1.999314114846643	0.1114350546537405	0.01014517015070576	0.1100379701841142	0.01002345198140785	0.01012200601227039	0.04339659807308976	0.01000405755405368	0.01000269541405729	0.1168338545377101	0.09542531854710931	0.07293426982008536	0.01000529698373576	0.09261078283667921	0.01012645476874456	0.01000113684347454	0.15399363304523	0.1718061762367133	0.01000087761236673	-0.006845582981045593	0.1211466528351716	0.01014547746534883	0.1199902020455325	0.01000249893378865	0.01001533634547223	0.04275269004364254	0.0100035035785436	0.01000198218523543	0.1042382946500841	0.07590750397795955	0.06783078540889623	0.01000503024285812	0.09302950944710175	0.01000540775236195	0.01000126006608909	0.1420761379958694	0.1531522013940723	0.01000053398329189
0.02987200314341311	-0.5530945428811009	1.250834489687437	0.8535711255951507	0.2986885109903592	0.8125888968508413	0.5214843072461131	-0.3986182096389422	-0.04978212868425184	0.05425260263502781	-0.07044305561723697	-0.4107851452061523	1.261601013085334	0.2687029271565062	2.237691448373425	-0.935728931765095	0.6638045227415149	-4.878384693577482	-0.4033306604524104	-5.475687076335714	1.987386270832846	0.1137902240452529	0.01014376120557059	0.1125701130347936	0.01001734901835555	0.01009079736891183	0.04333197391369072	0.01000391814737973	0.0100025055979011	0.1137181071018721	0.08795512955089403	0.07104855444567758	0.01000527422242279	0.09290282540925213	0.01009153899556693	0.01000120730203883	0.1508850482041053	0.1670654761716489	0.01000076733158087	-0.007588651487630237	0.1212673571177677	0.01013582016600567	0.1210058817714687	0.01000236495081521	0.0100137209802539	0.04351655241081372	0.01000364151473344	0.01000209318570842	0.1034773938320983	0.05597584599105783	0.06363316278481819	0.01000538254333225	0.09446167941614911	0.01000679188589445	0.01000148360263585	0.1386973755269606	0.1479700256342165	0.01000046613147017
0.03485067033398196	-0.5541848377187594	1.257110709274738	0.8550306572553795	0.3090843817899717	0.8068517282636632	0.5235966201629505	-0.4228754341626555	-0.05159918918935176	0.02558705482494662	-0.06072921799123229	-0.02898147281124862	1.259976224348527	0.3163914023889016	1.936783176581237	-1.368272078853529	0.1876087907391007	-4.85919703285257	-0.322758386143621	-6.038572604418666	1.915518041216179	0.1155468575642826	0.010140076727747	0.1146233885248751	0.01001298081777046	0.01006819070219891	0.04350034782623035	0.01000385645586661	0.01000240221185028	0.1111786459099461	0.07683946770649137	0.06841888279800927	0.0100053561018058	0.09357488124281874	0.01008246848724956	0.01000143613613066	0.147353852899203	0.1618556267325381	0.01000067637935354	-0.008635398293792002	0.1209301803595747	0.0101268238525176	0.1211681016205146	0.01000232695672812	0.0100126063599674	0.0443474116196888	0.01000376495908062	0.01000220246416074	0.1029194073566416	0.03299378140253921	0.05838209989175527	0.01000571225735825	0.09665307586307575	0.01010897021795336	0.01000245546514599	0.132391589303309	0.1398570253971957	0.01000044478543736
0.03982933752455081	-0.5534008449172954	1.26338380363238	0.8567093938308797	0.3179568651586031	0.7989715199727805	0.5233809459745417	-0.446934318676749	-0.05295761119496566	-0.005864626463547726	-0.05136242907600947	0.3421423205689403	1.260345564680747	0.3567605966210046	1.625725485690846	-1.796617847464988	-0.2713803417686116	-4.798708747180424	-0.2190891826986682	-6.594915724209597	1.847971967206574	0.1167940174624917	0.01013483508341301	0.1162137595660839	0.01000988230027077	0.0100518842997585	0.04384988746087347	0.01000384905162589	0.01000236118545987	0.1091113261758194	0.06239712017329102	0.06508944749276324	0.01000551065326834	0.09462563836615449	0.01010601269053555	0.0100018828488994	0.1431642056142974	0.1559509691119742	0.01000060583783174	-0.009682145099953767	0.1205930036013816	0.01011782753902953	0.1213303214695605	0.01000228896264104	0.0100114917396809	0.04517827082856388	0.0100038884034278	0.01000231174261306	0.1023614208811849	0.0100117168140206	0.05313103699869236	0.01000604197138426	0.09884447231000239	0.01021114855001227	0.01000342732765613	0.1260858030796575	0.1317440251601748	0.01000042343940455
0.04480800471511966	-0.5508482016041084	1.26965946757092	0.8585701377841302	0.325323534066056	0.789042890978343	0.5209801578740587	-0.4706094001529957	-0.05382382599505261	-0.04006575447000969	-0.04244454721857482	0.6781608102869578	1.26062159783959	0.389618884978263	1.336756449645944	-2.186504647309034	-0.6867614178326278	-4.708925952857137	-0.1278126382586485	-7.140512536856527	1.738865838266269	0.1175529153855988	0.0101308814840811	0.1172540409369751	0.0100076815473245	0.01004001019061686	0.04396434461378682	0.01000387456115643	0.01000235376634055	0.1074723148914192	0.04852204659551911	0.06288122112621042	0.01000553325191601	0.09662500694730605	0.01012249548247565	0.01000219544929285	0.1366958521954087	0.1459457206823468	0.01000057820333107	-0.01012433114889973	0.1193784048152169	0.01012435691874739	0.119834050607806	0.01000235427016559	0.01001073728952809	0.04344242921194233	0.0100039804388371	0.01000235743018595	0.1023587668885488	0.01006710464883061	0.05985814120845532	0.01000517685565485	0.1062249025516884	0.01011864825141839	0.01000252963226476	0.1051014151449777	0.09360034948589663	0.0100005902507826
0.04978667190568851	-0.5466992446600818	1.275935691652792	0.8605779336166783	0.3312991436844817	0.7772529953495366	0.5166052472656251	-0.4937930411252118	-0.05421964256508532	-0.07692883739269871	-0.03400414438903512	0.9834037553946559	1.260570582173811	0.4158333861034231	1.066917578750633	-2.544314598311904	-1.064412868182348	-4.60129024410689	-0.03012365443524945	-7.664260115590793	1.656161987186564	0.1178363205438942	0.01013000092371265	0.1176824355187544	0.01000614525536395	0.01003139617220094	0.04357264401501351	0.01000391957803244	0.01000236191972065	0.1062294018848044	0.03810048702828368	0.06302132016447823	0.01000529554754563	0.09995201503556851	0.01010702826671165	0.0100021531538997	0.1267440933988273	0.1292146619641378	0.01000060758648007	-0.01056651719784569	0.1181638060290522	0.01013088629846526	0.1183377797460514	0.01000241957769015	0.01000998283937529	0.04170658759532078	0.01000407247424639	0.01000240311775883	0.1023561128959126	0.01012249248364063	0.06658524541821828	0.01000431173992545	0.1136053327933744	0.01002614795282451	0.0100016319368734	0.08411702721029796	0.05545667381161841	0.01000075706216066
0.05476533909625737	-0.5411020497289729	1.282209920005017	0.8627011191058156	0.3359783440895368	0.7637647402605097	0.5104356591244654	-0.5164218215282876	-0.05415765984094617	-0.1164402797517222	-0.02603143077518974	1.264150710620157	1.259796910652621	0.4363516768846294	0.8121559567691148	-2.872605783294499	-1.413052189363053	-4.496092500088578	0.05464716638557624	-8.123964358346569	1.550731749325156	0.1177840781992883	0.01013452061951749	0.117614236774626	0.01000507314331078	0.01002506357977959	0.04250575454081489	0.0100039815416653	0.01000237712719699	0.1052976047439686	0.03495878559430245	0.06497800443243369	0.01000494252184949	0.1041064639590859	0.01008200538782711	0.01000194549207933	0.1142479718972861	0.1088667540820566	0.0146269048338568	-0.01050290088547139	0.1171141796078416	0.01015880777868023	0.11652946105558	0.01000250203130584	0.01000933716201089	0.03777761385097117	0.01000418675409161	0.01000242416016844	0.1024543659210616	0.04161835958351063	0.07407285540842522	0.01000387556486071	0.1198827955905286	0.01001645414857288	0.01000126574597634	0.06498118661532321	0.0327318320974235	0.04038896922396838
0.05974400628682621	-0.5341208016165252	1.28847913921708	0.8649155828452535	0.339379814077121	0.7486644317734849	0.5025444185776342	-0.5386326981793527	-0.05367924459833912	-0.1569847278765889	-0.01852173094525432	1.539397209857075	1.258558340843215	0.452501131540205	0.5536354594257225	-3.19189891890374	-1.756024636487686	-4.433412482457141	0.1371630941002899	-8.079232922720097	1.470162900632405	0.1174919353805301	0.01014590030019989	0.117127305490528	0.01000433958080174	0.01002039840566399	0.0406500248123964	0.01000405884593908	0.01000239404565696	0.104617197859279	0.04136730255710562	0.06837578045095849	0.01000456511407613	0.1087526229662068	0.01006147546547787	0.01000169134456405	0.09987405013618279	0.08724506000028777	0.02657077301834961	-0.0104392845730971	0.116064553186631	0.01018672925889519	0.1147211423651085	0.01000258448492154	0.0100086914846465	0.03384864010662157	0.01000430103393682	0.01000244520257804	0.1025526189462106	0.07311422668338063	0.08156046539863215	0.01000343938979597	0.1261602583876829	0.01000676034432127	0.01000089955507928	0.04584534602034845	0.01000699038322857	0.07077718138577609
0.06472267347739506	-0.5257711905802868	1.294740274671741	0.8672014736802652	0.3414849960527538	0.7319920331281744	0.4929435635780692	-0.5607417647198605	-0.0528252131705708	-0.1945062145354343	-0.01144031937551449	1.810617458491627	1.25635333617987	0.4652289002215213	0.2975267355378653	-3.500159912428431	-2.096126982621711	-4.459992497154083	0.2043369935526068	-6.870126856666641	1.377358544265411	0.1171158225779335	0.01016140945595979	0.1164093871576702	0.01000383391163278	0.01001690368757035	0.03840538106261161	0.01000414968143329	0.01000241690678723	0.1040604436750193	0.04938407016388626	0.07185290379558809	0.01000423724865739	0.1132912009403297	0.01004568175011113	0.01000146444003867	0.08758479488171178	0.06759469744834826	0.03957119850309132	-0.01066071187126484	0.1157890993682195	0.01021048447724783	0.1135875269135028	0.010002619293825	0.01000812534919388	0.03118731837711364	0.01000443414469621	0.01000249738197249	0.1021419786333174	0.06883762420800708	0.08200882377791278	0.01000343861141925	0.1287353609187385	0.01000764115807136	0.01000092326869185	0.0543471120257433	0.01000696315230238	0.07553438200651942
0.06970134066796392	-0.516133106014839	1.300986344166073	0.8695426040271672	0.3423969660608613	0.7138666962412821	0.4817188394784418	-0.5831606760274864	-0.05166028804191868	-0.2241627059384988	-0.004778834462023646	2.056994984893642	1.25250613450026	0.4746916134139167	0.0743055823844099	-3.775564460051099	-2.408355487192993	-4.557881448107656	0.2620534249027029	-4.919754700581281	1.301472510869188	0.1167637277034942	0.01017933518544763	0.1155904184098642	0.01000348672604374	0.010014267668445	0.03603515928486754	0.01000425291320878	0.010002448364892	0.1035391127775818	0.05397162313700456	0.07452474427360961	0.01000400529448111	0.117323840256147	0.01003477659520931	0.01000131102440358	0.08033058839128084	0.05246906267098515	0.0499990132238821	-0.01088213916943258	0.1155136455498079	0.01023423969560047	0.1124539114618971	0.01000265410272847	0.01000755921374125	0.02852599664760571	0.01000456725545561	0.01000254956136694	0.1017313383204242	0.06456102173263352	0.0824571821571934	0.01000343783304251	0.1313104634497941	0.01000852197182145	0.01000094698230442	0.06284887803113816	0.01000693592137619	0.08029158262726274
0.07468000785853278	-0.5053601153698047	1.307208484459507	0.8719229798288599	0.3423174383507711	0.6944850437111939	0.4690455021630827	-0.6061568759937425	-0.05024644983820147	-0.243914673266019	0.001510253849161842	2.264989644311549	1.246790188938282	0.4811057319698294	-0.09896051360407555	-4.003643746661108	-2.675985889135811	-4.678776680447724	0.3045822550242839	-3.09224626018011	1.228330239764071	0.1164327614607808	0.01019923450565782	0.1146846201545002	0.0100032495556956	0.01001225628714196	0.03359942697193465	0.01000436297697044	0.01000248463291694	0.1030386661660999	0.05703356052325743	0.07676591714642673	0.01000382476991929	0.1210264119664164	0.01002722214088528	0.01000120248004174	0.07607043622624245	0.0410232483083984	0.05751834681216945	-0.01096303623027082	0.1152627098967511	0.01025992752777277	0.1112352327892916	0.01000268843817581	0.01000717737384163	0.02604140653349634	0.01000468871579805	0.01000259413174698	0.1012766975153118	0.06632250809364622	0.08399945668613033	0.01000333754845362	0.1342046510223042	0.01000910456093197	0.01000093024625334	0.06433145793068752	0.01000601252749044	0.07614568552875745
0.07965867504910162	-0.4936363631499501	1.313398819012494	0.8743288252353487	0.3414841966432086	0.6740675094559622	0.455140015190089	-0.6297365136738117	-0.04864063255809047	-0.2557235397195388	0.007485799156572755	2.438929159720268	1.239729325076411	0.4849231085834596	-0.228471832387164	-4.191692584048367	-2.903327176906443	-4.792256514462489	0.3391740936538792	-1.728900375663589	1.175517912983272	0.1161209146904515	0.01022082955490881	0.1137018687509366	0.01000309199883063	0.01001072271883968	0.03113800686326563	0.01000447638253336	0.0100025233354495	0.1025490937502557	0.05973235502422019	0.07881885767089723	0.01000366777399296	0.1245152066706794	0.01002205348206129	0.01000112085670606	0.07326247678447	0.03250126043336993	0.06184100813842658	-0.01104393329110906	0.1150117742436942	0.01028561535994506	0.1100165541166862	0.01000272277362314	0.01000679553394201	0.02355681641938698	0.0100048101761405	0.01000263870212702	0.1008220567101994	0.0680839944546589	0.08554173121506727	0.01000323726386473	0.1370988385948143	0.01000968715004249	0.01000091351020225	0.06581403783023687	0.0100050891336047	0.07199978843025216
0.08463734223967047	-0.481122622096007	1.31955132446007	0.8767477699237896	0.3401025046311776	0.6528024320662963	0.440193324028493	-0.6538337403457761	-0.04688576155189655	-0.2621130858651263	0.01322048810139486	2.584094150545228	1.231695775417361	0.4864160615114515	-0.321975951958769	-4.346260898143544	-3.096259903429138	-4.885659593411757	0.3648892478751274	-0.8862809370258368	1.130473659557418	0.1158214504508637	0.01024529080008862	0.1126575923396658	0.0100029906185924	0.01000954363122282	0.02866367872330721	0.01000458329834442	0.01000255829577221	0.1021006079955577	0.06180551848403033	0.08064490414391891	0.01000352724922275	0.1277750654015575	0.01001866078476899	0.01000105959135413	0.07142547193586374	0.02621938985500703	0.06454746767310274	-0.01113899882073341	0.1147448592786925	0.01032236639090661	0.108770031451799	0.0100027628385985	0.01000656152098525	0.02111123048281473	0.01000487392929426	0.01000264768786411	0.1006255883263782	0.06715984302407615	0.08639849275099551	0.01000313781409342	0.1394101761287949	0.0100110465165776	0.01000090763242411	0.06643049434020014	0.01000475278143196	0.07230424920148927
0.08961600943023931	-0.4679447150603426	1.325662010038138	0.8791684027707981	0.3383239498088932	0.6308353880909195	0.4243563898551187	-0.6783619999642876	-0.04501619818112123	-0.2650305858479909	0.01876507689861103	2.705733891016538	1.222929700554897	0.4856012653818164	-0.3878971529691985	-4.473682344961817	-3.260950202207493	-4.965408459438503	0.3852476156846629	-0.3341310462481417	1.099152033415064	0.1155296993571802	0.01027335242094551	0.1115625237059427	0.0100029307142937	0.01000864166116749	0.02618489009793184	0.0100046775576159	0.01000258563957785	0.1017139468847211	0.06307972420795654	0.08221786847258392	0.01000339876882513	0.1307949416440971	0.01001666146735007	0.01000101456735762	0.07022062966894251	0.02164721552078127	0.06661037878847018	-0.01123406435035777	0.1144779443136907	0.01035911742186816	0.1075235087869118	0.01000280290357386	0.01000632750802848	0.01866564454624248	0.01000493768244802	0.01000265667360121	0.100429119942557	0.06623569159349341	0.08725525428692378	0.01000303836432212	0.1417215136627756	0.01001240588311272	0.01000090175464597	0.06704695085016341	0.01000441642925922	0.07260870997272637
0.09459467662080817	-0.4542147411448839	1.331727438059961	0.8815792703635684	0.3362772394736914	0.6082965283764652	0.4077638446969072	-0.7032605433248927	-0.04306170057156291	-0.2656552812719454	0.02416712686339429	2.806739330720572	1.213561617856542	0.4825244004380086	-0.4310948159033809	-4.576951827281182	-3.400813539426543	-5.034951366199521	0.3991815746302078	0.06439550253106133	1.071946241132441	0.1152408446749692	0.01030370710641637	0.1104381872394666	0.01000289991252019	0.01000794899346453	0.02374249983024339	0.01000476670574686	0.01000261040214335	0.1013448557276512	0.06378931718814285	0.08357463615318292	0.01000328088718535	0.1335758629180936	0.01001574797681929	0.01000098162952525	0.06929835911968515	0.01833079666702649	0.06810015414187112	-0.01109441904552843	0.1141878125322096	0.01039450604338371	0.1063486644186296	0.0100028448820608	0.01000620356495313	0.01648777416321228	0.01000502554049142	0.01000268340430926	0.1000090511343058	0.06537636846591266	0.08786761686419706	0.01000295353540591	0.1435310046255745	0.01001453752002193	0.01000090114574262	0.06630524581248301	0.01000425850266302	0.07208209035178352
0.09957334381137703	-0.4400274294885231	1.337745095548503	0.8839695401813371	0.3340632589823679	0.5852963962650813	0.3905301236969564	-0.7284794474242464	-0.04104858044643511	-0.2645764437555543	0.02944895578960149	2.889452836498836	1.203739611489562	0.4773268521350082	-0.45509190532593	-4.658981896998295	-3.518519475354933	-5.094101836818141	0.4087970975802636	0.3502018744018762	1.05085757020769	0.1149515515879396	0.01033553485108719	0.109299546164696	0.01000289045210483	0.01000742309014277	0.02136323141740135	0.01000485547555536	0.01000263574181867	0.1009629551043062	0.06408493957198141	0.08473918760951327	0.01000317269754997	0.1361177880074152	0.01001572738282278	0.01000095817154163	0.06842168623222926	0.01594964205069607	0.0690596089923244	-0.01095477374069909	0.1138976807507285	0.01042989466489926	0.1051738200503473	0.01000288686054773	0.01000607962187778	0.01430990378018207	0.01000511339853482	0.01000271013501731	0.09958898232605459	0.06451704533833191	0.08847997944147035	0.01000286870648971	0.1453404955883735	0.01001666915693113	0.01000090053683926	0.06556354077480263	0.01000410057606681	0.07155547073084069
0.1045520110019459	-0.425470544950267	1.343712922941483	0.886328897508627	0.3317726699600307	0.5619372261219313	0.3727617469606098	-0.7539665775709791	-0.03899965788565463	-0.2622984965982244	0.03463038533196456	2.955805484336	1.193583704607386	0.4701577085821062	-0.4627227820682014	-4.7219009218416	-3.616280100354394	-5.142567988040169	0.4137251309366096	0.5533640742006217	1.031109194491122	0.1146510040354515	0.01036698671671961	0.1081520759151463	0.01000289679320846	0.01000702674585425	0.01912766987519099	0.01000494867998653	0.01000266428026784	0.1005565596745119	0.06398207831136091	0.08572952426733291	0.01000307330620322	0.1384203087326198	0.01001668016590423	0.01000094243329399	0.06762158345074273	0.01423798824027913	0.06957624949605153	-0.01086335578692375	0.1135201935948034	0.0104561122686044	0.1040144029086074	0.01000293523926706	0.01000604552906203	0.01279001094529498	0.01000523202188471	0.01000275519022507	0.09905220236345635	0.06293597918415005	0.0888349112618628	0.01000279740820988	0.1466434421373641	0.01002111369264771	0.0100009073600317	0.06513954121689468	0.01000412254542546	0.07059012963337657
0.1095306781925147	-0.4106198323687917	1.349629647918043	0.8886480489820617	0.3294791417773265	0.538306943359353	0.3545515352951446	-0.7796671400102407	-0.0369345423445747	-0.2591810930503587	0.03972117588183773	3.007487655659405	1.183211058470556	0.4611756002079526	-0.4562726048906715	-4.76789161370925	-3.696010723408	-5.17984056531094	0.4153020433763954	0.6874232070424008	1.014446624753105	0.1143317183096743	0.01039690288255624	0.1069995811053817	0.0100029154609996	0.01000673662330026	0.01708791817754044	0.01000504933793597	0.0100026976619137	0.1001176568017272	0.06348980900975221	0.0865573504338429	0.01000298215256297	0.1404824875182431	0.01001865680027547	0.01000093331076415	0.06691876806434717	0.01301830691056288	0.06970624383425171	-0.01077193783314841	0.1131427064388782	0.01048232987230954	0.1028549857668674	0.01000298361798639	0.01000601143624627	0.01127011811040788	0.0100053506452346	0.01000280024543283	0.0985154224008581	0.06135491302996817	0.08918984308225525	0.01000272610993005	0.1479463886863548	0.0100255582283643	0.01000091418322414	0.06471554165898671	0.01000414451478411	0.06962478853591247
0.1145093453830836	-0.3955457247859823	1.355494357221102	0.8909182051687095	0.3272490840120438	0.5144867601920239	0.3359862611744066	-0.8055264981400462	-0.03487012533186026	-0.2555142677823125	0.04473264241491402	3.045971386381087	1.172716099282317	0.4505229233559158	-0.4377121146417011	-4.798745962450945	-3.759404056836651	-5.206532630189495	0.4136316750195955	0.7786949582249556	0.9992851696277412	0.1139854674960398	0.01042663855665028	0.1058448657017564	0.01000294464362601	0.01000653202206928	0.01535388753506748	0.01000514863440665	0.0100027306625223	0.0996898964347309	0.06263958561085191	0.08724078340203092	0.01000289742141818	0.1423198191063356	0.01002233782725832	0.01000092964008786	0.06636698266456242	0.01214577835493687	0.06948532173952796	-0.01088879119151721	0.1126622744337053	0.01051435810827572	0.1017078910541751	0.01000304478359491	0.01000605420940117	0.01085115226911337	0.01000542644259149	0.01000282077154822	0.09825473544952307	0.05923171844155237	0.08935199821479714	0.01000265939853931	0.1488774672726704	0.01003650787017464	0.01000092661530702	0.06487812289143087	0.01000428607247333	0.06814669170769495
0.1194880125736524	-0.3803101911642414	1.361306691535064	0.8931315186870873	0.3251392220343	0.4905467485253059	0.3171429305108133	-0.8314934844889041	-0.03281957128469991	-0.2514960393049077	0.04967692719662573	3.072334744496644	1.162171295348776	0.4383411080746934	-0.4079882813160481	-4.816028391154481	-3.807709911061553	-5.223076319336039	0.4097330977694437	0.8285867711815718	0.9874587731890622	0.1136065601712688	0.01045704390269572	0.1046898739406731	0.01000298320461446	0.0100063999577657	0.01399538468687905	0.01000524104023519	0.01000276000522542	0.09930320200182631	0.06145160173391535	0.08779177751643533	0.01000281797418741	0.1439424890428103	0.01002815009069615	0.01000093069124035	0.06600198633974542	0.01152655319361752	0.06893641662619653	-0.01100564454988601	0.1121818424285323	0.0105463863442419	0.1005607963414827	0.01000310594920344	0.01000609698255608	0.01043218642781886	0.01000550223994838	0.01000284129766361	0.09799404849818802	0.05710852385313656	0.08951415334733902	0.01000259268714856	0.1498085458589861	0.01004745751198498	0.01000093904738989	0.06504070412387503	0.01000442763016256	0.06666859487947743
0.1244666797642213	-0.3649727694272311	1.36706648163828	0.8952805751785274	0.3232047236400745	0.4665531870462739	0.2980957335356025	-0.8575172054434066	-0.0307936811528129	-0.2473445602927347	0.05457001476631988	3.086368124498173	1.151601351821705	0.4246922935016942	-0.3666500446877944	-4.819643828434264	-3.840680751024577	-5.229400525670431	0.4036141107544565	0.8370478990821784	0.9790851920667027	0.1131856179283718	0.01048846719505546	0.1035395095859896	0.0100030309768946	0.01000632867572612	0.01295471195210177	0.01000531455664321	0.01000277921707607	0.0990069765488687	0.05995935264722141	0.08823731965006364	0.01000274226371815	0.145359992289663	0.01125131863144697	0.0100009355932592	0.06557664156999954	0.01108467704659171	0.06835768595899293	-0.01062663178843116	0.1115617796515219	0.01058203832690032	0.09945170532956915	0.01000318477724596	0.01000620784255403	0.01035840740017462	0.01000548567079189	0.01000281211407609	0.09819972967516145	0.05456993586346812	0.08961451626805393	0.01000252641072792	0.1503755807952069	0.0180279260495591	0.01000095521889557	0.0637586382251184	0.01000442917424011	0.06674145137122935
0.1294453469547901	-0.3496036147281599	1.372773418793916	0.897357608064471	0.3215130255269975	0.4425845788219806	0.2789311924893159	-0.8835482971820928	-0.02880544104312092	-0.2431819081096441	0.05943519158338644	3.085082314902758	1.140939529633587	0.4094082217465403	-0.3104520229189625	-4.806004317463914	-3.854848656604733	-5.226037261250422	0.3946085582163761	0.8330751850343413	0.9762466344880918	0.1127161506843808	0.01052112695346982	0.1023971625628432	0.01000308785566702	0.01000631080281908	0.01219374632695131	0.01000536165743885	0.01000278423795211	0.09883498721055516	0.05818485724651765	0.08859548136183872	0.0100026693195696	0.1465785268212281	0.0144386961057211	0.01000094379983985	0.06492590208626231	0.01077170758234663	0.06794862200629809	-0.01024761902697631	0.1109417168745114	0.01061769030955875	0.09834261431765556	0.01000326360528848	0.01000631870255198	0.01028462837253039	0.0100054691016354	0.01000278293048858	0.09840541085213489	0.05203134787379968	0.08971487918876885	0.01000246013430728	0.1509426157314277	0.02600839458713321	0.01000097139040124	0.06247657232636179	0.01000443071831766	0.06681430786298127
0.134424014145359	-0.3342844015274724	1.378426929320558	0.8993541755783049	0.3201443905577795	0.4187334052983157	0.2597491825081076	-0.9095387681146525	-0.02687086219661478	-0.2390439830693981	0.06430038521950428	3.065794196662961	1.130141845827417	0.3923496637567238	-0.2362447089729806	-4.77186607376447	-3.847104211486692	-5.213032398693784	0.3819736130175826	0.8291401907875054	0.9790698160490499	0.1122266077861449	0.01054732015094458	0.1012917358149783	0.01000314936663835	0.01000633324201075	0.01164335351642759	0.0100053833977567	0.0100027771470909	0.09877154149257125	0.05616951945777916	0.08888020372934272	0.01000260028134548	0.1475845806900565	0.0192346279713216	0.01000095503587301	0.06410701819801369	0.01054865407718346	0.06762765815629905	-0.01015329395538382	0.1104521366962096	0.01060530491311528	0.09747532360256067	0.01000333134263133	0.01000645060288706	0.01030494445742424	0.01000540661201797	0.0100027389827948	0.09873628788095043	0.04924861923466249	0.08974581491471659	0.01000240685410139	0.1509881706429211	0.03580250635512661	0.01000099236922124	0.06116892843508018	0.01000448334775626	0.06662200065894172
0.1394026813359278	-0.3191069951908287	1.384026493616202	0.9012614661767624	0.319191555469395	0.3951041483844073	0.2406614090418679	-0.9354396273631804	-0.02500762904973087	-0.2349263477159991	0.06919308241481653	3.028116518386419	1.119268576737687	0.373544440339512	-0.14341941420061	-4.716857318200088	-3.816992531776707	-5.19003899465729	0.3659479936217694	0.8249245384610486	0.9872952014552302	0.1117366750161098	0.01056221311302184	0.1002431593591177	0.01000321270334413	0.01000638777822758	0.01125915804918451	0.0100053804394355	0.0100027592486873	0.09880582649310801	0.0539410039986709	0.08910085080584072	0.01000253586384962	0.1483683470813765	0.02540744229747934	0.01000096912879716	0.06315811464588543	0.01039085228256075	0.06734016746904384	-0.01005896888379133	0.1099625565179078	0.01059291951667181	0.09660803288746578	0.01000339907997417	0.01000658250322214	0.01032526054231808	0.01000534412240055	0.01000269503510102	0.09906716490976594	0.04646589059552529	0.08977675064066434	0.01000235357389551	0.1510337255544145	0.04559661812312001	0.01000101334804124	0.05986128454379859	0.01000453597719486	0.06642969345490216
0.1443813485264967	-0.304162083785989	1.389571900305263	0.9030709404632871	0.3187464805552783	0.371799479101154	0.2217782381155438	-0.9612004593903574	-0.02323198295723998	-0.2308345080742746	0.07413846383122409	2.973411406368858	1.108445647835643	0.3531546568364842	-0.03341524010991459	-4.642780765432879	-3.766082472446949	-5.156586046693661	0.3472133539407731	0.8164295726701158	0.9998665820147393	0.1112380964059107	0.01056537286432794	0.09925581197976771	0.01000327575831075	0.01000646648848576	0.01101282884676808	0.01000535988140822	0.01000273457019389	0.0989105566854809	0.05152952755703862	0.08926040608917406	0.01000247641471677	0.1489354922214488	0.0317886069329486	0.01000098611649904	0.06223306168122934	0.01027850728549079	0.0668911362561342	-0.01008485192905773	0.109406513722692	0.01055508503026044	0.09588607013669141	0.01000345666605544	0.01000672670657216	0.0104886971447464	0.01000527872914767	0.01000265584955952	0.09938099865587115	0.04349390688408108	0.08970172154858198	0.01000231181193784	0.150675114280185	0.05049776877666424	0.01000104028876517	0.05942148275097432	0.01000483479630739	0.06486824116966458
0.1493600157170655	-0.2895201685714596	1.395064126267617	0.9047760339585648	0.318878326416889	0.3488960585383801	0.2031867365014436	-0.9867669561203417	-0.02155170784271425	-0.2268207323369265	0.0791543970369627	2.906398725497483	1.097905137711666	0.3316132216944382	0.08833770018358471	-4.555670113877603	-3.699824903478207	-5.111971791655762	0.3276361411941379	0.7935651821516191	1.015636839047138	0.1107251630741677	0.01055652641723722	0.09833265232843631	0.01000333720963423	0.01000656440311569	0.01088628493142677	0.01000532617643758	0.01000270563780183	0.09906707915206568	0.04895541788625726	0.08936085616227706	0.01000242215199913	0.1492896528822965	0.03767670620113306	0.01000100602274207	0.06143472134424935	0.010199149657505	0.06615016957338589	-0.01011073497432413	0.1088504709274762	0.01051725054384907	0.09516410738591706	0.0100035142521367	0.01000687090992217	0.01065213374717472	0.01000521333589479	0.01000261666401801	0.09969483240197635	0.04052192317263686	0.08962669245649962	0.01000227004998017	0.1503165030059554	0.05539891943020847	0.0100010672294891	0.05898168095815003	0.01000513361541992	0.06330678888442702
0.1543386829076344	-0.2752343780925443	1.400504954995854	0.9063717620001622	0.3196359657908391	0.3264484033205874	0.1849539008718496	-1.012082882643413	-0.01996796937941838	-0.2229594519673011	0.0842541923530517	2.831569792362781	1.087852758193177	0.309342551929667	0.2164784120208061	-4.461242012731032	-3.623412254243633	-5.055983828810666	0.3088940876830818	0.758606980359124	1.033122771892806	0.1101491133246097	0.01054309329089871	0.09741242233751424	0.01000340177312834	0.01000668447438967	0.01084424555677643	0.01000529192182065	0.01000267770940115	0.0992227607610585	0.04614696039298501	0.08941177508633026	0.01000237175735448	0.1494767213735527	0.04319215032797442	0.01000102885017156	0.0605381934946496	0.01014271075057162	0.06540083281313837	-0.009956053238123921	0.1078789747100398	0.01050405940209463	0.0940918565230052	0.01000359951667866	0.01000707285791489	0.01082277890064542	0.01000520415369849	0.01000260340657105	0.09970232835351175	0.03673620006992805	0.08950661436517166	0.01000223002652153	0.1499154650127048	0.06001860303898932	0.01000110002462541	0.05715458242997075	0.0100053075552518	0.06325110671133062
0.1593173500982032	-0.2613335717397627	1.405897247277862	0.9078555599997475	0.3210384726377765	0.304480191397822	0.1671186301222882	-1.037093105983754	-0.01847275550374721	-0.2192566531641895	0.08944254919822135	2.751745233893012	1.078407370869055	0.2866493636569138	0.3473899520904488	-4.363071057299641	-3.540117547017878	-4.989166555786197	0.2920745799415088	0.7299009235496353	1.05121324165102	0.1094762337128493	0.01052973064300552	0.09645299262849157	0.01000347240676186	0.01000682855411236	0.01086445254418383	0.01000526501916269	0.01000265408297123	0.09934170368289708	0.0430560327493506	0.08941962785971917	0.01000232440386	0.1495287979449638	0.04840498602679623	0.01000105460044687	0.05939329281515094	0.01010286147643435	0.06483274653626818	-0.009801371501923712	0.1069074784926033	0.0104908682603402	0.09301960566009335	0.01000368478122062	0.01000727480590762	0.01099342405411611	0.01000519497150219	0.01000259014912409	0.09970982430504717	0.03295047696721923	0.08938653627384367	0.01000219000306288	0.1495144270194542	0.06463828664777016	0.01000113281976172	0.05532748390179147	0.01000548149508368	0.06319542453823422
0.1642960172887721	-0.2478387960188204	1.41124417549898	0.9092257901276233	0.323094946042596	0.2830052880545614	0.1497107245090508	-1.061744264004006	-0.01705531956787034	-0.2156661793115529	0.09472230356282098	2.668976765915466	1.069646631855373	0.2637987738929618	0.4786174903708769	-4.263685875962433	-3.452342298220596	-4.911731740975704	0.2777168848838025	0.7123603479814652	1.070110856698282	0.1086849770650815	0.01051770496977408	0.09544615882583687	0.01000354843880441	0.01000699197383726	0.01090851686399109	0.01000523573009138	0.0100026296299076	0.09947498744762966	0.03932529136866283	0.08937577314581999	0.01000228051105297	0.1494646347229777	0.05326812796331144	0.01000108364494862	0.05815089182727436	0.01007458245370391	0.06424937903684139	-0.009671511559575824	0.1055741912233159	0.01048612237470577	0.0918069807652364	0.0100037777866456	0.01000749419523362	0.01103664239511938	0.01000513671284135	0.01000255190657495	0.1000419131871656	0.02614389311029504	0.08911401767467393	0.01000215880963875	0.1490010604147483	0.06823962059429746	0.01000117389291595	0.05410802698047319	0.01000592134778399	0.06205776430973974
0.169274684479341	-0.2347608386162859	1.416549255553339	0.9104823682754063	0.3258031655613264	0.2620253549492454	0.1327478646665092	-1.085982784719691	-0.01570357508897646	-0.2121642606193972	0.1001017167002837	2.584303505401749	1.061596379219898	0.2409937792434362	0.6092054480065717	-4.164234615248435	-3.361336457035779	-4.823404392189273	0.2656854090088113	0.6943270866616047	1.09124755920748	0.1077603987286072	0.01050781127340446	0.09438630360738799	0.01000362944791772	0.0100071718052986	0.01095233008206989	0.0100051979462648	0.01000260113333013	0.09965745416295677	0.03471294662250827	0.08927433713496918	0.01000224034208725	0.1492973763537513	0.05774977303049932	0.01000111621662353	0.05691172449264467	0.01005472187273407	0.06351940560192286	-0.009541651617227934	0.1042409039540284	0.01048137648907133	0.09059435587037946	0.01000387079207059	0.01000771358455962	0.01107986073612266	0.01000507845418051	0.0100025136640258	0.1003740020692841	0.01933730925337086	0.0888414990755042	0.01000212761621461	0.1484876938100423	0.07184095454082476	0.01000121496607019	0.0528885700591549	0.01000636120048429	0.06092010408124526
0.1742533516699098	-0.2221072943626277	1.421816076821229	0.9116258607059253	0.3291579468608581	0.2415385622927519	0.1162438845315415	-1.109754242469198	-0.01440589101769646	-0.2087622675198919	0.1055925097183114	2.498934879389861	1.054289698734546	0.2184399521140537	0.7378049199333876	-4.066109652665573	-3.268534522586459	-4.724193092057124	0.2560784308279812	0.6731166945851407	1.114654070913646	0.1066468562007186	0.01050183754003501	0.09318940673250443	0.0100037193019636	0.01000737353773794	0.01097093914253944	0.01000515729994494	0.01000257125970721	0.09985376566120989	0.02976688622074841	0.08911575424140621	0.01000220291251207	0.1490657113809242	0.06190927000030257	0.01000115256304365	0.05557598355502681	0.01004072072688232	0.06276362055210488	-0.009371816672105956	0.1022066888669653	0.01049261672711574	0.08862973073063445	0.01000399908355133	0.01000800174859612	0.01095879658841931	0.01000504009372426	0.01000248479802632	0.1005290919468545	0.01469586675992593	0.08845733934256213	0.01000209742300241	0.1480947522657061	0.07503150159734248	0.0100012647150318	0.05095628023127342	0.01000686794005041	0.06037593803313777
0.1792320188604786	-0.2098767807170741	1.427048470734872	0.9126582135098688	0.3331432431766628	0.2215326217678256	0.100202051309991	-1.133005945388472	-0.01314907577967461	-0.2054536900493173	0.1112024281110946	2.414366213203679	1.047766431351439	0.1963474422140022	0.8624921173582181	-3.971069613309679	-3.175685599323544	-4.61461162701181	0.2492678332166314	0.6568007235326752	1.139101879784153	0.1053057201543887	0.01050090592732269	0.09179776672092416	0.01000382042702224	0.01000760061423974	0.0109486750952893	0.01000511732392964	0.01000254168155829	0.1000398163618791	0.0248567316907881	0.08890029995505982	0.01000216760484023	0.1487969345489233	0.06578218038732192	0.01000119283949762	0.05407706843036256	0.01003097301585066	0.06206266992299345	-0.00920198172698398	0.1001724737799022	0.01050385696516014	0.08666510559088941	0.01000412737503207	0.01000828991263263	0.01083773244071596	0.01000500173326801	0.01000245593202684	0.1006841818244249	0.01005442426648101	0.08807317960962004	0.01000206722979022	0.14770181072137	0.07822204865386022	0.01000131446399341	0.04902399040339194	0.01000737467961653	0.05983177198503028
0.1842106860510475	-0.1980628978782322	1.432250393718395	0.9135820678957786	0.3377365697618228	0.2019893969302033	0.08461976368758717	-1.155687092106257	-0.01191879160891379	-0.2022061979655304	0.116935448659639	2.331977491411465	1.04205541870134	0.174914695728316	0.9815761419992892	-3.880666861057296	-3.084411553109347	-4.495184618805864	0.245419270060539	0.6487646685217275	1.163973846267806	0.1036562768021011	0.01051616585028204	0.09015004360385774	0.01000394538831796	0.01000786832434035	0.01086435327025727	0.01000507680737019	0.01000251026560725	0.1002366059607828	0.02066284529294988	0.08863384641271785	0.01000213207518737	0.148537168804996	0.06946534102006284	0.01000123707316464	0.05246363443435884	0.0100242041926018	0.06137516890143754	-0.009110743038333801	0.09706097195973643	0.01059828548105253	0.08385091855724815	0.01000436050340665	0.01000872890340728	0.01049591291033433	0.01000495678327824	0.01000241368541919	0.1009826127194676	0.01003778282530702	0.08762071946108047	0.01000202592934724	0.1476234163187051	0.08150360530034022	0.0100013722510119	0.0471245836233155	0.01000803824440085	0.05909408213163078
0.1891893532416163	-0.1866511006993117	1.437425927999375	0.9144012613505397	0.3429058229169491	0.1828820576547875	0.06948480353590078	-1.177750703041746	-0.01070072587970314	-0.1989837404815301	0.1227929178557091	2.252842803320003	1.037165721874567	0.1543036877278372	1.093849842218462	-3.795968311320394	-2.995987924091032	-4.366538895851177	0.2443595133618301	0.6467439783730295	1.189094638549886	0.101642199254309	0.01055461269918522	0.0882038329727519	0.01000410206732033	0.01000818625834938	0.01070463430904636	0.01000503499077738	0.01000247567377313	0.1004584603439541	0.01763455832669053	0.08832037023255766	0.01000209485336303	0.1483189873576741	0.07301996337503341	0.01000128528109138	0.05076816154814068	0.01001961458321232	0.06067350580767844	-0.009019504349683622	0.09394947013957068	0.01069271399694492	0.08103673152360687	0.01000459363178123	0.01000916789418194	0.01015409337995269	0.01000491183328847	0.01000237143881155	0.1012810436145102	0.01002114138413302	0.08716825931254088	0.01000198462890427	0.1475450219160402	0.0847851619468202	0.01000143003803039	0.04522517684323906	0.01000870180918517	0.05835639227823129
0.1941680204321852	-0.1756241326718638	1.442579150999493	0.9151200896079503	0.3486159401768165	0.1641813543169482	0.05478170322112713	-1.199152139215328	-0.009481398828091668	-0.1957582103287359	0.1287747033499573	2.177013796186761	1.033075274514597	0.1345858503125319	1.1993078374452	-3.716742184982166	-2.910510479381703	-4.22950503199629	0.2456658439730348	0.6501608461195596	1.213542490079989	0.09908375608969942	0.01073486691396434	0.08570907754319848	0.01000431884538294	0.0100085923923922	0.01053763217751132	0.01000499907595178	0.01000244042035294	0.1006713088312587	0.01544889953381516	0.08796415255602943	0.01000205338571841	0.1481796758357421	0.07648784774372731	0.01000133730577193	0.0489726103009095	0.01001652440790316	0.05999184015372135	-0.00855941834389563	0.08873605651640465	0.01161155202408461	0.07574335443747657	0.0100050760765895	0.01000995605656668	0.01010861995152869	0.01000491145066678	0.01000233930745516	0.101363635125784	0.01001613390198363	0.08665511568940661	0.01000192321932391	0.1478632102899722	0.08810137994684723	0.01000149474198003	0.04303965825509108	0.01000927100700018	0.05783898331416463
0.1991466876227541	-0.1649721548251365	1.447713793789172	0.915742634376613	0.3548410009329475	0.1458694554926375	0.04050329880105947	-1.219853238739212	-0.008252510792165135	-0.1924982771722233	0.1348732855378978	2.102204025428684	1.029701792372262	0.1156252686215095	1.300709818086	-3.639780122663778	-2.825381669044716	-4.085203906551536	0.2482002923527634	0.6605641429510801	1.236013496728636	0.095854668083817	0.01113116131367646	0.08249218481354854	0.01000461352451082	0.01000911054678908	0.01040617123368687	0.01000497358018691	0.01000240608242123	0.1008519026586097	0.01388647883273988	0.087568095363242	0.01000200607049277	0.1481455107630086	0.07989578719732215	0.01000139304841016	0.04706500535349216	0.01001450722134423	0.05935290973986206	-0.008099332338107636	0.08352264289323862	0.0125303900512243	0.07044997735134624	0.01000555852139776	0.01001074421895142	0.01006314652310468	0.01000491106804509	0.01000230717609877	0.1014462266370578	0.01001112641983423	0.08614197206627233	0.01000186180974355	0.1481813986639041	0.09141759794687426	0.01000155944592967	0.04085413966694311	0.01000984020481519	0.05732157435009796
0.2041253548133229	-0.154694312693217	1.452833286653176	0.9162723953923388	0.3615658720682806	0.1279409425336927	0.02665265883544354	-1.239819637600745	-0.007009969543026758	-0.1891667278394422	0.141076548903053	2.025931451245787	1.026968080716302	0.09725944557751585	1.401004635188857	-3.56165652975695	-2.737772151357737	-3.934659832789776	0.2508002157019456	0.679402128866506	1.255197303750607	0.0919210257111725	0.01182737990143258	0.07859115875888298	0.01000506476355826	0.0100098238143578	0.01030402878640691	0.01000497321308037	0.01000237803789972	0.1009262927372678	0.01276612480231784	0.08713700299730739	0.01000195174270002	0.1482119870749002	0.08325918509820528	0.01000145236079834	0.04502906793617374	0.01001318504260997	0.05876844622309809	-0.007584111010280592	0.07679372837695074	0.01443640259268819	0.06409360457522298	0.01000671193812717	0.0100123006390539	0.01004773895182411	0.01000502786272957	0.01000231209777697	0.1008859642599149	0.01000886866068595	0.08558649195805712	0.01000178107511297	0.1486717094122265	0.09472095926524456	0.01000163061512407	0.03833929250824107	0.01001007966858691	0.05697342169043423
0.2091040220038917	-0.1448054210075798	1.457940636541745	0.9167117994246032	0.3687936623791798	0.1104117893653891	0.01325076291071062	-1.259022832501486	-0.005756659209145974	-0.1857169481037999	0.1473644703284235	1.94595721283569	1.024823789781059	0.07932760916366573	1.502739459983591	-3.479351730799773	-2.645114936941398	-3.778614244859518	0.2525263825815166	0.7080589440067069	1.270021820207942	0.087257080448905	0.01287537149871631	0.07403040506228642	0.01000572190057747	0.01001078431442381	0.01022728328755712	0.01000500720115992	0.01000235966005884	0.1008439055712461	0.0119693633895661	0.08667414024636559	0.01000188967161091	0.1483758730258646	0.08658797230511023	0.01000151514997362	0.04285401647021526	0.01001232077084808	0.05824620445354687	-0.007068889682453549	0.07006481386066284	0.01634241513415208	0.05773723179909972	0.01000786535485657	0.01001385705915638	0.01003233138054354	0.01000514465741405	0.01000231701945517	0.100325701882772	0.01000661090153767	0.08503101184984192	0.01000170034048239	0.1491620201605488	0.09802432058361486	0.01000170178431846	0.03582444534953904	0.01001031913235863	0.05662526903077052
0.2140826891944606	-0.1353297707387726	1.463038615567708	0.9170625530759321	0.3765384890329082	0.09331075493270737	0.0003294433186645443	-1.277437221496209	-0.004499654426268871	-0.1820981021760056	0.1537152560355274	1.856144447476969	1.023100360908282	0.06134314785981699	1.613276493490823	-3.384381605302146	-2.540417317181417	-3.618583535019201	0.2501054533348194	0.7477044425876401	1.281128048561819	0.08064168225155946	0.01423106578411308	0.06660932988035241	0.01000707327323412	0.01001226245948386	0.01016951564624776	0.01000507870262823	0.0100023482222359	0.1006037844193941	0.01139986125077558	0.0861771524884421	0.01000182012718425	0.1485988689772219	0.08985199452395794	0.01000158111584751	0.04050291332924136	0.01001172371488539	0.05779519127138644	-0.006092105636607109	0.05276557107789578	0.01867702620165225	0.03391651559729887	0.01001262890620258	0.01001767902445174	0.0100255617808294	0.01000535084692345	0.0100023234165781	0.09944469537492184	0.01000536938602957	0.08439469665006352	0.01000160588734903	0.1495251812637453	0.1010216578536443	0.01000177794173314	0.03278679416039056	0.01001022545575085	0.05646522317175771
0.2190613563850295	-0.1263669735344609	1.468127938387902	0.9173203048197834	0.3849055022156922	0.07677201977860187	-0.01199382206874085	-1.29505309497618	-0.003289421399834313	-0.1782516658364502	0.1601206001866584	1.73993699366774	1.021346471204356	0.0419674470404493	1.752680458646714	-3.253468279855908	-2.40486823337625	-3.457839440180084	0.2337375187490144	0.7994851830897157	1.291938706080667	0.07118998390985386	0.01586660065667829	0.05472866217676488	0.01000942518306439	0.0100144278621086	0.01012669046562782	0.01000518969844547	0.01000234201414934	0.100205128980497	0.01099588637886278	0.08564444684286311	0.01000174327875043	0.1488539895475242	0.09303124318564573	0.0100016500701931	0.03795124616718284	0.01001127426134527	0.05742132044129836	-0.005115321590760669	0.03546632829512871	0.02101163726915241	0.01009579939549802	0.01001739245754859	0.0100215009897471	0.01001879218111526	0.01000555703643285	0.01000232981370102	0.09856368886707165	0.01000412787052148	0.08375838145028512	0.01000151143421568	0.1498883423669419	0.1040189951236736	0.01000185409914781	0.0297491429712421	0.01001013177914307	0.0563051773127449
0.2240400235755983	-0.1180786584062402	1.47320766132723	0.9174756809623315	0.3940749822901015	0.06101744472894263	-0.02353113146695461	-1.311872454859561	-0.002214316006902706	-0.1741172477457146	0.1665859090854565	1.580659618337292	1.0191356294656	0.01986404344339768	1.940996009756981	-3.062605417640575	-2.219552391611242	-3.299162249026546	0.1923162560294465	0.8626708729661822	1.30678929279913	0.06015742721786257	0.01768668915894441	0.04273860640707067	0.01333631813303162	0.01001879966757957	0.0100948128959864	0.01000534630502621	0.01000234177473809	0.0995822228028406	0.01070757575082413	0.08506731315661772	0.01000166243777693	0.1490479974487105	0.09603377781786648	0.01000172179361586	0.03524920852457181	0.01001093938105872	0.05705875168686334	-0.0004433738187316524	0.02273881711808341	0.02329214877491722	0.01005193515050412	0.03183659004347418	0.01003664731716004	0.01001570561579423	0.01000588227364261	0.0100023515097936	0.09685530949704566	0.0100034011374586	0.08298513438342986	0.01000142406109929	0.1495303882283573	0.1061222796812558	0.01000193479667666	0.02668100337157003	0.01001011697967095	0.05582243301358252
0.2290186907661672	-0.1107167869726097	1.478274683445622	0.9175122699884367	0.4043339001376887	0.04640367609496678	-0.03399231217938896	-1.327908242614199	-0.001432525837435256	-0.1696487921806741	0.1731479062815631	1.367771653051365	1.016244374323066	-0.005750992927390214	2.190322794506615	-2.79519044744592	-1.972572346445991	-3.143067598961696	0.1159087071236148	0.9336726922002206	1.330779740651243	0.04843890581304341	0.01963220708765544	0.0337784344524721	0.02196149446278112	0.01002633070101751	0.01007137411538645	0.01000555235884217	0.01000234796749196	0.09868974923974823	0.01050331042395293	0.08443985056469999	0.01000157968136121	0.1491152264069232	0.09879814627821883	0.01000179614850523	0.03243023815880331	0.01001069835620567	0.05666387436063368	0.004228573953297364	0.01001130594103811	0.02557266028068202	0.01000807090551022	0.05365578762939976	0.01005179364457297	0.01001261905047321	0.01000620751085237	0.01000237320588617	0.09514693012701965	0.01000267440439572	0.08221188731657461	0.01000133668798291	0.1491724340897727	0.108225564238838	0.01000201549420551	0.02361286377189796	0.01001010218019883	0.05533968871442015
0.233997357956736	-0.1045587233786085	1.483325495335958	0.9174119115852476	0.4159970035279698	0.03332935721784552	-0.0430585703218142	-1.343172005265084	-0.001129765826628883	-0.164813334194323	0.1798565026682814	1.098833833196046	1.012708973883847	-0.03495895751470457	2.502453578533505	-2.446421756285647	-1.661159843688643	-2.987922673769887	0.00045496602137299	1.008557277231452	1.365439307088847	0.03800749597224303	0.02163690166630056	0.02715581496523764	0.03337943048287203	0.01178784363660008	0.01005401549358949	0.01000585225574254	0.01000236608836713	0.0974490366826106	0.01035762438319483	0.08376488022405774	0.01000149824850395	0.1490028462770825	0.1012877522488239	0.01000187139454005	0.0295830330861265	0.01001057430962091	0.05616464306214592	0.006078886891494674	0.010007937342328	0.02767018550599632	0.01000608585612548	0.0706974955606305	0.02155291604410832	0.01001095059066111	0.01000692240992791	0.0100024437613829	0.09229708709123287	0.01000223148189691	0.08136066277017144	0.01000126669739571	0.1481151646596055	0.1095375454797572	0.01000209005676239	0.02093273324518283	0.01001042653344156	0.05427327885811392
0.2389760251473048	-0.09984677000352427	1.488358284700506	0.9171602429657753	0.4293267974140579	0.02214862693045771	-0.05045028988943692	-1.357653257605408	-0.001480363672000864	-0.1596086487965622	0.1867568112316548	0.786849024438466	1.009004474467557	-0.06653441549609206	2.859855594207177	-2.034509520144666	-1.299886863858093	-2.828722298582967	-0.1465542506760303	1.081996489247092	1.407793195210526	0.03027380710384129	0.02365968733789832	0.02232774253705469	0.04608572537122008	0.01636985569853701	0.01004125661901389	0.01000627384271593	0.01000239958466613	0.09580540705379781	0.01025445581300257	0.08304429568994634	0.01000142017084882	0.1486734343543379	0.1034772058754268	0.01000194644012112	0.02676638647039691	0.01001058174501661	0.0555133214220051	0.007929199829691985	0.01000456874361788	0.02976771073131063	0.01000410080674074	0.08773920349186123	0.03305403844364366	0.01000928213084901	0.01000763730900344	0.01000251431687963	0.08944724405544607	0.01000178855939811	0.08050943822376828	0.01000119670680851	0.1470578952294384	0.1108495267206764	0.01000216461931926	0.01825260271846771	0.01001075088668429	0.0532068690018077
0.2439546923378737	-0.09676903097500839	1.493373087767309	0.9167479030670976	0.4445136920365402	0.01313894551855121	-0.05594859894956095	-1.371322945150073	-0.00262640382368545	-0.1540428543866159	0.193881914901403	0.4480351045797997	1.00564668346936	-0.09899822841494643	3.240966988825039	-1.582273268224755	-0.906927389862532	-2.660391584191356	-0.3158087517862362	1.156619527057428	1.454428743459776	0.02459078895469194	0.02569383450830822	0.01882172344404338	0.05841150618536515	0.02248599126101762	0.01003180451546052	0.0100068548816026	0.01000246660733423	0.09350417535558314	0.01018088758883852	0.08227656939191397	0.01000134878427895	0.1481102450264362	0.1053354684182356	0.01000201678526527	0.02377099599014676	0.0100106222969712	0.05486647643232143	0.009294520843129614	0.01000365689328597	0.03185738988465118	0.01000335986599043	0.09598148632099962	0.04207384584007087	0.01000834141435109	0.01000884290979077	0.01000273450057778	0.08384975015777131	0.01000152074245444	0.07955724649570189	0.01000115527444453	0.145427896113853	0.111288117848041	0.0100022093089291	0.01421612875710847	0.01001069395882351	0.05296663132484727
0.2489333595284426	-0.09540033680511402	1.498373187971334	0.9161755801868467	0.4615985417661504	0.006418613226968062	-0.05946162009108815	-1.384121858712619	-0.0046447194831852	-0.1480643307839594	0.2012387308656853	0.1003018872798914	1.003098129624552	-0.1308018087170008	3.622290609600483	-1.114846074746453	-0.5023690395928815	-2.478920249587222	-0.4969594770260125	1.247795556639612	1.500875254638736	0.02046553003303945	0.02773516657797626	0.01630204893705186	0.06938633631058627	0.02934640588865116	0.01002484788026556	0.01000761905816084	0.01000257854142426	0.09036724388430406	0.01012879488928495	0.08146072182260583	0.01000128618120119	0.1473011906117083	0.1068405256386832	0.01000207960739022	0.02045897073036402	0.01001063426567846	0.05432779223353366	0.01065984185656724	0.01000274504295406	0.03394706903799173	0.0100026189252401	0.104223769150138	0.05109365323649807	0.01000740069785317	0.01001004851057809	0.01000295468427593	0.07825225626009653	0.01000125292551077	0.07860505476763549	0.01000111384208056	0.1437978969982676	0.1117267089754056	0.01000225399853893	0.01017965479574923	0.01001063703096274	0.05272639364788684
0.2539120267190114	-0.09575742222066472	1.503363253933811	0.9154489242689313	0.4805465945660172	0.002024710279380873	-0.06096267457077094	-1.395978660951411	-0.007579370606700781	-0.1415783832602718	0.2088224931402192	-0.2411157191997853	1.001680232910051	-0.160670755428919	3.984338483932536	-0.6532170448208268	-0.1033496042613949	-2.281229484163701	-0.6820984465965557	1.35724162596245	1.545276127531513	0.01747865622313645	0.02970570311519094	0.01448966159137423	0.07898832307080239	0.03590183067762576	0.01001968261047557	0.01001206575685725	0.01000276839180148	0.08640865992797885	0.01009164635045251	0.08056067339181434	0.01000123463541328	0.1462374606216906	0.1079821471264463	0.01000211552184095	0.01751416501743769	0.01001051559524146	0.0540387072011845	0.0117419719455093	0.0100023830988484	0.03551863321819008	0.01000230089047959	0.1088906783201455	0.054562532181889	0.01000683841680836	0.01003453950204369	0.01000348085196008	0.07119539937985694	0.01000109338097475	0.07728536155362814	0.01000110486858804	0.1416093255685628	0.1113544251876615	0.01000215668478422	0.01011012741587252	0.01000985452590471	0.0537152192415046
0.2588906939095802	-0.09777499563808202	1.508349237660486	0.9145800616127948	0.5012214709113991	-0.0001152708948310158	-0.06051783152610719	-1.406808017493048	-0.01143827141270305	-0.134554385755709	0.2166220608167561	-0.5667392889783873	1.001458238430978	-0.1879282378190172	4.315979700993577	-0.2094142816895347	0.2793251200062442	-2.066180997857551	-0.8682434550737059	1.463937729721173	1.587567291872711	0.01533735036344186	0.0315563917758865	0.01319748617450821	0.087177062298173	0.0415209026612989	0.01001586697510029	0.01002238980121955	0.01000305686047296	0.08163514531073585	0.01006533944168013	0.07955194782851557	0.01000119557313807	0.1449125528711628	0.108752265292547	0.01000211236971839	0.01538318153992402	0.0100102022711393	0.05409217150502012	0.01282410203445136	0.01000202115474273	0.03709019739838844	0.01000198285571908	0.1135575874901529	0.05803141112727992	0.01000627613576354	0.01005903049350928	0.01000400701964424	0.06413854249961737	0.01000093383643874	0.07596566833962079	0.01000109589509553	0.139420754138858	0.1109821413999174	0.01000205937102951	0.0100406000359958	0.01000907202084669	0.05470404483512235
0.2638693611001491	-0.1013644272974014	1.513336857564283	0.9135823701793411	0.5234659716394766	-0.0001031116912166953	-0.05822028382028922	-1.416540547469924	-0.01621380772746785	-0.1270275458461294	0.2245351679541605	-0.8702809869709944	1.002358349743118	-0.2121784322952876	4.611076557549621	0.2082446468183427	0.6383172328084562	-1.83699158944821	-1.046535285351865	1.555487077404166	1.568424716726645	0.01379956897564068	0.03338636861468518	0.01227272631311088	0.09418930855019655	0.04634043979847064	0.01001300284706887	0.01471619036559095	0.01000423276120926	0.0735775643253944	0.01004657588308323	0.07839905867517578	0.01000116841527062	0.1433429245840424	0.109210762866533	0.0100020682239145	0.01384208767109924	0.01000976369195564	0.05446386757775061	0.01332912466207203	0.01000183077379678	0.03909421596601504	0.01000180303288033	0.1166905555980172	0.06033946941025702	0.01000580531515933	0.04082434716866266	0.01000989667864968	0.03710551502299252	0.01000083899545785	0.07416692544527478	0.01000110809583373	0.1368602703003205	0.1103280650683558	0.01000187130270481	0.01003137046338852	0.01000835473237449	0.0562028823454005
0.268848028290718	-0.1063918393348464	1.518332247117406	0.9124740998342188	0.5470471835069328	0.00189800764745966	-0.05421481229338179	-1.425034631820912	-0.02182292027036935	-0.1191078177942437	0.2320122294176021	-1.144396051044666	1.004579414657753	-0.2323493282374867	4.852955202974646	0.5895787276364374	0.9654219255508515	-1.568680141438194	-1.203102642849649	1.621766372721089	1.412401669727379	0.01270462931695442	0.0352580927263065	0.01161617426987224	0.10015710050263	0.05043531955458237	0.0100108404773382	0.02681193467036582	0.0100067908638281	0.06041731407261742	0.01003328537962835	0.07707778694717207	0.01000115279856951	0.1415400726791604	0.1093978184589029	0.0100019818756462	0.01274210842298573	0.01000924338779709	0.05513710604020669	0.0138341472896927	0.01000164039285083	0.04109823453364164	0.01000162321004157	0.1198235237058816	0.06264752769323412	0.01000533449455512	0.07158966384381603	0.01001578633765513	0.01007248754636766	0.01000074415447696	0.07236818255092878	0.01000112029657192	0.134299786461783	0.1096739887367942	0.01000168323438012	0.01002214089078124	0.01000763744390229	0.05770171985567867
0.2738266954812869	-0.1127060909305857	1.52334190896596	0.9112763692460064	0.5716888121248844	0.005698697976444921	-0.04866566476989331	-1.43207913396611	-0.0281377868942153	-0.1109183182333313	0.23829353703868	-1.387308067531134	1.008054940153753	-0.2481094755326762	5.038098089820726	0.9291358011607944	1.258480832455846	-1.258323421841607	-1.326207094640286	1.665543563550501	1.094238683904804	0.01192167826409545	0.03714509854013252	0.01114752940217947	0.1052569010587533	0.05379392701178427	0.01000917218327209	0.04140047294581045	0.01668728500914783	0.04702587708824964	0.01002380399357722	0.07555242801380702	0.01000114850075174	0.1395180012447682	0.1093212283461481	0.01000192977593078	0.01195393815941712	0.01000876258945843	0.05586713926166323	0.01430845636859569	0.01000153604626511	0.04300555752772276	0.0100015148120334	0.121975158192158	0.06328112025481797	0.01000490690130938	0.08638873658248158	0.05394576212701332	0.01003929736505238	0.01000069339259995	0.06997539544709641	0.01000115412383193	0.1314053672752358	0.1085359339244407	0.01000191146669142	0.01001966264147823	0.0100075507049111	0.05804797649355754
0.2788053626718557	-0.1201577478405673	1.528371613107286	0.9100104242082814	0.5971352213819975	0.01106931075464775	-0.04173614438484688	-1.437535589849119	-0.03495412420121492	-0.1025485975040655	0.2427421554584387	-1.601307617757834	1.012630682845292	-0.2597520234520503	5.176246805059638	1.220238457273637	1.519936941954809	-0.9307398343961288	-1.404550409568257	1.69416373358296	0.6761848847599734	0.01136619712632111	0.03903064674507437	0.0108155263409956	0.1095949093131207	0.05640250272148425	0.01000786768952942	0.05563720197718286	0.03380853557584345	0.03696396003104439	0.01001708765708947	0.07379880274202147	0.0100011553823912	0.1372865946054753	0.108985902866324	0.01000195987816385	0.011394037307061	0.01000839733922631	0.05649368187125933	0.01478276544749868	0.01000143169967939	0.04491288052180389	0.01000140641402523	0.1241267926784344	0.06391471281640182	0.01000447930806364	0.1011878093211472	0.0978757379163715	0.0100061071837371	0.01000064263072294	0.06758260834326406	0.01000118795109194	0.1285109480886886	0.1073978791120873	0.01000213969900273	0.01001718439217522	0.0100074639659199	0.05839423313143643
0.2837840298624246	-0.128600692412467	1.533427086687837	0.9086972706793822	0.6231489752731532	0.01775726039355471	-0.0335856934724283	-1.441317928485635	-0.04207783756636228	-0.09408673823509291	0.2452637795342778	-1.786954354932662	1.018346132837423	-0.2672806417808311	5.267927419929474	1.460371486251504	1.750535459722931	-0.5867149061947499	-1.45701627506493	1.702558835950778	0.3686646351554808	0.01096987314239551	0.04099552322298092	0.01057885502183553	0.1133363287555655	0.05833553248906561	0.01000681721919662	0.0693638530263587	0.05417715743089584	0.02949626596847806	0.01001229693544751	0.07181919318587357	0.01000117335369635	0.1348383252502288	0.1083935444552777	0.01000205791588242	0.01099396660635351	0.01000809079712933	0.05711469317453279	0.01527544415434638	0.01000137398461531	0.04738208495185346	0.01000133309588117	0.1259261430032546	0.06349329879678178	0.01000406031499871	0.113831495359683	0.1181498820204982	0.01000464499894638	0.01000062311662864	0.06476594144388537	0.01000124354915656	0.1251540725076007	0.105758796807874	0.01000243889898311	0.01001542503261323	0.01000723604989603	0.05923802230026688
0.2887626970529933	-0.1379173291201027	1.538512847035781	0.9073537951244772	0.6495308556347856	0.02555064909415882	-0.02434209368387062	-1.44335815562563	-0.04946084536540841	-0.08562078451095534	0.2467304919191188	-1.952281926390711	1.024797299421847	-0.271932804009945	5.324128341076425	1.664308735184677	1.95907008201443	-0.2309093667010699	-1.508712596048399	1.695808532211108	0.2524121566974088	0.01068921195315659	0.04309116276400313	0.01041137080528357	0.1165869674995663	0.05963624370887794	0.01000595191306418	0.08247960319303151	0.07376093756656474	0.02403167452964554	0.01000890520391575	0.06961482762502087	0.01000120235834333	0.1321677538070534	0.1075449695700088	0.01000221494051135	0.01071014539544999	0.01000780731017656	0.05779433808835736	0.01576812286119408	0.01000131626955124	0.04985128938190304	0.01000125977773711	0.1277254933280748	0.06307188477716175	0.01000364132193379	0.1264751813982189	0.1384240261246249	0.01000318281415567	0.01000060360253433	0.06194927454450669	0.01000129914722117	0.1217971969265128	0.1041197145036607	0.01000273809896348	0.01001366567305124	0.01000700813387217	0.06008181146909735
0.2937413642435622	-0.1480182205648289	1.543631996111127	0.905992286940681	0.6761204171380096	0.03428427444814545	-0.01410224360537192	-1.443605144665781	-0.05708162937188774	-0.07721683955429755	0.2478897662190955	-2.103767126683763	1.031663425531748	-0.2748665628297953	5.353860246093237	1.840466355815085	2.152679819122075	0.1324193997012599	-1.549594618618899	1.679234295036525	0.215381010083428	0.01048919275473815	0.04528270340269403	0.01029205478864509	0.1194184097617817	0.06028492223326699	0.01000522624679178	0.09490527320227486	0.09220215490574971	0.02005321813634287	0.01000648927247646	0.06714559931928392	0.01000124380051787	0.1292075861179693	0.1064339025184625	0.01000244253614742	0.0105074593590004	0.01000753073514043	0.05854526070899242	0.01586625806048335	0.0100012916637437	0.05234831602613391	0.01000121120363745	0.1290505649735479	0.06120150729039271	0.01000329449122666	0.1368861121103552	0.1535411221781039	0.01000262666509925	0.01000061016988435	0.05840984441999345	0.0100013860085479	0.1174678763142851	0.1019271084583712	0.01000323114181881	0.01001246368084514	0.01000672059901766	0.06113618946827194
0.2987200314341311	-0.1588491128986671	1.548785735525106	0.9046182254484106	0.7028070891426506	0.04384050431380718	-0.002924472389687637	-1.442032352363036	-0.06486012879206975	-0.06890943697052963	0.2488959881170821	-2.245533455079047	1.0386927207032	-0.2769756427574699	5.363138978058357	1.99476042894476	2.335846071969239	0.5001221669399114	-1.572069074700995	1.657026117720448	0.1909288694731983	0.01034768189832808	0.04754802941393688	0.01020766319305882	0.1218770013146159	0.06026511411975458	0.01000461166482532	0.1065812761591815	0.1092662362863957	0.01718782247044058	0.01000478367403937	0.06438420587201088	0.01000129856098682	0.1259097937430889	0.1050557230091545	0.01000274796880189	0.01036371357826848	0.01000725094620383	0.05937575446088229	0.01596439325977262	0.01000126705793617	0.05484534267036478	0.01000116262953778	0.130375636619021	0.05933112980362367	0.01000294766051953	0.1472970428224915	0.168658218231583	0.01000207051604284	0.01000061673723437	0.05487041429548022	0.01000147286987462	0.1131385557020574	0.09973450241308165	0.01000372418467415	0.01001126168863905	0.01000643306416315	0.06219056746744651
0.3036986986246999	-0.1703676875930489	1.553974459661984	0.903234373144298	0.729498070922232	0.05412174422887615	0.009145733417867579	-1.43862258287771	-0.07270928645576465	-0.06072232498698422	0.2497835455567941	-2.380775670186278	1.045656375403168	-0.2789869665638502	5.356772262827945	2.133298575725924	2.511980217682887	0.8697745070393422	-1.578898916239775	1.630849919756181	0.1649280943631549	0.01024688990722382	0.04990344052051361	0.01014755959937154	0.1240722013122296	0.05972701165792845	0.0100040859064512	0.1175386476589985	0.1249718029713041	0.01512387881735833	0.01000357453083568	0.06115083668596835	0.01000136712311744	0.1222889216396143	0.1034344530369293	0.01000320162044965	0.01026108431008206	0.0100070012397761	0.06019467999894571	0.01601094558535789	0.01000125696476605	0.05761331903800192	0.01000112580117096	0.1318036561833648	0.05721069145759605	0.01000267720048232	0.1560494527645337	0.1800539241735957	0.01000180836714819	0.01000064313961769	0.04947125243885089	0.01000158953352103	0.1082961083154021	0.09721074778087294	0.0100048338609222	0.01001070009764763	0.01000635717404211	0.06274472091711819
0.3086773658152688	-0.1825467006104282	1.559197350083578	0.9018397625450313	0.7561240754254582	0.06506197596161312	0.02207875894339112	-1.433370275213849	-0.08056036459450679	-0.05268048586534004	0.2505313891611809	-2.510840737153088	1.052417793403248	-0.2812974001241028	5.337036702736816	2.259486632313346	2.68245278153746	1.240295435977909	-1.572840560436753	1.598667986202283	0.1348038717674151	0.01017561568218735	0.05235947086606518	0.01010505714261793	0.1260777004244606	0.05876804234499122	0.01000363500850971	0.1277863389497059	0.1392961452257108	0.01365062978785146	0.01000272768345673	0.05732230404402265	0.0100014497900949	0.1183551601766243	0.1015865318716406	0.01000384763744839	0.01018834800919	0.01000680250097268	0.06094223216895956	0.01605749791094316	0.01000124687159593	0.06038129540563908	0.01000108897280413	0.1332316757477086	0.05509025311156843	0.01000240674044511	0.1648018627065759	0.1914496301156084	0.01000154621825355	0.01000066954200102	0.04407209058222156	0.01000170619716744	0.1034536609287467	0.09468699314866422	0.01000594353717025	0.01001013850665621	0.01000628128392107	0.06329887436678988
0.3136560330058376	-0.1953600019352272	1.564453361719274	0.9004327901467991	0.7826139087996615	0.07660167182705892	0.03584589127115005	-1.426256496815875	-0.0883530590550059	-0.04482104411689066	0.2511151604838557	-2.635862498857481	1.058916275336375	-0.2840748160914555	5.303539181911237	2.374960712369755	2.847309624637888	1.614278427530618	-1.556404666053122	1.558101749597763	0.09943318010924831	0.01012486750319307	0.05484868231295881	0.01007479017102149	0.1278842619440218	0.05738418470684	0.01000324787360072	0.1373708756062322	0.1523712683907827	0.01259551772539732	0.01000213515663269	0.05288603586529407	0.01000154995335272	0.11411345108167	0.09953714802524513	0.01000507213112396	0.01013644555619608	0.01000666117263727	0.06158272708114767	0.01621991593622482	0.01000125710821681	0.06287651856419058	0.01000106833499592	0.1341889675552298	0.05211524070234691	0.01000221331896873	0.1721952213426163	0.2003177477070795	0.01000139438290021	0.01000071335062232	0.03749122868910037	0.01000187328229769	0.09807511780957597	0.09192375378971171	0.0100099667496096	0.010009900984529	0.010006349525977	0.0634478510509198
0.3186347001964065	-0.2087871047767092	1.569740546301704	0.8990094240027385	0.8089256270184225	0.08869821242486142	0.0504235371184683	-1.417327531976225	-0.09604616949201061	-0.03717070105238695	0.2515187698242727	-2.757413360065027	1.064940400571585	-0.287882996369503	5.265485363569552	2.483178921566272	3.008047357395715	1.969481121553682	-1.532836270706403	1.514670132861104	0.06243028909154575	0.01008899448940143	0.0573278772849429	0.01005338924521181	0.1294851061030426	0.05557175777797494	0.01000291754087049	0.1463145189532198	0.1642571117917796	0.01184596902795021	0.01000172922212822	0.04783205079463473	0.01000166974014136	0.109567273246222	0.09730375666032642	0.01000711728334356	0.01009968341086567	0.01000658129602017	0.0620925691532435	0.01638233396150647	0.01000126734483769	0.06537174172274209	0.01000104769718771	0.135146259362751	0.04914022829312539	0.01000201989749235	0.1795885799786567	0.2091858652985506	0.01000124254754687	0.01000075715924363	0.03091036679597918	0.01000204036742794	0.09269657469040525	0.08916051443075917	0.01001398996204894	0.01000966346240178	0.01000641776803294	0.06359682773504971
0.3236133673869753	-0.2228091015765105	1.575056489939717	0.8975644333702908	0.8350398743656642	0.1013153742592824	0.06578911549930741	-1.406690871847592	-0.1036076146411938	-0.02974442174001863	0.2517366110611021	-2.873859886202187	1.070526269128581	-0.292613171857264	5.221976730786838	2.583084807587581	3.162743007502975	2.303951321393415	-1.503656410763598	1.467847670440241	0.0247637213228985	0.01006346074833339	0.05974864930567661	0.0100381507599898	0.130917800019917	0.05353946474624906	0.01000263623625214	0.1545999191435921	0.1750285272679895	0.01131075070147694	0.01000145304187688	0.04177068708960787	0.01000181144519702	0.1047548847879321	0.09493256043139486	0.01001847445906525	0.01007342366169101	0.01000650724059467	0.06261536845109858	0.01641724069562818	0.0100012889674776	0.06749415292396939	0.01000104099260176	0.1359863432758217	0.04683888807748049	0.01000188916402028	0.1853074834533664	0.2157321858996799	0.01000115075949688	0.01000080189585078	0.02049631075684897	0.01000226172878042	0.0870683655693069	0.08640418701177388	0.01007526865637737	0.01000929750225323	0.01000624456439052	0.06452954085955961
0.3285920345775442	-0.2373875722260848	1.580399915477935	0.8960955448905236	0.8608927728233201	0.1143966863645858	0.08189833647237833	-1.394380962522859	-0.1110081715707073	-0.02256204127246115	0.2517622054431012	-2.980956664255586	1.075980262916957	-0.297483094991788	5.160497877659368	2.669634555849163	3.306778954729121	2.641648639413257	-1.468205227702285	1.416692564407786	-0.01479794854934356	0.01004541840947479	0.06207965324110764	0.01002737791617886	0.1322079058057393	0.05142693218766722	0.01000239908344805	0.1622092848349203	0.1847190371911793	0.01093147325098618	0.01000127096423868	0.034429423574874	0.01000197650787328	0.09970363692684854	0.09245566255896502	0.01004446886806423	0.01005475430131325	0.01000640411222173	0.06324577878907366	0.01645214742974989	0.0100013105901175	0.06961656412519669	0.01000103428801581	0.1368264271888925	0.04453754786183558	0.01000175843054821	0.1910263869280762	0.2222785065008092	0.0100010589714469	0.01000084663245793	0.01008225471771875	0.01000248309013289	0.08144015644820858	0.0836478595927886	0.0101365473507058	0.01000893154210468	0.0100060713607481	0.0654622539840695
0.333570701768113	-0.2524745597039449	1.585770277380527	0.8946022448121579	0.8863925254790694	0.1278750116861304	0.09869650460759509	-1.380379731669908	-0.1182186419820234	-0.01563374529612882	0.2515877063810457	-3.077941814615375	1.081375150605353	-0.302366802706624	5.079417104336844	2.742505633790417	3.439286844244243	2.984973885657297	-1.4276257612852	1.365816071363406	-0.05544883806524382	0.0100325824457559	0.06425696873892647	0.01001971052155015	0.1333510767830568	0.04933732636927057	0.01000220192102884	0.1691285564745876	0.1933832627309092	0.01066105772001312	0.0100011520215814	0.0276500750825735	0.01000216654297485	0.09448302257491215	0.08993942140222948	0.01348544429422007	0.01004140583895544	0.01000631344973939	0.06386581203550799	0.01634697703823238	0.01000134151355298	0.07108183377188872	0.01000104762579666	0.1373379310233799	0.04281777090223557	0.01000168874507111	0.1950597685633373	0.2267300902449583	0.01000100130254932	0.01000087675550381	0.01005246731663168	0.01000276174292452	0.0759245739276026	0.08120068977012268	0.03254815299929379	0.01000887399431699	0.01000611206745317	0.06574970870587728
0.3385493689586819	-0.2680181963363952	1.591167591077615	0.8930850718492555	0.9114334740259231	0.1416819203620759	0.1161246260469888	-1.364637340313799	-0.1252163945081735	-0.008968969059169971	0.2512086081305732	-3.164398992798566	1.086807174417501	-0.3070731654472214	4.97618987291832	2.801631068700371	3.559839975289448	3.341097076114343	-1.382753491367846	1.310833016097536	-0.09698829410056677	0.01002351888971623	0.06623870732036777	0.01001429515648964	0.1343440838062388	0.0473396530237705	0.01000204213871571	0.1753426143234143	0.2010470528144854	0.01046967052873021	0.01000107678960043	0.02269614917520014	0.0100023825633778	0.08914266385015314	0.08742988666786242	0.02235727800816752	0.01003195401355883	0.01000626130829178	0.06439761838996109	0.01624180664671488	0.01000137243698847	0.07254710341858076	0.01000106096357751	0.1378494348578674	0.04109799394263555	0.010001619059594	0.1990931501985983	0.2311816739891074	0.01000094363365174	0.01000090687854969	0.01002267991554461	0.01000304039571615	0.07040899140699662	0.07875351994745676	0.05495975864788179	0.01000881644652931	0.01000615277415825	0.06603716342768504
0.3435280361492507	-0.283965841041079	1.596592194066694	0.8915451896846918	0.9359013978705455	0.1557493906863082	0.1341230188485845	-1.34707777614856	-0.1319815072251679	-0.002593136063086217	0.2506204344868305	-3.240368750998543	1.092360340168569	-0.3114723285159377	4.849092974639127	2.847458351811013	3.668543143710565	3.715911198013395	-1.334479890061386	1.249740353467289	-0.1393283387934537	0.01001707694415932	0.06796279891355765	0.01001044774850507	0.1351894716719686	0.04568190259238455	0.01000191465004561	0.1808294637126202	0.2077750269099408	0.01033331946826556	0.01000102920628746	0.019092531644519	0.0100026221578222	0.08378562156260315	0.08498030313444349	0.03255011779035272	0.01002521293590654	0.01000623685426461	0.06487887058693662	0.01629418245173909	0.01000140915863321	0.07314588065945916	0.01000109740364967	0.1380754049522586	0.04130533677659126	0.01000159082127095	0.2013478227953949	0.2339239222076047	0.01000090986314918	0.01000091922703359	0.01001828987086829	0.01000335522702879	0.06546691674497575	0.07672453341009607	0.06189530840704854	0.01000878303933829	0.01000619956861591	0.06642217731653111
0.3485067033398196	-0.3002674668570863	1.602044875920146	0.8899841020804773	0.959679445313	0.1700150064086247	0.1526353935151778	-1.32760603476295	-0.1385002074529707	0.003468266636604258	0.2498208800706466	-3.306598136377961	1.098086845653883	-0.3155916858839314	4.699056906555898	2.881228834910555	3.766313651159244	4.109245310331679	-1.283766160258267	1.184521981197581	-0.1819029018348643	0.01001253460241592	0.06938787642388111	0.01000773915504439	0.1358888119007789	0.04452784464194397	0.01000181626456734	0.185568922205911	0.2136040489655438	0.01023687756466766	0.01000099919684938	0.01650045903428224	0.01000288381385959	0.07848492342488723	0.08262736370825725	0.04163568923238391	0.01002043856826467	0.01000623329228632	0.06533441816608981	0.0163465582567633	0.01000144588027795	0.07374465790033757	0.01000113384372184	0.1383013750466499	0.04151267961054696	0.01000156258294789	0.2036024953921914	0.236666170426102	0.01000087609264662	0.0100009315755175	0.01001389982619197	0.01000367005834142	0.06052484208295487	0.07469554687273537	0.06883085816621529	0.01000874963214727	0.01000624636307357	0.0668071912053772
0.3534853705303884	-0.3168758925852865	1.607526584319303	0.8884031298989676	0.9826555611452552	0.1844208663343487	0.1716089363463657	-1.306131741356848	-0.1447620008639512	0.009198109781841855	0.2488096061278991	-3.363824826432674	1.10404424635524	-0.3194688309517562	4.527299286437949	2.904139053932002	3.854076630919158	4.520072426632025	-1.231565427859216	1.117226542082126	-0.2242410015777892	0.01000931276528091	0.07048067378063848	0.01000582600804582	0.1364139662281166	0.04397293945213576	0.01000174388015691	0.1895665445122622	0.2185910638220998	0.01016819516508876	0.0100009800600647	0.01463471330756177	0.01000316076860421	0.07334430919627254	0.08039237144855106	0.04973246729188815	0.01001701230072002	0.01000623414846989	0.06580952063182005	0.01647446434007322	0.01000148856807519	0.07347910302705896	0.0100011988910613	0.1379982778193875	0.04337022049078969	0.01000157223419908	0.2042735227167225	0.2379387659259042	0.01000085925086135	0.01000093518310993	0.01001212519562084	0.01000398472049644	0.05645875341192585	0.07301097411265682	0.0739006980481485	0.01000859751984909	0.01000622704704409	0.06747262806665416
0.3584640377209573	-0.3337481245614981	1.613038735698644	0.8868034229228804	1.004724728290777	0.198915893088719	0.1909963262416411	-1.28257033272435	-0.1507621403581607	0.01459277192913841	0.2475890225906499	-3.412572785221972	1.110316215270467	-0.3231177140099218	4.334722980844585	2.917048390566785	3.93256178787975	4.947668585564568	-1.178656127089484	1.049875102700047	-0.2659854831463195	0.01000704815209165	0.07121820947032284	0.01000449291643713	0.1367451084590978	0.04407698683763064	0.01000169555103239	0.1928218171285587	0.2227706951997388	0.01011963158300485	0.01000096759264156	0.01330372652919574	0.01000344878009694	0.06843612797564573	0.07828973273561955	0.05689381546283499	0.01001454606217819	0.01000622908962298	0.06633412681393434	0.01660237042338314	0.01000153125587242	0.07321354815378034	0.01000126393840077	0.1376951805921251	0.04522776137103242	0.01000158188545027	0.2049445500412536	0.2392113614257064	0.01000084240907608	0.01000093879070237	0.01001035056504971	0.01000429938265145	0.05239266474089681	0.07132640135257826	0.07897053793008169	0.01000844540755091	0.0100062077310146	0.06813806492793115
0.3634427049115261	-0.3508426515337341	1.618583043871242	0.8851861087150804	1.025784628250413	0.2134514924723584	0.2107524022058636	-1.256839413955524	-0.1564983253781378	0.01965372587154637	0.2461621005621385	-3.45306853565385	1.117003172078556	-0.3265273384542183	4.121935760017523	2.920462763562305	4.002172070132811	5.391345154934223	-1.125784048590966	0.9829267324710019	-0.3071258878282392	0.0100054522609791	0.07158804710173784	0.01000356978169994	0.1368332116962344	0.04466096915698556	0.01000167335470704	0.1953910149482951	0.2262337261576337	0.01008505362303265	0.01000096165159319	0.01235073291277821	0.01000375361838186	0.06377577326766591	0.07627200261305184	0.06307314006013427	0.01001274539056238	0.01000623671453203	0.06686277948498258	0.0166914306609254	0.01000159876062761	0.07213242409758221	0.01000137501497985	0.136595233615748	0.04714032411220666	0.01000165325281786	0.2045405262660621	0.2395889569587411	0.01000083659784866	0.01000095480056384	0.01000948704272072	0.01000467394886288	0.04885589290609389	0.06953909987982916	0.08150945065980496	0.01000828464517841	0.01000629839655578	0.06856913938104296
0.368421372102095	-0.3681168612022826	1.624162041014293	0.8835526048490716	1.045734399692198	0.2279795705642698	0.2308317863189201	-1.228861563499032	-0.1619732900600608	0.02437757379362661	0.2445318939995437	-3.48475382546985	1.124251258238388	-0.3296213249244132	3.888768877740574	2.914026982658248	4.062439173461089	5.850292365666795	-1.073720283295288	0.914454916511803	-0.3476477132561293	0.01000434411993476	0.07158083622009642	0.01000294990674191	0.1366436614719353	0.04560663236502091	0.01000167859423972	0.197310616620491	0.2290414208487717	0.0100606092250464	0.01000096214723287	0.01167384178891799	0.01000407890268431	0.05937287458011983	0.07430655320281493	0.06822859969351718	0.01001142557301585	0.0100062686892315	0.06736538508588651	0.01678049089846765	0.0100016662653828	0.07105130004138407	0.01000148609155892	0.1354952866393709	0.0490528868533809	0.01000172462018546	0.2041365024908708	0.2399665524917758	0.01000083078662124	0.01000097081042532	0.01000862352039173	0.01000504851507431	0.04531912107129097	0.06775179840708008	0.08404836338952824	0.01000812388280591	0.01000638906209696	0.06900021383415478
0.3734000392926639	-0.3855256555828533	1.629778789052813	0.8819046455869823	1.06447186432613	0.2424502326862086	0.2511868587145016	-1.198562117205472	-0.1671925566358695	0.02875609047812543	0.2427012657058706	-3.506734119687533	1.132235549991496	-0.3322917223444021	3.634603619992454	2.897072531262758	4.112537327595733	6.323682900700199	-1.023376062329104	0.8450367723040595	-0.3876781404370221	0.01000357825023116	0.07122768742491654	0.01000254544100041	0.1361893954945635	0.04678199897011723	0.01000170965566688	0.1986636294961706	0.2312908449239379	0.01004320770610702	0.01000097055771747	0.01119048685589277	0.01000443970528939	0.05525419986875815	0.07234698277608613	0.07249865725746719	0.01001040143509177	0.01000628452716317	0.06795893672936426	0.01681533392323777	0.01000175644536152	0.06944552910715612	0.01000162831177621	0.1339483558334009	0.05076901048913424	0.01000184028911986	0.2031319137670416	0.2398746171976064	0.01000083539109946	0.0100010093745794	0.01000813817788209	0.01000556268765083	0.04244068812300333	0.06571958775544448	0.08532036078797099	0.01000771199783496	0.01000626326321207	0.07024108765483317
0.3783787064832327	-0.4030159913624987	1.635437690509848	0.8802448125562193	1.081888240262747	0.2568071031193634	0.2717623808626493	-1.165871980371644	-0.1721678108612247	0.03279766775962941	0.240672280930287	-3.517510142373313	1.141184873925282	-0.3343911830324446	3.358069133264124	2.868315278921725	4.150996911899563	6.810666083699011	-0.9756971256771116	0.7791016599321048	-0.427330279643823	0.01000306339850754	0.0705485895722493	0.0100023012798203	0.1354791189559327	0.04810150267799884	0.01000176552665085	0.199507448472029	0.2330500594774352	0.0100309091753585	0.01000098781020659	0.01084792718678767	0.01000484548015409	0.05143686702918668	0.07036166923340788	0.07596210799261813	0.01000955682306345	0.01000625883326337	0.06872090523647702	0.01685017694800789	0.01000184662534025	0.06783975817292816	0.0100017705319935	0.1324014250274308	0.05248513412488758	0.01000195595805426	0.2021273250432125	0.2397826819034371	0.01000083999557767	0.01000104793873347	0.01000765283537244	0.01000607686022734	0.03956225517471571	0.06368737710380888	0.08659235818641374	0.01000730011286402	0.01000613746432718	0.07148196147551156
0.3833573736738016	-0.4205294983175916	1.641143944436718	0.8785761996174377	1.097869814312782	0.2709892292878787	0.2924978747936275	-1.130724824235519	-0.1769137325772119	0.03652514517987553	0.2384465513991514	-3.515336777856478	1.151341946550638	-0.335784356773264	3.05767623622109	2.826104653706462	4.176067571004249	7.310235089769836	-0.9312279706567861	0.7192902957440437	-0.4667140636059048	0.01000272174828363	0.0696243118998883	0.01000216578206616	0.1346154195496461	0.04944788889268088	0.01000183822902344	0.1999396643231344	0.2344017308283928	0.01002215784143521	0.01000101438142024	0.01060363761351396	0.01000530399736767	0.04792825277494143	0.06831584491815007	0.07872262078185878	0.01000883024062761	0.01000619596157939	0.06964214468779883	0.01680375702543757	0.01000192918504464	0.06618830605613495	0.01000189514279635	0.1311954380377909	0.05366347569258053	0.01000206899510826	0.2009668174677716	0.239455410982442	0.01000085742049307	0.01000110730913759	0.01000737804404317	0.01000673186761895	0.03728733146234167	0.06134932232144097	0.08690048379362643	0.01000684450432183	0.01000595711848238	0.07299739883626413
0.3883360408643704	-0.4379937558847557	1.646904427680809	0.8769025852334713	1.112291970675738	0.2849203110149782	0.3133182719916441	-1.0930636145743	-0.1814445631550674	0.03996996175715634	0.2360256727158674	-3.497725978054592	1.162969546814378	-0.3364003331373892	2.731629311670768	2.76746722066529	4.185103739835533	7.820596433602749	-0.8892920025536803	0.6655528596563123	-0.5057244113048218	0.0100025044889922	0.06850875582025083	0.01000210655596995	0.1336703179962979	0.05074542776646993	0.0100019227585808	0.2000294875608756	0.235404934591794	0.01001597752080312	0.01000105057037832	0.01043069661128458	0.01000582013065473	0.04473193658510373	0.06618592170553315	0.08084244526520361	0.01000818311369977	0.01000609864317087	0.07071651717187086	0.01675733710286726	0.01000201174474903	0.06453685393934175	0.0100020197535992	0.1299894510481508	0.05484181726027348	0.01000218203216225	0.1998063098923308	0.2391281400614469	0.01000087484540847	0.01000116667954172	0.0100071032527139	0.01000738687501056	0.03501240774996763	0.05901126753907306	0.0872086094008391	0.01000638889577964	0.01000577677263758	0.07451283619701672
0.3933147080549393	-0.4553272760294634	1.652726906806516	0.8752279158631776	1.125023704845555	0.2985127232278198	0.3341387403664726	-1.052838048546178	-0.1857712882393043	0.04316244786901402	0.2334121580295699	-3.461706906655533	1.176346002641524	-0.3361932143631036	2.377864284021185	2.688668680371197	4.174881077297361	8.339428799751026	-0.8489341177077955	0.6180033864007165	-0.5438399930313726	0.01000237386740201	0.06728251189966901	0.01000209924420274	0.132706214817183	0.05191876016434697	0.01000201651051664	0.1998777221600052	0.2361103647071837	0.01001158554811067	0.01000109881065426	0.01030745649791573	0.01000641362179555	0.04182892471778848	0.06394707198028667	0.08238065499010898	0.01000759167948679	0.01000596745122179	0.07195964057299224	0.01666339278080107	0.01000209582509413	0.06310561717025653	0.01000213738212699	0.1291370384147578	0.05538066700092202	0.01000230166313002	0.198868017875397	0.2385680668554987	0.01000090740302566	0.01000126122377918	0.01000701169565942	0.01000828641310428	0.03318326047975838	0.0563312376177222	0.08661906582620932	0.01000593656240201	0.01000553128744671	0.07645749667055313
0.3982933752455081	-0.4724264489529466	1.658621128816241	0.8735564355932076	1.135919160052322	0.3116512051606007	0.3548502497476194	-1.01001662259575	-0.1898988827412166	0.04613448239176999	0.2306136710184939	-3.403585434188677	1.191789663178727	-0.3351192272336091	1.993970458095364	2.585117102526727	4.141333394672608	8.863389551329975	-0.8092984752490813	0.5769943821793353	-0.5800303701293771	0.01000230620290245	0.06599981661806915	0.01000212856874221	0.1317670097334517	0.05291884971830957	0.01000211785095015	0.1995569634462033	0.2365545412623593	0.01000849092009903	0.01000116062868739	0.01022027517502334	0.01000709685365249	0.03920516928491695	0.06158253448561961	0.08337320383723258	0.01000704103264415	0.01000580274525038	0.07338178301052646	0.01656944845873488	0.01000217990543924	0.06167438040117132	0.01000225501065478	0.1282846257813648	0.05591951674157058	0.01000242129409778	0.1979297258584632	0.2380079936495505	0.01000093996064285	0.01000135576801665	0.01000692013860493	0.010009185951198	0.03135411320954914	0.05365120769637133	0.08602952225157955	0.01000548422902438	0.01000528580225585	0.07840215714408955
0.4032720424360769	-0.4891748438262539	1.664597936209475	0.8718925440694859	1.144824207779312	0.3242046764153861	0.3753296349004145	-0.9645797079735741	-0.1938296880590865	0.04891870549802929	0.2276417548812315	-3.319386873596858	1.209639489301573	-0.3331257435383068	1.577481421974483	2.451966614308307	4.080075753383747	9.388527700063841	-0.7696547247871278	0.5424900264653272	-0.6130744302866217	0.01000228748632269	0.06473045598384952	0.01000218662327172	0.130882053555072	0.0536968269514257	0.01000222561759329	0.1991241906575044	0.2367846834458362	0.01000630064640028	0.01000124106104014	0.01015820191990993	0.01000791178491461	0.036783597434913	0.05906364950374914	0.08385340460650206	0.01000652887997997	0.01000561615439489	0.07497070122190272	0.01649913708553232	0.01000229814860854	0.06064503723529135	0.01000239413034604	0.1277218517365791	0.05575301228083519	0.01000254848940434	0.1971690310868177	0.237365940187986	0.01000099313756756	0.01000151045404806	0.01000703804273901	0.01001053978023302	0.02951466277832899	0.05052510550120153	0.08457501256944036	0.01000509845004594	0.01000504945335014	0.080624227898153
0.4082507096266458	-0.5054279978835654	1.670670517180049	0.8702410186355239	1.151568619778036	0.3360082986644044	0.3954227077760989	-0.9165391283148505	-0.197561536062322	0.05154642515101752	0.2245166050683294	-3.204640296479102	1.230263243879245	-0.33015159659851	1.12601297177534	2.283892311463649	3.986146368944148	9.909318087921251	-0.7293745566933255	0.5141247643044169	-0.641586480240985	0.01000230893047766	0.06352134280237634	0.01000226844859635	0.1300719293929669	0.05422036739815941	0.01000233908138655	0.1986206508614844	0.2368351758455021	0.01000476820594587	0.01000134326685572	0.01011435167422484	0.01000888473380772	0.03451221056610367	0.05637108062442556	0.08384149075667022	0.01000605378304732	0.01000541497299969	0.07671829170706047	0.01642882571232976	0.01000241639177784	0.05961569406941139	0.0100025332500373	0.1271590776917934	0.05558650782009981	0.0100026756847109	0.1964083363151722	0.2367238867264214	0.01000104631449226	0.01000166514007947	0.0100071559468731	0.01001189360926804	0.02767521234710885	0.0473990033060317	0.08312050288730119	0.01000471267106749	0.01000481310444444	0.08284629865221646
0.4132293768172146	-0.5210261347150669	1.676853307919985	0.8686068448534496	1.155974311323407	0.3468790783724883	0.4149582596404107	-0.8659263986035265	-0.201090248428953	0.05404611960969594	0.2212633847907841	-3.054675961171538	1.254033461105571	-0.326133212900327	0.6373504768249759	2.075407029855495	3.854339072577838	10.41931249415191	-0.6879313666336054	0.4902846256323964	-0.6639925345361413	0.0100023694249713	0.06242325395983946	0.01000237104150429	0.1293618522381423	0.05434135346723958	0.010002449904203	0.1980552301082502	0.23673721194245	0.01000369609319141	0.01000147547832858	0.01008321089546326	0.01001011485875691	0.03228812912113471	0.05347557826967245	0.08336475289250567	0.01000562305956888	0.01000523293792656	0.07852582595967868	0.01634457927600248	0.01000260768409588	0.05907421547675698	0.01000270024243892	0.1269498613213569	0.05383980023777651	0.0100027596652	0.1955872845508141	0.2360158358104602	0.01000112156483621	0.01000191728875024	0.01000756170458547	0.01001421291750157	0.02541303025448458	0.04373650973848339	0.08088655046739683	0.01000444892952101	0.01000476853121548	0.08465550027373182
0.4182080440077835	-0.5357779856027836	1.683163157709206	0.8669954489980699	1.157850564989245	0.3565977029176562	0.433729778654007	-0.8128224965179842	-0.2044092382627357	0.05643081540243977	0.2179178038753251	-2.864675436298596	1.28130463502869	-0.3210013857748317	0.1099025201502124	1.821055521853825	3.679223722594895	10.91005674934844	-0.645126089746566	0.4679281995129133	-0.6786890371844089	0.0100024682733062	0.0614700754949634	0.01000249251825988	0.1287694142913265	0.05396150296688248	0.01000255285603098	0.1974343740704138	0.2365135981128317	0.01000296041900446	0.01000164285903416	0.01006131709419645	0.01001166435577651	0.0300433039974299	0.05035742934445614	0.08244020406407435	0.01000524129954834	0.01000509121052116	0.0803280919330949	0.01626033283967521	0.01000279897641393	0.05853273688410256	0.01000286723484053	0.1267406449509205	0.05209309265545322	0.01000284364568911	0.1947662327864561	0.235307784894499	0.01000119681518016	0.01000216943742102	0.01000796746229783	0.0100165322257351	0.0231508481618603	0.04007401617093509	0.07865259804749247	0.01000418518797454	0.01000472395798651	0.0864647018952472
0.4231867111983523	-0.5494764494000803	1.689618036906238	0.8654124700975725	1.15700293646726	0.3649272376559576	0.4515128101808847	-0.7573391984332638	-0.2075117661590505	0.05868509584842306	0.214520983866504	-2.629989341575503	1.312388520069801	-0.3146923038841899	-0.4569705587356904	1.515752064205838	3.4554969972609	11.37132924855378	-0.6010545771640921	0.4374453859534588	-0.6840941242484087	0.01000261967869374	0.06070315155112807	0.01000263768362263	0.1282375502553655	0.05309750949437528	0.01000263950088938	0.1968170423440745	0.2361492978613984	0.01000246013307268	0.01000186358305816	0.01004592072461184	0.01001374010297526	0.02717159881646127	0.04699810280435771	0.08109036728780407	0.0100049036151565	0.01000498674567064	0.08218617521286783	0.01606722695515903	0.01000315999870974	0.05857548414923824	0.01000310346332467	0.1262975585095962	0.04947047242969291	0.01000285663401137	0.1943656698812817	0.2342076123205167	0.01000128311374873	0.01000261095355125	0.01000884712308345	0.01002084525773995	0.01672260155775272	0.03586617866272198	0.07570905081563409	0.01000398736010871	0.01000474005623924	0.08872487562357485
0.4281653783889212	-0.561884028312274	1.696237802274256	0.8638640534540589	1.153234997981331	0.3715981231704935	0.4680479916368149	-0.6996643503265582	-0.2103926658189248	0.06078459102167409	0.2111236425373227	-2.34610898866302	1.34754170803199	-0.3071172455670907	-1.063226690188419	1.154753011687897	3.177944960250076	11.79043293286875	-0.5560949349714386	0.4057487993581516	-0.6788984559700588	0.01000283254997948	0.06014974080004707	0.01000280955134737	0.127726277121098	0.05175885661138943	0.01000270454737784	0.1962459851492744	0.2356331831598179	0.01000213185101587	0.01000214904993417	0.01003529609088962	0.01001647186111307	0.02327173096479115	0.04338515393487253	0.07932959925631004	0.01000460694048184	0.01000491763332848	0.08414058803996885	0.01587412107064284	0.01000352102100555	0.05861823141437392	0.01000333969180882	0.1258544720682718	0.0468478522039326	0.01000286962233363	0.1939651069761074	0.2331074397465344	0.01000136941231729	0.01000305246968148	0.01000972678386907	0.0100251582897448	0.01029435495364514	0.03165834115450886	0.0727655035837757	0.01000378953224288	0.01000475615449197	0.09098504935190253
0.43314404557949	-0.5727480612547077	1.703043152438544	0.8623566826175784	1.146350170965914	0.3763249627446653	0.4830584102794709	-0.6400292370860181	-0.2130484409024153	0.06275508311367198	0.2077809584645511	-2.008433716111672	1.386992059954411	-0.2981411913227213	-1.709101350411846	0.7333806263524147	2.841197743479738	12.15467066841388	-0.5110183099135157	0.3900687019734334	-0.6618055087652046	0.01000316783494097	0.05983062826690877	0.01000302240376371	0.1271530249872446	0.04873756640966924	0.0100027450970087	0.195670441126104	0.2349706519963153	0.01000192165924062	0.01000256260937284	0.01002811419356731	0.0100259756342293	0.01956727479386274	0.03955245091729787	0.07717619099559379	0.01000434680793207	0.01000484759242396	0.08640251374916437	0.01562089767402682	0.01000440414558151	0.05923320241316839	0.01000372286515546	0.1247786235337802	0.0346948096199088	0.01000282043017362	0.193200274733102	0.2317567322138334	0.01000144661600324	0.01000403837284789	0.01001144266251741	0.01007084106052809	0.01016560823165155	0.02722154233659233	0.06916705102003129	0.0100036444630554	0.01000460533791291	0.09505448716325945
0.4381227127700589	-0.5817861804933642	1.710055812438881	0.8608980846075754	1.136151215085703	0.3787940591578256	0.496231689700571	-0.5787472796617841	-0.2154835492502111	0.06471088805712855	0.2045547224912158	-1.612614003840531	1.43082095859574	-0.2875245213789024	-2.394558445318344	0.2477861151875047	2.439940528178576	12.45199318882436	-0.4674500322482005	0.3998487638662927	-0.6321196292962101	0.01000366376248699	0.05975916238068328	0.01000328519932596	0.1264600706670062	0.04320781221114442	0.01000275933169844	0.1950536137433758	0.2341656067133246	0.01000179574052178	0.01000314399680856	0.01002354115406039	0.01004608714945728	0.01686517105004229	0.03552300261592582	0.07464201814948491	0.01000412041519468	0.01000475386578572	0.08911187517029363	0.01536767427741079	0.01000528727015747	0.05984817341196286	0.0100041060385021	0.1237027749992887	0.02254176703588499	0.01000277123801362	0.1924354424900965	0.2304060246811323	0.01000152381968919	0.0100050242760143	0.01001315854116574	0.01011652383131139	0.01003686150965797	0.02278474351867579	0.06556859845628689	0.01000349939386791	0.01000445452133385	0.09912392497461639
0.4431013799606278	-0.5887011133488056	1.717297703448825	0.8594969120446517	1.122440282356446	0.3786786264042373	0.5072371038595964	-0.5161708004459963	-0.2177076902782591	0.06680030560999459	0.2015078716990473	-1.15430614606937	1.479064974574657	-0.274944194779054	-3.120391232245448	-0.3060530178655824	1.968807832495361	12.67227230921198	-0.4263525293980964	0.4455536646023342	-0.5901833601478508	0.01000432894371599	0.05993267738761408	0.0100036233987081	0.125505765393919	0.03665936393115447	0.01000274460726657	0.1943918937482348	0.2331539878933056	0.0100017263739719	0.01000397085758979	0.01002100736470882	0.01244601882007689	0.01490111195576379	0.03111759106861554	0.07175758773058118	0.01000393035548539	0.01000464115277567	0.09241228706664448	0.01506080457822888	0.0100065480801937	0.06093766676884525	0.01000475585113523	0.1212380093828919	0.01627974597683924	0.01000265209882127	0.1915567242524032	0.2281723797617624	0.01000158801471317	0.01000685436864669	0.01001636077276643	0.0257250598015595	0.01002593401768623	0.01676150191549426	0.06147618089220756	0.01000343878799942	0.01000428711153177	0.105242914042467
0.4480800471511966	-0.5931714105876446	1.724790500160729	0.8581643744754855	1.105009969047951	0.3756281351145297	0.5157134927256586	-0.4527004308326883	-0.2197322110030085	0.06920769928336644	0.1986945930882643	-0.6305698050398306	1.531613276028504	-0.2599528878784969	-3.888685460673453	-0.9312678057213599	1.423995820207426	12.81108141538288	-0.3872597741806967	0.5275842068904536	-0.5382904272011679	0.0100051687796726	0.06034898158964593	0.01000405297192507	0.1241907298441345	0.03010451027524901	0.01000269926519228	0.1936826772521542	0.2318884601383818	0.01000169617179024	0.01000509189359185	0.01002015547099105	0.01865409409460035	0.01349668426205694	0.0262155299994625	0.06854348571029228	0.01000377825537551	0.01000451240105514	0.09639782569683442	0.01475393487904698	0.01000780889022992	0.06202716012572763	0.01000540566376836	0.1187732437664951	0.01001772491779348	0.01000253295962892	0.1906780060147099	0.2259387348423925	0.01000165220973715	0.01000868446127909	0.01001956300436713	0.04133359577180761	0.01001500652571449	0.01073826031231272	0.05738376332812823	0.01000337818213093	0.0100041197017297	0.1113619031103176
0.4530587143417655	-0.5948622861932326	1.732555857072543	0.856913405074796	1.083634015781173	0.3692758022856142	0.5212834028770663	-0.3887196893993758	-0.221563896163274	0.07213112095722257	0.196160886443795	-0.03937183376565072	1.588243004666995	-0.2420751277172973	-4.701078302329564	-1.630257604421087	0.8026693294571654	12.86378534918198	-0.3492762289495515	0.6303131626527285	-0.4794090941774046	0.01005048273692323	0.06099446528735875	0.01000463037201397	0.1223835802541867	0.02447028414031131	0.01000262691307831	0.1928265422480806	0.2303159313633878	0.01000169070707021	0.01182018145640019	0.01002093583362056	0.02643839410191074	0.0124891446103944	0.02179675982305196	0.06507826892930973	0.01000365115370081	0.01000436665382656	0.1012655628272198	0.01422108607016161	0.01029956231482552	0.06350711644321257	0.01000660795928967	0.114540453063727	0.01001245372475776	0.0100023762120946	0.1888158669796975	0.2227102610205361	0.01000170024655968	0.02190253726789102	0.01002580381236262	0.05037579527563464	0.01001128785680559	0.01041668678879934	0.05325464020769694	0.01000330860757655	0.01000391394819892	0.1204997124021912
0.4580373815323343	-0.5934707796995935	1.740609191389614	0.8557589682540261	1.058172423407728	0.3592984814899173	0.5235979486013744	-0.3248811504667852	-0.2232172659521236	0.07531982266559879	0.1939222085799627	0.6076660448309271	1.647297813284345	-0.2211744051586985	-5.52994363293523	-2.387475992574071	0.1162705580129016	12.75395668942745	-0.315628008471374	0.6341508957616905	-0.419773257167016	0.01016803633852349	0.06185986656828659	0.0100053910085463	0.1199910350736921	0.02038006786589149	0.01000252981373297	0.1917513692451316	0.2283969242996776	0.0100017009306336	0.01655301656044096	0.01002331729298108	0.03445196616034327	0.01177250332120563	0.01851418307221453	0.06141583872463385	0.01000354092062358	0.01000420331094457	0.1071432941796812	0.01368823726127624	0.01059131573942111	0.06498707276069751	0.01000781025481098	0.1103076623609589	0.01000718253172204	0.01000221946456027	0.1869537279446851	0.2194817871986798	0.0100017482833822	0.03379639007450295	0.01003204462035811	0.05941799477946167	0.0100075691878967	0.01009511326528596	0.04912551708726565	0.01000323903302217	0.01000370819466815	0.1296375216940647
0.4630160487229031	-0.5887534539859391	1.748957789068933	0.8547161173180511	1.028636963957696	0.3454548035529851	0.522367088247349	-0.2622701786100091	-0.2247290607787027	0.07784514410983667	0.1919710518124333	1.285479358990908	1.705525244776688	-0.197295857421557	-6.31419794134941	-3.167806213191219	-0.6101846958706527	12.31112783400998	-0.2972200224511385	0.3281996415583307	-0.3673299574681441	0.01496092703194017	0.06292520317667612	0.0100062900830884	0.1170854813097115	0.01741822853619721	0.01000240929655993	0.1903886339235934	0.2260303852874751	0.01000171655443907	0.02461858655291596	0.01002836434798336	0.0423771997154729	0.01126015722650734	0.01609875186137335	0.05771842776126123	0.01000343442423376	0.01000405296940508	0.1141916293210602	0.01255488351313856	0.04128631293426249	0.06676892400458066	0.01000908562469279	0.1055393584036426	0.01000574383613933	0.01000202192960244	0.1840502288992053	0.2146396317832063	0.01000176031664637	0.05489784819215753	0.01004845995717185	0.06676803077919084	0.01000611699081323	0.0100729912696854	0.04580856306628181	0.01000311718959094	0.0100036676417767	0.1423096798226133
0.467994715913472	-0.5806894530000848	1.757582466134026	0.8537989828296153	0.9955056027874539	0.3278144851138717	0.5175275088330874	-0.2031575932852012	-0.2262319386090985	0.0780689763446019	0.190231758735219	1.952072143351458	1.758202750405492	-0.1706723560665698	-6.974467471964005	-3.912639394359818	-1.333402181706044	11.34860607334079	-0.3120459275618087	-0.2903893952516923	-0.3346646623717245	0.02710121036467682	0.06417719603168964	0.01000729949614552	0.1137169681953411	0.01529479944947307	0.01000226619542695	0.188688345887665	0.2231409369594516	0.01000173112538299	0.03620272870848423	0.010036744644961	0.0500246805236834	0.01089672685297227	0.01436530461204988	0.05409714193150796	0.01000332342760101	0.01000393482104824	0.1225130407581361	0.01142152976500087	0.07198131012910387	0.0685507752484638	0.0100103609945746	0.1007710544463264	0.01000430514055662	0.01000182439464461	0.1811467298537255	0.2097974763677329	0.01000177234991053	0.07599930630981212	0.01006487529398558	0.07411806677892001	0.01000466479372976	0.01005086927408484	0.04249160904529797	0.0100029953461597	0.01000362708888526	0.1549818379511619
0.4729733831040409	-0.5694327039427964	1.766445237028715	0.8530187828567207	0.9595992446318519	0.3066876098960976	0.509198052279038	-0.1507264659254114	-0.2279281281290916	0.07389191575739752	0.1885823820496163	2.490203612301566	1.794437997778001	-0.1440076980344401	-7.306746790274257	-4.461497547873401	-1.928509915666886	9.461936937442125	-0.4070931671221393	-1.736599396479533	-0.3458733494341197	0.04045560682448936	0.06557686839857541	0.0100080599508572	0.1103158560806619	0.01376978213973993	0.01000210946253563	0.1865361617727338	0.2196783076169225	0.01000173708667031	0.04768438013011071	0.0100506022373675	0.05733049211235044	0.01063737542815429	0.01311832468199165	0.05085679291548612	0.01000341987549873	0.01000406848020653	0.1305783339973198	0.01049297014315354	0.07801023091982506	0.0704298946529943	0.0100095038487665	0.09855859956759232	0.01000387052735924	0.01000164032348333	0.1765723149687217	0.2034929989540804	0.01000173278521562	0.08017391756400037	0.01010200198474192	0.08034485148083471	0.01000417858759835	0.01004290828715505	0.04149096134961506	0.0100042526096682	0.0100050892623446	0.1580892351171698
0.4779520502946097	-0.5566874341369036	1.775374033580344	0.8523524753869868	0.9241724886465281	0.2845132814462853	0.4991625675473832	-0.1114488975738849	-0.2306614517596415	0.05730191226958509	0.1866089444430664	2.550031677505988	1.784726177465461	-0.1249201502738466	-6.78180460502093	-4.333415960771546	-2.01873748149471	6.064638116305761	-0.7286771553091529	-5.27684154461952	-0.4648444445983117	0.05147509484894665	0.06709862631687215	0.01000834608077711	0.1071863847677602	0.01268392303273436	0.01000194471312142	0.1838481958983885	0.2156041883087398	0.01000172969835105	0.05695431501398705	0.01007128169518884	0.06425240114047644	0.01045370188728763	0.01222935923816503	0.04820268820655755	0.01000385670874109	0.01000459169832103	0.1373845713198576	0.009564410521306212	0.08403915171054624	0.0723090140575248	0.0100086467029584	0.09634614468885827	0.01000343591416186	0.01000145625232205	0.171997900083718	0.1971885215404278	0.01000169322052071	0.08434852881818863	0.01013912867549826	0.08657163618274943	0.01000369238146693	0.01003494730022527	0.04049031365393214	0.01000550987317671	0.01000655143580395	0.1611966322831777
0.4829307174851786	-0.5448642657556498	1.784148546090378	0.8517659507266995	0.8928631771757325	0.2646724705572038	0.4899887982532468	-0.08804939211303851	-0.2355195093946078	0.02826005768861836	0.1837420190883496	2.145105941112391	1.735702430634371	-0.110615229020924	-5.762157932600933	-3.561234129518474	-1.607531507012949	3.608051850420074	-1.24475293790039	-6.108606222342364	-0.705557250883893	0.06126192547487775	0.06863441750237739	0.01000819897615674	0.1043647119092859	0.01190742521144177	0.01000177243294676	0.180740168137236	0.2110351031218567	0.01000168735572316	0.06526467008869942	0.01009022997384636	0.07087359888137326	0.01032274135740492	0.01159247958571905	0.04626607173540623	0.01000435146998781	0.01000504020762373	0.1420864459013234	0.008702727827025558	0.09214346160228673	0.07364273848299152	0.01000711001770199	0.09492603035347477	0.0100031053780153	0.01000125932948424	0.1674220243056709	0.1908121262899993	0.01000148545966932	0.0922694537322586	0.01013387679524828	0.09251999948631501	0.01000332956966224	0.01003041507430873	0.04151674936421546	0.01000559798735765	0.01000575205482158	0.154367524531333
0.4879093846757474	-0.5358695154000823	1.792613037825224	0.8512518366711268	0.8671295719596779	0.2498064553229329	0.4837429432080459	-0.07280613262045986	-0.2432737457466954	-0.0007248147556665337	0.1793970953588065	1.413816732615064	1.660186511050117	-0.09583180148547395	-4.541965686514474	-2.334971205992721	-0.8425535164957253	2.788160410854104	-1.892112512747408	-5.253951049215301	-1.058576993479306	0.0704338937925954	0.07011330462663967	0.01000764440905493	0.1018752350570222	0.01135647231793951	0.01000159292669744	0.1772960209505374	0.2060572245137351	0.0100015965073783	0.07334936455082712	0.01010208274347919	0.0772433187450705	0.01023001757789936	0.0111396350958207	0.0451299634700625	0.0100047269900002	0.0100051227993669	0.1440866776508304	0.007841045132744903	0.1002477714940272	0.07497646290845825	0.01000557333244557	0.09350591601809129	0.01000277484186875	0.01000106240664643	0.1628461485276239	0.1844357310395708	0.01000127769881793	0.1001903786463286	0.01012862491499829	0.09846836278988058	0.01000296675785754	0.01002588284839219	0.04254318507449878	0.01000568610153858	0.01000495267383921	0.1475384167794882
0.4928880518663163	-0.5311183641477663	1.800645600681712	0.8508178585933412	0.8480781014028769	0.2419086552543194	0.4819426098661194	-0.06045684923883788	-0.2545050410860232	-0.02924050311200687	0.17304191302621	0.5295797161515838	1.568678600096631	-0.07665466460828063	-3.159087593836949	-0.8832411552497174	0.08004497475031563	2.184884332852503	-2.60354251854185	-6.082535856470329	-1.500499023506517	0.07875614847334393	0.07146298252926775	0.01000734745620316	0.09957885386947329	0.0109635212398153	0.01000149995083955	0.1737018434526156	0.2009086310618901	0.01000156504703531	0.08100552674370236	0.01011793360568986	0.08334831806937677	0.01016410169197325	0.01081728256764104	0.04459683079323019	0.0100053254044121	0.01000523102291641	0.1437471811420681	0.006904425417972915	0.1050878641228911	0.07565599556878841	0.01000757761004913	0.09162930709394294	0.01000380688350861	0.01000146507611824	0.1592656250364455	0.1794688558886115	0.01000167956123721	0.1060384648611019	0.01018185144405468	0.1037372925723161	0.01000401503891855	0.01003380841782346	0.0437307923119338	0.01000777651731301	0.01000598587181968	0.1380445782221486
0.4978667190568851	-0.5302498698121129	1.808253533327506	0.8505069674405852	0.835197400104416	0.2405581114491386	0.4841487586040468	-0.05092937286749456	-0.269037648166884	-0.06010909571022592	0.1643952786540906	-0.1459006695942779	1.489606636838719	-0.0463860683635165	-2.063081665380404	0.295152893039267	0.7669061800234562	1.654601207317238	-3.21829545292635	-6.199145488947406	-1.979085213800125	0.08607262954712473	0.07263557625099232	0.01000772528599033	0.09737794650562862	0.01068557147945275	0.01000155231346669	0.1700937125894106	0.1957669531855974	0.01000166065026663	0.08810263387949017	0.01014474042372439	0.0891782761432158	0.01011780678285929	0.01059141449950978	0.04453310814087351	0.0100063613146299	0.01000561047516557	0.1412856141704009	0.005967805703200928	0.109927956751755	0.07633552822911854	0.01000958188765269	0.08975269816979461	0.01000483892514848	0.01000186774559005	0.1556851015452671	0.1745019807376522	0.0100020814236565	0.1118865510758752	0.01023507797311108	0.1090062223547515	0.01000506331997955	0.01004173398725472	0.04491839954936882	0.01000986693308743	0.01000701906980016	0.128550739664809
