inDegrees=no
num_controls=19
num_derivatives=0
num_input_controls=0
num_iterations=2000
num_multipliers=0
num_parameters=0
num_slacks=0
num_states=38
objective=3.539263
objective_effort=0.049841
objective_met=3.489422
solver_duration=1966.868396
status=Maximum_Iterations_Exceeded
success=false
DataType=double
version=3
OpenSimVersion=4.6-2026-06-22-85aaf64
endheader
time	/jointset/groundPelvis/pelvis_tilt/value	/jointset/groundPelvis/pelvis_tx/value	/jointset/groundPelvis/pelvis_ty/value	/jointset/hip_l/hip_flexion_l/value	/jointset/hip_r/hip_flexion_r/value	/jointset/lumbar/lumbar/value	/jointset/knee_l/knee_angle_l/value	/jointset/knee_r/knee_angle_r/value	/jointset/ankle_l/ankle_angle_l/value	/jointset/ankle_r/ankle_angle_r/value	/jointset/groundPelvis/pelvis_tilt/speed	/jointset/groundPelvis/pelvis_tx/speed	/jointset/groundPelvis/pelvis_ty/speed	/jointset/hip_l/hip_flexion_l/speed	/jointset/hip_r/hip_flexion_r/speed	/jointset/lumbar/lumbar/speed	/jointset/knee_l/knee_angle_l/speed	/jointset/knee_r/knee_angle_r/speed	/jointset/ankle_l/ankle_angle_l/speed	/jointset/ankle_r/ankle_angle_r/speed	/hamstrings_r/activation	/bifemsh_r/activation	/glut_max_r/activation	/iliopsoas_r/activation	/rect_fem_r/activation	/vasti_r/activation	/gastroc_r/activation	/soleus_r/activation	/tib_ant_r/activation	/hamstrings_l/activation	/bifemsh_l/activation	/glut_max_l/activation	/iliopsoas_l/activation	/rect_fem_l/activation	/vasti_l/activation	/gastroc_l/activation	/soleus_l/activation	/tib_ant_l/activation	/lumbarAct	/hamstrings_r	/bifemsh_r	/glut_max_r	/iliopsoas_r	/rect_fem_r	/vasti_r	/gastroc_r	/soleus_r	/tib_ant_r	/hamstrings_l	/bifemsh_l	/glut_max_l	/iliopsoas_l	/rect_fem_l	/vasti_l	/gastroc_l	/soleus_l	/tib_ant_l
0	-0.4793211755409504	1.111159277160787	0.900519712082505	0.2971304259931752	0.8587179439128462	0.3811299816007129	-0.4634833334921028	-0.4018178414972288	-0.4914740361528462	0.06552540054622745	0.9695722823209434	3.125940338244689	-0.009369713950022309	-0.1202133342673896	-2.918211798014116	-0.937940933920558	-4.823619357203774	7.847430068885338	1.399701479325812	0.06230350757970568	0.4620952732818031	0.01011401309178588	0.433796550850409	0.01008897274769791	0.01037257263174497	0.01047429360150532	0.0100498355377969	0.01017593285395827	0.05385565968029284	0.01038469039364823	0.01046548633529411	0.01011794182291416	0.7167247744353892	0.442448458186595	0.01011076908574658	0.1858204520682393	0.09323028072728193	0.1519538670887377	0.009018732234910714	0.9996243360683051	0.01018053876069773	0.2020561694642324	0.01010601055831132	0.01075045147318202	0.01163278866076672	0.01006824425699977	0.01035167539224808	0.0402605495993875	0.01006303502869142	0.01082979169672473	0.01007317185293412	0.9998126713380135	0.9989795119804834	0.01002567009530831	0.01018274970422484	0.01015499513262329	0.01059792054981864
0.002620373556074197	-0.4764432109035233	1.119356613404088	0.9004827166189904	0.2966707119003046	0.8507455485113602	0.3782616267433679	-0.4763462103596176	-0.3818495323632958	-0.4878603432707023	0.06562997179588001	1.20749045325476	3.129730705437179	-0.02010479579657794	-0.207786888026442	-3.142476679446652	-1.228815880920487	-4.991606022178266	7.387008189377323	1.349446416610323	0.01290925692955303	0.5054559417474865	0.01012246358556673	0.4118730416311527	0.01009005612453889	0.01042861099243191	0.01068612837155916	0.01005186777477778	0.01019655459647096	0.05202414668223988	0.01033038527326785	0.01051717718196899	0.01010896842433572	0.7411326354711413	0.4960930681334497	0.01009616427676927	0.1644668081101349	0.08156504845523767	0.1339164240106641	0.02481635693721824	0.8371857814363144	0.01015048307054189	0.2075350228522705	0.0100855961016838	0.01067470996551412	0.01187276664351489	0.0100563219848479	0.01025228658328664	0.04306200327754786	0.01004978704463948	0.01072941485827691	0.01005473458662434	0.99985381616451	0.9992931968523953	0.01001947355396373	0.01013886307836828	0.01011394918901277	0.01058186338190258
0.005240747112148394	-0.4730954467403827	1.12755644930063	0.9004078613342161	0.29616135761352	0.8423760643001031	0.3748080632306908	-0.4896306849298392	-0.3631377978898719	-0.4844491113740761	0.06556894077698937	1.32814674940375	3.12784819846955	-0.0382662208405883	-0.1581012100620674	-3.221289814391191	-1.384601414045981	-5.14540378502301	6.888349515201454	1.245173141144035	-0.06409241651235978	0.5285050394837943	0.01012452942661033	0.3922870870288651	0.01008757477678041	0.01046280891404687	0.01090251730790694	0.0100515858971144	0.01019728051080912	0.05088770971067911	0.01028287784226584	0.01054367238498265	0.0100984256132478	0.7633166094461679	0.5431213684340507	0.01008295320865954	0.1451312501937066	0.07132003985042602	0.1177356589167132	0.04061398163952575	0.6747472268043238	0.01012042738038605	0.2130138762403087	0.01006518164505628	0.01059896845784622	0.01211274462626306	0.01004439971269603	0.01015289777432521	0.04586345695570822	0.01003653906058755	0.01062903801982909	0.01003629732031455	0.9998949609910064	0.9996068817243073	0.01001327701261915	0.01009497645251171	0.01007290324540226	0.01056580621398651
0.007861120668222591	-0.4695918837403452	1.13574389132638	0.9002751734721915	0.2959684966201498	0.8339916241908378	0.3711315560222976	-0.5033050512125985	-0.3457596773324736	-0.4813379660243892	0.06528003217098001	1.330420433406964	3.120560336589524	-0.06400032863461097	0.02811596950929609	-3.160425221008821	-1.403433474870285	-5.288853404707706	6.375568447309703	1.128936927999518	-0.1555664426611674	0.5368735897089445	0.01012605073563576	0.3756884108373159	0.01008454986609224	0.0104955292942708	0.01119556662143095	0.01005113664333052	0.01018727879357237	0.05032853216480779	0.01024246933727589	0.01058450549046429	0.01008803496072969	0.7835135895129096	0.584844746019376	0.01007143136979766	0.1277221699184065	0.06237304027859297	0.1034324875663307	0.0545439017321178	0.5665802129661183	0.0101463089770314	0.2343608067019524	0.01007317869066917	0.01071924142502651	0.01321213504209947	0.01005310098874377	0.01012158720452721	0.04846066462450698	0.01004040204610095	0.0109437843447954	0.01003497519618846	0.9998825652100101	0.9996465361370837	0.01001334227656247	0.01009455328298709	0.01006747643159473	0.01238932694000353
0.01048149422429679	-0.466204423410444	1.143907077755532	0.9000672501210144	0.2963989304989629	0.8259058807446749	0.3675476663410878	-0.5173340662405951	-0.3297246984331189	-0.4785351093388259	0.06475811428403157	1.239531391591728	3.109335115446154	-0.09568970458640402	0.3176285733792569	-2.993309599578025	-1.31391109054715	-5.416089424034342	5.863196704503867	1.009871831978468	-0.2419367398142556	0.5345694095488953	0.01013161102481419	0.3626641077082113	0.01008335259035727	0.01054275026149239	0.01162170341350088	0.01005220484028869	0.01017374420895058	0.0502480772888791	0.01020939569404322	0.01067069672517382	0.01007914779836042	0.8019173844456755	0.6220853787106938	0.01006183066930726	0.1121382675103774	0.05460207014257571	0.09100651636584044	0.0684738218247099	0.4584131991279126	0.01017219057367675	0.255707737163596	0.01008117573628207	0.01083951439220681	0.01431152545793588	0.01006180226479152	0.01009027663472922	0.05105787229330574	0.01004426503161436	0.0112585306697617	0.01003365307206237	0.9998701694290136	0.9996861905498597	0.01001340754050578	0.01009413011346246	0.01006204961778719	0.01421284766602054
0.01310186778037099	-0.463152466473247	1.152037064639181	0.8997700806080822	0.2976912780256442	0.8183654069188078	0.3643121806509442	-0.5316703219436562	-0.3150204910378789	-0.4760349423214993	0.0640308061274486	1.083698549598566	3.095702116259309	-0.1315105082429008	0.6741730318013859	-2.755965968694754	-1.148222891219641	-5.522473167232227	5.363142715638771	0.9091152621296306	-0.3112643765132325	0.525506960830235	0.01014036895496208	0.3533800507308969	0.01008321841358151	0.01058688032539276	0.01197239687985561	0.0100544309523247	0.01015982333639226	0.05016973125061042	0.01018228077596526	0.01101625840493532	0.01007138243189454	0.8187072934816478	0.6555383347369513	0.01005377901658341	0.09826987568248273	0.04788408389720822	0.08154070767219795	0.08593212933266609	0.4121288511799496	0.01019625308422978	0.2850237538118138	0.01008383392753056	0.01078165423322547	0.01321745069406718	0.0100693093213625	0.01008892702704011	0.04846970192104875	0.0100465824492969	0.01418583736530805	0.01003084662846352	0.9998597452969168	0.9997166082144984	0.01001293645740244	0.01008849448390295	0.01005462175367411	0.03285010962942681
0.01572224133644518	-0.4605574005098347	1.160129953099628	0.8993760159971873	0.299960492159914	0.8114939560251557	0.3615686417457332	-0.5462571690426745	-0.301600247418945	-0.4737144081518196	0.06313690187520654	0.8908093761937239	3.081019745589619	-0.169644883792239	1.063221968125716	-2.482677876353594	-0.9384327288515696	-5.607353295841013	4.883211409407457	0.8727670690102549	-0.3690912024082597	0.5130124283900569	0.01015166413253272	0.3479469293173797	0.01008354726660917	0.01061411433263963	0.01208432103236526	0.01005753279359699	0.01014798623509856	0.04970991595813824	0.01016004361695881	0.0117882905978306	0.01006443924250411	0.8340340610317227	0.685695931296939	0.01004698431890466	0.08599861480458454	0.04210258420046151	0.07594156912583333	0.1033904368406223	0.3658445032319865	0.01022031559478281	0.3143397704600315	0.01008649211877904	0.01072379407424413	0.01212337593019848	0.01007681637793348	0.010087577419351	0.04588153154879176	0.01004889986697945	0.01711314406085441	0.01002804018486467	0.9998493211648203	0.9997470258791368	0.0100124653742991	0.01008285885434344	0.01004719388956102	0.05148737159283309
0.01834261489251938	-0.4584930111778598	1.168184100024038	0.898880525478015	0.3032631591327998	0.8053571696881511	0.3594057610361037	-0.5610380987296451	-0.2894051515983927	-0.4713684205476979	0.0620998338748877	0.6867997485535821	3.066495239708434	-0.2083783784298003	1.453409196804506	-2.204984154083832	-0.7144513809732688	-5.670649094435284	4.429214110158919	0.9314292067446609	-0.42128087631739	0.501646692974975	0.01016632308611873	0.3462641458234548	0.01008407668147934	0.01062337603696289	0.01204171508065913	0.01006160346103373	0.01013807450130401	0.04900033835252678	0.01014199673483991	0.01612714894038811	0.01005833784085472	0.8480363710577823	0.7129834720948118	0.01004126118172351	0.07520295201768196	0.03714592851989008	0.07290344672021956	0.1120471820371123	0.4118557910750898	0.01025917988035234	0.3479958376480383	0.01008698875014113	0.01061941707805277	0.0115437453669515	0.01008717022647626	0.01008852939477969	0.04423279963390831	0.01005287407359885	0.05807374125419403	0.01002710826002337	0.9998320122356206	0.9997555513286031	0.01001232667851555	0.01007547322923297	0.01004172090079496	0.05814265471204502
0.02096298844859358	-0.4569477635742594	1.176201662879998	0.8982847953690705	0.3075558018292447	0.7999184857865835	0.3578135579473646	-0.5759570466181049	-0.2783641724954875	-0.468761637220977	0.06093520715141402	0.494574475127105	3.053096956974818	-0.2461527462228775	1.818820895052978	-1.949851223589804	-0.5028630601167584	-5.712695681982645	4.002331876050961	1.071819392671995	-0.4664503921765696	0.4955089231337239	0.01018499438438927	0.348195257028738	0.01008460065955246	0.01061381752200086	0.01191044611009729	0.01006671601156275	0.01012996374459736	0.04814659366591574	0.01012760019214447	0.02633899060035692	0.0100530936097812	0.8608329338685625	0.7377255245598888	0.01003646407585685	0.06575745578721501	0.03291295880448861	0.07125763744660513	0.1207039272336024	0.4578670789181931	0.01029804416592187	0.3816519048360451	0.01008748538150323	0.01051504008186142	0.01096411480370452	0.01009752407501903	0.01008948137020839	0.04258406771902486	0.01005684828021826	0.09903433844753366	0.01002617633518207	0.9998147033064209	0.9997640767780693	0.010012187982732	0.01006808760412249	0.0100362479120289	0.06479793783125692
0.02358336200466777	-0.4558697972467394	1.184186461005503	0.8975927666093568	0.312749995190313	0.7950944077450525	0.3567351704113598	-0.590958796410087	-0.2684064915254722	-0.4656930385975572	0.05966666308196761	0.3393623266572827	3.041860863440721	-0.2812529982584812	2.131253801719605	-1.746180476117854	-0.3330120743321361	-5.733897260196556	3.60053031764922	1.280904742847037	-0.4944359862957005	0.502826342837181	0.01020960535251825	0.3539207694845318	0.01008484018432036	0.01059059290906722	0.01173865274071279	0.01007266362790655	0.0101228838773585	0.0476057197941912	0.01011633505167493	0.04052921788292191	0.01004862782100478	0.8725339279398823	0.7602130605546311	0.0100324504810317	0.05753701489042228	0.0293083252477658	0.07098636434634688	0.1132825070958708	0.6861153874064226	0.01036761831617967	0.4259655038199995	0.01008468882884541	0.01043373690569957	0.01077658665835753	0.0101075292455724	0.01008497387690432	0.04650423942921398	0.01006201302996562	0.1324423146634214	0.01002603226849052	0.9997879361940336	0.9998075947864139	0.01001222455716385	0.01006739569602249	0.01003198777155674	0.07376289274655307
0.02620373556074197	-0.455110664865272	1.192146226509624	0.8968149344371976	0.3186497331514701	0.7906935402085511	0.3560012658275375	-0.6059886518635712	-0.2594807494254291	-0.4619931016637404	0.05838240694879693	0.2512244799989428	3.033990809818904	-0.3116421969515209	2.357327779655942	-1.626835824469654	-0.2399364622017881	-5.734147326872676	3.214704579492407	1.553688329971874	-0.4784426241145311	0.5306233648110745	0.01024166817898812	0.3635516938439401	0.01008457626879621	0.01055774745615065	0.01156419105906793	0.01007928399533965	0.01011623040774739	0.04774537846302489	0.01010779383604037	0.05723853703330192	0.01004487867438367	0.8832348252531469	0.78067954504424	0.01002910852966596	0.05041892757730541	0.02624871985686806	0.0720601912228556	0.1058610869581393	0.9143636958946522	0.01043719246643746	0.470279102803954	0.0100818922761876	0.01035243372953772	0.01058905851301054	0.01011753441612577	0.01008046638360025	0.05042441113940311	0.01006717777971297	0.1658502908793091	0.01002588820179897	0.9997611690816461	0.9998511127947585	0.01001226113159571	0.0100667037879225	0.01002772763108458	0.08272784766184922
0.02882410911681617	-0.4544787880207338	1.200090316712126	0.895964719445694	0.3250130760384979	0.7864785012255049	0.3553920109958216	-0.6209944535581288	-0.2515535929543542	-0.457505597830813	0.05721242120005176	0.2339468280636006	3.029476809228076	-0.3370686263786668	2.496231337618942	-1.594745490868353	-0.2284003180641311	-5.718745060408848	2.838323535761252	1.871871163328079	-0.412987082459132	0.5567397283518921	0.01030858609257123	0.3748616868853356	0.01008419934402779	0.01052036725485135	0.01139104839101555	0.01008701028840698	0.01010982178679351	0.04841999177448746	0.01010105605801223	0.07462531552738291	0.01004168964605988	0.8930250697069277	0.7993167741591888	0.01002633995944237	0.04428244255946234	0.02365690226050432	0.07336931413375557	0.04981581247908689	0.7185228462253859	0.01084419721055136	0.4804942291088123	0.01008268181493965	0.0103118102117342	0.01044329249325049	0.0101339812634548	0.01007467558001564	0.05383737240817318	0.0100669592201383	0.1829355928395884	0.01002533603389489	0.9997323285653338	0.9994738718698566	0.01001248500124037	0.01006160704973877	0.01002465275702659	0.07950560284489774
0.03144448267289036	-0.4538694559482276	1.208023687953026	0.8950495735989351	0.3317147547047395	0.7823125453399472	0.3547868622184009	-0.6359576544501832	-0.244592049821577	-0.4521806225799198	0.05622623142361612	0.2340171837495007	3.025809562853387	-0.3612006693340654	2.615562548076372	-1.589373152496842	-0.236802516443814	-5.701632266259081	2.477700242031085	2.192888352445567	-0.3381603564329116	0.5623386526726964	0.01043184797140118	0.3859651712562878	0.01008401584133426	0.01048244650728144	0.01122236267383404	0.0100961824527319	0.01010351551067145	0.04951069493105598	0.01009539915259129	0.09141338386575007	0.01003893788178889	0.9019828204431839	0.8162828839066357	0.01002406764470123	0.03901485262232498	0.02146728976836914	0.07401779895974203	-0.006229461999965487	0.5226819965561195	0.01125120195466525	0.4907093554136707	0.01008347135369169	0.01027118669393069	0.01029752647349044	0.01015042811078383	0.01006888477643103	0.05725033367694327	0.01006674066056363	0.2000208947998676	0.0100247838659908	0.9997034880490212	0.9990966309449548	0.01001270887088503	0.01005651031155503	0.0100215778829686	0.07628335802794627
0.03406485622896456	-0.4532806599370155	1.215946597677222	0.8940698890800618	0.3387571631263044	0.7781741526340509	0.3541837900031828	-0.6508838868980237	-0.2385470005407848	-0.4460378797934344	0.05541601051158258	0.2129553773727001	3.021240996664849	-0.3867050408680036	2.762888267932603	-1.567700863406313	-0.22068978256044	-5.692920971320709	2.139810180824654	2.498253449341632	-0.2902702635605823	0.555425053289347	0.01058005852119724	0.3961880975993595	0.01008419659842992	0.01044554718480841	0.01107549097630699	0.01010617745674363	0.0100973364399042	0.05018825491745416	0.0100902442802011	0.1073090326002579	0.01003652565921505	0.9101808763145534	0.8257282448559704	0.01002220820076684	0.03450868541331975	0.01961977337391888	0.07521684613154137	0.01479576862538522	0.4492650397838077	0.01140169745959948	0.4870185621540694	0.01008665743786104	0.01024787493048734	0.0103652900500208	0.01016243824128888	0.01006359107093753	0.05085670284695553	0.01006187378591279	0.210764560536152	0.01002395665558324	0.9996629139492559	0.8586102993408465	0.01001294436728883	0.01004872372389767	0.01001924213535423	0.08804235356003733
0.03668522978503876	-0.4527661245551826	1.223856671841425	0.8930221036573459	0.346211820311668	0.7741047658592407	0.3536449702938026	-0.6658038557730267	-0.2333588385051467	-0.4390737913254142	0.05465243606933604	0.1773377616824109	3.016012822260337	-0.4131786811595068	2.930211398690183	-1.536704378667739	-0.1877617942239397	-5.696851594569723	1.823681090320648	2.819780407306144	-0.3025574404449423	0.5425014627482783	0.01072859619173046	0.4049606970251156	0.01008487569674896	0.01041089596460777	0.01096408261844817	0.01011650635270761	0.01009130408731337	0.04979021023396434	0.0100851371009551	0.1220853309636599	0.01003437627894948	0.9176832109799042	0.8224825619240741	0.01002069618168942	0.03066773579020524	0.01806441625884018	0.07793699929519184	0.03582099925073592	0.3758480830114957	0.01155219296453372	0.483327768894468	0.01008984352203038	0.010224563167044	0.01043305362655116	0.01017444837179392	0.01005829736544404	0.04446307201696781	0.01005700691126194	0.2215082262724363	0.01002312944517568	0.9996223398494904	0.7181239677367384	0.01001317986369262	0.01004093713624031	0.01001690638773984	0.0998013490921284
0.03930560334111296	-0.4523544163584083	1.231752534365739	0.8919042841698301	0.3541197856199635	0.7701187111506707	0.3532032090040642	-0.6807541704685364	-0.2289729889778122	-0.4312196300696928	0.05375814281845013	0.1362438911798367	3.010441294385562	-0.4400520101679598	3.106781000495213	-1.504916666795081	-0.1487352243514792	-5.716891940737517	1.521711576596221	3.181264262130795	-0.3811095637274828	0.5239126289901476	0.01084671003159087	0.4128509230029574	0.01008611267387808	0.01037889685042175	0.01092891080124296	0.01012379823984752	0.01008516548443061	0.05132330101157172	0.0100801942528047	0.1356665633590132	0.01003244847288894	0.9245488213330987	0.8089204199439195	0.01001947128495366	0.02740238372875125	0.01675588193229489	0.08190130983903544	0.01000965377107873	0.2993250867967006	0.01134094736819148	0.487492688618729	0.01009472670479011	0.01021049670687806	0.01105194169626779	0.01014746808033667	0.01005032111889698	0.07451707155543123	0.01005360750199443	0.2274707380573051	0.01002234245641554	0.9995450765684148	0.6067721395112273	0.01001340088121895	0.01003690944796185	0.01001524115968203	0.1110952638699968
0.04192597689718715	-0.4520555354213702	1.239633305272325	0.8907156140243558	0.3625001631170013	0.7662217303077317	0.3528690359769157	-0.6957799253913364	-0.2253949741057683	-0.4223682773323321	0.05264938434957499	0.09122236071259673	3.00449414570252	-0.4672554426914863	3.290779980713289	-1.468718754690922	-0.1056450575926928	-5.754431344689932	1.207101325639384	3.580886761266732	-0.4662480085260223	0.4999014054312054	0.01091027884508797	0.420335312264047	0.01008795425514975	0.01034986699311025	0.01100196815303767	0.01012540754689466	0.01007872207446278	0.05714895200221252	0.01007550728370855	0.1479757656580099	0.01003070985117963	0.9308297484243016	0.7870893515356877	0.01001848618204659	0.02463505576386991	0.01565711037565058	0.08687999834249943	-0.01580169170857846	0.2228020905819054	0.01112970177184925	0.49165760834299	0.01009960988754983	0.01019643024671213	0.01167082976598443	0.01012048778887942	0.01004234487234992	0.1045710710938947	0.01005020809272691	0.2334332498421738	0.01002155546765541	0.9994678132873392	0.4954203112857163	0.01001362189874529	0.01003288175968339	0.01001357593162421	0.1223891786478652
0.04454635045326134	-0.4518819815706621	1.247497783326283	0.8894550941224991	0.3713751929053949	0.7624340241793844	0.3526553910970076	-0.7109279972998188	-0.2226885785696383	-0.4124292168129407	0.05135028298450645	0.03815823696475632	2.997858546455634	-0.4950071571852028	3.48717726076803	-1.416690586801208	-0.05401843500140906	-5.810062106321905	0.8450117376345977	4.002049892813306	-0.5216294039724891	0.469489307734265	0.01092277238844209	0.4264477382065192	0.01009114290151186	0.01032386990142282	0.01265327994031986	0.01012165169035761	0.01007212180085857	0.066937812444208	0.0100712729773738	0.1590177482133267	0.01002911024092207	0.9365705294915631	0.759260820845176	0.01001770186455822	0.02229396007980728	0.01473467212798532	0.09163320780603998	-0.01575225725878461	0.1179022153450725	0.01084988941580462	0.475268051637934	0.01011443666446231	0.01018904205387055	0.0298402598141197	0.01008587513777655	0.01003549952172727	0.1404638315776788	0.01004963519901615	0.2356640795434736	0.01002055666928007	0.9992504491262171	0.4216425432320151	0.01001386366605922	0.01003068163470321	0.01001248869365166	0.1188464254931614
0.04716672400933555	-0.4518717221603794	1.25534322411398	0.8881205113608394	0.3807970179619049	0.758826337045743	0.3526037625515835	-0.726243289619365	-0.2210374578163931	-0.4014105346199885	0.04993484632066047	-0.03341211367130558	2.989963953075297	-0.5237839171385377	3.708121444756732	-1.331319264997399	0.01801390248837261	-5.882062315988786	0.4016628945892599	4.404907955541236	-0.5550409201380084	0.4316462478879061	0.01088688814034974	0.4303573328055194	0.01009626130851422	0.01030095531289038	0.01700615899512578	0.01011277953263578	0.01006548078534599	0.08033924626608531	0.01006764578384684	0.1687781270693124	0.01002761026401772	0.9418105376998654	0.7274315636667851	0.01001708771706432	0.02031857914447243	0.01396156098784257	0.0951844973653153	-0.01570282280899077	0.01300234010823964	0.01057007705975998	0.4588784949328781	0.01012926344137479	0.01018165386102896	0.04800968986225498	0.01005126248667368	0.01002865417110461	0.1763565920614628	0.01004906230530538	0.2378949092447735	0.01001955787090473	0.999033084965095	0.3478647751783139	0.01001410543337316	0.01002848150972304	0.01001140145567911	0.1153036723384577
0.04978709756540974	-0.4520740580933837	1.263166525653693	0.8867090614850518	0.3908292785558504	0.7554834839511148	0.3527690899262391	-0.741764548541112	-0.2206470867881205	-0.3893903156478894	0.04853713196386367	-0.1248299709937252	2.980908952810845	-0.5534534998357075	3.952959320535411	-1.211302053635108	0.1123671729924396	-5.964212496056986	-0.1393384145136062	4.758140063961941	-0.5253880816376513	0.3915652134041276	0.01081824488517466	0.4323802085329286	0.01010225694035799	0.01028090325093086	0.03043507952423508	0.01010202581347182	0.01005909023613335	0.1011251308036432	0.01006391242820362	0.1774435571353281	0.01002619818038803	0.9375182962100264	0.6962334641207425	0.01001661899928098	0.01865359403421267	0.01331352355978549	0.09783264978945344	-0.004757067692087736	0.01163198136014034	0.01037767557308349	0.4440610321491655	0.01013556817583321	0.01017783522127047	0.1494473475989775	0.01004447539821439	0.01002515289283937	0.2752580711686611	0.01004131296712274	0.2395599453547939	0.01001862023654284	0.7849727762024252	0.3754944951014955	0.0100143965371375	0.01002746657614426	0.01001073634642128	0.1131869708535988
0.05240747112148395	-0.4525458874865853	1.270964042879676	0.8852202721509115	0.4015342226262997	0.7525243863518175	0.3532146352351264	-0.7574985138582725	-0.2219544030615548	-0.3765339842622901	0.04711002250531077	-0.2391029851674541	2.970284076769341	-0.5828132552825448	4.221547078246739	-1.03841790027304	0.2318902283138266	-6.044410462817405	-0.8940968628479635	5.043070717916908	-0.5774767302445288	0.3541474331596055	0.01072910188791199	0.4327782768294027	0.01010830374081645	0.01026354089068772	0.05705356490645264	0.01009192954979907	0.01005317872063356	0.131785159058181	0.01005951307646221	0.1851491425356379	0.0100248647758289	0.9156691109591916	0.6698679490651749	0.01001627629415819	0.01725329499592327	0.01277113235662906	0.09980786175468827	0.006188687424815299	0.01026162261204104	0.010185274086407	0.4292435693654531	0.01014187291029164	0.01017401658151197	0.2508850053357001	0.0100376883097551	0.01002165161457412	0.3741595502758593	0.01003356362894009	0.2412249814648143	0.01001768260218097	0.5709124674397553	0.403124215024677	0.01001468764090184	0.01002645164256548	0.01001007123716344	0.1110702693687399
0.05502784467755814	-0.4533732749527517	1.278729253010081	0.8836555099733894	0.4130048750795929	0.7501583061677436	0.3540337802471604	-0.7734340113819559	-0.2257593973230031	-0.3630450291662632	0.04490758347947475	-0.4033476063265092	2.955566231247129	-0.611123668050876	4.545759946429452	-0.743241509934603	0.4049434216325977	-6.116377571848704	-2.076891642384825	5.237292366157226	-1.167955636603284	0.3193188137606941	0.01063695552629512	0.4314267417251298	0.01011441600730566	0.0102515173276323	0.08705299925244589	0.01008298283682012	0.01004792630318161	0.1514787727507327	0.01005478140107412	0.1920505853238664	0.01002361120293465	0.8848620336581683	0.6460821050984127	0.01001604824398688	0.01607625021170709	0.01231699974897691	0.1011110454727017	0.03671991910690282	0.01020785059821709	0.01015813027368798	0.408521083520467	0.01014844821299604	0.01020674905953203	0.2699783954417745	0.01003800447308676	0.01002122621812698	0.1924156209026596	0.01002840754939402	0.2429440743383087	0.01001691587355916	0.5246442073008136	0.3872194356098489	0.01001509717735233	0.01002626616366156	0.01000972877763686	0.1075041200110571
0.05764821823363234	-0.4547171015070371	1.286448460437992	0.8820194547794498	0.425422030095787	0.7487563398824166	0.3553977453663704	-0.7895425266341397	-0.2331890893218597	-0.3491656966582843	0.04065144884300076	-0.633275096179418	2.935172516139641	-0.637227646888888	4.943965117237322	-0.3025580099821499	0.6477241508574302	-6.176466236391791	-3.660647249533135	5.341026260207435	-2.144959813621988	0.2870324876118861	0.01055555527032231	0.4282090901922551	0.01012060496082275	0.01024691199317678	0.1139593248002048	0.01007557192120737	0.0100434743078387	0.1447133374009817	0.01004997929357536	0.198266887434165	0.01002243836618607	0.8527206268062633	0.6228271683516787	0.01001592593483594	0.01508872561852725	0.01193728200393297	0.10173935522495	0.06725115078899033	0.01015407858439313	0.01013098646096896	0.3877985976754809	0.01015502351570044	0.01023948153755209	0.2890717855478488	0.01003832063641841	0.01002080082167985	0.01067169152945989	0.01002325146984795	0.2446631672118032	0.01001614914493735	0.4783759471618717	0.3713146561950207	0.01001550671380282	0.01002608068475764	0.01000938631811027	0.1039379706533742
0.06026859178970653	-0.4566551372675207	1.294115845422177	0.8803228472115487	0.4388503754182445	0.7483700731221177	0.357391199486923	-0.8057621937180383	-0.2438802836294985	-0.3350948130791075	0.03671972668879554	-0.8547688304895866	2.916187795019347	-0.6565874890066624	5.314098570203113	0.01270664543530421	0.8831696699360078	-6.198161698038085	-4.446972362885036	5.383306985981736	-0.4947014657253208	0.2571863256610674	0.01048559319436889	0.4222912092144198	0.01012714917524005	0.01025237725402263	0.1465012113195268	0.01006983708951675	0.01003982575922898	0.1274012330384954	0.01004535182048561	0.2039548104611786	0.01002136278946515	0.8192572968033365	0.5992144803782309	0.01001590544048847	0.01426030598670686	0.01161961411111981	0.1018746302831038	0.1270354947330357	0.01014290048022906	0.01013340472200913	0.3464152231506913	0.01016502965123956	0.01031826015737008	0.4236363414780109	0.01004335759024842	0.01002201151786208	0.01036161444195099	0.01002083721774163	0.2472883524409584	0.0100157382352513	0.4303635209622975	0.3365124628801424	0.01001608155106062	0.01002623149121372	0.01000924524754431	0.1015602612558357
0.06288896534578073	-0.4592430476564859	1.301727422919327	0.8785843181270709	0.4533184131876086	0.7488489615372816	0.360075425151743	-0.8219991519294423	-0.2562197537300762	-0.3210331619447168	0.03995193495515674	-1.129291877431942	2.892577454144355	-0.6692242425494892	5.737510331045903	0.3577716391683608	1.174955501262523	-6.189663688690665	-4.918693675103303	5.333979597135476	3.32290976089723	0.229692289558892	0.01042761141604981	0.4129213638150022	0.01013426728046938	0.0102699941715537	0.1904198833934613	0.01006588842193554	0.01003698302349545	0.1118663377856341	0.01004109132783382	0.2092392774808839	0.01002039744110837	0.7844726420742123	0.5744316862545285	0.01001598367946683	0.0135664909562756	0.01135419343916468	0.1016633932857764	0.1868198386770811	0.01013172237606499	0.0101358229830493	0.3050318486259018	0.01017503578677868	0.01039703877718806	0.5582008974081728	0.01004839454407844	0.01002322221404432	0.01005153735444209	0.01001842296563531	0.2499135376701135	0.01001532732556526	0.3823510947627232	0.301710269565264	0.01001665638831841	0.01002638229766979	0.01000910417697835	0.09918255185829707
0.06550933890185492	-0.4626709919403734	1.309265762069127	0.8768213913508078	0.469033084269915	0.7504381268320505	0.3636504849603432	-0.8381821066020366	-0.2700481767969684	-0.3072258970734446	0.05362055879974924	-1.483359730591695	2.861418822175916	-0.6746195699348938	6.24840407323397	0.8370495598356472	1.549900085896394	-6.15355949947664	-5.560180988783078	5.202438500341921	6.809627368804272	0.2044645623450294	0.01037973982190247	0.4024779706218149	0.0101411020286486	0.01030433745309825	0.2475778880093165	0.01006387098805443	0.01003531526624296	0.09802312798700494	0.01003724140307875	0.2142995791797232	0.01001955468341245	0.7488829145725725	0.5482809667331914	0.01001615831410768	0.012985277034153	0.01113227547164021	0.1015087022155792	0.2215176858901785	0.01013383866862407	0.01014012153178274	0.3060153735126889	0.01017610419767349	0.01055397795471643	0.7746401887842126	0.01005870961796164	0.0100303866124543	0.01005070882639097	0.01001725523279777	0.254577017853768	0.01001528226855294	0.3448555725129687	0.261228892025474	0.01001740119726157	0.01002642421219599	0.01000903618718347	0.1018356659086911
0.06812971245792912	-0.4669974301151115	1.316725278117528	0.8750577690897324	0.486021180761408	0.7531408211698539	0.3681780993660466	-0.8542042936933716	-0.2849626960558226	-0.2937788541662662	0.07406703924587407	-1.815067299617719	2.832415725511156	-0.6697550713014334	6.709452217907566	1.207672631684035	1.901992755088412	-6.066957839452853	-5.747656545259338	5.059040199079961	8.496108510228826	0.1814196568308493	0.01034050817117571	0.3930780031145288	0.01014698063121218	0.01035899486375554	0.319189892804488	0.01006389861173076	0.01003511221368412	0.08577601820294274	0.01003383625412389	0.2192822592931513	0.01001884421847896	0.7129432487033659	0.5205688567694432	0.010016427509688	0.01249907560918138	0.01094694876567997	0.1017411881331531	0.256215533103276	0.01013595496118315	0.01014442008051617	0.306998898399476	0.01017717260856829	0.01071091713224479	0.9910794801602522	0.01006902469184482	0.01003755101086427	0.01004988029833984	0.01001608749996024	0.2592404980374225	0.01001523721154062	0.3073600502632141	0.220747514485684	0.01001814600620472	0.01002646612672218	0.01000896819738859	0.1044887799590851
0.07075008601400332	-0.4721335163993795	1.324114709768532	0.8733203494409707	0.5041125145103702	0.7566295953916683	0.3735673817187743	-0.8699311639138112	-0.2998780836783313	-0.2806929050127926	0.09630122827934619	-2.095402610329506	2.80853910518176	-0.6549966869454563	7.083264922694244	1.432101191946645	2.201507245680071	-5.929429708116122	-5.600372148879267	4.933698671130965	8.415375821734663	0.1604725014050121	0.01030927464181383	0.3854522134119463	0.01015150112993543	0.01043578828132614	0.3901626668809485	0.01006620223543674	0.01003666924405541	0.07500358719239793	0.01003084526936754	0.2242876544470092	0.01001826145752219	0.6772277979577951	0.4920501829336016	0.0100167874272202	0.01209216211368217	0.01079205925633474	0.1022685327414336	0.2797122803724879	0.01014683163757747	0.01015841244544739	0.324225991224802	0.01017159888698672	0.01093002065108106	0.9954981175741027	0.01008614642397451	0.01005111911485761	0.01005062016109102	0.01001544911625043	0.2654156403132881	0.01001540275813871	0.2836508939233265	0.1953303984065082	0.01001903478512303	0.01002636175311222	0.01000893119984217	0.1066077114305624
0.07337045957007753	-0.4779283440446107	1.331449212457065	0.8716320867378574	0.5230615884770389	0.7605253915115125	0.379663918474036	-0.8852414878272445	-0.3141234283393669	-0.2678969663407098	0.1178619523222653	-2.317851614041988	2.790491197351554	-0.6322360347239026	7.364122400880434	1.518332077232484	2.44180464633162	-5.749028889177171	-5.236246284749001	4.83768971207133	7.982086386175652	0.1415319880077684	0.01028553445623714	0.3802478452988141	0.01015434803228139	0.01053614325585279	0.4506307898691986	0.01007096306577236	0.0100402181507758	0.06558051960217288	0.01002824442074876	0.2293985966820805	0.01001780279894087	0.6422570709193659	0.4634138519115047	0.01001723505373722	0.0117520354921199	0.01066275325533718	0.1030145390961986	0.3032090276416998	0.01015770831397178	0.01017240481037861	0.341453084050128	0.01016602516540514	0.01114912416991734	0.9999167549879534	0.01010326815610419	0.01006468721885095	0.01005136002384221	0.01001481073254062	0.2715907825891538	0.0100155683047368	0.2599417375834389	0.1699132823273323	0.01001992356404134	0.01002625737950226	0.01000889420229575	0.1087266429020398
0.07599083312615172	-0.4842399483022896	1.338743235718261	0.8700118889953522	0.5426404103479417	0.7645088480533642	0.3863228307523207	-0.9000331855256468	-0.3273124956781933	-0.2553139759219896	0.1380436928146391	-2.492232554816039	2.777500896728837	-0.6036522241291949	7.567773654911671	1.506376464749879	2.633412958873251	-5.536360603108559	-4.814857001639107	4.770000939276282	7.435319464876754	0.1245029190140956	0.01026856709006805	0.375799608793962	0.01015854331675402	0.0106497661983442	0.5033014881887137	0.01007911272929664	0.01004616800552063	0.0573811450852147	0.01002599254885235	0.2343887909488511	0.01001746114222332	0.6080598272535281	0.4347846806153288	0.01001777369434672	0.01146756024672746	0.01055471672361895	0.1037799039403674	0.3167736020530432	0.01018237380799672	0.01019288694197935	0.3299134069565062	0.01019265990570317	0.01129429905628793	0.9998755453785139	0.01013626444299876	0.01008705138085635	0.01005303760887887	0.01001446840241591	0.2741327966523845	0.01001589853477532	0.2390734298547255	0.1477884133503105	0.01002102663873961	0.01002617852908304	0.01000890821168396	0.1084553575519575
0.0786112066822259	-0.4909515222954832	1.346009737703318	0.8684723112340091	0.5626613800540906	0.7683378360080372	0.3934272527282083	-0.9142332352673543	-0.3392758974328527	-0.2428790823326684	0.1569003445569461	-2.623128496864765	2.769485584563791	-0.5707028376914377	7.70159171644498	1.400433934946311	2.781839903190439	-5.297453612573252	-4.300757082207115	4.724654813626532	6.970712456687459	0.1092802823850338	0.01025780631932547	0.3706277789392618	0.01016645877373037	0.01076858323169676	0.549524459823982	0.01009138227449411	0.01005483980045332	0.0502823093963931	0.01002405734820274	0.2390706967295373	0.01001723091455977	0.5746657828179887	0.4062772134909088	0.01001840594290003	0.01122991766530341	0.01046455225058643	0.1044018806363796	0.3303381764643867	0.01020703930202166	0.01021336907358008	0.3183737298628844	0.0102192946460012	0.01143947394265852	0.9998343357690743	0.01016926072989333	0.01010941554286176	0.01005471519391553	0.0100141260722912	0.2766748107156152	0.01001622876481383	0.2182051221260122	0.1256635443732887	0.01002212971343789	0.01002609967866382	0.01000892222107217	0.1081840722018751
0.0812315802383001	-0.4979621587743089	1.353260770782072	0.8670232692918748	0.5829600932346498	0.7717984124956514	0.4008781468829692	-0.9277800670740931	-0.3498454684255874	-0.2305437673497685	0.1745138485091046	-2.724255016841163	2.765428526441681	-0.5350095418681268	7.785050265435486	1.232766291801615	2.901977408244662	-5.039798211067487	-3.758157820724742	4.690844559494594	6.484164019045422	0.09575664778820346	0.01025280674192901	0.3630884527771925	0.01017785793753298	0.01087114681620982	0.5905654880104111	0.0101074659277778	0.01027043451061056	0.04416382834988394	0.01002240429270154	0.2431444094486959	0.01001710870988741	0.5419310004734711	0.3778502345119087	0.01001914156693306	0.0110312631125638	0.01038924221376561	0.1047995484579348	0.3445132896660457	0.01028185165305519	0.01024101584251452	0.2732437118228982	0.0102505896442179	0.01134231972717514	0.999851972697096	0.01020690358853192	0.01253925244409578	0.01005870270382815	0.01001401092867097	0.2733129777935257	0.01001674178846769	0.1962310915962709	0.1036362454864612	0.01002353489474795	0.01002615497004045	0.01000900492680466	0.1064632758750422
0.08385195379437431	-0.5052103926994503	1.360505602095348	0.8656698703309861	0.6034275812717813	0.7747560829253316	0.4086196549918253	-0.9406331386031581	-0.3589279032124649	-0.2182925610364403	0.1909417976403314	-2.804474737186012	2.764752087339483	-0.4977033365141679	7.830409118209031	1.016590908620538	3.003650990713879	-4.767941111528777	-3.165700439302245	4.660458875320834	6.065837792398831	0.08381577789019248	0.01025321837031707	0.3517126060944805	0.01019255512876016	0.01094063257819092	0.6272292489256448	0.01012712362600756	0.01085264894395626	0.03891351891651687	0.01002100628386086	0.2463582268206916	0.01001709185493259	0.5097245308176988	0.3494630666662255	0.01001998823210111	0.01086540086898721	0.01032641263170166	0.1049063850527581	0.3586884028677046	0.01035666400408872	0.01026866261144896	0.228113693782912	0.01028188464243459	0.01124516551169176	0.9998696096251176	0.01024454644717052	0.01496908934532981	0.01006269021374077	0.01001389578505074	0.2699511448714362	0.01001725481212155	0.1742570610665296	0.08160894659963372	0.01002494007605801	0.01002621026141708	0.01000908763253714	0.1047424795482093
0.08647232735044851	-0.5126605061992213	1.367751615628518	0.864415203144997	0.6239890651061319	0.7771163987902724	0.4166240533787877	-0.9527599067590707	-0.3664067616690775	-0.2061302540476332	0.2059264259821752	-2.888438989499325	2.765404852261685	-0.4599613331751447	7.869719904706175	0.792913683771425	3.113294158703441	-4.486525033372174	-2.529347266517877	4.617639650688587	5.25908796195385	0.07402932861936898	0.0102562245530467	0.3368258509015485	0.01020378209970194	0.01096801335883807	0.6520701742019115	0.01015139680766948	0.03953951454368258	0.03442427217922368	0.01001984306489937	0.2483194086226935	0.010017189181459	0.477765028891354	0.3207625499948774	0.01002097220748083	0.01072681479209758	0.01027395379185417	0.1048703585874004	0.3669192272834634	0.01986642868362232	0.01027398310813111	0.1833223954338901	0.01024013628601146	0.01097520511909618	0.8190223653418987	0.01030159626923273	0.3486784210473688	0.01006885372331598	0.01001405244091255	0.2578222466769024	0.01001808241352453	0.1478354883039529	0.05361345905230875	0.01002687632570952	0.01002635118936649	0.0100092283111252	0.1045484837696043
0.0890927009065227	-0.5203826381660386	1.374996489467023	0.8632591196943245	0.6447052636355842	0.7789534355309744	0.4249754114424485	-0.9641391258150992	-0.3721144435864632	-0.1941177392709686	0.2179159062645192	-3.012092820047452	2.763882215437636	-0.422459304923258	7.948495102356631	0.6171981403446564	3.268467948505451	-4.19737429432738	-1.813850024600087	4.546129976072582	3.7797911693463	0.06687348870261889	0.01025961431698575	0.3186735242581056	0.01020622692012563	0.01094618770371837	0.658619930382436	0.01018110255266852	0.1113044771078875	0.03060021027403285	0.01001889873692551	0.2486908866415719	0.01001740762069728	0.4457878378407192	0.2914040431810642	0.01002211410932204	0.01061115650796087	0.01023020717751739	0.1048126648934858	0.3751500516992221	0.02937619336315592	0.01027930360481327	0.1385310970848684	0.01019838792958833	0.01070524472650061	0.6381751210586795	0.01035864609129494	0.6823877527494079	0.01007501723289118	0.01001420909677436	0.2456933484823687	0.01001891001492752	0.1214139155413762	0.02561797150498378	0.01002881257536104	0.0100264921173159	0.01000936898971325	0.1043544879909992
0.09171307446259688	-0.528496828675231	1.382232167100047	0.8622005030880536	0.6657013380525195	0.7804455364116647	0.4338081242496115	-0.9747531370152088	-0.375984052383157	-0.182329396208628	0.2257368137883223	-3.177010462013489	2.758785711222922	-0.3853548438748797	8.071308726913232	0.524407611474096	3.468125524367357	-3.903282751808355	-1.165696511740584	4.453729958848402	2.317147761271173	0.06863309436630875	0.01027277892080296	0.2986297814259297	0.01020213339918334	0.01089118351063839	0.6482863376452529	0.01020673429031891	0.1839015160844479	0.02735141331015284	0.01001816117179014	0.2472669351391244	0.0100177616479661	0.413910343901759	0.2625199300212084	0.01002345100047706	0.01051455436233663	0.01019369789204519	0.1047649038576783	0.3677354667784177	0.1253426537853547	0.01039591550891635	0.1160014387759275	0.01016547493500474	0.01052583043533756	0.4439750295926301	0.010314708651713	0.632063251193853	0.01008225834894556	0.01001466086420326	0.2266731963353603	0.01002015010186111	0.09854985172753868	0.01903830904492389	0.01003150063063253	0.01002664830007032	0.01000954346583803	0.104568412637992
0.09433344801867109	-0.5370113096855804	1.389454783172056	0.8612404891667512	0.6869763945251016	0.781716186730691	0.4431249118288689	-0.9845926938451396	-0.3783601789330729	-0.1707642491365303	0.2307283767011883	-3.317614527232426	2.753912979574682	-0.3472008100115498	8.161428143907312	0.4481760090149495	3.637937996752801	-3.60627203077143	-0.6739497662450277	4.375775646457657	1.620294021026701	0.08399418076915208	0.01030308846178719	0.277938636477516	0.01019326227156118	0.01081557945933389	0.6219249044096411	0.01022083208734137	0.2345810845763223	0.02460007960510475	0.01001762085047337	0.2438582982580161	0.01001826262361633	0.3822410979572685	0.2352115748810157	0.01002501196813959	0.01043396040642909	0.01016326705853846	0.1047530334256392	0.3603208818576134	0.2213091142075534	0.01051252741301943	0.09347178046698658	0.01013256194042115	0.01034641614417451	0.2497749381265807	0.01027077121213107	0.5817387496382982	0.01008949946499995	0.01001511263163216	0.2076530441883521	0.0100213901887947	0.0756857879137012	0.01245864658486401	0.01003418868590402	0.01002680448282474	0.01000971794196281	0.1047823372849848
0.09695382157474529	-0.5458118021148169	1.396668021678459	0.8603831745082151	0.7083858539194671	0.7827442895104203	0.4527905064782189	-0.9936513723051218	-0.3796215226424497	-0.1593660500014364	0.234566540588288	-3.38578916732309	2.752251732755502	-0.3068060265324282	8.16314781097206	0.3254797393493792	3.723647966762714	-3.308029190981847	-0.2965460963612988	4.326569933946932	1.327670439227913	0.1062238357759189	0.01035405798461224	0.2574678374541888	0.01018130094435057	0.01073347672225202	0.584066478950061	0.0102349139349634	0.2724555943656113	0.0222730993987805	0.01001728062895854	0.2382345151306907	0.01001894303562536	0.3508801124016881	0.2097537253556627	0.01002688092502849	0.01036667805386978	0.01013788930547587	0.104462780084158	0.3580397804878255	0.2616678251600311	0.01070484230261029	0.08637188278900555	0.01010995207807426	0.0102920781787725	0.1303720780082587	0.01033929044073635	0.55235381388051	0.01008233446347196	0.01001599246831241	0.1809467141528686	0.01002330630174728	0.05612347356701544	0.01190738277552968	0.01003831192217883	0.01002711273752557	0.01000996815679319	0.100580585799038
0.09957419513081948	-0.5546842483234325	1.403882101281946	0.8596343705634131	0.7296725245566138	0.7833640667448697	0.4625574409390634	-1.001930628595179	-0.3799550505829961	-0.1480757943206429	0.2377832424048532	-3.372533246139648	2.754554946887072	-0.264380012585481	8.067709630427524	0.1365215547611693	3.715285603363671	-3.011378094279928	0.03420557800330848	4.293387809769175	1.145963123362145	0.1300870746151699	0.01042844220889661	0.2380313088681846	0.01016757391741217	0.01065595568493178	0.5385480028692819	0.0102580186457585	0.3014361390193712	0.0203089100658483	0.01001714274827217	0.2301742530573387	0.01001982838085807	0.3199236806863168	0.1864181824604915	0.01002912372616686	0.01031058639062534	0.01011675924714021	0.1036352562626067	0.3557586791180378	0.3020265361125088	0.01089715719220115	0.07927198511102454	0.01008734221572736	0.0102377402133705	0.01096921788993665	0.01040780966934164	0.5229688781227217	0.01007516946194396	0.01001687230499265	0.154240384117385	0.01002522241469985	0.03656115922032968	0.01135611896619535	0.01004243515845365	0.0100274209922264	0.01001021837162358	0.09637883431309113
0.1021945686868937	-0.5634121773829632	1.411107674960064	0.8589989180619688	0.7505802655882008	0.7833993191887516	0.472175628800974	-1.00943806252317	-0.3794880848109856	-0.1368626810773044	0.2405974577320963	-3.275149979294746	2.761130341753403	-0.2204011171139856	7.873984376833603	-0.1225172384622817	3.609838375321018	-2.719690409848514	0.3183924008508718	4.26517311750457	1.008279096765589	0.1551480457829938	0.01050348298261547	0.2214245943352954	0.01015307570057175	0.01058386058421031	0.4909952773463594	0.01027718653965402	0.3237968618389658	0.01865436951241318	0.01001723788715824	0.2196823091317154	0.01002098746975937	0.289717079360848	0.1651411405565844	0.01003192119593551	0.01026379973978229	0.01009916178304522	0.1025407881685195	0.3247697961277227	0.3414559473065774	0.01086845863183951	0.1041704594733698	0.01007290429633437	0.01020247768154975	0.01053507378647634	0.01034186492468562	0.4998602980106353	0.01009039766296262	0.01001851766164606	0.1238014425634088	0.01002835776048634	0.02484443364095597	0.01113278351111949	0.01004943307027798	0.01002785956606298	0.01001054294590803	0.09497782333406327
0.1048149422429679	-0.571775591547324	1.418356504182248	0.858480498745664	0.770853508145565	0.7826543681858835	0.4813920618696279	-1.016189183257098	-0.3783064227763193	-0.1257223001318655	0.2431003555544972	-3.09431726863141	2.772304739860087	-0.175054439238824	7.583428698228203	-0.4589686912317373	3.40864627529879	-2.434122082585482	0.5796974686531262	4.237874886635763	0.9083500516529774	0.1811193492468319	0.01056132675448542	0.2092995789243473	0.01013858698941611	0.01051785430747299	0.4466574665038548	0.01028224670412686	0.3409426016012347	0.01726553409061233	0.01001759012244573	0.2067333102528856	0.01002247430519102	0.2606014659514744	0.145853417071881	0.01003541524444195	0.01022483594807871	0.01008453537083386	0.1014020130236997	0.2937809131374076	0.3808853585006459	0.01083976007147788	0.129068933835715	0.01005846637694137	0.01016721514972901	0.01010092968301603	0.01027592018002961	0.4767517178985489	0.01010562586398127	0.01002016301829946	0.09336250100943262	0.01003149310627283	0.01312770806158226	0.01090944805604364	0.01005643098210231	0.01002829813989956	0.01001086752019248	0.09357681235503537
0.1074353157990421	-0.5795598341417637	1.425640701890996	0.8580824388991849	0.7902438080934063	0.780926690669946	0.4899608629105858	-1.022201024968648	-0.3764679516136255	-0.1146558320687863	0.2453608810312558	-2.837596694905423	2.78795576706933	-0.1287902914070589	7.205451826131235	-0.8687112792894144	3.120804750003415	-2.155751547152686	0.8216007412210539	4.207725855005606	0.8207843394075108	0.2053586930527503	0.01060425359536608	0.1996074500509756	0.0101246667709993	0.01045795388903015	0.405333521854971	0.01038894231380964	0.3536857678903226	0.0160994161794502	0.01001822278483485	0.1911063383223961	0.0100243624497541	0.2331101913904151	0.1284695786834514	0.01004020409789066	0.01019238409422973	0.01007238342867039	0.1004017283959586	0.2506443218363577	0.3801765826401166	0.01080342812891846	0.1249100795102162	0.01005062397828915	0.01014429462633435	0.0101092704308517	0.01154396497777262	0.4531508413934816	0.01010524730272949	0.01002259698909934	0.05628954435727266	0.01003614923830344	0.01217248903120112	0.0108141561705316	0.01007185891230048	0.01002892844583692	0.01001128858521209	0.09468282606081699
0.1100556893551163	-0.5865974088277512	1.432970603676805	0.8578054073891427	0.8085590421036656	0.7780543471500412	0.4976914077917224	-1.027493932076324	-0.3740106561685449	-0.1036752875637346	0.2474217328703762	-2.524423020751081	2.807188374642551	-0.08267956684202342	6.762884669236712	-1.332634967792824	2.768847298639027	-1.885395278189854	1.052015074631214	4.172293734796981	0.7559491566162044	0.2259185049696972	0.01063404995629995	0.1904546935197561	0.01011175384208877	0.01040417215536111	0.3668720337935134	0.01068797406720866	0.3625842392432221	0.0151210443436573	0.0100191541840139	0.1725563647177248	0.01002670963500889	0.2077726407490753	0.1128946367407904	0.0100467572301677	0.01016541425166934	0.01006231607571609	0.09969091825232154	0.2075077305353079	0.3794678067795874	0.01076709618635903	0.1207512251847175	0.01004278157963693	0.0101213741029397	0.01011761117868737	0.01281200977551562	0.4295499648884144	0.01010486874147771	0.01002503095989923	0.0192165877051127	0.01004080537033404	0.01121727000081999	0.01071886428501956	0.01008728684249864	0.01002955875177427	0.01001170965023171	0.09578883976659859
0.1126760629111905	-0.5927591618301441	1.440354656311813	0.8576479818017765	0.8256518990724687	0.7739158307067596	0.5044373366117022	-1.032089465929023	-0.3709679833824582	-0.09279584596705463	0.2493172219670676	-2.175653376698178	2.828936634045925	-0.03784890007694322	6.28008068670277	-1.828124148585903	2.376792441008779	-1.623738661206339	1.268654603119181	4.131184096426741	0.6919853997773323	0.2422676821907292	0.01066101217630194	0.1803712622985895	0.01010008719789069	0.01035607345272784	0.3311189441761241	0.01221982041231493	0.3680572191747853	0.01429905787567918	0.01002037655826369	0.1533184051015048	0.0100295954723155	0.1845505728839854	0.09902391491079646	0.01005448524900822	0.0101430111259008	0.01005398788937541	0.09945795685552429	0.1459915835555957	0.3566610451953471	0.01082575329410506	0.09349104257825351	0.01003976421609378	0.01010553269216584	0.0101013362861941	0.02673406042268393	0.4043144229448405	0.0100903254831947	0.01002797113299958	0.0152081352267153	0.01004731608353169	0.01100180428955582	0.01067912042478278	0.01009931129073142	0.0100303703425375	0.01001223472490411	0.1001191957497142
0.1152964364672647	-0.5979843577759556	1.447797640495094	0.8576050940098942	0.8414548119743411	0.7684629373594587	0.5101308572389114	-1.036011883924161	-0.3673706064533603	-0.08202613536257874	0.2510545558141417	-1.80959588901609	2.85216787623858	0.004741400461268255	5.778334917587417	-2.33583308126217	1.965596792365895	-1.371639629876561	1.475392987086005	4.088541559883075	0.6352371693877145	0.2538756530456328	0.01069322103303801	0.1680409545908394	0.01008985442052897	0.01031331513386637	0.2979517048354963	0.01578141631419521	0.370410424872412	0.01360821574546195	0.01002188381546446	0.1354721014265055	0.01003308243915199	0.1634034156885981	0.08674394765200345	0.01006292560146564	0.0101244558431608	0.01004712770080506	0.09985636791157923	0.08447543657588354	0.3338542836111069	0.01088441040185108	0.06623085997178954	0.01003674685255064	0.01008969128139198	0.01008506139370083	0.04065611106985224	0.3790788810012666	0.0100757822249117	0.01003091130609993	0.0111996827483179	0.01005382679672934	0.01078633857829166	0.010639376564546	0.01011133573896419	0.01003118193330074	0.0100127597995765	0.1044495517328299
0.1179168100233389	-0.6022431457066855	1.455302528848458	0.8576700869330227	0.8559361486958643	0.7616808170258186	0.5147394314455043	-1.039286966661758	-0.3632461725188964	-0.07136666623164885	0.2526234597000048	-1.44285754489235	2.875894988259376	0.04429876417587929	5.276899037648451	-2.837735832788631	1.554197751366455	-1.12959554094169	1.672128214183153	4.047475964173214	0.55696039280788	0.2604991037181062	0.01073048811349	0.153609152339867	0.01008102288253524	0.01027589076044268	0.2672609484068426	0.02040961832267895	0.3739213419283234	0.01302747904577839	0.01002352912928696	0.1191866107108024	0.01003713049555155	0.1442521519169739	0.07593829035630761	0.01007239848811052	0.01010912927051581	0.01004150320608036	0.1007386475399799	0.02834664642110025	0.2931764042748526	0.01095135513396446	0.03859458276617161	0.01003621205933697	0.01008443409527027	0.01007397994877676	0.04759844240462109	0.430726475307459	0.01006588034095484	0.01003269429267961	0.01085031390753649	0.01006106897537226	0.0107209689828532	0.01065962045620569	0.0101285520220977	0.0100323987054133	0.01001348741826144	0.1079625611491991
0.1205371835794131	-0.6055561435058249	1.462869254351522	0.8578342880390082	0.8691220439059307	0.7536061964774794	0.5182880708801421	-1.041939818541128	-0.3586097784356165	-0.06081340357198069	0.2539458347720651	-1.087721613191478	2.899365077993638	0.08046204160958929	4.789589241648363	-3.322333812582017	1.156601624865366	-0.8967219550399148	1.866146547874474	4.007479475421452	0.4470740632295613	0.2618160089796522	0.01077266539420356	0.137177112800019	0.01007356694764674	0.01024379489479771	0.2389537616286496	0.02536251644696465	0.382249732135214	0.01254002972122406	0.01002519726879097	0.1046101644673986	0.01004170821640831	0.1270094327518069	0.06648615970786648	0.0100831551881911	0.01009654524268424	0.01003693205293013	0.1019826332419975	-0.02778214373368303	0.2524985249385983	0.01101829986607784	0.01095830556055369	0.0100356772661233	0.01007917690914855	0.0100628985038527	0.05454077373938994	0.4823740696136514	0.01005597845699799	0.0100344772792593	0.01050094506675508	0.01006831115401519	0.01065559938741473	0.01067986434786538	0.01014576830523121	0.01003361547752586	0.01001421503694639	0.1114755705655683
0.1231575571354872	-0.6079666138233204	1.470496229306047	0.8580885156557384	0.88106421902246	0.744300221037307	0.520827317446943	-1.043993340645715	-0.3534684414690562	-0.05036759777478685	0.2548617135340852	-0.7593722032902773	2.921345590845219	0.1129119382568283	4.334133421269109	-3.767488010526189	0.7894279937572178	-0.6718125966302072	2.051683504261218	3.961752456005703	0.2292813089117211	0.2583020184300698	0.01088153767856411	0.1206814339959033	0.01006743837606523	0.01021642125545454	0.2129419743254704	0.06792321471100797	0.3919854645367184	0.01213072076929624	0.0100266710067061	0.09165459448645676	0.01004656095250823	0.1115774818052687	0.05827038704634394	0.01009556249810575	0.01008631736018054	0.01003327432141681	0.1030895369481121	-0.06579232227271643	0.2084086716633005	0.01182315651376188	0.01061802142453028	0.01003732526709878	0.01007742646256525	0.01005492861165279	0.5263931056814206	0.4776218811299709	0.01004936306031894	0.01003375084788083	0.01046463909617591	0.01007361749611474	0.01065375689655679	0.01081313230770288	0.0101698683938493	0.01003576853671483	0.01001540309096408	0.1086475430700751
0.1257779306915615	-0.609574091501876	1.478176260630601	0.8584225446129831	0.8918825638487229	0.733929683081849	0.5224669261954221	-1.045466822970442	-0.3478904153702402	-0.04006935478722995	0.255028532544869	-0.4748375172743684	2.939860350056591	0.1413704112038591	3.931825822641803	-4.134861104973503	0.4699531000881954	-0.4540066188880811	2.199449508624804	3.894852167536381	-0.124645758549213	0.2502553821775159	0.01110554206879144	0.1059096293492318	0.01006259928251447	0.01019329350467788	0.1891416034383004	0.1666292932856254	0.4002160895440036	0.01178750894704324	0.01002777986009003	0.0802226378573147	0.01005148885637927	0.09784867168696994	0.05117502889674515	0.010109908250582	0.01007814224611009	0.01003042018289915	0.1036531765497525	-0.1038025008117498	0.1643188183880027	0.01262801316144593	0.01027773728850687	0.01003897326807427	0.01007567601598195	0.01004695871945288	0.9982454376234512	0.4728696926462904	0.01004274766363989	0.01003302441650237	0.01042833312559674	0.0100789238382143	0.01065191440569885	0.01094640026754038	0.01019396848246739	0.0100379215959038	0.01001659114498178	0.1058195155745819
0.1283983042476357	-0.610501432893806	1.485899079611084	0.8588257901827537	0.9017269475925087	0.7227213495142272	0.5233395134347896	-1.046378683027754	-0.3420080482930558	-0.0299837952656508	0.2542064454284302	-0.2388708943982928	2.954073400008099	0.1658162369821773	3.589210908217872	-4.409408005576481	0.2024154797054981	-0.2430317068493911	2.282405556645151	3.79584927110192	-0.4910187519328333	0.2386435844998274	0.01146820145311301	0.09277210314694495	0.01005899081210186	0.01017377071553682	0.1674681237053263	0.2688722084531403	0.4086555991791908	0.01149950998066872	0.01002851371647722	0.07021400445100154	0.0100562993908011	0.0857065170295471	0.04509704300084453	0.0101509157708005	0.01007183274198498	0.01002831805491724	0.1029164249678213	-0.09130293562433034	0.1297145447215052	0.01394259454829703	0.01022264204862758	0.01004250731734027	0.01007486682628432	0.01004238660412715	0.9989937309887551	0.4987414685090225	0.01003773880586419	0.01003144923168934	0.01069907328097874	0.01008211572998474	0.01065007310199463	0.01132607476440684	0.01051281387997472	0.01004197697137293	0.01001877944060724	0.09107546226060897
0.1310186778037098	-0.6108569531815402	1.493655152628682	0.8592884508383835	0.9107310271033291	0.7108760714142944	0.5235610992715259	-1.046746052049694	-0.3359701043588567	-0.02021348541292925	0.2525170338990601	-0.03839508495779276	2.965241492403534	0.1867189728403178	3.290463654246005	-4.621008990899312	-0.02692369148398542	-0.03842386038436102	2.318193537814185	3.654237871817497	-0.7866310781010588	0.2242595544266227	0.01198778821710698	0.08117012299552123	0.01005656675364903	0.01015734953164225	0.1478321585580392	0.3488117349454596	0.4187554528907085	0.01125810323862452	0.01002886463793932	0.06152340715672681	0.01006084145273285	0.07502811381316965	0.03993828785027211	0.01023797789336879	0.01006724190366641	0.0100269274466366	0.1002474352378209	-0.07880337043691084	0.09511027105500774	0.01525717593514814	0.01016754680874828	0.01004604136660628	0.0100740576365867	0.01003781448880143	0.9997420243540588	0.5246132443717546	0.01003272994808849	0.01002987404687631	0.01096981343636074	0.01008530762175517	0.01064823179829042	0.0117057492612733	0.01083165927748204	0.01004603234684207	0.01002096773623271	0.07633140894663604
0.133639051359784	-0.6107194206863225	1.501437828028005	0.8598016014420992	0.9189929953901602	0.6985237658569015	0.523216707197029	-1.046586278483436	-0.3298637256576207	-0.01087725121163145	0.2501190166623818	0.1380550824713605	2.974492968689553	0.204522585417739	3.021674406660721	-4.79763861435206	-0.2300623826146642	0.160032933532255	2.334705165227767	3.464783577144694	-1.038287670889747	0.2096950560011302	0.01259411420770735	0.07098521059145337	0.01005484724574068	0.01014339519288636	0.1301402908796251	0.415725685175539	0.4284993478836059	0.01105566488068764	0.01002909266878354	0.05397930582085748	0.01006571018680593	0.06568107926074197	0.0355244940557195	0.0103269956506949	0.01006413643039845	0.01002617725718263	0.09675982010036056	-0.03920807450345196	0.101254424239357	0.01606189398736135	0.01016733460182863	0.01004629933438835	0.01007197862080037	0.01003698382612061	0.9997254706616873	0.5136159292836293	0.01002996267223974	0.01003059169131661	0.01068541121205922	0.01009496330488872	0.01054382545058795	0.01132920256549565	0.01072385471645985	0.01005077990588828	0.0100237426690104	0.07375177613616549
0.1362594249158582	-0.6101612785434665	1.509241662691057	0.8603580976390109	0.9265993046907434	0.6857813326930047	0.5223861697765166	-1.045909131781556	-0.3237753543703292	-0.002091376592009051	0.2471037620692996	0.2826352098740854	2.981391299502779	0.2198024949171455	2.790031962185741	-4.91877386919261	-0.3979741051843899	0.356461162342836	2.304449379922862	3.234175945608822	-1.257737462893472	0.1973047275150985	0.01323226808160019	0.0620959415212601	0.01005345565799021	0.01013140931707815	0.114289641493494	0.4728691866811997	0.4361742765111701	0.0108861726516284	0.010029401897402	0.04742055330885898	0.01007137266323817	0.0575336102862912	0.03170372532626591	0.010383378859632	0.01006233318441046	0.01002601167975269	0.09337731521797689	0.0003872214300069265	0.1073985774237063	0.01686661203957457	0.01016712239490898	0.01004655730217043	0.01006989960501404	0.01003615316343979	0.9997089169693157	0.502618614195504	0.010027195396391	0.01003130933575691	0.01040100898775769	0.01010461898802226	0.01043941910288547	0.01095265586971799	0.01061605015543767	0.01005552746493449	0.01002651760178809	0.07117214332569494
0.1388797984719324	-0.6092768228963524	1.51705984633225	0.860952015327802	0.9336573772004778	0.6728217010358982	0.5211740594073665	-1.044714566951207	-0.3178559667519856	0.006044577574430733	0.2435422214301919	0.3879565108376887	2.985548843915192	0.2333183862817237	2.601669416168193	-4.963751254616189	-0.5221400595699441	0.5557435536941928	2.20630503231095	2.976782179196105	-1.459383250416665	0.1874424596151539	0.01379072337403546	0.05437839709294485	0.01005220099693911	0.01012107628078534	0.1001721028320175	0.5227470009350602	0.4431477769980114	0.0107441486044266	0.0100298730889541	0.04175182124304505	0.01007874912591093	0.05046644258964785	0.02840844582768273	0.01040096928662146	0.01006151353783428	0.01002631164406294	0.09072836678384855	-0.03242242659997762	0.121850037766283	0.01641343322594429	0.01018510077956921	0.01004522442206828	0.01006804205675088	0.01003675765167416	0.9996845270769004	0.5147214905541433	0.01002525567295675	0.01003313936185193	0.01032525086502056	0.01012668791124424	0.01037215955061312	0.01073165331769001	0.01037028684644915	0.01005913114907559	0.01002906121325847	0.07753870979383404
0.1415001720280066	-0.60815151754436	1.52488665893319	0.8615798814925607	0.940258249559529	0.6598142792650429	0.5196761215920058	-1.042994245447574	-0.3122504949575763	0.01351543020759471	0.2394619235389526	0.4664637363985482	2.987977352645083	0.2457136676878415	2.441073967533895	-4.955249671383466	-0.6161318907779564	0.7577449198170217	2.064853141282325	2.726537229950094	-1.653678912485031	0.1803965322749243	0.01418223197409454	0.04771229189314323	0.01005093336097339	0.01011214829106272	0.08767057708415046	0.5667233515130874	0.4505833631063436	0.01062527402654428	0.01003056962962904	0.03688411102316532	0.01008856175719424	0.04436557520843967	0.02557985407131714	0.01037492067451617	0.01006142740303269	0.0100269836985808	0.08933523338141787	-0.06523207462996215	0.1363014981088598	0.015960254412314	0.01020307916422944	0.01004389154196613	0.01006618450848772	0.01003736213990851	0.999660137184485	0.5268243669127824	0.01002331594952251	0.01003496938794694	0.01024949274228342	0.01014875683446621	0.01030489999834078	0.01051065076566202	0.01012452353746062	0.01006273483321669	0.01003160482472885	0.08390527626197315
0.1441205455840809	-0.6068450747912436	1.532718407863326	0.8622391984035563	0.9464618488740592	0.6468805849847689	0.5179598977871344	-1.040741674121343	-0.3070610824251948	0.02036657695206975	0.23488082278156	0.5291674378654477	2.989548768865459	0.2574373245527777	2.294968291763301	-4.912714314770041	-0.6919837183705139	0.9617778613493165	1.892135960656209	2.507728569184481	-1.840781468262055	0.1753920853478579	0.01438393314815585	0.04197905834634225	0.01004975859373135	0.01010442535269437	0.07666421524865115	0.6058901448835944	0.4568687418726337	0.01052566609323113	0.01003141860716812	0.03271952554613609	0.01010110290460906	0.03912017854011694	0.02316336513572364	0.01033206586952233	0.01006189800465981	0.01002797545331904	0.08858610297581015	-0.07916381522230945	0.1424264493467482	0.01489506112238715	0.01021823437632044	0.01004377773875439	0.01006478306825005	0.01003738187513157	0.9996478125450171	0.5066516504422029	0.01002169295499761	0.010036392505893	0.01021774193251997	0.01017913927808866	0.01026410333084927	0.01044193560660824	0.0101073875412132	0.0100657260786616	0.01003427641147943	0.08411458064817649
0.1467409191401551	-0.6053862046337004	1.540553835048802	0.862928664873347	0.9522916005423638	0.6340872592649799	0.5160590020367868	-1.037952512153434	-0.3023543598067143	0.02668467785773165	0.2298256732557152	0.5828039460404159	2.990784780868507	0.2687253170956875	2.155734768198236	-4.848113373843202	-0.75708274493991	1.16729770318605	1.696440085989353	2.319690017210132	-2.015496613898906	0.1717234747445731	0.01437754933280901	0.03706909389974277	0.01004875976615223	0.01009775046193461	0.06702779383996729	0.6409612850150115	0.4606158404271621	0.01044226782440583	0.0100323627983118	0.02917107073008098	0.01011660194175265	0.03462900608049222	0.02111254717185763	0.01029346919830864	0.01006278659889833	0.01002924579076985	0.08797127127541067	-0.09309555581465673	0.1485514005846366	0.0138298678324603	0.01023338958841143	0.01004366393554265	0.01006338162801238	0.01003740161035462	0.9996354879055492	0.4864789339716234	0.01002006996047272	0.01003781562383907	0.01018599112275652	0.01020952172171112	0.01022330666335776	0.01037322044755445	0.01009025154496577	0.01006871732410651	0.01003694799823001	0.08432388503437985
0.1493612926962292	-0.6037935670231088	1.548392453665952	0.8636473184851001	0.957759855695038	0.6214826404796384	0.5139960080125691	-1.034623285484443	-0.2981819268445283	0.03254626775217519	0.2243091568555672	0.6321733647978675	2.992089090737927	0.2797947592016012	2.017926740067629	-4.771248825303289	-0.8166239786619848	1.37417571315674	1.488250920717924	2.156981085194881	-2.199900401952278	0.1689803595786726	0.01426495859395677	0.03287827264846251	0.01004793193042374	0.01009196334075626	0.05863552310300057	0.6725375586652028	0.4716397541916093	0.01037236188472349	0.01003339336185472	0.02615499484149502	0.01016587604919818	0.03079674332100943	0.01937484701162164	0.01026150959895108	0.01006397587806176	0.01003076786534186	0.08737527939724193	-0.1065261981022216	0.1504623724378021	0.01355811019232628	0.01024639529897573	0.0100438437952249	0.01006219011609656	0.01003700934296507	0.9996296118139416	0.6640823452930436	0.01001875166529193	0.01003932518291085	0.01016709372504421	0.01060838971598934	0.0102136520625586	0.0103354598770404	0.01010961457240752	0.01007116466304367	0.0100398610132517	0.08319609273549645
0.1519816662523034	-0.6020763055070236	1.556234871806746	0.8643950390084251	0.962867128163733	0.6090881812379102	0.5117838594086893	-1.030748491961783	-0.294554384744068	0.03800361182511838	0.2182707874403806	0.6779231363594715	2.993684767120687	0.2909106360587636	1.880214750724123	-4.687709111537846	-0.8709249712256061	1.583701579957918	1.280552160038699	2.011149411949276	-2.413800904391336	0.1668047891307495	0.01412619595255301	0.02931413718398288	0.01004727120292559	0.01008693817394088	0.05136362301504986	0.7010548940471352	0.4983266214114566	0.0103138109105219	0.01003450335901904	0.02359929799200827	0.01027309481506279	0.02753948117951241	0.01790671236062697	0.01023805463895487	0.0100653737742038	0.01003252060779216	0.08670339526621361	-0.1199568403897864	0.1523733442909676	0.01328635255219226	0.01025940100954004	0.01004402365490715	0.01006099860418074	0.01003661707557552	0.9996237357223339	0.8416857566144638	0.01001743337011115	0.01004083474198264	0.0101481963273319	0.01100725771026756	0.01020399746175944	0.01029769930652636	0.01012897759984928	0.01007361200198083	0.0100427740282734	0.08206830043661309
0.1546020398083776	-0.6002437083526716	1.564082028482323	0.8651721801717569	0.967612858642053	0.5969175466588078	0.5094364361624151	-1.026319964799241	-0.2914642339157846	0.04309404552904874	0.2116401380213047	0.7205926058243024	2.995766692022768	0.3023044367729065	1.741433196590513	-4.601719838117591	-0.9202294960383639	1.797007661294377	1.079121225856608	1.875237183120909	-2.647760019538677	0.1647975618943795	0.01398361114043347	0.02629017724608649	0.01004676135900495	0.01008255981803602	0.04509101198917446	0.7268938479188022	0.5340552592968891	0.01026471066760031	0.0100357020540678	0.02143716291589395	0.01065742658772815	0.02478825209454864	0.01666731425300964	0.01022088626811	0.01006691444858927	0.01003450709459173	0.08594653277137895	-0.130508782320102	0.1490420212855353	0.01322793808836698	0.01026798943390292	0.01004434687357064	0.01005997612375824	0.01003665978514567	0.9996291140748378	0.9203376335310864	0.0100163521087869	0.01004261214641831	0.01013575148036926	0.01410244796730665	0.01033585780644377	0.01027482444465754	0.01013922912408251	0.01007570211633426	0.01004618460002832	0.08066712052503465
0.1572224133644518	-0.5983009831692787	1.571935501182185	0.8659796656389305	0.9719907582675911	0.5849707216603742	0.5069638747181837	-1.021327495707409	-0.2888931351263912	0.04783709018623752	0.2043907836455756	0.7619783496214649	2.998505472374942	0.3140709246148936	1.599467868716171	-4.51688645905762	-0.966436695244632	2.014130232379176	0.8843857144670232	1.746004737491476	-2.886027435008635	0.1626191070550099	0.01385481294500468	0.02373202599240822	0.01004638966463185	0.0100787378917157	0.039704256734991	0.7503495572623752	0.5731472535905839	0.01022356434299888	0.01003699671775946	0.01961255546840097	0.01148984368395822	0.02248370960158819	0.01562333592324817	0.01020826258359088	0.01006854622875513	0.01003672973992702	0.08509720875723095	-0.1410607242504176	0.145710698280103	0.01316952362454169	0.0102765778582658	0.01004467009223412	0.01005895364333576	0.01003670249471583	0.9996344924273417	0.9989895104477091	0.01001527084746265	0.01004438955085398	0.01012330663340663	0.01719763822434574	0.0104677181511281	0.01025194958278872	0.01014948064831574	0.01007779223068769	0.01004959517178325	0.0792659406134562
0.159842786920526	-0.5962498361990667	1.579797146708262	0.8668185264421631	0.9759906311366218	0.5732415971559244	0.5043724889157809	-1.01576123907317	-0.2868220214550294	0.05224786396325099	0.1965147261598179	0.8037546256546391	3.002027582679331	0.3262350659632133	1.452551293999813	-4.436212143899734	-1.011390601504548	2.234718880372826	0.6976224082726108	1.620965708929425	-3.124371335787604	0.159819844150412	0.01373029377559517	0.02157088988760416	0.01004614519972085	0.01007539638087935	0.0350955878348735	0.7716858023424025	0.61157323967116	0.0101890390520486	0.01003839739814563	0.01807419466839058	0.01242310976844499	0.02055162721363909	0.01474421009117606	0.01019941381986299	0.01007023398832598	0.01003921822961522	0.08416171020348032	-0.1519433355730522	0.1350286383175945	0.01302569409810917	0.0102769193500097	0.01004514115461268	0.01005814962744481	0.01004601462818412	0.9996478865962947	0.9990454747014902	0.01001438307224302	0.01004647709382228	0.01011466957252541	0.01711106717224016	0.01050368871516325	0.01023746866872076	0.01015975808346369	0.01007965136287406	0.01005382728619246	0.0777724315844335
0.1624631604766002	-0.5940876857482775	1.587669062742022	0.8676896196768428	0.9795985814039706	0.5617172280479252	0.5016636828599393	-1.009613782007977	-0.2852306226896706	0.05633450707991649	0.1880219935323876	0.846701751229513	3.006344436906955	0.3386723264819251	1.300332960433038	-4.360606911833389	-1.056057698453521	2.457731435426092	0.5182433338197913	1.498612025412988	-3.356704709432423	0.1560161742802348	0.0136025632587371	0.01974909748427558	0.01004601939360246	0.01007247562026814	0.03116819285807063	0.7911163967991049	0.6460172675172079	0.01016008757460424	0.01003991198110495	0.01677986683364247	0.01318633328475448	0.01893032505866394	0.01400527074618817	0.01019373553885098	0.01007195015901606	0.01004199586110738	0.08314516767628746	-0.1628259468956868	0.124346578355086	0.01288186457167664	0.0102772608417536	0.01004561221699123	0.01005734561155386	0.01005532676165242	0.9996612807652476	0.9991014389552711	0.01001349529702338	0.01004856463679058	0.01010603251164418	0.01702449612013458	0.01053965927919841	0.0102229877546528	0.01017003551861163	0.01008151049506042	0.01005805940060168	0.07627892255541081
0.1650835340326744	-0.5918110730167414	1.59555331570494	0.8685935259314391	0.9828007946801292	0.5503839638426752	0.4988376757769802	-1.002879760037196	-0.2840996697810441	0.06010280039732183	0.1789256746461605	0.8910610637930977	3.011425236676807	0.351222588499526	1.143120917529457	-4.290242504277093	-1.100813209125084	2.682080895830958	0.346251388781618	1.377549723923601	-3.585805648850152	0.1509555467636156	0.01347194731491109	0.018213916413658	0.01004601535390059	0.01006992949078375	0.0278295947097381	0.8088354820609639	0.677054446594013	0.01013577683062837	0.01004153636631597	0.0156912797970209	0.01381349643972152	0.01755958230988156	0.0133841659621355	0.01019050195821349	0.01007366712061975	0.01004511505709861	0.08204614184824245	-0.172183873437581	0.1079895666296331	0.0127355134773885	0.0102671973503333	0.01004635714952784	0.01005684046406593	0.01005378138630517	0.9996753600508155	0.999163530673144	0.01001276211643267	0.01005083176922732	0.01009982407686289	0.01698892682896984	0.01042964189440611	0.01021425485933306	0.01017811193551249	0.01008310154277026	0.01006348649993893	0.07461000720677835
0.1677039075887486	-0.5894171355231712	1.603451778041324	0.8695302282082321	0.985586059801315	0.5392292947591071	0.4958950125648697	-0.9955573055497086	-0.2834092201374011	0.06355395992969599	0.1692310273671292	0.9362498706282917	3.017189740572539	0.363703888963159	0.9820972997149597	-4.224294193161676	-1.145095483834106	2.906852527601516	0.1820292364348038	1.256559678108509	-3.813378828599373	0.1444130702280712	0.01333870276558736	0.01692196199371655	0.01004613551944683	0.01006772179296137	0.02499962737086567	0.825005174753255	0.7051048511649805	0.0101153739571525	0.01004326733575104	0.01477733972333884	0.01433087839830672	0.01639032599614282	0.0128630031505414	0.01018914330829091	0.0100753631958876	0.01004861695886673	0.08086342934414166	-0.1815417999794751	0.09163255490418022	0.01258916238310036	0.01025713385891301	0.01004710208206445	0.01005633531657801	0.01005223601095792	0.9996894393363833	0.999225622391017	0.01001202893584196	0.01005309890166407	0.01009361564208161	0.01695335753780509	0.0103196245096138	0.01020552196401333	0.01018618835241336	0.0100846925904801	0.01006891359927619	0.07294109185814587
0.1703242811448228	-0.58690441093285	1.611366157779952	0.8704993799154953	0.9879456405349798	0.5282427053834877	0.4928376512837476	-0.9876460810090888	-0.2831391680236943	0.066687253698266	0.1589400623979575	0.9810787566648581	3.02352272288432	0.3759067652359978	0.8191014316789406	-4.161108299892859	-1.187650468447648	3.131195772599097	0.02525522699970488	1.134808902476374	-4.041434627054643	0.1356233677425372	0.01320297003851333	0.01583422936185206	0.01004639590232573	0.0100658241480869	0.02260503952601867	0.8397744935463987	0.7305337050750474	0.01009822561667623	0.01004508724084588	0.01401001454646913	0.01475006575145826	0.01539655627494351	0.01242566185828269	0.01018915133679349	0.01007698788810511	0.0100525491871682	0.07963927115588067	-0.1885974964041034	0.06133029107009987	0.01243924906577094	0.01023938363111308	0.01004828377245704	0.01005617313576075	0.01004995929067629	0.9997009954950079	0.9992446479287155	0.01001141803475322	0.01005537162337999	0.01008905433568027	0.01683074491309564	0.01028121507972981	0.0102011305936209	0.01019203383093421	0.01008564783821871	0.01007566638296667	0.07168937266877771
0.172944654700897	-0.5842782137571486	1.619297623463464	0.8714997660736356	0.9898800673792415	0.5174225620559073	0.489674950313803	-0.9791485143170791	-0.2832707468811258	0.06950058931669191	0.1480496594589597	1.022857816367215	3.030230587245355	0.3875435822045164	0.6575986125581563	-4.097254254407045	-1.225495996637514	3.354378148542708	-0.1245155844038443	1.012351634257358	-4.270899832378882	0.1238883208888089	0.01306485984668655	0.01491906053471711	0.01004680906919055	0.01006421428149078	0.02058399290701907	0.8532704122448437	0.7536252660342841	0.01008381877993002	0.01004698223068779	0.01336676600381782	0.01508001222871748	0.0145571620222555	0.01205931160900551	0.01019012708946485	0.01007850156557172	0.01005694911422917	0.07840837145598516	-0.1956531928287317	0.03102802723601953	0.01228933574844151	0.01022163340331316	0.01004946546284964	0.0100560109549435	0.01004768257039467	0.9997125516536325	0.9992636734664141	0.01001080713366446	0.0100576443450959	0.01008449302927894	0.01670813228838619	0.01024280564984583	0.01019673922322846	0.01019787930945506	0.01008660308595733	0.01008241916665714	0.07043765347940954
0.1755650282569712	-0.5815489292348335	1.627246989301247	0.8725296506797297	0.9913962794373238	0.5067736990483822	0.48642191183165	-0.9700682280202247	-0.2837863037703787	0.07199272227687929	0.1365548006594133	1.060222327536366	3.037198845629718	0.3984160390981795	0.49935443311634	-4.030878614192908	-1.257155382251715	3.57597151486415	-0.2677825525188629	0.8905742729431967	-4.502867321623195	0.1108295248603937	0.01292586893138386	0.01414847495793818	0.01004739605046339	0.01006286999498288	0.01888006446230421	0.8656106386052285	0.7746341026494626	0.01007169585039306	0.01004894496922648	0.01282736282666856	0.01745836983924746	0.01384843975869733	0.01175244222231269	0.01019172955222752	0.01007981486821871	0.01006178299350354	0.07721854083459431	-0.1985641185740132	0.0209297578391781	0.01215242468745553	0.01020203379741781	0.01005120010268304	0.01005616316523214	0.01004568994381301	0.9997205493464871	0.9992401627099881	0.01001029262189245	0.0100599809559865	0.01008111061185035	0.04186104694151134	0.01021981026973248	0.01019596346005798	0.0102016476379124	0.01008628508370817	0.01008971055733809	0.06982295238812247
0.1781854018130454	-0.5787220984966011	1.635215214470093	0.8735872409712041	0.9924955077832149	0.4962957097709815	0.4830877227589726	-0.9604086871301687	-0.2846678352910903	0.0741720854778168	0.1244496108699626	1.097309961322899	3.04462497084025	0.4086899453374249	0.3393358127946123	-3.96683488749791	-1.28743418124194	3.796494191012354	-0.4038457055694758	0.7736301294361376	-4.73673493324794	0.09788418334526186	0.01278717594416551	0.01349997949940001	0.01004817335124713	0.01006177386528514	0.0174465796167969	0.8768968527740223	0.7937670106867085	0.01006149756089431	0.01005096969901751	0.01237565373955126	0.02350952626160308	0.0132513600851752	0.01149592990566288	0.0101936910604951	0.01008085766232061	0.0100670243399385	0.07610900481845397	-0.2014750443192947	0.01083148844233668	0.01201551362646954	0.01018243419152247	0.01005293474251643	0.01005631537552077	0.01004369731723134	0.999728547039342	0.9992166519535619	0.01000977811012044	0.01006231756687709	0.01007772819442176	0.0670139615946365	0.01019681488961913	0.01019518769688749	0.01020541596636975	0.01008596708145902	0.01009700194801903	0.0692082512968354
0.1808057753691196	-0.5757940386245233	1.64320371328383	0.8746711687382187	0.9931677320003	0.4859772847418053	0.4796708908739974	-0.9501721246120823	-0.285895668385321	0.07605585677346648	0.1117288452414185	1.138680309791562	3.052721579641013	0.4185625593809097	0.1720694802130517	-3.910461802785656	-1.321636396650533	4.016366709589114	-0.5319408582672613	0.6679515386999628	-4.972660860418528	0.0857447920022015	0.01265044693644118	0.01295385421208885	0.01004916342966767	0.01006090562254659	0.01624122773504648	0.8872238430141596	0.8112126504512405	0.01005290322137342	0.01005308839528023	0.01199718558417613	0.03106477489100833	0.01274816827243592	0.01128158089794245	0.01019581744041821	0.01008150578514222	0.01007241172385222	0.07543037945709874	-0.2018607753582658	0.0105765492534346	0.01189891584301901	0.01016609437948713	0.01005531420479809	0.01005672543602328	0.01004181119343246	0.9997325357737908	0.9991602929730061	0.01000933878308911	0.01006515429384989	0.01007524321803527	0.07445614203460836	0.01018072556376858	0.01019725493639822	0.01020761760942357	0.01008364741495564	0.01010203313872349	0.07349116622590757
0.1834261489251938	-0.5727485428835768	1.651214412344043	0.8757805316025945	0.9933885293588577	0.4757927486064311	0.4761552090733356	-0.939360946765462	-0.2874484911629795	0.07769253035692528	0.09838772737384402	1.186942883008085	3.061569307974504	0.4281032822657672	-0.005215716876242904	-3.864644195265054	-1.362881374988405	4.235069314930784	-0.6518940669752676	0.5850328116086165	-5.210218752066365	0.07503262822213511	0.01251699342882052	0.01249435369106549	0.01005038391119633	0.01006024935733681	0.01522953091488523	0.8966742588414209	0.8271287973763758	0.01004566108077251	0.01005532615282932	0.01168047801590667	0.03847980041224827	0.01232470507736766	0.0111029191003917	0.01019795628657455	0.01008166178674068	0.01007773997491566	0.07546813507273986	-0.202246506397237	0.01032161006453252	0.01178231805956847	0.01014975456745179	0.01005769366707975	0.01005713549652579	0.01003992506963357	0.9997365245082398	0.9991039339924503	0.01000889945605778	0.01006799102082269	0.01007275824164878	0.0818983224745802	0.01016463623791802	0.01019932217590895	0.01020981925247738	0.01008132774845225	0.01010706432942794	0.07777408115497975
0.186046522481268	-0.5695655904714988	1.659249326637619	0.8769145014220445	0.9931297146233152	0.4657123276014455	0.4725198500213926	-0.92797881255748	-0.289304919077519	0.07915078960525322	0.08442172660626082	1.244161116969566	3.071208665849174	0.4373529077835137	-0.1944677415374075	-3.83159773619779	-1.413683769564041	4.451948530685918	-0.7636469282911227	0.5324953338864339	-5.449634592264622	0.06563990185965909	0.01238732824297905	0.01210740554676271	0.01005188694809783	0.01005979806514612	0.01438043875331908	0.9053253949350806	0.8416487401590461	0.01003954594778273	0.0100577273889893	0.01141528078442871	0.04560055573423643	0.01196802002781368	0.01095415466307073	0.01020001855037046	0.01008140246581057	0.01008316555918768	0.07596880052928162	-0.2014535644568288	0.01025034896581017	0.01167829920142164	0.01013661803447953	0.01006114742139635	0.01005788710365716	0.01003818841207249	0.9997352278720576	0.9987358063108084	0.01000851478236592	0.01007158837748994	0.01007100441650769	0.08700344142814022	0.01015183147220773	0.01020391560430438	0.01021099798870614	0.01007892726837873	0.01011381785586889	0.08004735941142151
0.1886668960373422	-0.5662192174838678	1.667310521571859	0.8780723453419423	0.9923581415381346	0.4556999401787713	0.4687366103852689	-0.9160314835041673	-0.2914433523220346	0.08050684914815905	0.06982597806227386	1.311673630022399	3.081628005791241	0.4463251883696296	-0.3965785044064866	-3.812717566595136	-1.475751224279841	4.666454255463765	-0.8671346225231614	0.5070288909956783	-5.69087371436665	0.05745688077854547	0.01226185464335757	0.01178182928542896	0.01005371347030913	0.01005954624805215	0.0136689239189721	0.9132450776083681	0.8548858039010926	0.01003438105471885	0.01006032696333505	0.01119348097623806	0.05231036340302455	0.01166783361327591	0.01083072083407511	0.0102019343381846	0.01008078809624849	0.01008881127219967	0.07672485778096273	-0.2006606225164208	0.01017908786708781	0.0115742803432748	0.01012348150150726	0.01006460117571296	0.01005863871078852	0.01003645175451141	0.9997339312358755	0.9983676786291664	0.01000813010867405	0.0100751857341572	0.01006925059136662	0.09210856038170022	0.01013902670649745	0.01020850903269981	0.01021217672493489	0.0100765267883052	0.01012057138230983	0.08232063766786329
0.1912872695934164	-0.5626813592285521	1.675400016116027	0.8792533352708392	0.9910395197797418	0.4457175844937413	0.4647745480807078	-0.9035257086152549	-0.2938436023147621	0.08182637443682031	0.05460262966931435	1.390752369432608	3.092778309721572	0.4549872578893115	-0.6120928177815469	-3.80890224711592	-1.550788832264639	4.877770467209282	-0.9645701386172307	0.5007499810469703	-5.92542092732049	0.05036378850523571	0.01213856691484167	0.01150765296584253	0.01005598671574198	0.0100595054319665	0.013072534780654	0.9204971405209758	0.857171369418131	0.01003000831922768	0.01006317013776206	0.01100784694078568	0.05836552576863917	0.01141486045766498	0.01072854556198108	0.01020366379077392	0.01007999923949655	0.01009482055635177	0.0773170391685656	-0.1991278276538331	0.01014821618570892	0.01145488560303276	0.01011352151295101	0.01007015159963974	0.01005992484360319	0.01003477342061905	0.9997319632829818	0.7687054734739652	0.0100077860433297	0.01007971223707702	0.01006813327520006	0.09296966012947309	0.01012806114047523	0.01021549431839642	0.01021259345301015	0.0100755403018389	0.01012945274222197	0.07942559293722808
0.1939076431494906	-0.558919337788875	1.683519514457629	0.8804564093840783	0.9891386135856871	0.4357248874382635	0.4605962364481335	-0.8904725534170231	-0.2964969219568023	0.08313456622393592	0.03878767642370651	1.482766170505167	3.104528402846783	0.4631809410857892	-0.8410070739987291	-3.820610617129011	-1.64080351425723	5.084242252179256	-1.060290021093012	0.4983785964455646	-6.142416091808937	0.04424596977033612	0.0120158864418855	0.01127698175607	0.0100588034029354	0.01005968466249196	0.01257331625460263	0.9271378438911542	0.839940665863301	0.01002630365886695	0.01006629243450713	0.01085266930871968	0.06357583064967363	0.01120175458245294	0.01064442164291837	0.01020517562230635	0.01007917761007841	0.01010130598627942	0.07740617040927893	-0.1975950327912455	0.01011734450433003	0.01133549086279071	0.01010356152439475	0.01007570202356652	0.01006121097641785	0.01003309508672667	0.9997299953300882	0.539043268318764	0.01000744197798534	0.01008423873999684	0.01006701595903351	0.09383075987724597	0.01011709557445302	0.01022247960409303	0.01021301018108541	0.01007455381537259	0.01013833410213412	0.07653054820659286
0.1965280167055648	-0.5548981299474544	1.691670469310747	0.8816801940856273	0.9866204138655156	0.4256803236164107	0.4561607540908574	-0.8768861974000332	-0.2993990927577714	0.08442780030502073	0.0224199185013356	1.588677839769384	3.11675185243453	0.4707711791906631	-1.083029016995647	-3.848729124329517	-1.747273089419548	5.284476552309568	-1.153508744299237	0.4842107853303609	-6.351253897121701	0.03899072964780457	0.01189237283441771	0.01108275121891816	0.01006260026725936	0.01006012619429267	0.01215520564875934	0.9332198389426437	0.8143788546911483	0.01002315659711199	0.01006972168292285	0.01072286440593403	0.06807208034103518	0.01102191563156124	0.01057550875756644	0.01020644022949433	0.01007846027668968	0.01010856418229891	0.07676675269700892	-0.196208957059189	0.01010136162404456	0.0112002850343549	0.01009637363290719	0.01008747685574454	0.01006343425270161	0.01003134742287468	0.9997220186342582	0.5329887048578705	0.01000713439435905	0.01008965092996364	0.01006647512321136	0.09435484578938522	0.01010725357801783	0.0102319728477954	0.01021264328723044	0.01007511421766061	0.01015165759458784	0.06955577761586415
0.199148390261639	-0.5505816490266801	1.699853959846819	0.8829230701529325	0.9834521446856326	0.41553985657977	0.4514250968032714	-0.8627835391229476	-0.302535445860057	0.08564875863945769	0.005497227678705404	1.708133335174721	3.129361261412866	0.4777524251491585	-1.337172560178759	-3.893808741545719	-1.869912016450806	5.478309929208489	-1.239029652145754	0.4432141360347138	-6.56596860322314	0.03449511282723316	0.01176689281279689	0.0109193824474781	0.01006772005823169	0.0100608631899069	0.01180542882804704	0.938789667912472	0.7903924210821376	0.01002048042181567	0.01007347972366835	0.01061442576787507	0.07194908540390958	0.01087013401717964	0.01051957208468716	0.01020743437596108	0.01007795481853164	0.01011682793122293	0.0752116747420094	-0.1948228813271324	0.01008537874375909	0.01106507920591908	0.01008918574141963	0.01009925168792256	0.01006565752898537	0.01002959975902269	0.9997140419384285	0.5269341413969774	0.01000682681073276	0.01009506311993044	0.01006593428738922	0.09487893170152446	0.01009741158158264	0.01024146609149776	0.01021227639337547	0.01007567461994863	0.01016498108704155	0.06258100702513544
0.2017687638177132	-0.5459348765926352	1.708070926609596	0.8841834556206738	0.9796029180761746	0.4052590494793741	0.4463473629563489	-0.8481813477190839	-0.3058839596871697	0.08671684410388213	-0.01199712539892957	1.840790039538198	3.142287418202586	0.4841455316883295	-1.602754709285333	-3.956032443487564	-2.008405455034821	5.665735057823012	-1.315123368154154	0.3680728744753398	-6.78742907208924	0.03066112646652031	0.01163901309162695	0.01078189305985718	0.01007531281168869	0.0100619802103623	0.01151279752703601	0.9438905986924675	0.7661186677793399	0.01001819775557131	0.01007757134589768	0.01052378784902358	0.07559690621340034	0.01074170588715412	0.01047471005100034	0.01020814018543961	0.01007758994406153	0.01012581995083157	0.07326449398089761	-0.1926307862601924	0.0100759951077136	0.01092084568373443	0.01008454172731946	0.01012720135475273	0.01006946645779047	0.01003022495932231	0.999687612297538	0.4804520376780316	0.01000655077133369	0.01010118933827518	0.01006592084036277	0.09922105117567154	0.01008786516963889	0.01025445273682715	0.01021115819693203	0.01007582011339866	0.01017705418555907	0.06093480503898723
0.2043891373737874	-0.5409226137518154	1.716322151214299	0.8854598765184993	0.9750420036619249	0.3947914868562938	0.4408852060137813	-0.8330964985124817	-0.309419289610501	0.08755714369318077	-0.03007833962348106	1.987093871872025	3.155508557737741	0.4899914664467988	-1.880368245497651	-4.036349885919179	-2.163322927085299	5.84669847565793	-1.381617029266514	0.269356576987219	-7.013890347476851	0.02740259637744871	0.01150839290679732	0.01066635537499405	0.01008628102474674	0.01006354362099093	0.0112684481737142	0.9485609559750326	0.7398809954362383	0.01001624786714752	0.01008200030790076	0.01044814410948588	0.07931993659245382	0.01063292472342902	0.01043942744874827	0.0102085436258439	0.01007730969955601	0.01013532262821423	0.07135387575433906	-0.1904386911932524	0.01006661147166811	0.01077661216154976	0.01007989771321929	0.0101551510215829	0.01007327538659557	0.01003085015962193	0.9996611826566475	0.4339699339590858	0.01000627473193462	0.01010731555661992	0.01006590739333632	0.1035631706498186	0.01007831875769514	0.01026743938215654	0.01021004000048858	0.0100759656068487	0.01018912728407659	0.05928860305283903
0.2070095109298616	-0.5355087730083664	1.724608382247887	0.8867509311386513	0.9697373653369287	0.3840889404527201	0.4349951626473604	-0.8175459195818852	-0.3131154688516572	0.08811912985431503	-0.04876050182233331	2.146159036457516	3.168924779384159	0.4952470908627119	-2.169210089050898	-4.13382963364862	-2.333719884752677	6.021257151700382	-1.438433169961431	0.1606966853846067	-7.246590817969728	0.02463911811043751	0.01137686193671614	0.01056925226796277	0.01211233964238007	0.01006597389640697	0.01106441299889945	0.9528349251272255	0.7119857460023525	0.01001457664745319	0.01008656495406681	0.01038499763435121	0.08368400955320061	0.01054096955232684	0.01041309884197874	0.01020863835306153	0.01007696058978957	0.01014591686277226	0.06986350610769948	-0.1910801197753937	0.01006028989130388	0.01064852139356519	0.01007749768883196	0.03385493042237072	0.01008292331642404	0.01003298653646533	0.9995713583030256	0.3915144751085385	0.010006027763407	0.01011174433359545	0.01006638181100502	0.1158189990526566	0.0100746458679904	0.01029218956208947	0.01020824239961822	0.01007447469603637	0.01020905667193055	0.06284959823856751
0.2096298844859358	-0.5296691667099784	1.732929516213621	0.8880545089231269	0.9636694594898692	0.3731194720330225	0.4286470796035362	-0.8015459740244079	-0.3169522070650875	0.08840517013135005	-0.06806281621592891	2.312059412721788	3.182148219145455	0.4995497710591105	-2.462932147727591	-4.2400781028408	-2.512921690468934	6.189677533616287	-1.488898658596318	0.05874089323513231	-7.487221482502081	0.02230208223020362	0.0112458595161898	0.01048781464827703	0.01768103155241202	0.01006960103097009	0.0108943974712968	0.9567428247901447	0.6826982765781773	0.01001314162869613	0.01009110702201652	0.01033238474023116	0.08913261638856489	0.01046361942521772	0.0103952321646321	0.01020841938660102	0.010076422143559	0.01015805853721664	0.06910735939794405	-0.1917215483575351	0.01005396831093965	0.01052043062558061	0.01007509766444463	0.05755470982315854	0.01009257124625252	0.01003512291330873	0.9994815339494035	0.3490590162579911	0.01000578079487937	0.01011617311057098	0.01006685622867371	0.1280748274554946	0.01007097297828566	0.01031693974202239	0.01020644479874787	0.01007298378522404	0.0102289860597845	0.06641059342429598
0.21225025804201	-0.523393372293544	1.741284559456312	0.8893676539720871	0.9568338303166973	0.3618709194002958	0.4218263147173084	-0.7851125369885695	-0.3209180837215893	0.08843970642287767	-0.08800305885688657	2.472414885569621	3.194404961627292	0.5020931400720684	-2.747558701907863	-4.337270245491923	-2.686965080782883	6.351986844737605	-1.541578978973483	-0.03088133114722538	-7.731956946471094	0.02032841436800834	0.01111839678114993	0.01041957994766144	0.03325471321970733	0.01007459744861423	0.0107528996625791	0.9514356077303384	0.6518563470500988	0.01001190582024422	0.01009513514472882	0.01028855804959327	0.09646827324560954	0.01039869890786298	0.01038526382730197	0.0102078792127068	0.01007568505169463	0.01016564410471256	0.06885079450464331	-0.1885889447135368	0.01004950348801279	0.01042890378110626	0.01007491706765221	0.1681838870022554	0.01010664155095456	0.01003993073882566	0.7900401518662052	0.3011788356616946	0.01000557112030498	0.01011477622092429	0.01006778004130162	0.1541323973918801	0.01007079418261505	0.01035196399783589	0.01020393139736903	0.01007100470018531	0.01018019651877274	0.06824629850789214
0.2148706315980841	-0.5167408233422157	1.749668314488137	0.8906826290950633	0.9493058509769718	0.350431432463845	0.4145971430809547	-0.7682628740824058	-0.3250496929488084	0.08825118863776837	-0.1085829420914843	2.599617294704303	3.204062490924441	0.5009465749705191	-2.991368381522469	-4.38580870165677	-2.824638124317878	6.507361910609527	-1.615394035816882	-0.1115051208263815	-7.975427137117491	0.0186655167777007	0.0109968416286943	0.01036261106766665	0.06286270035651019	0.01008109845602076	0.01063558131490113	0.9290490013376771	0.6192973111774643	0.01001084019020005	0.01009826368354067	0.0102521441856239	0.1062990645270254	0.01034449685757919	0.01038275068371961	0.01020701193281892	0.01007474200755914	0.01016388320689115	0.06890038167020301	-0.1854563410695385	0.01004503866508594	0.01033737693663191	0.01007473647085979	0.2788130641813522	0.0101207118556566	0.0100447385643426	0.5805987697830066	0.2532986550653981	0.01000536144573058	0.01011337933127761	0.01006870385392953	0.1801899673282657	0.01007061538694444	0.01038698825364939	0.01020141799599019	0.01006902561514658	0.01013140697776099	0.07008200359148831
0.2174910051541583	-0.5098247235914702	1.758072446652827	0.8919878989630734	0.9412226614395247	0.3389657944340077	0.4070846807751273	-0.7510159754144993	-0.3294180841710891	0.08786275436909369	-0.1298033183546267	2.664345526340266	3.209475005054877	0.4940322362801714	-3.16079443786851	-4.344752987041403	-2.892666427519699	6.654936684736652	-1.726153962093929	-0.1862661479474761	-8.223503421717261	0.01726550938121841	0.01088348785776807	0.01031515810343111	0.1036347352841488	0.01409247243328035	0.01053900317029462	0.8944813702810429	0.5847785790874677	0.01000992130496732	0.01010007298055139	0.01022191715895354	0.1190851658302079	0.01029939179511689	0.01038116508196759	0.01020581902774637	0.01007365578888331	0.01015680491619994	0.06895644360918296	-0.1815987793105334	0.01004170573155025	0.01028463857612589	0.01007643057177899	0.4067858158559105	0.05723699720256255	0.01005713712899138	0.4524026007511418	0.198317714969851	0.01000521649118564	0.01010524603069032	0.01007000095170824	0.2195835576009224	0.0100727346105146	0.0103600747820464	0.0101982678300039	0.01006737313042318	0.01011132971361154	0.06852389117949828
0.2201113787102325	-0.502854963269418	1.76648356080434	0.8932650799703278	0.932831755275216	0.3277695669558803	0.3995243117585166	-0.7333933501891721	-0.334134672471809	0.08726820801861301	-0.1516932373941275	2.640573723365011	3.209391492056986	0.4795077532496192	-3.226233083273297	-4.180181110059836	-2.861202919190026	6.794135188831468	-1.881155440431894	-0.2688201580875525	-8.486455631361183	0.01608914417649719	0.01078013794603672	0.01027584543967555	0.1534262117583994	0.02505521911881754	0.01046045637243948	0.852056287784677	0.5480491397135494	0.01000913077296099	0.01010023365524804	0.01019691379913196	0.135143263618819	0.01026210912964096	0.01037538250274921	0.01020430165900388	0.01007247566705415	0.01014757136541767	0.06877619549191988	-0.1777412175515282	0.01003837279801455	0.01023190021561987	0.01007812467269819	0.5347585675304689	0.1043532825494685	0.01006953569364016	0.3242064317192769	0.1433367748743038	0.0100050715366407	0.01009711273010302	0.01007129804948695	0.2589771478735791	0.01007485383408477	0.01033316131044341	0.01019511766401762	0.01006572064569977	0.0100912524494621	0.06696577876750827
0.2227317522663067	-0.4960861446426804	1.774886252639771	0.8944926190815649	0.9244312697903458	0.3171948177068649	0.3922029325710671	-0.7154174830700356	-0.3393191891129858	0.08643768884831882	-0.1743000059130876	2.503750566437798	3.202834059839553	0.4556448876970545	-3.160333416895394	-3.863070393021245	-2.701712555292817	6.924710071939937	-2.080800532277137	-0.3663717199842609	-8.773917003118791	0.01510096979823601	0.0106874197699957	0.01024348882578875	0.206884355356398	0.05501815156005579	0.01040018738187041	0.8031971258910475	0.5086774059419982	0.0100084570429431	0.01009905673757037	0.01017626562891647	0.1551612236397602	0.01023156582224814	0.01036417928082678	0.01020248463963445	0.01007118151108431	0.01013869306114095	0.06865845008646526	-0.152092630646913	0.01003597015535258	0.01020647359426269	0.0100821327772886	0.6226884666669225	0.3215197605191843	0.01012076609500835	0.2152209817610387	0.07761499443641395	0.01000504741692992	0.01008934113651773	0.01007281135862733	0.3188335132660655	0.01007984535808607	0.01028345075334418	0.01019161059087377	0.01006364355372727	0.01009640343871433	0.06892721426334955
0.2253521258223809	-0.4898486115600311	1.783262889355958	0.895643741657203	0.9164008090443735	0.3076705418586351	0.3854970030282871	-0.6971091656713361	-0.3450651646100241	0.08534134316564444	-0.1977052915533668	2.23507005549538	3.189504923454173	0.4211828358563207	-2.943811717785168	-3.378407333683072	-2.39146100529933	7.047877849905313	-2.309688887168985	-0.4717122318256515	-9.095923788653433	0.01427228851752169	0.01060582525874833	0.01021715770672438	0.260940827025414	0.1103207476800086	0.01035838604320708	0.7490975290565598	0.4662006785754992	0.0100078910490602	0.01009678632576276	0.01015929055776143	0.1796131891476441	0.01020691086241353	0.01034659453063233	0.010200387445446	0.01006975752097335	0.01013214062623847	0.06884511780016493	-0.1264440437422977	0.0100335675126906	0.01018104697290551	0.010086140881879	0.7106183658033762	0.5386862384889002	0.01017199649637653	0.1062355318028006	0.01189321399852407	0.01000502329721914	0.01008156954293245	0.01007432466776772	0.3786898786585519	0.01008483688208737	0.01023374019624496	0.01018810351772991	0.01006156646175477	0.01010155442796657	0.07088864975919082
0.2279724993784551	-0.484498139936335	1.791595838127882	0.8966899915419432	0.9091446882678224	0.2996404539861857	0.3798144451932122	-0.6784864015279837	-0.3514341128708161	0.08396744627237242	-0.2220057955547419	1.834355430394135	3.170067551029228	0.3761544575666521	-2.578890397639679	-2.735696119366207	-1.929040689454646	7.16604414559261	-2.5471468809937	-0.5762172406877725	-9.457924625364246	0.01357733299770933	0.01053490176381984	0.01019567335951822	0.3060726433178255	0.1782637436135698	0.01037400159355765	0.6926136275940956	0.4236643079395531	0.01000743633689026	0.0100940629228756	0.01014536577971789	0.2066629150501505	0.01018737290224946	0.01032745213791698	0.01019804544716709	0.01006814996371701	0.01012705117069213	0.06884586868876552	-0.09229048751906976	0.0100322373822793	0.01017245410797069	0.0100883150014903	0.6258229227050411	0.701786657586564	0.01071855008716049	0.05835731291007092	0.01109678734293708	0.01000525634607785	0.01007914611299142	0.01007585065726795	0.4241766719380524	0.01009251516679685	0.0102280564383429	0.01018445235403136	0.0100585976346029	0.01010120372273235	0.06690766235340599
0.2305928729345293	-0.4803102752670453	1.79987352771178	0.8976087156233705	0.9029668945839321	0.2934113317962039	0.3754749631662967	-0.6595532264329946	-0.3583917722538197	0.0823251885418181	-0.2473058942101638	1.347710349310387	3.147328350653028	0.3238487721558543	-2.120778612324823	-2.003820356728718	-1.366358454522703	7.284798994920839	-2.75902262498442	-0.6765386289324448	-9.858864363847166	0.01299543241688097	0.01047429209701974	0.01017811003595913	0.3353492847753988	0.2518015220689478	0.01047758505068686	0.6362642496829928	0.3839845883009261	0.01000709568892965	0.01009138924302782	0.01013400225827494	0.2349865741434873	0.01017234603368534	0.01031053937370349	0.01019548640799763	0.01006631666635626	0.01012274735735595	0.06826337651364019	-0.05813693129584185	0.01003090725186801	0.01016386124303588	0.01009048912110161	0.5410274796067062	0.864887076684228	0.01126510367794444	0.01047909401734128	0.01030036068735009	0.01000548939493656	0.0100767226830504	0.01007737664676819	0.4696634652175529	0.01010019345150633	0.01022237268044084	0.0101808011903328	0.01005562880745103	0.01010085301749814	0.06292667494762116
0.2332132464906035	-0.4774604537213278	1.808090153277964	0.8983844170926916	0.8980522503987814	0.2891447680529005	0.3726850127899363	-0.6403020748591328	-0.3658387949164137	0.08043087735540522	-0.2737022924336827	0.8373591460756602	3.124746352230365	0.2687475784524844	-1.644517426348959	-1.270620010663918	-0.7739892627555017	7.413481353901539	-2.909679033431252	-0.7613711666136339	-10.29140716404065	0.01250812980270606	0.01042347251911218	0.01016452321751038	0.3479648130828105	0.321693055410829	0.01055976183039229	0.5819160144248955	0.3470329191666494	0.01000690385694477	0.01008958770910958	0.010124747431367	0.2770834425056362	0.01016025894362277	0.01029611941970501	0.0101928526976393	0.01006436414234343	0.01011949099901631	0.06772378812981539	-0.008492971478696225	0.01003118511614672	0.01016967217248749	0.0101011516597091	0.3754122928625513	0.8874916335877526	0.01070001270420826	0.01032562352926569	0.01022718644366987	0.01000635930694299	0.0100840736555499	0.01007869802558724	0.7344450172271865	0.01009839931899083	0.01022424235850526	0.01017839124396275	0.01005346148410759	0.01010515346903577	0.06614544652532557
0.2358336200466777	-0.4758697772755005	1.816253388255005	0.8990199954548782	0.8942740070304552	0.2866580747185777	0.3713614615597999	-0.6206756814403781	-0.3735608054411499	0.07837655793622811	-0.301257441009762	0.3866679078832674	3.106577985866941	0.2168998168745176	-1.253420739482508	-0.6453343463239883	-0.2471293714592742	7.571202316327417	-2.968907098520397	-0.7986649054652799	-10.74328051884493	0.01210071381651491	0.01038203041702301	0.01015495627857556	0.3421230198920746	0.3821705493052541	0.01053470910400256	0.5313430564292191	0.312715054990805	0.01000688811452805	0.01008930381282565	0.01011724599602974	0.341751861673477	0.01014987800453282	0.01028439882182958	0.01019025606619604	0.0100623759897605	0.01011748758199605	0.06773500646610196	0.04115098833844939	0.01003146298042543	0.01017548310193911	0.01011181419831658	0.2097971061183966	0.9100961904912772	0.01013492173047208	0.01017215304119011	0.01015401219998964	0.01000722921894943	0.01009142462804939	0.01008001940440629	0.99922656923682	0.01009660518647533	0.01022611203656968	0.01017598129759269	0.01005129416076416	0.01010945392057341	0.06936421810302995
0.2384539936027519	-0.4753159570446058	1.824378065606195	0.8995288267219462	0.8913264969665239	0.2855846586066051	0.3712571422439945	-0.6005803082302535	-0.3813006196050497	0.07630538828796277	-0.3300072807805599	0.04763782860652452	3.09520946712174	0.1721727535873599	-1.012607779827104	-0.1897418029714342	0.1543079453171203	7.772967677487215	-2.932739116416486	-0.7804841354176562	-11.20112546482826	0.01176029551079213	0.01035307635948232	0.0101533589870704	0.3486367149643794	0.4224572290547342	0.01046431032352922	0.4842303468012524	0.280916741076053	0.01000734851397526	0.0100929786394626	0.01011119970809883	0.4097164499005589	0.01014047662898857	0.0102747488658362	0.01018803474254972	0.01006038485809621	0.0101166416572213	0.06781680068365217	0.04329868923382131	0.01003625025593804	0.01023662854315607	0.0101769843393792	0.590280507207032	0.6608208614306911	0.01008400765006976	0.01013668321218427	0.01013805780379287	0.01001198042252197	0.01013052766558467	0.01008133760353417	0.9992547824733395	0.01008967307409674	0.01022597797328582	0.0101776253599558	0.01004943964829161	0.01011513706193298	0.06727356811163543
0.2410743671588261	-0.4755593138520821	1.832477888610966	0.8999260151978237	0.8888815435696946	0.2855809274426476	0.372100974120824	-0.5799061017888638	-0.3889003281984471	0.07429499577486266	-0.3599654301459286	-0.2217774311585994	3.087607907069477	0.1316884614690756	-0.8698443856934847	0.1711026426200991	0.4765469841023979	8.012996754317854	-2.861971528072684	-0.7522767597565257	-11.66552276310054	0.01147664723164246	0.0103390514861508	0.01016283110454651	0.3932171141138277	0.4331765581540772	0.01039712832618448	0.4403368046098609	0.2515432835349967	0.01000852053857891	0.01010252792814295	0.01010637444066612	0.4676277846122199	0.01013148444966983	0.01026667592655061	0.01018645420938188	0.01005841637260261	0.01011687829460966	0.06757983489020325	0.04544639012919322	0.01004103753145064	0.01029777398437303	0.01024215448044182	0.9707639082956675	0.411545532370105	0.01003309356966746	0.01010121338317843	0.0101221034075961	0.01001673162609451	0.01016963070311995	0.01008265580266206	0.999282995709859	0.01008274096171816	0.01022584391000196	0.01017926942231889	0.01004758513581906	0.01012082020329256	0.06518291812024093
0.2436947407149003	-0.4764600658178184	1.84055973589705	0.9002195972706034	0.886736164835749	0.2864702601638843	0.3737324545074443	-0.5585619783565008	-0.3963148484641831	0.07233695023247111	-0.3912012105967265	-0.4570442678678874	3.081113677320889	0.09283165794961581	-0.777675644842037	0.4996710864632485	0.758332543111878	8.277643607920238	-2.802475766666091	-0.7432682791592027	-12.15282406464321	0.01124033421624624	0.01034011609406685	0.0101718998682634	0.4513866801854262	0.4213690429962802	0.01033650122558251	0.399447130273905	0.2245064157581725	0.01003892988772134	0.01486991788080184	0.01010262613958381	0.5070065139691613	0.01012295612162323	0.01026019527312577	0.01018593858841751	0.01005637674908412	0.01011683583879058	0.06715668344573848	0.05075357144538053	0.01004656509248143	0.01039064073854691	0.01019447726236643	0.9851610044635648	0.2110146625144863	0.01002788773344119	0.01009619601555176	0.01016255569229688	0.01035841722611235	0.06613516484278989	0.01008472078188437	0.7682357339126434	0.0100772699300209	0.01022904239979708	0.01018718547214659	0.01004467272172961	0.01011264890320893	0.06422431645876688
0.2463151142709745	-0.4779090922749261	1.848626546902294	0.9004148473174826	0.8847532212733478	0.2881576018447056	0.3760209729758039	-0.5365264322512674	-0.4036152497183431	0.07039412351308839	-0.42353811831761	-0.6402479122856155	3.076131466387938	0.05663654707867452	-0.7458657482447048	0.7801829454912835	0.9780312707349089	8.540725078600046	-2.774870197568549	-0.7406609937726334	-12.50595810296509	0.01104389516906742	0.0103563938601996	0.0101715607775692	0.5031966246090829	0.3912455717387814	0.01028505066334264	0.3613948096913875	0.1997245120830118	0.01012095270281374	0.02785246196899198	0.01009984172269547	0.5202446321814889	0.01011493454217602	0.01025531886206374	0.01018682076791151	0.01005419238034016	0.01011544556276735	0.06665450724317229	0.05606075276156783	0.01005209265351222	0.01048350749272079	0.01014680004429104	0.9995581006314622	0.01048379265886748	0.01002268189721492	0.01009117864792509	0.01020300797699767	0.01070010282613019	0.1221006989824598	0.01008678576110667	0.5371884721154276	0.01007179889832364	0.0102322408895922	0.01019510152197428	0.01004176030764015	0.0101044776031253	0.06326571479729283
0.2489354878270487	-0.4797324871572055	1.856683459406024	0.9005207700967738	0.8827443685825342	0.2904815164950723	0.3787592769620119	-0.5138358681113301	-0.4109475131055488	0.06847932644313716	-0.4559971431041107	-0.7164059333996183	3.074333176175863	0.02590214616647672	-0.8200957689706085	0.9600728494960659	1.070120992266788	8.756541047194244	-2.871050379623366	-0.7010992586346471	-11.78964546960787	0.01087988383953478	0.01037301462651593	0.01016598361413821	0.5494418990065381	0.3538156724973172	0.01024164432300961	0.3260318414557741	0.1771072991392895	0.04410233903027449	0.07282808301571091	0.01009804380416924	0.5185128535484316	0.01010751137568096	0.01025327600108079	0.01019087746001807	0.01005202418347908	0.0101127172225244	0.06616457555791143	0.009117024067064314	0.01004887150387283	0.01043176585110558	0.01012936772750044	0.9996465715301339	0.01071366699495554	0.01002245989589615	0.01010074365691113	0.01014741756936448	0.4147804214948687	0.5042323523042145	0.01009104428809291	0.4665096794202055	0.01006841938910474	0.01025311429328553	0.0102267193566117	0.01004045128946917	0.01009372555865025	0.06336548022743187
0.2515558613831229	-0.4814798947963589	1.864743729416084	0.9005594672163028	0.8802839092046025	0.2930136827886667	0.3814098385884097	-0.4907472741087067	-0.4189214871157014	0.06682312699866066	-0.4828156838805711	-0.5822506523532399	3.078694082944103	0.005326565258306086	-1.090554532079599	0.9391310029123316	0.9110619185165152	8.844521353572651	-3.264655801960176	-0.5432863676432448	-8.200858933447508	0.01074242719866837	0.01037830665857974	0.01015844091927549	0.5904573393789903	0.3190725886088998	0.01020539208870264	0.2932404865195874	0.156561543477419	0.1292834369759389	0.1608665606236153	0.01009725012320736	0.5104537749412318	0.01010075856683543	0.01025503158313952	0.01019950309681682	0.01004999845527514	0.01010865846018538	0.06576098621153126	-0.03782670462743921	0.01004565035423345	0.01038002420949038	0.01011193541070984	0.9997350424288055	0.01094354133104359	0.01002223789457738	0.01011030866589716	0.01009182716173129	0.8188607401636071	0.8863640056259693	0.01009530281507914	0.3958308867249835	0.01006503987988584	0.01027398769697887	0.01025833719124911	0.01003914227129819	0.0100829735141752	0.06346524565757088
0.2541762349391971	-0.4825494233890224	1.872825125015312	0.9005607009341049	0.8768174663182658	0.295177566196818	0.3832540522545331	-0.4676516133404885	-0.428340483765997	0.06575696134685874	-0.4964652425668322	-0.2206137390116592	3.089916795909817	-0.003178536436489643	-1.564451361727612	0.6987602185326721	0.4806565808187213	8.761914828512973	-3.900077789836818	-0.2773574428946299	-2.58494862792669	0.01062693770149078	0.01037920366044398	0.0101485884348193	0.6271375360523412	0.3072709193686168	0.0101748841973573	0.2629129272775784	0.1380003894509142	0.1931008951161527	0.2541887959216979	0.0100970050744239	0.4967800475880995	0.01009454907226058	0.01026112335348354	0.01021603636715626	0.01004811848959669	0.01010687954506813	0.06445277256776276	-0.06502582644436899	0.01004116051089949	0.01038724103025438	0.01008652278259634	0.9998016843817857	0.389267740958527	0.01001971198317612	0.01011208422923685	0.01009526012285525	0.4144984998275293	0.9431043527029204	0.01009620989229504	0.3284728206881475	0.01006150611725958	0.01030878678215226	0.0103383831709317	0.01003815690979181	0.01011203380357156	0.0505776943428251
0.2567966084952713	-0.482565570481823	1.880939749193437	0.9005491317152889	0.8720365723231716	0.2966039484422225	0.3838456282180914	-0.4449400577706694	-0.439233378809283	0.06533344270780672	-0.4982902010218452	0.2217427305146612	3.104055794308265	-0.00444527554527991	-2.093809282312142	0.3762332732836447	-0.0450137521919772	8.551353077997158	-4.38960868478385	-0.0527860637760829	0.8242666665555498	0.01052980198834136	0.01038114788455456	0.01013615589521977	0.6600888669952071	0.3362786950853718	0.01014901326114555	0.234956795554546	0.1213280066569884	0.1940805555757041	0.3340018238727998	0.0100969510647139	0.4780571522629853	0.01008878316859403	0.01027197323341416	0.01024309702628013	0.01004638687129384	0.01011021406996962	0.06142667099584233	-0.09222494826129882	0.01003667066756552	0.01039445785101837	0.01006111015448283	0.9998683263347661	0.7675919405860104	0.01001718607177487	0.01011385979257655	0.0100986930839792	0.01013625949145164	0.9998446997798716	0.01009711696951095	0.2611147546513116	0.01005797235463332	0.01034358586732566	0.01041842915061428	0.01003717154828543	0.01014109409296793	0.03769014302807933
0.2594169820513455	-0.4814332712068877	1.889091210168187	0.9005376478659405	0.8659173187559355	0.2971924061083062	0.3830727556030275	-0.4229178143243019	-0.4510740386284272	0.06535402720967694	-0.4952590821290026	0.6307778571020438	3.116909340360007	-0.004966702655815902	-2.559035682853912	0.08668275299203136	-0.5315302633962705	8.242690332277668	-4.637484301472758	0.0525625684094409	1.394922038318382	0.01044946214548451	0.01040456589099173	0.01012494549812085	0.6898244959077499	0.3870479722299944	0.01012767018946124	0.2092866737260553	0.1064420109859384	0.1719783220580945	0.403254873188918	0.0101014732488414	0.4564240268497994	0.01008620616905234	0.01030465735380956	0.01031913457590938	0.01004651223004349	0.01013021138907731	0.05763393261272939	-0.04160310801319404	0.01005037978535138	0.01064423511004152	0.01007527300042962	0.9998354554146751	0.8832274821461304	0.01002263952770033	0.01015228901037047	0.0101379007034254	0.01030912736935209	0.9997726194460681	0.01014999391632223	0.2317382849823302	0.01008762099027978	0.01058888025732409	0.01097206075539694	0.01005658101776461	0.01031625640475454	0.03418578321224033
0.2620373556074197	-0.4793211755409504	1.897271343983046	0.900519712082505	0.8587179439128462	0.2971304259931752	0.3811299816007129	-0.4018178414972288	-0.4634833334921028	0.06552540054622745	-0.4914740361528462	0.9695722823209434	3.125940338244689	-0.009369713950022309	-2.918211798014116	-0.1202133342673896	-0.937940933920558	7.847430068885338	-4.823619357203774	0.06230350757970568	1.399701479325812	0.01038469039364823	0.01046548633529411	0.01011794182291416	0.7167247744353892	0.442448458186595	0.01011076908574658	0.1858204520682393	0.09323028072728193	0.1519538670887377	0.4620952732818031	0.01011401309178588	0.433796550850409	0.01008897274769791	0.01037257263174497	0.01047429360150532	0.0100498355377969	0.01017593285395827	0.05385565968029284	0.009018732234910714	0.01006408890313724	0.01089401236906466	0.01008943584637641	0.9998025844945843	0.9988630237062505	0.01002809298362579	0.01019071822816439	0.01017710832287161	0.01048199524725254	0.9997005391122649	0.01020287086313352	0.2023618153133488	0.01011726962592623	0.01083417464732253	0.0115256923601796	0.01007599048724379	0.01049141871654115	0.03068142339640135
