inDegrees=no
num_controls=19
num_derivatives=0
num_input_controls=0
num_iterations=227
num_multipliers=0
num_parameters=0
num_slacks=0
num_states=38
objective=0.350595
objective_effort=0.350595
solver_duration=169.449145
status=Solve_Succeeded
success=true
DataType=double
version=3
OpenSimVersion=4.6-2026-06-22-85aaf64
endheader
time	/jointset/groundPelvis/pelvis_tilt/value	/jointset/groundPelvis/pelvis_tx/value	/jointset/groundPelvis/pelvis_ty/value	/jointset/hip_l/hip_flexion_l/value	/jointset/hip_r/hip_flexion_r/value	/jointset/lumbar/lumbar/value	/jointset/knee_l/knee_angle_l/value	/jointset/knee_r/knee_angle_r/value	/jointset/ankle_l/ankle_angle_l/value	/jointset/ankle_r/ankle_angle_r/value	/jointset/groundPelvis/pelvis_tilt/speed	/jointset/groundPelvis/pelvis_tx/speed	/jointset/groundPelvis/pelvis_ty/speed	/jointset/hip_l/hip_flexion_l/speed	/jointset/hip_r/hip_flexion_r/speed	/jointset/lumbar/lumbar/speed	/jointset/knee_l/knee_angle_l/speed	/jointset/knee_r/knee_angle_r/speed	/jointset/ankle_l/ankle_angle_l/speed	/jointset/ankle_r/ankle_angle_r/speed	/hamstrings_r/activation	/bifemsh_r/activation	/glut_max_r/activation	/iliopsoas_r/activation	/rect_fem_r/activation	/vasti_r/activation	/gastroc_r/activation	/soleus_r/activation	/tib_ant_r/activation	/hamstrings_l/activation	/bifemsh_l/activation	/glut_max_l/activation	/iliopsoas_l/activation	/rect_fem_l/activation	/vasti_l/activation	/gastroc_l/activation	/soleus_l/activation	/tib_ant_l/activation	/lumbarAct	/hamstrings_r	/bifemsh_r	/glut_max_r	/iliopsoas_r	/rect_fem_r	/vasti_r	/gastroc_r	/soleus_r	/tib_ant_r	/hamstrings_l	/bifemsh_l	/glut_max_l	/iliopsoas_l	/rect_fem_l	/vasti_l	/gastroc_l	/soleus_l	/tib_ant_l
0	-0.5097481579418373	1.180066736829737	0.8815861506156043	0.2637381674912011	0.736827879783435	0.4273426940458019	-0.3733765007062816	-0.0197054595448921	-0.2508962285766825	0.2038610503125	3.939911205666543	2.429279441718381	-0.08303442716254048	-3.246410211176644	-7.453876809321788	-4.022668340318736	-5.238612266093802	8.340515351034572	-5.001897431189066	-0.3873086777343816	0.1878157915372239	0.01014341439825975	0.1684410321380932	0.01029937650567689	0.01107870340281312	0.04191984094632584	0.01000001413056026	0.01000000923856131	0.2049581370945587	0.02335736133695692	0.1287875363540129	0.01000038052864902	0.2650757820684931	0.05108040642335648	0.009999995359309868	0.2941278441449493	0.3134280337850517	0.01000000912601393	0.007937605788448434	0.2150037418202655	0.02019416946170895	0.1958412875545593	0.01000000114839852	0.01000003794713383	0.01000025351041512	0.0100000198403532	0.01000001044047856	0.2545805830655262	0.01000000343723188	0.09333038042744281	0.009999998928281182	0.2690815381353158	0.1827983888465411	0.01000000073137827	0.2528989543475947	0.2687962390883112	0.009999991480237502
0.003243065400666626	-0.4971769655345852	1.187915949205184	0.8812792855920708	0.2538280903205121	0.7132424141689203	0.4145003409264881	-0.3908521848225793	0.005099687238137062	-0.2678544362533125	0.201866257993071	3.786752947834862	2.409508489989455	-0.1070525564113692	-2.834810918717086	-7.048890145468093	-3.868661728567329	-5.53644752780508	6.87163778654731	-5.471904529849133	-0.9347523159372056	0.1919646714841959	0.01259527387549441	0.1728213076442169	0.01023935364029251	0.01086279383114603	0.03591892939506662	0.01000001487549201	0.01000000911156014	0.2124473579204152	0.02075117493902322	0.1210417534751659	0.01000030374631398	0.265198727644154	0.07787078841655512	0.01000000140479947	0.2874991117984994	0.3063000859815045	0.01000000555361676	0.004515875927714935	0.2169376390181757	0.02445122478659713	0.1989526564333815	0.009999998843488291	0.01000002615322728	0.01000017492613925	0.01000001597668726	0.0100000068896852	0.2592456947126988	0.009999999479405601	0.06855732519021632	0.00999999675142536	0.2630293898214146	0.214744377964439	0.01000004864771747	0.2345248483739446	0.2476893684164141	0.00999999116869329
0.006486130801333251	-0.4853553982817345	1.195683286005836	0.8808863247870132	0.2455479260789835	0.6913828753046106	0.402435261502593	-0.4092723342971719	0.02431230984535154	-0.2864893358903831	0.1972022332725993	3.477617010724869	2.378786735173948	-0.1361297372336844	-2.241242120092242	-6.389496948400297	-3.543323276781257	-5.821064509022535	4.891602988903455	-6.035914173552492	-2.033425589435195	0.1957665612946954	0.01539340410658093	0.1769846609359945	0.01019139871392419	0.01069016225302199	0.03098989919168536	0.01000001469272466	0.0100000082953582	0.2194653905459688	0.01864345248333232	0.1104069661399917	0.01000024198185703	0.2644883195479834	0.1042776600276695	0.01000001587878584	0.2792764065084358	0.2973120895309831	0.01000000263762128	0.001094146066981438	0.2188715362160858	0.02870828011148531	0.2020640253122036	0.009999996538578059	0.01000001435932073	0.01000009634186338	0.01000001211302132	0.01000000333889184	0.2639108063598714	0.009999995521579319	0.04378426995298983	0.009999994574569538	0.2569772415075135	0.246690367082337	0.01000009656405667	0.2161507424002944	0.2265824977445169	0.009999990857149076
0.009729196201999876	-0.4748564177750738	1.203328132311026	0.8803914651228764	0.2395743513734964	0.6722047491586265	0.3917752323004712	-0.4286040749000057	0.03584052037627315	-0.3071413469508408	0.1873817892782121	2.97420966698885	2.334309647102368	-0.1689145552508911	-1.418026367309991	-5.4127255059441	-3.005493710088337	-6.093026258840728	2.223465692514993	-6.723740065108195	-3.924468088198263	0.1992987349395739	0.01806863779666879	0.1807318965750247	0.01015301526780523	0.01055190704798869	0.02695744552581763	0.01000001462170109	0.0100000073165739	0.2251427485910159	0.01694054319784938	0.1003434910991124	0.0100001923258198	0.2635180193993373	0.1276162528984475	0.01000002765660169	0.2679741880083953	0.2842081993825141	0.0100000003262271	-0.002923679950081315	0.2210718677546993	0.02911674564456616	0.2020806135276297	0.009999997568540099	0.01000001520377249	0.01000008606093559	0.01000001641989431	0.01000000348919001	0.2554140741935255	0.009999995239840449	0.05528742705457841	0.009999994370241337	0.2575913928503254	0.2444689369375265	0.01000005403451092	0.1732685531649175	0.1685827378490672	0.009999991358768133
0.0129722616026665	-0.4662128156400944	1.210814298101616	0.8797916043624848	0.2365102263585269	0.6564369756819438	0.3831048694157669	-0.4487418882762769	0.03877042316277225	-0.330253135557456	0.1723857182113035	2.333404272190307	2.280928385127141	-0.200883964040977	-0.4469830897635357	-4.286330808967469	-2.316295097212004	-6.318169978022025	-0.4109775527766421	-7.552860175100547	-5.225237306554228	0.2026216495891031	0.02028125627285756	0.1839051081156622	0.01012235277540678	0.01044140791428273	0.02367457888289541	0.0100000154319371	0.01000000656507105	0.2287849648014213	0.01556920626989319	0.09375440798447081	0.0100001526242813	0.2627608861182643	0.1460429191966157	0.0100000285024822	0.2522771226510686	0.2649716043096975	0.009999998581085563	-0.006941505967144068	0.2232721992933127	0.02952521117764701	0.2020972017430558	0.009999998598502138	0.01000001604822426	0.0100000757800078	0.0100000207267673	0.01000000363948818	0.2469173420271795	0.009999994958101577	0.066790584156167	0.009999994165913134	0.2582055441931373	0.242247506792716	0.01000001150496516	0.1303863639295405	0.1105829779536175	0.00999999186038719
0.01621532700333313	-0.4595893445158668	1.218135988132299	0.8790978579781066	0.2364468488822482	0.6438845521833542	0.3766137021511222	-0.469416658859488	0.0358373567774864	-0.3563280785381691	0.1593008839063104	1.742224837730012	2.233724826417133	-0.2255739721602573	0.4148905895026213	-3.462863650196343	-1.677005183040492	-6.424968737537779	-1.286311191063775	-8.499210925566302	-2.976808039987175	0.2058099329902841	0.02228397661489251	0.186411712226926	0.01009781253295555	0.01035293865286067	0.02100824526902651	0.01000001631912352	0.01000000586927283	0.2309039812591821	0.01446493180808063	0.09078071952545434	0.01000012080105075	0.2621620141076607	0.1598383228131463	0.0100000242378105	0.2321779495176903	0.2406452058388646	0.01279605149294507	0.001631175685436122	0.226024008082101	0.03143677097646217	0.199634451165886	0.009999999579298128	0.01000001648695873	0.01000006439365457	0.0100000190382023	0.01000000258940632	0.2410314076153891	0.009999994753977755	0.0851740119497002	0.009999993844673868	0.2584424103046919	0.2275796784071421	0.01000000326164767	0.08160391294513043	0.06029153049226686	0.03698582115161908
0.01945839240399975	-0.4549713384510065	1.22529840062986	0.8783374256555004	0.2392466147426803	0.6339237942284078	0.3722911955576181	-0.4903696580979144	0.03115066926701317	-0.3851961901985829	0.1522175501608236	1.096633000808621	2.182701853469359	-0.2420092143766003	1.318718789787269	-2.68804941560757	-0.978881013175103	-6.48975372417212	-1.492436548235514	-9.275408649816574	-1.524109010949147	0.208922744738185	0.02426010523178701	0.188175430652304	0.01007821002924298	0.01028224759898972	0.01885126910265008	0.01000001668781766	0.01000000510215819	0.231896700108693	0.0135782129872125	0.0914430204865096	0.01000009531909018	0.2616758805086526	0.1690144537498343	0.01000001917224739	0.2075649528183071	0.2120179389013655	0.02036526186099427	0.01020385733801631	0.2287758168708894	0.03334833077527734	0.1971717005887163	0.01000000056009412	0.0100000169256932	0.01000005300730134	0.01000001734963731	0.01000000153932446	0.2351454732035986	0.009999994549853933	0.1035574397432334	0.009999993523434603	0.2586792764162467	0.2129118500215682	0.009999995018330179	0.03282146196072037	0.01000008303091619	0.06397165044285097
0.02270145780466638	-0.4525440523413317	1.232285879347791	0.8775390595738113	0.2450781281796042	0.6265255538872035	0.3703323358640003	-0.5115589627793161	0.02605641309222982	-0.4154011953448218	0.1471084411964479	0.4127359786569086	2.126972948667277	-0.2485012825864907	2.260204833646078	-1.892788646536597	-0.2437074422514202	-6.58194708995377	-1.618895779144799	-9.165303506766874	-1.612501622060019	0.2119555260451695	0.02618217375254409	0.1894368530685164	0.01006252231782602	0.01022566034128139	0.01710817835562163	0.010000016896601	0.0100000044255444	0.2320579399677957	0.0128657506429324	0.09341270413069176	0.01000007489470998	0.2609158372845037	0.1757274115464726	0.01000001436858731	0.1833534797777704	0.1829702644853479	0.03244668907174449	0.01142192849113299	0.2313010461080402	0.03492805546848822	0.1963307312749559	0.01000000133628884	0.0100000172638376	0.01000004860173718	0.01000001808278218	0.01000000190741656	0.2310513351122138	0.009999994287386516	0.1024853232968748	0.009999993502908294	0.2535454610531663	0.2140818385738877	0.009999995424404521	0.04669968001561195	0.01000010285867803	0.1000295990206202
0.025944523205333	-0.4522134587185885	1.239097424991887	0.8767375629161823	0.2537939119347393	0.6215279660027077	0.3706160473475879	-0.533088570401274	0.02084681574747399	-0.4434323981105935	0.1418506227424186	-0.1963982692826586	2.07420384180229	-0.2439398420753926	3.097449689072186	-1.207565885233495	0.4041137157197627	-6.69961871207942	-1.56356750356462	-7.934823671169362	-1.615818224758328	0.2149045251596386	0.02802993874476899	0.1903865478952514	0.01004999170042307	0.01018045153702628	0.0157042142706072	0.010000017210937	0.01000000395922727	0.231623820533333	0.01229473150708009	0.09485814309934003	0.01000005857757412	0.2595622742425591	0.1815498381751664	0.01000001061363364	0.1640560385016331	0.1571438911171301	0.04873587404435797	0.01263999964424967	0.233826275345191	0.03650778016169909	0.1954897619611956	0.01000000211248357	0.010000017601982	0.01000004419617302	0.01000001881592705	0.01000000227550866	0.2269571970208289	0.009999994024919098	0.1014132068505163	0.009999993482381982	0.248411645690086	0.2152518271262072	0.009999995830478866	0.06057789807050353	0.01000012268643987	0.1360875475983894
0.02918758860599963	-0.4537177389825566	1.245743203702583	0.8759680526374564	0.2650367304948983	0.618607114049851	0.3728365654459251	-0.5550401155229316	0.01571207952785751	-0.4659625991600045	0.1361351951255996	-0.709034080742627	2.025522410340212	-0.2291120993530718	3.806231168803023	-0.6201954756230076	0.940266917551783	-6.83187674833562	-1.592735520766892	-5.928205453365638	-1.846367764637138	0.2176305791313173	0.0297151961679812	0.1910739673045506	0.01003996388359579	0.01014426668832947	0.01457349876721454	0.01000001758794633	0.01000000362278326	0.2304265639682813	0.01183658865884263	0.09614482849479171	0.01000004552102104	0.2579118006803495	0.1863554228837314	0.01000000764966965	0.1482347433471685	0.1343682624233163	0.06324676108258509	0.01245183432651236	0.2342591053128128	0.03703975445481908	0.1946646666258139	0.01000000247385581	0.01000001746917142	0.01000004222629829	0.01000001934658484	0.01000000228846932	0.2193308179768244	0.009999993937645012	0.1034387456073208	0.009999993509874811	0.2464017766764955	0.2126628617683361	0.009999995848161325	0.06056852974628641	0.01000010513999032	0.120261072827037
0.03243065400666625	-0.4566679781073866	1.252243474164628	0.8752612762184535	0.2782885279704405	0.6173336055767854	0.3765524978041914	-0.5773618856166161	0.01058287544296135	-0.4816801301061605	0.1302803591907238	-1.088121797646439	1.984468834531976	-0.2052518404652513	4.336387957178456	-0.1916483650559823	1.3263364125933	-6.927936631265627	-1.560155833392573	-3.733446725868825	-1.701791401819907	0.2200217557868382	0.0311725645884221	0.1915384328590526	0.01003195432218881	0.01011536062625377	0.01366543238193605	0.01000001799588472	0.01000000335667353	0.2283261212203651	0.01146985168167798	0.09755375775196652	0.01000003509825377	0.2562095707134053	0.1900382260386629	0.01000000528590358	0.1345252384434096	0.1144525956689736	0.07194124496773127	0.01226366900877506	0.2346919352804346	0.03757172874793907	0.1938395712904321	0.01000000283522806	0.01000001733636082	0.01000004025642355	0.01000001987724263	0.01000000230142997	0.21170443893282	0.009999993850370929	0.1054642843641253	0.00999999353736764	0.2443919076629049	0.210073896410465	0.009999995865843783	0.06055916142206929	0.01000008759354077	0.1044345980556846
0.03567371940733288	-0.4606562223904544	1.258621830282686	0.8746441078051446	0.2930039933172445	0.617248105561805	0.3813061493562985	-0.5998995792765004	0.005438613622528317	-0.4906433436695306	0.1248435316608107	-1.351859985715373	1.950386155337231	-0.1745623814002215	4.712492264071265	0.1155527241031385	1.583681160667316	-6.959059856473197	-1.604032091006001	-1.867819007253781	-1.606252824468707	0.2220332939530428	0.03241375491972236	0.1918400262989691	0.01002554464352796	0.01009222603259771	0.01293574637248702	0.0100000183688895	0.01000000310906766	0.2254455101532109	0.01117588436807864	0.09891792371432873	0.01000002676477056	0.254537704419538	0.1929004145377865	0.01000000342293372	0.1228560679724321	0.09719415359574209	0.07754801920266888	0.01177666472708961	0.2337923038939788	0.03774244412120333	0.1933617910418708	0.01000000281818198	0.0100000166896767	0.01000003877131016	0.01000001983448071	0.01000000195512923	0.2040645292982263	0.009999993848612231	0.105816093444288	0.00999999358044488	0.2434632552034025	0.2090064951857514	0.009999996125143611	0.06219028245075778	0.01000007932681003	0.1031713930507474
0.0389167848079995	-0.4653093826671538	1.264902493557596	0.8741341907096007	0.3086847285286903	0.6179315294388411	0.3866846093656186	-0.6224213591172127	0.0002326240158384072	-0.4942727364455884	0.1201528958384157	-1.498175812312296	1.924221610943628	-0.1391099009654094	4.931670349279599	0.2825473708126873	1.711656090167459	-6.918122571304572	-1.598223388997796	-0.444076868485231	-1.241614615210421	0.2236282511695721	0.03344686227702687	0.1920270367704962	0.01002042505378853	0.01007374615771341	0.01235087399155894	0.01000001865820148	0.01000000284159475	0.2218837058284804	0.01094075525227622	0.1001082701368454	0.01000002011746819	0.2529642705090047	0.1951761132037942	0.01000000198717141	0.1131389628713948	0.08236938632754517	0.08189830136308483	0.01128966044540417	0.232892672507523	0.03791315949446759	0.1928840107933095	0.0100000028011359	0.01000001604299258	0.01000003728619678	0.01000001979171879	0.01000000160882849	0.1964246196636326	0.009999993846853536	0.1061679025244508	0.00999999362352212	0.2425346027439	0.2079390939610377	0.009999996384443439	0.06382140347944627	0.0100000710600793	0.1019081880458103
0.04215985020866613	-0.470284722277838	1.271108857036211	0.8737442285959378	0.3248739761548533	0.6189936907215267	0.392310738762623	-0.644709664016283	-0.005038934145287001	-0.4940128926714752	0.1165441980254815	-1.556562267530706	1.904280976166053	-0.1012327507783702	5.034322446211261	0.3560265007613867	1.743262508313995	-6.82006107850825	-1.645138392454164	0.5563521410446887	-0.9584241875128924	0.2248352842625006	0.03434679246640439	0.1921358350671655	0.01001632808999487	0.01005895662364558	0.01188158636709529	0.01000001884298833	0.01000000255431978	0.2177924669958488	0.01075239518597951	0.1011442085323402	0.01000001481175848	0.2515123039292921	0.196955220108201	0.01000000089621307	0.1049300106786953	0.06974697984891551	0.08505501952960999	0.01171989364083866	0.2315192437499054	0.03841493277721778	0.1926600888164381	0.01000000254605689	0.01000001505963622	0.01000003590282326	0.01000001938063312	0.01000000122342021	0.1896342926372484	0.009999993906087631	0.1063834097572018	0.009999993715239078	0.242125140023649	0.206822402495524	0.00999999670333526	0.06293849063372023	0.01000006412016472	0.09844958091254101
0.04540291560933276	-0.47531752144117	1.277260623690324	0.8734785364248872	0.341221744742087	0.6201339924173949	0.3978961743647167	-0.6666116038741294	-0.01038859488931465	-0.4909753066797433	0.114101483000605	-1.533611146193972	1.890551722884883	-0.06247256729478093	5.029430302581049	0.330736601385225	1.686560207167811	-6.679851063637588	-1.646389289622128	1.268958099597071	-0.5225524663260008	0.2256767105156831	0.03516912537522728	0.1921957687633672	0.01001305571816528	0.01004714313523577	0.01150590756870911	0.01000001890782753	0.01000000224729081	0.2132967932924723	0.01060181324313879	0.1020405294017251	0.01000001059253743	0.2502007855623757	0.1983079248611004	0.01000000008905402	0.09783681282744448	0.05908870811380823	0.08705232378009872	0.01215012683627315	0.2301458149922879	0.03891670605996798	0.1924361668395666	0.01000000229097789	0.01000001407627986	0.01000003451944974	0.01000001896954745	0.01000000083801192	0.1828439656108641	0.009999993965321724	0.1065989169899528	0.009999993806956037	0.2417156773033979	0.2057057110300103	0.009999997022227081	0.06205557778799418	0.01000005718025015	0.09499097377927178
0.04864598100999939	-0.480179485620383	1.283375592060028	0.8733380775556528	0.3574271040916798	0.6210904438133644	0.4031936390439553	-0.6880135123147659	-0.01580250662546871	-0.4859733578197888	0.1129451212019426	-1.457047377765237	1.88124615609948	-0.02439641999395421	4.954316247582073	0.2495036649739944	1.572197431248002	-6.516238707717817	-1.686347129486076	1.796371776590713	-0.1755519272317734	0.22621733193036	0.03593348156687966	0.1922269191244294	0.01001043697181269	0.01003768892522703	0.01120476009918301	0.01000001885650067	0.01000000193253081	0.2085588436054314	0.01048123002658109	0.1027826786003954	0.01000000725100055	0.2490153083442107	0.199312151275598	0.009999999511332187	0.09157428989004837	0.05015775769763002	0.08832142326455449	0.01004508623733274	0.2289231136175879	0.03945928100312288	0.1923818327959563	0.01000000191748446	0.01000001294282774	0.01000003305447755	0.01000001835504169	0.0100000005290629	0.1775534303450224	0.009999994073891752	0.1063575757702009	0.009999994057628902	0.2413720375036813	0.2047483522568422	0.009999997384368442	0.05962836703732965	0.01000005127159555	0.09392544559496209
0.05188904641066601	-0.4847180669684657	1.289467133248811	0.8733186899164195	0.3732905365678486	0.6216900145032758	0.4080405221247065	-0.7088607110254193	-0.02128738034330808	-0.4794494692815365	0.1130602810216826	-1.334180797921114	1.876104169088909	0.01219211876274057	4.818563834456409	0.1106480974521208	1.408686317584984	-6.337761305047359	-1.690151578003438	2.20753903473875	0.261595530128553	0.2265093167324605	0.03665447575333297	0.1922455188803826	0.01000834527076338	0.0100301372476588	0.01096387923954884	0.01000001869180731	0.01000000161894054	0.2037136421502259	0.01038486323765084	0.1033591341189271	0.01000000463256666	0.2479438630851233	0.2000297838081382	0.009999999122802451	0.08590092709249829	0.04272855169566067	0.08918674047017942	0.007940045638392332	0.2277004122428879	0.04000185594627778	0.1923274987523459	0.01000000154399104	0.01000001180937561	0.01000003158950536	0.01000001774053593	0.01000000022011388	0.1722628950791807	0.009999994182461778	0.1061162345504491	0.009999994308301768	0.2410283977039648	0.2037909934836741	0.0099999977465098	0.05720115628666511	0.01000004536294095	0.09285991741065239
0.05513211181133262	-0.4888099818737577	1.295546877071924	0.873414520821263	0.3886511417510357	0.621789680986407	0.4123069517097236	-0.7291176040249285	-0.02682525788704124	-0.4717323022975901	0.1144613635188517	-1.185603197017169	1.873707647255803	0.04647121957150951	4.649580300812444	-0.05403779831537779	1.2186778432089	-6.154378354599984	-1.72012560383208	2.541810722197609	0.6058669911858443	0.2266152071877706	0.03735378538010808	0.1922751813727822	0.01000667133893173	0.01002409374913345	0.01077090611943491	0.01000001847272672	0.01000000132616796	0.1988144892008911	0.01030771372033938	0.1037722667923155	0.01000000260788969	0.2469557125274817	0.2005023118882116	0.009999998886913662	0.08071183828272917	0.03658526933837307	0.08968143174374542	0.009338697716317934	0.2268452191098648	0.04067775420984143	0.1925626379094143	0.01000000113897219	0.01000001069382506	0.01000003025456389	0.01000001746818113	0.0100000001030185	0.1675075633308006	0.009999994332928808	0.1055645615315186	0.009999994757574463	0.2404687065805215	0.2028062513870446	0.009999998134481504	0.05455976682658264	0.01000004087151414	0.09133804633070335
0.05837517721199925	-0.4923840333440451	1.301623040761158	0.873617282791238	0.4034175231447298	0.6213080341475672	0.4159207352902876	-0.7487768938571653	-0.03241233369959719	-0.4630267166547972	0.117012158964777	-1.014814167249393	1.873896298796472	0.07813655831058985	4.452105736258372	-0.247848109179874	1.006199211189978	-5.969219142952034	-1.720492174161268	2.817097299396729	0.9706240612830158	0.2265858080244166	0.03804763856612534	0.1923350045897525	0.01000533427302758	0.01001926642501661	0.010616632581481	0.01000001824292215	0.01000000106875876	0.1939058517161672	0.01024607102732927	0.1040237098256713	0.01000000108121274	0.2460254405603896	0.200762879958624	0.009999998776606426	0.07591930870346449	0.0315361276307651	0.08983000381479901	0.01073734979424354	0.2259900259768417	0.04135365247340509	0.1927977770664826	0.01000000073395334	0.0100000095782745	0.01000002891962242	0.01000001719582634	0.009999999985923129	0.1627522315824206	0.009999994483395837	0.105012888512588	0.009999995206847157	0.2399090154570782	0.2018215092904151	0.009999998522453209	0.05191837736650016	0.01000003638008732	0.0898161752507543
0.06161824261266589	-0.4953840753898435	1.307702789357904	0.8739180557513383	0.4175186649126344	0.6201783703137078	0.4188262556857869	-0.76783824703203	-0.03802156485184603	-0.4535231908891373	0.1205845611393972	-0.8338186897010464	1.875746870977519	0.1068523450715045	4.242266079499288	-0.4508546364469331	0.784287698373578	-5.786737933524376	-1.735414471816933	3.039970221704485	1.231632838145608	0.2264631251401762	0.03875359735076295	0.1924167737752604	0.010004264230077	0.01001540316692355	0.01049309083709142	0.01000001805768071	0.01000000085725355	0.1889933079905387	0.01019672888065669	0.1041120378365406	0.009999999959688099	0.245116388797659	0.2008253999069408	0.00999999876911708	0.07147796428637235	0.02740325820880396	0.08971136526101475	0.009258729329410433	0.2254482280418328	0.04219896611527823	0.1929838598264211	0.01000000034998173	0.01000000856538356	0.01000002769581422	0.01000001743529476	0.01000000004122387	0.1580583143776891	0.0099999946713395	0.1041181306472239	0.009999995756558244	0.2389412199898241	0.2005963768710365	0.009999998942021301	0.04944639728900269	0.01000003281234536	0.08849382930867128
0.06486130801333251	-0.4977825967608824	1.313791061987044	0.8743071114614123	0.4309216815914046	0.618370509939364	0.4209989785996742	-0.7863156956005622	-0.04364699689237879	-0.4433334691727935	0.1249952082626341	-0.6438560764193783	1.879153073692391	0.1325805728858442	4.021571656399881	-0.6660922434641374	0.5542826501285947	-5.609124890018508	-1.730483269777481	3.24027467382508	1.487570126141172	0.2262814207689805	0.03948483989628344	0.1925138435091258	0.01000340950239955	0.01001231731111443	0.01039435797924359	0.01000001795793228	0.0100000006994557	0.1840815036380851	0.01015730972806945	0.1040359457219249	0.00999999917457915	0.2441983298148264	0.2007009265089058	0.009999998847593325	0.06734988293881074	0.02403709378888529	0.08938628630962969	0.00778010886457733	0.2249064301068238	0.04304427975715137	0.1931699425863595	0.009999999966010116	0.01000000755249262	0.01000002647200601	0.01000001767476318	0.0100000000965246	0.1533643971729576	0.009999994859283164	0.1032233727818598	0.009999996306269333	0.23797342452257	0.1993712444516579	0.009999999361589393	0.04697441721150521	0.0100000292446034	0.08717148336658825
0.06810437341399914	-0.4995605034987903	1.31989206600643	0.8747746364321631	0.443604714681942	0.6158628014907661	0.4224233887386391	-0.8042280153580084	-0.0492713800889624	-0.4325274318313698	0.130120241074589	-0.4525073576775788	1.883469425074586	0.1552505035726496	3.800222304965379	-0.880607688850261	0.3243160286321383	-5.438597013740837	-1.736196750144078	3.418340274461416	1.670818073871566	0.2260608388206606	0.0402363587481703	0.1926137514518686	0.01000272545187148	0.01000984770100857	0.01031531309950887	0.01000001799951291	0.01000000060692925	0.1791122632771363	0.0101257597442947	0.1037968530120752	0.009999998656644478	0.2432503463313676	0.2003998697386885	0.009999998999102882	0.06325139406219317	0.0213020958776097	0.08897717033899526	0.005607764361518794	0.2245270748460696	0.04388975581145666	0.1932206031905443	0.009999999639252435	0.01000000669057568	0.0100000252552357	0.01000001862378356	0.01000000037078085	0.147910919770727	0.009999995074427422	0.1020165771290102	0.009999996860944594	0.236691284792367	0.1979128567934929	0.009999999828350504	0.04196735072787702	0.01000002640220129	0.08682999284276836
0.07134743881466576	-0.500717148358907	1.32600833664395	0.8753108966620677	0.455571466907477	0.6126575090076333	0.4231036001787515	-0.8215988375022358	-0.05489600338026489	-0.4211971688824651	0.1358179405760823	-0.2607235761411822	1.888568004473264	0.1749696404245495	3.579840900800309	-1.096292654696494	0.09533495288700153	-5.275183050242793	-1.730631336300029	3.563564859214444	1.840733950381022	0.2258178371019193	0.04100440014935085	0.1927064207722307	0.01000217903144335	0.01000787502008252	0.01025215514523104	0.01000001822375888	0.01000000058823524	0.1740372601228733	0.01010055685521065	0.1033957020738145	0.009999998354623589	0.2422552048388325	0.1999305267984174	0.009999999214071784	0.05895610414322811	0.01908886190303065	0.08857937026681743	0.003435419858460257	0.2241477195853154	0.04473523186576194	0.1932712637947292	0.009999999312494753	0.01000000582865873	0.01000002403846539	0.01000001957280393	0.01000000064503708	0.1424574423684964	0.00999999528957168	0.1008097814761605	0.009999997415619856	0.2354091450621639	0.1964544691353278	0.01000000029511162	0.03696028424424883	0.01000002355979918	0.08648850231894845
0.07459050421533238	-0.5012561875510834	1.332141930494138	0.8759064029717355	0.4668315503278291	0.6087601830932178	0.423048161125225	-0.8384526686664104	-0.06051057824311745	-0.4094339065382733	0.1419735447340315	-0.07232579060459229	1.89407567960234	0.1918306887340402	3.365368501793542	-1.306537538246192	-0.1286425029927987	-5.119698233391823	-1.730581538096388	3.683040089241165	1.950587988653999	0.2255542096643881	0.04179504413943081	0.1927573952517672	0.01000174171222514	0.01000629625689194	0.01020159946697608	0.01000001883951456	0.01000000067652321	0.168674417769446	0.01008038650450876	0.1028282116987034	0.009999998220849557	0.2411950859973073	0.1993273800652923	0.009999999489464065	0.0551920674093002	0.01729985683364639	0.08792157680007631	-0.0008011342914278643	0.2237487179016534	0.04567753441394762	0.1928480564980298	0.009999999063990543	0.01000000513967236	0.01000002278182348	0.01000002290156172	0.01000000138670192	0.1344669906403988	0.009999995508207692	0.09923259891496947	0.009999997942352037	0.2337827354497193	0.1951270657267742	0.01000000085950803	0.03937678797268977	0.01000002282200756	0.08309218503466313
0.07783356961599901	-0.501190307883964	1.338293905558557	0.8765522252750776	0.4774068901503795	0.6041873683701625	0.4222749271648231	-0.8548131049205516	-0.06611236158224347	-0.3973591109312362	0.1484383027854396	0.1123301767430477	1.899903708173251	0.2059995380404396	3.157559193097232	-1.51286692944721	-0.3473295130923864	-4.970906170759593	-1.722742797455947	3.755687573183557	2.031389306076829	0.2252714224957574	0.04261286383118722	0.1927388014563543	0.01000139237352843	0.0100050351464574	0.01016121029955693	0.01000002000139074	0.0100000008963343	0.1628723183843754	0.01006427485288579	0.1020908633604226	0.009999998220033826	0.2400553027908746	0.1986183818711707	0.009999999823032152	0.05253334208492236	0.01585859725577036	0.08679157131951162	-0.005037688441315986	0.2233497162179915	0.04661983696213331	0.1924248492013304	0.009999998815486331	0.01000000445068598	0.01000002152518158	0.01000002623031952	0.01000000212836675	0.1264765389123011	0.009999995726843704	0.09765541635377847	0.009999998469084217	0.2321563258372747	0.1937996623182206	0.01000000142390445	0.04179329170113071	0.01000002208421594	0.07969586775037782
0.08107663501666564	-0.500534394795773	1.344465003124656	0.8772397790573425	0.4873229797567361	0.5989566989885157	0.4208038998452702	-0.8707012388322396	-0.07168974778933296	-0.3851439700722291	0.1550783083488543	0.2912376947047662	1.905822851684227	0.2176157615477995	2.959153217887703	-1.711886176600986	-0.55867067598369	-4.828534471479499	-1.715862020772579	3.773661632051836	2.057803543355093	0.224956392130023	0.04348921635785946	0.1925948932838945	0.01000111278301208	0.01000402584436235	0.01012888348118545	0.01000002192840551	0.01000000135958189	0.156463303029075	0.01005138094451559	0.1011849184036948	0.009999998322137047	0.2388267519338872	0.1978169855860495	0.01000000021527998	0.04996148080989044	0.01469764912049896	0.08543409121634468	-0.006579775059513569	0.2227310243682646	0.04794364851105792	0.1911192976118805	0.00999999866538805	0.01000000392899991	0.01000002002628989	0.01000003276385542	0.01000000421253729	0.1156178529424408	0.009999995925419293	0.09576050531157207	0.009999998971988897	0.2302464816793057	0.1924450306915022	0.01000000210951322	0.03545209410865122	0.01000002068840869	0.07814886375882697
0.08431970041733226	-0.4993073604525892	1.350655371855779	0.8779611186823909	0.4966097833282067	0.5930903577898609	0.4186589896308069	-0.8861395292202204	-0.07723536288255961	-0.3729068676278698	0.1617485031674266	0.4645409307193277	1.911788244957526	0.2268352836135271	2.769478191240571	-1.904886046211383	-0.762913420069531	-4.693487452241709	-1.703149536207329	3.769231293309131	2.050007034457637	0.2245984185452274	0.04444766840707541	0.1922804821457048	0.01000088944286471	0.01000321960332426	0.01010305959351447	0.01000002478270138	0.0100000021491172	0.1493062690172652	0.0100410819397446	0.1001112276833114	0.009999998504920629	0.2375019157506632	0.1969341107435467	0.01000000066658064	0.04667726290564567	0.01376516795931774	0.08404052624505778	-0.008121861677711152	0.2221123325185377	0.04926746005998254	0.1898137460224305	0.009999998515289769	0.01000000340731385	0.01000001852739821	0.01000003929739131	0.01000000629670783	0.1047591669725804	0.009999996123994881	0.09386559426936567	0.009999999474893575	0.2283366375213367	0.1910903990647838	0.01000000279512198	0.02911089651617174	0.01000001929260143	0.07660185976727614
0.08756276581799889	-0.4975285795700723	1.356865009898333	0.8787086221626133	0.5052964932364488	0.5866099250084182	0.415864427189697	-0.9011528327381082	-0.08273663986312853	-0.3606824968757084	0.1683179724186579	0.6312854962928504	1.917679402544217	0.2337997110351918	2.589097740102206	-2.09051948026439	-0.9590904070712208	-4.566636294204643	-1.688164094097358	3.777290301706424	1.993084241305809	0.2241832388611789	0.04555626201141284	0.1917481798540765	0.01000071070346689	0.01000257433578288	0.01008239179923507	0.01000005190731906	0.01000000332297501	0.1404837784068907	0.01003284003103893	0.09886923513773388	0.009999998748464875	0.2360823175913249	0.1960044304692366	0.01000000118119176	0.04249419989952562	0.01301577977039984	0.08298109674492463	-0.008597981347330433	0.2212106560192144	0.0514702703246382	0.1875382279334878	0.009999998498518087	0.01000000303769706	0.01000001660788929	0.01000027284059514	0.01000000959322779	0.08126762209409583	0.009999996265965025	0.09163962894028221	0.009999999947023809	0.2262619292182159	0.1900411272783981	0.01000000363990355	0.01955556751535063	0.01000001621600764	0.0791447675487701
0.09080583121866552	-0.4952202101389382	1.363093567186733	0.8794752990955221	0.5134125946937332	0.5795379832741211	0.4124473115008277	-0.9157684893317629	-0.0881764118828452	-0.3483566255014334	0.1746220501023884	0.7911384446169886	1.923455753015851	0.2386595611524758	2.417583683736478	-2.269669903334228	-1.146842308859389	-4.448258401861132	-1.665219397101871	3.831826775898737	1.886339926358703	0.2236991793101465	0.0468660273368827	0.1909593583144181	0.01000056794037277	0.01000205888299363	0.01006588232841702	0.01000012058347226	0.01000000492411937	0.129210331134562	0.01002625696197792	0.0974583802530625	0.009999999038022922	0.2345691971277808	0.1950561704214216	0.01000000176226537	0.03726073390096759	0.0124150578171449	0.08254489047820437	-0.009074101016949714	0.2203089795198912	0.05367308058929385	0.1852627098445452	0.00999999848174641	0.01000000266808028	0.01000001468838037	0.01000050638379898	0.01000001288974775	0.05777607721561121	0.009999996407935171	0.08941366361119875	0.01000000041915405	0.224187220915095	0.1889918554920124	0.01000000448468511	0.01000023851452952	0.01000001313941385	0.08168767533026404
0.09404889661933215	-0.4924063585437452	1.369340527597583	0.8802544646441841	0.5209881925290497	0.5718970288004935	0.4084368906700657	-0.9300138534456687	-0.09352708424086863	-0.3357511150729682	0.1804469663955849	0.9421552395619904	1.928939180239779	0.241534982084462	2.256824791116177	-2.440311260073144	-1.32408975924388	-4.337958240779852	-1.631523995269201	3.947333248874209	1.67700902351458	0.2231259622518612	0.04839707145901398	0.1898571943613036	0.01000045371617454	0.01000164634296889	0.01005266958087364	0.01555613816029076	0.01000003112549673	0.1157296563353331	0.01002098886396304	0.09587193775321162	0.009999999358154757	0.2329770192912686	0.194113062825973	0.0100000024242922	0.03208860923262004	0.01193301772812751	0.08265605395491897	-0.01024992242467248	0.2189901896682792	0.0565062982386006	0.1817283856395074	0.009999998679685974	0.01000000243904594	0.01000001257379167	0.06367054396448436	0.01000025020078217	0.03388807419437	0.009999996448580947	0.0867872079257231	0.01000000083438538	0.22213543937102	0.188223570122156	0.01000000560216192	0.01000016493219049	0.01000001082691043	0.08460082241615441
0.09729196201999876	-0.4891223048477278	1.375604214809728	0.8810398690052473	0.5280670889297165	0.5637240692418609	0.403873986857506	-0.9439121478306393	-0.09873910935093373	-0.3227190979959359	0.1853120321898183	1.081112307475856	1.933771179460641	0.2425070397766446	2.111267668895244	-2.597757696411221	-1.487558830785353	-4.234220332279581	-1.579715572271082	4.094853632162154	1.294399659728555	0.2224469708983633	0.05016427176959825	0.1883950861288113	0.01000036252482246	0.01000131679947524	0.01004211542030897	0.03043128714068423	0.0100000998227123	0.1002180894371819	0.01001678112111814	0.09410448114078104	0.009999999697429892	0.2313177053793561	0.1931944250631013	0.01000000317799996	0.02785603921559383	0.01154710615317849	0.08325336473720414	-0.01142574383239525	0.2176713998166672	0.05933951588790735	0.1781940614344698	0.009999998877625534	0.0100000022100116	0.01000001045920297	0.1173405815451698	0.01000048751181659	0.01000007117312879	0.009999996489226722	0.08416075224024745	0.01000000124961672	0.2200836578269449	0.1874552847522995	0.01000000671963873	0.01000009134985145	0.01000000851440701	0.08751396950204478
0.1005350274206654	-0.4854098571153108	1.381882205453823	0.881825505042231	0.5347023820284552	0.5550639005643841	0.398806002653096	-0.9574826445010224	-0.1037371437414069	-0.3091910908276441	0.1885258874141962	1.205848788683818	1.937745311625659	0.2418016583596612	1.983746307872186	-2.741852521172384	-1.634975937528059	-4.134875603653821	-1.494939557576368	4.245459570817783	0.6569481597693193	0.2216523448721437	0.05218247687103511	0.186520996214848	0.01000028963187814	0.01000105305751706	0.01003366886446827	0.04871896881431326	0.01773781538746716	0.08495783865525729	0.01001341389841999	0.09214698839107704	0.01000000004417382	0.229607311047446	0.1923215217385119	0.01000000405054251	0.02440389535134996	0.0112377414369976	0.08411104711051851	-0.01119887176469022	0.2160081277605927	0.06282916902786434	0.1732768533131318	0.009999999475097502	0.01000000211741407	0.01000000845580992	0.1361099792691288	0.08481032960929441	0.01000004600267114	0.009999996415507771	0.08108900313052271	0.01000000159052836	0.2181276659810997	0.1870182330948937	0.01000000828238961	0.01000007253078102	0.01000000713903721	0.08887421488166967
0.103778092821332	-0.4813172740003288	1.388171884144945	0.8826069716056841	0.5409535508511286	0.5459473195624452	0.3932880869486287	-0.9707325560920593	-0.1083859606407774	-0.2951981582179463	0.1893743601806601	1.315541981644848	1.940979203711998	0.2399357234351066	1.874378042175099	-2.879227397518562	-1.765031804346652	-4.036515358911579	-1.364352976727586	4.38157337672842	-0.1643328452966551	0.2207339665563327	0.05446258743490998	0.1841917767447359	0.01000023153235458	0.01000084238725976	0.01002692189803783	0.06643987352892933	0.03828621796605204	0.07194289694335194	0.01001072443035513	0.08999220195168503	0.01000000038974373	0.2278590796735413	0.1915116304998367	0.01000000506202226	0.02160097390400572	0.01099027793309417	0.08505435559746438	-0.0109719996969852	0.2143448557045183	0.06631882216782134	0.1683596451917938	0.01000000007256947	0.01000000202481654	0.01000000645241687	0.1548793769930879	0.1596201717067722	0.0100000208322135	0.009999996341788822	0.07801725402079794	0.01000000193144001	0.2161716741352544	0.1865811814374878	0.0100000098451405	0.01000005371171058	0.0100000057636674	0.09023446026129457
0.1070211582219986	-0.4768948698942242	1.394470841595101	0.8833809355446185	0.5468807086745194	0.5363983228940497	0.3873784505810139	-0.9836624080329951	-0.1125751109152205	-0.2808017387759084	0.1877097738455315	1.408272591214789	1.943403421359064	0.2372496905696992	1.784990963170132	-3.005560437050538	-1.875470224996479	-3.937061100222931	-1.227315804719007	4.492968889203105	-0.7883925546828093	0.2196662701984196	0.05697932483197082	0.1813792144802903	0.01000018520364714	0.01000067380555343	0.01002152226424733	0.08350703625613501	0.06227627083856251	0.0609363506599243	0.01000857219240059	0.08763389907091869	0.01000000072875869	0.2260673920400376	0.1907540100423082	0.01000000625329083	0.0193293125298708	0.01079202537388867	0.08629178321097249	-0.01164315743672888	0.2120867339872933	0.07010151743768119	0.1622152970092194	0.01000000110230914	0.01000000213675829	0.0100000048890944	0.170700151310049	0.1748168426321235	0.01000001484786203	0.009999996182811097	0.07450709281490732	0.01000000221810189	0.2140653021923966	0.186124409471403	0.01000001207979961	0.01000004189582542	0.01000000419110492	0.09412432677938612
0.1102642236226653	-0.4722056325963821	1.400775836923659	0.8841450353872398	0.5525577504432032	0.5264793444773098	0.3811493148813501	-0.9962671014665176	-0.1163997930972085	-0.2660804101421952	0.1847395867276272	1.480098139930198	1.944702766238688	0.233852530467806	1.72013135038852	-3.107395320494736	-1.96206719681367	-3.835989950240636	-1.139585327966745	4.581945032117401	-0.9694974792919352	0.2184282324788813	0.05971369836579114	0.1780592340865653	0.01000014840807106	0.0100005391813556	0.01001720913509888	0.09984850802426029	0.08363592502008642	0.05170189716634805	0.01000685314461922	0.0850670231965612	0.01000000105723511	0.2242276213468456	0.1900399068766611	0.01000000765459128	0.01749502279596257	0.01063352704195279	0.087983283939761	-0.01231431517647257	0.2098286122700684	0.073884212707541	0.156070948826645	0.01000000213204881	0.01000000224870004	0.01000000332577193	0.18652092562701	0.1900135135574748	0.01000000886351055	0.009999996023833368	0.0709969316090167	0.01000000250476377	0.2119589302495387	0.1856676375053182	0.01000001431445871	0.01000003007994025	0.01000000261854243	0.09801419329747768
0.1135072890233319	-0.4673209482522255	1.407083063606618	0.8848972313363456	0.5580677191049797	0.516273729114416	0.3746821219109353	-1.008539813506611	-0.1200173792722168	-0.2511032456920621	0.1817132843584978	1.529209745264239	1.944832243922408	0.2299925294291031	1.681224316226069	-3.184139469668995	-2.022684411848163	-3.731905907343676	-1.090612016770519	4.652222525194984	-0.8925145568107464	0.2169815590448886	0.0625955598581474	0.1742085778347874	0.01000011917656851	0.01000043151130708	0.01001375731567751	0.1153771220193163	0.1033674335101373	0.04400841686003022	0.01000547746512784	0.08228489942031639	0.01000000136945928	0.222353663585858	0.1893782850275212	0.01000000934823846	0.01601485451854398	0.01050659963382324	0.09004538299603797	-0.01104120476824054	0.2067131097735629	0.07738425919297955	0.1486978416878226	0.01000000323549792	0.01000000272442478	0.01000000222768078	0.1989594128879418	0.2073294093316858	0.0100000062935082	0.00999999580112316	0.06702879907525602	0.01000000271523701	0.2099536226736302	0.1854152015112646	0.01000001776314859	0.01000002445355268	0.01000000150736196	0.1019094003412071
0.1167503544239985	-0.4623069509772641	1.41338939934488	0.8856365729501202	0.5634841543722593	0.5058413432478499	0.3680530709529201	-1.020468245583403	-0.1234686522817285	-0.235920125502597	0.1789785764304385	1.55984548680462	1.944153320210057	0.225925255650693	1.66244926086433	-3.24724479962748	-2.061885095936308	-3.623672330494642	-1.037019918473871	4.708958036064505	-0.7896710464781984	0.215294684079579	0.06557258553394614	0.169806953654915	0.01000009605141393	0.01000034561069339	0.0100110000715446	0.1300174475271236	0.1220567213022756	0.0376422210958357	0.0100043786543466	0.07928210559251327	0.01000000166120123	0.2204569765480523	0.1887763984130031	0.01000001139517131	0.01482415359750189	0.01040515935642336	0.09241344424230154	-0.009768094360008511	0.2035976072770573	0.08088430567841809	0.1413247345490002	0.01000000433894703	0.01000000320014952	0.01000000112958963	0.2113979001488737	0.2246453051058967	0.01000000372350586	0.009999995578412954	0.06306066654149536	0.01000000292571025	0.2079483150977217	0.1851627655172111	0.01000002121183847	0.01000001882716512	0.0100000003961815	0.1058046073849365
0.1199934198246651	-0.4572182963427837	1.419692575641303	0.886362562067766	0.5688656322470356	0.4952179252732323	0.3613257433344572	-1.032038378172986	-0.1267200400020232	-0.2205707108986385	0.1765408446504721	1.576391058520688	1.94295383471779	0.2217760895457136	1.658267678242908	-3.303265919778827	-2.084580690643635	-3.510868057397202	-0.9657555216103361	4.754320606391078	-0.7172183263225899	0.2133295911714348	0.06861235380771527	0.1647266730251226	0.01000007780004083	0.0100002770071731	0.01000879343211471	0.1438438309826441	0.1395709445774375	0.0324016304442496	0.01000349930140542	0.07602953730938508	0.01000000191986427	0.2185759988204403	0.1882417235630118	0.01000001396618417	0.01386612222641579	0.01032394603017706	0.09476691763884228	-0.01097014232932667	0.1995006125380692	0.08423894102327149	0.1313373361405633	0.0100000057663758	0.01000000407665875	0.01000000034013536	0.2220666129737995	0.2368165335508252	0.01000000227691226	0.009999995309418263	0.05837073437473396	0.0100000029737176	0.2064301657310708	0.1851268779789692	0.01000002701449498	0.01000001687269511	0.01000000001409755	0.1066829854572435
0.1232364852253318	-0.4520948504576703	1.42599123231786	0.887074934689951	0.5742525883576198	0.4844221309756669	0.3545469989452343	-1.043235226835235	-0.1297173815048757	-0.2051005755050512	0.1743036500991053	1.581301267905749	1.941366068457203	0.2175279563185565	1.665827691505599	-3.353549361342571	-2.093593843335344	-3.393467952113566	-0.8803494933710919	4.783406605647283	-0.6659996405717156	0.2110547667644697	0.07169068972912296	0.1588602350153117	0.01000006350996053	0.01000022238979457	0.01000703080590127	0.1568964280766337	0.1557921432721374	0.02811172473205677	0.01000279690290109	0.07250391185550632	0.01000000213612285	0.2167423810743175	0.1877802900545272	0.01000001718771876	0.01309737551511638	0.01025905494605803	0.09686056727922664	-0.01217219029864483	0.1954036177990811	0.08759357636812491	0.1213499377321264	0.01000000719380458	0.01000000495316798	0.009999999550681087	0.2327353257987254	0.2489877619957537	0.01000000083031866	0.009999995040423572	0.05368080220797256	0.01000000302172494	0.2049120163644199	0.1850909904407272	0.01000003281715148	0.0100000149182251	0.009999999632013604	0.1075613635295505
0.1264795506259984	-0.4469723593725665	1.432284222078866	0.8877733269542661	0.5796808106258292	0.4734716225595532	0.347758931759911	-1.054043915295063	-0.132416626482651	-0.1895678699176161	0.1721968038303102	1.57614912741365	1.939479630029656	0.2131304528663097	1.683311766039475	-3.398626077393562	-2.090728502974973	-3.271552191633599	-0.7827321300901225	4.792259568150792	-0.6361630175554446	0.2084242434162301	0.07476275956480112	0.1521469083548501	0.0100000526775983	0.01000017886216778	0.01000562015746169	0.1692068708377743	0.1708624579816412	0.02461194457767828	0.01000223476714707	0.06868842706663573	0.01000000229997176	0.2149838974508433	0.1874053135372069	0.0100000214625736	0.01248003348405013	0.01020711173774919	0.09875200621561638	-0.01056266342491368	0.1900958295138659	0.09053737572725318	0.1092784527542776	0.01000001168658967	0.01000000586479786	0.009999998989241424	0.2415878927767187	0.2589895079201759	0.009999999913912098	0.009999994759709502	0.04832359001658819	0.01000000288841827	0.2038655796934692	0.1853745987666877	0.01000004380604137	0.01000001364722236	0.009999999378396464	0.108548766756135
0.129722616026665	-0.4418820691321111	1.438570664660932	0.8884570644005213	0.5851808361715715	0.4623847382674952	0.3409984670925945	-1.064450380880312	-0.1347842695146255	-0.1740391521473922	0.1701588013060998	1.561442991485839	1.937328420044112	0.2084903229399104	1.710108807416931	-3.437652430014175	-2.076571357180561	-3.145416910957537	-0.6758504130970923	4.78094731678964	-0.6235436699588732	0.2053997061694029	0.07779490819669019	0.1445327410946576	0.01000004493014969	0.01000014428004699	0.01000449334832912	0.1807892001373305	0.1848631518222442	0.02176972219520943	0.01000178573020919	0.06456946295499016	0.010000002404004	0.2133233423295021	0.1871274510166231	0.01000002708894673	0.01198547809202471	0.01016561399434445	0.1004849674360173	-0.008953136551182538	0.1847880412286507	0.09348117508638144	0.0972069677764288	0.01000001617937476	0.01000000677642775	0.009999998427801764	0.2504404597547121	0.268991253844598	0.009999998997505529	0.009999994478995433	0.04296637782520382	0.0100000027551116	0.2028191430225185	0.1856582070926481	0.01000005479493126	0.01000001237621962	0.009999999124779326	0.1095361699827195
0.1329656814273316	-0.4368547857612469	1.44484971861346	0.8891252445680469	0.5907826392637019	0.4511824384385922	0.3343020147005598	-1.074441301198287	-0.1367933991362132	-0.1585791405635033	0.1681366585881008	1.536898443420641	1.934904647327438	0.2034736477776185	1.746535888035129	-3.468769926738826	-2.050807157530168	-3.015437887634672	-0.5628427404473084	4.750332141058458	-0.6253889286384919	0.2019431022729725	0.0807464134235594	0.1352685029880766	0.01000004023761723	0.01000011676378914	0.01000359154570206	0.1916462714146053	0.1978599274252086	0.01946580739961824	0.01000142634313773	0.06006589263778044	0.01000000244628443	0.211755757830229	0.1869123638263119	0.01000003511898281	0.01158882251521187	0.01013239995958588	0.1020910675493838	-0.00582245137588449	0.1782380763724942	0.09588164802825754	0.07445638004800215	0.0100000265526438	0.01000000744896863	0.009999998044617774	0.2573403102942489	0.2767783522668843	0.009999998373905349	0.009999994214708112	0.03621061942032187	0.01000000248350617	0.201892198069612	0.1856800544335097	0.01000007863531046	0.01000001144638907	0.00999999892018366	0.1105556550786415
0.1362087468279983	-0.4319264304695282	1.451120303649682	0.8897761526241302	0.5965221336507267	0.4398990833438767	0.3277117562760173	-1.084005334242907	-0.138432748479986	-0.1432467975962999	0.1660902775877636	1.500433997292638	1.932105635266611	0.1978386034670532	1.795023095486781	-3.487639251646701	-2.011081486135263	-2.882155323155788	-0.4478067370545038	4.702214019190481	-0.6384914303841968	0.1980223098423066	0.08358641033589684	0.1237087909629301	0.01000003857779317	0.01000009492186395	0.01000287119343573	0.2017729408749394	0.2098879925137149	0.01760519321510751	0.01000113924610289	0.05511252714067155	0.01000000242538042	0.2102769986536452	0.1867322418457669	0.01000004633160093	0.01127139983365471	0.01010586748397598	0.1035944781743073	-0.002691766200586444	0.1716881115163377	0.09828212097013361	0.05170579231957548	0.01000003692591285	0.01000000812150951	0.009999997661433788	0.2642401608337856	0.2845654506891707	0.009999997750305169	0.009999993950420789	0.0294548610154399	0.01000000221190073	0.2009652531167055	0.1857019017743713	0.01000010247568967	0.01000001051655852	0.009999998715587996	0.1115751401745635
0.1394518122286649	-0.427138097029208	1.457381084635976	0.8904075115324365	0.6024412552424486	0.4285793195838459	0.3212757303551987	-1.093132321764545	-0.1397001656649159	-0.1280968801598484	0.1639856046988479	1.45006588691934	1.928839232301696	0.1913582743593058	1.857824336830293	-3.490137505995901	-1.955141588209429	-2.745969493912282	-0.3345703146907248	4.638328016871983	-0.6606389507573726	0.1936259527221688	0.08627166267657199	0.1102688982442227	0.01000013352470908	0.0100000776711635	0.01000229468326967	0.2111922003044353	0.2210019542536374	0.0161036058181045	0.0100009094534435	0.04949918989675775	0.01000000234850431	0.2088576046197767	0.1865480625079805	0.01000007395164846	0.01101701897969777	0.01008463283963036	0.1049586482042359	0.002881828223911482	0.1641523411468992	0.09995024105331364	0.03085294958005285	0.01000095593206931	0.01000000969559928	0.009999997416986444	0.2695463278238061	0.2904652539839498	0.009999997310869794	0.009999993720296935	0.01972841411022947	0.01000000188349297	0.1998076205366404	0.1852772630319192	0.01000026024139737	0.01000001009371566	0.009999998664518433	0.1119526021008472
0.1426948776293315	-0.4225371190399637	1.463630476687692	0.8910162736454553	0.6085885851823634	0.4172818772535573	0.3150491142361853	-1.10181285520048	-0.1406077464569899	-0.1131776877223232	0.1617976489154112	1.384891800044181	1.925082073807872	0.1839031488902638	1.935759294128616	-3.473873615114463	-1.881938360128443	-2.60682687272083	-0.2258954596699595	4.559925800877972	-0.6898520316747583	0.1887437484241907	0.08876902928839717	0.09528108309121243	0.0100003943525888	0.0100000642098456	0.01000183417268959	0.2199157922601743	0.2312337683464382	0.0148955520280343	0.01000072587095663	0.04305544577472471	0.01000000222099552	0.2074733857417838	0.1863282738880688	0.01000012776968467	0.01081359210769717	0.01006767090784257	0.1061550737793558	0.008455422648409408	0.1566165707774607	0.1016183611364937	0.01000010684053022	0.01000187493822577	0.01000001126968906	0.009999997172539099	0.2748524948138266	0.2963650572787288	0.00999999687143442	0.009999993490173083	0.01000196720501903	0.01000000155508521	0.1986499879565752	0.1848526242894672	0.01000041800710506	0.0100000096708728	0.009999998613448866	0.1123300640271309
0.1459379430299982	-0.4181740213865621	1.469866783458498	0.8915990461285354	0.6150158202737103	0.4060723787209412	0.3090907724007248	-1.110036994141571	-0.1411744159890179	-0.0985362286228517	0.1595056148468312	1.300088427366208	1.920619677575178	0.175094476892506	2.033833897975934	-3.43067478360811	-1.785943896607244	-2.463465794183783	-0.1275067030839816	4.466479018563174	-0.7240138296067324	0.1833893992591282	0.09104064167474998	0.08073510645767511	0.01505657298284422	0.01000005397646821	0.01000146562149802	0.2279304752629943	0.2406485855245417	0.01392348268315462	0.01000057892144761	0.03685504252488811	0.0100000020553521	0.2060787431204389	0.186004650607711	0.0123775151586715	0.01065065209892742	0.01005409644335595	0.1071636252224957	0.01012847671371644	0.1484181365500684	0.1024481710914068	0.01000007302792469	0.0588327067984135	0.0100000150071551	0.00999999704294318	0.2782349288940724	0.3009012364089753	0.009999996552649378	0.009999993302904945	0.01000121167967069	0.01000000124596209	0.1969410974105557	0.1834554351603316	0.03294242569654052	0.01000000968223523	0.009999998727611713	0.1121229269327704
0.1491810084306648	-0.4141418331065221	1.476086364635174	0.8921493749511739	0.6218186581797086	0.3950842619627882	0.3035082517797535	-1.117781242240928	-0.1414603061363256	-0.08422691465841901	0.1570992178759388	1.180819829537741	1.914767391824825	0.1638951278135762	2.167393731476647	-3.33734736780913	-1.650169235485189	-2.31087795867378	-0.05273867736016923	4.355091735573894	-0.7603796888440968	0.1775734542893875	0.09305702524038667	0.06836208988654383	0.0286193253551457	0.01000004655538679	0.01000117123214454	0.2352210683108366	0.2492902163450116	0.01314341918003498	0.01000046151473552	0.03175751798095575	0.01000000186082658	0.204636339209964	0.185521971913132	0.01882457234716282	0.01052040800658457	0.01004325378946625	0.1079683449063358	0.01180153077902348	0.1402197023226761	0.10327798104632	0.01000003921531917	0.1076635386586012	0.01000001874462115	0.00999999691334726	0.2816173629743182	0.3054374155392217	0.009999996233864336	0.009999993115636804	0.01000045615432234	0.01000000093683897	0.1952322068645361	0.1820582460311959	0.05588443338597598	0.01000000969359766	0.009999998841774559	0.1119157898384099
0.1524240738313314	-0.4105664757261851	1.48228409090832	0.8926585081467298	0.6291261437501416	0.3845026226496303	0.2984468049767944	-1.125009455431203	-0.1415551500013808	-0.07030850661880214	0.1545734754055506	1.018921804774959	1.907195663686629	0.1497289584954331	2.343795892222938	-3.180366227416663	-1.46519245246635	-2.143945347362523	-0.01013375300868735	4.226549076682593	-0.7973381863421977	0.171316102553954	0.09478851020176103	0.05792418683547428	0.04462061755010262	0.01000004158840402	0.01000093563917978	0.2418011841857385	0.2572036368177644	0.01251695713169678	0.01000036753032545	0.02758408836157522	0.01000000165281753	0.2031055968236309	0.1848311350160341	0.02708610382007058	0.01041612072639928	0.01003457680489891	0.108534246077334	0.01343184202228368	0.1315113129377924	0.1032226457152693	0.01000003073746216	0.1173625473166713	0.01000002465168823	0.009999996898175824	0.2834516029626989	0.3087068185570094	0.009999995999765757	0.009999992978487134	0.01000036843715166	0.01000000071847844	0.1928825799813246	0.1796984590334957	0.06598474188235932	0.0100000101366067	0.009999999155403611	0.1108787874042861
0.155667139231998	-0.4075665905562335	1.488455532376843	0.8931182106249029	0.637051048595439	0.3745078049643917	0.2940439656937986	-1.131668866094489	-0.1415544583318179	-0.05682495186829042	0.1519269860980446	0.8259258392486836	1.898557540110049	0.1334111805130142	2.548156496692122	-2.975454186249678	-1.244005659595104	-1.96009716533257	0.006178133027951556	4.086917502085946	-0.834844321668721	0.1646334515309427	0.09621153566728394	0.0491870152861376	0.0589519777752666	0.01000003881034073	0.01000074746723331	0.2476774074737999	0.264419560116321	0.01201507371393002	0.01000029243710559	0.02418423969991958	0.01000000144272474	0.2014532926291546	0.1838921861604275	0.0355548985617326	0.01033278389475803	0.01002764624550563	0.1088336039887692	0.01506215326554388	0.1228029235529088	0.1031673103842186	0.01000002225960514	0.1270615559747413	0.01000003055875531	0.009999996883004389	0.2852858429510797	0.3119762215747972	0.00999999576566718	0.009999992841337466	0.01000028071998097	0.0100000005001179	0.1905329530981131	0.1773386720357954	0.07608505037874265	0.01000001057961575	0.009999999469032661	0.1098417849701623
0.1589102046326646	-0.4052284910833827	1.494598022132191	0.893522547143877	0.6456658943258412	0.3652350003836655	0.2904007444410505	-1.137702696461656	-0.1415356588336694	-0.04380647233659899	0.1491582764581042	0.6141992541923484	1.889519287598043	0.1158385654386046	2.76512709104658	-2.739845733978694	-1.000581784416396	-1.757979691925442	0.002860939644265328	3.940975266296959	-0.8726401642957977	0.1576271203848311	0.09729801956271526	0.04192268609741457	0.07177742317152354	0.01000003789817227	0.01000059689989802	0.2528713864888797	0.2709844485080755	0.01161252742343439	0.01000023232431306	0.02142144883483428	0.01000000124895419	0.1996261642892346	0.1826674178816932	0.0436894033126438	0.01026606999598098	0.01002210011123525	0.108920588148863	0.0165853958324672	0.1147076957596053	0.1021415619973654	0.01000001922465026	0.1334371210749722	0.01000003772793021	0.009999997025018801	0.2857994421716956	0.3142621763197421	0.009999995581436865	0.009999992765223578	0.01000024562381039	0.01000000045512443	0.1872332420667	0.1739977297453987	0.08109475782237177	0.01000001114894832	0.009999999857277463	0.1089023407410557
0.1621532700333313	-0.4035943720200881	1.500711204396401	0.8938688750908823	0.6549892940032936	0.3567578426299658	0.2875682586160486	-1.143051963681094	-0.1415524712888385	-0.03126722637852419	0.1462667986918414	0.3917807804258949	1.880483596159532	0.09763726614259174	2.985122058291936	-2.484778403445862	-0.7440247294584258	-1.537926741241542	-0.01578377585013543	3.791373925622195	-0.9105554844285999	0.150381751578221	0.09802532641221098	0.03592274530523173	0.08316979787928966	0.0100000386127584	0.01000047666989852	0.2573970771653049	0.2769319713974569	0.0112903816511528	0.01000018429674345	0.01918542629154454	0.0100000010851321	0.1975805112984861	0.1811258741841282	0.05111018334692324	0.01021276819557337	0.01001767035838204	0.1088372805934694	0.01810863839939052	0.1066124679663017	0.1011158136105122	0.01000001618969537	0.139812686175203	0.01000004489710511	0.009999997167033212	0.2863130413923114	0.3165481310646869	0.00999999539720655	0.009999992689109692	0.01000021052763981	0.01000000041013097	0.183933531035287	0.1706567874550019	0.08610446526600089	0.01000001171828089	0.01000000024552227	0.1079628965119492
0.1653963354339979	-0.4026911512605881	1.506795469878519	0.8941557916501046	0.6650218803935096	0.3491286528521598	0.2855803166139277	-1.147659090817001	-0.1416506551009473	-0.01921654632225544	0.143251911712589	0.1655564507442135	1.871790359794848	0.07938289072751342	3.199994890695645	-2.219843276837808	-0.4821260214907046	-1.300485442272086	-0.04619746266009512	3.640450919811121	-0.9488740796890972	0.1430546237528083	0.09837243244144381	0.03099139552755648	0.09288199397348151	0.01000004067370299	0.0100003805118964	0.2612938166324458	0.2823095600083519	0.01103221025415779	0.01000014585566936	0.01737781046337335	0.01000000096775093	0.1952947698799367	0.1792594307033381	0.05779709625174213	0.01017010424878058	0.01001412554379906	0.1086617499541534	0.01893393493575092	0.1001145342724387	0.09910975057583717	0.01000001528108254	0.1393491441650764	0.0100000526152317	0.009999997551140744	0.2858981615868146	0.3181111425057777	0.009999995239579007	0.009999992681944238	0.01000019189987631	0.01000000058411242	0.1799311074143765	0.1666008601073586	0.08908738844535705	0.01000001209533644	0.01000000056156573	0.107600948950304
0.1686394008346645	-0.4025184720811112	1.512852559254955	0.8943842725587647	0.675732011419528	0.3423616162993422	0.2844399200327463	-1.151468886513628	-0.1418613972455464	-0.007653717722380984	0.1401113218436675	-0.05874456506590858	1.863724078648201	0.06159997219621897	3.402964162683156	-1.95308809285399	-0.221343058726867	-1.046212057308558	-0.08519855395594957	3.490515696710787	-0.9880765173067839	0.1357773655852473	0.09832193309719355	0.02696025712791817	0.1007067664415367	0.01000004387342438	0.01000030378754925	0.2645907749877537	0.2871530379108033	0.01082574835454544	0.01000011515124161	0.01592142510410091	0.01000000090902032	0.192751074911944	0.1770610375221799	0.06372766674261987	0.01013602142510421	0.01001129430632217	0.1084552266285166	0.01975923147211133	0.09361660057857576	0.09710368754116211	0.01000001437246971	0.1388856021549498	0.01000006033335828	0.009999997935248275	0.2854832817813179	0.3196741539468684	0.009999995081951462	0.009999992674778786	0.01000017327211282	0.01000000075809387	0.1759286837934662	0.1625449327597153	0.0920703116247132	0.01000001247239199	0.01000000087760919	0.1072390013886589
0.1718824662353312	-0.4030642348805396	1.518884796014402	0.8945563690488105	0.6870741826527276	0.3364541799679894	0.2841368482924099	-1.154427471562644	-0.1422083671035247	0.003426838139758069	0.1368413838973395	-0.2762871561812651	1.85652015091975	0.04470284826597776	3.588379490883297	-1.691618641330488	0.03287678239487712	-0.7758431847182203	-0.129028152961254	3.343497653581859	-1.028928321789309	0.128533975819459	0.09794963146135655	0.0236753245320503	0.1070139078500868	0.01000004808907226	0.01000024250590602	0.2673869083692719	0.2915461321607076	0.01066037507125557	0.01000009058710043	0.01474820930463233	0.01000000091053062	0.1899555500008694	0.1745734723627619	0.06909754276558	0.0101087431865911	0.01000902870539795	0.1082332851845603	0.02015371487609794	0.08701295641954712	0.09517560445082521	0.01000001387523645	0.1379384730878536	0.01000006914408809	0.009999998691859366	0.2852030113551253	0.3212856582342267	0.009999994935554221	0.009999992743215844	0.01000015744733513	0.01000000106471602	0.1715265884652991	0.1584214726417677	0.09535664313074439	0.0100000127394525	0.01000000120400326	0.1069984094354691
0.1751255316359978	-0.404300515082838	1.524895235437237	0.8946753291179202	0.6989847946426817	0.3313792572393165	0.2846430331840077	-1.156484855323099	-0.1426999137321973	0.01403672643132946	0.1334347527357863	-0.4845869811601686	1.850281650624209	0.02883071572282098	3.753521852141461	-1.43967655172163	0.2777258973190835	-0.4904407871684965	-0.1743591182831963	3.200254778447316	-1.072375289202156	0.1213110465007678	0.09731404056823754	0.021010239624142	0.1120520689518947	0.01000005322969863	0.01000019371239744	0.2697609730122574	0.295555272524522	0.0105281843725705	0.01000007098143487	0.01380581622146028	0.01000000097345916	0.1869130252899983	0.1718313289659482	0.07404433022998415	0.01008695314143042	0.0100072192100792	0.1080081637977754	0.02054819828008454	0.08040931226051845	0.09324752136048832	0.01000001337800319	0.1369913440207574	0.01000007795481789	0.009999999448470461	0.2849227409289327	0.3228971625215851	0.009999994789156978	0.009999992811652902	0.01000014162255744	0.01000000137133816	0.167124493137132	0.1542980125238201	0.09864297463677556	0.01000001300651301	0.01000000153039732	0.1067578174822794
0.1783685970366644	-0.4061953458901117	1.530887081753334	0.894744560834164	0.7113960144034417	0.3271023604555769	0.2859258286257434	-1.15759349039662	-0.1433381498081617	0.02418881058718311	0.1298824541557214	-0.6822839520453353	1.845053413310642	0.01402846846217868	3.897019030332857	-1.199876538672506	0.5116658283226231	-0.1910892722085975	-0.2189999493293427	3.061214594976032	-1.118861759174629	0.114032864910204	0.09649892187973648	0.01885162310986086	0.1160906782554126	0.0100000592536077	0.01000015482714813	0.2718052589534395	0.299214327693683	0.01042233741103388	0.01000005531147161	0.01304842563748664	0.01000000109540313	0.1836518926854111	0.1688724822487669	0.07868695986465168	0.01006951442813131	0.01000577125466728	0.107791730548003	0.0207781852470896	0.07294606425005232	0.0917667357638741	0.01000001287568591	0.1362699587045164	0.01000008821333025	0.01000000029714007	0.2850943430787906	0.3241740385411084	0.009999994646633946	0.009999992931885223	0.01000012823358547	0.0100000017776203	0.1626440778660536	0.1501938772619941	0.1022594100721845	0.01000001312424877	0.01000000186011107	0.1066502211032732
0.181611662437331	-0.4087150523104842	1.53686353452649	0.8947673830092361	0.7242388996289197	0.3235838015964677	0.2879506808910404	-1.157710238152809	-0.1441188101091281	0.03389653744582276	0.1261742132239609	-0.8699480737521286	1.84078844525235	0.0002099292521224835	4.019730152875898	-0.9720091871260644	0.7353526990340775	0.121256600721765	-0.2621922066364779	2.926219418490011	-1.168545012914184	0.1066364865658339	0.0955697938952126	0.01710954609865186	0.1193242158409287	0.01000006612993149	0.01000012394023372	0.2735943944730218	0.3025500881819276	0.01033775346320562	0.01000004282003527	0.01244126326293435	0.01000000127458365	0.1801953747445472	0.1657277668309162	0.08311170775334417	0.01005558492232079	0.01000461482733197	0.107593309853043	0.02100817221409466	0.06548281623958617	0.09028595016725989	0.01000001237336863	0.1355485733882754	0.01000009847184262	0.01000000114580968	0.2852659452286485	0.3254509145606315	0.009999994504110918	0.009999993052117543	0.0100001148446135	0.01000000218390243	0.1581636625949751	0.1460897420001681	0.1058758455075934	0.01000001324198453	0.01000000218982482	0.106542624724267
0.1848547278379977	-0.4118281209721814	1.542827648908488	0.8947468668279619	0.7374474230983247	0.3207857041218389	0.2906855134402205	-1.156793941386953	-0.1450366011328314	0.04317297476392387	0.1222994289929135	-1.048695724118585	1.837415500938945	-0.01274585413128512	4.123116787552561	-0.7550609923857057	0.9500663138343042	0.4457189158698025	-0.3035101758432953	2.795380331301979	-1.221628468623134	0.09907181582353659	0.09457787958578485	0.01570437517502471	0.1219054652306596	0.01000007384355986	0.01000009933953586	0.2751851827003184	0.3056142592741249	0.01027004068876862	0.01000003284362123	0.01195403895316418	0.01000000151193122	0.176546703822284	0.1624348421170209	0.08735048028016339	0.0100444374156493	0.0100036894681883	0.107456610244304	0.02130094242238768	0.05726680668961434	0.08917155749549657	0.01000001193952914	0.1348756822101741	0.01000011028944038	0.01000000147691182	0.2857368033443983	0.3268100248279728	0.009999994369604196	0.009999993129575065	0.01000010423860335	0.01000000271363268	0.1533726283533786	0.1421300652568598	0.1093505099777764	0.01000001301811331	0.01000000237972665	0.1069835360962296
0.1880977932386643	-0.4155093299347452	1.548782106182974	0.8946854668089874	0.7509634508938869	0.3186767640479809	0.2941054532476521	-1.154806956663236	-0.1460854723630733	0.0520330350112632	0.1182467302728448	-1.220320471862955	1.834832902383633	-0.02500315321373437	4.209368219430626	-0.547005485054929	1.157858676292929	0.7815503817592612	-0.3430294332960557	2.669439477671725	-1.278264964234541	0.09129729058106438	0.09356341565896914	0.01457441106893845	0.1239482917937558	0.01000008238330657	0.0100000797575457	0.2766238852959502	0.3084486799485984	0.01021594041915895	0.01000002489102657	0.01156396550754168	0.01000000180813469	0.1727084691467917	0.15902449811005	0.09142639206801777	0.01003553334486816	0.01000295041646489	0.1074159308227282	0.02159371263068071	0.04905079713964251	0.08805716482373327	0.01000001150568965	0.1342027910320728	0.01000012210703815	0.01000000180801396	0.2862076614601482	0.3281691350953141	0.009999994235097478	0.009999993207032586	0.01000009363259319	0.01000000324336293	0.1485815941117822	0.1381703885135516	0.1128251744479594	0.01000001279424209	0.01000000256962848	0.1074244474681923
0.1913408586393309	-0.4197376307878474	1.554729354437592	0.8945852635791152	0.7647338937711455	0.31723051417425	0.2981904005713221	-1.151713177772672	-0.1472597982817978	0.06049347639077961	0.1140046027629806	-1.386707813471968	1.832934135221685	-0.03673101893560369	4.280756592035715	-0.3456397858555491	1.360884553744758	1.128077082332195	-0.3809850493400347	2.549191056204657	-1.338435168348164	0.08333469546719553	0.0925637204772763	0.01366549977742352	0.1255515450410065	0.01000009178461978	0.01000006412439625	0.2779573626669892	0.3110627742012207	0.0101726370791183	0.01000001853337978	0.01125125696195505	0.01000000216942231	0.168691953807125	0.1555011382170598	0.09534355969714509	0.01002840769711897	0.01000235903007183	0.1074972833909873	0.02188465275644262	0.04077757710529501	0.08732590637627126	0.01000001121509263	0.1335735214448698	0.0100001359187851	0.0100000018571335	0.2870523733918854	0.3291812925829969	0.009999994097336687	0.009999993195452859	0.01000008534251707	0.01000000395087951	0.1435992323528381	0.1340556738827629	0.1159760111687491	0.01000001233646881	0.01000000263995121	0.108362061863579
0.1945839240399975	-0.4245000212451034	1.560671380470518	0.8944476216198847	0.7787152866148996	0.3164300846957833	0.3029294372189649	-1.147479123198495	-0.1485553401884044	0.06857437636866205	0.1095617154107679	-1.549693788842802	1.831612355741034	-0.04809163570325251	4.339461165701411	-0.1487277351419769	1.561235878470469	1.484758946928981	-0.4177833917523594	2.43537611179103	-1.402073655844679	0.07520206800955635	0.09160809940788454	0.01293634106478361	0.1267905335653825	0.01000010207374222	0.01000005164804789	0.279223979409577	0.3134639568539869	0.01013804325284001	0.01000001345318056	0.01100111323552442	0.01000000260040494	0.1645064025239499	0.1518683761457153	0.09910455902895532	0.01002271613456408	0.0100018867011059	0.1077209746270983	0.02217559288220454	0.03250435707094752	0.08659464792880926	0.01000001092449561	0.1329442518576668	0.01000014973053206	0.01000000190625303	0.2878970853236227	0.3301934500706797	0.009999993959575897	0.009999993183873134	0.01000007705244094	0.01000000465839608	0.138616870593894	0.1299409592519742	0.1191268478895388	0.01000001187869554	0.01000000271027395	0.1092996762589658
0.1978269894406642	-0.42978855783416	1.566609881694132	0.8942734766273953	0.7928703300146289	0.3162648727333958	0.308317402029624	-1.142072730030919	-0.1499691513819277	0.07629624334098375	0.1049068139733312	-1.712088799142607	1.830709317571049	-0.05931516490336658	4.388941475694125	0.04721852868831261	1.762112486789933	1.850874096856696	-0.4541340626748046	2.327250867524431	-1.469218927103424	0.06674082423513544	0.09072805540972222	0.01235089619076073	0.1277435834906307	0.01000011295680862	0.01000004173928886	0.2804408455473526	0.3156870239058776	0.01011035587629616	0.0100000093905788	0.01080070982048524	0.01000000311044521	0.1601357211642386	0.1481313912692832	0.1027009497500341	0.01001816139561204	0.01000150876073897	0.107999967819277	0.02230841238803983	0.02225870602350203	0.08630784709986726	0.0100000106858557	0.1325059155009995	0.0100001624834209	0.01000000258573426	0.2888561034912268	0.3312863430290939	0.009999993828926421	0.009999993220806875	0.01000007069286576	0.01000000559560965	0.1331324657792137	0.1256967545455174	0.1218279080921714	0.01000001161054869	0.01000000294742029	0.1095018613880478
0.2010700548413308	-0.4356070552955534	1.572545893078724	0.8940628211142211	0.8071759227249909	0.3167387961086982	0.314362542248756	-1.135464332149346	-0.1515010390027049	0.08367278356016054	0.1000281957589867	-1.876520914915364	1.83007687081462	-0.07060769145259674	4.432304998281013	0.2454273364665043	1.966516270457562	2.226035835017489	-0.4906011814564909	2.222412936317037	-1.540039900445624	0.05781934041194775	0.08994823306456791	0.01188196637579546	0.1284714142441112	0.01000012421626587	0.01000003396191629	0.2816220001649311	0.317760441545572	0.01008823888405743	0.01000000615320341	0.01064048928558878	0.01000000370647438	0.1555666091110916	0.1442944383054516	0.1061258325529542	0.01001452337954239	0.01000120694602391	0.1082660732166698	0.02244123189387512	0.01201305497605654	0.08602104627092527	0.01000001044721578	0.1320675791443322	0.01000017523630973	0.0100000032652155	0.2898151216588307	0.3323792359875081	0.009999993698276942	0.009999993257740616	0.01000006433329059	0.01000000653282321	0.1276480609645333	0.1214525498390606	0.124528968294804	0.01000001134240185	0.01000000318456664	0.1097040465171298
0.2043131202419974	-0.4419638315840561	1.578480187554444	0.8938152951119651	0.8216140529841508	0.3178612582806697	0.321078258291933	-1.127624636672672	-0.1531518134017712	0.09071282197379019	0.09491410119042899	-2.043542363117953	1.829662193659271	-0.08202558804167544	4.470084591219653	0.4465785271830846	2.17506419388844	2.61018836923863	-0.5274172204767147	2.119506267756366	-1.614277522070731	0.04945068464664793	0.08929287874128042	0.01150590791444748	0.1290272248470886	0.01000013492514373	0.01000002789060146	0.2827966224694732	0.3196848673911931	0.01007053842304688	0.01000000358837064	0.01051218084892322	0.01000000441122031	0.1507859292359198	0.1403671112857328	0.1093705204905751	0.01001161203192217	0.01000096548177142	0.1085205986228688	0.02258086044920653	0.01183373376776223	0.08620504159540478	0.01000001031043384	0.1318142944144048	0.01000017980089972	0.01000000410496461	0.2911317922128815	0.3331689630922071	0.0099999935778414	0.009999993472417527	0.010000059434069	0.01000000786123581	0.1216554040378377	0.1171515073944611	0.1267462001217606	0.01000001104677082	0.01000000351151561	0.1098956037536964
0.207556185642664	-0.4488606763782127	1.584413689757109	0.8935308970148326	0.8361590183615096	0.3196339547086818	0.3284702615556614	-1.118524708101035	-0.1549218389981892	0.09742228067834502	0.08955484348333578	-2.209581423442871	1.829588275635978	-0.09334673018643325	4.498190267372124	0.6464271165069646	2.383582926311123	3.003222193802384	-0.5641434524907283	2.018544269956285	-1.691232126509093	0.04246654901558423	0.08878082565187366	0.01120499828320794	0.1294526521962154	0.01000014439719178	0.01000002321046681	0.2839887144364047	0.3214607106535829	0.01005639977503756	0.01000000158304635	0.01040963540132773	0.01000000524150877	0.1457827834950767	0.1363572775121706	0.1124278702152781	0.01000928663887295	0.01000077268926942	0.1087645658950821	0.02272048900453794	0.01165441255946792	0.0863890369198843	0.01000001017365189	0.1315610096844774	0.01000018436548971	0.01000000494471373	0.2924484627669323	0.333958690196906	0.00999999345740586	0.009999993687094439	0.01000005453484742	0.01000000918964841	0.115662747111142	0.1128504649498615	0.1289634319487173	0.01000001075113979	0.01000000383846458	0.110087160990263
0.2107992510433307	-0.4562892750301735	1.590347694714435	0.8932102671113838	0.850773560132688	0.3220465183600538	0.3365324780298874	-1.108135823216655	-0.1568098806636486	0.1038080307909749	0.08394210552225939	-2.369585076003171	1.830047105153793	-0.1042522406838447	4.510868875589716	0.8389577717817581	2.586179650804538	3.405006020180909	-0.5999051559269457	1.920288912915075	-1.770415879287971	0.03721395527814038	0.08843370828248548	0.01096386923618421	0.1298456458178713	0.01000015219320368	0.0100000196058322	0.2851978042034476	0.3231133826301636	0.01004508487433682	0.01000000003844527	0.01032753614317889	0.01000000622245288	0.1405819512602137	0.1322873954796755	0.1152829700532081	0.01000742569392069	0.01000061849306248	0.1090509509991463	0.02268594336152994	0.01712199574347233	0.0870999490252565	0.0100000099732781	0.1322350799473584	0.01000018222005852	0.01000000552193319	0.2937939589490119	0.3348292242422174	0.009999993347055154	0.009999994067955922	0.01000005078594924	0.0100000110113744	0.1096010120318316	0.1086811047666334	0.1305917709669312	0.01000001025059732	0.01000000432537102	0.1108803844019525
0.2140423164439973	-0.4642167933943658	1.596284468589443	0.8928555701880834	0.8653928728285966	0.3250596906234782	0.3452302252759841	-1.096430326809872	-0.1588109071799926	0.1098823125220076	0.07806994460822728	-2.517265451084516	1.831295868512126	-0.1143558777894969	4.501132498906087	1.016822737762938	2.775515060459425	3.815177156057293	-0.6338212645454473	1.826461568433484	-1.851218387027798	0.03394471560111482	0.0882681931710767	0.01077105223423184	0.1302834674288114	0.01000015798802811	0.01000001684299465	0.2864235041114981	0.3246638050050146	0.01003604711381713	0.009999998881435107	0.01026193621962709	0.01000000737264428	0.1352037963452574	0.1281758262178631	0.1179238205736022	0.0100059392383647	0.01000049543409573	0.1094212330789032	0.02265139771852194	0.02258957892747675	0.08781086113062869	0.01000000977290432	0.1329091502102394	0.01000018007462734	0.01000000609915264	0.2951394551310916	0.3356997582875288	0.009999993236704452	0.009999994448817403	0.01000004703705106	0.0100000128331004	0.1035392769525213	0.1045117445834053	0.1322201099851451	0.01000000975005484	0.01000000481227745	0.111673607813642
0.2172853818446639	-0.4725963527256961	1.602226860113702	0.892469826032027	0.8799366629395088	0.3286178799784616	0.3545124198319878	-1.083381505266297	-0.160917977793912	0.1156608854250835	0.07193373842220623	-2.646771607124968	1.833578972487401	-0.1233110808539817	4.462632366608593	1.173294730480253	2.944745610272833	4.233213673755547	-0.6651868675902789	1.737884286276923	-1.933081176760431	0.03230708795049612	0.08829764963160289	0.01061661797975425	0.1308436394913554	0.01000016168712973	0.01000001469670025	0.2876903864382566	0.3261132619025376	0.01002881452293003	0.009999998040141716	0.01020942484055485	0.01000000873099444	0.1296634775033429	0.1240426988909136	0.1203407982303667	0.01000474963195607	0.01000039713630149	0.109843897729722	0.02269623060360296	0.02793760558310792	0.08903399016363306	0.01000000950046629	0.1346185790557489	0.01000017301497843	0.01000000618728189	0.2968837309992555	0.3363785401625264	0.009999993135572132	0.009999994911599383	0.01000004415166247	0.01000001536864145	0.0973688988257425	0.1005148013555969	0.1332683147240901	0.01000000929922867	0.01000000607303008	0.1122653686342735
0.2205284472453305	-0.4813604827372379	1.608178593131716	0.8920571960317336	0.8943030810236239	0.3326424646650296	0.3643038111856158	-1.068965519723166	-0.1631226504136963	0.121158979143614	0.06553109002854349	-2.754430375383153	1.83705677222964	-0.1309363909189769	4.391747084170216	1.304448964105896	3.089536971591798	4.658307855406265	-0.694012468760413	1.653489919791076	-2.015533425127091	0.03200291975760508	0.08853220783863693	0.01049317791804456	0.1315872745123376	0.01000016322052242	0.01000001300018996	0.2890186808899545	0.3274627543824552	0.01002303761048965	0.009999997461355535	0.010167472535638	0.01000001032631016	0.1239734811283969	0.1199044297470557	0.1225258939435925	0.01000379939413603	0.01000031887936196	0.1102942640182095	0.02274106348868399	0.0332856322387391	0.09025711919663743	0.01000000922802825	0.1363280079012582	0.01000016595532952	0.01000000627541115	0.2986280068674194	0.337057322037524	0.009999993034439813	0.009999995374381364	0.01000004126627389	0.0100000179041825	0.09119852069896374	0.09651785812778842	0.1343165194630352	0.0100000088484025	0.01000000733378271	0.112857129454905
0.2237715126459971	-0.4904347968751831	1.614143699848861	0.8916221552627148	0.9083837279732039	0.3370476697669267	0.3745209605019351	-1.053160413707858	-0.1654169672661433	0.1263888986905107	0.05886083420513417	-2.837029223537705	1.841876969735563	-0.1370898512611794	4.285454624275326	1.406972146461857	3.206090073689467	5.089557613113924	-0.720598871532407	1.57213225448755	-2.097849887544359	0.03300684009494443	0.08897745391916244	0.01039434165750103	0.13255390912947	0.0100001625577581	0.01000001162116652	0.2903977604177045	0.3287189273736115	0.01001841462085934	0.009999997098404089	0.01013389414627651	0.01000001225255633	0.1180995492469633	0.1157631274677784	0.1244677766154117	0.01000303889120497	0.01000025651735146	0.1107509089638102	0.02274653828033308	0.04098235333677673	0.09195612990935241	0.01000000896867403	0.1388947769160189	0.0100001542705744	0.01000000598703662	0.3003405247214957	0.3376327303688054	0.009999992939661858	0.009999995911999021	0.01000003904871664	0.01000002181999216	0.08437456700448395	0.09253917517870383	0.1347318984593118	0.01000000837266775	0.01000000868662849	0.1132524268629927
0.2270145780466638	-0.4997315071465074	1.620126866668556	0.891169723136	0.9220579777332901	0.3417340816157357	0.3850645939923525	-1.035948476922526	-0.167794635726838	0.1313581637331721	0.05192524234498117	-2.891582178366308	1.848194446198384	-0.1416616496199222	4.141121741031643	1.477869300913144	3.290879919597181	5.525901071246397	-0.7454154459324429	1.492744161093653	-2.179166287120345	0.03528567947800741	0.08963744009776362	0.01031536274443992	0.1337744655109239	0.01000015967629553	0.01000001046168816	0.2918188813801729	0.3298872397397436	0.01001472212529956	0.009999996916735015	0.01010707015909317	0.01000001457929661	0.1120134685478561	0.1116205080344471	0.1261570556610233	0.01000243137763327	0.01000020698097029	0.111197067113256	0.02275201307198216	0.04867907443481437	0.0936551406220674	0.0100000087093198	0.1414615459307796	0.01000014258581927	0.01000000569866209	0.302053042575572	0.3382081387000869	0.009999992844883905	0.009999996449616678	0.01000003683115939	0.01000002573580182	0.07755061331000415	0.08856049222961924	0.1351472774555885	0.010000007896933	0.01000001003947426	0.1136477242710803
0.2302576434473304	-0.5091566609199419	1.62613311317789	0.890705125816866	0.9351999059640871	0.3465961792279588	0.3958281623824567	-1.017314403369689	-0.1702504163251314	0.1360727912900551	0.044728379701492	-2.91584183023701	1.856139176185485	-0.1445992015442256	3.95698099638012	1.515046351452878	3.34124679407459	5.966200055759276	-0.7690427648832142	1.415652308880374	-2.258758556853957	0.03844966314907174	0.09051725885784337	0.01025213860957454	0.1352962959405552	0.010000154887783	0.01000000943936899	0.2932832428969016	0.3309683968183992	0.01001176721883614	0.009999996891546221	0.01008560182350287	0.01000001746100935	0.1056912433809107	0.1074748465972024	0.1275893943395419	0.01000194510377618	0.01000016740011661	0.111770723620054	0.02260621669724434	0.05509822357638201	0.09584978187867289	0.01000000833886372	0.145134012587308	0.01000012946966944	0.01000000505472558	0.3038701181263109	0.3386142886208298	0.009999992760986336	0.00999999711057087	0.010000035193588	0.01000003194261926	0.07010587940265978	0.08456130612687626	0.1349774392554547	0.01000000715058653	0.01000000935999113	0.1156513290146515
0.233500708847997	-0.5186111352986648	1.632167834519979	0.8902334977536427	0.947681114729108	0.3515249223715946	0.4066989255341648	-0.9972479460941859	-0.1727825993465221	0.140545999477037	0.03727712844374766	-2.909664209810699	1.865754889320045	-0.145997512895479	3.733655727140133	1.518969632363896	3.356986980875181	6.409252805326554	-0.7925328571684299	1.343860718854334	-2.336047868856096	0.04220597093929931	0.09162058660390437	0.01020162567162438	0.1371562288283504	0.01000014842293864	0.01000000849321745	0.2947918401941803	0.3319629466318476	0.01000940707688088	0.009999997004476331	0.0100684528833434	0.0100000210120573	0.09911304170757597	0.103324747229974	0.1287608282531725	0.01000155656449767	0.01000013565000674	0.1125797798661152	0.02246042032250651	0.06151737271794964	0.09804442313527841	0.01000000796840765	0.1488064792438364	0.0100001163535196	0.01000000441078907	0.3056871936770498	0.3390204385415728	0.009999992677088766	0.009999997771525063	0.01000003355601662	0.01000003814943669	0.06266114549531543	0.08056212002413328	0.1348076010553209	0.01000000640424007	0.01000000868050799	0.1176549337582227
0.2367437742486636	-0.5279966354260693	1.638236471954158	0.8897596898839137	0.9593758732523819	0.3564136708592454	0.4175650312084561	-0.9757414658122278	-0.1753920450025377	0.1447975608479301	0.02957950935200543	-2.873767196345123	1.877045065444303	-0.1460061170128679	3.47277512994298	1.491150013825391	3.338900180989837	6.853883266653012	-0.8171514366502101	1.279048668511335	-2.410568608585542	0.04626370916016798	0.09294888781545142	0.01016119433056936	0.1393939808130459	0.01000014079068233	0.01000000758664175	0.2963514730850197	0.3329007914479992	0.01000751838900114	0.009999997247591407	0.01005472846131156	0.01000002570157532	0.09212536008383217	0.09916546602710136	0.1296668964963151	0.01000124551797461	0.01000011012045504	0.1135758060808783	0.02236663915203548	0.06623302860489001	0.1007176286351734	0.01000000743525863	0.1536801116189249	0.01000010479349172	0.01000000356624273	0.3076975661135517	0.3397124118685991	0.009999992604377462	0.009999998632190402	0.01000003239650148	0.01000005021996091	0.0530554966823205	0.07650228816148	0.1340417212018283	0.01000000588131259	0.0100000081314615	0.1195665181686515
0.2399868396493303	-0.5372208572987615	1.644344334667519	0.8892877407216928	0.9701688075235713	0.3611657522085768	0.4283214461072137	-0.9527922484601682	-0.1780855907041059	0.1488483643269617	0.02164516617901441	-2.810203832154304	1.889945137953544	-0.1448512470682477	3.17750027496462	1.434686942080924	3.289340626560824	7.298989453787531	-0.8443973958975215	1.220053229992452	-2.482035724071754	0.05041015505525726	0.09450306582539672	0.01012889523513819	0.1420401249806739	0.01000013236777549	0.01000000669255246	0.2979677644236322	0.3338067562414322	0.01000600986083094	0.009999997615017828	0.01004376576341644	0.01000003187687132	0.08460119888791041	0.09499317711618976	0.1303035516323962	0.01000099697871523	0.01000008961941495	0.1147207950812409	0.02227285798156444	0.07094868449183038	0.1033908341350684	0.01000000690210961	0.1585537439940135	0.01000009323346384	0.01000000272169638	0.3097079385500536	0.3404043851956255	0.009999992531666156	0.009999999492855743	0.01000003123698633	0.01000006229048513	0.04344984786932557	0.0724424562988267	0.1332758413483357	0.0100000053583851	0.01000000758241501	0.1214781025790804
0.2432299050499969	-0.5461965389353696	1.650496560501803	0.8888211665234851	0.9799520515747587	0.3656919122322402	0.4388689313399076	-0.9283999132772495	-0.1808734829602585	0.1527157412502974	0.01348451824517077	-2.721210195821056	1.904378646095878	-0.1427650794313586	2.851160088640488	1.352877736413665	3.210881095872271	7.743528515956379	-0.8758352104354001	1.16538967461977	-2.54998384347183	0.05453376896565178	0.09627146320175156	0.0101030446424667	0.1450990222783298	0.01000012352505776	0.01000000580618824	0.2995951352079482	0.3346549221670971	0.01000480267161371	0.009999998120283305	0.01003499247420564	0.01000003948045358	0.07597508231664508	0.09078938600571461	0.1306725088344426	0.01000079800403983	0.01000007318666234	0.1159700197607333	0.02218992519171251	0.07468157715346437	0.1064031994058217	0.01000000628673024	0.1643587397273848	0.01000008366906843	0.01000000185619816	0.3111509427153891	0.340629492609985	0.00999999246121454	0.01000000073262526	0.0100000304905975	0.01000007677802982	0.02672519700410017	0.06815087589343394	0.1319801812016101	0.01000000501010362	0.01000000782855029	0.1231659470211763
0.2464729704506635	-0.5548457309232823	1.656697960690093	0.8883625274210306	0.9886315082664432	0.3699165631936234	0.4491189882824402	-0.9025683112421456	-0.1837724571076386	0.1564100211961745	0.00510989205131361	-2.608857508027766	1.920270985835224	-0.1399576696870532	2.496794076917638	1.248746157645482	3.105916456291414	8.186586017119591	-0.9129016519467964	1.113304240366168	-2.613996220110061	0.05855277047788993	0.09824495305763009	0.01008239497991204	0.1485735443770297	0.01000011453706758	0.01000000492402423	0.3011959823684467	0.3354237081128675	0.01000383846677432	0.009999998773402612	0.01002798477600901	0.01000004846976009	0.06577145124925052	0.08653921359956022	0.1307746226920813	0.01000063901221781	0.01000006011132788	0.1172885638574131	0.02210699240186059	0.07841446981509834	0.1094155646765749	0.01000000567135086	0.1701637354607561	0.01000007410467302	0.01000000099069992	0.3125939468807246	0.3408546000243445	0.009999992390762921	0.01000000197239477	0.01000002974420866	0.0100000912655745	0.01000054613887477	0.06385929548804115	0.1306845210548845	0.01000000466182215	0.01000000807468557	0.1248537914632722
0.2497160358513302	-0.5630949277946139	1.662953184024787	0.8879139369844303	0.9961195512280574	0.3737705731056792	0.4589882643223123	-0.8753032074497061	-0.1868022627048165	0.1599381624351816	-0.003465773889165592	-2.475438166225151	1.9375300220053	-0.1366490387701041	2.117704981274022	1.125564187313645	2.977095333544172	8.627150886032508	-0.9570209517279279	1.062929280419732	-2.673952760323751	0.06243049235042115	0.1004121623995687	0.01006586884583119	0.1524609631034086	0.01000010559059831	0.01000000404837216	0.302789422030308	0.3361234111814504	0.0100030668660961	0.009999999623891354	0.01002237673355202	0.01000189589848244	0.05574955256666719	0.08221296714789252	0.1306098040973795	0.01000051174052821	0.01000004972594219	0.1187444159510154	0.02199411966570478	0.08151252158345976	0.1127312303520422	0.01000000501592577	0.1768460471125176	0.01000006605144505	0.01000000015589952	0.3142696775136969	0.3410782294628611	0.009999992325853097	0.0100000039854743	0.01000002942209841	0.01001782780535402	0.01000033586703643	0.05915582885647156	0.1288509989736598	0.01000000458069047	0.0100000085975834	0.1274976153218258
0.2529591012519968	-0.5708823659505744	1.669266342447897	0.8874764583364827	1.002345292401732	0.3772011675502809	0.468406923999251	-0.8466158005105204	-0.1899891603869507	0.1633070898562077	-0.01222938030729848	-2.324090685175592	1.955999582856183	-0.133105024260823	1.718331954322203	0.9876256343435291	2.828021127583961	9.063721055108783	-1.009780416669635	1.015117001793066	-2.729899203628777	0.06613938335801003	0.1027642794158066	0.01005266818464958	0.1567587920006369	0.01000009682393601	0.01000000318094342	0.3043912301800348	0.3367625844691587	0.01000245057136372	0.01000000070840671	0.01001789738872108	0.01000694194691942	0.04737486158713874	0.07778682435818177	0.1301775400030701	0.01000041007192414	0.01000004153636706	0.120390552423702	0.02188124692954898	0.08461057335182119	0.1160468960275095	0.01000000436050068	0.1835283587642791	0.01000005799821707	0.00999999932109912	0.3159454081466693	0.3413018589013778	0.009999992260943273	0.01000000599855384	0.01000002909998816	0.01003556434513354	0.0100001255951981	0.05445236222490198	0.1270174768924351	0.0100000044995588	0.01000000912048122	0.1301414391803793
0.2562021666526634	-0.5781527005601113	1.675641225036998	0.8870506119299006	1.007246910981317	0.3801643247895294	0.4773125079137043	-0.8165204603819619	-0.1933625702992161	0.1665289287618671	-0.02116800929113854	-2.156246478107229	1.97562000317417	-0.1294690059538809	1.300819450441487	0.8370225910855098	2.660360037243335	9.495397321801425	-1.072109737656852	0.9715102237426146	-2.781946081539407	0.06949574492780773	0.105287278148911	0.01004210386778094	0.1614601356181637	0.01000008841017305	0.01000000232817663	0.3059703740947375	0.3373359226843008	0.01000195738096591	0.01000000213245423	0.01001431280085776	0.01349104589916566	0.04042231764253577	0.07322398456447932	0.1294748395468222	0.0100003286934191	0.01000003511490023	0.1221509273583918	0.02160916431699217	0.08531883664936211	0.1195952040957822	0.01000000364873861	0.1910406144267958	0.01000005197416339	0.00999999856484881	0.3171699567846428	0.3413203259613904	0.009999992198917017	0.01000000949733936	0.01000002923812088	0.0436141037000346	0.01000009446576941	0.04917311879354015	0.1246181994270743	0.0100000043780155	0.01000000990960149	0.1322712079091077
0.25944523205333	-0.5848467770836971	1.682081940741935	0.8866370015505165	1.010758714107604	0.3826124836582684	0.48563838964341	-0.7850319026355875	-0.1969527765833756	0.1696066006586588	-0.0302694800192156	-1.968712045006465	1.996598897212093	-0.1255590603729058	0.861232092512998	0.6700258902936088	2.470518510011374	9.922919033337706	-1.143478843999673	0.9262091378539951	-2.830323786102393	0.07236125774295141	0.1079703806559497	0.01003366554336808	0.1665594752498775	0.01000008047745244	0.01000000149483837	0.3075012544976922	0.3378389873513613	0.01000156345515781	0.01000000397414132	0.01001144975939866	0.02288533478426025	0.03468767593305951	0.06849496033344936	0.1284989203627339	0.01000026367171588	0.01000003014490696	0.1239662652910937	0.02133708170443537	0.08602709994690304	0.1231435121640548	0.01000000293697653	0.1985528700893126	0.01000004595010971	0.009999997808598496	0.3183945054226164	0.3413387930214031	0.009999992136890764	0.01000001299612488	0.01000002937625361	0.07719264305493566	0.01000006333634073	0.04389387536217833	0.1222189219617135	0.01000000425647219	0.01000001069872175	0.1344009766378361
0.2626882974539967	-0.5908974226475495	1.688593120322393	0.8862366953348351	1.0128049418546	0.384488661206107	0.4933089220118846	-0.752162891650442	-0.2007887090110942	0.1725327367972166	-0.03952212848312649	-1.759988968297624	2.019045476310253	-0.1213105442474816	0.397796761099477	0.4850771417561788	2.256834442070628	10.34631872798217	-1.224004641192422	0.8782653873720989	-2.875312997003435	0.07470721752392755	0.1107884508034961	0.01002691255960294	0.1720262044750254	0.01000007305229864	0.01000000068779252	0.3089860644183766	0.3382853982208343	0.01000124821214927	0.01000000650872838	0.0100091587254934	0.03420416160439643	0.02997974834936231	0.06351388454865166	0.1272505735790752	0.01000021161254898	0.01000002634753715	0.1258012279780142	0.02125507656390221	0.08533807729095874	0.1267419790956927	0.01000000226525644	0.2065751690301179	0.01000004114398203	0.009999997157410626	0.3195522568175693	0.3414270157352	0.009999992079061526	0.01000001998521139	0.01000003004272572	0.08541683008844458	0.01000004982918321	0.03740417889090038	0.119297471297657	0.01000000410908928	0.01000001170114363	0.1362197395689148
0.2659313628546633	-0.5962445559769651	1.695179010131604	0.8858501618092185	1.013320190771867	0.3857461966119542	0.5002566131490874	-0.7179314426312136	-0.204903908631742	0.1753026580824598	-0.04891604883461069	-1.534855710012202	2.042672731393472	-0.1170654357491051	-0.08292329172596255	0.2885089823246987	2.024741973329931	10.76313522743411	-1.315703056787192	0.829871362324524	-2.917446227577106	0.07650929456031882	0.1137222240510772	0.01002151862183107	0.1778366219013499	0.01000006615434812	0.00999999991212051	0.3104265909210664	0.338686486148784	0.01000099641476104	0.01000000993999501	0.01000732898476346	0.04467368337628991	0.02613513698413762	0.05821179611014066	0.1257300590078263	0.01000017000308648	0.01000002351635371	0.1276282789727842	0.02117307142336906	0.08464905463501445	0.1303404460273306	0.01000000159353635	0.2145974679709233	0.01000003633785434	0.009999996506222754	0.3207100082125223	0.3415152384489969	0.009999992021232284	0.01000002697429791	0.01000003070919783	0.0936410171219535	0.01000003632202569	0.03091448241962242	0.1163760206336005	0.01000000396170636	0.01000001270356552	0.1380385024999934
0.2691744282553299	-0.6008410026138319	1.701843057869296	0.8854769749242817	1.012256846383398	0.3863553470952588	0.506428604217666	-0.6823620363980883	-0.2093370044639155	0.1779100686475242	-0.05844255046541141	-1.298370490546921	2.067153329880808	-0.1131727049153548	-0.5737242752505938	0.08697367455839967	1.77995194630767	11.17037616610105	-1.420587233598642	0.7779384697570304	-2.95726141009759	0.07779767585017094	0.1167373554886723	0.01001720201350828	0.1839339087462631	0.01000005977717293	0.009999999175422247	0.3117676073685615	0.3390205396392551	0.01000079490740734	0.0100000172919588	0.0100058649609254	0.05456413418749832	0.0230047773885546	0.05226490922930556	0.1239405961339701	0.01000013663437098	0.01000002137296132	0.129537545939374	0.02120972572867532	0.08313758285783532	0.1337820568478426	0.01000000104884215	0.2226660364812937	0.01000003252413198	0.009999995991087512	0.3209377368234448	0.3411739923528522	0.009999991961141392	0.01000006492487613	0.0100000320047756	0.102362629647121	0.01000002898891163	0.02045792641839362	0.1129728651722992	0.01000000340722132	0.01000001295310113	0.1409352749009257
0.2724174936559965	-0.6046568459864482	1.708587515468991	0.8851155016858721	1.009593215623071	0.3863091469344324	0.5117913924405004	-0.6454929228194248	-0.2141335766484672	0.1803472913667164	-0.06809534878996681	-1.0534572996683	2.092261532153537	-0.1098416242752968	-1.069820670685986	-0.1156460766609579	1.525706187254535	11.56466537557497	-1.539859099043091	0.7249164354127136	-2.995333459383334	0.07859297718134189	0.1198074899504538	0.01001375414555248	0.1902741760903481	0.01000005391601434	0.009999998483324082	0.3129634064701575	0.3392694326304978	0.01000063395073803	0.01000003080334706	0.01000469589391977	0.06405235258162521	0.02046692230520705	0.04541082536015308	0.1218844352332247	0.01000010987107516	0.01000001971125958	0.1315993925274195	0.02124638003398158	0.08162611108065619	0.1372236676683546	0.01000000050414795	0.230734604991664	0.01000002871040963	0.009999995475952267	0.3211654654343674	0.3408327462567076	0.009999991901050498	0.01000010287545435	0.01000003330035338	0.1110842421722885	0.01000002165579756	0.01000137041716481	0.1095697097109979	0.01000000285273627	0.01000001320263674	0.1438320473018579
0.2756605590566631	-0.6076643236300725	1.715414366281901	0.8847638934993364	1.005313571626705	0.3856037200979462	0.5163136868446222	-0.6073712358349469	-0.2193403568856974	0.182616641459657	-0.07786933302911031	-0.7954626375904296	2.118166881761786	-0.1068509010846025	-1.573918599635773	-0.3248546471054558	1.256503479406156	11.9385821144146	-1.672582179260701	0.6778352680167027	-3.031835657260792	0.07904616040841485	0.1228930585855998	0.01001099492939706	0.1967634890308445	0.01000004851213799	0.009999997837986965	0.3140396342527017	0.3394253500296007	0.01000050513624216	0.0146746404677755	0.01000376072301809	0.07307095400305921	0.01841252675578455	0.03879879922010664	0.1195705456211018	0.01000008835847302	0.01000001838834012	0.1338370911917114	0.0212865110821459	0.08078109232464072	0.1403095308675637	0.01000000012375511	0.2381124255012555	0.01000002536219856	0.009999995070860693	0.3214849323409352	0.3401985281226562	0.009999991837543019	0.05514240838714524	0.01000003551746272	0.1179770401831745	0.01000001703678401	0.01000083899073203	0.1057730498187682	0.01000000244208049	0.01000001303713283	0.1473368458451055
0.2789036244573298	-0.609778746681129	1.722328209093827	0.8844233894481492	0.999355510988701	0.38416665923523	0.5198978365584253	-0.5680993281044936	-0.2249913568118501	0.1847648502370025	-0.08775730172926961	-0.5027101008422091	2.145909539988203	-0.1029936986414108	-2.104901024741221	-0.5668451341840496	0.9471519033553376	12.27400706553566	-1.813809595925767	0.6502085275307043	-3.065627731611231	0.07927215436078512	0.1259635777769858	0.01000879103043919	0.2033289529763732	0.01000004352206192	0.009999997241010684	0.3150174191181107	0.3394817383192025	0.01000040223894159	0.02723314253455482	0.01000301424260312	0.08156738406916002	0.01675537635751572	0.0333530517950691	0.1170058533636646	0.01000007109363909	0.01000001729840564	0.1362687764583394	0.02132664213031022	0.07993607356862524	0.1433953940667728	0.009999999743362277	0.245490246010847	0.01000002201398749	0.009999994665769122	0.3218043992475029	0.3395643099886047	0.009999991774035544	0.1002847138988361	0.01000003773457206	0.1248698381940605	0.01000001241777046	0.01000030756429925	0.1019763899265386	0.01000000203142471	0.01000001287162891	0.1508416443883532
0.2821466898579964	-0.6108652469012769	1.729336037969225	0.8840980516797484	0.991613298752165	0.3818652601651957	0.5223878305210522	-0.5278222496238599	-0.2311098435667205	0.1868647571904438	-0.09774918328354038	-0.1597059213838233	2.176168900150826	-0.09737280682695688	-2.675095964119858	-0.8598651166241988	0.5795114196664292	12.55523507482445	-1.96085322244599	0.647882424141159	-3.096106829837338	0.07940294247397371	0.1289706578302876	0.01000702733167238	0.2098578162144828	0.01000003890836134	0.009999996692328528	0.315829556787301	0.3394280150492615	0.01000031988442082	0.04374246560607708	0.01000241752104487	0.08966468165922635	0.01541922022612414	0.02888781637243647	0.1141986566133518	0.0100000572447671	0.01000001636316093	0.1389131239486278	0.02117433202204442	0.08010473498430348	0.1458604917529928	0.009999999525585671	0.251509647654027	0.01000001913239688	0.009999994356755826	0.3208978064500007	0.3385657514271549	0.009999991705816634	0.1264265392053147	0.01000004180516488	0.1317960349634416	0.01000000933484163	0.0100002331871992	0.09781559444608409	0.01000000209312042	0.01000001241689958	0.1549916598210895
0.2853897552586631	-0.6107651362608469	1.736445375820828	0.8837935643975212	0.9819696519051547	0.3785412285941311	0.5235987855788427	-0.4867270328701069	-0.2377187170446753	0.188987060274847	-0.1078373457178081	0.2290733903914488	2.208510174675464	-0.09013519374151147	-3.277516668029965	-1.197503091853931	0.1583679925541392	12.77855333402049	-2.116231325029865	0.664020232426022	-3.125004196878858	0.07954031292307613	0.1318767736881794	0.01000561860518621	0.216261804622679	0.01000003464333009	0.009999996191891109	0.3164202305854064	0.3392553010689411	0.01000025409390552	0.06147948044628714	0.01000194173607575	0.09744796747292687	0.01434510850757519	0.02524540315407764	0.1111554221742937	0.0100000461960576	0.01000001552464285	0.1417846547491794	0.02102202191377861	0.08027339639998171	0.1483255894392128	0.009999999307809065	0.257529049297207	0.01000001625080627	0.009999994047742532	0.3199912136524984	0.3375671928657051	0.009999991637597721	0.1525683645117933	0.0100000458757577	0.1387222317328228	0.01000000625191279	0.01000015881009914	0.09365479896562959	0.01000000215481613	0.01000001196217025	0.1591416752538259
0.2886328206593297	-0.6093382277697857	1.74366231324811	0.8835148415344806	0.9703305050902072	0.374060873800972	0.5233663063792997	-0.4450022997466023	-0.2448482066699932	0.1911853026546573	-0.1180194214254659	0.6550315748963297	2.242264484560665	-0.08163270830404032	-3.901727268105455	-1.568519244805008	-0.3067528822373932	12.94384624355636	-2.282879221924563	0.6927967365684331	-3.155172129731598	0.07942068390149827	0.1346093697204871	0.01000449125282714	0.2224989717975042	0.01000003076698514	0.009999995738215714	0.3167866877822749	0.3389355809498943	0.01000020143238067	0.07904331766139515	0.01000156235073133	0.1048979791264582	0.01348134229806871	0.02228231842508114	0.1078553602833248	0.01000003740253224	0.01000001470586314	0.1449906408471453	0.02020930070416859	0.07751318094293476	0.1496818307864819	0.00999999909870198	0.2626704795424239	0.01000001445253769	0.009999993820917187	0.3185931355961139	0.3358948816877827	0.009999991564895344	0.1669829152266889	0.01000005514325187	0.1446239045185534	0.01000000426430775	0.01000012900909213	0.08882158326093836	0.01000000256025129	0.01000001095830498	0.1651165537983123
0.2918758860599963	-0.6064897293045923	1.750989553456815	0.8832648663457874	0.9566536105290105	0.3683482441058009	0.5215766192560504	-0.4028316373726133	-0.2525410181970174	0.1934881533424478	-0.1283079471313526	1.105768614579975	2.276533953292908	-0.0724064890708965	-4.534196688094972	-1.957447619556433	-0.801962886693495	13.05355811832918	-2.463632214058152	0.7285322263794948	-3.190651962366056	0.07883964788196314	0.1371117292566899	0.01000359078669407	0.2285357959764537	0.01000002730895168	0.009999995330204662	0.3169264432201422	0.3384453666147604	0.01000015935684676	0.09551404394152084	0.0100012611996801	0.1119982080932336	0.01278855094052061	0.0198819453844528	0.1042815547829465	0.01000003046073492	0.01000001384982621	0.1486144832275131	0.01939657949455858	0.07475296548588778	0.151038072133751	0.009999998889594894	0.2678119097876409	0.01000001265426912	0.009999993594091844	0.3171950575397295	0.3342225705098603	0.009999991492192968	0.1813974659415845	0.01000006441074604	0.1505255773042841	0.01000000227670271	0.01000009920808513	0.08398836755624714	0.01000000296568646	0.01000000995443972	0.1710914323427986
0.2951189514606629	-0.6021528987749614	1.758427783784885	0.8830453889529153	0.9409265693159666	0.3613620420483823	0.5181474129981002	-0.3603909317840769	-0.260845561067584	0.1959112768996921	-0.1387248256409997	1.568224665384784	2.31037052133868	-0.06303442502271249	-5.160582227501109	-2.348265149892576	-1.312634529613834	13.10878876152717	-2.66082410642763	0.7611094913601215	-3.235978924262601	0.07669463899408542	0.1393114071163296	0.01000287015856762	0.2343073544853941	0.01000002428832911	0.009999994967238596	0.3167762571227783	0.3377553214612166	0.01000012567219862	0.110703349211294	0.01000102280998223	0.118771515204986	0.01223239764573061	0.01794003582600524	0.1003998974804553	0.01000002503171223	0.0100000130257657	0.1526081432720304	0.01881806197203823	0.05880446399539171	0.1510039318319982	0.009999998631203814	0.271575692340733	0.01000001187684644	0.009999993452621177	0.3143751469499728	0.3317555098678777	0.00999999141857217	0.1900969950587897	0.01000008090061666	0.1558310572324489	0.0100000009984971	0.01000008352503878	0.07827243171295359	0.01000000380520559	0.01000000954385255	0.1773826347042033
0.2983620168613296	-0.5963214709430298	1.765973259941125	0.8828554389068061	0.9232079599077635	0.3531344812022364	0.5130639696015667	-0.3178767372406926	-0.2698191938875837	0.1983943258580382	-0.1493133842092776	2.02748749324746	2.34267250735728	-0.05419696005213478	-5.762397756577175	-2.722994184494901	-1.822131729550047	13.09887879228121	-2.876260309302812	0.7654882503875634	-3.296527137389032	0.07210765042645755	0.1411510337809081	0.01000229453708422	0.23976138785846	0.010000021719257	0.009999994648858998	0.3162832319847645	0.3368407781640057	0.01000009875336393	0.1244541202424612	0.01000083572668339	0.1252328871603259	0.01178699280724747	0.01637445348935541	0.09618260469050335	0.01000002086453165	0.01000001228493636	0.1569340143511082	0.01823954444951788	0.04285596250489564	0.1509697915302453	0.009999998372812739	0.2753394748938251	0.01000001109942376	0.009999993311150509	0.311555236360216	0.3292884492258952	0.009999991344951369	0.1987965241759949	0.01000009739048728	0.1611365371606138	0.009999999720291485	0.01000006784199245	0.07255649586966002	0.01000000464472472	0.01000000913326537	0.1836738370656081
0.3016050822619961	-0.58902224003088	1.773619761691421	0.8826925373273798	0.9035991627984421	0.3437375967922686	0.506348370385295	-0.2755192655794469	-0.2795232207179982	0.2008071048628341	-0.1601285576338152	2.467989737708429	2.372260517461005	-0.04660107178977286	-6.318441530255981	-3.062834820936875	-2.313175284016217	13.00237220303177	-3.111893495498967	0.7082251348803442	-3.37757938276093	0.06542480792091959	0.1425321429688521	0.0100018338475996	0.2448407520287202	0.01000001967898922	0.009999994375070374	0.3154102105961076	0.3356428447484493	0.01000007719806934	0.1367531627389394	0.01000068969326627	0.1314256563259287	0.01142983848511401	0.0151126495022938	0.0915948106591445	0.0100000177404547	0.01000001164863097	0.1615858381074271	0.01746506496074986	0.02642802816202705	0.1489515545057301	0.009999998035450784	0.2775653451673965	0.01000001197025342	0.009999993258896256	0.3074873285513075	0.3254644014124777	0.0099999912773307	0.2031097582710663	0.01000011756318187	0.1662110393497252	0.009999998889445407	0.01000005776755728	0.0658598380946044	0.01000000589808844	0.01000000909451991	0.190628780760254
0.3048481476626628	-0.5803524370022946	1.781355717269538	0.8825509953582932	0.8823030063155105	0.33332842784695	0.4981006668147159	-0.2336754090155622	-0.2900271836527799	0.2028955484778024	-0.1712492400521	2.872719979774668	2.397838726205565	-0.04102447803687947	-6.802993097696085	-3.347270546621737	-2.766981225224928	12.78213211347846	-3.369581291397306	0.5654704588524747	-3.484934681660407	0.05689275888194087	0.1433758718555517	0.01000146582504558	0.2494986440837836	0.010000018224718	0.009999994145876059	0.314125733891318	0.3341119374821446	0.01000005996818935	0.1475643379233005	0.01000057711663171	0.1373811073097179	0.01114408143607065	0.01409866798147338	0.08660786890449769	0.01000001549754586	0.01000001113261293	0.1665587637455835	0.01669058547198185	0.01000009381915847	0.1469333174812149	0.009999997698088832	0.2797912154409679	0.01000001284108308	0.009999993206642006	0.3034194207423991	0.3216403535990602	0.009999991209710034	0.2074229923661378	0.01000013773587646	0.1712855415388365	0.009999998058599332	0.01000004769312211	0.05916318031954875	0.01000000715145215	0.01000000905577446	0.1975837244548999
0.3080912130633294	-0.5704478794490061	1.789166625409848	0.8824233557257393	0.859581933543129	0.3221106122314736	0.4884634838530687	-0.1927929677372006	-0.3014048430432554	0.204375505920523	-0.1827672264166081	3.224963206742812	2.418176715197927	-0.0382614435374181	-7.191163822930283	-3.556397323379274	-3.165050049380235	12.40370183481032	-3.650579271077056	0.3470009507283529	-3.624411880273875	0.04832616288828975	0.1435466120424943	0.0100011712566074	0.2536508006087789	0.01000001728203725	0.009999993969614977	0.3123752995804383	0.3321945314593334	0.01000004616884098	0.1569945231643969	0.01000049455987918	0.143105461727288	0.01091511047508187	0.01328347848121332	0.08096982202338178	0.01000001395943998	0.01000001066396074	0.1719184682053886	0.01575749320856616	0.01000005892092681	0.1421206525354352	0.009999997374496162	0.2798654239492669	0.01000001416622249	0.009999993324009349	0.2977173735765028	0.3163391416322956	0.009999991161329345	0.209065434860279	0.01000019167125081	0.1758698805846595	0.009999997646495241	0.01000004158967082	0.04896505792921291	0.01000000846602413	0.01000000855424038	0.2061142939063621
0.311334278463996	-0.5595027632930285	1.797034001278022	0.8822991263030225	0.8357765359931096	0.3103543392730219	0.477644539282183	-0.1533945282784006	-0.3137283603989888	0.2051448211736024	-0.194797855837975	3.514432972947392	2.432662401271839	-0.03892139998101608	-7.471696712105602	-3.679337450287274	-3.49577418077351	11.86694747410905	-3.952892355673015	0.1272170768687223	-3.801081902501297	0.04121099154825779	0.1429342105673168	0.01000093591859999	0.2572278343417709	0.01000001679586296	0.009999993852460559	0.310112639443972	0.3298452673209366	0.01000003513752815	0.1651032506353779	0.01000043947860544	0.1486024583627874	0.01073202638786485	0.01262980087083617	0.07447444229255509	0.01000001299557119	0.01000001018868952	0.1777160401921772	0.01482440094515047	0.01000002402269515	0.1373079875896555	0.009999997050903493	0.2799396324575659	0.0100000154913619	0.009999993441376694	0.2920153264106065	0.3110379296655311	0.009999991112948657	0.2107078773544202	0.01000024560662515	0.1804542196304825	0.009999997234391154	0.01000003548621952	0.03876693553887706	0.01000000978059611	0.0100000080527063	0.2146448633578242
0.3145773438646626	-0.5477284532829042	1.804938537086984	0.8821666146781022	0.8112400868051932	0.2983460883980246	0.4658712645312877	-0.1159700354603317	-0.3270626611156164	0.2052998797555206	-0.2074670843440092	3.735253315160675	2.441085339667795	-0.04347006604036701	-7.642131191507435	-3.711491647650329	-3.75229830429085	11.19263422587836	-4.271797251204296	-0.01956874035422968	-4.01999736496476	0.03533517208244453	0.1413507158638815	0.01000074748607507	0.2602000457020205	0.01094061770522515	0.009999993799381228	0.307260922569539	0.3269423244283453	0.01000002629490832	0.1720732100979756	0.01000042126935757	0.1538843936150472	0.01058539407996296	0.01210513975235793	0.06686373000014237	0.01000001231794534	0.01000000957269187	0.1839394642296343	0.01322108087888056	0.0100000141173803	0.1286112677826711	0.009999996306757856	0.2783272103119155	0.01907412388734151	0.009999993724880217	0.2841676387265715	0.3030292996257628	0.009999991012595088	0.2113942468006255	0.01000044512717624	0.1846586801982675	0.009999996686506052	0.01000002910676977	0.02438371611091224	0.01000000946579766	0.0100000062444025	0.2240267414753461
0.3178204092653293	-0.5353502482205306	1.812860822192936	0.8820128184428773	0.786324205542605	0.2863762382176499	0.4533877944810604	-0.08092814681992716	-0.34144500585124	0.2050958826267997	-0.2209237136827682	3.886855343533348	2.443608401303486	-0.05204762944474516	-7.705692655931866	-3.655655723345214	-3.933751965111776	10.39759432622058	-4.599221608801519	-0.09421275345562659	-4.286672376419001	0.03051158532357342	0.1386405182341411	0.01000059683462462	0.2625413283798586	0.01350730264377247	0.009999993814055181	0.3037546015812772	0.3233822617120899	0.01000001921208507	0.1780317314986821	0.01000044688854089	0.1589599009678745	0.01046819455264297	0.01168501904190406	0.0579191348406576	0.01000001171335587	0.01000000871668599	0.1905795206137411	0.01161776081261065	0.01000000421206544	0.1199145479756867	0.009999995562612215	0.2767147881662653	0.02814823228332111	0.009999994008383742	0.2763199510425365	0.2950206695859945	0.009999990912241519	0.2120806162468307	0.01000064464772733	0.1888631407660524	0.009999996138620947	0.01000002272732001	0.01000049668294742	0.01000000915099919	0.01000000443609869	0.233408619592868
0.3210634746659959	-0.5225922189888258	1.820781937016266	0.8818246075821337	0.7613718788480827	0.2747254003641324	0.440437334668365	-0.04864899276967344	-0.3568923568491656	0.2047160987822998	-0.2353300907226469	3.964116405874033	2.440121184330795	-0.0649018315800713	-7.656760640305104	-3.509824450677652	-4.034154683423217	9.47399539275761	-4.925104647512507	-0.1651902742044029	-4.609381705873123	0.02656721620213985	0.134530259386764	0.01000047638567012	0.2641853661755165	0.02531066671992093	0.009999994247427915	0.299425014756678	0.3189413207589773	0.01000001356827949	0.1832189017419312	0.01003869566916491	0.1638157720295861	0.01037435791353708	0.01134817869983148	0.04918194708722767	0.01000001209276178	0.01000000841042121	0.1975960393301344	0.009777683300529541	0.01000000561286241	0.1057550063709316	0.00999999728101353	0.2727998285664814	0.1154291325425993	0.009999997812435456	0.2647110044281906	0.2823505070307298	0.009999991237411068	0.2135266256565425	0.01036919279420308	0.1924204188827158	0.00999999855798475	0.01000003217475605	0.01000042121415436	0.01000001776892102	0.01000000976529864	0.2432278642261682
0.3243065400666625	-0.5097481579418373	1.828679816963061	0.8815861506156043	0.736827879783435	0.2637381674912011	0.4273426940458019	-0.0197054595448921	-0.3733765007062816	0.2038610503125	-0.2508962285766825	3.939911205666543	2.429279441718381	-0.08303442716254048	-7.453876809321788	-3.246410211176644	-4.022668340318736	8.340515351034572	-5.238612266093802	-0.3873086777343816	-5.001897431189066	0.02335736133695692	0.1287875363540129	0.01000038052864902	0.2650757820684931	0.05108040642335648	0.009999995359309868	0.2941278441449493	0.3134280337850517	0.01000000912601393	0.1878157915372239	0.01014341439825975	0.1684410321380932	0.01029937650567689	0.01107870340281312	0.04191984094632584	0.01000001413056026	0.01000000923856131	0.2049581370945587	0.007937605788448434	0.01000000701365938	0.09159546476617655	0.009999998999414844	0.2688848689666976	0.2027100328018774	0.01000000161648717	0.2531020578138447	0.2696803444754651	0.009999991562580619	0.2149726350662543	0.01073774094067882	0.1959776969993792	0.01000000097734855	0.01000004162219209	0.0100003457453613	0.01000002638684285	0.01000001509449859	0.2530471088594684
