inDegrees=no
num_controls=19
num_derivatives=0
num_input_controls=0
num_iterations=2000
num_multipliers=0
num_parameters=0
num_slacks=0
num_states=38
objective=3.599039
objective_effort=0.052641
objective_met=3.546397
solver_duration=2240.392987
status=Maximum_Iterations_Exceeded
success=false
DataType=double
version=3
OpenSimVersion=4.6-2026-06-22-85aaf64
endheader
time	/jointset/groundPelvis/pelvis_tilt/value	/jointset/groundPelvis/pelvis_tx/value	/jointset/groundPelvis/pelvis_ty/value	/jointset/hip_l/hip_flexion_l/value	/jointset/hip_r/hip_flexion_r/value	/jointset/lumbar/lumbar/value	/jointset/knee_l/knee_angle_l/value	/jointset/knee_r/knee_angle_r/value	/jointset/ankle_l/ankle_angle_l/value	/jointset/ankle_r/ankle_angle_r/value	/jointset/groundPelvis/pelvis_tilt/speed	/jointset/groundPelvis/pelvis_tx/speed	/jointset/groundPelvis/pelvis_ty/speed	/jointset/hip_l/hip_flexion_l/speed	/jointset/hip_r/hip_flexion_r/speed	/jointset/lumbar/lumbar/speed	/jointset/knee_l/knee_angle_l/speed	/jointset/knee_r/knee_angle_r/speed	/jointset/ankle_l/ankle_angle_l/speed	/jointset/ankle_r/ankle_angle_r/speed	/hamstrings_r/activation	/bifemsh_r/activation	/glut_max_r/activation	/iliopsoas_r/activation	/rect_fem_r/activation	/vasti_r/activation	/gastroc_r/activation	/soleus_r/activation	/tib_ant_r/activation	/hamstrings_l/activation	/bifemsh_l/activation	/glut_max_l/activation	/iliopsoas_l/activation	/rect_fem_l/activation	/vasti_l/activation	/gastroc_l/activation	/soleus_l/activation	/tib_ant_l/activation	/lumbarAct	/hamstrings_r	/bifemsh_r	/glut_max_r	/iliopsoas_r	/rect_fem_r	/vasti_r	/gastroc_r	/soleus_r	/tib_ant_r	/hamstrings_l	/bifemsh_l	/glut_max_l	/iliopsoas_l	/rect_fem_l	/vasti_l	/gastroc_l	/soleus_l	/tib_ant_l
0	-0.4899404924090835	1.0600705273273	0.9058213646758893	0.2157102015132088	0.9446291882361252	0.3891040381946294	-0.3343159249875709	-0.5925385328556589	-0.5298647410789141	-0.01224821569608068	-0.9386919374610309	3.09698246389269	-0.1123033668473002	1.008948805664323	-1.371541089579734	1.396390779057923	-2.949679377390201	9.819536312300215	0.915970596618898	0.6217264885642334	0.02658854121627051	0.01003572584950862	0.5072487702447144	0.01000450065998085	0.01000097679873919	0.01000054725836982	0.01000010056400677	0.01000017414002112	0.06924582051098077	0.01016078961242653	0.01000554113872268	0.01000917589434526	0.3854152972255816	0.2173679082019013	0.01084739068788094	0.1494822022038555	0.06595902742924918	0.09773776036235252	0.1584784436867339	0.2462067027896443	0.01000018437398248	0.342069617994833	0.01000016325394545	0.01000097474915698	0.01000074186143865	0.01000009211031178	0.01000013903292899	0.1132710774803282	0.01000017262558201	0.0100009903287079	0.01000029152909338	0.9999981828943236	0.01000311252644361	0.01000009664894274	0.01000038636603499	0.01000098785505872	0.01000530161677974
0.002941176470588235	-0.4923964532325493	1.0691957109947	0.9054693646171311	0.2184844818674739	0.9400012060417691	0.3928640866782789	-0.3432163928645587	-0.563312691013106	-0.5270190375479948	-0.01009549450511274	-0.7023559420914941	3.109156621675821	-0.1253989612444843	0.8477648335059101	-1.79910550288391	1.126102972195387	-3.107224539618314	10.02286007923268	1.024031216806851	0.8724199238664259	0.09632278635199666	0.01002919126975406	0.4868939837044307	0.01000369961187457	0.01000096308275054	0.01000057297539332	0.01000009676244386	0.01000016415238188	0.07595645124733938	0.01013127962678388	0.01000468590701128	0.01000753515994912	0.4538271838945327	0.1903654222957273	0.01069196897962758	0.1295607907640892	0.05676957744262118	0.0841260003034458	0.09938140197420905	0.6231029102405807	0.01000014448973237	0.2770513918009827	0.01000012113300202	0.01000083389686458	0.01000063580215802	0.01000006837277923	0.01000010169426579	0.1082779993986195	0.01000012684160499	0.01000079018482615	0.01000020574067737	0.9999988502515985	0.01000257483708049	0.01000006886414366	0.01000029092485388	0.01000071605670694	0.01000451428517741
0.005882352941176471	-0.493901377477832	1.078365649759138	0.9050934749736491	0.2205217769942437	0.9339072811585646	0.3955261779273763	-0.3526206914597777	-0.5337639209860733	-0.5238120667894586	-0.006938122011146039	-0.2919870642964425	3.127415929878457	-0.1285482844597162	0.5077988509676177	-2.368382117996476	0.6497798595624197	-3.292284265787553	10.03912747774638	1.161632311398388	1.304889374603394	0.2037870582464903	0.01002385339971453	0.4617030224196426	0.01000303842076236	0.0100009259373622	0.01000057440792269	0.01000008928696383	0.01000014912433622	0.08071041177025838	0.01010719599324492	0.01000395139702346	0.01000618096942356	0.5119603379372096	0.1660487242945574	0.01056508762411288	0.111954629839319	0.04895547060139143	0.07234945756384308	0.04028436026168422	0.9999991176915171	0.01000010460548227	0.2120331656071323	0.01000007901205858	0.01000069304457219	0.01000052974287739	0.01000004463524668	0.01000006435560258	0.1032849213169109	0.01000008105762797	0.01000059004094438	0.01000011995226136	0.9999995176088735	0.01000203714771736	0.01000004107934458	0.01000019548367277	0.01000044425835517	0.01000372695357508
0.008823529411764706	-0.4938938568151637	1.087599930867247	0.9047262945240887	0.2212387852975443	0.9258911208664273	0.3964256333724031	-0.3625997510458077	-0.5044871269997241	-0.5201677241491711	-0.002344262659531659	0.3032965585247647	3.151717697606497	-0.1207995852177438	-0.02167496944793629	-3.080531520726491	-0.0463377933996542	-3.50277475551052	9.842571977308587	1.31730547949727	1.795311387086638	0.3076759738080326	0.01001949082367417	0.4329331871827207	0.01000249513987239	0.01000090881589088	0.01000058418926209	0.01000008160674902	0.01000013444920934	0.08177607768793071	0.01008751639265139	0.01000334300442122	0.01000506510117647	0.5624084131930805	0.1516079025402531	0.01046137771027632	0.09650995562249291	0.0423474360214203	0.06242624259131289	0.04492754249856932	0.9999994147473242	0.01000011954532985	0.1646401282451364	0.01000008485777138	0.01000096416219243	0.01000071969326445	0.01000005018133728	0.01000007388481386	0.07227956827375445	0.01000007999750037	0.01000068830980568	0.01000009803624726	0.9999995964740042	0.1112155990944541	0.01000003758955756	0.0100002594017048	0.01000041422966692	0.01232299008455358
0.01176470588235294	-0.4920808362887811	1.09690412135665	0.904384858801919	0.2203857962049929	0.9157987155068231	0.3952054401046992	-0.3732799459204145	-0.4760224414469786	-0.5160585945835914	0.003483570869318021	0.935752843029281	3.17495430915827	-0.1110418698340268	-0.5597993782116749	-3.780228763873839	-0.7915812650943672	-3.769056262019924	9.486893742895891	1.477687420597064	2.143991815123397	0.3889845378898191	0.01001593488546417	0.4016710845882325	0.01000205305404971	0.01000094481273419	0.01000062717318547	0.0100000763639551	0.01000012423459901	0.07772107941201539	0.01007146171866212	0.01000286483849076	0.01000415082787492	0.6066003428615739	0.1532026260542663	0.01037673641937284	0.08305920725861418	0.03678954699111694	0.05434431560974699	0.04957072473545442	0.9999997118031313	0.01000013448517744	0.1172470908831404	0.01000009070348417	0.01000123527981268	0.01000090964365152	0.01000005572742789	0.01000008341402514	0.04127421523059797	0.01000007893737278	0.01000078657866697	0.01000007612023316	0.999999675339135	0.2124291610411907	0.01000003409977055	0.01000032331973684	0.01000038420097866	0.01464225321553208
0.01470588235294118	-0.4884980434426039	1.106268339659813	0.904066386239381	0.2181100859137216	0.903815005828449	0.3918893148565668	-0.3848436947231608	-0.4487777092292348	-0.5114907408684707	0.009981297369025385	1.465250508782241	3.190858759952192	-0.1077244285389076	-0.943440299097593	-4.325154428780462	-1.422970489983546	-4.098742476664446	9.030196121497735	1.618407315291641	2.236905089991091	0.4462688859493086	0.01001303270320669	0.3708800472462227	0.01000169268919939	0.01000108520678549	0.01000068540398192	0.01000007319202219	0.01000011815677463	0.07183393938770678	0.0100583459278909	0.01000249196858011	0.0100034009280627	0.6456843753476161	0.1896145067890596	0.01030756731656595	0.07142966068860573	0.03213432376920521	0.04830596341256085	0.1084633432123295	0.8112609652174023	0.01000014811447657	0.1219241812579037	0.01000009330577801	0.01000215409392315	0.0100009764028865	0.01000006227781577	0.01000009844596228	0.04073212376716833	0.01000007784072206	0.01000088205151244	0.01000006435030079	0.9999996781581918	0.6019849570293644	0.01000002970299882	0.01000038026117508	0.01000035575646955	0.02182384600957662
0.01764705882352941	-0.4836693379052908	1.115662964785544	0.9037382153643547	0.2150964022147437	0.8906127446824684	0.3870727514203972	-0.3974163696232462	-0.4229585115774163	-0.5065976444371311	0.01642091190052139	1.782973473001826	3.195630948504531	-0.1176367223260577	-1.061621295452109	-4.608843761846074	-1.811879232959556	-4.455126008210542	8.517530238066671	1.698852467625854	2.104475676739672	0.4748266022838585	0.01001066782986233	0.343333056845838	0.01000139921352893	0.01000136905239036	0.01000074520644482	0.01000007181177545	0.01000011596918041	0.06675062369069956	0.01004764630114278	0.01000220540715821	0.01000278705289944	0.6804192964220299	0.2707281366847588	0.01025112515832807	0.0614435920250778	0.02825269047534801	0.04444423758785872	0.1673559616892046	0.6225222186316732	0.01000016174377569	0.1266012716326672	0.01000009590807184	0.01000307290803363	0.01000104316212148	0.01000006882820366	0.01000011347789942	0.04019003230373869	0.01000007674407135	0.0100009775243579	0.01000005258036842	0.9999996809772486	0.9915407530175381	0.01000002530622709	0.01000043720261332	0.01000032731196045	0.02900543880362116
0.02058823529411765	-0.4782970839593087	1.125053003884692	0.9033563464048068	0.2121995016869161	0.8770359366992305	0.381563750835902	-0.4110320085393819	-0.3986931863271649	-0.5015834400995756	0.02219828273483127	1.836924551547189	3.188175903193374	-0.1441533251222356	-0.871133391953659	-4.585230052997083	-1.895588205401798	-4.797805014866224	7.980925447251276	1.704989488540646	1.820669362051749	0.4831191766937917	0.0100087395056795	0.3204874191786443	0.01000116037174147	0.01000170655705462	0.01000079621511999	0.01000007208955816	0.0100001167927519	0.06371301589162701	0.01003890565320352	0.01000200176082845	0.01000228470046137	0.7114470147665745	0.3589618197332186	0.01020500635155732	0.05292374325613532	0.02502528918390836	0.04201621779473839	0.1487400430981847	0.4872284479067496	0.01000018592957488	0.1595028078539897	0.0100001028817808	0.01000333049609007	0.01000100361467693	0.01000007755066848	0.01000012700816302	0.05567350113225394	0.01000007789438368	0.01000120978157942	0.01000005413299737	0.9999996532088611	0.9957691492028242	0.01000002242563524	0.01000037089159475	0.01000030180228285	0.03137602474959747
0.02352941176470588	-0.4730593973592414	1.134408589300076	0.9028777890109543	0.2101905450357046	0.8638652479810659	0.3761496029127122	-0.4256052024171914	-0.3760234529750736	-0.4966025121126052	0.0271103368035358	1.691467677779787	3.172202443544757	-0.1833848576533061	-0.4578194593531796	-4.332682661596122	-1.74737942327196	-5.106263382148717	7.432527747317806	1.676224549228044	1.516060276128038	0.4763552409152111	0.01000717098638742	0.3036740740845161	0.01000096683003478	0.01000202933418955	0.01000083053559855	0.01000007392357632	0.01000011995798687	0.06370334812837834	0.01003177568911949	0.01000187844510213	0.01000187520958394	0.7392377404555128	0.4311995820635399	0.01016737755116638	0.04569915974130146	0.02235175727135011	0.04040175546505491	0.1301241245071648	0.3519346771818257	0.01000021011537406	0.1924043440753123	0.01000010985548977	0.0100035880841465	0.01000096406723239	0.01000008627313331	0.01000014053842663	0.0711569699607692	0.01000007904469601	0.01000144203880095	0.01000005568562632	0.9999996254404736	0.9999975453881101	0.0100000195450434	0.01000030458057617	0.01000027629260525	0.03374661069557378
0.02647058823529412	-0.4684675625111525	1.143708703245019	0.9022697765708033	0.2096283318326408	0.8516842757301237	0.3714263404723049	-0.4410195627829497	-0.3549731834281813	-0.4917212758896107	0.03121331318457502	1.423564669087849	3.151741986114839	-0.2305208541465934	0.08010351710549628	-3.94249421444783	-1.455467849073272	-5.364511695802798	6.881915331658732	1.644363985152711	1.288750425692798	0.4667061024261332	0.01000589537935793	0.2924154655620839	0.01000081042045144	0.01000223972289091	0.01000084925311618	0.01000007712090427	0.01000012441245869	0.06486876816144294	0.01002595143070004	0.01000184400792044	0.01000154048421229	0.7642033769297428	0.492653198682524	0.01013663380116641	0.03960473163074237	0.02014083109494063	0.0394190913087869	0.1497202224315397	0.4148435254817702	0.01000024752752856	0.2240787014755863	0.0100001211821548	0.01000278500311302	0.01000090260251245	0.01000009607094711	0.0100001476393349	0.07048006271751528	0.01000008010443638	0.01000192521544991	0.01000005187938315	0.9999995949405042	0.9999979715475843	0.01000001749153575	0.01000030878123137	0.01000023977189392	0.03558006205625127
0.02941176470588236	-0.4647291072459769	1.152947465377802	0.9015190942659906	0.2106887365235939	0.8407204835113541	0.3676407990189384	-0.4570965066821251	-0.3355400699236115	-0.4869218539485035	0.03477820261769447	1.111169561398699	3.130483211276255	-0.2804003656233063	0.6455607085782571	-3.505000239718763	-1.109729152084169	-5.556820184872502	6.332861638538671	1.620590837544777	1.150161151542605	0.4646219213662862	0.01000486173648664	0.2861719114488208	0.01000068492217926	0.01000226334383585	0.01000085319419536	0.01000008153460837	0.01000012935463125	0.06572947590748009	0.01002120056014104	0.01000190495942714	0.01000126674210595	0.7866655807135765	0.5455467644703029	0.01011155153061618	0.03449033823765861	0.01831803029114079	0.0389210885176537	0.1693163203559144	0.4777523737817146	0.01000028493968306	0.2557530588758603	0.01000013250881983	0.01000198192207955	0.01000084113779252	0.01000010586876091	0.01000015474024316	0.0698031554742614	0.01000008116417675	0.01000240839209886	0.01000004807313998	0.9999995644405345	0.9999983977070582	0.0100000154380281	0.01000031298188657	0.01000020325118258	0.03741351341692873
0.03235294117647059	-0.4619048331595343	1.16212570852414	0.9006223887987541	0.2133669785005285	0.8310318519110597	0.3648703147271443	-0.473630893620294	-0.3177160801842877	-0.48217035965479	0.03805675815428982	0.8163801544196198	3.111199991482331	-0.3288275137137789	1.163457268285519	-3.092345942269745	-0.7820176259545119	-5.675623593204061	5.789178004718539	1.615368429681344	1.085464310254036	0.4693414941607131	0.01000402672264137	0.2843906469168221	0.01000058463410778	0.01000218497852358	0.01000084482464284	0.01000008719670857	0.01000013436440411	0.06598607818762964	0.01001731988039242	0.01002531728158157	0.01000104232988389	0.8069127188230748	0.5918012433123243	0.01009105982391038	0.0302148405230421	0.0168164430379621	0.03898045813297203	0.1828414917285848	0.5399310237067143	0.01000034867463326	0.2863408819055574	0.01000014545908492	0.01000170052380666	0.01000077615693986	0.01000011843742935	0.01000015838066855	0.06492620131499498	0.01000008290487864	0.01024864587774638	0.0100000431824745	0.9999995287102881	0.9999985798062316	0.01000001407988381	0.01000042166304492	0.01000017350673453	0.04101221887788845
0.03529411764705882	-0.4598854396491708	1.171251452758574	0.8995879432346371	0.2174609171167338	0.8224768209463061	0.3629947102802725	-0.4904181787605126	-0.3014759250692847	-0.477390609376843	0.04119980265984641	0.5638507696649134	3.094783951181756	-0.3740636315021661	1.608234423282336	-2.734151807550917	-0.5012108575370099	-5.728790962266494	5.255854094000481	1.639804906823582	1.058013650436243	0.480094292840088	0.01000335733249646	0.2865107272087207	0.0100005052142125	0.01000206919718477	0.0100008260224359	0.01000009413159153	0.01000013912182559	0.06540140437534402	0.01001415461545424	0.01008978714320641	0.01000085837217863	0.8251793779575629	0.63255475841802	0.01007434251908769	0.02665599339249462	0.01558262633985713	0.03965123058252176	0.1963666631012551	0.6021096736317139	0.01000041240958345	0.3169287049352545	0.01000015840935001	0.01000141912553376	0.0100007111760872	0.01000013100609778	0.01000016202109394	0.06004924715572856	0.01000008464558052	0.01049488336339391	0.01000003829180903	0.9999994929800414	0.999998761905405	0.01000001272173952	0.01000053034420327	0.01000014376228648	0.04461092433884817
0.03823529411764706	-0.4585298485048869	1.180333639936866	0.8984263340718629	0.2227404151964776	0.814874746960946	0.3618561831792447	-0.5072768896871203	-0.2867847755014116	-0.4724799747715019	0.04428368993469326	0.3668421166954248	3.081569097073341	-0.4151795034932208	1.96963212860448	-2.446778636979424	-0.2831277570809305	-5.730258548482136	4.736991097680646	1.714300795120987	1.03913983679746	0.495043609674146	0.01000282748935595	0.2925174613265727	0.01000044256499081	0.01000193260090787	0.01000079996829129	0.01000010258804137	0.01000014360398737	0.06452195727547434	0.01001156932572533	0.01766600990016863	0.01000070750015601	0.8416790925875505	0.6687392117475808	0.01006068535507303	0.02370123909273263	0.01456897239493852	0.04168821045758959	0.196826851535158	0.6432413810353641	0.01000053203420814	0.3551246740503602	0.01000016982983072	0.01000123818831394	0.01000065891547684	0.01000014874726957	0.01000016491492507	0.06000679956192628	0.01000008686588774	0.08985899967212535	0.01000003650114482	0.9999994399566511	0.9999990756594688	0.01000001183164299	0.0100005644557379	0.01000012249241544	0.05798821294850227
0.0411764705882353	-0.4576752453848024	1.189381069606161	0.8971495408358009	0.228975269977119	0.8080162399376905	0.3612696047332141	-0.5240969118730873	-0.273594427521002	-0.4672189919331158	0.0473130378194659	0.2231789132092974	3.07114884506375	-0.4523888013378891	2.257876979892679	-2.228526273319525	-0.1258857721389055	-5.702482618630976	4.235309014525134	1.878041705294181	1.020926865185787	0.5126037577693007	0.01000241733258992	0.3023431426755895	0.01000039356574656	0.01000178783322095	0.01000076908466776	0.01000011275553396	0.01000014779344228	0.06377856231774534	0.01000946085067809	0.03780918634484619	0.01000058410162804	0.8565902149016851	0.7009951613730908	0.01004954410316872	0.0212566779860429	0.01373802853123797	0.04565752739955687	0.1972870399690609	0.6843730884390142	0.01000065165883284	0.3933206431654658	0.01000018125031144	0.01000105725109412	0.01000060665486649	0.01000016648844137	0.0100001678087562	0.059964351968124	0.01000008908619495	0.1692231159808568	0.01000003471048061	0.9999993869332607	0.9999993894135325	0.01000001094154647	0.01000059856727252	0.0100001012225444	0.07136550155815638
0.04411764705882354	-0.4571718321895528	1.198401354288736	0.895768505279616	0.2359663311114908	0.8017052180071721	0.3610636310151702	-0.5408140465216745	-0.261850928533972	-0.4613213761594079	0.05028173747948479	0.1216345615048603	3.062770416085632	-0.4865012264666582	2.49330046671039	-2.067677097849941	-0.01703229264338719	-5.665208883736855	3.75519963882218	2.134182252321089	0.9914008559804658	0.5242760182342602	0.01000211930832347	0.3146513378079636	0.01000035613842991	0.01000164456426472	0.0100007376793475	0.01000012525903926	0.01000015170182858	0.06297952478993248	0.01000773838110365	0.06426596566464998	0.01000048298868824	0.8700767173382852	0.7283664520289992	0.01004044252524895	0.01923719542173546	0.01305662602197809	0.04907125123275416	0.1695114376811928	0.5693873838500336	0.01000093088938938	0.4185146908098403	0.01000019802832897	0.01000096207933132	0.01000059022165108	0.01000019425082256	0.01000017024006312	0.05791398301369078	0.01000008597008778	0.2164425662072907	0.01000003308682068	0.9999993248481929	0.9693594559100777	0.01000001039402425	0.01000050686188297	0.01000009032369648	0.06045549897939009
0.04705882352941176	-0.4569450861880419	1.207398105447831	0.8942890286236507	0.2436256014002993	0.7958257366655327	0.3611526151499439	-0.5574219049617063	-0.2514760217504782	-0.454654124381263	0.05310723080966512	0.03504522146693996	3.055146049097317	-0.5193287491887527	2.712259204909652	-1.935078672881703	0.07468556777693081	-5.628174796813046	3.304666316120538	2.401394188311359	0.9235465608955565	0.5228918671597338	0.01000192766329924	0.3283374393557789	0.01000032870037956	0.01000151015890218	0.01000070903317125	0.01000014057453911	0.01000015533801005	0.06197293915432583	0.01000633275214738	0.09276173768373579	0.01000040021017473	0.8822779119433012	0.7499816944762784	0.01003301780719243	0.01757372831460789	0.01249894342709712	0.05003839358450204	0.1417358353933247	0.4544016792610531	0.01000121011994593	0.4437087384542149	0.0100002148063465	0.01000086690756851	0.01000057378843567	0.01000022201320374	0.01000017267137003	0.05586361405925757	0.0100000828539806	0.2636620164337246	0.01000003146316076	0.9999992627631248	0.9387195224066228	0.01000000984650203	0.01000041515649343	0.01000007942484857	0.04954549640062381
0.05	-0.4569736273530762	1.21637253394768	0.8927133454461921	0.25193422258348	0.7903183163530104	0.361512333958237	-0.573928114394842	-0.2423734515250424	-0.4472591877744403	0.05566830625232174	-0.0539266535890792	3.047478821801012	-0.5520804103330365	2.937911524169095	-1.81214630689333	0.1692940466110315	-5.5986810768727	2.888000752084849	2.622106250652972	0.8204066641278952	0.5119273427344497	0.01000189418595486	0.3436811857334372	0.01000030971065558	0.01000138619262052	0.01000067913921511	0.01000015703516617	0.01000015707870087	0.0631225245630264	0.01000518428566475	0.1225457654638902	0.01000033232503538	0.893322711191975	0.7616468099435849	0.01002695246751146	0.01620438620763602	0.0120422030132321	0.05002783923313478	0.1551390396604562	0.3777371143203953	0.01000224894810279	0.477153180785353	0.01000023529191759	0.01000080609871366	0.01000052056395841	0.01000023779894877	0.01000015741782214	0.08130704345950242	0.01000008322631377	0.3086567001195611	0.01000003017377407	0.9999991449152956	0.8076261543798705	0.01000000944002619	0.01000035229464236	0.01000007118349437	0.05038243336116224
0.05294117647058823	-0.4572592043850295	1.225324530817256	0.8910418226872802	0.2609092475690341	0.7851532338763961	0.36214476145206	-0.590370813997154	-0.2344706095916906	-0.439259713810805	0.05794739897522302	-0.13973916803793	3.039892540511983	-0.5844996645769619	3.165413790523466	-1.70228894446425	0.2601274739373198	-5.584988111852767	2.488851077503374	2.812479590943844	0.7317983114619302	0.4941717233461699	0.01000205831873023	0.3609074580562303	0.01000029799566505	0.01000127386532368	0.01000064494577456	0.01000017337142172	0.01000015568759423	0.06824956147181478	0.01000424752862072	0.1531759310805764	0.01000027671253298	0.9033218579631677	0.7596738411951295	0.01002200466211771	0.01507993800758713	0.0116687991914837	0.05016048033996805	0.1685422439275877	0.3010725493797374	0.01000328777625964	0.510597623116491	0.01000025577748867	0.01000074528985881	0.01000046733948114	0.01000025358469379	0.01000014216427425	0.1067504728597472	0.01000008359864694	0.3536513838053977	0.01000002888438739	0.9999990270674661	0.6765327863531183	0.01000000903355035	0.01000028943279128	0.01000006294214018	0.05121937032170067
0.05588235294117647	-0.4577876976232997	1.234254350087572	0.8892756635772834	0.2705525544595068	0.7802906163832669	0.3630327479321376	-0.6068061279414677	-0.227736887290003	-0.430719624112419	0.06001641371866036	-0.2214296428264028	3.032149564554181	-0.6165291383709252	3.395838628988004	-1.600117466832668	0.3454250713688283	-5.597108349530298	2.074167340611234	3.000557959627771	0.6606727874423809	0.4673917212302792	0.01000222108345094	0.3807444502486357	0.01000029392109435	0.01000117502072054	0.01007729496731375	0.01000018543247909	0.01000015072600122	0.0772716399876615	0.01000348228507718	0.1833907842205897	0.0100002310608232	0.9123782639058302	0.7453483031279174	0.0100179627849506	0.01415659761719158	0.01136324394018507	0.05145173443420538	0.1354783603053511	0.1705906409357443	0.01000262078612987	0.5616440010990322	0.01000029467383616	0.01000072722685507	0.01081016930307684	0.01000022529268003	0.01000011601496936	0.1402923264607061	0.01000008293665788	0.383293074564194	0.01000002772920186	0.9999988194855243	0.543245396400806	0.01000000876631714	0.01000025967511182	0.01000005691233609	0.06406518441924973
0.05882352941176471	-0.4585722811595411	1.243159322380817	0.887414941825392	0.2809071438218461	0.7757653280952094	0.3641868015121906	-0.6233307629899775	-0.2223632296294658	-0.4215753931325882	0.06174865697998364	-0.3138805706583957	3.022996596103884	-0.6488022610652547	3.649085871392783	-1.472905085015548	0.4410531019205985	-5.645726462705897	1.564007121521033	3.223295662326272	0.5027937036243735	0.4293840503042245	0.01000223093654058	0.4037753014354867	0.01000029776545257	0.01000109106299377	0.01028901481556253	0.01000019005703725	0.01000014185981294	0.09003480820922054	0.01000285794073928	0.2123386636641064	0.01000019360918525	0.9205809741187163	0.7196770960425574	0.01001466565400834	0.01340001641876742	0.01111362409749163	0.05468002063430128	0.1024144766831145	0.04010873249175121	0.01000195379600011	0.6126903790815734	0.01000033357018366	0.01000070916385134	0.01161987126667254	0.01000019700066626	0.01000008986566447	0.1738341800616649	0.01000008227466882	0.4129347653229904	0.01000002657401632	0.9999986119035824	0.409958006448494	0.01000000849908393	0.01000022991743235	0.010000050882532	0.07691099851679878
0.06176470588235295	-0.4596465844711323	1.252035244150091	0.8854586282475211	0.2920418723841378	0.7716555824972841	0.3656396903066869	-0.6400562842839692	-0.2186504190484705	-0.4116962428763591	0.0629795142506851	-0.4224166446783403	3.011992672655578	-0.6814300942839232	3.931404485303557	-1.304956651622453	0.5527353302382755	-5.733946681481146	0.8951153953566364	3.490318922496567	0.3101372988733118	0.3869094388996713	0.01000211519624627	0.4276362492102717	0.01000030819881085	0.01000102095715111	0.01916446088088461	0.01000018747160073	0.01000013063982732	0.1153945919529017	0.01000234662003303	0.23945088153694	0.01000016279158683	0.9280129404718405	0.6829861460783583	0.01001197224577509	0.01277980682501419	0.01090947850432474	0.05750169647252677	0.1100064025104328	0.02505472752473663	0.01000126944043491	0.6301746679184429	0.0100003742615238	0.01000070994594383	0.1030414801523569	0.01000015622733853	0.0100000722822078	0.3300786515210738	0.010000069061014	0.4283765465710427	0.01000002528304623	0.9999977371521116	0.2626568020825118	0.01000000839415503	0.01000022636965845	0.0100000477164274	0.06655738378381976
0.06470588235294118	-0.4610910317956181	1.260873176135575	0.8834068876096226	0.3040852580550317	0.7681877317324374	0.3674724449365419	-0.6570970297297052	-0.2174836607050098	-0.4010688558791549	0.06343151202288962	-0.5655784994266926	2.997163543126378	-0.7136926618839119	4.266972705242319	-1.03641659852209	0.6993618699645738	-5.860078885891799	-0.1673084000024977	3.73209664618941	-0.0268307553535282	0.3461706884958231	0.01000189466838238	0.4504404960071473	0.0100003242082848	0.0100009639149327	0.04237013075431542	0.01000017784867689	0.01000011824714389	0.1589000427918657	0.01000192709236618	0.2642687829250218	0.01000013741532469	0.9347462755707269	0.6354158766356885	0.01000977514624748	0.01227235843880248	0.01074278688213985	0.0581153216172732	0.117598328337751	0.01000072255772207	0.0100005850848697	0.6476589567553126	0.01000041495286394	0.01000071072803632	0.1944630890380412	0.0100001154540108	0.01000005469875112	0.4863231229804827	0.01000005584735919	0.443818327819095	0.01000002399207614	0.9999968624006408	0.1153555977165297	0.01000000828922613	0.01000022282188454	0.01000004455032279	0.05620376905084074
0.06764705882352941	-0.46310139520581	1.269652891850143	0.881259646125752	0.3173196926860514	0.7659202348878075	0.3698857300460384	-0.6745839182008555	-0.2209032897980607	-0.3898611679785863	0.06129555564710607	-0.8084738409575317	2.972186151205107	-0.7453115741505536	4.740915946600805	-0.4959701760335722	0.9485869429796036	-6.030345644331672	-2.135542918508331	3.869284656382366	-1.289467441299009	0.307873664539003	0.01000164156074497	0.4704396442642365	0.01000034347995767	0.01000093031209197	0.07151931234261008	0.01000016519985077	0.01000010613342062	0.1878709458745384	0.0100015824640336	0.2870231017632639	0.01000011649813523	0.928585060004929	0.5855290599915413	0.01000798037783938	0.01185685882938277	0.01060651494499065	0.05724251294488261	0.1641592931348658	0.01000059261173371	0.01000045360624044	0.6294863243188407	0.01000044236354752	0.01000084719611943	0.2357675712096511	0.01000010296445672	0.0100000500981065	0.24816278989777	0.01000004783351496	0.4546336494886034	0.01000002321194166	0.7416209270647079	0.1292158796480548	0.01000000837242286	0.0100002340785801	0.01000004348288921	0.0496885822093826
0.07058823529411765	-0.4658879674568606	1.27835158295693	0.879029289955781	0.3320228406982702	0.7653262076369026	0.3730930442392837	-0.6925657709895455	-0.2299133457270368	-0.3784251018405225	0.05664730436160299	-1.093400511210626	2.942066809835211	-0.7702106484322245	5.265697804457785	0.1015427252107746	1.239301646913745	-6.196654621818884	-3.968798648431696	3.887393847686114	-1.735191293962811	0.2727420310005899	0.01000141086745271	0.4861819070909991	0.01000036425153276	0.01000092805088351	0.1010585768531738	0.01000015258037614	0.01000009540425128	0.1792949039641835	0.0100012998685162	0.3078340230503054	0.0100000992919185	0.8988507735835445	0.5410817500908366	0.01000651636232355	0.01151724268731668	0.01049528154185626	0.05542658207525122	0.2107202579319805	0.01000046266574534	0.01000032212761117	0.6113136918823689	0.01000046977423111	0.01000098366420255	0.277072053381261	0.01000009047490264	0.01000004549746189	0.01000245681505719	0.01000003981967073	0.4654489711581118	0.01000002243180718	0.4832449917287752	0.14307616157958	0.01000000845561959	0.01000024533527565	0.01000004241545562	0.04317339536792447
0.07352941176470588	-0.469471863065102	1.286963272243986	0.8767435318692814	0.3481977655191422	0.7661998837967335	0.3771082383449271	-0.7109705879402372	-0.2423846157343675	-0.367111002447949	0.05372254243347561	-1.358456170584737	2.912113582539785	-0.7823589744357394	5.751271163611397	0.5180807164103767	1.505757818638135	-6.315724968255942	-4.515995744482894	3.786420080355665	-0.07905698184540026	0.2406348206278901	0.01000121281502414	0.4949017432229887	0.01000038282580973	0.01000096182413197	0.1391881970760508	0.01000014193636923	0.01000008614169834	0.1561264650614679	0.01000106797145094	0.3268553203440707	0.01000008518414269	0.8577468982017162	0.4993087804482768	0.010005320479569	0.01123938280338901	0.01040437085579917	0.05366458640535635	0.2679126769245408	0.01000045391748202	0.01000034346034525	0.5296615423994582	0.01000046114557166	0.01000123236767052	0.4266281890298202	0.01000009859329778	0.01000004453243114	0.01000129778528387	0.01000003618897884	0.4725436969602467	0.01000002260582483	0.4354630216140786	0.1105265430187507	0.01000000878321754	0.01000025824446329	0.01000004231179864	0.04647626475085052
0.07647058823529412	-0.4739659900378959	1.295471260955263	0.8744374481999929	0.3659598480717271	0.7685238803977641	0.382037075370769	-0.7297000594122547	-0.256503501800052	-0.3562683581849494	0.05720926232320886	-1.71235783910632	2.871550418305768	-0.7840320447286617	6.344965062022542	1.087760625226508	1.860578832648689	-6.417419696320592	-5.089177568112295	3.566804359575913	2.624616342182406	0.2114288250088514	0.01000105519205589	0.4941869318435234	0.01000039638697265	0.01000103520592325	0.1909671972224708	0.01000013475000706	0.01000007840826118	0.1354591359935346	0.01000087814043504	0.344174962016486	0.01000007370829865	0.8159221191950414	0.4576497941046797	0.01000434503575085	0.011012422423955	0.01033018064550159	0.05274682943497418	0.3251050959171011	0.01000044516921871	0.01000036479307933	0.4480093929165475	0.01000045251691221	0.01000148107113849	0.5761843246783795	0.01000010671169291	0.0100000435674004	0.01000013875551054	0.01000003255828696	0.4796384227623816	0.01000002277984248	0.3876810514993819	0.07797692445792148	0.01000000911081548	0.01000027115365093	0.01000004220814167	0.04977913413377657
0.07941176470588236	-0.4796414493145768	1.303843233171821	0.8721422571397581	0.385636053868532	0.7728240776818299	0.3881495938857582	-0.7486990171786488	-0.2728747717403572	-0.3461950500001201	0.07074781919046842	-2.135029777298397	2.822260706739184	-0.7742932330831328	7.015546610907214	1.806096570291937	2.283026783111226	-6.490335801251905	-5.97275452902659	3.2887639364833	6.301385615446988	0.1850041641740999	0.01000093008361581	0.4935864598884797	0.01000039787362296	0.0100011242570735	0.2563366010786214	0.01000013108890965	0.01000007265368077	0.1171546144315133	0.01000072262901619	0.3602823379608572	0.01000006445660553	0.7738164214924818	0.4166053788131296	0.01000354830264411	0.0108268295049469	0.01026955572732343	0.05276562350876039	0.3361808938122395	0.01000048163995262	0.01000038340969347	0.5272607399468717	0.01000035929995523	0.01000155621509582	0.7880920571928935	0.01000012245938232	0.01000005040946166	0.01000014454839764	0.01000003126329716	0.4901483874232891	0.01000002391192028	0.3489629746896191	0.05711604500445764	0.01000000968191333	0.01000026825240427	0.01000004178504826	0.055767557775738
0.0823529411764706	-0.4864548434823667	1.312077912275997	0.8698969270827268	0.4071141912600189	0.7789698781192089	0.3953907213041721	-0.7678106477515271	-0.291222461016276	-0.3368890483798985	0.09262790293109063	-2.486153565060315	2.778191101885949	-0.7501265625501853	7.570278546406246	2.342770769479384	2.628032886977549	-6.494037204729648	-6.433142716329691	3.045035895642691	8.296854616069011	0.1612393527700916	0.01000083146161442	0.501268780404817	0.01000038190774485	0.01000121074531794	0.3354559918108848	0.01000013100457683	0.01000006922048319	0.1010590771651607	0.01000059553740736	0.3755522839055743	0.01000005711849418	0.7318099894898316	0.3766532630243632	0.01000289849889111	0.01067530048162754	0.01022008834210879	0.05378657317836832	0.3472566917073779	0.01000051811068653	0.01000040202630762	0.6065120869771963	0.01000026608299825	0.01000163135905315	0.9999997897074075	0.01000013820707172	0.01000005725152292	0.01000015034128474	0.01000002996830736	0.5006583520841965	0.01000002504399808	0.3102448978798564	0.0362551655509938	0.01000001025301117	0.0100002653511576	0.01000004136195485	0.06175598141769942
0.08529411764705884	-0.494099234116317	1.320200621357573	0.8677443202242878	0.4299238348208961	0.7862308807688781	0.4034334902453488	-0.7868131917374955	-0.310119377650646	-0.3281739686611151	0.116948985791356	-2.690009121680731	2.747396054156953	-0.7120061366778445	7.908123224898444	2.547452208347216	2.818194898139547	-6.417402642620146	-6.364297396857014	2.895444095029922	8.177786315883864	0.1400082554855399	0.01000075675576372	0.5133551775772982	0.0100003608071962	0.01000127619749652	0.4122104121392879	0.01000013532947679	0.01000006868354457	0.08701107882113254	0.01000049160998077	0.3902463220347424	0.01000005141060894	0.6911261149048202	0.33849823494021	0.01000236781908032	0.01055143201198467	0.01017967038996899	0.05516497164430212	0.3491796701247785	0.01000061508104147	0.01000044647568478	0.629353982525458	0.01000026802658048	0.01000150631675143	0.9999997396477368	0.01000016989840854	0.01000007480652587	0.01000014970322753	0.01000003001785572	0.5134208825454153	0.01000002701125597	0.2985715412008507	0.030539570678927	0.01000001107295469	0.01000025559838363	0.01000004056345724	0.06229137305601275
0.08823529411764706	-0.502148879819635	1.328251683068514	0.8657183025405657	0.4534434111118222	0.793676898027436	0.4118338966174456	-0.805499545278065	-0.3283508974790527	-0.3197733432214877	0.1403578494184802	-2.761727012230455	2.729470889853447	-0.6640459237429447	8.053032802839382	2.468580703523609	2.871226340003171	-6.279027701858407	-5.980672888274562	2.831206985816673	7.676545537532959	0.1211714961107954	0.01000070400850644	0.5264799161429378	0.0100003439533527	0.01000130654430683	0.4763380198334425	0.01000014469762358	0.01000007148069487	0.07483776019543877	0.01000040684399675	0.4045718022628034	0.01000004711714389	0.652872346847687	0.3028455691890062	0.01000193508603316	0.01045032758120825	0.0101466942112604	0.05639877576928567	0.3511026485421792	0.01000071205139641	0.01000049092506193	0.6521958780737199	0.01000026997016271	0.0100013812744497	0.999999689588066	0.01000020158974535	0.01000009236152881	0.01000014906517032	0.01000003006740407	0.5261834130066344	0.01000002897851387	0.2868981845218449	0.02482397580686022	0.01000001189289822	0.01000024584560966	0.01000003976495963	0.06282676469432609
0.0911764705882353	-0.5102546373812572	1.336266292084807	0.8638434836488937	0.4771617801060698	0.8005639888592623	0.4202319360653469	-0.8237111332847303	-0.3452002928800117	-0.3114651789498458	0.1621030734031628	-2.741597172132284	2.721676493980342	-0.6104075142339457	8.061821234175889	2.193393764800704	2.831319831440045	-6.100715957914069	-5.45530723832201	2.822860746575212	7.122991742822152	0.1045816638660484	0.01000067105469316	0.5351896413397859	0.01000033928352156	0.01000131295285348	0.531464613681611	0.01000016082358231	0.01000007893156187	0.06436290502615238	0.01000033765793801	0.4182301248856412	0.01000004400030885	0.6168570516904589	0.269621633294796	0.01000158177033657	0.01036769756775149	0.01011975263406853	0.05735536206196924	0.3311488317515411	0.01000091359980896	0.0100005564294976	0.5724596717689464	0.01000036421802483	0.0100013039362445	0.9999996928257324	0.01000026147184965	0.01000013051879642	0.01000015117194008	0.01000003062206178	0.5325461456513849	0.01000003126376042	0.2761830970051363	0.02031282283991248	0.01000001294809912	0.01000023709523937	0.01000003922543885	0.06150633890739019
0.09411764705882353	-0.5182253869642931	1.34426868157872	0.8621301607413073	0.5007856720241911	0.8064542301891019	0.4284409506075063	-0.8413617792377945	-0.3603138297865024	-0.3031417151376604	0.1823330065572632	-2.669921586791747	2.721161614635366	-0.5542286545647161	7.988788391073563	1.790723042172635	2.74268940409861	-5.897587105409484	-4.800289112036102	2.841610673386323	6.646147772737097	0.09007635886671177	0.01000065624532583	0.5348451881205614	0.01000035284281652	0.01000130392808718	0.5794148797517779	0.01000018501317859	0.01000009204118399	0.05540922222032302	0.01000028132408765	0.4309725817787778	0.010000041879001	0.5829229497068774	0.2387742331331257	0.01000129375968641	0.01030026616671662	0.01009777300457977	0.05793116140697759	0.3111950149609032	0.01000111514822151	0.01000062193393326	0.4927234654641729	0.01000045846588694	0.01000122659803929	0.9999996960633991	0.01000032135395394	0.01000016867606402	0.01000015327870984	0.01000003117671948	0.5389088782961354	0.01000003354900699	0.2654680094884279	0.01580166987296474	0.01000001400330002	0.01000022834486909	0.01000003868591807	0.06018591312045429
0.09705882352941177	-0.5259547626183558	1.352276743344866	0.860582730345765	0.5241352817081495	0.8110635159698689	0.4363666551851325	-0.8583940628611387	-0.3734249630860326	-0.2947526159514153	0.2011585465374224	-2.587724810806274	2.724720976371602	-0.4983173062343499	7.888978565659464	1.34218229334954	2.649782839772332	-5.683458688031444	-4.109324622633458	2.860511920782218	6.167236375957193	0.07748688626996318	0.01000065748511625	0.5248769481785589	0.01000037894190104	0.01000129071252953	0.6216263795546363	0.01000022670133307	0.01000011365034097	0.04780191079967005	0.01000023542464599	0.4422172543968309	0.01000004055690953	0.5506163193815555	0.2102908239046646	0.01000105871250683	0.01024516487582348	0.01007981658706225	0.05807282288500946	0.3155055721086215	0.01000175778022749	0.01000070160285557	0.3822710448451052	0.01000052909769434	0.01000123710446525	0.9999997599044338	0.01000049698765939	0.01000024814693299	0.01000015798453439	0.01000003190592361	0.5322922399577215	0.0100000357524415	0.2495012122379036	0.01290674598921653	0.0100000153507188	0.0100002244175355	0.01000003880445029	0.05745849560479591
0.1	-0.5334571267504207	1.360298808439893	0.8591971572232804	0.5471916187141966	0.814341131941749	0.4440455151419618	-0.8747885534589608	-0.3844512869254582	-0.286329673559401	0.2186815556051647	-2.515553751833262	2.730683878274725	-0.4441657088854886	7.78936297009391	0.8851875721294181	2.574835061956697	-5.463887848054325	-3.382618679164893	2.864624053309293	5.7604267522937	0.06663667578049025	0.0100006731782749	0.5046251146375507	0.01000041324773236	0.01000128186857743	0.6590068584947945	0.01000029307375115	0.01000014592259178	0.04137595182409532	0.0100001981181957	0.4514722815775581	0.01000003988452262	0.5195320809906172	0.1841654987775737	0.01000086722928791	0.01020020509866348	0.01006516801484004	0.05773716044072692	0.3198161292563398	0.01000240041223348	0.01000078127177789	0.2718186242260375	0.01000059972950174	0.01000124761089121	0.9999998237454685	0.01000067262136484	0.01000032761780196	0.01000016269035894	0.01000003263512774	0.5256756016193074	0.01000003795587602	0.2335344149873792	0.01001182210546832	0.01000001669813757	0.01000022049020192	0.01000003892298251	0.05473107808913752
0.1029411764705882	-0.5407883381122423	1.368339628467441	0.8579668103490298	0.569989889805088	0.8163147710108478	0.451558492295152	-0.8905353497809876	-0.3933330079407643	-0.2779331440780383	0.2347629735119442	-2.47850619970143	2.736650681009367	-0.3929904120372534	7.723052008679203	0.47023897663653	2.544217707093024	-5.244163032211208	-2.653999842882778	2.838832994378052	5.10410005012737	0.06028069755409003	0.01000069052321088	0.4759169710100279	0.01000043604208042	0.01000127761362622	0.6846160719738708	0.01000036708744397	0.02873361674312315	0.03597353573969719	0.01000016789215779	0.4581395679103045	0.0100000398001642	0.4889673720269015	0.160489630405521	0.01000071110930627	0.01016347052878664	0.01005320126642803	0.05708363124693182	0.3139930638446492	0.04450876596708083	0.01000075467401242	0.1798075364946598	0.0100004785678929	0.01000126915602632	0.844843445997661	0.0100007176649125	0.2091508943947955	0.0100001759508121	0.01000003457880417	0.5032464120887565	0.01000004080747564	0.2062858389544709	0.01000800312159953	0.01000001858034968	0.01000021900757964	0.01000003960552267	0.05292363114305584
0.1058823529411765	-0.5480885527809942	1.37639426503731	0.8568823886440473	0.5926777519238793	0.8171857846383096	0.4590716681535698	-0.9056379205971873	-0.4000456873638243	-0.2696670265315263	0.2482889831106848	-2.494476000545997	2.740079127053651	-0.3449365937831892	7.714284869065748	0.1354022718162539	2.574970181511307	-5.02581450409191	-1.907670396437532	2.775943937610765	4.022749102827292	0.06060749307976966	0.0100006997701335	0.4401953860556637	0.01000043230739113	0.01000127811324576	0.6924639016712966	0.01000043576234425	0.07712403588822103	0.03145374560413084	0.01000014359453941	0.4616977972770722	0.01000004025686133	0.4582772693928514	0.1393407532687985	0.01000058410679681	0.01013349994518179	0.01004343937314559	0.0562368234077989	0.3081699984329587	0.0790151315219282	0.01000072807624695	0.08779644876328216	0.01000035740628405	0.01000129070116143	0.6896870682498536	0.01000076270846015	0.4083014611717891	0.01000018921126525	0.01000003652248059	0.4808172225582057	0.01000004365907526	0.1790372629215626	0.01000418413773074	0.0100000204625618	0.01000021752495736	0.01000004028806284	0.05111618419697418
0.1088235294117647	-0.5555181123988487	1.3844534031073	0.8559348661642614	0.6154324509792469	0.8172258981771632	0.4667671120269816	-0.9201013160871423	-0.4046419022469016	-0.2616368011100714	0.2582773816448669	-2.555078970195226	2.740112022789905	-0.299450924574741	7.755398258672035	-0.1029655244541337	2.654666020707783	-4.809069908422035	-1.237064642216237	2.684409141542919	2.829041078934393	0.07015885262616867	0.01000073528987087	0.4054310759727554	0.01000041206594054	0.01000125596698768	0.6820527501202679	0.01000047985140588	0.1357407513519625	0.02768513939176102	0.01000012430542357	0.4623380936923136	0.01000004123743632	0.4275690301779369	0.1205829115885469	0.01000048077424998	0.01010901409163664	0.0100354649390299	0.0552265226284305	0.2953891905135695	0.1561876069950857	0.01000104820786195	0.137921333476973	0.0100002890128822	0.0100010324307216	0.4820179240079642	0.01000059384275784	0.4964182980334387	0.01000020461206365	0.01000004060948279	0.4551543391441125	0.01000004741140506	0.1545262102629491	0.01000324304631715	0.01000002305852826	0.01000021571106753	0.01000004117649115	0.04928112617422251
0.1117647058823529	-0.5631034551386137	1.392512437302255	0.8551204877224103	0.6382770815048192	0.8166104553235309	0.4746681410300805	-0.9339252464075791	-0.4074361200719275	-0.2538775622132489	0.265281455213345	-2.600408523445137	2.7400084920299	-0.2543986479873426	7.775438268804882	-0.3103760750740853	2.714768069698533	-4.590978188819522	-0.6823123969627054	2.591673100860618	1.993408126148599	0.0903352889944366	0.01000082325950613	0.3790728441537732	0.01000038295076972	0.01000119030644767	0.6526042023909293	0.01000048469593242	0.1935388147555435	0.02455547353295716	0.01000010932419396	0.4602018985186459	0.01000004272880652	0.3969386463861835	0.1040647293032934	0.01000039696278699	0.01008903789932875	0.01002895998951985	0.05407609535893655	0.2826083825941803	0.2333600824682431	0.01000136833947694	0.1880462181906638	0.01000022061948034	0.01000077416028176	0.2743487797660748	0.01000042497705553	0.5845351348950885	0.01000022001286204	0.01000004469648499	0.4294914557300192	0.01000005116373485	0.1300151576043356	0.01000230195490356	0.01000002565449472	0.0100002138971777	0.01000004206491947	0.04744606815147084
0.1147058823529412	-0.5707434414596583	1.400574150880665	0.8544399958950316	0.661083741525838	0.8153652234059967	0.4826529830008239	-0.9471041004139684	-0.4087803204869871	-0.2463725639110875	0.2703262717317299	-2.581886550652959	2.742603030762378	-0.2081856926214922	7.717694956609662	-0.5452100416279083	2.699996797377301	-4.370798814846315	-0.2443797602447302	2.512873347695505	1.477397714076108	0.1140685280492979	0.01000093033789962	0.3586936138825803	0.01000034933650164	0.01000110186812683	0.6098386643240979	0.01000047417461578	0.2426433512776344	0.02196202480044845	0.01000009819061966	0.4555860578634571	0.0100000447890958	0.3666011487982549	0.0896269206745605	0.01000032906442697	0.01007271807462033	0.01002364629404093	0.05255283571456886	0.2687455461132973	0.2537936123455726	0.01000144131815186	0.2028815732472604	0.01000018067076166	0.01000064782053551	0.1497565131741176	0.01000042975995918	0.5430746471097859	0.01000020647386394	0.01000005253962728	0.4038442556939561	0.01000005655139102	0.1103577490829562	0.01000196919091003	0.01000002919542031	0.01000021227529935	0.01000004309010634	0.0426392625548743
0.1176470588235294	-0.5782151664706191	1.408649198009525	0.8538967489540997	0.683584724844417	0.8133514055917267	0.490462665290949	-0.9596367469615047	-0.4089479767496425	-0.2390892036792374	0.2742092688709871	-2.485990832588428	2.749075306336264	-0.1610721252036211	7.567578111146055	-0.8330144848544792	2.595659486878137	-4.151557116799381	0.117737626672295	2.440959213049016	1.203370948341786	0.1364076689887092	0.01000103113218756	0.3419599635076947	0.01000031455488316	0.01000100644511084	0.5585385083354053	0.0100004664736488	0.2776186445030688	0.0198200012096827	0.01000009055418507	0.4487325907626478	0.01000004746257174	0.3367583011768973	0.07709801728959044	0.010000274331298	0.01005940439687308	0.01001931191337271	0.05047161701990546	0.2548827096324142	0.2742271422229021	0.01000151429682678	0.217716928303857	0.01000014072204299	0.01000052148078926	0.02516424658216038	0.01000043454286284	0.5016141593244833	0.01000019293486584	0.01000006038276957	0.3781970556578929	0.01000006193904719	0.09070034056157682	0.0100016364269165	0.01000003273634588	0.010000210653421	0.01000004411529321	0.03783245695827775
0.1205882352941177	-0.5852874132823238	1.416749487188327	0.853492713908221	0.7055058849067972	0.8104043625109025	0.4978300411453243	-0.9715300774369128	-0.4081517146296761	-0.2320170257414431	0.2774842261799533	-2.311565573489766	2.759835905769799	-0.1137041723399665	7.32517434393533	-1.181722276130228	2.401004313096928	-3.936836206789722	0.420457096556305	2.368314699782944	1.0325587742569	0.1571347721561603	0.01000109498820809	0.328344102647381	0.01000028051727387	0.010000908753941	0.50727417482376	0.01000045867975325	0.3032562796995545	0.01805288402033555	0.01000008644066872	0.4399691521355282	0.010000050927575	0.3074447956406163	0.06630261856110795	0.01000023039292984	0.01004852769876925	0.01001577137866935	0.04829799783234365	0.2136582720113011	0.2863700063460804	0.01000125102637072	0.2280562773921249	0.01000011862087513	0.01000043097419238	0.06465636871516758	0.01000041420484967	0.4765479743503247	0.01000022337818662	0.01000007549238655	0.3545646594849098	0.01000007043619433	0.07289059402641497	0.010001457436343	0.01000003757761985	0.01000020737800968	0.01000004495588756	0.03734877997002801
0.1235294117647059	-0.5917445438094944	1.424887730223	0.8532277099030054	0.7265937716479348	0.8063368776967008	0.5045088566562242	-0.9828000693562178	-0.4064938968778324	-0.2251568059444445	0.2803358425578018	-2.067711759105292	2.774883928328911	-0.06653101755269876	7.000952252700889	-1.594914863551127	2.12743845331497	-3.727686898649094	0.7035954563488431	2.296827677307893	0.9154991151817503	0.1760532549897902	0.0100010985595152	0.3173420760942374	0.01000024867938013	0.01000081238677444	0.4640385324628684	0.0100004485741541	0.3222475169206436	0.01659905794472876	0.01000008586970361	0.4295728789800421	0.0100000553199312	0.2786963778899043	0.057063114081081	0.01000019544395157	0.01003965434448142	0.01001288341914844	0.04640190450641343	0.1724338343901881	0.2985128704692586	0.01000098775591466	0.2383956264803929	0.01000009651970727	0.0100003404675955	0.1041484908481748	0.0100003938668365	0.4514817893761661	0.0100002538215074	0.01000009060200354	0.3309322633119265	0.01000007893334146	0.05508084749125312	0.01000127844576951	0.01000004241889381	0.01000020410259836	0.0100000457964819	0.03686510298177829
0.1264705882352941	-0.5973954289823933	1.433076218437646	0.8531006413521068	0.7466228521084907	0.8009656191418884	0.51028278699859	-0.9934640941233911	-0.404024934867932	-0.2185022924119683	0.2828767121454966	-1.768957486076496	2.793724653587094	-0.02018065732367972	6.611869171098224	-2.062805419746221	1.7921998934013	-3.525342300777335	0.9731899554540945	2.230046604469747	0.8171327588044874	0.1916468218836326	0.01000107030170018	0.3069728142602382	0.01000021993915626	0.01000072211366816	0.4241032699065228	0.0100004452166201	0.3359056121826651	0.01540344969830118	0.01000008924416646	0.4177570189189597	0.0100000607518991	0.2507117906726694	0.04920381527900445	0.01000016795176407	0.01003240492678748	0.01001052442378467	0.04496542026650194	0.1211852947017203	0.2826506650776074	0.01000090438188837	0.2193184218226574	0.01000008829956262	0.01000030297657073	0.06243684809943945	0.01000046456848403	0.4278995872598966	0.01000021537638383	0.01000011705073927	0.3085087671645941	0.01000009047054664	0.04163002750612354	0.01000119641391961	0.01000004905604274	0.01000019951484658	0.01000004637511646	0.03897523467650331
0.1294117647058824	-0.602115278007654	1.441323972867372	0.8531072056818936	0.7654462180109902	0.7941717607215766	0.5150121837580417	-1.00354615558284	-0.4007816545218045	-0.2120282666258357	0.285170979694027	-1.43460717871143	2.8151849545821	0.02433934131330081	6.181066353222679	-2.562282772090621	1.417155616933536	-3.331951849396718	1.23013192498317	2.174096009794219	0.7478097285499674	0.2027137636871954	0.01000103188675829	0.2954754457791202	0.01000019498049118	0.01000064156753636	0.3829809876667996	0.01000045550714026	0.3451042359337357	0.01442248664666283	0.01000009687089115	0.4047034273909406	0.01000006730897584	0.2236854800907409	0.04255786580975448	0.010000146749127	0.0100264904179899	0.01000860024224406	0.04413079631220697	0.0699367550132525	0.2667884596859562	0.01000082100786207	0.2002412171649219	0.01000008007941796	0.01000026548554597	0.02072520535070407	0.01000053527013155	0.4043173851436273	0.01000017693126025	0.01000014349947501	0.2860852710172618	0.01000010200775183	0.02817920752099395	0.01000111438206971	0.01000005569319167	0.0100001949270948	0.01000004695375101	0.04108536637122834
0.1323529411764706	-0.6058182633165237	1.449637454037082	0.8532410166505385	0.7829638434844889	0.7858871789614521	0.5186011517924314	-1.013074656183275	-0.396810454428808	-0.2056961510545349	0.2872437279844942	-1.083478381948349	2.838039994688696	0.06611486807843582	5.73092381397191	-3.069891337989384	1.023482384502353	-3.149013163650392	1.469395154595984	2.135623500637774	0.6538974255200068	0.2093552560579875	0.01000098893192728	0.2814625904587492	0.01000017356924202	0.01000057099107269	0.3426199821362726	0.01000068756318908	0.3567316758238196	0.01361750304993453	0.01000010863611323	0.390539690855829	0.01000007488310675	0.1979690673839375	0.03696525202622498	0.01000013086691632	0.01002165802193413	0.01000702851050694	0.04400899805665626	0.01681771115580126	0.2398279884951874	0.0100007766326589	0.1567319621950514	0.01000007695004794	0.01000025001106855	0.01536299725059373	0.0100028308029908	0.4876834442503195	0.01000014886636179	0.0100001772514844	0.2641162362701771	0.01000011465421464	0.02120120321041573	0.0100011042079333	0.01000006467634639	0.01000019005666581	0.01000004738513955	0.04561715845777349
0.1352941176470588	-0.6084890070228112	1.458018665505941	0.8534929563806678	0.799157563065034	0.7761214674793132	0.521033490361296	-1.022079083632264	-0.3921433829280542	-0.1994429464929809	0.2889717781768056	-0.7326828889554717	2.861241558003505	0.1046668991225779	5.280810346014325	-3.5694509830604	0.6306475803763706	-2.975582106413332	1.703324482258215	2.120436523166481	0.513415021804125	0.211531627108732	0.01000094571534026	0.2636755693565352	0.01000015552708368	0.01000051056911398	0.3049130582591311	0.01000129988831081	0.3763841838048499	0.01295828004285629	0.01000012445318875	0.3753740973521958	0.0100000833919966	0.1739034737156056	0.03228237060782273	0.01000011956703926	0.01001771517682089	0.01000574649629686	0.04468270392884509	-0.03630133270164998	0.2128675173044185	0.01000073225745573	0.1132227072251809	0.01000007382067791	0.01000023453659113	0.01000078915048339	0.01000512633585006	0.5710495033570115	0.01000012080146332	0.01000021100349379	0.2421472015230923	0.01000012730067745	0.0142231988998375	0.0100010940337969	0.01000007365950111	0.01000018518623682	0.01000004781652808	0.05014895054431864
0.1382352941176471	-0.6101457278307969	1.466467541564969	0.8538531585887604	0.8140468245361309	0.7649161314106466	0.5223312311295777	-1.03058587177451	-0.3867947992617425	-0.1931956725567372	0.2901741930282866	-0.398923682737424	2.883740009661213	0.1396852623967132	4.84932952799312	-4.043967779592418	0.2576180069395134	-2.809729365286305	1.934456107842061	2.132122684779264	0.2909067096376944	0.2100570606464115	0.01000090543319299	0.2418750981096998	0.01000014061884454	0.01000045906080675	0.2700299687699065	0.01141451090029973	0.4103563932791484	0.01241812207910077	0.01000014095761732	0.3592599607012041	0.01000009245591179	0.1517465580043972	0.02837497961413371	0.01000011230434687	0.01001449370722079	0.01000469938274554	0.04608101514595586	-0.06753782488260762	0.1881396609286955	0.01000072110774026	0.06161357475175676	0.0100000749462854	0.01000022626879063	0.01000053918367255	0.02492190508298949	0.7855232830493258	0.01000010308743135	0.0100002173331005	0.2198029317640784	0.01000013780701187	0.01220641543094228	0.01000114430820516	0.01000008605103286	0.01000018328057864	0.01000004882838693	0.05548823882467675
0.1411764705882353	-0.6108652429345752	1.474980347018803	0.8543111912183912	0.827715043074768	0.7523699497407732	0.5225830190190823	-1.038610994810253	-0.3807598546642286	-0.186875089927809	0.2906046390125256	-0.09538301009426962	2.904713546471137	0.1711915857683678	4.450501151941932	-4.481225991880893	-0.08060037719221004	-2.64804983399045	2.170049915475722	2.170286434191929	-0.01152380792042287	0.205526703332216	0.01000087051973375	0.2157495487738577	0.01000012866541605	0.01000041552110656	0.2381629842771489	0.01529099148533817	0.4633327898851294	0.01197634026130284	0.01000015558697003	0.3422398961657633	0.01000010178564432	0.1317368367847282	0.02512799533134552	0.01000010866364931	0.01001186551598242	0.01000384541948367	0.04814518932156508	-0.09877431706356526	0.1634118045529725	0.01000070995802478	0.01000444227833257	0.01000007607189289	0.01000021800099013	0.01000028921686171	0.03983868383012892	0.9999970627416402	0.01000008537339938	0.01000022366270721	0.1974586620050644	0.01000014831334629	0.01018963196204707	0.01000119458261342	0.0100000984425646	0.01000018137492047	0.01000004984024579	0.06082752710503486
0.1441176470588235	-0.6107508385219556	1.483551531346394	0.8548567049177351	0.840274315894697	0.7386114325619161	0.5219072421264515	-1.046163529425999	-0.3740335196350852	-0.1804118738519872	0.2899989424687699	0.1641099799714192	2.922970605149771	0.199112053143622	4.100409512086424	-4.859346012871243	-0.3690356501543063	-2.487770053362342	2.395837515095654	2.217781153570578	-0.4120264587362923	0.1979046860500669	0.01000086371109168	0.1889040237023002	0.01000011970127229	0.01000037903006435	0.2091865278364518	0.06325231309020515	0.5202334007384467	0.01161471536930369	0.01000016569504616	0.3243371947419159	0.01000011065974138	0.1138953742001827	0.02243593470699219	0.01000010853292219	0.01000971938043791	0.01000314830245143	0.04940194206026925	-0.1256520566228664	0.1326184897901338	0.01000094961905507	0.01000264401429	0.01000008347113565	0.01000021595654744	0.01000022492428302	0.5199185938902441	0.9999977200332998	0.01000007222092801	0.01000019830065043	0.1745017495429233	0.01000015173341985	0.01012665768193272	0.01000139979867536	0.01000011689520659	0.01000019145643927	0.0100000537976718	0.05060023721051306
0.1470588235294118	-0.6099532314682975	1.492170049454148	0.8554786404919298	0.8518974822427863	0.72387508894077	0.5204704108396015	-1.053245503057354	-0.3667138715709959	-0.1738700204585482	0.2881122679793549	0.3691947858118629	2.936900516981579	0.2231584606666237	3.813948751090876	-5.146147972637315	-0.5981173652610923	-2.328068364603948	2.57350277923893	2.223759810171646	-0.8825888109686236	0.1871123766531927	0.01000090232327861	0.1647370947302314	0.01000011375266893	0.01000034888703933	0.1829815226310455	0.1735008527396155	0.5695863151915217	0.01131920813589897	0.01000016926647918	0.3055669994775692	0.01000011852873903	0.09822039248952304	0.02021147336634505	0.01000011182684674	0.01000797058658523	0.01000258038156906	0.0487108242667122	-0.1525297961821674	0.1018251750272951	0.01000118928008535	0.01000084575024742	0.01000009087037842	0.01000021391210476	0.01000016063170433	0.9999985039503591	0.9999983773249591	0.01000005906845664	0.01000017293859365	0.1515448370807821	0.01000015515349342	0.01006368340181837	0.01000160501473731	0.01000013534784858	0.01000020153795806	0.01000005775509782	0.04037294731599129
0.15	-0.6086332622657852	1.500822435666481	0.8561654206813617	0.8627750980033596	0.7084426623788237	0.5184465144958913	-1.059858601565486	-0.3589734582559379	-0.1674140376390431	0.2848610162594341	0.5228138192416979	2.946246879845471	0.243325227184186	3.589454581253268	-5.338448577264471	-0.7721179503379442	-2.168615485499303	2.682788567161644	2.152004269283505	-1.312732621835623	0.1754998880669105	0.01000103427638553	0.1431239525908148	0.01000011001565669	0.01000032363100819	0.1594274166479356	0.2850468449051798	0.6129533361648031	0.01107748218023919	0.01000016942651184	0.2861288545024201	0.01000012587714144	0.08455181181506709	0.01837566352072355	0.01000012006337417	0.01000654505797554	0.01000211752353014	0.04632020263152367	-0.08110530214557837	0.1004662038999395	0.01000202577662481	0.01000075722818379	0.01000009581171695	0.01000020913658651	0.01000014604598486	0.9999989724327711	0.9999985532942046	0.01000005185481301	0.01000016750301575	0.1311206734795219	0.01000016167929805	0.01003400877020469	0.0100014898469856	0.01000017667799898	0.01000022405153032	0.01000006527131734	0.02911971926038041
0.1529411764705882	-0.6069106234295513	1.50949811799701	0.8569068662932312	0.8730508892804768	0.6925280591464006	0.5159639181795193	-1.066000752175433	-0.3509750547514501	-0.1612953143910475	0.2804816627729211	0.6430101367425346	2.952741877355175	0.2603309479241631	3.404708102340412	-5.474028108561654	-0.9100333466709993	-2.007823793838631	2.748936108051205	1.994423301545098	-1.649698012251337	0.1651122614766449	0.01000129606667328	0.1239271046188128	0.01000010787794165	0.01000030214924402	0.1383946245983629	0.3705367461034418	0.6513034304730837	0.01088006805041282	0.01000016855535269	0.2661994983221638	0.01000013307395067	0.07271886316385394	0.01686480171926519	0.01000013439858755	0.01000538637475733	0.01000174134794397	0.04240216169813012	-0.009680808108989318	0.09910723277258394	0.01000286227316425	0.01000066870612015	0.01000010075305549	0.01000020436106826	0.01000013146026538	0.9999994409151829	0.9999987292634501	0.01000004464116939	0.01000016206743784	0.1106965098782617	0.01000016820510268	0.010004334138591	0.01000137467923389	0.01000021800814938	0.01000024656510258	0.01000007278753687	0.01786649120476954
0.1558823529411765	-0.6048903249373684	1.518188582528056	0.8576945546466977	0.8828471944666142	0.6763165312061471	0.5131369699335669	-1.07166155177164	-0.342878443702957	-0.1557826867190351	0.2751916514814609	0.7243264539367895	2.956332383134177	0.275118991993245	3.263330239710002	-5.536025140960885	-1.005075268744665	-1.839750214420652	2.743549593951436	1.754461206237531	-1.942677968415505	0.1583044756733249	0.01000165871366959	0.1070009894240214	0.01000010606934312	0.01000028340672285	0.119746430958181	0.4413446896530712	0.6854405175762495	0.01071865644056752	0.01000017052011226	0.2460783779105806	0.01000014181209529	0.06254757069538501	0.01562192421352153	0.01000015126562816	0.01000444280382299	0.01000143523833805	0.03953780585187806	-0.03158795809729204	0.1323193194726666	0.0100036524368082	0.01000085917726255	0.01000009548101799	0.01000019620515218	0.01000013910231306	0.9999994153703488	0.9999988699597667	0.0100000397891667	0.01000019540270172	0.09481072185391283	0.01000019230353075	0.01000282649102111	0.01000106506941283	0.01000023387283926	0.01000025648251382	0.01000007821028183	0.03306508536434078
0.1588235294117647	-0.6026879171358349	1.526885710717669	0.858524165420016	0.8922854837227531	0.6600442980222175	0.5100941589035621	-1.07681240215931	-0.3349142324986337	-0.1509732032319195	0.2690825670618071	0.7668444671009635	2.957273165180371	0.2888381934232691	3.161257269941354	-5.515307674261337	-1.056820039826667	-1.661058332033944	2.658904214015804	1.516285255815383	-2.206667739422945	0.1570467359358429	0.01000210014562468	0.0921848351766868	0.0100001036224818	0.01000026661516234	0.1033306712508524	0.5012321838107076	0.7159318756402315	0.01058688564302458	0.01000017826601126	0.2260389128591629	0.01000015338092251	0.05386370138441401	0.01460189668053335	0.01000016794794937	0.01000367494363456	0.01000118653935391	0.03977445374044999	-0.05349510808559475	0.1655314061727493	0.01000444260045216	0.01000104964840494	0.0100000902089805	0.01000018804923611	0.01000014674436075	0.9999993898255146	0.9999990106560833	0.01000003493716401	0.01000022873796561	0.07892493382956392	0.01000021640195881	0.01000131884345123	0.01000075545959177	0.01000024973752913	0.01000026639992507	0.01000008363302678	0.04826367952391201
0.1617647058823529	-0.6003948742957638	1.535583587331948	0.8593935918087376	0.9014522447765499	0.6439144222097914	0.5069382619830566	-1.081423764012444	-0.327278382498616	-0.1467618907177238	0.2622166507694246	0.7914966869710709	2.957293899215815	0.3024288658267915	3.071858996903669	-5.449139302126644	-1.087998248393069	-1.472972261202449	2.527996924554825	1.358256193797687	-2.460095632715195	0.159463804088417	0.01006476744019484	0.07931125224535197	0.01000010095225634	0.01000025157347187	0.08898748757456687	0.5530627074557111	0.7432679969798924	0.01047917883007732	0.01000019190768465	0.2048341369011351	0.01000016815419234	0.0464936137009395	0.01376467485270686	0.01000018363808714	0.01000304923428142	0.01000098430377376	0.04117759264906615	-0.07279788191330556	0.1825970902846201	0.01066161331858832	0.0100014463494388	0.01000008804137525	0.01000018167190263	0.01000015277573593	0.9999994294109875	0.9999991292438428	0.01000003102839045	0.01000027484595211	0.04446680735304655	0.01000025010832419	0.01000107809441717	0.01000065270137392	0.01000025670668243	0.0100002733623827	0.01000008828274653	0.04761775188935412
0.1647058823529412	-0.5980375129605721	1.544281621693563	0.8603034947185223	0.9103535881178513	0.6280132937512479	0.5037011787231558	-1.085466971537594	-0.3200758791862014	-0.1429196436215797	0.2546235322027878	0.8105810437829047	2.957380433369334	0.316362227746053	2.980773225444304	-5.359759473621231	-1.11202675061542	-1.274713389004873	2.364228466445778	1.26532077154041	-2.701165285915943	0.1639214046705836	0.01023695351222553	0.06820420728343603	0.01000009837465665	0.01000023812849922	0.07654502017200937	0.5983739392460861	0.7678229913208249	0.01039127374200677	0.01000021153243911	0.1812938604421999	0.01000018641656319	0.04027430941010114	0.01307893045574773	0.01000019772107079	0.01000254011575489	0.01000082019405778	0.04222442951878332	-0.09210065574101639	0.1996627743964908	0.01131878403672448	0.01000184305047267	0.01000008587377001	0.01000017529456915	0.0100001588071111	0.9999994689964604	0.9999992478316024	0.01000002711961689	0.01000032095393861	0.0100086808765292	0.01000028381468956	0.01000083734538311	0.01000054994315609	0.01000026367583572	0.01000028032484032	0.01000009293246629	0.04697182425479621
0.1676470588235294	-0.5956225336445495	1.552980804200861	0.861255266251837	0.9189734427372698	0.6123903793584535	0.5003934319539799	-1.088910840292946	-0.3133854299310528	-0.1392832469687591	0.2463318846879769	0.8329310890998021	2.958254621982192	0.3309695135427203	2.878019279512703	-5.264445247860506	-1.138508266035266	-1.065454861977813	2.183806347841337	1.210324793632628	-2.936320872458972	0.1693108000400133	0.01048544071313348	0.0586861152218491	0.01000009594329389	0.01000022605897446	0.06582764232805323	0.6383940770982065	0.7899293673626729	0.01031943646960151	0.01000023953341325	0.1579168037488106	0.01000021061134085	0.03505021826690953	0.01251696208847798	0.01000021184183762	0.01000212428008	0.01000068697426093	0.04286145850248053	-0.109819521021502	0.2056526675537323	0.01184518336130254	0.01000290166000995	0.01000008445750184	0.01000016977425782	0.01000016396207556	0.9999995032455993	0.999999318318577	0.01000002405702286	0.01000040429749587	0.01000588070764583	0.01000035029838217	0.01000072962511383	0.01000049393774202	0.01000028479974649	0.01000027435142171	0.01000009742817559	0.04497413320747075
0.1705882352941177	-0.5931301171541774	1.561684242707513	0.8622511218489783	0.9272671801370583	0.5970423044439417	0.4969966170781777	-1.091724573651244	-0.3072386105472166	-0.1357830516516522	0.2373559632571262	0.8632383223404425	2.960274512930805	0.3463393911481883	2.759013516095929	-5.172868628389264	-1.172593063121279	-0.8462213190078713	1.994560153953354	1.172703863255144	-3.166471548823028	0.174742856992868	0.0107849072281402	0.05058184724005328	0.01000009369899869	0.01000021519637671	0.05665779143744731	0.6739240343439349	0.8098535601465167	0.01026081658236802	0.01000027773323916	0.1370514461131093	0.01000024259936532	0.03068307892838261	0.01205728635995736	0.01000022725318434	0.01000178397548974	0.01000057913340803	0.04304591714882481	-0.1275383863019875	0.2116425607109738	0.01237158268588059	0.01000396026954722	0.01000008304123368	0.01000016425394649	0.01000016911704001	0.9999995374947384	0.9999993888055519	0.01000002099442882	0.01000048764105312	0.01000308053876247	0.01000041678207478	0.01000062190484454	0.01000043793232794	0.01000030592365725	0.0100002683780031	0.01000010192388489	0.04297644216014528
0.1735294117647059	-0.5905332013066209	1.570395584585522	0.8632933425524798	0.9351836569564013	0.5819498696296346	0.493484353626881	-1.093880263543138	-0.3016523317329051	-0.1323845009794027	0.2277072677688267	0.9044794732593531	2.963669801660988	0.3624691853310173	2.621145453164357	-5.092154817211183	-1.217539366937767	-0.618550871433969	1.804690905265615	1.139509891366036	-3.394547427073208	0.1791315997251987	0.01104217492090253	0.04372050725381987	0.0100000916625528	0.01000020543440452	0.04885996900312201	0.705638495346921	0.8278367259233527	0.01021291805218896	0.01000033482458192	0.1185606113108442	0.01000028343307713	0.02704418250986546	0.01168097778465993	0.01000024428569962	0.01000150467937553	0.01000049179806783	0.04313945045686154	-0.1461731591866938	0.202174370570654	0.01201477320124874	0.01000654333636107	0.01000008221853719	0.0100001600250405	0.01000017537605852	0.9999995663759252	0.9999994290483755	0.0100000185684256	0.01000068316912063	0.01000402135420511	0.01000050996509444	0.01000053862461012	0.01000040513596554	0.01000033311944888	0.01000026011833257	0.01000010571812993	0.04417506309918961
0.1764705882352941	-0.5877989730805261	1.579118958232263	0.8643838729279739	0.9426677694621839	0.5670757009787483	0.4898240720775004	-1.095356655624116	-0.2966193613074946	-0.1290729975995489	0.217388589898739	0.9566107397464277	2.968456115669785	0.3791899681032745	2.465005782874795	-5.024447637263254	-1.273245369818407	-0.3842988075857575	1.618310449500649	1.113511704426077	-3.622059568439112	0.1816050802656996	0.01118642011693852	0.0379436565322343	0.01000008984978375	0.0100001966920979	0.04226774256135272	0.734027742275021	0.8440783300363279	0.01017383691783126	0.01000041742783792	0.1022916684595075	0.01000033391402307	0.02402402247120491	0.01137344597627307	0.01000026319116225	0.01000127533110802	0.01000042125658721	0.04342230437478174	-0.1648079320714002	0.1927061804303344	0.01165796371661689	0.01000912640317491	0.0100000813958407	0.01000015579613451	0.01000018163507703	0.9999995952571125	0.9999994692911991	0.01000001614242237	0.01000087869718814	0.01000496216964775	0.0100006031481141	0.01000045534437571	0.01000037233960313	0.01000036031524051	0.01000025185866204	0.01000010951237497	0.04537368403823394
0.1794117647058824	-0.5848960794206697	1.587858426989355	0.8655242545847142	0.9496670414904488	0.552380366583693	0.485984935101473	-1.096136178552695	-0.2921252607489842	-0.1258232138628859	0.206399987048182	1.018778632553566	2.974588711769345	0.396297335574572	2.292057624291047	-4.970551818775951	-1.338714983337687	-0.1451861925364892	1.439185290895034	1.098232896811986	-3.850547010047603	0.1817460570645811	0.01126585461175197	0.03310053588807942	0.01000008826852698	0.01000018892017104	0.03672161407405929	0.7595200488979209	0.8587610784219146	0.01014190642165634	0.01000054923199395	0.08822368242170821	0.01045831932616603	0.02152255566007615	0.0111218668391475	0.01000029306446934	0.0100010868751281	0.01000036426898533	0.04386202099774301	-0.1830253273833116	0.1730036968051401	0.0115840945196469	0.01000772624056524	0.01000008110323311	0.01000015308614538	0.01000017657165317	0.999999616910315	0.9999994894787371	0.01000001420184987	0.0100013753839009	0.01175803210319895	0.01483614812712687	0.01000060514120103	0.01000035168763447	0.01000048729091041	0.01000024787489564	0.01000011268291908	0.04658464209653539
0.1823529411764706	-0.5817977947502245	1.596617751081592	0.8667151971201444	0.9561360991812241	0.5378243840012323	0.4819413532963524	-1.096207217984267	-0.2881446986515911	-0.1226016766753182	0.1947362154860588	1.089476626946879	2.981957743567639	0.4135713656123409	2.104460033381918	-4.929688404699108	-1.412267853601903	0.09746997037822988	1.269104295940822	1.094304051041251	-4.081174292304202	0.1791861038614071	0.01131710964619792	0.02905854728634663	0.01000008692475001	0.01000018208108749	0.03207861813334105	0.7824481653597319	0.8720392210420697	0.0101158558274652	0.01000074827873443	0.07630679101324032	0.01172039176118556	0.01945742600825344	0.01091639341617507	0.01000034083236282	0.01000093241460935	0.01000031836766342	0.04443323956926298	-0.2012427226952232	0.1533012131799459	0.01151022532267691	0.01000632607795558	0.01000008081062553	0.01000015037615625	0.0100001715082293	0.9999996385635175	0.9999995096662747	0.01000001226127738	0.01000187207061366	0.01351110203675015	0.01967169310613964	0.01000075493802636	0.0100003310356658	0.01000061426658032	0.01000024389112924	0.01000011585346319	0.04779560015483685
0.1852941176470588	-0.5784805477982995	1.605400451778916	0.8679569768562148	0.9620340190071036	0.5233703409371172	0.4776712345708342	-1.09556063855877	-0.2846492534758249	-0.1193749257111451	0.1823901492349198	1.167303295500958	2.990448743497709	0.430803188205466	1.904320897977313	-4.901010470061602	-1.49236630486794	0.3420329453994664	1.109765950702071	1.10150109015458	-4.314776613274057	0.1726251444719579	0.01135514298161305	0.02569511109972219	0.01000008587379313	0.01000017620884538	0.02820518843411549	0.8031098484404489	0.8840551516897458	0.01009457292486578	0.01091760604043064	0.0660455465625736	0.01331688997534053	0.01775438102017812	0.01074838419823198	0.01000038969127509	0.01000080550262654	0.01000028141000039	0.04504669198448116	-0.2171499275479738	0.109770671526113	0.01153837500893508	0.0100042368507972	0.01000008157732139	0.01000014989084352	0.01000022975800056	0.9999996544070134	0.9999995143876771	0.01000001069079214	0.01968160863044311	0.01175636119296089	0.02118797882174737	0.01000106593377644	0.0100003196079419	0.01000059960077333	0.01000023982396821	0.01000011857235301	0.04825586175822785
0.1882352941176471	-0.5749251165699908	1.614209626119133	0.8692491237171763	0.9673273718149794	0.5089834424646207	0.4731571195905556	-1.094196265914624	-0.2816050899585091	-0.1161127615240671	0.1693514950856013	1.251441934887802	2.999959820734165	0.4478210105383774	1.693354461139362	-4.884030082398495	-1.578185306839056	0.5855693590592105	0.9622327681944699	1.118385042616606	-4.552134063066315	0.1608876444577296	0.01139135566521799	0.02290675729242999	0.01000008515780392	0.01000017132933795	0.02498692969541214	0.8217465355213415	0.8949306936132346	0.01007721005845665	0.01343864368497907	0.05698445069783165	0.01489285741464685	0.01635374664107482	0.0106112217230716	0.01000042684348288	0.0100007012291318	0.01000025176415765	0.04563323677911744	-0.2330571324007244	0.06624012987228015	0.01156652469519326	0.01000214762363883	0.01000008234401725	0.0100001494055308	0.01000028800777182	0.9999996702505093	0.999999519109079	0.01000000912030691	0.02936134519027256	0.01000162034917163	0.0227042645373551	0.01000137692952653	0.010000308180218	0.01000058493496635	0.01000023575680719	0.01000012129124283	0.04871612336161886
0.1911764705882353	-0.5711143153658029	1.623048136394218	0.870590811137951	0.9719867166710477	0.4946305666406015	0.4683836453209443	-1.092120051763796	-0.2789768535768715	-0.1127892983602952	0.1556090604139485	1.338708446552011	3.010252809526236	0.4643192015377856	1.47597515111449	-4.87516421557773	-1.666199450363449	0.8259350968875175	0.8264976467410488	1.141082312656389	-4.793574456660063	0.1455965381412564	0.01141997594450441	0.02059945092729073	0.01000008489880668	0.0100001675647216	0.02231909545656718	0.8385777289443841	0.9047788787939132	0.01006302541320575	0.01543125883671928	0.04913713467599218	0.01614969493198375	0.01520216927323826	0.01049910459658739	0.01000043636733346	0.01000061525131302	0.01000022802290917	0.04621082908220144	-0.2432347949727631	0.03812126137606504	0.01152981555516469	0.01000157408016878	0.01000008506911571	0.01000015219554938	0.01000119644176673	0.999999681092999	0.9999995086671662	0.0100000078371826	0.01968067122983111	0.01000124043077765	0.02097800838698322	0.01000113848043656	0.01000030550250903	0.01000037873729478	0.0100002311101576	0.01000012377470247	0.04932681963741105
0.1941176470588235	-0.5670573871044373	1.631917146429304	0.8719791941141601	0.9760153145281667	0.4803104839162622	0.4633652272127304	-1.089339713383619	-0.2767343410046094	-0.1094033808383934	0.1411489809699391	1.418808333768622	3.020699657535289	0.4795739882339368	1.264446501853746	-4.861730774616122	-1.744747117088794	1.064373835016458	0.6999405778190438	1.160854006145028	-5.040132508268861	0.1280942349991981	0.01143660203709256	0.01869622520374498	0.01000008518973605	0.01000016500803158	0.02011503006790315	0.8537863800683	0.9136972480666858	0.01005145375598537	0.01529002991389062	0.04250160598375328	0.01686182306158618	0.01425749548366954	0.01040759829086977	0.01000040613677229	0.01000054426164209	0.0100002091145	0.04679337135235597	-0.2534124575448017	0.01000239287984993	0.01149310641513611	0.01000100053669873	0.01000008779421417	0.01000015498556795	0.01000210487576163	0.9999996919354885	0.9999994982252535	0.0100000065540583	0.00999999726938967	0.01000086051238367	0.01925175223661132	0.01000090003134659	0.01000030282480007	0.01000017253962321	0.010000226463508	0.01000012625816211	0.04993751591320326
0.1970588235294118	-0.5627860037906036	1.64081647540611	0.8734098661527243	0.9794428469262106	0.4660497217989946	0.4581417283178448	-1.085859176135631	-0.2748532632914575	-0.1059707101223772	0.1259556449036358	1.483862792306514	3.030811523388285	0.4929974421126082	1.068151223081778	-4.833919417161351	-1.804928534613933	1.302154766715704	0.5804181719147008	1.173062014179533	-5.292068327814478	0.1106648612763364	0.01141530034992348	0.01712774663560022	0.01000008606053976	0.01000016367584183	0.01829626087387399	0.8675405549855267	0.921776603605361	0.01004200047218417	0.01432891578511198	0.03691797257537652	0.01761744281567946	0.01348239801397103	0.0103328174923522	0.01000036653364649	0.01000048540094225	0.01000019405903577	0.04743999686773305	-0.2538609121935955	0.01000156808551442	0.01115768408179281	0.01000080055140441	0.01000009193538691	0.01000016036644456	0.01000175952707921	0.9999996975850902	0.9999994631169646	0.01000000550210201	0.01000050887530335	0.01000070425192217	0.02272156470522956	0.01000081970898725	0.01000030579281605	0.01000020763832579	0.01000022160268805	0.01000012806048255	0.05123661071985752
0.2	-0.5583397796634094	1.649745258194503	0.8748774993273104	0.9823095905125634	0.4518854758621633	0.4527615511080576	-1.081681371972935	-0.273312905259285	-0.1025047811465514	0.1100148595651647	1.537700086853751	3.040728249414768	0.5047075607288986	0.883110109903759	-4.79609977191935	-1.851288371221805	1.538515337018287	0.4682511947530565	1.183469622815659	-5.548398013343055	0.09538241731012273	0.01133628932268897	0.0158385235311895	0.01000008753402623	0.01000016358077514	0.01679950263004506	0.8799828492786705	0.9290957449318817	0.01003428874350932	0.01354134281363089	0.03224277357969817	0.01886165864279455	0.01284773154948614	0.01027179590494568	0.01000034069700531	0.01000043649163846	0.01000018211022109	0.0481965214921582	-0.2543093668423891	0.01000074329117892	0.01082226174844951	0.01000060056611009	0.01000009607655966	0.01000016574732117	0.01000141417839679	0.999999703234692	0.9999994280086756	0.01000000445014572	0.01000102048121703	0.01000054799146067	0.0261913771738478	0.01000073938662791	0.01000030876083202	0.01000024273702836	0.01000021674186809	0.010000129862803	0.05253570552651177
0.2029411764705882	-0.5537457758031132	1.658703169469027	0.8763773091794635	0.9846422993063544	0.4378402446072953	0.4472583827740075	-1.076811558958001	-0.2720906685190628	-0.09900502180791175	0.09331483514989738	1.586261724024135	3.050695170669612	0.5149657365103266	0.702951582645386	-4.755226462425164	-1.89080892623223	1.772490223501234	0.364425358360325	1.196764406106604	-5.808121889423272	0.08208164736219679	0.01121626555763887	0.01477905772096147	0.01000008963108591	0.01000016475267785	0.01556831962779359	0.8912451473828162	0.9357281875357694	0.01002798884840057	0.01289566280721523	0.02834190223539074	0.0211802556392777	0.0123277460203999	0.01022193597535485	0.01000032558368465	0.01000039566671107	0.01000017265123419	0.04896426859147415	-0.2461413972898453	0.01000056954961692	0.01054846466574156	0.01000050140781965	0.01000010164368237	0.01000017391759454	0.01000146292745349	0.9999997034933441	0.9999993670762091	0.01000000358605718	0.01000077621237924	0.01000047317801664	0.0370009304511482	0.01000068827411091	0.01000031743886638	0.01000027323559182	0.01000021206972821	0.01000013136533219	0.05292499666212185
0.2058823529411765	-0.549008597840465	1.667690781277314	0.8779055483525184	0.9864435393091324	0.4239102085476967	0.4416394819519859	-1.071257707656079	-0.271160076270329	-0.09546265123623429	0.07584647609570717	1.635058476452978	3.060924612374326	0.5240394989419479	0.5217113320150178	-4.717767039136083	-1.929986463042323	2.00366137216971	0.2699329405408075	1.212445261281382	-6.070865567810641	0.07058756281469036	0.01106795590006651	0.0139103533985216	0.01000009236762911	0.01000016721428114	0.01455801116516342	0.9014406450673808	0.9417379645603036	0.01002284961686132	0.0123672672375303	0.02510041199031906	0.02500580389837213	0.01190249812547868	0.01018125617188776	0.01000031887598662	0.01000036150422179	0.01000016521229874	0.04966677572690974	-0.2379734277373015	0.01000039580805491	0.01027466758303361	0.01000040224952921	0.01000010721080507	0.01000018208786791	0.01000151167651018	0.9999997037519962	0.9999993061437426	0.01000000272196863	0.01000053194354144	0.01000039836457261	0.04781048372844858	0.01000063716159392	0.01000032611690074	0.01000030373415528	0.01000020739758834	0.01000013286786137	0.05331428779773192
0.2088235294117647	-0.5441223700747783	1.676709057565207	0.8794589890304703	0.9877045260694762	0.4100792563786539	0.435899732518903	-1.065028406584891	-0.2704928038961896	-0.09187169952520828	0.05760143087182193	1.688752060213652	3.071575654833979	0.5321523521963548	0.3344465113504768	-4.689154276475332	-1.974354467392353	2.231598373574939	0.1855268701081043	1.22952153128175	-6.336231931410574	0.06072287143252876	0.01091661451565571	0.01319785063474509	0.0100000958569586	0.01000017116685052	0.01373130930380841	0.9106744993322149	0.9471849006058465	0.01001865127906898	0.0119345428498146	0.02241294032428188	0.02926928004754474	0.01155442882631217	0.01014802213999988	0.01000031943596773	0.01000033277048761	0.01000015939352751	0.05034054928598922	-0.2237813704488253	0.01000032570323801	0.01021198080940411	0.01000034649000509	0.0100001152532706	0.0100001949627262	0.01002777826542949	0.9999996995029723	0.9999992173374455	0.01000000200947195	0.01000042538656359	0.01000035398370576	0.05026323904863461	0.01000060259605554	0.01000034405157735	0.01000033902829506	0.01000020302370927	0.01000013418803985	0.05399088667958738
0.2117647058823529	-0.5390678465686222	1.685759299196579	0.8810349868367968	0.9884031472954978	0.3963159255057102	0.4300179185206293	-1.058134570062482	-0.2700586558800809	-0.0882294679400743	0.03857177798753163	1.749499579972173	3.082661045939024	0.5393783462366426	0.139302768675714	-4.671784557788684	-2.026590367372115	2.455545478999716	0.11140837707988	1.247315575674797	-6.604398776886065	0.05231144067912941	0.0107815121011615	0.01261461837599998	0.01000010018536662	0.01000017676367129	0.01305903229480439	0.9190376456594425	0.9521212300547169	0.01001522643376084	0.0115807971936878	0.02019227519454196	0.03317542618150847	0.01127001347177588	0.01012091155050869	0.01000032639696128	0.01000030852592526	0.01000015489036323	0.05101388289676983	-0.2095893131603491	0.0100002555984211	0.01014929403577461	0.01000029073048096	0.01000012329573613	0.01000020783758449	0.01005404485434881	0.9999996952539484	0.9999991285311481	0.01000000129697527	0.01000031882958573	0.0100003096028389	0.05271599436882064	0.01000056803051717	0.01000036198625395	0.01000037432243484	0.0100001986498302	0.01000013550821832	0.05466748556144285
0.2147058823529412	-0.5338226304952386	1.694842770047038	0.8826309782565495	0.9885149846776961	0.3825853281776032	0.4239688057094273	-1.050588724186388	-0.2698271714436276	-0.08453457630105905	0.01874910208941787	1.818830635219904	3.094162544595832	0.5457577446599019	-0.06482977601890358	-4.66743272986013	-2.088643220721147	2.6747321487239	0.04795056971729564	1.264913736433245	-6.875695970364143	0.04518069122721711	0.01065893408708887	0.01213688992740107	0.01000010567151259	0.01000018455707742	0.01268316444492597	0.926614806184116	0.9565957921046402	0.01001242861111235	0.0112913422000496	0.01835961751888454	0.03660497647063599	0.01103736877169187	0.01009876787150545	0.01000033946191525	0.01000028800296349	0.01000015146252128	0.05165870375567507	-0.1909950187899552	0.01000021975594946	0.01007962539543102	0.01000025685263197	0.01000013638111692	0.01000022983309808	0.01188900254600024	0.9999996881129672	0.9999988399816687	0.01000000071152905	0.01000026821355745	0.01000028082509964	0.0530063473551594	0.01000054031637348	0.01000039807255012	0.0100004192819969	0.01000019514941578	0.01000013692241905	0.05501828689076813
0.2176470588235294	-0.5283595293891451	1.703960628354334	0.8842445143081181	0.9880125225704565	0.3688462558916151	0.417720976772411	-1.042406131352462	-0.2697651258816914	-0.08079054597530425	-0.001877463817744841	1.89766140221487	3.10604451658795	0.5513086958714181	-0.2784208841420697	-4.677547529147869	-2.16171733292588	2.888533410324924	-0.003810057591842981	1.280729882657681	-7.151043983039332	0.03916957386202144	0.01054604760032872	0.01174628294928936	0.01000011255808995	0.0100001949677306	0.01271190988997335	0.9334796048732821	0.9606512976072085	0.01001014624842468	0.01105488599351714	0.01685138926355154	0.03946613061267171	0.01084737574542226	0.01008070964273313	0.01000035840459244	0.01000027061701373	0.01000014892699904	0.05225319674803863	-0.1724007244195613	0.01000018391347782	0.01000995675508744	0.01000022297478298	0.01000014946649771	0.01000025182861167	0.01372396023765168	0.9999996809719862	0.9999985514321895	0.01000000012608284	0.01000021759752917	0.01000025204736038	0.05329670034149817	0.01000051260222979	0.01000043415884628	0.01000046424155897	0.01000019164900136	0.01000013833661978	0.05536908822009343
0.2205882352941176	-0.5226497167033968	1.713113951004265	0.885873165900155	0.9868675199786365	0.3550549595844014	0.4112408348191205	-1.03360328004806	-0.2698385679769986	-0.07700412262651296	-0.02331407019909664	1.987022664189714	3.118250688530571	0.5560241670836914	-0.5019913632402963	-4.703280424213285	-2.247204938025856	3.096217387575401	-0.04495481104819785	1.293330595656103	-7.424300126709475	0.03412488734513947	0.01044734425261878	0.01142662119514492	0.01000012174134156	0.01000020950930468	0.01284643230196596	0.9397007649138178	0.9542422360642813	0.01000828173495236	0.01086151163072379	0.01561072853158888	0.04230085779987199	0.01069203332516574	0.01006596742005823	0.01000038353631323	0.01000025587638081	0.01000014715983583	0.05276924531823096	-0.1516346660584354	0.01000016258637709	0.01000694927619496	0.0100002018072508	0.01000017481626385	0.01000029504166225	0.01318920524191259	0.9999996640997773	0.7873740981607511	0.009999999659648826	0.01000018855877607	0.01000023213034541	0.05845922229112094	0.01000048651027075	0.01000050904191856	0.01000052424383648	0.01000018923074312	0.01000014022654585	0.05529076752461182
0.2235294117647059	-0.5166593287757013	1.72230349007019	0.8875143610578463	0.9850489822870145	0.3411637447817965	0.4044878551209985	-1.024200076655506	-0.2700226497339231	-0.07318688011182299	-0.04554071027150417	2.088452566739017	3.13067167946312	0.5598383205165566	-0.7364247520075754	-4.745492106013914	-2.347246999411372	3.296772830268297	-0.07904502749168013	1.301686915468765	-7.688266892957233	0.02991112805960903	0.01036624409411174	0.01116545647448312	0.01000013390385272	0.01000022933462505	0.01285832823477232	0.9453381991348522	0.928566808535318	0.01000676072509542	0.01070361877233185	0.01459258438721624	0.04551725694191443	0.01056521699974931	0.01005395490599446	0.01000041509418151	0.01000024340658572	0.01000014606662227	0.05318491455604663	-0.1308686076973094	0.01000014125927636	0.01000394179730249	0.01000018063971862	0.01000020016602999	0.01000033825471282	0.0126544502461735	0.9999996472275683	0.5747496448893126	0.009999999193214818	0.01000015952002298	0.01000021221333043	0.06362174424074371	0.0100004604183117	0.01000058392499085	0.01000058424611399	0.01000018681248487	0.01000014211647192	0.05521244682913024
0.2264705882352941	-0.5103512404832863	1.731529775580418	0.8891653919503129	0.9825239169698585	0.3271227572191157	0.3974169924552684	-1.014218407558411	-0.2702972143036856	-0.0693522394073449	-0.06853470091459968	2.203741535202036	3.143232124108809	0.5627395234753403	-0.9831250986470843	-4.806053154188247	-2.46422152862385	3.489580174821907	-0.105704810050349	1.304870861022152	-7.948474477969373	0.02640242519085179	0.01029963245759065	0.01095185548222244	0.01000015305300223	0.01000026084413607	0.01287345359442371	0.9504479014686699	0.8906708184319394	0.01000551817238111	0.01057454134499754	0.01375694964463512	0.0500910387153563	0.01046155808838212	0.01004416148570893	0.0100004538604246	0.01000023283406076	0.01000014565857952	0.05348016379180987	-0.1094970502131009	0.01000012817161665	0.01000313360482281	0.01000016784204801	0.01000027378864845	0.01000045961822948	0.01321144186085251	0.9999996032307321	0.4722111862539518	0.009999998848764657	0.01000014095036447	0.01000019779178847	0.08084387596557875	0.01000043271270092	0.0100007232729603	0.01000066536031759	0.0100001849913578	0.0100001454727823	0.05469717278341511
0.2294117647058824	-0.5036802958445196	1.740793265250931	0.8908238690613167	0.9792511556185696	0.3128712337713997	0.3899731289800424	-1.003680087279698	-0.2706329482054167	-0.06551703917965848	-0.09230131151615745	2.335194882258087	3.155970508457602	0.5649017491218591	-1.24485805521796	-4.888656507837829	-2.600887549868423	3.675295633768268	-0.1206401732303798	1.302067391250439	-8.213648464711584	0.02349208274950489	0.01024513277444322	0.01077743339480956	0.01000018224083977	0.01000030891246386	0.01298783570806632	0.955078790626686	0.8466899433382457	0.01000450453491729	0.01046918109170934	0.01307252676693142	0.0567455389741211	0.01037695395415278	0.01003619814530203	0.01000050043079259	0.01000022387429377	0.01000014594425368	0.05363923919922055	-0.08812549272889242	0.01000011508395694	0.01000232541234313	0.0100001550443774	0.01000034741126692	0.01000058098174613	0.01376843347553153	0.9999995592338957	0.3696727276185911	0.009999998504314498	0.01000012238070595	0.0100001833702465	0.09806600769041381	0.01000040500709014	0.01000086262092975	0.01000074647452118	0.01000018317023074	0.01000014882909268	0.05418189873769998
0.2323529411764706	-0.4965978814348693	1.750094475840808	0.8924877543971179	0.9751849217389026	0.2983418057745987	0.3820970639286789	-0.9926049406853878	-0.2709907596549038	-0.06170087200919985	-0.1168614103862062	2.479867563104265	3.168744316232373	0.5662197374485046	-1.518904031379416	-4.991744946160825	-2.7537737944064	3.855323909320378	-0.1184096862646167	1.289872043863993	-8.490945480028428	0.02108275585614727	0.01020050206387125	0.01063483519204568	0.01000032225947097	0.02144880445503006	0.01309307238705893	0.959276623207777	0.7987659114603074	0.01000367646895951	0.01038307005369497	0.01251165695157954	0.06649980277084	0.01030781045766624	0.01002971575557978	0.01000055522131218	0.01000021631241382	0.01000014725508405	0.05356865414483326	-0.07249999079157836	0.01000010676401317	0.01000200216641936	0.01000014802259317	0.01000150538579295	0.1312580799147687	0.01337240606323109	0.9999994742944778	0.3016643095650541	0.009999998295838785	0.01000010841517337	0.01000017252579724	0.132421739913089	0.01000037304763131	0.01000097415322635	0.01000084758986191	0.01000018230577279	0.01000015707253902	0.05230535251481676
0.2352941176470588	-0.4890986004921404	1.759432300190967	0.8941526878593994	0.9703239375020799	0.2835057316400181	0.3737807118991369	-0.9810045357015925	-0.2713044056178192	-0.05794752269103164	-0.1422699714757772	2.618664124751522	3.180867865449643	0.5656144751285769	-1.785288298083806	-5.097175881527996	-2.900282695029718	4.032471338618084	-0.09060764236166424	1.259351251692953	-8.790602773986812	0.01909452939834898	0.01016402998463232	0.01051843321017231	0.01000064987282696	0.05167937619610048	0.01310648061183152	0.9630814299742348	0.7487351269118007	0.010003000962693	0.01031279586346713	0.01205289061735631	0.0800517691674173	0.01025138410869112	0.01002444836051548	0.0100006185488322	0.0100002099847735	0.01000014984349731	0.05319491844970087	-0.05687448885426431	0.0100000984440694	0.01000167892049559	0.01000014100080894	0.01000266336031899	0.2525155788477912	0.01297637865093065	0.9999993893550598	0.2336558915115171	0.009999998087363073	0.01000009444964078	0.01000016168134798	0.1667774721357643	0.01000034108817248	0.01000108568552296	0.01000094870520265	0.01000018144131484	0.01000016531598535	0.05042880629193354
0.2382352941176471	-0.4812262758960522	1.768803781301879	0.8958114723318453	0.9647189583160618	0.2683841326989884	0.3650740436026653	-0.9688842098032641	-0.27149487668473	-0.05432125541956928	-0.1685995698212602	2.71426092618988	3.190771429604926	0.5607967450673511	-2.003598033277568	-5.161170731584419	-2.996869483166249	4.209836860498577	-0.04103573026951329	1.200366771862018	-9.118641044706989	0.01745543719271654	0.01013418283605886	0.01042329543964161	0.02377501497342032	0.1025921918192255	0.01322183200756493	0.9665306168206479	0.6964296596406754	0.0100024491358627	0.01025536994231021	0.01167733442378219	0.09877521413563825	0.01020527346911365	0.01002014335358257	0.01000068850639567	0.01000020447181053	0.01000015366197574	0.05283508280128797	-0.02558517011247602	0.01000009372564578	0.01000145351638846	0.01000014085095378	0.1560476631628883	0.4695590526668715	0.01445679973923842	0.9999980362611688	0.1606869240809699	0.009999998038262866	0.01000008513218883	0.01000015325991804	0.229180504084302	0.01000031384369605	0.01000095924336226	0.01000104675880037	0.01000017861513296	0.01000017561285289	0.05163193864433865
0.2411764705882353	-0.4732515107757218	1.77819585059826	0.897442302706459	0.9586704168071	0.2532890842000382	0.3562896106064219	-0.9562379271795229	-0.2715582807790032	-0.05092268121560478	-0.1959391361138493	2.68832368123606	3.19486783156945	0.5466056886027137	-2.086910677685546	-5.079121580913969	-2.953162690874541	4.390121911898798	-0.004202100967987807	1.104519965794403	-9.4773809780189	0.01610775620064181	0.01010979159940593	0.01034565397935455	0.05987582483970504	0.1739726341451696	0.01358677715549748	0.9696569389958615	0.6416362797562061	0.01000199899265208	0.01020851191174026	0.0113704231264928	0.1235394726904369	0.01016764683734616	0.0100166083220074	0.01000076364164972	0.01000019945398307	0.01000015867432948	0.05273764607299129	0.005704148629312272	0.01000008900722215	0.01000122811228132	0.01000014070109863	0.3020926629654577	0.6866025264859518	0.01593722082754619	0.9999966831672777	0.08771795665042274	0.009999997989162662	0.01000007581473689	0.0100001448384881	0.2915835360328398	0.01000028659921962	0.01000083280120157	0.01000114481239809	0.01000017578895107	0.01000018590972043	0.05283507099674378
0.2441176470588235	-0.4656104141235158	1.78758790752595	0.8990122998300258	0.9526628005154066	0.2387567009598533	0.3479307372127932	-0.9430552604943025	-0.2715708611388118	-0.04786077827769387	-0.2243685924866053	2.47449347682429	3.190270099007538	0.518499147926496	-1.962015821776911	-4.76107761027629	-2.692574402291851	4.575254852854961	-0.01375948049276102	0.979395032454265	-9.854075254713599	0.01499998083937482	0.010089833066468	0.01028220811539807	0.112379619109742	0.2539466249720337	0.01517986647007436	0.9529124019980746	0.5860079395639043	0.01000163129878968	0.01017022500460151	0.01111935582882638	0.156504533652982	0.01013690143561785	0.01001368938103519	0.01000083571556213	0.01000019440248728	0.01000016384089612	0.05344647851901763	0.01449648980429414	0.010000085884602	0.01000109923212881	0.01000014331316955	0.4671961863371896	0.8433010547368819	0.02835236283305676	0.5871199072724135	0.04886044350680829	0.009999998206022145	0.01000006820681207	0.01000013820649189	0.4042169339253219	0.01000027119329136	0.01000062114392409	0.01000116622452875	0.01000016836934453	0.01000018761643441	0.06086967367725317
0.2470588235294118	-0.4588905407087536	1.79695355247329	0.9004776317678129	0.9473423977312887	0.2255287536227393	0.3406762130311828	-0.929317819699176	-0.2716945538218481	-0.04515082219840758	-0.2539009076078024	2.061891879774265	3.17690768493144	0.4754333622723338	-1.619605492534211	-4.192105166825692	-2.202205226701862	4.767368306635151	-0.07975848076281161	0.8651961019296729	-10.2273249269588	0.01409147259043467	0.01007352753390525	0.0102304388011394	0.1771024605892806	0.3367845576807553	0.01872893451169157	0.8992338978122886	0.5310132548437284	0.01000133140513303	0.01013898657277502	0.01091430355268735	0.199003804007913	0.01011181535282277	0.01001126932028278	0.01000089845322443	0.01000018891458214	0.01000016836986088	0.05538130176984967	0.023288830979276	0.01000008276198184	0.01000097035197629	0.01000014592524046	0.6322997097089214	0.9999995829878119	0.04076750483856733	0.174243131377549	0.01000293036319384	0.00999999842288163	0.01000006059888725	0.01000013157449568	0.5168503318178039	0.0100002557873631	0.01000040948664661	0.0100011876366594	0.01000016094973799	0.01000018932314839	0.06890427635776256
0.25	-0.4536673082832591	1.80626793175172	0.9017946283060706	0.9433350435095116	0.2143303583653243	0.3351917578657302	-0.9150021054981633	-0.2720925960981199	-0.04271947309603608	-0.2845271309223411	1.479283571816359	3.156530835845266	0.4191743841208711	-1.096419893715363	-3.410192359759379	-1.51477314609072	4.971421830974231	-0.1919575163946203	0.7972047470577918	-10.60092499307105	0.01334620029087256	0.01006019135893717	0.01018813962713495	0.2376886108654056	0.4133056417729255	0.02167082798198338	0.8277635918823347	0.4783676913068797	0.01000108652666522	0.01011346376006343	0.01074664084796221	0.2569844224337495	0.01009131884931158	0.01000927049782431	0.01000094427811309	0.01000018303214006	0.01000017201344086	0.05747694634206494	0.05417610686370495	0.01000007956711165	0.01000092382961065	0.01000014281551474	0.6185449983195677	0.9999990980107788	0.0297213299055862	0.09212261900143021	0.010001905936659	0.009999999239788762	0.01000005393762856	0.01000012621929967	0.7584243932871415	0.01000024916737127	0.01000037564163961	0.01000111037487264	0.01000015309944803	0.01000018713829261	0.06706599426011996
0.2529411764705882	-0.450251358508338	1.815519384516171	0.9029377757942765	0.9409456659127209	0.205542982379785	0.3318390247583862	-0.9000500178644995	-0.2728298759729494	-0.0404079503958627	-0.3162735138384756	0.8329396773843299	3.134117655426364	0.3572160082371644	-0.5193813875435169	-2.552612061950206	-0.7526342271879656	5.200102240838115	-0.3104400477820837	0.7837141484349495	-10.98903345604388	0.01273605728372471	0.01004930368587021	0.01015362785898089	0.2847148411789097	0.4772699126466585	0.0220845674710571	0.7550190276148626	0.4297476350340413	0.0100008869261426	0.01009264060980314	0.01060976262635666	0.3342088033126707	0.01007459665879828	0.01000763377674977	0.01000096741988911	0.01000017678705142	0.01000017458292268	0.05890988922260681	0.08506338274813389	0.01000007637224145	0.010000877307245	0.01000013970578902	0.604790286930214	0.9999986130337459	0.01867515497260506	0.0100021066253114	0.01000088151012415	0.0100000000566959	0.01000004727636987	0.01000012086410365	0.9999984547564792	0.01000024254737944	0.01000034179663262	0.01000103311308588	0.01000014524915807	0.01000018495343682	0.06522771216247737
0.2558823529411765	-0.4487170130325847	1.824707009060277	0.903898412490878	0.940197895572469	0.1992440278301385	0.3307072819141588	-0.8843751139965315	-0.2738847663840802	-0.03805836270990402	-0.3491878531096673	0.2288340070662425	3.114348151066143	0.2971321612699822	-0.01343546119476717	-1.755165654015417	-0.03812407461090242	5.464837044806258	-0.39809921657761	0.8168468238810929	-11.39636404535415	0.01223623196907662	0.01004041594918385	0.0101254304923758	0.316602859812326	0.5208555780915798	0.02107471728242165	0.6846816700478927	0.3848559825216324	0.01000072418778657	0.01007562819238782	0.01049787840321337	0.4111827476822694	0.01006093517009383	0.01000629668783035	0.01000096861393547	0.01000017044517092	0.01000017671137987	0.05945082815277897	0.1634791062082807	0.01000007525222757	0.01000098911138896	0.01000013062226115	0.4949003961929399	0.7856837822993192	0.01433791612608106	0.01000126149684386	0.01000080459460415	0.01000000256551	0.01000004375581044	0.01000011670122423	0.9999982627531172	0.01000024307318347	0.01000037247584061	0.01000091825002008	0.01000013948076279	0.01000018730507434	0.05928534469965319
0.2588235294117647	-0.4487969304612521	1.833844262560684	0.9046921721300893	0.9407234983917697	0.1950744278137768	0.3314902174505321	-0.867868596098426	-0.2751199524515875	-0.03558625527971421	-0.3833324011463697	-0.2647590976216695	3.0998653457111	0.2437396092118791	0.3465123609523353	-1.10465097931646	0.5493470716204097	5.765599781331471	-0.4330410941182417	0.8670275745121103	-11.82557541659108	0.01182752027298975	0.0100331864341905	0.01010242464537787	0.3308425437818901	0.536741399329702	0.0194634435039053	0.6200836499707397	0.3434692047312826	0.0100005919020419	0.01006174911734661	0.01040656202495337	0.4754636780318865	0.0100497906493334	0.01000521165182589	0.01000094842032265	0.01000016420897554	0.01000017888096602	0.05891534155386251	0.2418948296684275	0.01000007413221369	0.01000110091553291	0.01000012153873328	0.3850105054556658	0.5713689515648929	0.01000067727955705	0.01000041636837632	0.01000072767908415	0.01000000507432411	0.010000040235251	0.01000011253834481	0.999998070749755	0.0100002435989875	0.01000040315504859	0.01000080338695429	0.01000013371236752	0.01000018965671187	0.05334297723682902
0.261764705882353	-0.4501165172159636	1.842948450763591	0.9053421812517142	0.9420413013716818	0.1925398968142835	0.3337561838279588	-0.8504278072049719	-0.2763658511664228	-0.03297434743298056	-0.4187724617985237	-0.6172966095979973	3.091535065734644	0.1991378414562696	0.5311822358027685	-0.6377138546047817	0.9736154548370387	6.097035188641778	-0.4091200333585942	0.9009191766782894	-12.27618901699083	0.01149302066697205	0.01002899893656205	0.01008363074011441	0.3433708945747973	0.5322189113045964	0.01775925756708374	0.5605741071312972	0.305391662373329	0.01000048811817584	0.01005041065360223	0.01033193583267537	0.5206301138257877	0.01004068591629392	0.01000432941729091	0.0100009126123834	0.0100001582330189	0.01000018178230007	0.05765633637889545	0.2743721478764067	0.01000009005617324	0.01001914082663955	0.01000013995532749	0.4911088804560084	0.4152188782943915	0.01000039173700395	0.01000032779364296	0.01000147495576836	0.0100000478900118	0.01000004029790068	0.01000010970516303	0.8110452768321679	0.0100002366248865	0.01000041786072155	0.01000070670986794	0.01000012978729027	0.01000019938292533	0.04940601782302349
0.2647058823529412	-0.4523383029530979	1.852033012555998	0.9058686961854985	0.9437397972518731	0.1912120889380678	0.3371121047719693	-0.8319866330921544	-0.2774968350089254	-0.03033467532624487	-0.4555601200117098	-0.8782544056690803	3.086519386571057	0.159763561480325	0.6053835331419996	-0.2840792554875922	1.290516176897391	6.445861730498661	-0.3548989809320993	0.8859072713134788	-12.74194175809283	0.01121972061597498	0.01002890743306112	0.01006830226487252	0.3664841602510289	0.5122664734118154	0.01635757234433656	0.5056719044548262	0.2704696043865178	0.0100004113504834	0.01004116120600839	0.01027103939032071	0.5404793881142992	0.01003325743911442	0.01000361247287131	0.01000086558713237	0.01000015263501023	0.01000018594136267	0.05594771634525797	0.3068494660843861	0.01000010598013279	0.01003718073774619	0.0100001583719217	0.5972072554563512	0.2590688050238903	0.01000010619445085	0.0100002392189096	0.01000222223245257	0.01000009070569948	0.01000004036055035	0.01000010687198125	0.6220924829145811	0.01000022965078549	0.0100004325663945	0.01000061003278159	0.01000012586221301	0.01000020910913878	0.04546905840921794
0.2676470588235294	-0.4552430785570363	1.861104185846313	0.9062821838850689	0.9455638442312114	0.1908258597441947	0.341297387953362	-0.8125152730666452	-0.2784525930295265	-0.02782583785194901	-0.4932676897894194	-1.089360654485992	3.08150286586184	0.1211976846966299	0.62904672570607	0.02429908551048525	1.54509522752096	6.791392775577886	-0.3632643619368319	0.8171762623603261	-12.32679050254016	0.01099618808613382	0.01002872461629406	0.01005578235840327	0.3863131804182631	0.483010860490456	0.01520509768332369	0.4549614340820372	0.238563223764987	0.05151775351883684	0.01003360558306976	0.01022128027211443	0.5474801605682997	0.01002718728627828	0.01000302905376517	0.01000081240629835	0.01000014719936755	0.01000019067941077	0.05453353583183018	0.3423594335846978	0.01000012355981796	0.01001919566373097	0.01000016640635316	0.4897923246543651	0.194594826865989	0.01000010121595216	0.01000025783726225	0.01000145661391271	0.4583229161281555	0.01000004363571105	0.0100001053359028	0.597202785939678	0.01000021685514546	0.01000044243213574	0.01000054436846683	0.01000012041667901	0.01000021418389034	0.0493523270260611
0.2705882352941177	-0.4587014106234681	1.870157290678824	0.9065803861570616	0.9474052386554265	0.1913718228637567	0.3461398345872181	-0.7920565009491638	-0.2800351423665551	-0.02554496759969806	-0.5247035042136559	-1.25467280016455	3.074232835264311	0.08136947072761835	0.6171797956581768	0.3498115176483096	1.737387324572492	7.117301953039974	-0.7811170761028231	0.7308895603229318	-8.477148117731064	0.01081365296160733	0.01002526117095461	0.01004557054609637	0.3916769989955078	0.4496709778712529	0.01425972832996594	0.4081330906311648	0.2095497182109888	0.1536060044270799	0.01002744272987677	0.01018068086521744	0.5512263664743267	0.01002223327087756	0.0100025549671916	0.01000075692493453	0.010000141761902	0.01000019547950851	0.05400296559859568	0.3778694010850095	0.01000014113950312	0.01000121058971575	0.01000017444078463	0.382377393852379	0.1301208487080877	0.01000009623745347	0.01000027645561491	0.01000069099537286	0.9066457415506117	0.01000004691087176	0.01000010379982434	0.5723130889647747	0.01000020405950543	0.01000045229787698	0.01000047870415207	0.01000011497114502	0.01000021925864189	0.05323559564290427
0.2735294117647059	-0.4625828742722032	1.879185883333871	0.9067611713296572	0.9491604681880795	0.1929320635638461	0.3514618694040511	-0.7706614921174337	-0.2835357185298649	-0.02352591891974781	-0.5401657153234816	-1.377301930615315	3.065802009533301	0.04255721298349174	0.565997635967686	0.6989868815335523	1.873599143801921	7.43468594375898	-1.558274885347294	0.6446255722406929	-2.534886957545869	0.01066441953950198	0.01002081092070674	0.01003722965007878	0.3891645622660352	0.4210868358625123	0.01348408635332411	0.3649184441737734	0.1833094370196973	0.2279215959528779	0.01002240937731983	0.01014750982449584	0.5529849356770048	0.01001818375263648	0.0100021691400332	0.01000070280928579	0.01000013612958056	0.0100001992483517	0.05441479157552961	0.3694369713461491	0.01000013869599783	0.01000088621233085	0.01000018007121124	0.3558612254938947	0.2269687391710245	0.0100000890135308	0.01000028728674777	0.01000070427079616	0.4583230741401633	0.01000005497268353	0.01000010263308223	0.5650923092468694	0.01000018824681719	0.01000045830997669	0.01000044715107679	0.01000010748370948	0.01000021291317844	0.05951787342887915
0.2764705882352941	-0.4667595363896756	1.888194901554702	0.9068365625060593	0.9506735856283051	0.1954119499499604	0.3571139636268055	-0.7483031607433906	-0.2889602897533003	-0.02173798170300313	-0.5425424364380154	-1.455407758905834	3.060922219997967	0.009701553315946382	0.4525435728073379	0.9751705841452494	1.961827720599001	7.772361281812805	-2.089433716988222	0.5737337653431385	0.4209850790675239	0.01054259822264351	0.01001712096406167	0.01003042662181171	0.3839943327190982	0.4054601348443874	0.0128489866707962	0.3251143308794844	0.1597205859679371	0.2270013481221483	0.01001830498474337	0.01012044711886576	0.5538352125503985	0.01001487752347374	0.01000185552263771	0.01000065285159367	0.01000013015538782	0.01000020115327152	0.05580817985384309	0.3610045416072888	0.01000013625249255	0.01000056183494596	0.01000018570163786	0.3293450571354104	0.3238166296339612	0.01000008178960814	0.01000029811788064	0.01000071754621946	0.01000040672971483	0.0100000630344953	0.01000010146634011	0.5578715295289639	0.01000017243412894	0.0100004643220764	0.01000041559800151	0.01000009999627394	0.01000020656771499	0.06580015121485404
0.2794117647058824	-0.4710936087472233	1.897196715080651	0.9068246977334368	0.9517499708781048	0.198546165705773	0.3629506804535608	-0.7249199068655341	-0.2954407190268035	-0.02010490209946144	-0.5409534745036721	-1.482411948852318	3.060856805870002	-0.01716624910942061	0.2687096121672832	1.141636831491465	1.996598188038836	8.128400621710973	-2.306652862346263	0.5405496261611028	0.6296319706694314	0.01044302991477891	0.01001408051841297	0.01002487080420719	0.377611664577056	0.3878821090590806	0.0123286567928634	0.2885419363379801	0.1386564836072842	0.1990748450700325	0.01001495475562675	0.01009833752020483	0.5530061388134881	0.01001217404472065	0.01000160104934309	0.01000060871217748	0.01000012408330598	0.0100002012144972	0.05737444313922565	0.3462734551436327	0.01000014536593736	0.01000058811842288	0.01000019693016822	0.3235427507246253	0.1669085329757912	0.01000007921751921	0.01000028299588004	0.01000094044241767	0.01000087839091534	0.01000008293674665	0.01000010207858824	0.5337496805278922	0.01000015898824784	0.01000047678960632	0.01000040989232748	0.01000009440132942	0.01000019670800712	0.06466036577748809
0.2823529411764706	-0.4754246096454284	1.906203152343484	0.9067391336853556	0.9521913552005293	0.2020424060274638	0.3687966498296468	-0.7004881614004962	-0.3024664517279981	-0.01853598824855026	-0.5390144664082935	-1.453319166552806	3.064066361079346	-0.04041395399588838	0.02074294219222239	1.221347288942424	1.968119454143944	8.485335561095955	-2.460240047818448	0.5301010535543899	0.6590164685712182	0.01036177266012272	0.01001160520521216	0.01002034079044314	0.3712635313711507	0.3546863684952879	0.0119031359324943	0.2550579669056873	0.1199769796104004	0.1738749005640864	0.01001222554901054	0.01008030056394851	0.5498258250948461	0.01000996627163425	0.01000139576915277	0.01000057165554943	0.01000011809915374	0.01000019944743546	0.05848573611506884	0.3315423686799768	0.01000015447938217	0.0100006144018998	0.01000020815869857	0.3177404443138403	0.01000043631762107	0.01000007664543027	0.01000026787387944	0.01000116333861587	0.01000135005211584	0.010000102838998	0.01000010269083637	0.5096278315268205	0.01000014554236675	0.01000048925713624	0.01000040418665345	0.01000008880638489	0.01000018684829926	0.06352058034012216
0.2852941176470588	-0.4795873370579811	1.915223379508716	0.9065901384393928	0.9518127270885746	0.2056563579463165	0.3744644088486458	-0.6750096290165748	-0.3098979520129763	-0.01698882810259468	-0.5369895665744638	-1.371087286286818	3.070008866282119	-0.0605723744772263	-0.2845313961954549	1.227725472176197	1.878782972773736	8.838960820833002	-2.590966970128559	0.5224417587540291	0.7172810776539293	0.01029536928706272	0.01000958188978747	0.01001664188613029	0.3663064429181673	0.3157009066689708	0.01155484989204267	0.2245303685856143	0.1035338133603475	0.1512791488518366	0.01001000488574106	0.01006556504242273	0.5440280043253769	0.01000815972689284	0.01000122849046057	0.01000054006507455	0.01000011166954166	0.01000019409788554	0.05962872041118921	0.2948506086297507	0.01000013069152248	0.01000057626406788	0.01000021472553323	0.3358031765559139	0.01000114142083524	0.01000006898185287	0.01000024308739754	0.01000094956254103	0.01000162753639029	0.01000017693704774	0.01000009789477167	0.4756921078315831	0.01000012580090636	0.0100004819363755	0.01000039557631808	0.01000007775518485	0.01000015480922597	0.06714891292139419
0.2882352941176471	-0.4834530749312557	1.924263914821636	0.9063847693577345	0.9504804567648271	0.2092148232537876	0.3798061161047777	-0.648500777978757	-0.3176944152238243	-0.01546001370847578	-0.5347988973678534	-1.251366279843759	3.077875901507217	-0.07874816226883208	-0.627733761826761	1.18361639320296	1.746404255394389	9.185952245745492	-2.708414837409917	0.5176259423054516	0.7717396420620967	0.0102411810932916	0.01000792440464212	0.01001362579265392	0.3639159519994032	0.2799127780689801	0.0112702622999572	0.196839016347021	0.08916385372549596	0.1311542306464224	0.0100082070944191	0.01005354331603428	0.5353693366111613	0.01000668245164253	0.0100010906896097	0.01000051270951071	0.01000010438823629	0.01000018382983468	0.06118055481857455	0.2581588485795246	0.01000010690366279	0.01000053812623596	0.0100002212923679	0.3538659087979874	0.01000184652404941	0.01000006131827547	0.01000021830091565	0.01000073578646619	0.01000190502066474	0.01000025103509747	0.01000009309870698	0.4417563841363459	0.01000010605944597	0.01000047461561476	0.01000038696598272	0.01000006670398481	0.01000012277015268	0.07077724550266622
0.2911764705882353	-0.4869266912748628	1.933329642719787	0.906127739961355	0.9481017396532356	0.212590944433159	0.3847124399999509	-0.6209855260543805	-0.3258277697086532	-0.01393065922158615	-0.532437871395852	-1.106776902519889	3.086971597601653	-0.09590531159147553	-0.9922547619673362	1.1081801564356	1.585271374299119	9.519000366878657	-2.823961436055364	0.5341703854433322	0.8362822940092297	0.0101969063772274	0.01000658867679336	0.01001116859064141	0.3689481653815465	0.2471767914927752	0.01103748378951653	0.1718646038905282	0.07669785076047358	0.1133592425429313	0.01447800205887539	0.01004372622100866	0.5232831287429839	0.0100054772767552	0.01000100184691519	0.01000050994059607	0.01000009978922162	0.0100001754493598	0.06413497560341666	0.2083186461331292	0.0100001426873934	0.01000076624356085	0.01000028479596001	0.4610486916598847	0.01000242216791783	0.01000008370710644	0.01000030261514854	0.01000093155055381	0.01000318751468456	0.05724561302107602	0.01000013628448526	0.3915813526830932	0.01000014115363399	0.01000073194514977	0.01000060172169505	0.01000009126510322	0.01000015276016049	0.08702018241682277
0.2941176470588235	-0.4899404924090835	1.942423468503799	0.9058213646758893	0.9446291882361252	0.2157102015132088	0.3891040381946294	-0.5925385328556589	-0.3343159249875709	-0.01224821569608068	-0.5298647410789141	-0.9386919374610309	3.09698246389269	-0.1123033668473002	-1.371541089579734	1.008948805664323	1.396390779057923	9.819536312300215	-2.949679377390201	0.6217264885642334	0.915970596618898	0.01016078961242653	0.01000554113872268	0.01000917589434526	0.3854152972255816	0.2173679082019013	0.01084739068788094	0.1494822022038555	0.06595902742924918	0.09773776036235252	0.02658854121627051	0.01003572584950862	0.5072487702447144	0.01000450065998085	0.01000097679873919	0.01000054725836982	0.01000010056400677	0.01000017414002112	0.06924582051098077	0.1584784436867339	0.01000017847112402	0.01000099436088574	0.01000034829955211	0.5682314745217821	0.01000299781178624	0.01000010609593741	0.01000038692938143	0.01000112731464143	0.01000447000870438	0.1044909750070546	0.01000017947026355	0.3414063212298405	0.01000017624782201	0.01000098927468479	0.01000081647740739	0.01000011582622163	0.01000018275016831	0.1032631193309794
