inDegrees=no
num_controls=19
num_derivatives=0
num_input_controls=0
num_iterations=1037
num_multipliers=0
num_parameters=0
num_slacks=0
num_states=38
objective=12.892469
objective_effort=12.892469
solver_duration=794.549412
status=Solve_Succeeded
success=true
DataType=double
version=3
OpenSimVersion=4.6-2026-06-22-85aaf64
endheader
time	/jointset/groundPelvis/pelvis_tilt/value	/jointset/groundPelvis/pelvis_tx/value	/jointset/groundPelvis/pelvis_ty/value	/jointset/hip_l/hip_flexion_l/value	/jointset/hip_r/hip_flexion_r/value	/jointset/lumbar/lumbar/value	/jointset/knee_l/knee_angle_l/value	/jointset/knee_r/knee_angle_r/value	/jointset/ankle_l/ankle_angle_l/value	/jointset/ankle_r/ankle_angle_r/value	/jointset/groundPelvis/pelvis_tilt/speed	/jointset/groundPelvis/pelvis_tx/speed	/jointset/groundPelvis/pelvis_ty/speed	/jointset/hip_l/hip_flexion_l/speed	/jointset/hip_r/hip_flexion_r/speed	/jointset/lumbar/lumbar/speed	/jointset/knee_l/knee_angle_l/speed	/jointset/knee_r/knee_angle_r/speed	/jointset/ankle_l/ankle_angle_l/speed	/jointset/ankle_r/ankle_angle_r/speed	/hamstrings_r/activation	/bifemsh_r/activation	/glut_max_r/activation	/iliopsoas_r/activation	/rect_fem_r/activation	/vasti_r/activation	/gastroc_r/activation	/soleus_r/activation	/tib_ant_r/activation	/hamstrings_l/activation	/bifemsh_l/activation	/glut_max_l/activation	/iliopsoas_l/activation	/rect_fem_l/activation	/vasti_l/activation	/gastroc_l/activation	/soleus_l/activation	/tib_ant_l/activation	/lumbarAct	/hamstrings_r	/bifemsh_r	/glut_max_r	/iliopsoas_r	/rect_fem_r	/vasti_r	/gastroc_r	/soleus_r	/tib_ant_r	/hamstrings_l	/bifemsh_l	/glut_max_l	/iliopsoas_l	/rect_fem_l	/vasti_l	/gastroc_l	/soleus_l	/tib_ant_l
0	-0.3296756464457393	0.9193513730286678	0.9232079061552019	0.1352243537616837	0.9794955187811573	0.2086811796292688	-0.3429711467331104	-0.6707759274285863	-0.1108188111776626	0.3385447530753383	2.191435847032276	5.200970874616557	0.220097737861878	-0.2820371510936215	-10.58346397026375	-2.271915027958216	-0.05788923799283347	13.21837135662163	11.0413597465107	5.041662561901352	0.7976236029436599	0.01029520087238536	0.9804232234375313	0.01031739077932368	0.01020225118537339	0.9867833289816097	0.01018045974681691	0.01207688010005279	0.4708339375058475	0.01196847176409359	0.4451245294994247	0.01000143020888913	0.9990644103900479	0.9679334009044513	0.08452318581378929	0.03497280230035859	0.03020399350207716	0.8421283739689456	0.4184791140185215	0.8101401196011839	0.00999999011606457	0.9124436638038079	0.009999990060708765	0.009999991748375027	1.000000006482081	0.009999990049879772	0.009999990182451585	0.7143821147781495	0.009999990020680555	0.6559553532013732	0.009999990026443254	1.000000009945636	1.000000009899884	0.009999990106689984	0.009999990060747461	0.009999990027115485	0.9696584428303467
0.002329205832118089	-0.32451868975519	0.9314753362717091	0.9237014461961908	0.1346814841083448	0.9544255498112891	0.2033485698784113	-0.3431490549005251	-0.6394462733974353	-0.08473700867484002	0.3500916324352194	2.235155622397622	5.209383258029292	0.2033779050844025	-0.1809492849253127	-10.94061133524455	-2.305181554565144	-0.09902637144270196	13.68250872680164	11.34593844491402	4.866128492783931	0.7985289120654385	0.01025138522188292	0.9735880845088715	0.01027028401105498	0.01017222523207242	0.9852003271158118	0.01015366723319804	0.01176985443981175	0.4922383435195915	0.01167740142160907	0.4651892627467735	0.01000121631292042	0.9991343034876301	0.9703297052800426	0.07501022420220869	0.03145982397035971	0.02733307106128203	0.8518740069758093	0.4187505538545305	0.809043022217388	0.009999990091802538	0.8659877520188625	0.00999999004663831	0.009999991617232128	0.9320331906448409	0.009999990038521634	0.009999990139164793	0.7340419164758711	0.009999990015984603	0.7021062051638515	0.009999990020193542	1.000000009956988	1.000000009920524	0.009999990075585604	0.009999990048849728	0.009999990021147783	0.9732389452847682
0.004658411664236178	-0.3192703128511737	0.9436186869095294	0.9241538878711603	0.1343961147015876	0.9285415197375787	0.197951133882365	-0.3434517971726035	-0.607040411745419	-0.0580027181697791	0.3611802347822923	2.26993488924413	5.217618089312446	0.1848081421957102	-0.06093153386520518	-11.28246711770403	-2.327578846325582	-0.165079511126682	14.14246969608596	11.60162624871549	4.64815761143092	0.7992824793473959	0.01021408098473169	0.9637918559727799	0.01023017709490403	0.01014666314395128	0.9786560801868726	0.01013085826046714	0.01150811561230431	0.5132515755358985	0.01142928398275183	0.4872418200456426	0.010001034242312	0.9991989728539444	0.9725467446757802	0.0665640908821164	0.02841901491825516	0.02485537488113928	0.8611449685031719	0.4190219936905395	0.8079459248335921	0.009999990067540506	0.819531840233917	0.009999990032567857	0.009999991486089228	0.8640663748076006	0.009999990027163497	0.009999990095878	0.7537017181735929	0.009999990011288651	0.7482570571263297	0.009999990013943827	1.00000000996834	1.000000009941165	0.009999990044481225	0.009999990036951994	0.00999999001518008	0.9768194477391894
0.006987617496354266	-0.3139529204468265	0.9557809765680683	0.924560712843962	0.1344130980896795	0.9018825630176271	0.1925160556807486	-0.3439353058712954	-0.5735732344108193	-0.03073013935558202	0.3717187271782968	2.293612582505376	5.225615243488169	0.1641092512674177	0.07922335537437825	-11.60418677093197	-2.336584980515017	-0.2535822153058838	14.59120765070357	11.80875814492511	4.3970170106656	0.7997041488891441	0.0101822994735242	0.9504805899750126	0.01019600736914282	0.01012488672498018	0.9659119908258135	0.01011142740772669	0.01128488596164458	0.5338718343804199	0.01121768542759418	0.5109601894607757	0.01000087915367219	0.9992588135841578	0.9745981145316754	0.05909641246301567	0.02579175115432533	0.02272013869640615	0.8700876486858543	0.4192231284213931	0.8018413442495518	0.009999990075196714	0.7525006654532442	0.009999990034299017	0.009999992749362502	0.7533889428463771	0.009999990028600473	0.009999990097762378	0.7718951264609041	0.009999990011645964	0.7921803112490717	0.009999990013981875	1.000000009965293	1.000000009935094	0.009999990039186186	0.009999990044022683	0.009999990016433057	0.9832365220108837
0.009316823328472355	-0.3085964080882944	0.9679614752483078	0.9249164772858297	0.1347824469866737	0.8745048121795581	0.1870790767862658	-0.344649351397291	-0.5390839714598177	-0.003027769020498527	0.3816455274932358	2.303525698305546	5.233253480096471	0.1409644163817201	0.2416312573170967	-11.89966814666141	-2.329210898625101	-0.3630326710627708	15.02009553945995	11.97067179630931	4.122921007065254	0.7996317648580175	0.01015524260731177	0.9331538113447448	0.01016691697562476	0.01010634869837362	0.9458527440758395	0.01009488616073864	0.01109466168719048	0.5540942314499165	0.01103738289486502	0.5360772373407919	0.01000074714122933	0.9993141818856754	0.9764960624097597	0.05252017226047149	0.02352691566573437	0.02088371206720277	0.8788330809835224	0.4194242631522467	0.7957367636655115	0.009999990082852921	0.6854694906725713	0.009999990036030179	0.009999994012635776	0.6427115108851537	0.00999999003003745	0.009999990099646756	0.7900885347482153	0.009999990012003274	0.8361035653718136	0.009999990014019924	1.000000009962246	1.000000009929024	0.009999990033891149	0.009999990051093371	0.009999990017686032	0.9896535962825781
0.01164602916059044	-0.3032349421857807	0.980159241980375	0.9252152300252245	0.1355577324713619	0.8464744636346467	0.18168069053183	-0.3456416821768801	-0.5036263322494158	0.02500174450821213	0.3909151838222499	2.296869938810208	5.240372666226647	0.1150400681909601	0.4287186151521984	-12.16172131925564	-2.302389786621357	-0.4922260143097996	15.41811229213872	12.09058805509544	3.836135935957101	0.798735339041196	0.01013219252619648	0.9117248892551773	0.0101421342642594	0.0100905580471292	0.9112792558229272	0.01008079517809192	0.01093248032915126	0.5738872150290242	0.01088366792101899	0.5621813651433892	0.0100006346926754	0.9993654160294777	0.9782522152933815	0.04674993392991566	0.02157703016305134	0.01930579416414651	0.8873499675097744	0.419649841115391	0.7800242917648074	0.009999990089035663	0.6081708111777173	0.009999990037213023	0.01000001224995364	0.3263557518393898	0.009999990030494427	0.009999990097535565	0.8061671876855429	0.009999990011619653	0.8736903251806558	0.009999990013229328	1.000000009960991	1.000000009926452	0.009999990029269967	0.009999990062453572	0.009999990018548843	0.9948267977387031
0.01397523499270853	-0.297911969288136	0.9923726836802137	0.9254499446007945	0.1368012185104744	0.8178840445626622	0.1763712397101746	-0.34695716672135	-0.4672969117580743	0.05326436683600878	0.3995137662665518	2.270473226654006	5.246712975651023	0.08597729335306224	0.6436571735912642	-12.38057929616226	-2.252845442594249	-0.6405124544513859	15.76866079626863	12.17083341008494	3.546695518134749	0.7967175501211377	0.01011256992316497	0.886109971984231	0.01012103648597086	0.01007711861440634	0.8557397762096514	0.01006880001446853	0.01079431976936957	0.5932206254579449	0.01075272526124448	0.5889286575254662	0.01000053897564506	0.9994128209918314	0.9798770497038443	0.04170480177194023	0.01990148899673285	0.01795228996518588	0.8956100577889918	0.4198754190785353	0.7643118198641033	0.009999990095218406	0.5308721316828634	0.009999990038395867	0.0100000304872715	0.009999992793625841	0.009999990030951405	0.009999990095424374	0.8222458406228705	0.009999990011236033	0.9112770849894979	0.009999990012438731	1.000000009959737	1.000000009923881	0.009999990024648787	0.009999990073813773	0.009999990019411657	0.9999999991948281
0.01630444082482662	-0.2926769833508673	1.004599732744451	0.925612970430295	0.138581612634423	0.7888429343409457	0.1712073723998963	-0.348640158956647	-0.4302189434701865	0.08166904112569817	0.4074425477062718	2.21917167672416	5.251942650030114	0.05331842096192654	0.8921322080787961	-12.54523440564552	-2.175017944780638	-0.8078936095655408	16.05845829547597	12.21253153139738	3.263376192374248	0.7930920538577042	0.01009585378125243	0.8497111170535812	0.01010306354027789	0.01503418680719803	0.7926375164588394	0.01005858192458449	0.01067655627284062	0.6120559591454554	0.01064111792791024	0.6164634404033582	0.01000045744357077	0.9994566863916603	0.9813805122128407	0.03730681290378193	0.01846288752426067	0.0167919356069076	0.9034373522473407	0.4203625862392708	0.7336600708272693	0.009999990108322959	0.2704360626490397	0.009999990042467141	0.07526972779785654	0.009999991571682843	0.009999990032744951	0.009999990096047478	0.8359511429615213	0.009999990010921144	0.953658240550204	0.00999999001179184	1.000000009957591	1.000000009920045	0.009999990021744806	0.009999990115501539	0.009999990021502887	1.000000003148365
0.01863364665694471	-0.2875994836272607	1.016837258149534	0.9256951172172623	0.14098990026824	0.7594929178746462	0.1662677695360303	-0.3507359704976137	-0.3925380526603315	0.110124420669708	0.4147249077176091	2.135245835849367	5.255708609012622	0.01652955162250105	1.18280532547267	-12.64582527856831	-2.060278136330539	-0.9949846097056112	16.28636731550701	12.21437207345384	2.99163815096379	0.7874195527587237	0.01008162372755204	0.7965587603963897	0.0100877635026527	0.02866776350200211	0.7339186523657323	0.01004988378709972	0.01057625683700023	0.6303568982954592	0.01054606460404918	0.6449129353697878	0.01000038804287337	0.999497273341843	0.9827715666080457	0.03348464970555079	0.01722971069852053	0.01579860706390208	0.9106734475228843	0.4208497534000064	0.7030083217904352	0.009999990121427509	0.009999993615216024	0.009999990046538412	0.1405394251084416	0.009999990349739842	0.009999990034538501	0.009999990096670582	0.849656445300172	0.009999990010606254	0.99603939611091	0.00999999001114495	1.000000009955445	1.000000009916209	0.009999990018840823	0.009999990157189304	0.009999990023594117	1.000000007101902
0.0209628524890628	-0.282760327649897	1.029081647162768	0.9256866185120606	0.1441304424518928	0.7299889032496191	0.1616438520567312	-0.3532877398766119	-0.3543977800596846	0.1384063655524244	0.4213907379458	2.014356286016071	5.257710166800766	-0.02434425307273753	1.524640160714285	-12.67721296726863	-1.904087560300397	-1.205680149242328	16.4530766880588	11.92980905924106	2.734640128247719	0.7791193027543697	0.01006950171745454	0.737566086144655	0.01007472994703645	0.04477066450730994	0.6791191519030059	0.01004247438929494	0.01049078043869816	0.6480642797049635	0.01046506104524523	0.6725865671553002	0.01000032892712733	0.9995348298068014	0.9840587238040668	0.0301706565344694	0.0360945770333085	0.01494847298188087	0.9173644498129357	0.4224977307661516	0.6531631110349143	0.009999990149984064	0.009999992043653771	0.009999990057147946	0.1450375586769892	0.009999990273319152	0.009999990038008886	0.009999990099801981	0.8603579492681969	0.009999990010250714	0.9980197022122574	0.009999990010531888	1.000000009952605	1.000000009912036	0.009999990016845291	0.2763576528547541	0.009999990026958741	1.000000007840578
0.02329205832118089	-0.2782418517915899	1.041328113121042	0.9255793023892087	0.1481425286752143	0.7004881628797507	0.1574257683501323	-0.3563970498343564	-0.3159401308799011	0.1650441378244986	0.4274760278044242	1.85989007756057	5.257492002314275	-0.06832118701765712	1.931166872272148	-12.64301380084176	-1.711804191173447	-1.473723389300548	16.55888645036478	10.80258391118525	2.493150330296331	0.7676636057966217	0.01005918277659385	0.6825320837793937	0.01006363499394115	0.05876249602244957	0.6278767526602567	0.010036167235902	0.01041799162463251	0.6651235574936727	0.01039608267662843	0.6980234044330315	0.01000027860735649	0.9995695793448208	0.9852496546587315	0.02730470717352	0.08746439954882682	0.01422180507820109	0.9235515478569454	0.4241457081322968	0.6033179002793935	0.009999990178540618	0.009999990472091515	0.00999999006775748	0.1495356922455368	0.009999990196898461	0.009999990041479272	0.009999990102933379	0.8710594532362216	0.00999999000989517	1.000000008313605	0.009999990009918828	1.000000009949764	1.000000009907863	0.009999990014849759	0.5427153155523188	0.009999990030323366	1.000000008579254
0.02562126415329898	-0.2741181464326212	1.053571020790388	0.9253665115294989	0.1531874678932223	0.6711395703614537	0.1536913682889245	-0.3602384596579348	-0.2773073152547881	0.1878622170675685	0.4330196835048014	1.677320529910613	5.254520630819842	-0.1148966418242789	2.41196365707187	-12.54808379607288	-1.491471216818762	-1.845976858253294	16.60242479935142	8.759391069966709	2.270961388391449	0.7526921646026858	0.01005039265632904	0.6310667220468894	0.01005418379366382	0.06613987848452889	0.5798700521210397	0.0100307946297568	0.01035596830408741	0.6814513838149299	0.01033730730958442	0.7213950013050462	0.01000023574479581	0.9996017342567859	0.9863516428250002	0.02483049086086161	0.1581270085886481	0.01360067568117649	0.9292737084463932	0.4279371704130479	0.5380491683467082	0.009999990246463971	0.009999990365755693	0.009999990107676781	0.07976784949248304	0.009999990163299069	0.009999990048814045	0.009999990111959725	0.8779411159923349	0.009999990009562369	1.000000008676227	0.009999990009405752	1.000000009945589	1.000000009902787	0.009999990013484032	0.771357662403082	0.00999999003322293	1.000000008811308
0.02795046998541706	-0.2704452405535816	1.065803484905031	0.9250417259006175	0.1594307813542142	0.6420778901531576	0.1504933061573324	-0.365095261023424	-0.2386514249134347	0.2057044028117413	0.4380736716238255	1.472805798694029	5.248524521159339	-0.1644868136250809	2.96016501958755	-12.39665316921015	-1.251271315787902	-2.345601286829526	16.57869982702892	6.529974397438257	2.072691498706423	0.7338693918664466	0.01004291013920635	0.5828640862981723	0.01004613850636426	0.06319587287092485	0.5348459745509394	0.01002622131562949	0.01030315747108687	0.6969716043583292	0.01028726280644648	0.7428320449769248	0.01000019925985221	0.9996314859476755	0.9873712535797651	0.0226991193025359	0.2396634823992327	0.01307034686491292	0.9345658317352871	0.431728632693799	0.4727804364140231	0.009999990314387325	0.009999990259419868	0.009999990147596085	0.01000000673942926	0.00999999012969968	0.00999999005614882	0.009999990120986069	0.8848227787484483	0.009999990009229569	1.00000000903885	0.009999990008892675	1.000000009941413	1.000000009897711	0.009999990012118308	1.000000009253845	0.009999990036122496	1.000000009043362
0.03027967581753515	-0.2672806311513706	1.078018002640086	0.9245965929689109	0.1670331831505717	0.6134460700963243	0.1478847219997198	-0.3712707751995473	-0.2001379865881915	0.2187961974877665	0.4426923509680502	1.224816506359433	5.238427655347081	-0.2196785445229355	3.595398046170804	-12.15353648902049	-0.9671099129076315	-2.975790497872366	16.46296508733031	4.830180298439545	1.897397259930078	0.7116835423185072	0.01003653643210794	0.5376523462325535	0.03966948532559038	0.05612705020501756	0.4925793600613787	0.01002232567501602	0.01025816169910579	0.7115821123801682	0.01024462456103678	0.7625278902362962	0.01000016818184291	0.9996590161841515	0.9883147210178214	0.02086526866334957	0.3171017068545787	0.01261746401454313	0.9394609699714268	0.4372977320529269	0.413341152347095	0.009999992130032651	0.009999990215157302	0.4022625104315335	0.00999999938779028	0.009999990112501874	0.00999999007336755	0.009999990144297944	0.8871032939506434	0.009999990008951201	1.000000009157872	0.009999990008507098	1.000000009934841	1.00000000989017	0.009999990011197045	1.00000000931788	0.009999990036656019	1.000000009129411
0.03260888164965325	-0.2648313434511059	1.090200706798059	0.9240093041478631	0.176308529815824	0.5856241043752408	0.1460883136974389	-0.37904489504439	-0.1620922323808626	0.2287584694929691	0.4469321195556834	0.8585864007475075	5.221207418786346	-0.286550641030168	4.396658820031322	-11.70126221269999	-0.5538869591673632	-3.718262858147976	16.17711735504081	3.842772925007162	1.74733531818856	0.6865621199667974	0.01003111119448333	0.4952169247803334	0.115274944120776	0.04991233743374256	0.452892070877525	0.01001900962172233	0.01021985250076294	0.7251897185325665	0.01020832297079761	0.7806421368277808	0.01000014172800024	0.9996844888423367	0.9891876647148792	0.01929030622929533	0.3815424620517983	0.01223110515950444	0.9439887804539002	0.4428668314120547	0.3539018682801668	0.009999993945677977	0.009999990170894736	0.794525030715471	0.009999992036151302	0.009999990095304067	0.00999999009058628	0.00999999016760982	0.8893838091528383	0.009999990008672832	1.000000009276895	0.009999990008121521	1.000000009928268	1.000000009882629	0.009999990010275782	1.000000009381914	0.00999999003718954	1.000000009215461
0.03493808748177134	-0.263415355937697	1.102333147557211	0.9232496327839841	0.1876865012886053	0.5591729692970669	0.1454527307655841	-0.3886555691525444	-0.124972964295971	0.2370775620981994	0.4508621172133828	0.3414205008780037	5.195284200370994	-0.3671537045633438	5.393083452488452	-10.97661110189303	0.02494425307366624	-4.540337798479624	15.65567931435818	3.334710583186131	1.634215214696867	0.6608461793260111	0.03702249047065751	0.4553667513087804	0.2018555766692161	0.04446759148316231	0.41562531647548	0.01001618496750511	0.01018721466776364	0.7376654148768677	0.010177395819171	0.7973210145369876	0.01000011919452273	0.9997080595462637	0.98999542090479	0.01793869543446239	0.4371392445354592	0.01190139424924622	0.9481773714639414	0.448291689662801	0.3504442329155419	0.3669140955108935	0.009999990149229216	0.8972625202553672	0.009999991405199662	0.009999990084472991	0.009999990214727274	0.009999990352584703	0.886003616091984	0.009999990008502962	1.000000009315523	0.009999990007880988	1.000000009918158	1.000000009870328	0.009999990009666912	1.000000009449139	0.00999999003734771	1.000000009227438
0.03726729331388942	-0.2633146901133232	1.114397022338584	0.9222924125550013	0.2015244963781102	0.5346522019283002	0.1462828131525266	-0.4002249228008941	-0.08934843428089188	0.2444522266440254	0.4545776305885877	-0.2708300474707239	5.162332435018443	-0.4561782989899409	6.508987050373028	-10.04372926065633	0.7046238161297862	-5.400106096893596	14.89364291993138	3.031828656894106	1.563165864777391	0.6366797269235747	0.1063165638670842	0.4179503406347576	0.2808997658657258	0.03971377276004888	0.3806527465964576	0.01001378059030423	0.01015942868916885	0.748891678310367	0.0101510664136072	0.8126883466684812	0.01000010001385845	0.9997298686025418	0.9907428000207184	0.01678057224962898	0.4858208002339564	0.01162028489232684	0.9520519974590183	0.4537165479135473	0.3469865975509171	0.723828197076109	0.009999990127563694	1.000000009795264	0.009999990774248022	0.009999990073641914	0.009999990338868269	0.009999990537559584	0.8826234230311295	0.009999990008333095	1.00000000935415	0.009999990007640456	1.000000009908049	1.000000009858028	0.009999990009058041	1.000000009516365	0.009999990037505881	1.000000009239416
0.0395964991460075	-0.2647117593449525	1.126376871911128	0.9211221273360776	0.2180490149283413	0.5124963335513747	0.1487676979856852	-0.4138156330588455	-0.05576834346208931	0.2512752050900591	0.4577972388796215	-0.9297203092926577	5.123426354191943	-0.5484884360671881	7.680593682697497	-8.964853223880226	1.428310625025149	-6.267509508650963	13.90200860184767	2.837873969007134	1.005102344194207	0.6169963436225075	0.1847537765134409	0.3828324621300427	0.3512030287800815	0.03557498730305545	0.3478612219372829	0.04725175863972415	0.04218072404368224	0.759059738862315	0.01012863614266755	0.8268587526441534	0.01000008367570868	0.9997500492525594	0.9914343700355858	0.0157886289246343	0.5290796471568082	0.01138051244558465	0.9556366068977656	0.457412485425796	0.4208039197252025	0.7932715095408805	0.009999990114626463	1.000000009829829	0.009999990588100992	0.009999990066078662	0.504999999647904	0.4348537203702398	0.881385787529082	0.009999990008306807	1.000000009366992	0.009999990007532796	1.000000009893657	1.000000009838264	0.009999990008649083	1.000000009526363	0.00999999003828715	1.000000009182893
0.0419257049781256	-0.2676500909054702	1.138259951856811	0.9197383172651683	0.2373066977743845	0.4929638962430582	0.152933019375307	-0.4294112778005804	-0.02476551960057092	0.2577237892368329	0.4583454284900126	-1.594253085175308	5.079240056039111	-0.6395239261057445	8.855850739383493	-7.791089298625641	2.147550442272828	-7.121666687321404	12.68064231539317	2.710350585615504	-0.7306792250827836	0.6045114828412416	0.2542113647124145	0.3499049067322784	0.4107710142647654	0.03198227909115913	0.3171591884734154	0.1408266763898751	0.1235197832309764	0.7683374135683464	0.01010954124364018	0.8399310591248659	0.01000006976856398	0.999768721623315	0.9920742489544491	0.0149401622427314	0.5678153600517994	0.01117617461602415	0.9589527372158763	0.4611084229380448	0.4946212418994879	0.8627148220056521	0.009999990101689232	1.000000009864394	0.009999990401953962	0.00999999005851541	1.00000000895694	0.8597074502029201	0.8801481520270348	0.009999990008280519	1.000000009379833	0.009999990007425137	1.000000009879265	1.000000009818501	0.009999990008240129	1.000000009536362	0.009999990039068419	1.00000000912637
0.04425491081024369	-0.2720996477034012	1.150035474525152	0.9181472192395908	0.2592500530350794	0.4762307621210825	0.1587191563798866	-0.4469614321387925	0.003106149104368751	0.263926596226743	0.4539197683360453	-2.210988411863232	5.032003575844411	-0.7254293845558181	9.964764560369176	-6.583873626163562	2.802134401123781	-7.937946389102565	11.22271154446526	2.618565958721314	-2.955118984148154	0.599840551373477	0.3186766493173266	0.3190703116537156	0.4626632543684971	0.02887043163752813	0.2884635134856521	0.2390831824273658	0.2138279692149592	0.7752173908229782	0.0100932746831144	0.851997417993428	0.01000005792242634	0.9997859997927327	0.9926663472751445	0.01421450470118459	0.6027655471928589	0.01100194854713583	0.962020820102846	0.4628751831181362	0.5948293622468493	0.9313574125644604	0.009999990093484252	1.00000000987986	0.00999999032444644	0.009999990052827576	1.00000000939066	0.9298537298254618	0.8378796250762401	0.009999990008415428	1.000000009379997	0.00999999000743323	1.000000009859664	1.000000009785873	0.009999990007964371	1.000000009541444	0.009999990040671935	1.000000008947314
0.04658411664236178	-0.2778779392960172	1.161701340610341	0.9163648462373677	0.2836274260313562	0.4622615440730696	0.165899636544618	-0.4663427597108853	0.02737947837794067	0.2699352064707448	0.4451119429910316	-2.735186854412937	4.985082140375591	-0.8037644359035206	10.94584871381567	-5.417820233393424	3.344819606658517	-8.694025135535931	9.590885814058048	2.543601264254067	-4.493476939753772	0.6034754210361502	0.379765318413215	0.2902486037603749	0.5084321965485312	0.02618180698495855	0.261703897114213	0.316139109521077	0.2921763173940734	0.7783496607721613	0.01007942737632248	0.8631383084127912	0.01000004783892609	0.9998019866105278	0.9932141903753425	0.01359461172570983	0.6344380306818065	0.0108535183964246	0.9648592428804053	0.4646419432982278	0.6950374825942107	1.000000003123269	0.009999990085279272	1.000000009895326	0.009999990246938919	0.009999990047139742	1.00000000982438	1.000000009448003	0.7956110981254455	0.009999990008550336	1.00000000938016	0.00999999000744132	1.000000009840063	1.000000009753244	0.009999990007688614	1.000000009546526	0.009999990042275453	1.000000008768259
0.04891332247447987	-0.2847446719078353	1.173260440834985	0.9144106006544966	0.3101064133530821	0.4509037113596345	0.1741882392486754	-0.4874008741013655	0.04772522390042864	0.2757731945814709	0.4337823394663426	-3.140796890782121	4.940907243133704	-0.872566995632606	11.76246158366726	-4.356488730167702	3.748962206793685	-9.374511186991729	7.871429975829215	2.468332379519619	-5.144805238026089	0.6162926000519026	0.4355944724424705	0.2633661814268923	0.549298127724545	0.02386255562076559	0.236814468261061	0.3809020836657875	0.3606549392897539	0.7776999263940333	0.0100676314316122	0.8734291655949126	0.01000003924979191	0.9998167797472902	0.9937211260205854	0.01306501840765539	0.6632672824651821	0.01072699520963787	0.9674854538036572	0.4644165656206976	0.8326360196961267	1.000000006101786	0.009999990079903967	1.000000009901231	0.009999990206051209	0.009999990042691137	1.000000009859574	1.000000009613788	0.7445935592796251	0.009999990008862418	1.000000009369711	0.009999990007552365	1.000000009812855	1.000000009689923	0.009999990007512114	1.000000009538302	0.009999990044703823	1.000000008233253
0.05124252830659795	-0.292414884937171	1.184721064368317	0.9123080104047818	0.3382905225507364	0.4418658021252884	0.1832551909445506	-0.5099513147694775	0.06401151306183175	0.2814294125223337	0.4215646502385941	-3.425104771014375	4.90052397041562	-0.9311423299462952	12.40997168003302	-3.425790635067772	4.013158128812661	-9.975428656902084	6.105185834170934	2.387522168661222	-5.256042180501772	0.6389631139521745	0.4844565225950025	0.238358677173773	0.5860273986220426	0.02186613151398768	0.2137348416259051	0.4364993886592322	0.4189330488328746	0.7732274395908726	0.01005759006819825	0.8829364709984743	0.01000003193868744	0.9998304672603076	0.9941901723282244	0.01261304701662163	0.6895780983074659	0.01061923045836586	0.9699151630640452	0.4641911879431673	0.9702345567980425	1.000000009080304	0.009999990074528665	1.000000009907136	0.009999990165163499	0.009999990038242534	1.000000009894768	1.000000009779574	0.6935760204338046	0.009999990009174498	1.000000009359263	0.009999990007663412	1.000000009785646	1.000000009626602	0.009999990007335615	1.000000009530078	0.009999990047132189	1.000000007698247
0.05357173413871603	-0.3006104554133246	1.196092503409418	0.9100810436655168	0.3677911369042645	0.4348348684410709	0.1927805990196518	-0.5338087781607529	0.07614208418539933	0.2868864738683045	0.4093915300604032	-3.599951620774068	4.864247104727202	-0.9796978566232978	12.90271231931811	-2.627913587829076	4.152219602664792	-10.49824769019654	4.302473041002386	2.296478069875466	-5.223734788362242	0.6656332676858907	0.5278625240142303	0.2151645028851146	0.6192561429864561	0.02014946371830141	0.1924057150686106	0.4853000818192547	0.4698282280390667	0.7561749285688047	0.01004903640485291	0.8917227708179293	0.01000002571109987	0.999843132772427	0.9946241953783443	0.0122272228839965	0.7136567994423013	0.0105273887376411	0.9721632812233605	0.4621196288135884	0.9851172831415115	1.000000009285252	0.009999990070882514	1.000000009911029	0.009999990141395524	0.00999999003475548	1.000000009909544	1.000000009826436	0.405872702204756	0.009999990009690681	1.000000009332872	0.009999990007873102	1.000000009743328	1.0000000094628	0.00999999000724105	1.00000000949738	0.009999990050161179	0.9999999972306567
0.05590093997083413	-0.3091282642908412	1.207383297129342	0.907750561225518	0.3983111131008678	0.4295469871881787	0.2025339977408338	-0.5588014334035356	0.08401507866834462	0.2921191087123005	0.3971037086120614	-3.701798566742654	4.831276916278053	-1.020027304649711	13.28525872338129	-1.929098151057667	4.208924980272638	-10.95017450018773	2.44936754459599	2.194815711481527	-5.354531776027714	0.6911663589226226	0.5667208511769667	0.1937245824319178	0.6494331438790196	0.01867596509179619	0.1727673377561062	0.5285889228837359	0.5148021418304732	0.7186304260183337	0.01004175516850338	0.899843544470547	0.01000002041017235	0.9998548516758539	0.9950257790660764	0.01189818092884073	0.7357296027923662	0.01044917696649116	0.9742432383861224	0.4600480696840096	1.00000000948498	1.0000000094902	0.009999990067236363	1.000000009914922	0.009999990117627549	0.009999990031268426	1.00000000992432	1.000000009873299	0.1181693839757073	0.009999990010206862	1.000000009306481	0.009999990008082792	1.000000009701009	1.000000009298998	0.009999990007146482	1.000000009464682	0.009999990053190168	0.9999999867630661
0.05823014580295222	-0.3178490722999194	1.218599140462995	0.9053336401494992	0.4296558342694136	0.425855559088032	0.2123815745347795	-0.5847721032971619	0.08726647259776289	0.2970969958801324	0.3839963481865982	-3.779184664952438	4.800097393235262	-1.05344742815418	13.61510924968066	-1.274274258042138	4.239547505829234	-11.33527095034206	0.4782633515358965	2.076852848011518	-5.747729501171795	0.7151117009668666	0.6017757678217175	0.1739796144916659	0.6769456847135702	0.01741202917797784	0.15475849416809	0.5673905407055103	0.5550089765251133	0.6709041709314143	0.0100355527819184	0.9073511254122075	0.01000001589487238	0.99986569556549	0.9953973770767667	0.01161745999661001	0.7560002160888185	0.0103825310106693	0.9755161501677062	0.4565898364481076	1.000000009617319	1.000000009570577	0.009999990064607582	1.000000009918249	0.009999990102990654	0.009999990028616103	1.000000009932407	1.000000009893556	0.06408468717923699	0.009999990010972716	1.00000000924907	0.009999990008400539	1.00000000961971	1.000000007406313	0.00999999000713573	1.000000009365996	0.009999990056474008	0.9827727086742667
0.06055935163507031	-0.3266995297255138	1.22974765990691	0.9028517548618296	0.4616700001031807	0.4234539781262025	0.2222497108915073	-0.6115378912708194	0.08687556044116919	0.3017815862163398	0.3710389567296886	-3.813123564067792	4.773468466024907	-1.075809589542713	13.86008526381734	-0.8215557256267503	4.226578690818366	-11.63291199729258	-0.6781414421901242	1.942972935218424	-5.225759156202234	0.7370646919257539	0.6335389011000038	0.1558676805831247	0.7020879839957064	0.01632948750521849	0.1383134609467972	0.602370373069439	0.5911815139181225	0.6222072426925369	0.01003027311237767	0.9142921481045654	0.01000001205147014	0.9998757289894549	0.9957412015342543	0.01137817692215416	0.774635894713296	0.01032578285494887	0.9754060908904646	0.4531316032122057	1.000000009749657	1.000000009650955	0.009999990061978801	1.000000009921576	0.009999990088353762	0.009999990025963777	1.000000009940494	1.000000009913812	0.009999990382766697	0.009999990011738572	1.000000009191659	0.009999990008718287	1.00000000953841	1.000000005513628	0.00999999000712498	1.00000000926731	0.009999990059757847	0.9655454305854672
0.0628885574671884	-0.3355928261336416	1.240838915599969	0.9003370700244976	0.4941646011493645	0.4218408313017454	0.2320532060660371	-0.6388708937362286	0.08490866654750168	0.3061116042249276	0.3589340667908287	-3.824989961474865	4.750385489577169	-1.080230737267309	14.0366600170238	-0.5744352999660309	4.193935984663504	-11.81784539850634	-0.9852914476499575	1.77204302452391	-5.312636636267313	0.7572270521537012	0.6624477473241727	0.1393245625357334	0.7251209970289124	0.01540261068546827	0.1233635917879089	0.6340866796408478	0.6239300878707605	0.5745549236074579	0.01002577576681754	0.9207106856173071	0.01000000877771197	0.999885013242245	0.9940752916837783	0.01117412108570992	0.7917895584691832	0.01027743149735924	0.9741184190773482	0.4491674946369487	1.000000009795423	1.000000009690561	0.009999990060372591	1.00000000992415	0.009999990078764709	0.009999990023932445	1.000000009946064	1.000000009925722	0.009999990277357386	0.00999999001286485	1.000000009041324	0.00999999000918622	1.000000009331392	0.9475356228789446	0.009999990007221665	1.000000008943311	0.009999990063083003	0.9509791735779948
0.06521776329930649	-0.3445261990852649	1.2518779206642	0.897834611337631	0.5270346602791504	0.4207275084455188	0.2417990342865334	-0.6665015520474772	0.08240428766673659	0.3100224937566372	0.3456178821289018	-3.847535759797924	4.728602848648091	-1.065311461556982	14.18247676604045	-0.3923759929146847	4.177062282059002	-11.88849769241228	-1.139659251982467	1.583083335855264	-6.265851625802562	0.7757645726311923	0.6888290389851845	0.1242804360404354	0.7462532029533647	0.01461004967490815	0.1098340659159887	0.6629415151243359	0.6536881453397075	0.5298580539406005	0.01002194751508999	0.9266461405988577	0.01000000599113967	0.9998936035854002	0.9886129144598644	0.01100025215558503	0.8075902107570208	0.01023626468111146	0.971838176958398	0.4452033860616916	1.000000009841188	1.000000009730166	0.009999990058766379	1.000000009926723	0.009999990069175657	0.009999990021901113	1.000000009951633	1.000000009937632	0.009999990171948071	0.009999990013991128	1.00000000889099	0.009999990009654151	1.000000009124373	0.8950712402442613	0.009999990007318351	1.000000008619312	0.009999990066408155	0.9364129165705225
0.06754696913142458	-0.3535188897452704	1.262868649298779	0.8953888591695245	0.5601993573036231	0.4199770217182441	0.2515192420941515	-0.6941638972270712	0.0796714448089508	0.313485399074713	0.3301255427835208	-3.874127216121788	4.70921462715106	-1.032105743997382	14.28763257557327	-0.2580899484960001	4.170385808635265	-11.84774284807593	-1.20118476132195	1.389963998721541	-7.052263203010689	0.7928288953497333	0.7129706969862512	0.1106623106776013	0.7656731573020493	0.01393238543462857	0.09764696509205958	0.6892844344800406	0.6808306264813775	0.487895977775434	0.01001868654390761	0.9321358017504904	0.0100000036176194	0.9999015523445407	0.9796350801125074	0.01085202665046786	0.8216676698590278	0.0102011917793149	0.968756563668661	0.4406592073055517	1.000000009861633	1.000000009752839	0.009999990057995503	1.000000009928672	0.009999990062545018	0.009999990020287734	1.000000009955888	1.000000009945093	0.009999990129459303	0.009999990015687493	1.00000000833808	0.009999990010351706	1.000000004740428	0.8424363470393439	0.009999990007564219	0.9872468797110145	0.009999990068452872	0.9249177516934208
0.06987617496354266	-0.3625734007318817	1.27381770548859	0.8930390137983714	0.5935590358646745	0.4194970279994606	0.2612314265036653	-0.7216170146063637	0.07683543093910399	0.3164955753705497	0.3126936328820721	-3.900618510796683	4.692820313507767	-0.9829599616329355	14.34989995714663	-0.1601139877618172	4.170172896849696	-11.70884177929717	-1.228248255700489	1.194342232775856	-7.931286710433683	0.8085480370777427	0.7351000471098578	0.09839111724807588	0.7835368877408403	0.01335362642053584	0.08671902440074658	0.7133846879713613	0.7056436346851773	0.4484940795031256	0.01001591074176029	0.9372130845984801	0.01000000159736899	0.9999089066950986	0.9673951005137484	0.01072576363999504	0.8336873708766331	0.01017133233338681	0.9650459167867783	0.4361150285494118	1.000000009882079	1.000000009775511	0.009999990057224628	1.00000000993062	0.009999990055914378	0.009999990018674354	1.000000009960144	1.000000009952554	0.009999990086970532	0.009999990017383859	1.000000007785169	0.009999990011049259	1.000000000356483	0.7898014538344265	0.009999990007810084	0.9744937508027174	0.009999990070497589	0.913422586816319
0.07220538079566075	-0.3716774633942083	1.284732969875632	0.8908196256811901	0.6270026919091274	0.4192011083042602	0.2709378442930763	-0.7486452652780323	0.07398068092817316	0.3190608150427566	0.2933720781330134	-3.913071319543331	4.680365210186206	-0.9213967733004904	14.35784542191078	-0.09776377376933311	4.161337868782693	-11.48990992267939	-1.228841549460387	1.01126253121227	-8.650904504106569	0.8230403540078435	0.7554217410160224	0.0873850295439116	0.7999874940789863	0.01285927184092877	0.07696487441932155	0.7354823541821406	0.7283813568319838	0.411496686236389	0.01001354627750207	0.9414584183635105	0.009999999876646782	0.9978413499567229	0.9521524959675985	0.01061814736274661	0.8419648084246866	0.01014589435643549	0.9604515296913541	0.4308971447823865	1.000000009892593	1.000000009789612	0.009999990056974719	1.00000000993232	0.009999990051147349	0.009999990017361163	1.000000009963489	1.00000000995758	0.009999990068552398	0.00999999001996644	0.9880853927011909	0.009999990012104254	0.9451480075822721	0.7375066048344612	0.009999990008274439	0.9131633680528769	0.00999999007348632	0.8939371563105405
0.07453458662777884	-0.3807852310069036	1.295623872603062	0.8887530431640834	0.6604016622013112	0.4190239821039309	0.2806025871441178	-0.7750980778487158	0.07108384536688701	0.3212201088119572	0.2724337044577775	-3.903799810034019	4.671901887771126	-0.8517516347710883	14.31153001005735	-0.05811055531894329	4.134388220549404	-11.21473508159773	-1.264385508814718	0.845772005612775	-9.319587309618941	0.8364076753646746	0.7741037287726587	0.07755798002337598	0.8151463635269439	0.01243744718767149	0.06829654548315114	0.7557710822064543	0.7492474878561248	0.3767798621718856	0.01001153360864557	0.9444937654458961	0.009999998412115057	0.9918289115607565	0.9341395609496915	0.01052649493624834	0.844985151186886	0.010124238673735	0.9547436626092402	0.4256792610153612	1.000000009903108	1.000000009803713	0.009999990056724807	1.00000000993402	0.009999990046380317	0.009999990016047971	1.000000009966835	1.000000009962606	0.009999990050134267	0.009999990022549024	0.9761707776172126	0.00999999001315925	0.8902960148080616	0.6852117558344958	0.009999990008738793	0.8518329853030365	0.009999990076475054	0.874451725804762
0.07686379245989693	-0.3898364993290004	1.306499932892529	0.886854466758204	0.6936253611913653	0.418913745372077	0.2901719910091632	-0.8008619697131487	0.06806544412575398	0.3230041626440412	0.2501327210651847	-3.862638018964497	4.667520161959883	-0.7785697773240184	14.20850936356497	-0.03735005975796737	4.076826528019068	-10.906602351823	-1.341774057974745	0.6947721477737553	-9.814997298126183	0.848744870012928	0.7912995360592923	0.0688225417745874	0.829125940595952	0.01207740952297453	0.06062566636057846	0.7744266790959207	0.7684264788549061	0.3442325785037298	0.010009819197756	0.9449891322310567	0.009999997164824413	0.9821638497979863	0.9135173511879466	0.01044839086555873	0.8433654299733235	0.01010579040660295	0.9477357245444171	0.4198670507999743	1.000000009907964	1.000000009812452	0.00999999005674769	1.00000000993568	0.009999990042966509	0.009999990014984292	1.000000009969534	1.000000009966248	0.009999990040349993	0.00999999002640314	0.9266805589720241	0.009999990014787843	0.8352716448034165	0.6317187927750496	0.00999999000954468	0.7957738593373418	0.009999990080732196	0.8478130397254641
0.07919299829201502	-0.398753180292956	1.317369734424417	0.8851257419729349	0.7265540360742903	0.4188462422345616	0.2995677264974086	-0.8259002503322396	0.06476635028418801	0.3244969170141708	0.2267785680030847	-3.78823479101726	4.66652773191699	-0.7059065417629599	14.05820408835377	-0.02141685161176889	3.985265824919648	-10.59168044611962	-1.505405513627053	0.5956442943237427	-10.22390384101776	0.8601346636318714	0.8071386336379667	0.06109033058719646	0.8420232981384805	0.01177039795379395	0.05386483865454614	0.7915956091366857	0.7860712905392654	0.3137648429357958	0.01000835986946367	0.9417456935247499	0.009999996103365725	0.9691097068160918	0.89042696481391	0.01038188250305011	0.8376487677013095	0.01009008569961055	0.9392591973366923	0.4140548405845874	1.000000009912821	1.000000009821191	0.009999990056770571	1.00000000993734	0.0099999900395527	0.009999990013920613	1.000000009972234	1.000000009969891	0.00999999003056572	0.009999990030257259	0.8771903403268357	0.009999990016416436	0.7802472747987715	0.5782258297156035	0.009999990010350568	0.7397147333716471	0.009999990084989337	0.8211743536461661
0.08152220412413309	-0.4074534687915208	1.328240716916329	0.8835624127824057	0.7590829650589085	0.4188128369445064	0.3087040166050577	-0.8502208320948881	0.06100360395751909	0.3258175876835639	0.2025841928958449	-3.678329187215701	4.6682381024516	-0.6374536937428233	13.86958968973762	-0.003780324230377964	3.855215139446027	-10.29548019944426	-1.751754501739193	0.5391399455416493	-10.46902449632831	0.8706545490096219	0.821740671280995	0.05427342771579114	0.8539289986490118	0.01150849975004421	0.04792806697921829	0.8074125649830181	0.8023223309610483	0.2852948368821614	0.01000711680303399	0.9347605104836957	0.009999995199526355	0.9524973358579299	0.8649448144819566	0.01032521246111031	0.827365037973072	0.01007670739431264	0.9290882749314899	0.4065001143582628	1.00000000991302	1.00000000982607	0.009999990056621659	1.00000000993923	0.009999990037272942	0.009999990013091615	1.000000009974459	1.000000009972664	0.009999990024950011	0.009999990034906146	0.8201246778876703	0.009999990018986046	0.713959734518771	0.5220850840765693	0.009999990011794772	0.6631126968352563	0.009999990092091845	0.7856489914775422
0.08385140995625119	-0.4158695266172908	1.339117561330398	0.882151612022359	0.7911477388169035	0.418844874270445	0.3175059332181724	-0.8738795011157037	0.05648374977922015	0.3270120622869123	0.1783908638712856	-3.544176778732112	4.671561140365986	-0.5749362098329598	13.65965174040495	0.03477622080065931	3.698152088620693	-10.02332128034274	-2.15550508077602	0.4872845570223133	-10.22300560981132	0.8803727470274053	0.8352085145137339	0.04828651189946608	0.8649222034654315	0.0112852816495178	0.04273359848834367	0.8219923495471733	0.8172988857642031	0.2587531177624656	0.0100060586918721	0.9240294119097563	0.009999994430555399	0.9321724169565467	0.8371322912154395	0.01027696104806317	0.8120825182866694	0.01006531894935523	0.9170185708666295	0.3989453881319384	1.000000009913221	1.000000009830948	0.009999990056472747	1.00000000994112	0.00999999003499318	0.009999990012262617	1.000000009976685	1.000000009975437	0.0099999900193343	0.009999990039555031	0.763059015448505	0.009999990021555653	0.6476721942387706	0.4659443384375349	0.009999990013238974	0.5865106602988658	0.009999990099194353	0.7501236293089182
0.08618061578836927	-0.4239640445886663	1.35000270609667	0.8808782498575025	0.822721675330537	0.4190267293642286	0.3259314702914011	-0.896932119877776	0.05070125250763453	0.3281012638383288	0.1565747754220903	-3.417530719767953	4.675061238442204	-0.5186345530033802	13.46101699043787	0.1241685015296248	3.550511839020118	-9.76578485261884	-2.825308103748392	0.4468565106694167	-8.195541963097417	0.8893534119557138	0.8476379687467049	0.04304639524701208	0.8750771393947518	0.01109494034420141	0.0382024964554521	0.8354415134879388	0.8311115207442318	0.2340744619844284	0.01000515738682925	0.9089592216425081	0.009999993776030513	0.9083240647614736	0.807049534841069	0.01023585088160827	0.791871194950498	0.01005561772282309	0.902882001421349	0.3908047824568566	1.000000009907587	1.000000009833846	0.009999990054830673	1.000000009943786	0.009999990033788882	0.009999990011659212	1.000000009978374	1.000000009977696	0.009999990016558642	0.009999990040974776	0.6828511978080799	0.009999990025506118	0.579053772933652	0.4073371275574732	0.009999990016071162	0.5021255966773337	0.009999990111333608	0.7064156729657666
0.08850982162048737	-0.4318422191136557	1.360895756780141	0.8797347446333339	0.8538981908807495	0.4194363118396383	0.3341107912808082	-0.9193478749698547	0.0432496124038427	0.3290885113085323	0.141675832540439	-3.358410932362955	4.678349649213602	-0.4634330194343854	13.3184015529457	0.230317017140628	3.486735750548694	-9.476470794901214	-3.588734217668929	0.3997404852984999	-4.283517160857087	0.8976534057877508	0.8591125322205531	0.03847533097639463	0.8844592641649434	0.01093276807300005	0.03426230295114111	0.8478523534803132	0.8438557900550316	0.2111987500407737	0.01000439018754815	0.889011611032933	0.009999993219482951	0.8811158977848905	0.7747383045272099	0.01020085054123414	0.7667782661333352	0.01004735958739168	0.8865250510887346	0.382664176781775	1.000000009901954	1.000000009836743	0.009999990053188598	1.000000009946452	0.009999990032584583	0.009999990011055808	1.000000009980064	1.000000009979956	0.009999990013782984	0.009999990042394522	0.6026433801676548	0.009999990029456583	0.5104353516285334	0.3487299166774115	0.009999990018903351	0.4177405330558018	0.009999990123472862	0.6627077166226152
0.09083902745260546	-0.4396657655263976	1.371798747526612	0.8787239066836416	0.8847927820729675	0.4199605763454164	0.342250726405151	-0.9410194711365548	0.03456942380152566	0.3299839536817356	0.1346375242859905	-3.35780208478382	4.684010838522671	-0.4048431677092243	13.20605554714774	0.1983661237681867	3.501606441722367	-9.130935220719921	-3.798464592430668	0.3794717513457091	-2.02399675548768	0.9053263492399466	0.8697104046089905	0.03449884124904697	0.8931301766970441	0.01079452187146391	0.03084417352477998	0.8593110945756249	0.8556208784370447	0.1900667752501516	0.01000373668327369	0.8641656242090295	0.009999992746082298	0.8509645158735744	0.7405940515505491	0.01017103217699516	0.7325921617218655	0.01004032501670809	0.8679137658967581	0.3732657081704758	1.000000009881271	1.000000009838023	0.009999990049469623	1.000000009949791	0.009999990032558468	0.009999990010668196	1.000000009981135	1.000000009981793	0.009999990012217982	0.009999990038402099	0.5123397020240145	0.009999990034485375	0.4465442552979852	0.2972435005060343	0.009999990025446459	0.2138702686103879	0.009999990144356546	0.6138133068531899
0.09316823328472355	-0.4474769429192115	1.382717573820696	0.8778473823794912	0.9154009096538657	0.4202603074251527	0.3504175498572676	-0.9618781026649706	0.02586294194653942	0.3309043688205054	0.1310174590638085	-3.347790127831636	4.691947028539269	-0.3481030269623132	13.07242620171654	0.03751874835200882	3.509823729638396	-8.7784091405177	-3.611311228515134	0.421183644354626	-1.348402552156695	0.9124199976374114	0.8795004032996192	0.03104954615242492	0.9011445406617972	0.01067676534475485	0.02788675157735956	0.8698932879300408	0.8664848026836474	0.1706185929512088	0.01000318041426011	0.8343899375457947	0.009999992343869175	0.8182330083203105	0.7049604020894524	0.01014564686278496	0.6854220576718979	0.01003433694376292	0.84701352983629	0.3638672395591766	1.000000009860588	1.000000009839304	0.00999999004575065	1.000000009953131	0.009999990032532354	0.009999990010280586	1.000000009982205	1.000000009983629	0.009999990010652981	0.009999990034409675	0.4220360238803741	0.009999990039514168	0.3826531589674372	0.2457570843346571	0.009999990031989571	0.01000000416497405	0.009999990165240233	0.5649188970837647
0.09549743911684164	-0.4552348875026644	1.393655904097621	0.8770963475277208	0.9456692772618134	0.4201057504950962	0.3585682791953875	-0.9819382564354564	0.01773649581039238	0.3319809355342558	0.1285317362481341	-3.309944863786288	4.700292572420579	-0.2981169562931091	12.91587505352492	-0.1746617057696382	3.48401916237839	-8.45145138591567	-3.358510561015744	0.5019661145464758	-0.8476310429558954	0.918979473182577	0.8885472336081247	0.02806384180055321	0.9085539294965606	0.01057640339493664	0.02533250234225955	0.8796698445582315	0.8765207392401471	0.1527926778298191	0.01000270658173257	0.7956619199421784	0.009999992002092886	0.7836992771136161	0.6653443369340113	0.0101240209718779	0.6337714569705361	0.01002923615203586	0.823409030188763	0.3909623674129761	1.000000009808523	1.000000009838151	0.009999990043485115	1.000000009955264	0.009999990032628699	0.009999990010010004	1.000000009982858	1.000000009984797	0.00999999000956206	0.009999990033447205	0.2160180396648568	0.009999990045650397	0.335140940250065	0.1278785388817457	0.00999999004571929	0.009999998059605202	0.009999990222871985	0.5008150822293101
0.09782664494895972	-0.4628787206891857	1.404613068968092	0.8764524115724098	0.975559107926329	0.4194260206654328	0.3666248273152378	-1.001271610548379	0.01025510259721711	0.3332368783732341	0.1267817074744927	-3.249807033887731	4.708119573950523	-0.2561412990784452	12.74739100026527	-0.4134271426165861	3.428953918159467	-8.154334060899807	-3.057428944624961	0.5752070653456517	-0.7166902046370431	0.925045100668114	0.8969082306542445	0.02548571105355438	0.9154043150957301	0.01049093225255211	0.02313136168665652	0.8887034048595011	0.8857932546856828	0.1365228326460841	0.01000230325165451	0.7442892143448357	0.009999991712083966	0.748054735438698	0.6193957570239121	0.01010561091733459	0.5853993257172492	0.0100248942274086	0.7967156835956545	0.4180574952667756	1.000000009756458	1.000000009836998	0.009999990041219584	1.000000009957398	0.009999990032725043	0.009999990009739423	1.00000000998351	1.000000009985965	0.009999990008471141	0.009999990032484736	0.01000005544933957	0.009999990051786627	0.2876287215326926	0.00999999342883435	0.00999999005944901	0.009999991954236351	0.00999999028050374	0.4367112673748554
0.1001558507810778	-0.4703653977026711	1.415587111820533	0.8758967261565952	1.00505282224526	0.4181940342216206	0.3745284329717384	-1.019944448369893	0.00345402533086044	0.3346423283393601	0.125265965020988	-3.182182207373369	4.714747530466563	-0.2214449726029566	12.58028721521344	-0.6362681986681958	3.361631408650254	-7.877031926928034	-2.788514613506	0.6301611528359541	-0.6181572399901828	0.9306550353253056	0.9046374554121687	0.02326289815982681	0.9217391500572116	0.01041809788952741	0.02123687047148668	0.8970529576158468	0.8943631228386441	0.1217398918605116	0.01000195969454819	0.6888058090843695	0.009999991466832106	0.7078616461994266	0.5719189020137526	0.01008992781580714	0.5400311968627942	0.01002119569745516	0.7690534354773911	0.4203433002614776	1.00000000974235	1.000000009832628	0.009999990043626934	1.000000009957018	0.009999990031630518	0.009999990009549636	1.000000009983678	1.000000009986396	0.009999990007750231	0.009999990044062919	0.01000002355843576	0.009999990069339899	0.1488143706533725	0.009999992090421522	0.009999990074665921	0.009999991560411512	0.009999990305802828	0.4230757577146831
0.1024850566131959	-0.4777187810535274	1.426575726477949	0.8754187779336283	1.034175158980398	0.4165000542206952	0.3823036095475524	-1.037955418981595	-0.002763448998485802	0.3361657299407056	0.1237467774853796	-3.135352861748038	4.720631825787097	-0.1893913435563233	12.42850326722598	-0.8101233475997187	3.318676776555695	-7.586013991729052	-2.556311414381112	0.6764876250906586	-0.7196483649307818	0.9358434596066653	0.9117830461652066	0.0213503589716939	0.9275972911791014	0.01035607848580422	0.01960935843251632	0.9047709137841935	0.9022842960433932	0.1083684977273399	0.01000166725797731	0.6369426850428032	0.009999991260684129	0.6599198103289448	0.5273841496919599	0.01007657723358023	0.4974504394269141	0.01001804743341342	0.7423452376370924	0.4226291052561796	1.000000009728242	1.000000009828258	0.009999990046034284	1.000000009956639	0.009999990030535994	0.009999990009359848	1.000000009983846	1.000000009986827	0.009999990007029322	0.009999990055641101	0.00999999166753196	0.009999990086893172	0.01000001977405234	0.009999990752008693	0.009999990089882832	0.009999991166586673	0.009999990331101917	0.4094402480545107
0.104814262445314	-0.4849902261168613	1.437577748845962	0.8750149474114952	1.062957826959471	0.414469766064806	0.3900121330601458	-1.055260118416127	-0.008510277933419961	0.3377953647348971	0.1219783494764208	-3.108790118770957	4.726436537257038	-0.1574128211482563	12.28503095160566	-0.9267857204006081	3.30098979653313	-7.270651724057988	-2.388273489364071	0.7232544111914245	-0.8156519687438814	0.9406427496214724	0.9183904834140511	0.01970646134608193	0.9330155140644596	0.01030323450740918	0.01821230741138623	0.9119067460349869	0.9096076846979351	0.09633022341058481	0.01000141817384118	0.5883677236206631	0.009999991093653455	0.6098952826229893	0.4855730548682916	0.01006520446006236	0.457464162865156	0.01001536569889635	0.7165363419891592	0.4134214296390722	1.000000009680212	1.000000009818863	0.009999990049685296	1.000000009956194	0.009999990029773718	0.009999990009261824	1.000000009983823	1.000000009987101	0.009999990006427746	0.009999990231087439	0.009999991262858743	0.009999990182830541	0.01000000628212305	0.009999990592681394	0.009999990142211455	0.009999990938486334	0.009999990343601601	0.3964757769905105
0.1071434682774321	-0.4922028134447416	1.448593657556566	0.8746852497339578	1.091399034614063	0.4122126199720051	0.3976840168462999	-1.071814774903466	-0.01393560632941599	0.339536982177966	0.1198687858935679	-3.084813974508491	4.732555497280136	-0.1257363040801397	12.13530434098849	-1.004917585003138	3.287215644238315	-6.941980787920868	-2.280251192905912	0.7726428444646198	-1.012568440254531	0.9450819615691972	0.9245004066441985	0.01829591563500657	0.9380267798265239	0.01025824162843321	0.01701498708713232	0.9185045918380839	0.9163786821970242	0.08554140988332765	0.01000120617782765	0.5428195621714456	0.009999990965750907	0.5630135600394154	0.4463127308696404	0.01005552335151963	0.4199194603297262	0.01001308296248032	0.6915794294004323	0.4042137540219647	1.000000009632182	1.000000009809469	0.009999990053336308	1.000000009955749	0.009999990029011445	0.009999990009163797	1.000000009983801	1.000000009987374	0.00999999000582617	0.009999990406533777	0.009999990858185525	0.009999990278767907	0.009999992790193752	0.009999990433354092	0.009999990194540074	0.009999990710385995	0.009999990356101282	0.3835113059265102
0.1094726741095502	-0.499325204984408	1.459625770415402	0.8744308171680409	1.119443040215951	0.4097755570824301	0.4052848988344361	-1.087593673926682	-0.01917787142123472	0.34141157262382	0.1173138808545858	-2.995155836394971	4.74211106770461	-0.0904550840485175	11.90036107875859	-1.124792030823271	3.198267863821237	-6.60604277529454	-2.223168555143147	0.8447485208454993	-1.191151441100287	0.9491886361946991	0.9301512667006363	0.01708633621336464	0.9426623134984866	0.01021990833007994	0.0159892817729398	0.9246061847271256	0.9226401992050924	0.07591637776889296	0.04724191367775943	0.5000657097936989	0.04680247599609252	0.5190228492443031	0.409449034800378	0.03789879832917972	0.3846798469333521	0.01001113850424818	0.6674612590765653	0.3960108382283529	1.000000009073806	1.000000009791601	0.009999990058441726	1.00000000995558	0.009999990028648684	0.009999990009137824	1.00000000998362	1.000000009987532	0.009999990005330354	0.5050000001243544	0.009999990691266881	0.4990506170980882	0.009999992331620777	0.009999990365537963	0.378395277594518	0.009999990604301706	0.009999990369191376	0.3720070808820168
0.1118018799416683	-0.5059889184558579	1.470692808873196	0.8742744944948375	1.146627817213443	0.4068000630982812	0.4123913892380843	-1.102585116523675	-0.02430176337425836	0.3435082815591837	0.1142736978823959	-2.690964653085547	4.762544773862783	-0.04149309005356574	11.39751758762487	-1.46724778111545	2.86270049175901	-6.265822060028661	-2.178608704154833	0.9633674995781029	-1.42925804880377	0.9529875214655048	0.9353775075259544	0.01605062186772593	0.9469501471766133	0.01018727260588732	0.01511179277438915	0.9302488673412053	0.928430615472984	0.06736704178454231	0.1408197046578534	0.459922296870976	0.1393549997312101	0.4777242005028912	0.3748592145142342	0.1092468560619787	0.3516361552905131	0.01000948335614976	0.6441720980686556	0.3878079224347412	1.00000000851543	1.000000009773734	0.009999990063547142	1.00000000995541	0.009999990028285922	0.00999999000911185	1.000000009983439	1.00000000998769	0.009999990004834536	1.000000009842175	0.009999990524348237	0.9881012439174084	0.009999991873047799	0.009999990297721834	0.7467905649944959	0.009999990498217417	0.009999990382281469	0.3605028558375236
0.1141310857737863	-0.5116398262084478	1.481822863143206	0.8742517435398725	1.172258683730693	0.4027085260685968	0.418366048350919	-1.116781449743339	-0.02933628538844976	0.3459153005599788	0.1107024015068175	-2.147932779658597	4.795103155346032	0.02275689626675175	10.59010411880566	-2.053451832335576	2.252110079595104	-5.920162835692603	-2.156388211493632	1.099735859772948	-1.643191877095982	0.9513742081841791	0.9402117515980425	0.01516403472160932	0.9509168544341808	0.01015946907974081	0.01436121053475435	0.9354679912243058	0.933786258056524	0.05980502159270232	0.2390779070908709	0.4222254577105543	0.2369473245802448	0.43894038907507	0.342433274842659	0.1930589117862361	0.3206901947840839	0.01000807348857823	0.6217398686501034	0.377389254793366	0.8644787738507627	1.000000009738176	0.009999990067646134	1.000000009955797	0.009999990028683313	0.009999990009156407	1.000000009983048	1.000000009987707	0.009999990004436243	1.000000009870049	0.00999999044534409	0.9940506268289659	0.009999991633357521	0.009999990262701633	0.8733952873819453	0.009999990435455833	0.009999990391348513	0.351361903589298
0.1164602916059044	-0.5159328188030036	1.493033614859324	0.8743842284020278	1.19586480912302	0.3971995191037655	0.4228109018766407	-1.130145673431386	-0.03440321951083307	0.3486140126664625	0.1065914826052803	-1.524974821434623	4.831836585685527	0.09180197127603627	9.658949791678836	-2.684375023030161	1.549114920213651	-5.5513214176703	-2.206439742309442	1.213833217691745	-1.892611281496111	0.9397506023901478	0.944683274182135	0.01440607342924369	0.9545863196248096	0.0101357992962013	0.01371994763505292	0.9402952551831301	0.9387396906470428	0.05314311495470744	0.3161347629644873	0.3868449050314812	0.3141063052157422	0.4025307339331253	0.3120819858982274	0.2726408629613986	0.2917613030008822	0.01000687339410975	0.6001925949265827	0.3669705871519909	0.7289575391860954	1.000000009702618	0.009999990071745126	1.000000009956183	0.009999990029080705	0.009999990009200963	1.000000009982657	1.000000009987723	0.009999990004037951	1.000000009897923	0.009999990366339945	1.000000009740523	0.009999991393667243	0.009999990227681431	1.000000009769395	0.009999990372694249	0.009999990400415559	0.3422209513410724
0.1187894974380225	-0.5187777343330819	1.504329859671042	0.8746767229551916	1.217268256244114	0.3902866160529935	0.4256209768389312	-1.142611213440691	-0.03969548216294429	0.3515519516443169	0.1019220530894856	-0.9270949425161752	4.867311708905202	0.1586337126762879	8.725709217428442	-3.232335199193614	0.874269969368407	-5.147736936213072	-2.353537645462628	1.30650012355134	-2.12223578195658	0.9104285666092647	0.9488198228816987	0.01375809935973443	0.9579811954039276	0.01011563504041056	0.0131720416739556	0.9447606939212306	0.9433217635861175	0.04729561783085751	0.3808983921097522	0.3536640527159977	0.3791763368744436	0.3683695225187866	0.283724168953821	0.3443133341932579	0.26477539794392	0.01000585114707936	0.5794729194533919	0.3590656159761405	0.3694787649520027	1.000000009615736	0.00999999007210968	1.000000009957224	0.009999990030722786	0.009999990009341138	1.000000009981982	1.000000009987557	0.009999990003723449	1.00000000990644	0.009999990319763804	1.000000009784764	0.009999991263782088	0.009999990206866401	1.000000009823607	0.009999990333810525	0.009999990410125588	0.3332636798444925
0.1211187032701406	-0.5202946969667024	1.515705202799364	0.8751198638381066	1.23654227620691	0.3822311113991375	0.426932435887074	-1.15410440941428	-0.04544016797409395	0.3546892224045314	0.09668014235702643	-0.3847124383098868	4.899755286139294	0.2211562152624049	7.830492101134278	-3.665483336713677	0.2623107284289938	-4.716406767957984	-2.59491821235269	1.384991798535285	-2.384179015674227	0.8565313285811436	0.9526463302966496	0.01320477754351937	0.9611218592651916	0.01009846939402404	0.01270439973246055	0.9488912795078097	0.9475601754031743	0.04218122927532914	0.4364961760206851	0.3225887827335046	0.4349979105550486	0.3363557797559085	0.2572907951035013	0.4048376231509769	0.2396678326075702	0.01000498100153083	0.5595297070152084	0.35116064480029	0.009999990717909839	1.000000009528855	0.009999990072474232	1.000000009958264	0.009999990032364866	0.009999990009481314	1.000000009981306	1.00000000998739	0.009999990003408945	1.000000009914957	0.009999990273187665	1.000000009829005	0.00999999113389693	0.009999990186051367	1.00000000987782	0.0099999902949268	0.00999999041983562	0.3243064083479125
0.1234479091022587	-0.5206311121062043	1.527151462537978	0.8757022469192179	1.253800877863162	0.3733191582135644	0.4269123564587207	-1.164568049990508	-0.05185375577010536	0.3579946614303224	0.090838146012446	0.08604276703245403	4.92809144740546	0.2780973148239436	6.997642841045754	-3.968474509638055	-0.2685647797908242	-4.266574053959149	-2.925176681490882	1.451791122595282	-2.637268360737643	0.7933730559628404	0.9561864405266439	0.01273220770584476	0.9640276446351882	0.01008384646104054	0.01230516864202204	0.9527125840066991	0.9514811845612415	0.03772152761379743	0.4852972460413003	0.2935337956385203	0.4839749765285953	0.3063983643251302	0.232716950585355	0.4574646063559184	0.2163768310854194	0.010004239808721	0.5402629555362406	0.3467114217549276	0.009999990448369292	1.000000009154688	0.009999990069807204	1.000000009959762	0.009999990036659969	0.009999990009789001	1.000000009980228	1.000000009986959	0.00999999000316555	1.000000009914259	0.009999990243129784	1.000000009847491	0.009999991043814275	0.009999990172998284	1.000000009897902	0.009999990269385745	0.00999999043377116	0.3142530218728024
0.1257771149343768	-0.519939540059605	1.538659398383791	0.8764115517567918	1.269181327388357	0.3638300179208302	0.4257325343519451	-1.173971728089052	-0.05912736840423936	0.3614454096496111	0.08437067701234681	0.497980857341653	4.952714201447217	0.3301390751818158	6.217794669968245	-4.161091839150194	-0.733515971324567	-3.806257511874325	-3.333388661175958	1.509763247664988	-2.921248472477001	0.7346041688571769	0.9594614186430352	0.01232901471961408	0.9667159537992006	0.01007139843434106	0.01196467040245317	0.9562475968823516	0.9551083939165502	0.03384466054658324	0.5285863921047574	0.2664273574396089	0.5274064888997151	0.2784215686263158	0.2099426370776879	0.5038164256718451	0.1948432928976246	0.01000360890087043	0.5215814350625023	0.3422621987095651	0.009999990178828744	1.000000008780521	0.009999990067140176	1.00000000996126	0.009999990040955069	0.009999990010096688	1.00000000997915	1.000000009986528	0.009999990002922152	1.00000000991356	0.009999990213071901	1.000000009865977	0.009999990953731622	0.009999990159945201	1.000000009917984	0.009999990243844689	0.009999990447706702	0.3041996353976923
0.1281063207664949	-0.5183455208806068	1.550220725727942	0.877236936042342	1.282798147299418	0.3540040897023369	0.4235329502295745	-1.182297252821682	-0.06743274531685513	0.3650210208183765	0.07724208790179077	0.8647192047141578	4.974055498897025	0.3779539063022192	5.480378422415537	-4.263323981451113	-1.148677424443034	-3.342816859161222	-3.807731458290158	1.558491982286561	-3.205557071478209	0.6797595806106367	0.9612289931939652	0.0119849102416987	0.9692033016047059	0.01006079455046035	0.01167415967664041	0.9595181241183433	0.95846418982048	0.03048241596879328	0.5673882652757323	0.2412024992994619	0.5663275140864004	0.2523553073805454	0.1889086851244484	0.5451639720584779	0.1750079629704721	0.01000307149342423	0.5033726814164033	0.3409543694367886	0.009999990140332638	0.9666354280328294	0.009999990063217714	1.000000009962891	0.009999990050526705	0.009999990010706093	1.000000009977435	1.00000000998567	0.009999990002738978	1.000000009908832	0.009999990192451841	1.000000009873394	0.009999990887299821	0.009999990151474947	1.000000009926651	0.009999990226337565	0.009999990468307981	0.2924558821651153
0.130435526598613	-0.5159393808821769	1.561828266922075	0.8781692681045583	1.294738812495385	0.3440290157081797	0.4204118268598164	-1.189545177645145	-0.07691011865359211	0.3686962581555208	0.06941104659195958	1.195317956736482	4.992396267622284	0.421971042276657	4.778544697311945	-4.289157614709087	-1.524806491621133	-2.880963667674144	-4.33973718388757	1.59530842963747	-3.524417320492851	0.6284762303841384	0.9603695417132613	0.01169150823566554	0.9715045598782051	0.01005176799015815	0.01142651995611153	0.9625437848178483	0.9615687112706246	0.02757409326642937	0.6023683150700712	0.2177983519062037	0.601408995123444	0.2281371659309255	0.1695550453645567	0.5822989564338469	0.1568090824635279	0.01000261405094494	0.4855333570378792	0.3396465401640121	0.009999990101836533	0.9332708472851372	0.009999990059295253	1.000000009964521	0.00999999006009834	0.009999990011315496	1.00000000997572	1.000000009984812	0.009999990002555803	1.000000009904102	0.00999999017183178	1.000000009880811	0.00999999082086802	0.00999999014300469	1.000000009935318	0.009999990208830443	0.009999990488909259	0.2807121289325381
0.1327647324307311	-0.512798457259009	1.573475236202143	0.8791999798010656	1.30508103991607	0.3340722585281002	0.416451932042198	-1.195722727944936	-0.08768617400276579	0.3724416846380548	0.06082382716465571	1.498124808543929	5.007986039579788	0.4625235291187261	4.105970596147119	-4.25161508325278	-1.871842120673898	-2.424862471804837	-4.919861160690197	1.617949468014738	-3.856284407588447	0.5804320148277577	0.9550357319364632	0.01144123604748895	0.9736338446447163	0.01004407882564496	0.01121532929023188	0.9653431941500021	0.9644410658344471	0.02506281085660833	0.6340848102627347	0.1961554041271967	0.6332134653027228	0.2057067972240186	0.1518200313235532	0.6158769384684046	0.1401826341607615	0.01000222440356881	0.4679541039969825	0.3409195295855237	0.009999990084992218	0.8457949769072591	0.009999990055247999	1.00000000996608	0.009999990164547544	0.009999990012516268	1.000000009972843	1.000000009983162	0.009999990002425567	1.000000009894418	0.009999990157172883	1.000000009884406	0.009999990770310115	0.00999999013771642	1.000000009940242	0.009999990196559044	0.00999999051891619	0.267065713344222
0.1350939382628491	-0.508977028097552	1.585155547969604	0.880321386149898	1.313884933804927	0.3242638359750992	0.4117086074469536	-1.200847706445335	-0.09985965680880229	0.3762203049699441	0.05141341701591846	1.779642046007539	5.02102618682741	0.4998470728742895	3.457636505673379	-4.161788341428229	-2.197507690306554	-1.977160504485953	-5.53965471594378	1.62381071904359	-4.231259721522728	0.5353733158261469	0.9435621708952077	0.01122793912803279	0.9756038716405117	0.01003753353041214	0.01103537468120824	0.9679331098901145	0.9670984531534775	0.02289913303029441	0.6629398111032809	0.1762141668202964	0.6621455785532538	0.1850051083678286	0.1356372057876784	0.6463581581036755	0.1250590432373463	0.01000189273729316	0.4505339242565229	0.3421925190070353	0.009999990068147906	0.7583191065293811	0.009999990051200747	1.000000009967638	0.009999990268996747	0.00999999001371704	1.000000009969967	1.000000009981511	0.009999990002295334	1.000000009884733	0.009999990142513984	1.000000009888001	0.009999990719752209	0.009999990132428149	1.000000009945165	0.009999990184287641	0.009999990548923121	0.2534192977559059
0.1374231440949672	-0.5045246871703949	1.596863201550458	0.8815258041921807	1.321208304599182	0.3147220015472431	0.4062315390362297	-1.204940621948438	-0.1135123842381293	0.3799891845557526	0.04109314495048223	2.032077426830565	5.031217476243085	0.5332358771538822	2.843190198619097	-4.017191051376183	-2.492600675117901	-1.538303752548862	-6.182701432494953	1.607404392363406	-4.643710237190634	0.4930744936420294	0.9264208127994363	0.01104606639888744	0.9774267119844565	0.04727035614155953	0.01088195658204864	0.970329436031813	0.9695571960233232	0.0210372077783936	0.6892828770502282	0.1579138771798505	0.6885569979848745	0.1659722446357455	0.1209371422455679	0.6741390960023427	0.1113655749826598	0.0100016102280937	0.4331188417662983	0.3451889110984592	0.009999990059206447	0.6710338525520267	0.009999990047540451	1.000000009969037	0.5050000000650021	0.009999990016360176	1.000000009964673	1.000000009978015	0.009999990002217664	1.000000009866232	0.009999990131893097	1.000000009889239	0.009999990681700226	0.009999990129841497	1.00000000994813	0.0099999901756252	0.009999990588210514	0.2365800109774967
0.1397523499270853	-0.4995635801653709	1.608589904954614	0.8828002718752219	1.32718804562644	0.305616391030375	0.4001568655146113	-1.20801857627709	-0.128657876175335	0.3836850681618557	0.02971892776799497	2.216500026397894	5.037383541800841	0.5599960213207115	2.303912993161593	-3.787219546370737	-2.710648351946074	-1.105652147041553	-6.821434528869459	1.561131861985427	-5.136242100081207	0.4533570352770282	0.9040331557049087	0.01089111590004893	0.9791132418908128	0.1408398467964736	0.01075126700822938	0.9725464955603279	0.9718319937308582	0.01943792026448702	0.7133832613735381	0.1411895407601646	0.7127183820998693	0.1485448897751315	0.1076442162678135	0.6995199849406674	0.09902339571689425	0.01000136976013834	0.4155656258563019	0.3481853031898832	0.009999990050264989	0.5837485985746724	0.009999990043880155	1.000000009970436	1.000000009861007	0.009999990019003311	1.000000009959378	1.000000009974519	0.009999990002139992	1.000000009847731	0.00999999012127221	1.000000009890478	0.009999990643648244	0.009999990127254848	1.000000009951095	0.00999999016696276	0.009999990627497906	0.2197407241990874
0.1420815557592034	-0.4942749669133152	1.620325745560959	0.8841276638279389	1.332023602868645	0.2971611669420868	0.3936915919626345	-1.210096440358103	-0.1452678386013997	0.387237945989761	0.01711535897489066	2.31630264565758	5.03927936360742	0.5787765663316322	1.857931855630391	-3.465068485634222	-2.831336659611756	-0.68140135358855	-7.435196724374719	1.486150920137756	-5.699263945850611	0.4160618180298977	0.8748071714576009	0.0107590305801362	0.9806737872100424	0.2390931484770313	0.01063987552554202	0.97459788404096	0.9739367986898527	0.01806527802459394	0.735481045179695	0.1259733208257243	0.7348709911244993	0.1326571317772694	0.09567974994074835	0.7227667863175939	0.0879508885327967	0.0100011649351777	0.3978925573480319	0.3520319060481061	0.009999990044676711	0.4439383595832684	0.009999990040819058	1.000000009971667	1.000000009900426	0.009999990026223586	1.000000009946874	1.000000009965552	0.00999999000212474	1.000000009803648	0.00999999011353785	1.000000009889777	0.009999990615503926	0.009999990127245029	1.000000009952897	0.00999999016108731	0.009999990672967755	0.203362538585776
0.1444107615913215	-0.4888120810720056	1.632062824311135	0.8854917550771695	1.335888414673635	0.2895114287720069	0.3870115803811732	-1.211206198838551	-0.1632674909406165	0.3905921572878624	0.003107437545243012	2.366141236161595	5.038446688571931	0.5915083041834723	1.470370998866461	-3.095579582996194	-2.89503568819848	-0.2743768795525021	-8.014708127955871	1.390544508078372	-6.342106019172056	0.3810622341967331	0.8372905414123309	0.01064652524770233	0.9821176532245597	0.3161473210481534	0.01054500613896704	0.9764958491484277	0.975884179506796	0.01688901502223553	0.7557698793680065	0.1121912514963376	0.7552093194552145	0.118237134021016	0.08495989261550696	0.744091503564996	0.07806212122944596	0.01000099059357533	0.3801158258275024	0.355878508906329	0.009999990039088431	0.3041281205918646	0.009999990037757964	1.000000009972898	1.000000009939845	0.009999990033443859	1.00000000993437	1.000000009956586	0.009999990002109486	1.000000009759566	0.00999999010580349	1.000000009889077	0.009999990587359606	0.009999990127235214	1.000000009954699	0.009999990155211861	0.0099999907184376	0.1869843529724647
0.1467399674234396	-0.4832648138638638	1.643795898141189	0.8868799435218495	1.338892042884395	0.2827430552080962	0.3802186016863366	-1.211393883183517	-0.1825649593812655	0.3937002951111605	-0.01247870524925914	2.395637471607153	5.036133935381829	0.5998539443582001	1.111676278318584	-2.717993220356318	-2.936365004953058	0.1090184052538702	-8.544675220102564	1.271543735135115	-7.056342475153163	0.3482449192837402	0.7917940917208435	0.0105506412196158	0.9834536749683865	0.3809090578027619	0.01046415940572114	0.9782520179711445	0.9776860677272805	0.01588144870963194	0.7744255725419352	0.09976623259497977	0.7739099028575708	0.1052098783058402	0.07539881611619191	0.7636857108665683	0.06926975585820126	0.01000084209853436	0.3610145258491129	0.3611659748734566	0.009999990035432241	0.1570640562809096	0.009999990035274966	1.000000009973998	1.00000000994923	0.009999990085732862	1.000000009896171	1.000000009904911	0.009999990002213882	1.000000009570973	0.009999990100268585	1.000000009886242	0.00999999056696157	0.009999990130130323	1.000000009955661	0.009999990152411476	0.009999990800973272	0.1434876376320824
0.1490691732555577	-0.4776589588887987	1.655522457949067	0.8882832237046212	1.341080786726043	0.276841376348623	0.3733396331632059	-1.210717916693471	-0.2030226564316049	0.3964840830853812	-0.02983482811846408	2.416448311745018	5.032853346766806	0.6044670027095894	0.7706609450140421	-2.351381974964412	-2.968871866270795	0.4672070741738835	-9.010952078311654	1.112037692918877	-7.861920241080976	0.3175181522466994	0.7385214698658227	0.01046898541364318	0.9846898152346009	0.4365054580410153	0.01039531464275522	0.9798768671249702	0.9793532139647075	0.015019553437425	0.7915945901578384	0.08861564927742618	0.7911197552761967	0.09349448922439939	0.06690838421972661	0.7817076844153148	0.06148539924677487	0.01000071571088451	0.3394366014560487	0.3664534408405842	0.009999990031776049	0.00999999196995462	0.009999990032791967	1.000000009975098	1.000000009958616	0.009999990138021867	1.000000009857972	1.000000009853236	0.009999990002318281	1.00000000938238	0.00999999009473368	1.000000009883407	0.009999990546563533	0.009999990133025433	1.000000009956623	0.009999990149611095	0.009999990883508949	0.0999909222917002
0.1513983790876758	-0.472003694490966	1.667240868572819	0.8896934725563913	1.342484840794372	0.2717580287745296	0.366382696082746	-1.209238574277445	-0.2244658806564835	0.39884001573315	-0.0491726808596834	2.442617842848906	5.029915741889108	0.606234088419379	0.4319851280323411	-2.038293650285187	-3.007277673500723	0.7995931645084358	-9.350300631413566	0.9021212489897388	-8.763752052468041	0.2887986595641546	0.6834189087275756	0.01039940356942015	0.9858336347991739	0.4853054392415026	0.04038530814546614	0.9751267568085616	0.9621759597272491	0.01428236411196846	0.8053322543546312	0.07865465383571163	0.8069740536747951	0.08300756857371344	0.05940021883958442	0.7983024948885474	0.05462107395378014	0.01000060807931989	0.3154006870226428	0.3738095766114077	0.009999990029470709	0.009999991587188317	0.009999990030824189	1.00000000997607	1.000000009961243	0.4081550004503323	0.8346424899999982	0.5050000000351038	0.009999990002670156	0.9459412547653807	0.009999990091120965	1.000000009878172	0.009999990532072157	0.00999999013951044	1.000000009956794	0.009999990151887466	0.009999991143255352	0.05499545911456408
0.1537275849197939	-0.4662657665778944	1.67895675451331	0.8911062603311081	1.343079355506579	0.2672306395945079	0.3593188793699433	-1.207009175225236	-0.2463415828505495	0.4006455861517417	-0.07075780767529415	2.487428311965219	5.030685497771668	0.6066470787780891	0.07554044947137793	-1.874001756861159	-3.060645320439977	1.111252032194362	-9.382304376355027	0.6394626876606554	-9.79156857306052	0.2620160489382651	0.6319013324624042	0.01034015468138905	0.9868919486097355	0.528593704101451	0.1169610796176311	0.9583773975983415	0.9094157440564721	0.01365258466186049	0.8138988405627553	0.06979549624029482	0.8215879819173805	0.07366210162791817	0.05278722187184087	0.8135930643904363	0.04859130957446615	0.01000051650130948	0.2888836566299683	0.3811657123822313	0.009999990027165371	0.009999991204422016	0.009999990028856411	1.000000009977042	1.00000000996387	0.8063100107626426	0.6692849701420253	0.00999999021697116	0.009999990003022031	0.8918825001483818	0.009999990087508251	1.000000009872938	0.009999990517580781	0.009999990145995445	1.000000009956966	0.009999990154163836	0.009999991403001752	0.009999995937427975
0.156056790751912	-0.460402964925683	1.690680875942751	0.8925191357241622	1.342819054837005	0.262857173604102	0.3521197265418108	-1.204070467462822	-0.2678157271795945	0.4017530539625456	-0.0948560046443491	2.541648415235814	5.036836462749521	0.6060624217787202	-0.2941578356834512	-1.898322748331551	-3.113515729752519	1.412877782576157	-9.007500783724439	0.2801332287945656	-10.90328718461437	0.2371043790414241	0.5836426123078541	0.0102896720078757	0.9878712277898437	0.5673948395132512	0.1974197878554565	0.9243501885829968	0.8424491461698949	0.01311451973402536	0.8150953685986113	0.06194985687244599	0.8350684322921025	0.06537009324957077	0.04698384034627712	0.8276932081184136	0.04331272981454322	0.01382826121910785	0.2620947813496424	0.3944622280726356	0.009999990025620287	0.009999991170792385	0.009999990027816772	1.000000009977614	1.00000000996409	0.7861860532991916	0.3396424801480049	0.009999990148844642	0.009999990006209065	0.7690646491932037	0.009999990085856891	1.000000009865953	0.009999990505324	0.009999990155108612	1.000000009956199	0.009999990164302572	0.06027704444208839	0.00999999405097674
0.15838599658403	-0.4544494188764951	1.702422588255314	0.8939273470964838	1.341731840110081	0.2583082942465568	0.3448496688371321	-1.200423804161215	-0.2880729351116469	0.4018045471527056	-0.1215621774496131	2.565347056391748	5.045790116589757	0.6026422624855562	-0.6344990377607326	-2.024622508981064	-3.121528627158995	1.71914638779927	-8.337367617041814	-0.2672623480532087	-12.03093771789669	0.2140032348025798	0.5383860159358803	0.01024669011417179	0.9887773055041847	0.6023742611007179	0.2587722074273403	0.868337110078114	0.7802912000708466	0.01265529933904553	0.8069283280906612	0.05503006166222672	0.8475079792668259	0.05804337436013867	0.04190900309522608	0.840701104759396	0.03870733712860745	0.02438842674392058	0.237177736147668	0.4077587437630398	0.009999990024075204	0.009999991137162757	0.009999990026777133	1.000000009978185	1.000000009964309	0.7660620958357405	0.009999990153984523	0.009999990080718127	0.009999990009396102	0.6462467982380256	0.009999990084205535	1.000000009858968	0.009999990493067218	0.009999990164221779	1.000000009955432	0.009999990174441309	0.110554097481175	0.009999992164525507
0.1607152024161481	-0.4484994944442399	1.71418653558457	0.8953231755184874	1.33991117797885	0.2534114446749308	0.3376381060126121	-1.196049458835853	-0.3065309016135848	0.4003259199839467	-0.1508927923359447	2.538261671895301	5.055714461398775	0.5954139603074939	-0.9235439921998601	-2.190449990450126	-3.063459834057216	2.037858146527872	-7.469781945421545	-1.021226056011685	-13.08188964815236	0.192653302398497	0.4959031486934978	0.01021007050070467	0.9896157207767227	0.6340902113197058	0.3152531522512739	0.8043400248348629	0.7224022196148484	0.01988200445055561	0.796283078668647	0.04894968603203622	0.8589931005327252	0.05159463138473514	0.03748454892547612	0.8527083191758368	0.03470038054025551	0.0394065289790934	0.2140710968612858	0.4144603623497229	0.009999990022661427	0.009999990864122482	0.009999990027484366	1.000000009977937	1.000000009964898	0.8830310528651795	0.009999990138643536	0.009999990075766341	0.110641074088472	0.6850471882519789	0.009999990084383525	1.000000009853985	0.009999990474381392	0.009999990166673602	1.000000009953645	0.009999990182024361	0.1483215756098147	0.009999992094053233
0.1630444082482662	-0.44265013839671	1.725975364908752	0.8966987558288851	1.337454234705142	0.2480561318506485	0.3306128407204075	-1.190926329557521	-0.3226745983478531	0.3969594550461086	-0.1821664331554216	2.478992829263555	5.06715533436701	0.5852559831565098	-1.180849329091511	-2.418287376490877	-2.961562058512504	2.362098541401171	-6.350192644565436	-1.888276466308029	-13.69933980272403	0.1729948501355545	0.4560133434576248	0.01017889401693274	0.9903914668021883	0.6629447343995103	0.3746184734581392	0.7448226491086319	0.6683629827509445	0.04028235663115556	0.7893582868954857	0.04362628642947187	0.8695995580838755	0.04593984645531154	0.03363892964016506	0.8637948441237931	0.03122417842394043	0.05707835299410575	0.1927158042997876	0.4211619809364061	0.009999990021247648	0.009999990591082209	0.0099999900281916	1.000000009977689	1.000000009965486	1.000000009894618	0.009999990123302551	0.009999990070814556	0.211282158167548	0.7238475782659323	0.009999990084561511	1.000000009849002	0.009999990455695568	0.009999990169125427	1.000000009951856	0.009999990189607415	0.1860890537384543	0.009999992023580959
0.1653736140803843	-0.4369625494825733	1.737793037826056	0.8980479745557304	1.33442015497747	0.2420750107341737	0.3238595803262578	-1.185046576357201	-0.3358272785349712	0.3915193259459482	-0.213873158149873	2.40051905385545	5.080277848738914	0.5730077762087494	-1.420814336643808	-2.718265890680553	-2.831850690150201	2.687860124992958	-4.924840672144924	-2.77397131260731	-13.44737257770688	0.1549666940556645	0.4185555703930042	0.01015233385547851	0.9911092850849406	0.6892873768015433	0.4281328318519133	0.6893039555961018	0.6178021971931177	0.06396717571660733	0.7844076095641038	0.03898013112031375	0.8793984567966132	0.0409974323319614	0.03030424982945992	0.8740356689169458	0.02821481907851728	0.07329195568577923	0.1730525106319058	0.4184077571435737	0.009999990020677424	0.009999990899919547	0.009999990027918191	1.000000009977737	1.000000009962947	0.9346321361481627	0.009999990113508508	0.009999990064748037	0.2145596632930076	0.7240980658298806	0.009999990084028331	1.000000009844562	0.009999990434527001	0.009999990172232971	1.000000009950296	0.009999990190463659	0.171873441812512	0.009999991842824896
0.1677028199125024	-0.4314871130204188	1.749641619929903	0.8993668564367846	1.330852195170376	0.2353896351310778	0.317445854486491	-1.178399397045271	-0.3455295595481773	0.3840790016932022	-0.2444434920454779	2.296825629561993	5.093695871160159	0.5592068934859331	-1.639271742482027	-3.023003779745852	-2.670016717433853	3.021058003917748	-3.387466786394207	-3.605767574205497	-12.72356421160435	0.1385031601089653	0.3834017430599437	0.0101297227161977	0.9917734500385028	0.7133873831088205	0.4692181782043469	0.6374088307508612	0.5704283202672655	0.08391103867493351	0.7798473979861739	0.03493781522328196	0.8884526021221834	0.03669170631875504	0.02742013610437707	0.8834968974475281	0.02561597737624023	0.08508004973848217	0.155019149549208	0.4156535333507413	0.009999990020107199	0.009999991208756881	0.009999990027644784	1.000000009977784	1.000000009960407	0.869264262401707	0.009999990103714464	0.009999990058681518	0.2178371684184672	0.7243485533938289	0.009999990083495152	1.000000009840121	0.009999990413358433	0.009999990175340515	1.000000009948735	0.009999990191319906	0.1576578298865697	0.009999991662068834
0.1700320257446205	-0.4262855851274236	1.761520489153112	0.9006519108840259	1.326803953688099	0.2280448082009242	0.3114472267299909	-1.170965435142805	-0.3516996088221097	0.3748026104322942	-0.2731556665030193	2.165696469511822	5.105658792122208	0.5438473045227044	-1.832250010272906	-3.26522550582962	-2.477320294684669	3.362344001053559	-1.951274931793974	-4.344054209938666	-11.87013050223113	0.1235356563264215	0.350437202924003	0.01011046041578621	0.9923880206763104	0.7354848271379034	0.4847785943313674	0.5888045966405857	0.5259821993307719	0.1054133694227524	0.7766219701205663	0.03142950097276991	0.8968211358862439	0.03295041575782161	0.02493003219649613	0.8922407266150878	0.02337509526800529	0.0932150734067629	0.1385513184406519	0.4184844436187218	0.009999990019543065	0.009999991615964092	0.009999990027405181	1.000000009977554	1.000000009958413	0.4396321264617412	0.009999990099482032	0.009999990055039563	0.2888879001619585	0.7499600923967084	0.009999990082922662	1.000000009836379	0.009999990390040722	0.009999990176820545	1.000000009947056	0.009999990184894196	0.1411937975482492	0.009999991743153294
0.1723612315767385	-0.4214162538993545	1.773423196239017	0.9018985838170621	1.322338008854119	0.2202650176175797	0.3059215729786331	-1.162735547784013	-0.3548092610471335	0.3639146314073088	-0.2994583029243728	2.011581053625375	5.114164532509744	0.5262501546047267	-1.997937641341083	-3.396490439613488	-2.263892021522397	3.704488764180947	-0.7596208427621878	-4.989576374481538	-10.65458601915182	0.1099894186246633	0.3195692678059858	0.01009406266878051	0.9929566562469639	0.7557733545710723	0.4628944090030567	0.5432294582235456	0.4842591412013029	0.132155920393561	0.7755835493674096	0.02839279399325287	0.9045566013329369	0.02970860235688568	0.02278481457172377	0.9003223351535392	0.02144684459453974	0.09815419762347546	0.1235789662384723	0.4213153538867023	0.00999999001897893	0.009999992023171303	0.009999990027165579	1.000000009977323	1.000000009956419	0.009999990521775567	0.009999990095249598	0.009999990051397609	0.3599386319054498	0.7755716313995878	0.009999990082350172	1.000000009832638	0.009999990366723012	0.009999990178300572	1.000000009945376	0.009999990178468487	0.1247297652099288	0.009999991824237751
0.1746904374088566	-0.4169274256730771	1.785340495867167	0.9031015679755028	1.317516070158326	0.2123401006661127	0.30090789663614	-1.153712256619428	-0.3555314093867968	0.3516344521277043	-0.3224854004492343	1.843446324988348	5.11827067556211	0.5066392467051373	-2.142532048578189	-3.392646372401223	-2.043130031306613	4.042629163060464	0.09550577229940752	-5.532589953064196	-9.112849195093197	0.09778658269783974	0.2985134546293895	0.01008009393880705	0.9934828316358389	0.7744287695181477	0.425015907329016	0.5004505433295962	0.4450768326960947	0.15881123133252	0.7757644043234636	0.02576912328774169	0.9117085945754136	0.02690511885055065	0.02093893250167978	0.9077937764210164	0.01978932146575932	0.0978329953853446	0.1100288709510428	0.4197315838885208	0.009999990018884856	0.174163638551507	0.009999990026459942	1.000000009977216	1.000000009953576	0.00999999032385262	0.009999990086770924	0.009999990046575789	0.361152855195421	0.7802992790457671	0.009999990081309381	1.00000000982853	0.009999990343168596	0.00999999018044611	1.000000009943823	0.009999990167092097	0.06736488668264135	0.009999992061158973
0.1770196432409747	-0.4128257304352272	1.797263905069	0.9042584053946403	1.31235695505223	0.2045337478743706	0.2963946558101582	-1.143907217078526	-0.3545694838753775	0.3382456846016225	-0.3418861665836909	1.679164756973317	5.119410589855569	0.4866257138045345	-2.287458134253777	-3.294683928494291	-1.834187175682131	4.375746207845421	0.6864289892122385	-5.941478719217045	-7.540793892755837	0.08684392588200716	0.2945907032544282	0.01006820285166635	0.9939696795514108	0.7915975340455653	0.38946316250317	0.4602836842911155	0.4082906250611965	0.1815865414704809	0.7762906630981763	0.02350742321440653	0.9183213609974546	0.02448638400328236	0.01935354628333517	0.9147014407643407	0.01836699169278683	0.09037737868072329	0.0978217515938814	0.4181478138903392	0.009999990018790782	0.3383272850798427	0.009999990025754307	1.000000009977109	1.000000009950734	0.009999990125929677	0.00999999007829225	0.00999999004175397	0.3623670784853922	0.7850269266919463	0.009999990080268589	1.000000009824422	0.009999990319614179	0.009999990182591643	1.000000009942269	0.00999999015571571	0.01000000815535392	0.009999992298080197
0.1793488490730928	-0.4090900951160729	1.809187642374252	0.9053692252793241	1.306845271758661	0.1970324892827066	0.2923417377611644	-1.133332626472261	-0.3524817519826263	0.3240785735851603	-0.3577339352252382	1.53211058070881	5.118852108249293	0.4673689027525879	-2.448630302260335	-3.139996687282979	-1.65091370940852	4.703142267700297	1.078229250672628	-6.205768811614827	-6.070323986329556	0.07707611228068602	0.3034323796233197	0.01005807342421092	0.9944201748905657	0.8074143388515461	0.3561181043064374	0.4225647514694434	0.3737713134407357	0.2063417842394246	0.7773367529839239	0.02156026526770111	0.9244367353078521	0.02240252431769485	0.01799292366751932	0.9210891726760324	0.01714723975778408	0.08022546118504983	0.08687559484172887	0.4190802881326917	0.009999990018823806	0.4335090051035364	0.00999999002502174	1.000000009976974	1.00000000994819	0.00999999010091324	0.009999990074681208	0.00999999003858652	0.4539213391022494	0.7949820773300309	0.009999990079175885	1.000000009819573	0.009999990296658471	0.009999990184357701	1.000000009940547	0.009999990143120356	0.0100000012692987	0.009999997091611351
0.1816780549052109	-0.4056716274216197	1.821108718590926	0.9064364222533787	1.300934310649528	0.1899359938111088	0.2886806577114113	-1.122003206732413	-0.3496770712002114	0.3094182232639155	-0.3701793503722915	1.406825043302704	5.11712561482946	0.4491683881981131	-2.630302729661146	-2.947129311824546	-1.497730866123058	5.023889126923738	1.302045591042426	-6.365004453167771	-4.61932302264993	0.06839518544659959	0.3204226728284484	0.0100494507639342	0.9948369996443132	0.8219939853093325	0.3248855059984742	0.387163252626965	0.3414152770179246	0.237397102225854	0.7790594907005794	0.01988708957951595	0.9300921493352082	0.02061072031150428	0.01682702814486078	0.9269961737587619	0.01610276377655076	0.07118994455838527	0.07710421391982977	0.4200127623750442	0.00999999001885683	0.52869072512723	0.009999990024289175	1.000000009976838	1.000000009945645	0.009999990075896803	0.009999990071070166	0.009999990035419071	0.5454755997191065	0.8049372279681155	0.009999990078083177	1.000000009814724	0.009999990273702764	0.009999990186123761	1.000000009938825	0.009999990130525001	0.009999994383243492	0.01000000188514251
0.184007260737329	-0.4025174243621891	1.833024763317772	0.907462654538977	1.294573988304736	0.1833216718791696	0.2853394132157291	-1.109934259339385	-0.3465237043001087	0.2944877883485697	-0.3792522452321043	1.305462767124651	5.114697161021454	0.4322269466796003	-2.835898281804799	-2.729546822912624	-1.376223969280112	5.339199595556402	1.386496320985256	-6.402762269925796	-3.180757810861457	0.06071277616499756	0.3453757443168023	0.01004210566257013	0.9952227007116348	0.8354430226973465	0.2956791279565049	0.3539624220396702	0.3111291051023108	0.2792816925784397	0.7803883580093475	0.01845053492815492	0.9353230385347052	0.01907146320113618	0.01582839118688717	0.9324595437547789	0.01520863955943612	0.06318259631211351	0.07350604771571673	0.4178991888529263	0.009999990019383707	0.6420641722657592	0.00999999002322466	1.000000009976951	1.000000009941868	0.009999990060229051	0.009999990064594988	0.009999990031759264	0.7483096519418874	0.7884051804599358	0.009999990076585818	1.000000009807883	0.009999990252571022	0.009999990190584167	1.000000009937142	0.009999990119364614	0.009999993681918515	0.08632263440370762
0.1863364665694471	-0.3995721035048804	1.844934947162903	0.9084508864697924	1.287701003843281	0.1772336344607719	0.2822465531753132	-1.097131273248601	-0.3433073331637426	0.2798357470546711	-0.3850410377570293	1.227465882132571	5.112093099769178	0.4165389363404758	-3.070506089616744	-2.495228920470931	-1.284452630391498	5.654180093599186	1.356144920006097	-6.125958493718191	-1.799389902448715	0.05394146637263362	0.3779838589049196	0.01003585324200749	0.9955795742487757	0.8478537465679149	0.2684266065916345	0.3228680076450385	0.2828355115889463	0.3352203548487815	0.7803608486683141	0.01721912475635215	0.9401611761383041	0.0177513660582823	0.01497417130309706	0.9375125308687264	0.01444420664429766	0.05611552956302734	0.08020813232731237	0.4157856153308085	0.009999990019910584	0.7554376194042884	0.009999990022160149	1.000000009977064	1.000000009938091	0.009999990044561303	0.00999999005811981	0.009999990028099455	0.9511437041646683	0.7718731329517562	0.009999990075088458	1.000000009801042	0.009999990231439278	0.009999990195044573	1.000000009935458	0.009999990108204227	0.009999992980593538	0.1626452669222727
0.1886656724015652	-0.396782624229115	1.856839298051478	0.9094040420568852	1.280244826353879	0.1717047083164631	0.2793355717904347	-1.083591143778478	-0.340270015170476	0.266337000272537	-0.387780989909416	1.170093150076385	5.109716060404756	0.4020490098331663	-3.334488039038318	-2.250854577535161	-1.218035152677458	5.972665476838573	1.242484958059181	-5.448086427218074	-0.5824205846210804	0.04799523091312467	0.4142700878431201	0.01003052725924492	0.9959098007635001	0.8593123809513648	0.2430604860587458	0.2937945964403395	0.2564631491521276	0.3937338026426233	0.779027869367466	0.01616404656689541	0.9446366670487056	0.01661982891456392	0.01424357338581237	0.9421866307650253	0.01379067997965296	0.04990196393754875	0.08693044701399981	0.418319601381045	0.009999990020262473	0.8077995505200867	0.009999990021297582	1.00000000997708	1.000000009935836	0.009999990039750144	0.009999990046536266	0.009999990023976904	0.9755718570408722	0.7539289215353896	0.009999990073987707	1.000000009790535	0.009999990212662317	0.009999990202153558	1.000000009933075	0.009999990099670959	0.009999992755106227	0.1037743605260884
0.1909948782336832	-0.3941104280680577	1.868738099526679	0.9103244935550803	1.272155196467306	0.1667547210929896	0.276558751273901	-1.069306023581619	-0.3375631109805775	0.2545346389608105	-0.3878898377472723	1.126759355392819	5.107328030665736	0.3884571855165574	-3.614427445503573	-1.998116202608018	-1.169253821858477	6.293875148852907	1.072431219130392	-4.669337144899663	0.459838782502506	0.04279227005440839	0.4510734555983872	0.01002599363209565	0.9962153461064227	0.8698944761516623	0.2195196707242998	0.266670378613434	0.2319489231280327	0.4466247629332579	0.776434088723894	0.01526130057228527	0.9487765458773623	0.01565130454408255	0.01361944504381235	0.9465101164050332	0.0132326015059472	0.04445885441416742	0.08522898592523052	0.4208535874312816	0.009999990020614363	0.860161481635885	0.009999990020435015	1.000000009977096	1.000000009933582	0.009999990034938986	0.009999990034952723	0.009999990019854353	1.000000009917076	0.7359847101190228	0.009999990072886954	1.000000009780028	0.009999990193885354	0.009999990209262547	1.000000009930692	0.009999990091137691	0.009999992529618917	0.04490345412990403
0.1933240840658013	-0.3915264508698246	1.880631106851232	0.9112141161714071	1.263404305194002	0.162401269682753	0.2738790759828642	-1.054270448140569	-0.3353046332005337	0.2444188353953017	-0.3857070122580011	1.09495540713406	5.10483252801395	0.3756099242466163	-3.902690221637221	-1.74191742119158	-1.135169880421558	6.617070842627625	0.8632800293954399	-4.014871626979457	1.400581201523806	0.03825359341172193	0.4835043701453049	0.01002213179648181	0.9964980771215572	0.8796709423999911	0.1977445403439784	0.2414283268333942	0.2092320708659957	0.4942485314537448	0.7738692202312579	0.01448902181571989	0.9526064437886077	0.01482249610059486	0.01308622258510656	0.9505097888751987	0.01275595840358694	0.0397057682070474	0.08365223245584527	0.4211062942888456	0.00999999001977088	0.8004346221698708	0.009999990020238563	1.000000009976622	1.000000009936935	0.00999999003885498	0.009999990029866441	0.009999990017774936	1.00000000992244	0.749120182793701	0.009999990072650886	1.000000009765448	0.009999990177205287	0.009999990215077085	1.00000000992682	0.009999990084381518	0.009999992067380717	0.09935017198077051
0.1956532898979194	-0.3889959218562395	1.892518929484544	0.9120750878784647	1.25396059528814	0.1586313420432214	0.2712544095721835	-1.038478783946417	-0.3335581684836528	0.2358403089672642	-0.3814300537445157	1.080865442617573	5.102876134513789	0.3638557450820331	-4.209324318083055	-1.497066649444819	-1.122019799345582	6.943099655056979	0.6327851766016531	-3.34933603866352	2.257990749445051	0.03430667961800307	0.5075373878817953	0.01001884451671475	0.9967596768829304	0.8887044194285284	0.177675698530381	0.2180075449547867	0.1882535488864588	0.5365817375960655	0.7724955350021873	0.0138291525777114	0.9561494030725418	0.01411413024755411	0.01263114587759771	0.9542097357350311	0.01234928200823281	0.03556845189643989	0.08918361843808258	0.4213590011464095	0.009999990018927398	0.7407077627038565	0.009999990020042109	1.000000009976149	1.000000009940288	0.009999990042770975	0.009999990024780156	0.009999990015695516	1.000000009927805	0.7622556554683791	0.009999990072414819	1.000000009750868	0.00999999016052522	0.009999990220891623	1.000000009922948	0.009999990077625342	0.009999991605142512	0.153796889831637
0.1979824957300375	-0.3864729271728337	1.904403364455048	0.9129101934684078	1.243772737755633	0.15540753094259	0.2686314297774527	-1.021923766400382	-0.3323605435595767	0.2289734420322689	-0.3752433697925696	1.089290635210853	5.102058154470487	0.3534251990285685	-4.543300703238366	-1.275697293616885	-1.134410334359488	7.272688977371641	0.3960689746731134	-2.511264609538419	3.046153461663699	0.03088261785717058	0.5213842175022759	0.01001604436192902	0.9970017437030859	0.8970538954004773	0.1592525579812856	0.1963485092345818	0.1689537487961913	0.5745815130220792	0.7726502260305448	0.0132652991791341	0.9594272796987452	0.01350869738562023	0.01224266514696391	0.9576328018630684	0.01200219884779536	0.03197617257871236	0.1025968709531971	0.4199157357423911	0.009999990017706717	0.6105835812425531	0.009999990020260398	1.000000009975385	1.000000009944569	0.009999990067426939	0.009999990024375075	0.009999990015747653	1.000000009914207	0.7864970031479249	0.009999990072491846	1.000000009731572	0.009999990145930482	0.009999990225480567	1.000000009917622	0.009999990072003351	0.009999991205931301	0.2363972503369301
0.2003117015621556	-0.3839040560029061	1.916287461745493	0.9137224555048596	1.232774129936105	0.1526671873986354	0.2659503979631329	-1.004596679386391	-0.3317107896694536	0.224308181938409	-0.3672776654736694	1.120257827685426	5.102586181557029	0.3442408590324822	-4.905484593691469	-1.081931542008154	-1.17186684917461	7.60604619014691	0.1623492654414895	-1.458900414007193	3.785567524692155	0.02791998247752698	0.523275363595765	0.01001366082092921	0.9972257185641243	0.9047717807378429	0.1424104214706405	0.1763917423771266	0.1512699066712469	0.6088773373712322	0.7746358664857959	0.01278400837311091	0.9624597375548559	0.01299181018849721	0.01191135324111724	0.9607995368801446	0.01170625271796191	0.0288655925638572	0.124142401348296	0.4184724703383728	0.009999990016486035	0.4804593997812497	0.009999990020478683	1.000000009974622	1.00000000994885	0.009999990092082904	0.009999990023969996	0.009999990015799792	1.000000009900609	0.8107383508274707	0.009999990072568871	1.000000009712275	0.009999990131335746	0.009999990230069512	1.000000009912295	0.009999990066381357	0.009999990806720089	0.3189976108422233
0.2026409073942737	-0.3812387832265899	1.928174336636415	0.9145146146833759	1.220902243414802	0.1503457697199411	0.263155385708175	-0.9864886492571667	-0.3315954910038646	0.2223003062681136	-0.3576352935463399	1.170514888176957	5.104364692920075	0.3360608027353884	-5.290559825835978	-0.9148720824523726	-1.230511487228074	7.943488821675146	-0.06087382173016209	-0.273537084347732	4.489244528477275	0.02536116987368455	0.5145394054678875	0.01001163049337944	0.9974329698809203	0.9119075476117557	0.1270817865367755	0.1580765034233081	0.1351367675432807	0.6399994794256488	0.7776939236252626	0.01237309835624675	0.9652654342286126	0.01255043428730303	0.01162869264276726	0.9637294372104469	0.01145380731783162	0.02617719576678042	0.1502369111544683	0.4158516292631133	0.009999990015790069	0.353605469244031	0.009999990020570533	1.000000009974019	1.000000009950661	0.009999990513317779	0.009999990027510373	0.009999990017776704	1.000000009781618	0.8189353658007246	0.009999990072136849	1.000000009687032	0.009999990118925274	0.009999990237493152	1.000000009906141	0.009999990061957386	0.009999990630301497	0.3702582277463259
0.2049701132263918	-0.3784410445602453	1.940066373215765	0.9152884535505279	1.208118698165321	0.1483890740378646	0.260206950653687	-0.9675886236491426	-0.3319828452623961	0.2229950292252262	-0.3463869231201624	1.234001223139326	5.107018326071374	0.3285099080690425	-5.688291089884894	-0.7687587072244226	-1.303605141612618	8.286102428954734	-0.2692595835425959	0.8617177040638719	5.164577036608107	0.02315604955566157	0.4961095782768926	0.01000990224944727	0.9976247313714798	0.9185053330555365	0.1131930468976559	0.1413378344197631	0.1204832577211629	0.6683328639288932	0.7811410870370338	0.01202261921555656	0.9678611655650098	0.01217391340062154	0.01138775391867851	0.9664400513682723	0.01123865595144489	0.02385899807589652	0.1781986879596504	0.4132307881878536	0.009999990015094103	0.2267515387068124	0.009999990020662384	1.000000009973417	1.000000009952472	0.009999990934552654	0.009999990031050753	0.009999990019753616	1.000000009662626	0.8271323807739785	0.009999990071704826	1.000000009661788	0.009999990106514802	0.009999990244916794	1.000000009899987	0.009999990057533414	0.009999990453882904	0.4215188446504287
0.2072993190585099	-0.3754832648990296	1.951965427721561	0.9160452404640489	1.194399426726884	0.1467507218748604	0.2570750850613462	-0.9478836029759378	-0.3328340311336806	0.2261720326635394	-0.3335969058392174	1.307234429295046	5.110416324372989	0.3213795070881381	-6.093164693524337	-0.6425895271669869	-1.387075186743581	8.635302679121359	-0.4541096043887443	1.839922875727669	5.81197300102733	0.02125809822553193	0.4747318109468964	0.01000843011606178	0.9978021746256988	0.9246068701935493	0.1046363622147811	0.1261079395339829	0.1072351207021477	0.6942131226456614	0.7843165102424381	0.01172357859170744	0.9702628716416889	0.01185261310989838	0.01118228455023399	0.9689480327811838	0.01105520035425699	0.02186267999736702	0.2062889329368787	0.4133757137819545	0.009999990014883088	0.2468452837382601	0.009999990020427158	1.000000009973117	1.000000009952174	0.07356114320631253	0.009999990030265539	0.009999990018893004	1.000000009548641	0.8189325686048647	0.009999990070907728	1.0000000096237	0.009999990096383466	0.009999990259326283	1.000000009892424	0.009999990054160879	0.009999990387682721	0.4482168755192911
0.209628524890628	-0.3723444052869253	1.963873594961342	0.916785876372941	1.179728443395535	0.1453743950638189	0.2537385491676188	-0.9273550406865984	-0.3340632827177685	0.2314434876471473	-0.3193391406954473	1.389487654086895	5.114843082354296	0.3146416578643181	-6.505489707361142	-0.5437675550040387	-1.479347704648595	8.993246129848895	-0.5938901572711921	2.660143172887487	6.424876012839595	0.01962758684595321	0.4565555936715728	0.01000717701843125	0.9979663559128384	0.9302495013040748	0.1047976674312016	0.112312896674568	0.09531214675517327	0.7179001643995897	0.7866267498875746	0.01146865702692452	0.972484907868699	0.01157868593421089	0.0110072099788434	0.971268377767202	0.01089890007418961	0.02014686089522739	0.2332518208611722	0.4135206393760553	0.009999990014672073	0.2669390287697078	0.009999990020191935	1.000000009972817	1.000000009951876	0.1371222954780724	0.009999990029480321	0.009999990018032392	1.000000009434655	0.8107327564357512	0.009999990070110631	1.000000009585611	0.009999990086252129	0.009999990273735772	1.00000000988486	0.009999990050788346	0.009999990321482541	0.4749149063881535
0.2119577307227461	-0.369004363693638	1.975793512303829	0.9175112208472364	1.164088188379765	0.1441906212103355	0.2501785380585729	-0.9059806847862039	-0.3355481951941844	0.2384536178468997	-0.3036936531554912	1.479084691523934	5.12051870148867	0.3081737484393014	-6.92481666945794	-0.4769910054111628	-1.577808837257805	9.362147015833434	-0.6718422936332263	3.339322507459195	7.005953008311481	0.01822794160148765	0.4410669507026311	0.01000610962125857	0.9981182783109488	0.9354685775917069	0.1089915475957876	0.09987564784153237	0.08463150989375555	0.7396262162902676	0.7883256273730256	0.01125124872324658	0.9745409005606671	0.01134504756154551	0.01085795578910966	0.9734153203971053	0.01076566329054793	0.01867340051053197	0.2593470512905991	0.4140961094771288	0.009999990014415979	0.2790408085897599	0.00999999001997991	1.000000009972451	1.000000009951473	0.1408424525889052	0.009999990028613369	0.009999990017299953	1.000000009413898	0.8073787421668099	0.009999990069527787	1.000000009521868	0.009999990078227119	0.009999990294311029	1.000000009873547	0.009999990047991235	0.009999990280219778	0.5013292499040216
0.2142869365548642	-0.3654513954061997	1.987727938358882	0.9182214292134905	1.147466920832888	0.143132356430186	0.2463870168181908	-0.8837327518958261	-0.3371496536023236	0.2469068866719789	-0.2867181470698819	1.572319665938233	5.127301159150963	0.3016448605589086	-7.34784766266036	-0.4359977120786318	-1.678136603546027	9.743353293361386	-0.6939636931664616	3.8993111377236	7.566912089953135	0.01702838296957302	0.4277777428477714	0.01000520104177352	0.9982588461655989	0.9402957975621146	0.1130979793672497	0.08871361223248349	0.07510652490104044	0.759579292048823	0.789640820807057	0.01106599040832316	0.9764431250483592	0.01114594330928257	0.01073081587032718	0.9754016825559574	0.01065217653842169	0.01741013087954312	0.2847471249769566	0.4146715795782022	0.009999990014159885	0.2911425884098119	0.009999990019767886	1.000000009972085	1.00000000995107	0.1445626096997381	0.009999990027746415	0.009999990016567515	1.000000009393141	0.8040247278978687	0.009999990068944942	1.000000009458125	0.00999999007020211	0.009999990314886286	1.000000009862234	0.009999990045194123	0.009999990238957016	0.5277435934198897
0.2166161423869822	-0.361679533132285	1.999679318853155	0.9189161316417328	1.129858382611302	0.1421448342953951	0.2423624770928097	-0.8605818504809459	-0.3387440426481657	0.2565376737446263	-0.2684569650506688	1.666728158278434	5.135102615549899	0.294829140963991	-7.772433185167156	-0.4164891052557462	-1.77743923717558	10.13771831071325	-0.6640482000459417	4.354165509436712	8.107291384417364	0.01600074934472442	0.4161459609283769	0.01000442710879647	0.9983889182822235	0.9447611956349155	0.1207740057077961	0.0787419697917331	0.06664938144363147	0.7773978148645919	0.7907779057552681	0.01090804668498369	0.9782032346563582	0.01097618383894809	0.01062245173579593	0.9772396360563451	0.01055545562814022	0.01632759318620123	0.3095920165350261	0.4151546467355378	0.00999999001382277	0.2938672048457567	0.00999999001952397	1.000000009971646	1.000000009950748	0.2074002735055922	0.009999990032057012	0.009999990019149632	0.9862461628132857	0.8052529088490946	0.009999990068431729	1.000000009326509	0.009999990063874819	0.009999990342932566	1.000000009844081	0.009999990042645488	0.00999999021030447	0.5537764038743052
0.2189453482191003	-0.357685720442887	2.011650339750281	0.9195946764558519	1.111257387641928	0.141171032729925	0.2381076372417319	-0.8364964764700396	-0.3401916857431662	0.2671153256621387	-0.2489788821036429	1.762900002310925	5.144165622206665	0.2877709350343335	-8.200032329298285	-0.4242163837584544	-1.875886516860322	10.54574918567917	-0.5679585554239235	4.712347780336574	8.611818393230998	0.01512160245796023	0.4056668795958781	0.0100037683300072	0.9985092689353272	0.9488917436263404	0.1349074510374166	0.06987298290773093	0.05917179948693689	0.7927518074291632	0.7919217083062844	0.0107734989381263	0.9798317296128881	0.0108315621517416	0.01053016205222345	0.9789401477225422	0.01047308678379292	0.01540122903737514	0.333979374470358	0.4156377138928734	0.009999990013485652	0.2965918212817016	0.00999999001928005	1.000000009971207	1.000000009950424	0.2702379373114464	0.009999990036367611	0.009999990021731747	0.9724923162334302	0.8064810898003205	0.009999990067918518	1.000000009194894	0.00999999005754753	0.009999990370978845	1.000000009825927	0.009999990040096855	0.009999990181651923	0.5798092143287205
0.2212745540512184	-0.3534666522662168	2.023644061255779	0.9202564364251943	1.091657105790403	0.1401452534860816	0.2336257809671886	-0.8114439874121843	-0.3413298550441165	0.2784207983959911	-0.2283739399580111	1.858350503063477	5.154405542425438	0.2802465532694538	-8.628245680085531	-0.4551185019426133	-1.970558949561425	10.9679201050087	-0.4086617367131618	4.979078455628213	9.075249227393231	0.01436959620009136	0.3986113562393893	0.01000320717929503	0.9986206334096036	0.9527130133611195	0.1430263247205364	0.06201833582268818	0.05258620883410708	0.8032631720235965	0.7930402178047542	0.0106588168711517	0.981338578981574	0.01070828758346375	0.01045151469087164	0.980513629383716	0.01040289709372959	0.01460865693041618	0.3579234406351513	0.4156453329629472	0.009999990013416102	0.3523008843696404	0.009999990019076827	1.000000009970433	1.000000009948793	0.1401189638311252	0.009999990043248969	0.009999990024783911	0.8912010252446887	0.8068882725761183	0.009999990068224503	1.00000000886484	0.009999990053344529	0.009999990419126102	1.000000009792295	0.009999990038288773	0.009999990166144994	0.6039881560484246
0.2236037598833365	-0.3490357558965039	2.035661780667616	0.9208991996840991	1.071071548162105	0.1390577164789512	0.2289370611175785	-0.7853938177876223	-0.3420922225009125	0.2902346849024125	-0.206728761719366	1.944788773256091	5.164771706913407	0.2714591860461559	-9.046050970660866	-0.477245414026126	-2.053512360152021	11.40241934591155	-0.2452718791560752	5.148903249626731	9.50502935695677	0.01372711222092523	0.3970265213982923	0.0100027295232049	0.9987236746173216	0.9562479940899854	0.1349715062251392	0.05509034154281259	0.0468080765306671	0.8067981834954443	0.7941046382408985	0.01056114338423054	0.9827327668023045	0.01060329149332678	0.01038454352420537	0.9819694637309035	0.01034313044561227	0.01393138114117293	0.381428210629949	0.415652952033021	0.009999990013346548	0.4080099474575792	0.009999990018873604	1.00000000996966	1.000000009947161	0.009999990350803969	0.009999990050130324	0.009999990027836074	0.8099097342559469	0.8072954553519159	0.009999990068530489	1.000000008534785	0.009999990049141528	0.009999990467273359	1.000000009758663	0.009999990036480692	0.009999990150638063	0.6281670977681287
0.2259329657154546	-0.3444186345597255	2.047702986971969	0.9215195146859447	1.049531757994876	0.1379530276153635	0.2240726837545756	-0.7583195707446436	-0.3425192158128196	0.3023333101599495	-0.1841176798499637	2.018235030791639	5.174460658269799	0.260917194425247	-9.44724757535927	-0.4665024744280659	-2.121621909011033	11.84647324857023	-0.1298781821203273	5.227184539994675	9.908433727614018	0.0131781597620213	0.4014688716335408	0.01000232265386983	0.9988190220890604	0.9595184915944224	0.1203338778907165	0.04900255463398961	0.04175519143074901	0.8103430495221541	0.7950751887449221	0.01047790589998369	0.9840228201790094	0.01051381053144964	0.01032747901995397	0.9833165592653729	0.01029220649082908	0.01335260610199164	0.4044618514713358	0.4166139230708621	0.00999999001262865	0.4856245881729613	0.00999999001743151	1.000000009970565	1.000000009947721	0.009999990226219424	0.009999990040672278	0.009999990021646803	0.8963149873413042	0.8065562935070595	0.009999990065427018	0.9999999278189495	0.009999990043613427	0.009999990527328346	1.000000009685461	0.009999990033216459	0.00999999013384514	0.6497094955588343
0.2282621715475727	-0.3396410753205753	2.059766123986035	0.9221134277191791	1.027072142874053	0.1369069451933703	0.219061688142319	-0.7302021443556389	-0.3427368787131776	0.314526649693025	-0.1605796230695491	2.082550666309345	5.183602768908648	0.2487888249753156	-9.835869492415611	-0.4269223032153929	-2.179407845412827	12.29815756847795	-0.06552785768636406	5.230230777004679	10.30098727379875	0.01270962222375392	0.4123348154746419	0.01000197632342592	0.9989072433924562	0.9625441247965406	0.1071000470817014	0.04367249709146209	0.03735107914301319	0.8201576037661154	0.795916075847097	0.01040702445395662	0.9852164245494092	0.01043761005498881	0.01027889165782113	0.9845629449493547	0.01024884878690727	0.01285854245621538	0.4269919194149501	0.4175748941087033	0.00999999001191075	0.5632392288883434	0.009999990015989413	1.000000009971469	1.000000009948281	0.009999990101634878	0.009999990031214233	0.009999990015457531	0.9827202404266615	0.8058171316622031	0.009999990062323549	0.9999998471031142	0.009999990038085325	0.009999990587383331	1.000000009612259	0.009999990029952228	0.009999990117052219	0.6712518933495397
0.2305913773796908	-0.3347217648826498	2.071850093063596	0.9226773737990491	1.003719156182071	0.1359812826421996	0.213925300953068	-0.7010248777226474	-0.3428584607025293	0.3266455049307787	-0.1361303370939514	2.140353166329604	5.192401326601632	0.2351984055132606	-10.21475221051016	-0.3645514870907907	-2.229673957469866	12.75600047391958	-0.04457959822203977	5.165811841449611	10.68730328078317	0.01230962484447599	0.427510835778214	0.01000168131839731	0.9989888775141517	0.9653435086930355	0.09519114744266356	0.03902039726189714	0.03352263811552933	0.8320176844889351	0.7967336510377272	0.01034662695493672	0.9845473148543341	0.01037267859429907	0.01023749523127867	0.9857162443493773	0.01021190892543544	0.0124367017335199	0.4490961568956259	0.4180270040636124	0.009999990016428813	0.6081882670187326	0.009999990021670594	1.000000009959244	1.000000009925672	0.009999990116957968	0.009999990044864487	0.009999990021430786	0.9716606833425314	0.8075915204023015	0.009999990088077096	0.9531039029216358	0.009999990050620102	0.009999990995944799	1.000000008967822	0.009999990040551313	0.009999990154693982	0.6925691684641944
0.2329205832118089	-0.3296756464457393	2.083954289087712	0.9232079061552019	0.9794955187811573	0.1352243537616837	0.2086811796292688	-0.6707759274285863	-0.3429711467331104	0.3385447530753383	-0.1108188111776626	2.191435847032276	5.200970874616557	0.220097737861878	-10.58346397026375	-0.2820371510936215	-2.271915027958216	13.21837135662163	-0.05788923799283347	5.041662561901352	11.0413597465107	0.01196847176409359	0.4451245294994247	0.01000143020888913	0.9990644103900479	0.9679334009044513	0.08452318581378929	0.03497280230035859	0.03020399350207716	0.8421283739689456	0.7976236029436599	0.01029520087238536	0.9804232234375313	0.01031739077932368	0.01020225118537339	0.9867833289816097	0.01018045974681691	0.01207688010005279	0.4708339375058475	0.4184791140185215	0.009999990020946875	0.6531373051491219	0.009999990027351776	1.000000009947018	1.000000009903063	0.009999990132281056	0.009999990058514744	0.009999990027404039	0.9606011262584014	0.8093659091423998	0.009999990113830645	0.9062079587401576	0.009999990063154877	0.009999991404506267	1.000000008323385	0.009999990051150397	0.009999990192335745	0.7138864435788489
