inDegrees=no
num_controls=19
num_derivatives=0
num_input_controls=0
num_iterations=2000
num_multipliers=0
num_parameters=0
num_slacks=0
num_states=38
objective=3.576117
objective_effort=0.052075
objective_met=3.524042
solver_duration=7401.904810
status=Maximum_Iterations_Exceeded
success=false
DataType=double
version=3
OpenSimVersion=4.6-2026-06-22-85aaf64
endheader
time	/jointset/groundPelvis/pelvis_tilt/value	/jointset/groundPelvis/pelvis_tx/value	/jointset/groundPelvis/pelvis_ty/value	/jointset/hip_l/hip_flexion_l/value	/jointset/hip_r/hip_flexion_r/value	/jointset/lumbar/lumbar/value	/jointset/knee_l/knee_angle_l/value	/jointset/knee_r/knee_angle_r/value	/jointset/ankle_l/ankle_angle_l/value	/jointset/ankle_r/ankle_angle_r/value	/jointset/groundPelvis/pelvis_tilt/speed	/jointset/groundPelvis/pelvis_tx/speed	/jointset/groundPelvis/pelvis_ty/speed	/jointset/hip_l/hip_flexion_l/speed	/jointset/hip_r/hip_flexion_r/speed	/jointset/lumbar/lumbar/speed	/jointset/knee_l/knee_angle_l/speed	/jointset/knee_r/knee_angle_r/speed	/jointset/ankle_l/ankle_angle_l/speed	/jointset/ankle_r/ankle_angle_r/speed	/hamstrings_r/activation	/bifemsh_r/activation	/glut_max_r/activation	/iliopsoas_r/activation	/rect_fem_r/activation	/vasti_r/activation	/gastroc_r/activation	/soleus_r/activation	/tib_ant_r/activation	/hamstrings_l/activation	/bifemsh_l/activation	/glut_max_l/activation	/iliopsoas_l/activation	/rect_fem_l/activation	/vasti_l/activation	/gastroc_l/activation	/soleus_l/activation	/tib_ant_l/activation	/lumbarAct	/hamstrings_r	/bifemsh_r	/glut_max_r	/iliopsoas_r	/rect_fem_r	/vasti_r	/gastroc_r	/soleus_r	/tib_ant_r	/hamstrings_l	/bifemsh_l	/glut_max_l	/iliopsoas_l	/rect_fem_l	/vasti_l	/gastroc_l	/soleus_l	/tib_ant_l
0	-0.4719903046088082	1.147544230588483	0.9001951804038482	0.3642127201014694	0.8054186336232635	0.3714681939571659	-0.5402395582050141	-0.3188836670855161	-0.3183908648162528	0.137822802425797	0.7483554924689242	3.049039214169319	0.0231276375869644	0.8412487823254856	-1.640777536298076	-0.829029107349505	-5.938372448462233	4.799200312217881	-0.130270817681391	-0.204843528004636	0.520029633646647	0.01000084892336736	0.2931823093123136	0.01002312005070802	0.01002584488114691	0.04983891985040127	0.01000001376743872	0.0100000010053246	0.07118036171583764	0.01097630364353589	0.01001955280840088	0.01001662953870461	0.7629942548619651	0.6893227306481602	0.01005960231786917	0.2061663891569807	0.116062639017117	0.2327863838141952	0.02404396155805108	0.7056187657971121	0.00999999204992035	0.3006430243308231	0.00999999106522681	0.009999999869292286	0.1141278760526364	0.009999990713541252	0.009999991426924849	0.07092017254291422	0.009999990555213834	0.009999996891419279	0.009999990427959951	1.000000006652739	1.00000000672638	0.0099999902227905	0.009999991610472955	0.009999990873934158	0.06026749966644668
0.002380952380952381	-0.4702088342763018	1.154798100870932	0.9002226527487321	0.3663686966077906	0.8015495307862511	0.369481889803485	-0.5544108489463745	-0.30793266772101	-0.3186145198314853	0.1373353832927551	0.7428840903017659	3.044051579807985	-0.0003400513445367206	0.975374588770085	-1.605418891083586	-0.8332871964047781	-5.963896603152897	4.405009454628244	-0.05790025253399195	-0.2063678742818389	0.5323707907787909	0.01000071902791598	0.294396589246764	0.01001961483958258	0.01002192796347143	0.05900308766095544	0.01000001026281135	0.009999999528870237	0.07109336505192411	0.01082865913615373	0.01001658901806578	0.01001410783939572	0.7814577016984009	0.7139348348779511	0.01005056885039765	0.1849871227854215	0.1029811123352173	0.2146083128835758	0.04213074351962971	0.6294700787756029	0.009999991664529988	0.3103480439325341	0.009999990840833141	0.009999998136747174	0.1180525234449233	0.009999990576699204	0.009999991108065853	0.0701506278633402	0.00999999043451039	0.009999995979736206	0.009999990321344325	1.000000007347377	1.000000007495633	0.009999990169789244	0.009999991252023072	0.00999999065223656	0.0572341604714058
0.004761904761904761	-0.468477501781346	1.162038951238615	0.9001921840476355	0.3688840424564974	0.797792114883383	0.3675295843806557	-0.5686313745479914	-0.2978818587269963	-0.3186680129588915	0.1368316252600203	0.706239708926476	3.038102485765163	-0.02554284103693936	1.143119029929415	-1.546960511616812	-0.8004701734343227	-5.979729731077671	4.043040401004196	0.01266516809254228	-0.2185682037466332	0.5372363427032156	0.01000060879835491	0.2964410704979496	0.01001664180525158	0.01001860549793325	0.06729101584088971	0.01000000726957844	0.009999998228195459	0.07091533014672827	0.0107033428038191	0.01001407510071682	0.01001196901446983	0.7984248107937035	0.7364533659016483	0.01004290675427837	0.1655511298552197	0.09125466659650514	0.1976378125300612	0.06021752548120836	0.5533213917540936	0.009999991279139624	0.3200530635342453	0.009999990616439473	0.009999996404202063	0.1219771708372102	0.009999990439857156	0.009999990789206855	0.06938108318376619	0.009999990313806946	0.00999999506805313	0.009999990214728699	1.000000008042015	1.000000008264886	0.009999990116787991	0.00999999089357319	0.009999990430538966	0.05420082127636491
0.007142857142857142	-0.4668689280013498	1.169264635178841	0.9000997267944256	0.3718363663142791	0.7941981582020875	0.3656978387047948	-0.5828779865580128	-0.2886492154916138	-0.3185591114489842	0.136282101895134	0.6415485275131794	3.031413340515622	-0.05229807400581737	1.340119630049724	-1.470466906935365	-0.7340365878187173	-5.985451650955422	3.719052533892833	0.07514066841490065	-0.2457808091839862	0.5362119375162989	0.01000051522564944	0.3000129121375473	0.01001411828700029	0.01001578522934192	0.07421396369364638	0.01000000472424779	0.009999997102800478	0.07054439890588671	0.01059691221389116	0.01001194141687342	0.01001015358422365	0.8140324623349238	0.7570953042008887	0.01003640303419278	0.1477918639740043	0.08079354825226474	0.1812242283939428	0.07678776891303531	0.4971974055053744	0.009999991497281587	0.3455249043768548	0.009999990657116856	0.009999995951849989	0.1162575379647851	0.009999990508623102	0.009999990815474534	0.06693457315655173	0.009999990337449353	0.009999997461139042	0.009999990216791311	1.000000007739207	1.00000000821299	0.009999990118767128	0.009999990924553566	0.009999990410443456	0.04059288030547075
0.009523809523809523	-0.4654387646920311	1.176473973414834	0.8999423035888144	0.3752812150731273	0.7907970162491005	0.3640539797075672	-0.5971241314268991	-0.2801403103885747	-0.3183276832607955	0.1356481481380674	0.5563749135574811	3.024372094208347	-0.08011424105427807	1.556839946825374	-1.384996139837643	-0.642645363382198	-5.979337332524311	3.435100369835675	0.1155875778488363	-0.2894897331781685	0.5306112635201773	0.01000043589494476	0.3057071089345387	0.0100119779416632	0.01001339311334948	0.07937624892932865	0.01000000257586481	0.009999996152284212	0.06989600840606859	0.01050659545333126	0.01001013207483936	0.01000861381154464	0.8283973670980297	0.7760381050448878	0.01003088671952279	0.1316372921548586	0.07150440332578024	0.1647526235573049	0.09335801234486241	0.4410734192566554	0.009999991715423548	0.3709967452194642	0.009999990697794241	0.009999995499497915	0.1105379050923598	0.009999990577389047	0.009999990841742211	0.06448806312933726	0.009999990361091759	0.009999999854224954	0.009999990218853923	1.000000007436398	1.000000008161094	0.009999990120746266	0.009999990955533944	0.009999990390347949	0.02698493933457663
0.0119047619047619	-0.4642291106113609	1.183666450883463	0.8997178125633967	0.3792572351541602	0.7876023806188565	0.3626497564908201	-0.6113408029253847	-0.2722590082125882	-0.3180281088338935	0.1348904966172376	0.4595689465811111	3.017391723757044	-0.1084380696737622	1.782395078209498	-1.300504582205019	-0.5365122046083228	-5.96107304202426	3.191385608963233	0.1409134954859549	-0.3477952069221008	0.5226805083964944	0.01000036859312065	0.3139546635835495	0.01001016122857306	0.01001136259217418	0.08261432618818222	0.0100000007611238	0.009999995348765353	0.06917566257233457	0.01042990269799041	0.01000859697804797	0.01000730686456936	0.8416278518120139	0.793443756471358	0.01002620442670874	0.1170120338944178	0.06329303174667704	0.1501999219321737	0.0982219309854433	0.4295190394633261	0.009999991933317649	0.410007650612463	0.00999999065941211	0.00999999458761495	0.09793541991783523	0.009999990625269798	0.009999990858919209	0.0645108456656384	0.009999990366017449	0.010000006086279	0.009999990212533689	1.00000000712984	1.00000000819059	0.00999999011742524	0.009999990887753754	0.009999990345845297	0.04731305303137984
0.01428571428571428	-0.4632511295541419	1.190842899453281	0.89942602778381	0.3837658495263498	0.7845945811308023	0.3615010165145615	-0.6255026045594942	-0.2649137496269865	-0.3176335306406858	0.1339878963784227	0.3617695738585289	3.0109078192069	-0.1366409945561691	2.004219151397002	-1.228053780398095	-0.4280394413717252	-5.933246646448405	2.984823753912479	0.1953907415455456	-0.4112466562857079	0.5144189254846356	0.01000031154407285	0.3251043517314208	0.01000862036168731	0.01000964024763201	0.08376696449044446	0.009999999229219847	0.00999999466986826	0.06855381371183611	0.01036483096212359	0.01000729592043322	0.01000619836792866	0.8538177398532456	0.809448510596035	0.01002223304234517	0.1038339494193146	0.05606553637738525	0.1394033735242373	0.1030858496260242	0.4179646596699969	0.009999992151211747	0.449018556005462	0.009999990621029981	0.009999993675731988	0.08533293474331045	0.009999990673150548	0.009999990876096206	0.06453362820193954	0.009999990370943139	0.01000001231833305	0.009999990206213455	1.000000006823283	1.000000008220087	0.009999990114104219	0.009999990819973567	0.009999990301342647	0.0676411667281831
0.01666666666666667	-0.4624977397068686	1.198004882679231	0.8990678089439286	0.3887870856747199	0.7817352405348489	0.3606023038519245	-0.6395884541445005	-0.2580193201061355	-0.3170447721286018	0.1329377336498716	0.2767406547048208	3.005472362031997	-0.1638692670596467	2.206258466968821	-1.181630483324262	-0.3332989548162011	-5.897448534673174	2.809795591443417	0.3118166407407486	-0.4652583836892463	0.5129454517500052	0.01000026318117401	0.3387090103990671	0.01000731248048582	0.01000817822975744	0.08293759685778726	0.009999997937699455	0.00999999409565233	0.0683680949010325	0.01030958177697086	0.01000619118561919	0.01000525748616977	0.8650546666750215	0.8241781427498779	0.01001886212371504	0.09201766537169186	0.04972921551345494	0.1323846881675603	0.07950040429115637	0.5731026327168385	0.009999992711206272	0.4861436528117354	0.009999990582637008	0.009999993194457176	0.06977018063172495	0.009999990740304754	0.009999990885869899	0.0696806708440099	0.009999990375233435	0.01000000115916653	0.009999990203272222	1.000000006326784	1.000000008325757	0.009999990113450602	0.009999990752450474	0.009999990269267994	0.09220554065551885
0.01904761904761905	-0.4619063514038626	1.205156169136486	0.8986475720544048	0.3942367910535106	0.7789304447191562	0.3598833083508043	-0.6535789381994442	-0.2515180632494416	-0.3160884502936553	0.1317991976561309	0.2256882766741107	3.001922533503942	-0.1887361562557122	2.364133304950267	-1.182236164978901	-0.2770770256975682	-5.853139601195855	2.654558716020434	0.5041439327498887	-0.4854801990450256	0.5246339742250828	0.01000022224715313	0.3543799427901448	0.01000620318659956	0.01000693813563859	0.08018152283153558	0.009999996852492308	0.009999993610114584	0.06889675360875959	0.01026270930410065	0.01000525250396779	0.01000445947211208	0.8754153761899148	0.837740551491137	0.01001600302756375	0.08147254155761682	0.04419545445412106	0.129073732180939	0.05591495895628883	0.7282406057636802	0.009999993271200798	0.5232687496180091	0.009999990544244039	0.009999992713182367	0.05420742652013948	0.009999990807458963	0.009999990895643594	0.07482771348608028	0.009999990379523729	0.009999990000000005	0.009999990200330988	1.000000005830284	1.000000008431427	0.009999990112796987	0.009999990684927381	0.009999990237193338	0.1167699145828545
0.02142857142857143	-0.4613807055723673	1.212301825941502	0.8981719513009334	0.3999926106280182	0.7760535304636644	0.3592343010394382	-0.6674536395898139	-0.2453732110585391	-0.3145804346529819	0.130669562960941	0.2231550414502697	3.000747945284686	-0.210289688083206	2.462177358238457	-1.242536299034116	-0.2765579492350465	-5.800775572676666	2.505639431859908	0.7681180717325284	-0.4565493464555874	0.5475052797409017	0.01000018760007	0.3694004576456634	0.01000526162436952	0.01000588550037771	0.07529520973206624	0.009999995944335049	0.009999993197298501	0.06983555581161102	0.01022291567980358	0.01133000073076618	0.01000378212602444	0.8849718716835058	0.8502361306053383	0.01001357623443668	0.07210605923844889	0.03937851126887992	0.1277013005040738	0.01397661102401404	0.8641202392733807	0.009999993991497379	0.5085845298692615	0.009999990523086484	0.009999992462195842	0.03210376265895505	0.009999990910603678	0.009999990877404191	0.07696691086042638	0.009999990367149141	0.02705740705289073	0.009999990195408724	1.000000005420312	1.000000006733296	0.009999990113268912	0.009999990625412396	0.009999990215574314	0.118535273120617
0.02380952380952381	-0.4608089425413928	1.219446962983438	0.8976485525329475	0.4059205985718	0.7729747266789944	0.3585260379573749	-0.6811977076215333	-0.2395934835380979	-0.3124044172553254	0.1296578369513843	0.2644267242367509	3.001485932516896	-0.2288696884478494	2.508754735140478	-1.351823369488554	-0.3268518730833308	-5.743407579929753	2.347853992832999	1.065265408615722	-0.3864369031132706	0.579590090575247	0.01000015832347968	0.3815037844224041	0.0100044630303979	0.0100049926638635	0.06807255429271751	0.009999995189742882	0.009999992844398453	0.07093297512822441	0.010189158022234	0.01502142054862986	0.01000320763152501	0.8937876995078343	0.8617522066388554	0.01001151792252622	0.06382384921017466	0.03519943820323759	0.1267047790018184	-0.02796173690826129	0.9999998727830812	0.00999999471179396	0.4939003101205142	0.009999990501928928	0.009999992211209313	0.0100000987977706	0.009999991013748389	0.009999990859164792	0.07910610823477254	0.009999990354774554	0.04411482410578148	0.009999990190486457	1.00000000501034	1.000000005035165	0.009999990113740838	0.009999990565897411	0.00999999019395529	0.1203006316583793
0.02619047619047619	-0.4600983080573791	1.226595403440992	0.8970836482314031	0.4119144075574661	0.7695948957875184	0.3576504285410831	-0.6948033621228732	-0.2342115507105413	-0.3095113163638416	0.1288488310763518	0.3286009458287356	3.002976116667125	-0.2459268033363749	2.531449141519678	-1.482014301621856	-0.4042603747929782	-5.686854640463737	2.171009640373921	1.359450695074821	-0.2967319896045864	0.6020379964772467	0.0100001335785069	0.3909290699287932	0.01000378519174426	0.01000423480239818	0.06026866719607699	0.009999994572022955	0.009999992545863461	0.07195753643869801	0.01016050036625904	0.01972002726092709	0.01000272000666226	0.9019226691640196	0.8723704883751529	0.01000977083974575	0.05653165817544647	0.03158315518311183	0.1251646386653675	-0.02522320666376692	0.7090945478514139	0.009999995376257485	0.4763855305945878	0.009999990509873579	0.009999992044804118	0.01000004911504935	0.009999991209176738	0.009999990889313153	0.0781726595204008	0.009999990336418817	0.0487462819051541	0.009999990184582818	1.000000004384736	0.9999999993075009	0.009999990114821456	0.009999990561659254	0.009999990178968148	0.1078591538982101
0.02857142857142857	-0.4592627727827127	1.233745763847753	0.8964761540480742	0.4180008531918963	0.765942374184269	0.3566219393241167	-0.7082851699059698	-0.2292646754503206	-0.3059569789223781	0.1282276657737884	0.3693433883851872	3.003098689850575	-0.2646451891469105	2.586569520102168	-1.580883567377924	-0.4552709056501176	-5.639376336605271	1.982405636270784	1.620704110598666	-0.2286508222392657	0.5987384029747377	0.01000011269192659	0.397847116608776	0.01000321028142537	0.01000359199368644	0.0534112227318744	0.009999994077778698	0.009999992297238674	0.07271957779982523	0.0101361908922014	0.02435888032893703	0.01000230642520653	0.9094298556989986	0.8821627462625271	0.01000828903691823	0.05013738517993512	0.02846268481034259	0.1222971765816993	-0.02248467641927238	0.4181892229197459	0.009999996040721009	0.45887075106866	0.009999990517818231	0.009999991878398921	0.009999999432328091	0.009999991404605089	0.009999990919461514	0.07723921080602905	0.009999990318063078	0.05337773970452651	0.009999990178679178	1.000000003759132	0.9999999935798365	0.009999990115902073	0.009999990557421099	0.009999990163981006	0.09541767613804099
0.03095238095238095	-0.4583874842573055	1.240893511079545	0.8958200884353712	0.4242918329755753	0.7621236590215109	0.3555374590904615	-0.7216689509931336	-0.2247721979694292	-0.3018331200237858	0.1277172148772836	0.3604395053129807	3.000736671167036	-0.2868365517568477	2.704619912950637	-1.620208762517538	-0.4494423600967146	-5.604443536801047	1.790577253201846	1.841542788996577	-0.207821707284059	0.5833183777409856	0.0100000950941121	0.4029856793781005	0.01000272230621709	0.01000304636374742	0.04740853024508739	0.009999993682967636	0.009999992087512927	0.0731811222149977	0.01011555495092685	0.02883325492416704	0.01000195538163696	0.9163593248761097	0.8911964004190343	0.01000703129516821	0.04455097865308496	0.0257752242308304	0.1194411855121358	-0.023941223152271	0.3977083710317663	0.009999997090542341	0.45122434854536	0.009999990533178614	0.009999991759990954	0.00999999834807975	0.009999991537544448	0.009999990907710334	0.07520050088807712	0.009999990297086829	0.05645605672838137	0.009999990173193658	1.000000002670232	0.9999999937968082	0.009999990117371134	0.009999990498217303	0.009999990150898199	0.1021082000791489
0.03333333333333333	-0.4575723916509554	1.248033689359557	0.8951084246290739	0.4309122166571964	0.758258658204764	0.3545115001356734	-0.7349798713202071	-0.2207414418373413	-0.2971962731425005	0.1272014015654864	0.3187788163770799	2.996740770354668	-0.3113476717659847	2.863268794373392	-1.619763516728354	-0.4061130314015465	-5.578173298129668	1.594559703275662	2.051614016060791	-0.2331552510849253	0.5674029462828236	0.01000008032791934	0.4069582954773179	0.01000230843084282	0.01000258356788722	0.04217363706946422	0.009999993368294897	0.009999991907849401	0.07331022014583163	0.01009805076308265	0.03306158933460766	0.01000165764229901	0.9227556778671494	0.8995310793617607	0.01000596453370602	0.039687903032854	0.0234661680360342	0.1177404024124875	-0.02539776988526837	0.3772275191437882	0.00999999814036367	0.4435779460220576	0.009999990548538997	0.009999991641582988	0.009999997263831412	0.009999991670483811	0.009999990895959156	0.07316179097012558	0.009999990276110581	0.05953437375223743	0.009999990167708138	1.000000001581332	0.9999999940137799	0.009999990118840193	0.009999990439013506	0.009999990137815395	0.1087987240202566
0.03571428571428572	-0.4568816148822638	1.255163079020538	0.8943365917779638	0.4379407743555547	0.7544262807773175	0.353617408851809	-0.7482358598877816	-0.2171850644803223	-0.2920500036309668	0.1265717100519361	0.2586676311101613	2.991796560903708	-0.3371948183398311	3.043955631563013	-1.595390719008415	-0.3417360197787987	-5.557916199106071	1.389233459390136	2.277756071178774	-0.3015905349096871	0.5490503109123158	0.01000006787141634	0.4097791761467761	0.01000195714168675	0.01000219073793139	0.03762271909529354	0.009999993114842511	0.009999991748865324	0.07398692855327287	0.01008319220973035	0.03690101578549698	0.01000140492425892	0.9286610535146357	0.9072229535242112	0.01000505907749453	0.03546705026213474	0.02148488247681319	0.1179194890453667	-0.02417064481949667	0.3089410394989166	0.009999998135863419	0.4336466085201133	0.009999990572979282	0.009999991565847605	0.009999997791056479	0.009999991720214813	0.009999990823570814	0.08343640566670704	0.009999990263629696	0.06006752298886409	0.009999990162656918	0.999999992704486	0.9999999898805439	0.00999999012083775	0.009999990391654829	0.009999990126805728	0.1291623596582532
0.03809523809523809	-0.4563540031133533	1.262279625440214	0.8935017688504402	0.445422652804236	0.7506808109871915	0.3528993649332301	-0.7614511822705849	-0.2141430149699128	-0.2863188456723577	0.1257376137106196	0.1817202165609128	2.985952447658724	-0.364259335953262	3.244058224644587	-1.546761101379278	-0.2582332445617235	-5.544013702922022	1.162524312123726	2.542920311604023	-0.4048553064085595	0.5264702424175857	0.01000005730573566	0.4114563656261666	0.01000165919859777	0.01000185754662617	0.03367912207038949	0.009999992907428189	0.009999991603030715	0.07593345489404318	0.01007058898227733	0.04023792079719472	0.01000119058014162	0.9341130947412035	0.914321943848414	0.01000429111067832	0.03181488730407317	0.01978822336449925	0.1205701487166193	-0.02294351975372509	0.2406545598540451	0.009999998131363168	0.423715271018169	0.009999990597419565	0.009999991490112221	0.00999999831828155	0.009999991769945815	0.009999990751182471	0.09371102036328845	0.009999990251148816	0.0606006722254909	0.009999990157605696	0.9999999838276408	0.9999999857473079	0.009999990122835306	0.009999990344296151	0.009999990115796059	0.1495259952962496
0.04047619047619047	-0.4560277250098153	1.269381252190951	0.8926012082793406	0.4534011421166665	0.7470798622498659	0.3524006433999224	-0.7746406979276742	-0.2116777516416287	-0.2798972034194685	0.1246254341188592	0.09307658148717358	2.979440350812749	-0.3921501342185564	3.456184413824936	-1.477271921206074	-0.161544031314153	-5.534953940060646	0.8997258113168641	2.858167414150289	-0.5238671486175562	0.4992954672409561	0.01000004826684015	0.4119202168169968	0.01000140631352562	0.01000157472868972	0.03068849613411604	0.009999992702897486	0.009999991468313499	0.08079134949937002	0.01005989089533338	0.04304699370496919	0.01000100864700777	0.9291810483100639	0.9140048584452316	0.01000363926940642	0.02866196894811015	0.0183365271422663	0.1246191762732784	-0.02013222097155662	0.1578378881553138	0.009999997223141171	0.4098212021614159	0.009999990640110321	0.009999991439772534	0.01565653062615796	0.0099999913563308	0.009999990678939141	0.1310783691517842	0.00999999024258553	0.05961315990892869	0.009999990152969531	0.7422767340672891	0.8225472335447535	0.009999990125546898	0.009999990315214051	0.009999990107952581	0.1579031463114035
0.04285714285714285	-0.4559073375297187	1.276467562005287	0.8916346796853605	0.4618726338987735	0.7436498204898679	0.3521260543655559	-0.7878070319424338	-0.2098994209746805	-0.2726756283034162	0.123269238726977	0.008772092870067744	2.973086221082011	-0.4196724751729923	3.658180299172912	-1.403199240424193	-0.06996194545117242	-5.52454112336512	0.585500876601539	3.214863916661075	-0.6098285785108614	0.4671204313397157	0.01000004046257818	0.4111054251578482	0.01000119183498904	0.0100013348483676	0.02893314566122049	0.009999992466617556	0.009999991343082874	0.08983427429276862	0.01005081681918056	0.0453050333852216	0.01000085433937836	0.904953898177927	0.9001467230742737	0.01000308640814595	0.02594712489437724	0.01709651839886566	0.1291659690512685	-0.01732092218938816	0.07502121645658261	0.009999996314919175	0.3959271333046626	0.009999990682801075	0.009999991389432849	0.02131306293403437	0.009999990942715786	0.009999990606695814	0.16844571794028	0.009999990234022246	0.05862564759236647	0.009999990148333368	0.4845534843069376	0.6450944813421989	0.009999990128258493	0.009999990286131955	0.009999990100109104	0.1662802973265574
0.04523809523809524	-0.455971490396166	1.283539543600541	0.8906038638387586	0.4707975371760005	0.7403894714446502	0.3520509711806643	-0.8009423392136824	-0.2089368809923624	-0.264567731441067	0.1217955542952952	-0.06241320691856714	2.96741094310983	-0.4461063626286417	3.83730517322273	-1.334435947503696	0.006653874759515803	-5.508191270223233	0.2113282726313986	3.595132433143041	-0.6244565595840771	0.4322646306170945	0.01000003366110844	0.4089700474472437	0.01000100979655521	0.01000113123431529	0.03200968286069684	0.009999992222543655	0.009999991225107323	0.1020663310173648	0.01004311453569656	0.04705183630099321	0.01000072336449547	0.8728919739775055	0.8797690404195477	0.01000261714666277	0.02361331456771934	0.01603780459537912	0.1338676218129859	-0.01371109651299881	0.04251060644322163	0.009999994892034321	0.3785403092747091	0.009999990746167619	0.00999999134905594	0.07744213327623541	0.009999990773919949	0.009999990524704745	0.2016144147628287	0.009999990209425358	0.05696783448751918	0.009999990143951268	0.4851802011961778	0.6221158679385631	0.009999990131825334	0.00999999026781284	0.009999990094817966	0.1702231799230368
0.04761904761904762	-0.4562033656875824	1.29059824565904	0.8895108706887667	0.4801386905309055	0.7373004017401121	0.3521566052197312	-0.8140321060184478	-0.2089488312760273	-0.2555589834530649	0.1203128255123754	-0.1321147441038859	2.961931410207453	-0.4719014100206106	4.007830364422492	-1.259324594253291	0.08184052267398938	-5.48628713151937	-0.2330709468240974	3.971578862209469	-0.617425833550853	0.396872780723699	0.01000002767637074	0.4054723058376307	0.01000085540994142	0.0100009585325288	0.0426436272887382	0.009999991989900646	0.009999991112595974	0.1166620402472241	0.0100365815826176	0.04831654816820693	0.01000061227726788	0.8432736706256225	0.8591699418780252	0.0100022191416394	0.02161143830808455	0.01513518610186996	0.1384441229932657	-0.01010127083660942	0.009999996429860649	0.00999999346914947	0.3611534852447555	0.009999990809534162	0.009999991308679033	0.1335712036184365	0.009999990605124114	0.009999990442713678	0.2347831115853774	0.009999990184828465	0.05531002138267188	0.009999990139569166	0.4858069180854179	0.5991372545349273	0.009999990135392177	0.009999990249493725	0.009999990089526831	0.1741660625195162
0.05	-0.4566121740725745	1.297643458394542	0.8883567768536057	0.4898916230339943	0.7344146776592467	0.3524540441784481	-0.8270642536698638	-0.2101325330926007	-0.2456762783963527	0.118763846641244	-0.2167027419125363	2.955654270334562	-0.4974861950094334	4.190316518522647	-1.151712694407655	0.1739271216325489	-5.459995483657458	-0.8042708481799826	4.323122655806343	-0.7206326800827615	0.3623376815330261	0.01000002242020382	0.4006623368061574	0.01000072437631394	0.01000081194959603	0.05900355439148882	0.009999991778683288	0.009999991009420185	0.1361706208257372	0.01003103632871198	0.04918530299092474	0.01000051798732676	0.8146792340077059	0.8382853389298579	0.01000188132065636	0.01989616280932003	0.01436575800533121	0.1426837924544032	0.0004888891064040599	0.009999994490616051	0.009999992545042614	0.3423123619784241	0.009999990847585873	0.009999991398241901	0.1847464850316783	0.009999990587828238	0.009999990421477525	0.3163432960265729	0.009999990166503225	0.05383512766432894	0.009999990135427347	0.4548540869744535	0.5742367342149988	0.009999990140026418	0.009999990238768072	0.009999990086305654	0.1742975549739192
0.05238095238095238	-0.4572610856139412	1.304670918292636	0.8871421326958895	0.5001196433826826	0.7318778219537233	0.3530130149369545	-0.8400286492167558	-0.2129836080248962	-0.2350049266617128	0.1167054495982518	-0.3338013954583018	2.947019026785533	-0.5227636809668655	4.406904154725957	-0.9662751589660304	0.3015272344971273	-5.429375363719052	-1.633664364030783	4.634042071668786	-1.045337097913867	0.3300284802105099	0.01000001782185536	0.3945799964833364	0.01000061324570548	0.01000068763863102	0.07952713038475659	0.009999991596912691	0.00999999091868684	0.1624288553465755	0.01002633298360467	0.04972622763564225	0.01000043801454383	0.7858260932956559	0.8170562440856762	0.01000159479764459	0.01842915909188309	0.0137106948425021	0.1464120503141954	0.01107904904941704	0.009999992551371453	0.009999991620935761	0.323471238712093	0.009999990885637583	0.00999999148780477	0.2359217664449203	0.009999990570532363	0.00999999040024137	0.3979034804677682	0.009999990148177981	0.05236023394598601	0.009999990131285526	0.4239012558634888	0.5493362138950706	0.00999999014466066	0.00999999022804242	0.009999990083084477	0.1744290474283214
0.05476190476190475	-0.458247127623353	1.311673159680298	0.8858676157767778	0.5109287102653196	0.7299363454589818	0.3539385502740451	-0.8529157630536242	-0.2183394997996354	-0.2236539219042831	0.1133538126014061	-0.4956956402013544	2.934904439289107	-0.5473163387197427	4.672275289543864	-0.6691452438354079	0.4775522386180952	-5.392684274043476	-2.826140860551907	4.893533178691626	-1.663513609632469	0.2998505329524669	0.01000001384568015	0.3867529647389794	0.01000051892679813	0.01000058215383898	0.1033486329575391	0.009999991447261811	0.009999990845503813	0.1811026760044648	0.01002234075929759	0.05007264124823477	0.01000037013419231	0.7572369866077283	0.7954632676143962	0.01000135160149605	0.01717530511872962	0.01315294672291751	0.1493633121943357	0.04438222124166189	0.009999992144756198	0.009999991553691214	0.2920318057401072	0.009999990942441608	0.009999991771629756	0.2890005247423574	0.00999999064653238	0.009999990469631338	0.2552111474208061	0.009999990135436261	0.05208733726110512	0.009999990127825452	0.4064438889500376	0.5234822156682921	0.009999990150729398	0.009999990222821232	0.009999990081527041	0.1689173762992083
0.05714285714285713	-0.4596273588899183	1.318646847529435	0.8845383129513571	0.5223664936321989	0.7286696058058471	0.3552948341206557	-0.8656932601159777	-0.226255022283723	-0.211737000791184	0.1092912151228783	-0.6649203714673875	2.923034054424776	-0.5687838422648855	4.93502600148924	-0.3994962120163215	0.6633559824940195	-5.337297273126558	-3.783754159883435	5.109411810431068	-1.642543902526838	0.2717251132279346	0.01000001046307171	0.3767487036225852	0.01000043893870198	0.01000049272984894	0.1298562779798496	0.009999991331875773	0.009999990793970339	0.1811832625704533	0.01001895468100572	0.05033272781165986	0.01000031256085318	0.7293874106480153	0.7734873405317294	0.01000114533508987	0.01610530869942936	0.01267859099007386	0.1513137762918096	0.07768539343390672	0.009999991738140944	0.009999991486446671	0.2605923727681214	0.009999990999245629	0.009999992055454741	0.3420792830397945	0.009999990722532399	0.009999990539021307	0.112518814373844	0.009999990122694539	0.05181444057622424	0.009999990124365376	0.3889865220365866	0.4976282174415136	0.009999990156798134	0.009999990217600041	0.009999990079969601	0.1634057051700952
0.05952380952380952	-0.4613913602808187	1.325595417284735	0.8831636453667107	0.5343886419264071	0.7278873098470054	0.3570765687630241	-0.8783062735534962	-0.2355692182520074	-0.1993591166238698	0.106615551148361	-0.8214171550168068	2.913434732477058	-0.5851943733064304	5.167456050257385	-0.2562730567708721	0.8383132391857306	-5.254000779116542	-4.00204865804803	5.276636949931914	-0.6605317443799944	0.2455791551349964	0.01000000758838792	0.3650509665777042	0.01000037105490327	0.01000041689303321	0.1588911764286487	0.009999991242529623	0.009999990764368355	0.1706147091891093	0.01001608057801547	0.05058094744160146	0.01000026369300449	0.701765441751365	0.7502760670505916	0.01000097026001177	0.01519248067787877	0.01227505129478383	0.1524368711050385	0.1315634737876757	0.009999991643345817	0.009999991504072688	0.2362492708208524	0.009999991061038153	0.009999992623717455	0.402879255206974	0.009999990761202305	0.009999990655339051	0.06125940284790975	0.009999990114293209	0.05241606977560762	0.00999999012236286	0.3602453836084273	0.4494540697341953	0.00999999016476171	0.00999999021565008	0.009999990079509124	0.1586340201701569
0.06190476190476191	-0.4635606613334647	1.332518775743372	0.8817552090571934	0.5469918914172898	0.7274557309480801	0.359310669174351	-0.8906950103247593	-0.2451308644866786	-0.1866643197923694	0.1058814548719627	-1.005372087333829	2.901856565227596	-0.5971495711557724	5.423151006695613	-0.1048938816865613	1.043343228419154	-5.148904873471973	-3.991612383648374	5.375618448347537	-0.0116270361068154	0.2213470130881492	0.01000000515289817	0.3520876032515312	0.01000031348854891	0.01000035265822081	0.1903712215787406	0.00999999117262257	0.009999990756924119	0.1552594251340423	0.01001364286844828	0.0508781087358237	0.01000022224537108	0.6739023305038465	0.7250500716876286	0.01000082177097337	0.01441478944723354	0.01193210676386632	0.1528730071646357	0.1854415541414446	0.009999991548550692	0.009999991521698708	0.2119061688735834	0.009999991122830681	0.009999993191980172	0.4636792273741536	0.00999999079987221	0.009999990771656798	0.009999991321975489	0.009999990105891882	0.05301769897499099	0.009999990120360345	0.331504245180268	0.4012799220268769	0.009999990172725286	0.009999990213700117	0.009999990079048646	0.1538623351702186
0.06428571428571429	-0.4662028386583194	1.339411504309962	0.8803237374869586	0.5602352793552132	0.7274330490393373	0.3620699307274756	-0.9028087462998227	-0.254616092257783	-0.1738079127414383	0.1060822972436766	-1.217853398046191	2.887690712874866	-0.6045055757830252	5.704122191723926	0.09360156265319236	1.278455223140345	-5.022918748427584	-3.99135796981946	5.416422845385442	0.3131220019830755	0.1989648256803007	0.01000000308887225	0.3379958969852798	0.010000264634027	0.01000029825272618	0.2238998951146877	0.009999991119273983	0.00999999075669521	0.1384212028288735	0.01001157375028095	0.05118668995864986	0.01000018706504669	0.6455270363431341	0.6976597368237818	0.0100006957369426	0.01375224581314616	0.01164054259577289	0.1528928141692605	0.2325309301230377	0.009999991552660474	0.009999991545986454	0.188835641825414	0.009999991154304692	0.009999994148691222	0.5266743000239787	0.009999990840344907	0.009999990739972547	0.009999991015815191	0.009999990100574197	0.05318896827691257	0.009999990120194627	0.2961180878135639	0.3461654745635873	0.00999999018355591	0.009999990213062243	0.009999990079152813	0.152256105340173
0.06666666666666667	-0.4693780419551232	1.346268042386429	0.8788803299918381	0.5741678415234218	0.7279384073621948	0.3654176880794712	-0.9145959824736822	-0.2642105644655341	-0.1609067854288634	0.1080048328511045	-1.453113903771126	2.871456553525007	-0.6071757480598655	6.002057360135074	0.3386599128582777	1.537679699470841	-4.874645040460787	-4.083377710431789	5.413183468128242	1.434595281893132	0.178369217837238	0.01000000134195446	0.3228952424528478	0.01000022320278008	0.01000025225390935	0.2592306513894801	0.009999991080172053	0.009999990751689841	0.1231449885452045	0.01000981880665423	0.05147603488480301	0.01000015722678574	0.6163849663556767	0.6679541949107661	0.0100005888426195	0.01318847432772702	0.01139289584467887	0.152723770387311	0.2796203061046308	0.009999991556770258	0.009999991570274197	0.1657651147772445	0.009999991185778703	0.009999995105402273	0.589669372673804	0.009999990880817603	0.009999990708288295	0.009999990709654891	0.009999990095256513	0.05336023757883415	0.009999990120028911	0.2607319304468596	0.2910510271002977	0.009999990194386535	0.009999990212424368	0.00999999007925698	0.1506498755101274
0.06904761904761905	-0.4731511942403898	1.353082644843831	0.8774359215554183	0.5888424453915293	0.7291141888196018	0.3694230073222914	-0.9260033369124683	-0.2742940391285901	-0.1480632363353282	0.1140757321765793	-1.715318949537074	2.853021514001417	-0.6051861414992061	6.320647813004055	0.6428470946155745	1.82603691580819	-4.702563055985083	-4.373634560567459	5.372915854435672	3.623691338322878	0.1594955835796865	0.009999999866241005	0.3087224374315227	0.01000018804100816	0.01000021342279588	0.2995382838388169	0.009999991093922508	0.0099999907656986	0.1093524906661499	0.0100083292224662	0.05169049000688741	0.01000013190059356	0.5866567436814445	0.6364999253477233	0.01000049811415517	0.01270866372944539	0.011182447558084	0.1524446217444708	0.3034480953683268	0.009999991648271906	0.009999991637970445	0.1817639789541983	0.009999991213706219	0.009999996929119395	0.7202361370997341	0.009999991446661123	0.009999990973249426	0.009999990686811318	0.009999990091927511	0.05270617246947741	0.009999990121469807	0.2294581428837076	0.2472467643222459	0.009999990209259986	0.009999990212255108	0.009999990079669655	0.1499987843132897
0.07142857142857142	-0.4775413937799867	1.359854868659337	0.8760029731134314	0.6042472974135782	0.7309703010663265	0.3741095231609866	-0.9369654749682099	-0.2849749840588657	-0.1353332904839587	0.1250639877327238	-1.971433597408543	2.835858494332975	-0.5975493527356169	6.615465809445721	0.9101377758854794	2.109884840005912	-4.500663278703765	-4.585252734896215	5.317756744709002	5.565174515655683	0.1422749013873068	0.009999998624892618	0.2972672247049147	0.01000015822274842	0.01000018076506743	0.3471945237358898	0.009999991191507691	0.0099999908178142	0.0969588232877209	0.01000706582018268	0.05178451315853621	0.01000011042037207	0.5565023318200516	0.6037998281384261	0.01000042116493289	0.01230074840339033	0.01100376987927576	0.1521221308401163	0.327275884632023	0.009999991739773555	0.00999999170566669	0.1977628431311521	0.009999991241633734	0.009999998752836517	0.8508029015256643	0.009999992012504639	0.009999991238210557	0.009999990663967746	0.009999990088598507	0.05205210736012068	0.009999990122910703	0.1981843553205555	0.2034425015441941	0.009999990224133438	0.009999990212085849	0.00999999008008233	0.1493476931164521
0.07380952380952381	-0.4825041852874745	1.366590724795678	0.8745955088742742	0.6202868788515397	0.7333430418901589	0.379435586034624	-0.9474084043603854	-0.2958790941533166	-0.1227350397274919	0.1394210040087444	-2.189947628708296	2.823116928420216	-0.583837037493725	6.845928753288985	1.062768901483582	2.35672256059726	-4.266711329420797	-4.537635831677632	5.26531733949215	6.37757817803725	0.1266350939803501	0.009999997589943807	0.2878916317850983	0.01000013291733999	0.01000015326279678	0.3981008036613612	0.009999991346044909	0.009999990883280428	0.08587614652200393	0.01000599345553132	0.05170308250308361	0.01000009218860067	0.5261168059243001	0.5702790741477397	0.01000035585423151	0.0119538400431193	0.0108519810106265	0.1516985838158978	0.3502470531216654	0.009999992083128347	0.00999999188216141	0.2043063058202532	0.009999991265490921	0.009999999821999127	0.9254014552341759	0.00999999240002216	0.00999999126075885	0.00999999069769753	0.009999990086596345	0.05037798112526853	0.009999990125854629	0.1720177916106886	0.1695344728648235	0.00999999024506713	0.00999999021234573	0.009999990080799588	0.1476359992473696
0.07619047619047618	-0.4879346508682499	1.373302360071942	0.8732270042237606	0.6367905112618452	0.7359349357655326	0.3852973191007251	-0.9572608332925808	-0.3064086598632116	-0.1102577629208103	0.1548755934464029	-2.364279818969925	2.815512971868003	-0.5648232982747183	7.005268626214796	1.094226339179675	2.559847801675531	-4.004642892320418	-4.270635451869062	5.21613862688949	6.487135971431013	0.1124974244053156	0.009999996738951369	0.2799946687620395	0.01000011145815016	0.0100001300990637	0.449301100216136	0.009999991535959931	0.009999990942229626	0.07601218236752898	0.01000508392314535	0.05140088768977318	0.01000007672574946	0.4956775865135411	0.5363204329931737	0.01000030046404957	0.01165910517787348	0.01072314444847222	0.1511248827271242	0.373218221611308	0.009999992426483138	0.009999992058656128	0.2108497685093543	0.009999991289348106	0.01000000089116174	1.000000008942687	0.00999999278753968	0.009999991283307141	0.009999990731427318	0.009999990084594181	0.04870385489041639	0.009999990128798559	0.1458512279008218	0.1356264441854531	0.009999990266000822	0.00999999021260561	0.009999990081516847	0.1459243053782871
0.07857142857142857	-0.493734425829537	1.380001671809325	0.8719093114969261	0.6535983163142226	0.7384680661647627	0.3915984300586016	-0.9664590497314637	-0.3160647057728819	-0.09790132798082664	0.1697476822985125	-2.509731917749996	2.812019330184395	-0.5414656746399586	7.113388207094208	1.027142213641904	2.736162004574815	-3.71789074436021	-3.804465593182282	5.158598577343402	5.834335188219896	0.09977972529352254	0.009999996046201689	0.2720570109088054	0.01000009324308982	0.01000011041768896	0.4943092542857425	0.009999991839301312	0.03839203051801821	0.06727330747899619	0.01000431192151585	0.05015366130057836	0.01000006360171235	0.4650694323717038	0.5018839377945044	0.01000025345370686	0.01140858546560374	0.01061372230742104	0.1505334456055214	0.3933707223726899	0.009999993963628198	0.009999992272114866	0.189432223369056	0.009999991256405242	0.009999999617875281	0.9259818933936241	0.009999994250341815	0.3781206027898074	0.009999990794717648	0.009999990083831369	0.03636602125748419	0.009999990133869083	0.117909576755791	0.1015870670142798	0.009999990298479641	0.009999990212810776	0.009999990082440048	0.1461515065520989
0.08095238095238096	-0.4998962350920059	1.386693454228298	0.8706513244284559	0.6706642674352077	0.740795322580343	0.3983413124636249	-0.9749461788753396	-0.3243538411685002	-0.08571523705419086	0.1818434587421113	-2.668388631962742	2.809188344402888	-0.5146705452493253	7.222111323845073	0.9212921929137887	2.9309358172789	-3.407329564514756	-3.122430620065408	5.073049655677289	4.155033548281957	0.0883937917795721	0.009999995491058762	0.2627057710000682	0.01000007778896274	0.01000009353156066	0.5279124508907251	0.009999992318705539	0.1109468783749713	0.05956518620065206	0.01000365714487046	0.04735739844187428	0.01000005247131516	0.4341781384885576	0.4669202686438207	0.01000021358675589	0.0111958437801197	0.0105208655469963	0.1500368986576668	0.4135232231340719	0.009999995500773256	0.009999992485573607	0.1680146782287577	0.009999991223462377	0.009999998344588827	0.8519637778445608	0.009999995713143948	0.7462412142963077	0.009999990858007979	0.009999990083068556	0.02402818762455198	0.009999990138939607	0.08996792561076015	0.06754768984310648	0.009999990330958459	0.009999990213015942	0.009999990083363247	0.1463787077259106
0.08333333333333333	-0.5064753288925942	1.393376808449808	0.8694603842790394	0.6880203312237472	0.7428844925640226	0.4055944106629921	-0.9826681755319541	-0.330901394030979	-0.07376933367731441	0.1894916337700128	-2.85845568089563	2.804765872099851	-0.4854140157523962	7.355917753907379	0.8376567679316705	3.162109362896736	-3.077108873032363	-2.402686737740437	4.961941403723671	2.432076033630287	0.07995486626024954	0.009999995048010295	0.252315140948973	0.01000006466383817	0.01000007893656678	0.5486065414651139	0.009999992809513218	0.1842545749740594	0.05279418160219741	0.01000310137805419	0.04359250130701507	0.01000004302495457	0.4028162473217956	0.4316054881109518	0.01000017975479778	0.01101508769178743	0.01044201498190697	0.1497335003576446	0.4102734194296679	0.03562475972310288	0.009999992645888186	0.1518711966350443	0.009999991153187789	0.009999996173582644	0.6995044849641761	0.009999995408812313	0.6765981534803085	0.009999990917993034	0.009999990083309601	0.01701411304225432	0.009999990146517632	0.05865278198006695	0.03877390751100843	0.009999990384465371	0.009999990212554441	0.009999990084269855	0.1484459218984015
0.0857142857142857	-0.51350985985991	1.400049180621317	0.8683412822796737	0.7056873781460957	0.7448034318302778	0.4134010841569767	-0.9895893699183085	-0.3359150777926148	-0.06208488645157966	0.19419926156166	-3.050955852013891	2.799963422402	-0.4543264992068256	7.483337156244456	0.7782983902772834	3.395939064757514	-2.734655657496535	-1.833980575357297	4.853426488718257	1.68497386982823	0.07585866637741741	0.009999994696581848	0.2412179137490569	0.01000005352107758	0.01000006622814099	0.5546775514846997	0.009999993179579864	0.2344335730132016	0.04686987109763613	0.01000263000256051	0.03933780562793039	0.01000003501416386	0.3707937535345434	0.396096811608209	0.01000015106830568	0.01086164216491558	0.01037511168815341	0.1497065422662898	0.4070236157252639	0.0612495239454325	0.009999992806202765	0.1357277150413309	0.009999991082913202	0.009999994002576462	0.547045192083791	0.009999995104480679	0.6069550926643091	0.009999990977978089	0.009999990083550648	0.01000003845995665	0.009999990154095657	0.02733763834937375	0.01000012517891038	0.009999990437972282	0.009999990212092939	0.009999990085176463	0.1505131360708924
0.08809523809523809	-0.5209855304929869	1.406710799335881	0.867298210181335	0.7236275266859254	0.7465889811279706	0.4217448996994029	-0.9956840703849584	-0.3397333375929296	-0.05064153115407519	0.1979722340450805	-3.221314420083048	2.796082417642557	-0.4214892012151806	7.57700564215494	0.717245516569095	3.604360768315672	-2.384174922953094	-1.380833058061443	4.762078333350297	1.49211244183331	0.0799201396538608	0.009999994495956625	0.2295445061928974	0.01000004405151315	0.0100000552285289	0.5438509321122552	0.01002370964429939	0.2738039835702427	0.04170434272894669	0.01000222990501577	0.03516371488490179	0.01000002821615799	0.3391050378039796	0.3616112233631478	0.01000012673243236	0.01073130404620519	0.01031830691903402	0.1498407187534722	0.4051606957567359	0.1497274278268194	0.009999993911478728	0.121210353824856	0.009999990998199501	0.009999993316904312	0.3014315377189061	0.01030523442816911	0.6165431963263821	0.00999999092512778	0.009999990084918781	0.01000002003052407	0.009999990165442891	0.01866882757345281	0.01000007009688221	0.009999990552259887	0.009999990211258466	0.009999990086158721	0.1511893079891196
0.09047619047619047	-0.5288147234808408	1.413365221275857	0.8663359282842782	0.7417236813227498	0.748198327131961	0.4305242058034098	-1.00093916568696	-0.3425260704555472	-0.03939362594912663	0.2013416514065249	-3.347914630026766	2.793918131748939	-0.3864627301306864	7.614382277719768	0.6302876235672124	3.761751136485392	-2.029387319191572	-0.9725379476917623	4.689248410971301	1.34598756736829	0.09489431306897095	0.009999994493631066	0.2174116255868284	0.01000003600702767	0.0100000457950768	0.5136713888692975	0.01009016812940473	0.3085799493746485	0.03721593060474337	0.01000189056138111	0.03155277255536278	0.01000002245214475	0.3087196066667977	0.3293493598187787	0.01000010610928675	0.01062068634037154	0.01027011434369728	0.1500380925591299	0.4032977757882078	0.2382053317082062	0.009999995016754686	0.1066929926083811	0.009999990913485799	0.009999992631232163	0.05581788335402134	0.01061047375185755	0.6261312999884551	0.009999990872277471	0.009999990086286912	0.0100000016010915	0.009999990176790119	0.01000001679753187	0.01000001501485403	0.009999990666547493	0.009999990210423993	0.00999999008714098	0.1518654799073468
0.09285714285714286	-0.5368741406837921	1.420017131559435	0.8654599335411094	0.7598224737841139	0.7495582885364906	0.439594574564622	-1.005348642949971	-0.3444123233453698	-0.02829550622480502	0.2043837253507811	-3.409847978888284	2.794212814613928	-0.3489891170182112	7.5743877234861	0.5028479996257099	3.843192303976191	-1.675209170030914	-0.6188641264553021	4.63545102883068	1.211733983770577	0.116524022205699	0.009999995171253058	0.2041901810102255	0.01000002916577732	0.01000003770948559	0.4746294919393989	0.01043286897414907	0.338442076454586	0.03332665627649799	0.01000160253120307	0.02843601461920848	0.01000001756190392	0.2799835445568967	0.2992168890162352	0.01000008862389145	0.01052674584214575	0.01022919972556263	0.1501792708471948	0.3909990453999164	0.2924401401251879	0.01000000271771049	0.08009023123938529	0.009999990823673376	0.009999992268245323	0.03290893954318755	0.01400762817938326	0.6076804748215716	0.00999999087187989	0.009999990088918758	0.00999999926579717	0.009999990193997147	0.01000000909864453	0.01000001025924536	0.009999990805996801	0.009999990209900146	0.009999990088468519	0.1506579275900595
0.09523809523809523	-0.5449942479442893	1.426673502812867	0.8646759026656811	0.7777245006424922	0.7505488797177401	0.448757662874931	-1.008919378821834	-0.3455061360419831	-0.01730919785292426	0.2071231438909734	-3.398894278365219	2.79766534642715	-0.3092130812288738	7.449099171211403	0.3200166360116914	3.839635557726591	-1.324844550626446	-0.3068881853962285	4.595326874920988	1.09175702795456	0.1413701703643585	0.009999996915360593	0.1892940593673514	0.01000002334972524	0.01000003079656314	0.4361538577512958	0.01123817086154807	0.362948091846571	0.02996644373058945	0.01000135823814383	0.02575275530325634	0.01000001341685358	0.2532488837209734	0.2711352955805689	0.01000007381480825	0.01044703306324085	0.01019449091806274	0.1501631493820476	0.3787003150116249	0.3466749485421695	0.01000001041866629	0.05348746987038944	0.009999990733860951	0.009999991905258484	0.009999995732353766	0.01740478260690898	0.5892296496546882	0.00999999087148231	0.009999990091550604	0.009999996930502842	0.009999990211204172	0.01000000139975719	0.01000000550363669	0.009999990945446111	0.009999990209376298	0.009999990089796056	0.1494503752727723
0.09761904761904762	-0.5529985404005089	1.433342286318845	0.863989079959718	0.7952243500396966	0.751029356842198	0.45780812682258	-1.01166281063923	-0.345897382292175	-0.006407371599429765	0.2095883161143035	-3.313005330314051	2.8047161921151	-0.2674806756030343	7.237473066347773	0.07296518274622787	3.749248043209982	-0.9811381881233769	-0.02547066461746979	4.562702358840783	0.9817573394967272	0.167609218447637	0.009999999910682731	0.1741416054998576	0.01000001840071204	0.01000002488619111	0.3991344604075816	0.0123778663850816	0.3825017616385927	0.02706937116431816	0.01000115088594267	0.02344643031529346	0.01000000990187422	0.2284470674150477	0.2450316764655426	0.01000006127171547	0.01037934814687777	0.01016502567724154	0.1500775034510112	0.3504913602556751	0.38224101674394	0.01000002263016073	0.05058659348879567	0.009999990658843527	0.009999991698089067	0.009999993316855835	0.02009932797753344	0.5598855803183068	0.009999990805758353	0.009999990095364184	0.01000000910762925	0.009999990237138561	0.009999999299176388	0.01000000363013428	0.009999991156443056	0.009999990209490019	0.009999990091629003	0.1494061223711105
0.09999999999999999	-0.5607147206860459	1.440032167506369	0.8634033152398428	0.8121253187865646	0.7508457664651663	0.4665469101516994	-1.013598608346884	-0.3456451011108879	0.004420314240728888	0.2118113678878815	-3.156880054991883	2.81538739892478	-0.2243243729152383	6.946039424928692	-0.2378000652394488	3.577823838161657	-0.6464318984433168	0.2336748570461249	4.533048927718875	0.8883758501627557	0.1939512307361195	0.01000000430547049	0.1600493178947452	0.01000001419180967	0.01000001984184402	0.3644566201323747	0.01374893280814596	0.3972904806552368	0.02457778317307074	0.01000097502034505	0.02146838822688319	0.01000000692457869	0.2055143440018582	0.2208404646526861	0.01000005066531661	0.01032192187718147	0.01014003105517443	0.1499966738139713	0.3222824054997253	0.4178070849457105	0.01000003484165517	0.04768571710720191	0.009999990583826099	0.00999999149091965	0.009999990901357907	0.02279387334815789	0.5305415109819255	0.009999990740034393	0.009999990099177763	0.01000002128475565	0.009999990263072949	0.009999997198595583	0.01000000175663186	0.009999991367439998	0.009999990209603739	0.00999999009346195	0.1493618694694487
0.1023809523809524	-0.5679811828687104	1.446751667662886	0.8629215115840018	0.8282447052712972	0.749849516561791	0.4747878135645349	-1.014749932430269	-0.3447974310699625	0.01517735265587183	0.213827365556695	-2.939727117773437	2.829415062339983	-0.180460717525733	6.586392479888092	-0.6055176494435549	3.336262280507462	-0.3228070269370104	0.4760259483538167	4.501965813833183	0.8067371400202539	0.2177843707471054	0.01003289362943171	0.1460179683692535	0.01000001060988779	0.01000001553326026	0.3320083779218149	0.01541032874296516	0.4079448024322158	0.02243808219544587	0.01000082574863691	0.01977372173272132	0.010000004402313	0.1843875795954093	0.1984978392907573	0.01000004174107811	0.01027316586367658	0.01011881343593015	0.1499900741286762	0.2805050520932352	0.40587356465359	0.0104232770005426	0.02884287660637787	0.009999990532978642	0.009999991339259285	0.009999990775559213	0.02674743788791442	0.5010648716676274	0.00999999079983703	0.009999990103509292	0.01000001000625316	0.009999990300571334	0.009999996319257328	0.01000000098997357	0.009999992175831623	0.009999990210764226	0.009999990096019944	0.1504960553173169
0.1047619047619048	-0.574679035243668	1.453507583659368	0.8625436450633667	0.8434516984890854	0.7479315500590175	0.4823944793535791	-1.015145911786284	-0.3433894633995715	0.02585397274865824	0.2156609492612147	-2.679247816518101	2.845976704494497	-0.1370171793416818	6.179629080695237	-1.012042008734024	3.045064234176973	-0.01194232745261315	0.7043248657972153	4.465497536939384	0.7351481201561012	0.2371149510104778	0.01012504360161027	0.1311156492615247	0.01000000756415564	0.01000001185590071	0.3016988611100757	0.01740824921568499	0.4149226985157691	0.02060438879784574	0.0100006991442386	0.01832448504620773	0.01000000226874467	0.1650021485155168	0.1779404003912091	0.01000003429472849	0.01023180341601373	0.01010081579861418	0.150116518128816	0.238727698686745	0.3939400443614696	0.01084651915943003	0.01000003610555383	0.009999990482131188	0.009999991187598924	0.009999990649760518	0.03070100242767096	0.4715882323533292	0.009999990859639667	0.00999999010784082	0.009999998727750675	0.009999990338069717	0.009999995439919074	0.01000000022331528	0.009999992984223247	0.009999990211924711	0.009999990098577936	0.1516302411651852
0.1071428571428571	-0.5807200893894476	1.460305218123283	0.86226779278774	0.8576518149024541	0.7450152808996069	0.4892660167204276	-1.014818060113518	-0.341453552202772	0.03643455635389912	0.2173242217080208	-2.393431454029962	2.86416105705478	-0.09507330332858516	5.746988121195298	-1.438003522782908	2.724949334328011	0.2849536646343696	0.9194775947199952	4.420508425500621	0.6596517681685337	0.2515136260436387	0.01028000358489139	0.1165409485862048	0.01000000497416266	0.01000000871467697	0.2734452142158239	0.0246669094187117	0.4182595540523917	0.01903444303876883	0.01000059168475501	0.01708591852837633	0.01000000046441732	0.1472914033118858	0.159103490136444	0.01000002813941145	0.0101966886012993	0.01008553834412904	0.1503576070017578	0.1875348857809154	0.3577755829736146	0.011434413824391	0.0100000159464626	0.009999990468218619	0.009999991074545559	0.009999990595483956	0.100083129906963	0.4338813179566727	0.009999990820521044	0.009999990111216569	0.009999996160285697	0.009999990387725727	0.009999995029427165	0.01000000025303639	0.009999994343444863	0.009999990215008364	0.00999999010247837	0.1527213538699228
0.1095238095238095	-0.5860677268728254	1.467147040178013	0.8620891313754029	0.8708112581836388	0.7410821073904702	0.4953605341853901	-1.013800342278223	-0.3390222507808779	0.04689599255598353	0.2187909626001484	-2.096777820100372	2.883094280779088	-0.05537685417831706	5.305463649660693	-1.866241662503822	2.392367516592714	0.5675452490725478	1.120452654876736	4.365413718287946	0.5700616142260815	0.2604913113153561	0.01050058632144438	0.1034105697650716	0.01000000277534464	0.01000000603327755	0.2471763339336911	0.04077678429385083	0.4179453504692705	0.01769266698719647	0.01000050054334061	0.01602904548101854	0.009999998941615301	0.1311831698620083	0.1419179954888537	0.0100000231251687	0.01016690075513493	0.01007257977469097	0.1506976837888213	0.1363420728750858	0.3216111215857594	0.01202230848935197	0.009999995787371362	0.009999990454306051	0.009999990961492188	0.009999990541207392	0.1694652573862551	0.3961744035600163	0.009999990781402419	0.009999990114592315	0.009999993592820717	0.009999990437381735	0.009999994618935257	0.01000000028275751	0.00999999570266648	0.009999990218092015	0.009999990106378802	0.1538124665746604
0.1119047619047619	-0.5907084606240579	1.474034011606917	0.8620017526790701	0.8829233443856909	0.7361426084907838	0.5006621600279869	-1.012126823095382	-0.3361306004709511	0.0572116606218194	0.2199798721600615	-1.805251107355151	2.901615690041627	-0.01858656088477631	4.873895023880888	-2.274131254852238	2.065012026146849	0.8360107060801973	1.302409188954455	4.295928500037311	0.4106446693600417	0.2642924268286938	0.01076184482468013	0.09163898573192435	0.01000000090883273	0.01000000374431284	0.2228248698599428	0.08799743049473475	0.4158343705864219	0.01654651769736712	0.01000042318414426	0.0151274686633689	0.009999997657347132	0.116601917531969	0.1263117355297867	0.01000001878628094	0.01014161364776376	0.01006158004394865	0.1508653343230887	0.09740386715023927	0.2750945004459738	0.01242112540787864	0.009999994234933973	0.00999999046506784	0.009999990900745003	0.009999990489839565	0.5847326283389118	0.3921119883722843	0.009999990675483707	0.009999990116082642	0.009999992853620451	0.009999990496763696	0.009999994431003684	0.01000000116302142	0.009999993349965017	0.009999990224239317	0.009999990112616682	0.1505271663573631
0.1142857142857143	-0.5946823158431841	1.480962609990311	0.8619979319895549	0.8940450738393465	0.7302948450263189	0.5052130382858901	-1.009829815860859	-0.3328494661501773	0.06733460942769971	0.2206608050888108	-1.536599853131108	2.918060922550178	0.01481187154876951	4.473563981007756	-2.629183896917829	1.761739545450059	1.091275212485835	1.447619223988249	4.203529539925286	0.1433612440485072	0.2629894229533122	0.01104378640599936	0.0811354478949947	0.009999999327382773	0.0100000017937005	0.2003274311838273	0.1771719347188138	0.4135473161964452	0.0155689414577064	0.01000035757205847	0.01435940487630392	0.009999996577110761	0.1034653594545719	0.1122058612958148	0.01000001474899334	0.01012016367543772	0.01005225010303669	0.1506306690950484	0.05846566142539272	0.2285778793061882	0.0128199423264053	0.009999992682496583	0.009999990475829633	0.009999990839997816	0.009999990438471737	0.9999999992915684	0.3880495731845523	0.009999990569564998	0.009999990117572967	0.009999992114420191	0.009999990556145658	0.009999994243072111	0.01000000204328533	0.009999990997263557	0.00999999023038662	0.009999990118854562	0.1472418661400658
0.1166666666666667	-0.5980535879624738	1.487926883706976	0.8620693323187046	0.904262675200508	0.7236841655723588	0.5090807847962675	-1.006940171465327	-0.3292863485978024	0.07720608970951509	0.2206493029840696	-1.299630643087019	2.931548379374837	0.0446119270059802	4.114950481426119	-2.915135650804359	1.491824532994157	1.3341401764518	1.538278789763797	4.083270102040571	-0.146552346764273	0.2572393445027751	0.01134572044333581	0.07180735852538317	0.009999997988443072	0.01000000013197724	0.1796208739561706	0.268851335825693	0.4135285265363165	0.0147353214860595	0.01000030188155247	0.01370509295454417	0.009999995669703212	0.09168798727776743	0.09951809739912884	0.01000001117024734	0.01010195537507595	0.01004433062988169	0.1494460650993146	0.04238005520596884	0.1842037247816261	0.01325175916415001	0.009999992184323989	0.009999990509051112	0.009999990819334654	0.009999990402906637	1.000000003166218	0.437821068549649	0.00999999050515623	0.009999990117575215	0.009999991788052841	0.009999990621991292	0.009999994153200924	0.01000000458770488	0.00999999126768753	0.009999990241792786	0.009999990129621935	0.1339193260671297
0.119047619047619	-0.6008918042198595	1.49492055170127	0.8622077388899112	0.9136673586035585	0.716454442849176	0.5123391408702777	-1.003485747893509	-0.3255582372953154	0.08675378231951658	0.2199937494626326	-1.08883292913187	2.94275211575847	0.07109711487636006	3.79071289619477	-3.149180243064816	1.249851578901666	1.565689720567435	1.586213974082489	3.931547895601629	-0.3976419459759179	0.2475240413026144	0.01166709327107579	0.06356033651395965	0.009999996857864542	0.009999998719447147	0.1606399506592545	0.3422768193431259	0.417937866549387	0.01402538573359611	0.01000025464757624	0.0131483483378883	0.009999994910083094	0.08117906528364335	0.08816015209655789	0.01000000817599353	0.01008651059446894	0.01003761345826472	0.146840920373834	0.02629444898654496	0.139829570257064	0.01368357600189473	0.009999991686151398	0.009999990542272593	0.009999990798671492	0.009999990367341539	1.000000007040868	0.4875925639147456	0.009999990440747461	0.009999990117577462	0.009999991461685492	0.009999990687836925	0.009999994063329741	0.01000000713212444	0.009999991538111503	0.00999999025319895	0.009999990140389312	0.1205967859941936
0.1214285714285714	-0.6032556637212675	1.501938712036982	0.8624054787888902	0.9223359152341448	0.7087153287349172	0.5150513072894563	-0.999492469856322	-0.3217493608235545	0.09589868584321307	0.2187756876151282	-0.8999042370187038	2.95227503510084	0.09455233880519097	3.494888603975319	-3.346780436284354	1.031780004385473	1.787121375440287	1.610252488403056	3.74430935693112	-0.621332754677251	0.2359943085527338	0.01371802915806586	0.05630015179508209	0.009999995901986497	0.009999997517090763	0.1433171588901735	0.4044734620532525	0.4243736916373861	0.01342075951691647	0.01000021455619394	0.01267453390134741	0.009999994278506091	0.07184600580173491	0.07804131169159159	0.01000000567797535	0.01007340031717607	0.01003191183764051	0.143062372054804	0.0758907000438744	0.1307936104330333	0.03625978049465754	0.009999991601564872	0.009999990558984406	0.009999990774192094	0.009999990353238886	1.000000007059997	0.4932696123425426	0.009999990395089097	0.009999990119492623	0.00999999133610348	0.00999999079513697	0.00999999375279265	0.01000000551686586	0.009999991841607702	0.009999990268632117	0.009999990156453538	0.108798453531252
0.1238095238095238	-0.6051918014674151	1.508977920767754	0.8626558354486941	0.9303287992438107	0.7005407035174801	0.5172686256110522	-0.9949829911305982	-0.3179046053209846	0.1045559139840825	0.2170550089701245	-0.729546654713273	2.96043276760861	0.1152951939692937	3.223147894621608	-3.515009569734526	0.8341791769322666	1.999298298938724	1.616352359962067	3.521900574026894	-0.8198400558753405	0.2245701354921304	0.01883009402369481	0.0499347919458765	0.009999995093795155	0.009999996493593703	0.1275791700604027	0.4581722628231687	0.4307154352808015	0.01290641673846302	0.01000018055292829	0.01227172809271783	0.009999993759126758	0.06359442908386359	0.06906777351598191	0.01000000360536404	0.0100622801015765	0.01002707586776469	0.1383149883064012	0.1254869511012038	0.1217576506090027	0.05883598498742037	0.009999991516978347	0.009999990575696222	0.0099999907497127	0.009999990339136237	1.000000007079126	0.4989466607703395	0.009999990349430735	0.009999990121407783	0.009999991210521466	0.009999990902437018	0.009999993442255562	0.01000000390160729	0.0099999921451039	0.00999999028406528	0.009999990172517764	0.09700012106831048
0.1261904761904762	-0.6067496070258439	1.516034567218194	0.8629527036458237	0.937708354293481	0.692014108061792	0.5190456085576138	-0.9899765839822771	-0.3140875304021413	0.1126381640633196	0.2148827975549886	-0.5835989611648422	2.966833587624718	0.1338170936489377	2.980838006540874	-3.637969016929127	0.6635993154164987	2.205807200505483	1.581336057911145	3.264407071119997	-1.002610324320698	0.2146761317192554	0.02328380010463388	0.04437432290440887	0.009999994407649562	0.009999995621166274	0.1133492385875028	0.5054484211316005	0.4364951579044142	0.01246877638676608	0.01000015169198617	0.01192917340322906	0.009999993347149589	0.05633010192179966	0.06114517990421634	0.01000000189098539	0.01005284092083114	0.01002297107325364	0.133635760637184	0.1015334024454967	0.1394137320657543	0.03938889139629699	0.009999991660664752	0.00999999055776785	0.009999990725282815	0.00999999034153715	1.000000006738416	0.4939250811674855	0.009999990321818678	0.009999990126638695	0.009999991132577888	0.009999991172411521	0.009999993046287264	0.01000000073476046	0.009999992434843832	0.009999990297980887	0.009999990190929937	0.1007107024203536
0.1285714285714286	-0.6079926962672382	1.52310419183675	0.8632918359043052	0.9445478357484792	0.6832616205612195	0.5204529690998784	-0.9844804640098368	-0.3104156455878608	0.120087459935072	0.2122911846091598	-0.4651849484044319	2.971334428826272	0.1507970055049941	2.769486075097273	-3.704758887437393	0.5236963573226674	2.410657071198675	1.494392672129293	2.990219039739818	-1.172137341657365	0.2076019139522513	0.02417566912110124	0.03953437342329087	0.009999993822972021	0.009999994877506338	0.10054390946838	0.5474677560321825	0.441305150628342	0.01209678944211344	0.01000012721433737	0.01163814365487478	0.009999993038726035	0.04996100030183837	0.05418004907887634	0.01000000048092995	0.01004483469723644	0.01001948951932199	0.1299264397042393	0.0775798537897896	0.157069813522506	0.01994179780517361	0.009999991804351157	0.009999990539839477	0.009999990700852928	0.009999990343938062	1.000000006397707	0.4889035015646314	0.009999990294206619	0.009999990131869606	0.009999991054634307	0.009999991442386025	0.009999992650318968	0.009999997567913628	0.009999992724583764	0.009999990311896495	0.009999990209342105	0.1044212837723968
0.130952380952381	-0.6089794365498167	1.530182857038225	0.86367005484131	0.9509116727631478	0.6744046229254123	0.5215559453713841	-0.9784977557028899	-0.3069990234532158	0.1268860652673141	0.2093031014917397	-0.3656181166874149	2.974639841140144	0.1667946380630628	2.57803641023084	-3.730518172921515	0.4050324782398396	2.614661156754499	1.371084230133226	2.722940588124784	-1.33784795691859	0.2025274608427984	0.02336284019405325	0.035334016956384	0.009999993325290736	0.009999994243197174	0.08907661360084265	0.585168372484931	0.4464562895418575	0.01178049023648821	0.01000010643886253	0.01139077759368426	0.009999992833785852	0.04439717485592681	0.04808036637690714	0.009999999333720843	0.01003803887060308	0.01001653438011692	0.1268036893618694	0.05512006141157716	0.1637641851078672	0.01739722664244246	0.009999991927162865	0.009999990538586991	0.009999990684053757	0.009999990342885103	1.000000006121432	0.5112468573168122	0.009999990271946124	0.00999999013728279	0.009999990995006118	0.009999991918563648	0.009999992408945318	0.00999999651853216	0.009999993089139415	0.009999990326091885	0.009999990233359686	0.1035090567336792
0.1333333333333333	-0.6097429788596829	1.537268645845643	0.8640855614973867	0.9568332443353236	0.6655191576126366	0.5223923083652953	-0.9720304430247312	-0.3039080334959851	0.1330649443965293	0.2059205015764854	-0.2776986513261015	2.977318257819259	0.1821186895253953	2.397983103403306	-3.728671736091	0.2997412041433353	2.817724743016501	1.220861643101278	2.469649029197269	-1.503531451838006	0.1986963243145261	0.02229321557088477	0.03169992466220867	0.009999992902991618	0.009999993702656224	0.07885588712973092	0.6191715300360873	0.4530922477417375	0.01151180149867777	0.01000008881894101	0.0111807172481645	0.009999992732272658	0.03955423298630287	0.04275866835080105	0.009999998416071555	0.01003227479098204	0.0100140279425338	0.1239327594384331	0.03266026903336473	0.1704585566932285	0.01485265547971131	0.009999992049974574	0.009999990537334505	0.009999990667254585	0.009999990341832138	1.000000005845158	0.5335902130689929	0.009999990249685628	0.009999990142695977	0.00999999093537793	0.009999992394741275	0.009999992167571666	0.009999995469150697	0.009999993453695065	0.009999990340287276	0.009999990257377269	0.1025968296949616
0.1357142857142857	-0.6103067908820129	1.544360418115901	0.8645369600066481	0.9623346180499389	0.6566627637661075	0.5229892763289322	-0.965080680429952	-0.301200021675524	0.1386599148216905	0.2021473296933345	-0.1963177203234278	2.979783209951005	0.1969996932511595	2.223341768055465	-3.708852343953061	0.2022646558682008	3.019829869095166	1.051182318480063	2.232646475619999	-1.664416352072336	0.1958101709513972	0.02113672558364618	0.02856286087470728	0.009999992544858505	0.009999993241593813	0.06978863317538116	0.6500018971686591	0.4588423443328282	0.01128344894849437	0.01000007386429853	0.01100224164076119	0.009999993418152355	0.0353512245842075	0.03813055005626423	0.009999997694169753	0.01002738218966133	0.01001190049285947	0.1212105072758556	0.0161840774227343	0.1738693702104612	0.01406612638346769	0.009999992159774299	0.009999990542487963	0.009999990654075608	0.009999990327317498	1.000000005620201	0.5054587176760705	0.009999990231350194	0.009999990149101832	0.009999990889042399	0.01000000188080048	0.009999991935708602	0.00999999487136845	0.009999993842186489	0.009999990353847132	0.0099999902887158	0.1004640119523912
0.1380952380952381	-0.6106797978749956	1.551458150468048	0.8650233868699962	0.967421400141216	0.6478667500273382	0.5233581056339841	-0.9576514720647674	-0.2989151937299185	0.1437085959360618	0.1980019312234575	-0.1174224266742881	2.982324726607402	0.211542506957981	2.049726139799324	-3.677952445572792	0.1081047309317251	3.220459190157217	0.8653871882224468	2.010766008133744	-1.816201784687938	0.1936020574701452	0.02003201581127344	0.02586186659186753	0.009999992241890061	0.00999999284854201	0.06178043636199637	0.678042229243474	0.461636561414326	0.01108955282885282	0.01000006118147394	0.01085073373331903	0.009999995440329671	0.03171479432714439	0.03411867158924196	0.009999997140879943	0.01002323242601251	0.01001009607983899	0.1185480876712466	-0.0002921141878961227	0.1772801837276939	0.01327959728722406	0.009999992269574024	0.009999990547641419	0.009999990640896631	0.009999990312802855	1.000000005395244	0.4773272222831481	0.009999990213014762	0.009999990155507685	0.009999990842706868	0.01000001136685968	0.009999991703845541	0.009999994273586204	0.009999994230677916	0.009999990367406991	0.009999990320054329	0.09833119420982084
0.1404761904761904	-0.6108652479817297	1.558562221812525	0.8655441093442156	0.9720931685455504	0.6391523169616591	0.5235037412631333	-0.9497466647908888	-0.2970855857680991	0.1482452131491528	0.1934875351039554	-0.03864585606461391	2.98515945379948	0.2258741030153082	1.874404168372379	-3.641693263080982	0.0147421735701285	3.419709751181958	0.6724461203418504	1.801221665293808	-1.98344169135577	0.1917894135268594	0.01902497217572344	0.02354010910105549	0.009999991985801936	0.009999992513126676	0.05473727327254711	0.7036269271265682	0.4745130152973513	0.010924823721544	0.01000005041756564	0.01072204263397004	0.01029492627448612	0.02857567943635351	0.03064964328455149	0.009999996724730356	0.01001971009792223	0.01000856451216116	0.1159037032021242	-0.01524579911447528	0.176862539824453	0.0131949051704556	0.009999992358231773	0.009999990556499971	0.009999990630217833	0.009999990351895241	1.000000005194439	0.7386635993062252	0.009999990197938733	0.009999990163502599	0.009999990806038033	0.01379571493721928	0.009999992187853059	0.00999999389360305	0.009999994551333826	0.009999990379325445	0.009999990361062012	0.09563725332094511
0.1428571428571428	-0.6108652076328377	1.565673501443508	0.8660990241778266	0.9763463954598034	0.6305276300436993	0.5234307492034445	-0.9413665169101807	-0.2957084854395477	0.1522916953633231	0.1885210149043254	0.03838955605173829	2.988379687273485	0.2402640888469902	1.69815128813115	-3.602565681488286	-0.07554252769212072	3.619745299894119	0.4852807762773027	1.599052609040265	-2.195986011995362	0.1901258824395475	0.0181529028612646	0.02154868453751323	0.009999991769945675	0.00999999222702223	0.04856778102620337	0.727015905576314	0.508726933529744	0.01078499470622388	0.01000004128935858	0.01061282363333713	0.01112032404587555	0.0258728935770779	0.02765825712210723	0.009999996420463874	0.01001672258119642	0.01000726550773428	0.1132415411571117	-0.03019948404105444	0.176444895921212	0.01311021305368715	0.009999992446889521	0.009999990565358522	0.009999990619539035	0.009999990390987626	1.000000004993634	0.9999999763293023	0.009999990182862701	0.009999990171497511	0.009999990769369199	0.01759141850757889	0.009999992671860579	0.009999993513619895	0.009999994871989732	0.009999990391243904	0.009999990402069697	0.09294331243206937
0.1452380952380952	-0.6106851123097389	1.572792981267759	0.866688493520457	0.9801794195895993	0.6219983266719644	0.5231482715296505	-0.9325073771644329	-0.2947665317938437	0.1558625254420467	0.1830136303128713	0.1127189370557591	2.992077304490641	0.2549287927103852	1.521213352416314	-3.562083932866658	-0.1613089432131048	3.82221014648527	0.3063075297313763	1.401623830663435	-2.428748947931904	0.1882997067637409	0.01737878493788993	0.01984244699838276	0.009999991588249085	0.009999991982761209	0.04318286955181184	0.7484417438719824	0.5504206523414721	0.01066623031924096	0.01000003354284442	0.01052007158154355	0.01208160477435791	0.02354957707391078	0.02508347665442749	0.009999996197720171	0.01001418678500838	0.01000616293150889	0.1106588304367705	-0.04679581697661034	0.1707478903643982	0.01279855009928701	0.009999992494444138	0.009999990576528273	0.00999999061137154	0.009999990395414292	1.000000004964326	0.9999999867728756	0.009999990170308502	0.009999990181662205	0.009999990739946405	0.01738147217855117	0.009999992824867193	0.009999993256471915	0.009999995025657227	0.009999990399625968	0.009999990453185836	0.09175881755232143
0.1476190476190476	-0.610329267829217	1.579921935938194	0.8673131547800081	0.9835884798594946	0.6135651599724402	0.5226646579266283	-0.9231641921176258	-0.2942482246140777	0.1589717096692244	0.1769625346612885	0.1860188482871551	2.996338558068876	0.2698252990602537	1.34202164581456	-3.521810876831408	-0.2444967082437673	4.026343352783933	0.1294177448894213	1.211270093741682	-2.652703302503492	0.1860412245431445	0.01667237383019919	0.01838323607846953	0.009999991435839036	0.009999991774350731	0.03849932248026371	0.7680932422816189	0.5878115351588877	0.0105654409778196	0.01000002697417321	0.01044136771137285	0.01286391205477399	0.02155680067820991	0.02287240100893376	0.009999996032134093	0.01001203602096125	0.01000522778293308	0.1082386140735795	-0.06339214991216624	0.1650508848075844	0.01248688714488688	0.009999992541998754	0.009999990587698024	0.009999990603204048	0.009999990399840956	1.000000004935018	0.9999999972164491	0.009999990157754305	0.009999990191826898	0.009999990710523612	0.01717152584952346	0.009999992977873809	0.009999992999323935	0.009999995179324718	0.009999990408008032	0.009999990504301979	0.09057432267257348
0.15	-0.609798696901769	1.587061768065873	0.8679734891850373	0.9865669822375894	0.6052259606578632	0.5219843664536207	-0.913333846356402	-0.2941487932468948	0.1616383611562262	0.1703883591144544	0.2597787993997129	3.00122234241938	0.2848557394994651	1.159352130644171	-3.483515297180463	-0.3268691310321312	4.231122379243168	-0.04532280385657923	1.031277366921183	-2.869021260039458	0.1828996936853164	0.01602695308623052	0.01713608809124434	0.009999991308371812	0.00999999159639688	0.03443748070546825	0.7861422374902798	0.6215726415733496	0.01047985110246207	0.01000002140053972	0.01037453978841118	0.01351945805110122	0.01984939417367799	0.02097604395463137	0.009999995899936521	0.01001021046526199	0.01000443404672068	0.1061515319622658	-0.07932136572081484	0.1505610250718728	0.01221821403993057	0.009999992513952286	0.009999990601534737	0.009999990597314878	0.009999990373357519	1.000000005029393	0.9999999977492654	0.009999990147323109	0.009999990204869845	0.009999990686759216	0.01726663258707133	0.009999992484787192	0.009999992823911045	0.009999995141385404	0.009999990410795682	0.00999999055964707	0.09236153088979898
0.1523809523809524	-0.6090916636957399	1.594213956203229	0.868669611341126	0.9891064984761769	0.5969750930822141	0.5211085144362403	-0.9030161079659959	-0.2944613208581603	0.163894745757332	0.1633033043601371	0.3342471622952582	3.006717606197805	0.2998870099503318	0.97327328862858	-3.447612216131718	-0.4087675655166891	4.435753161297162	-0.2166277970071395	0.8666459095891957	-3.08184183678945	0.1784804987759594	0.01543701958486448	0.01607184876166847	0.009999991202361438	0.009999991444570863	0.03092542791062165	0.8027325126265477	0.6521760385207298	0.01040722720289639	0.0100000166752368	0.010317840858824	0.01408965912638119	0.01838917529448312	0.01935276809400187	0.009999995782051961	0.01000866210462398	0.01000376084424182	0.1045420710044114	-0.09525058152946343	0.1360711653361611	0.01194954093497426	0.00999999248590582	0.009999990615371449	0.009999990591425707	0.009999990346874082	1.000000005123767	0.9999999982820816	0.009999990136891915	0.009999990217912794	0.009999990662994819	0.0173617393246192	0.009999991991700577	0.009999992648498155	0.009999995103446091	0.009999990413583331	0.009999990614992165	0.09414873910702448
0.1547619047619048	-0.6082062555045545	1.601379948566095	0.869401423204892	0.9911988815799797	0.5888066185574239	0.5200379251527153	-0.8922118854655788	-0.2951774769107414	0.1657822122233379	0.1557149842530391	0.410436140740165	3.012862352325243	0.3148480406354273	0.7827099226763325	-3.41531979467683	-0.4913934381708523	4.639918069298647	-0.3840482853487163	0.7242641221940662	-3.292201115211038	0.1726208623657843	0.01489295272057427	0.0151639567938589	0.009999991114785436	0.009999991314951533	0.02789537288635909	0.8179965178526554	0.6800283319912293	0.01034556361701598	0.01000001266674568	0.01026970253553255	0.01757345184172191	0.0171411598953044	0.01796433490164545	0.009999995666278573	0.01000734786855806	0.01000318944615816	0.1036315247788815	-0.1105186160289807	0.1165409754316774	0.01166330264524863	0.009999992369987627	0.009999990633220915	0.00999999058732487	0.009999990324994422	1.000000005253627	0.9999999991908382	0.009999990128193883	0.009999990234895242	0.009999990643644157	0.05627765024536433	0.009999991773054041	0.009999992528104018	0.009999994937088225	0.009999990411132729	0.009999990670459299	0.1002738410360397
0.1571428571428571	-0.6071327276805976	1.608561616803424	0.8701689500347338	0.9928259809846864	0.5807049349647783	0.5187644218472047	-0.8809206679681664	-0.2962858603035717	0.1673695187217721	0.147626851135141	0.4922676538233645	3.019885340746399	0.3298875814539221	0.582434981388026	-3.391507833130138	-0.5792153439846642	4.844828958773424	-0.5460987628163936	0.6145115368289878	-3.501684765861496	0.1651670013840816	0.01438692869136727	0.01439048941075519	0.009999991043218177	0.009999991204392053	0.02528780517474884	0.83204746159072	0.7054373626143211	0.01029324761319377	0.01000000926951825	0.01022886423064686	0.02626345222804856	0.01607617588428781	0.0167787247201074	0.00999999554282399	0.0100062331901744	0.01000270482129978	0.1036035223280165	-0.125786650528498	0.09701078552719371	0.01137706435552299	0.009999992254069433	0.009999990651070384	0.009999990583224034	0.009999990303114764	1.000000005383487	1.000000000099595	0.009999990119495854	0.009999990251877694	0.009999990624293492	0.09519356116610946	0.009999991554407502	0.009999992407709884	0.00999999477073036	0.009999990408682123	0.009999990725926434	0.1063989429650548
0.1595238095238095	-0.6058544918514446	1.615761233828026	0.870972509981397	0.9939604556402075	0.5726459635920231	0.5172720360740618	-0.86913950962119	-0.2977726554591361	0.1687394958490953	0.1390406463974269	0.5823165445130354	3.02792492635654	0.3450893775306028	0.3690029813856538	-3.379346352627852	-0.6751911350556775	5.051646032262128	-0.7018217785537613	0.5378677319240021	-3.711000410542336	0.1552455917009133	0.01391580653923816	0.01373155738014143	0.00999999098563574	0.00999999111007178	0.02304731393996406	0.8449905226295084	0.7286758383746476	0.01024883140047034	0.01000000638898176	0.01019419447314068	0.0372640426928301	0.01516764543318091	0.0157667147781742	0.009999995409480138	0.01000528706188305	0.01000229348769283	0.1035336042906576	-0.1402003833790242	0.06010403833209383	0.01112420979094958	0.00999999209086558	0.009999990674888321	0.009999990580939713	0.009999990288274354	1.000000005485877	1.000000000292633	0.009999990112210325	0.009999990274182607	0.009999990608484449	0.1086951814305043	0.009999991399235113	0.009999992325316891	0.009999994560591001	0.009999990408493881	0.009999990801947684	0.09982869784583655
0.1619047619047619	-0.6043556674598313	1.62298093534054	0.8718121689933919	0.9945758963824087	0.564606532177771	0.515545404872653	-0.8568637726737014	-0.2996231669190469	0.1699384054537986	0.1299541196719677	0.6775620462899951	3.036756310592756	0.3602107963327796	0.1464464941994633	-3.375094267987624	-0.7759815037279241	5.260274983203806	-0.8516204584673881	0.4708148178284189	-3.921955235567474	0.1420397679126257	0.01347702660866158	0.01317086894762168	0.009999990940413858	0.009999991029727066	0.02112632979590092	0.8569169537857106	0.7499611532438267	0.01021115145589271	0.01000000394923854	0.01016478423027154	0.04836363595365865	0.01439363169470316	0.01490410947138189	0.009999995264474974	0.01000448459834949	0.01000194462547725	0.1026461464078294	-0.1546141162295505	0.02319729113699395	0.01087135522637617	0.009999991927661728	0.009999990698706262	0.009999990578655395	0.009999990273433946	1.000000005588268	1.000000000485671	0.009999990104924795	0.009999990296487522	0.009999990592675407	0.1221968016948992	0.009999991244062726	0.009999992242923895	0.009999994350451642	0.009999990408305638	0.009999990877968929	0.0932584527266183
0.1642857142857143	-0.6026269463986141	1.630222386723375	0.8726874993222339	0.9946546442374314	0.5565716166198748	0.5135764702379427	-0.8440894469938471	-0.3018239455994958	0.1709700407583725	0.1203626692196643	0.7750019002298232	3.04614996342651	0.3750039156234712	-0.08111420201300164	-3.37497322880498	-0.8782812135862095	5.470286710169801	-0.9962117566946538	0.3923233502773075	-4.13529563827004	0.1275879297697083	0.01305894474293962	0.01269368921687666	0.009999990906162564	0.009999990961343143	0.01948098225173032	0.8679120484577106	0.7694897609829846	0.01017916348006918	0.01000000188244105	0.01013981771526641	0.05932107045033874	0.01373423250892763	0.01416892920445271	0.009999995110905494	0.01000380347613766	0.0100016485248048	0.1009903888530535	-0.166134007670287	0.01659864523466064	0.01053078045980692	0.00999999177059567	0.009999990729355576	0.009999990578390981	0.009999990263014411	1.000000005628449	1.000000000472969	0.009999990098766206	0.009999990327142915	0.009999990579877993	0.132516746145711	0.009999991128277819	0.009999992184060294	0.009999994156849792	0.009999990407937405	0.00999999092280519	0.08586019676449355
0.1666666666666667	-0.6006630952916069	1.637486826177985	0.8735976030474509	0.9941857530107637	0.5485317147636533	0.5113614104072066	-0.8308141782333881	-0.3043631187299022	0.1717902524182792	0.1102601761854312	0.8750712847535593	3.056066290882586	0.3894204492877585	-0.313570334420303	-3.379282758580801	-0.9827266683896374	5.681067170911778	-1.135871796431627	0.2932189563079401	-4.351231004388409	0.1137490745282894	0.01265214602059512	0.01228801575671938	0.009999990881766355	0.009999990903303092	0.01807425528933766	0.8780505895815	0.7874239695075422	0.01015202854535154	0.01000000013413947	0.01011863971848292	0.06995693922528741	0.01317314529863289	0.0135431279059824	0.009999994951257144	0.01000322577958429	0.01000139739313568	0.09860382142712604	-0.1776538991110235	0.009999999332327319	0.01019020569323767	0.009999991613529614	0.009999990760004889	0.009999990578126566	0.009999990252594878	1.00000000566863	1.000000000460266	0.009999990092607616	0.009999990357798307	0.009999990567080581	0.1428366905965228	0.009999991012492911	0.009999992125196694	0.009999993963247942	0.009999990407569173	0.009999990967641452	0.07846194080236882
0.169047619047619	-0.5984568956256151	1.64477550149872	0.8745415804907505	0.9931569195357801	0.5404752851246454	0.5088939112251988	-0.8170366633522907	-0.3072289016673961	0.1723458824465389	0.09964051430196916	0.9790696925099921	3.066517159774929	0.4034598879109365	-0.5518972799362647	-3.389404246096483	-1.090936237024777	5.891912052029548	-1.270500070235138	0.1728487776970696	-4.56973309085296	0.1009031837308327	0.01227388569983364	0.01194301763551157	0.009999990866637512	0.009999990854154919	0.01687225912290407	0.8874027748912445	0.8039125384769361	0.01012899380416303	0.009999998655962516	0.01010066231118306	0.07986553211681734	0.01269562528785471	0.01301036852091661	0.009999994789358308	0.01000273543715347	0.01000118424344213	0.09623255980429733	-0.1874393732888915	0.009999996574847495	0.01009511051101706	0.009999991478002375	0.009999990802800077	0.009999990579861891	0.009999990244899065	1.00000000561813	0.9999999980476998	0.009999990087393218	0.009999990402879633	0.009999990557003086	0.1461420701806171	0.009999990919884395	0.009999992083699474	0.009999993806761849	0.009999990401275275	0.009999991022072226	0.08125307405717112
0.1714285714285714	-0.5959964145756993	1.652089746849486	0.8755185514890602	0.9915517302712085	0.5323855702207627	0.5061618874093372	-0.8027580888293456	-0.3104089009651735	0.1726101918847745	0.08849740854740185	1.088667647249901	3.077545116108197	0.417135035496312	-0.7977091976743076	-3.407242381075465	-1.204927360826761	6.101957270063706	-1.39981353906966	0.04850966068781419	-4.790923856116837	0.08939734639368278	0.01193807752920713	0.01164990845045539	0.009999990860304371	0.009999990812733351	0.01584677312718956	0.8960306098975932	0.8190814880530418	0.01010945463401218	0.009999997409090656	0.01008541339460411	0.08873209159832107	0.01228966187168553	0.01255732074072091	0.009999994628281392	0.01000231955071895	0.01000100346837083	0.09450907701716904	-0.1972248474667594	0.00999999381736767	0.01000001532879645	0.009999991342475138	0.009999990845595262	0.009999990581597219	0.009999990237203252	1.00000000556763	0.9999999956351339	0.009999990082178821	0.009999990447960957	0.009999990546925594	0.1494474497647114	0.009999990827275878	0.009999992042202253	0.009999993650275756	0.009999990394981378	0.009999991076503003	0.08404420731197343
0.1738095238095238	-0.5932668542653814	1.659430975494771	0.8765276584969347	0.989350880350905	0.5242426834945194	0.5031498070402529	-0.7879809625931541	-0.313891343055671	0.1725900310985915	0.07683069613016399	1.205794170124965	3.089183866132578	0.4304347417689464	-1.052751077401193	-3.434690447109327	-1.327064737443868	6.310150822503594	-1.525359294553649	-0.06286999780381497	-5.006487207297614	0.07914122511308082	0.01164561954077048	0.01140077245342464	0.009999990863310935	0.009999990778062937	0.01497210096541191	0.9039924740672116	0.8250820857278482	0.01009286851183767	0.009999996359649356	0.01007246938499559	0.09650784283031047	0.01194441669490139	0.01217194703099136	0.009999994471143621	0.01000196655035285	0.01000085002552832	0.0933688358219161	-0.2063296113906884	0.009999992987055391	0.01000000917006059	0.009999991232070795	0.009999990912983529	0.009999990586231192	0.009999990232214494	1.000000005431026	0.7961451989022147	0.009999990077764361	0.009999990519668057	0.009999990539415027	0.1490510244882833	0.009999990751204856	0.0099999920165398	0.009999993535553971	0.009999990385286525	0.009999990980990539	0.0870321758993966
0.1761904761904762	-0.5902467701622099	1.666800607736786	0.8775678592624873	0.9865303139882466	0.5160208158148114	0.499833747763224	-0.7727129798928213	-0.3176721427373596	0.1723230715298885	0.06466950454629561	1.332707633246911	3.10140413736049	0.4432537919458643	-1.31827100925263	-3.473586381985851	-1.460269643500236	6.514276699942464	-1.650433915670308	-0.1588013166289464	-5.206286356086505	0.0700411842332771	0.01139721158631305	0.01118920724645203	0.009999990876093792	0.009999990749360851	0.01422705514386984	0.911340204544295	0.8149046596219512	0.01007879981807827	0.009999995480453211	0.01006149020422378	0.1031412542275576	0.01165109726503312	0.01184446991942592	0.009999994320446671	0.0100016671507108	0.0100007198682113	0.09275461915355845	-0.2154343753146173	0.009999992156743112	0.01000000301132473	0.009999991121666451	0.009999990980371794	0.009999990590865166	0.00999999022722574	1.000000005294421	0.5922904021692954	0.009999990073349903	0.009999990591375157	0.009999990531904462	0.1486545992118551	0.009999990675133831	0.009999991990877349	0.009999993420832187	0.009999990375591671	0.009999990885478073	0.09002014448681978
0.1785714285714285	-0.5869110381682825	1.674200007915529	0.8786379221298901	0.9830640341978768	0.5076908033664956	0.4961850108182781	-0.7569655605489063	-0.321750056557479	0.1718495122128921	0.0520463257468492	1.471282301619608	3.114175260028362	0.4555041762234365	-1.595277051217876	-3.526055827462865	-1.606974106653227	6.712535089571475	-1.774046793207177	-0.2370133749320681	-5.397833721479262	0.06200291490582507	0.01118611505568545	0.01100945174951288	0.009999990903081469	0.009999990726082236	0.01359242142817929	0.9181227113710859	0.7970724375781801	0.01006685770622363	0.009999994749037969	0.01005217074134727	0.1087039313214551	0.01140178232261504	0.01156607635678687	0.009999994178062601	0.0100014130228767	0.01000060937701648	0.09218808037737461	-0.2243020415426546	0.009999991792868061	0.01000000086237865	0.009999991035447998	0.009999991124310322	0.009999990600423178	0.009999990224976583	1.000000005017015	0.5742803825697783	0.009999990069638755	0.009999990714444964	0.009999990526901245	0.1463939680706229	0.009999990610344053	0.009999991980709461	0.009999993343086506	0.009999990367475306	0.009999990776870644	0.0867034636549
0.1809523809523809	-0.5832312589165566	1.68163041015237	0.8797364751471268	0.9789248373797814	0.4992184940037332	0.4921705152724998	-0.7407533864156938	-0.3261153803239523	0.1712038418145737	0.0389624397486285	1.621707329797824	3.127445866162408	0.4671855178062729	-1.883521312542131	-3.593115790121067	-1.767506868199353	6.90467072295238	-1.891858270607723	-0.303374624939462	-5.593280403056916	0.05493275344881237	0.01100688610216745	0.01085685637435651	0.009999990947828004	0.009999990707789829	0.01305247269111248	0.9243835846824018	0.779188031340021	0.01005672839142595	0.009999994147375346	0.01004426606315313	0.1132415227745114	0.01119006497629162	0.01132963169515258	0.0099999940454938	0.01000119748257262	0.01000051564724559	0.09126811567228418	-0.2331697077706918	0.009999991428993008	0.009999998713432578	0.009999990949229546	0.009999991268248845	0.009999990609981191	0.009999990222727427	1.000000004739608	0.5562703629702612	0.009999990065927609	0.00999999083751477	0.009999990521898029	0.1441333369293908	0.009999990545554276	0.009999991970541572	0.009999993265340826	0.009999990359358939	0.009999990668263218	0.08338678282298023
0.1833333333333333	-0.5791794111863415	1.689092941829587	0.8808621688095191	0.9740866478743582	0.4905690171360971	0.4877574659357942	-0.7240913025170731	-0.3307529709971517	0.170403719538426	0.02540769873410164	1.783836461196873	3.141143966575528	0.4783060785634196	-2.182309967252619	-3.675021904995077	-1.941814356197262	7.090350645251479	-2.00249042175862	-0.3684924191902709	-5.793244603267195	0.04873839446773407	0.01085462826596971	0.01072724089868886	0.009999991021421838	0.009999990694428092	0.01259298900217184	0.9301640155473866	0.760135845852468	0.01004813035605306	0.009999993666571992	0.01003755643069249	0.1169729471686343	0.01101018009135542	0.01112871360764188	0.009999993923683746	0.01000101453364114	0.01000043608449738	0.09022322666315798	-0.2426052195548415	0.009999991229378379	0.009999997459648519	0.009999990885976313	0.009999991590419588	0.009999990628796841	0.009999990223943872	1.000000004285766	0.5097034659025546	0.009999990062834412	0.009999991105627373	0.009999990519452715	0.1428791172811691	0.00999999051035722	0.009999991979636373	0.00999999321936877	0.0099999903513252	0.009999990690896573	0.08287298115263006
0.1857142857142857	-0.5747273153031711	1.69658853963071	0.8820136894258107	0.9685245418441054	0.4817061176642241	0.4829125431879228	-0.7069951886127697	-0.3356452038888925	0.1694502382366883	0.01137297709439623	1.957915778280437	3.155221410242658	0.4888801590817655	-2.491611193399044	-3.772390777680107	-2.130280533578621	7.269255927725926	-2.105757734182361	-0.4321962064350131	-5.996464128206893	0.04333189924375427	0.0107253931629626	0.01061723688175085	0.009999991132761805	0.009999990685952455	0.01220239372776035	0.9355008113590039	0.7389014046898796	0.01004083761196837	0.009999993299490703	0.01003186545911564	0.1200695726720605	0.01085747478833506	0.01095813540738219	0.009999993813389608	0.01000085936394437	0.01000036860667574	0.08924474369308602	-0.2520407313389912	0.009999991029763752	0.00999999620586446	0.009999990822723077	0.009999991912590331	0.009999990647612492	0.009999990225160319	1.000000003831923	0.4631365688348478	0.009999990059741214	0.009999991373739974	0.009999990517007404	0.1416248976329474	0.009999990475160167	0.009999991988731175	0.009999993173396718	0.009999990343291461	0.009999990713529926	0.08235917948227987
0.1880952380952381	-0.5698463904897723	1.70411806391335	0.8831897436726144	0.9622135576829108	0.4725925135003418	0.4776018091869577	-0.68948139459422	-0.3407739188089237	0.1683478377543307	-0.003149861626468469	2.143219240698809	3.169569755159752	0.4988625520852219	-2.81033960476621	-3.884516636326192	-2.332187613266639	7.441107402845279	-2.201443590705005	-0.49333114552957	-6.203567963891492	0.03862831439086277	0.01061563216527921	0.01052381781626536	0.01153837273782648	0.009999990683202781	0.01187024247624728	0.940428791006969	0.7154814616187881	0.01003464741839795	0.009999993042399654	0.01002703491201277	0.1227991526960691	0.01072776587796373	0.01081323276099948	0.009999993715307954	0.01000072765686648	0.01000031133449237	0.08836598667715254	-0.2627199148816278	0.00999999090515958	0.009999995274144271	0.009999990776247952	0.02979554699426792	0.009999990687009845	0.009999990231347535	0.9999999972486997	0.4127941003027045	0.009999990057216872	0.009999991821265946	0.009999990517343203	0.1432308570181557	0.009999990452467189	0.00999999203684206	0.009999993159421705	0.009999990335901494	0.009999990718411598	0.08247881661851431
0.1904761904761905	-0.5645159942725851	1.711681684979016	0.8843885451207495	0.9551385241892104	0.4632013721753131	0.4717999755722028	-0.6715671707183192	-0.3461238914258741	0.1671033711304321	-0.01817185876495361	2.335471757462577	3.183862707984015	0.507987808200172	-3.133412632703812	-4.005521993043039	-2.542804209162117	7.605617007900666	-2.291614199594517	-0.5515317653295427	-6.415757199008072	0.03454964570615767	0.01052248755153318	0.01044454769405207	0.01581914914044444	0.009999990686853089	0.01158806579700859	0.9449791260980128	0.6898625989566388	0.01002939703761753	0.009999992892303928	0.01002293778024277	0.1253800497876996	0.01061768251882295	0.01069024533023685	0.009999993629997801	0.01000061594816934	0.01000026275975491	0.08761478627632427	-0.2733990984242644	0.009999990780555409	0.009999994342424082	0.009999990729772824	0.0495911020759455	0.009999990726407199	0.009999990237534751	0.9999999906654765	0.3624516317705611	0.009999990054692532	0.009999992268791918	0.009999990517678999	0.144836816403364	0.00999999042977421	0.009999992084952945	0.009999993145446695	0.009999990328511529	0.009999990723293269	0.08259845375474872
0.1928571428571429	-0.5587237967605007	1.719278957782797	0.8856077844315773	0.9472940926652577	0.4535175274168716	0.4654909845230958	-0.6532703671323141	-0.3516849012555495	0.1657240029061344	-0.03370097247906981	2.528345436888189	3.197635437135615	0.5158168945472575	-3.453141472630128	-4.126395151708787	-2.755110372126499	7.761475060048586	-2.380902752630258	-0.6064598456659324	-6.627183261711696	0.03102181758533879	0.01044339232376448	0.01037723877862743	0.0273751900701207	0.009999990699292688	0.01134823470988273	0.9374943455878406	0.662075283556796	0.01002494047710773	0.01146938008560941	0.01001946012547668	0.1281719815407997	0.01052419604322435	0.01058579384937909	0.009999993558979374	0.01000052113034859	0.01000022153076697	0.08699200347152274	-0.2811953504966171	0.009999990698910593	0.009999993678807622	0.009999990696612206	0.1354532516115117	0.009999990809356311	0.009999990252218345	0.6976479830033596	0.309622711889984	0.009999990052743123	0.02890788252711292	0.009999990521171193	0.1519471007341576	0.009999990414583129	0.009999992201550888	0.009999993176580815	0.009999990322265695	0.009999990725917288	0.0829774273331683
0.1952380952380952	-0.5524840098864524	1.726907515584153	0.8868431192931274	0.9387081761042408	0.4435638355116477	0.4586882018952258	-0.6346183511194934	-0.3574675649874341	0.164218694233997	-0.04972265972959073	2.711446821512137	3.21014210594654	0.5215080708071059	-3.756260063837619	-4.23219359634032	-2.957589135322948	7.903995446425681	-2.477803477450206	-0.6573217415149663	-6.82951896958805	0.02797890710732019	0.0103762812567978	0.01032013162252336	0.04925392121019946	0.009999990722439079	0.01114458054887018	0.9075197166840409	0.632130889517411	0.01002116055671827	0.01555944453656157	0.01001651049851351	0.1314717426113798	0.01044486869894014	0.01049715743737299	0.0099999935034727	0.01000044070952406	0.01000018656274707	0.08649821041360925	-0.2889916025689698	0.009999990617265775	0.00999999301519116	0.009999990663451587	0.221315401147078	0.009999990892305429	0.00999999026690194	0.3952959753412428	0.256793792009407	0.009999990050793713	0.04781577278543391	0.009999990524663384	0.1590573850649511	0.009999990399392044	0.009999992318148829	0.009999993207714938	0.009999990316019863	0.009999990728541309	0.08335640091158787
0.1976190476190476	-0.5458290175450683	1.734563698674489	0.8880887185729427	0.9294319809732984	0.4333890735142349	0.4514251416984976	-0.6156471027979671	-0.3634957381510413	0.1625976106277039	-0.06621940345689704	2.872930557543995	3.220558137388872	0.5241252833915906	-4.027717979029296	-4.305968542494129	-3.137081497970214	8.028012217060594	-2.589557136449149	-0.7038234983732302	-7.029332219391239	0.02535916532805943	0.0103192999368425	0.01027164661246363	0.0810587199380315	0.009999990770127273	0.01097155319909675	0.8663876500845008	0.5993484048035889	0.01001795215605881	0.02209866471053859	0.01001400686282009	0.1357291938927414	0.01037751118163254	0.01042189217856402	0.009999993465783806	0.01000037244859968	0.01000015688257088	0.08611118488990908	-0.2923938844069235	0.009999990559268482	0.009999992574331472	0.00999999064091054	0.3395467073018454	0.009999991174732513	0.009999990299644384	0.3415947112455732	0.1844451476227509	0.009999990049516077	0.07054233821957254	0.009999990531899884	0.1746802848901951	0.009999990391968619	0.009999992464337634	0.009999993299552451	0.009999990310930474	0.009999990728413661	0.08365114687707607
0.2	-0.5388310843157972	1.742241156464351	0.889335763305249	0.9195667850951713	0.423100356447353	0.4437797182475511	-0.5964080116410901	-0.3698163854299035	0.1608698441912579	-0.0832032248602254	2.999517167337259	3.228012853547304	0.5227222508996401	-4.251020691472685	-4.327915854694433	-3.278774268866233	8.128983428119991	-2.723481734264505	-0.7469353188433361	-7.23866421744657	0.02310900571867523	0.01027095746870691	0.01023051412369883	0.1221452211104791	0.00999999085346031	0.01082467427736221	0.8242253329893481	0.5630635231186502	0.01001523090409869	0.03091043910760668	0.01001188337623833	0.141310380762596	0.0103203627802292	0.01035803210720286	0.009999993447763356	0.01000031455222964	0.0100001317092739	0.08581228624557607	-0.295796166244878	0.00999999050127119	0.009999992133471785	0.009999990618369491	0.4577780134566127	0.009999991457159598	0.009999990332386828	0.2878934471499036	0.1120965032360948	0.00999999004823844	0.09326890365371115	0.009999990539136382	0.1903031847154392	0.009999990384545193	0.009999992610526436	0.009999993391389964	0.009999990305841089	0.009999990728286013	0.08394589284256429
0.2023809523809524	-0.5315837619100403	1.749932164902334	0.8905739433845196	0.9092401944636449	0.4128369151336163	0.435853614428837	-0.5769593919667428	-0.3764890505721992	0.1590435556328126	-0.100700474186794	3.078879619249622	3.231734283378587	0.516418882522824	-4.41095799467126	-4.279593740634517	-3.368874713154156	8.20295911464201	-2.887290366847834	-0.7847639294266004	-7.462052874069723	0.02117878006337732	0.01022991551112519	0.01019559456858332	0.1702381307735163	0.00999999103181989	0.01069991782423995	0.7787365464846936	0.5242577338558869	0.01001292111416787	0.04098035975642162	0.01001008097433933	0.1484827739620939	0.01027184274631484	0.01030381201497008	0.009999993453234001	0.01000026540993311	0.01000011034231718	0.08584865991429297	-0.296090195895431	0.009999990456516214	0.009999991857919558	0.00999999060007511	0.5839851900094803	0.009999992575152378	0.009999990409544239	0.1739566307989726	0.06104825066620803	0.00999999004789859	0.1083691761366973	0.009999990550782666	0.2135578316788024	0.009999990385699285	0.009999992661103324	0.009999993571764039	0.009999990301986663	0.009999990725570208	0.08814820397393133
0.2047619047619048	-0.5242142958157937	1.75762703423768	0.8917904716355258	0.8986210681888237	0.4027869629596164	0.4277864016406241	-0.5573696253032216	-0.3835926889938647	0.1571442213883892	-0.1187512273900752	3.102117865668582	3.231256007332339	0.5045347151578087	-4.496750631840214	-4.148584977315474	-3.397305803245193	8.247546899026027	-3.085499288935214	-0.8082936950648481	-7.703607473885213	0.01952624665952894	0.01019509861488225	0.01016597238623075	0.2240182429837631	0.009999991352861743	0.01059404019815862	0.7277960989046728	0.483800731972947	0.01001096204085092	0.051545354061636	0.01000855225332022	0.157453400597707	0.01023068054136651	0.01025781284827749	0.009999993485263536	0.01000022372924514	0.01000009221949516	0.08642511210012287	-0.296384225545984	0.009999990411761235	0.009999991582367329	0.00999999058178073	0.710192366562348	0.009999993693145158	0.00999999048670165	0.06001981444804148	0.009999998096321247	0.00999999004755874	0.1234694486196835	0.009999990562428949	0.2368124786421656	0.009999990386853378	0.009999992711680212	0.009999993752138114	0.009999990298132241	0.009999990722854405	0.09235051510529838
0.2071428571428571	-0.516864033637056	1.765315397734693	0.8929714840591092	0.8878951306865474	0.3931571207073889	0.419733739821394	-0.5377102958869193	-0.3912099879824594	0.1552112222600711	-0.1374082214931332	3.057106275001331	3.226077460352673	0.486224471896168	-4.494264680620221	-3.921025636181833	-3.350015305169156	8.260736178256133	-3.316172138519831	-0.8151706792469213	-7.97647326604277	0.01811259590471143	0.01016554156725082	0.01014082592848439	0.2801095489175338	0.0260583027194389	0.01050412720875301	0.6750922316155594	0.4438041126262939	0.01000929919197615	0.06277094204354804	0.01000725468946012	0.1682610669984647	0.01019573575756592	0.01021876079822098	0.009999993554307309	0.01000018835079979	0.01000007683650316	0.08703508443302524	-0.2819595862496712	0.009999990380066564	0.009999991431778165	0.009999990563201498	0.7999363184024978	0.2170866151740025	0.009999990720823271	0.03500990450353694	0.009999995127418752	0.009999990049237652	0.142359437934779	0.009999990579047073	0.2654583849237823	0.009999990396778376	0.009999992584832579	0.009999994120196091	0.009999990295761122	0.009999990717714324	0.08998091164405095
0.2095238095238095	-0.5097280568370723	1.77298506085933	0.894099677460003	0.8773091991832597	0.3842080641129118	0.411914494567147	-0.5180592322277731	-0.399398938591747	0.153263670027572	-0.1567735081491322	2.922118147515163	3.215547694536423	0.4601667360986765	-4.379145592689669	-3.576725024805105	-3.201235888659449	8.24060366301484	-3.565686650317188	-0.8205183025770798	-8.29857321835563	0.01690530556635448	0.01014046903334429	0.01011949527432274	0.336436341523786	0.06842605228792333	0.01042783350853708	0.6239651726464516	0.4063066345012054	0.01000788883352525	0.07478228204100877	0.0100061541547044	0.1809264805696066	0.01016609217436155	0.01018563233574392	0.009999993668756058	0.01000015834416738	0.01000006378862016	0.08725878086540967	-0.2675349469533581	0.009999990348371894	0.009999991281188999	0.009999990544622266	0.8896802702426476	0.4241732366548598	0.009999990954944893	0.009999994559032414	0.009999992158516255	0.009999990050916563	0.1612494272498746	0.0099999905956652	0.2941042912053989	0.009999990406703376	0.009999992457984946	0.009999994488254069	0.009999990293390004	0.009999990712574241	0.08761130818280355
0.2119047619047619	-0.5030382852816895	1.780622813352709	0.8951555339412194	0.8671512460916332	0.376233897258054	0.404591385319198	-0.4984976719308396	-0.4081940001983092	0.1512943968225151	-0.1769720301980039	2.680704633180338	3.199366499666788	0.4254039631714062	-4.133131258923536	-3.102484483323556	-2.931123080059808	8.184561765255177	-3.820108848724729	-0.8326313995591504	-8.677517714497068	0.01587468496418193	0.01011918525315024	0.01010138826597437	0.3915844854955309	0.1338741237365902	0.01036305284477898	0.5751763225467672	0.3711712155035579	0.01000669173402885	0.08948591708099277	0.01000522003464894	0.1955905280428472	0.01014092755144696	0.01015750888496161	0.009999993855573775	0.01000013287469875	0.01000005271263313	0.08740160440245823	-0.2292261055483327	0.009999990331782279	0.009999991238852809	0.009999990523993968	0.9448401358808538	0.712086622431384	0.009999990964324525	0.009999993141979182	0.009999991611735825	0.009999990057604092	0.2110163643313607	0.009999990618616452	0.3305426727983845	0.009999990422288189	0.009999992318628432	0.009999995294163741	0.009999990292218252	0.009999990702891376	0.08908555263556779
0.2142857142857143	-0.4970417744210995	1.788216339904241	0.8961189880229538	0.8577247824519716	0.3695252363349514	0.3980474932314234	-0.4791162963034822	-0.4175801414405773	0.1493037099825835	-0.1981394611315018	2.339779163889107	3.178397903384443	0.3825487205337313	-3.764694453038993	-2.513700042130695	-2.546693474113029	8.089248540570939	-4.062193544309996	-0.8385057558718506	-9.11245668144163	0.01499613726040494	0.01010113148277767	0.01008602940688246	0.4444792160658833	0.2192264936112078	0.01030809143627726	0.5294793242302673	0.3382883975706982	0.01000567640777812	0.1082776927047155	0.01000442775952222	0.2123583398579647	0.01011958149182774	0.01013365260660758	0.009999994136399929	0.01000011127256044	0.01000004331705178	0.0877165517004965	-0.1909172641433073	0.009999990315192666	0.00999999119651662	0.009999990503365674	1.00000000151906	1.000000008207908	0.009999990973704161	0.009999991724925951	0.009999991064955395	0.009999990064291619	0.2607833014128468	0.009999990641567704	0.36698105439137	0.009999990437873005	0.009999992179271916	0.009999996100073415	0.009999990291046498	0.009999990693208508	0.09055979708833201
0.2166666666666667	-0.4919605217682017	1.795755362292125	0.8969718930688764	0.8493037764145994	0.364331394988829	0.3925384853275509	-0.46001112004229	-0.4275138993275181	0.1473206965059977	-0.2204033977857801	1.927905195981666	3.154428487295988	0.3336705880547381	-3.306848281517254	-1.850784799129669	-2.080145865802969	7.951710887075671	-4.275065254433498	-0.8206307353323701	-9.595300394064902	0.01424731322266199	0.01008580638352778	0.01007299206163802	0.4933508290755259	0.3021343985944672	0.01026142866386195	0.486638191247315	0.3075596712596766	0.01000481461319157	0.133914305537373	0.01000375528932402	0.2294666422434897	0.01010146141080804	0.01011340141685352	0.009999994599353438	0.01000009293730547	0.01000003534337863	0.08793552316221813	-0.1788456222811535	0.009999990319694991	0.009999991350668494	0.009999990450342749	1.000000003865805	1.000000007856758	0.00999999064686136	0.009999991342575149	0.009999990859942813	0.00999999010921207	0.3684715638972502	0.009999990673024463	0.3773845328715713	0.009999990461323511	0.009999992230123255	0.009999998228140307	0.009999990296433199	0.009999990717326563	0.08831418986155726
0.219047619047619	-0.4878639776238698	1.803237654533544	0.8977068435375644	0.8419878970011105	0.3607040796223454	0.3881455000577752	-0.4412861903257633	-0.4379037958603234	0.1454273485244668	-0.2438601786552047	1.512624016693645	3.130744580354082	0.2834668756566511	-2.836388088977086	-1.197818219234243	-1.609234461471782	7.769841443052058	-4.445350006836145	-0.763186740025705	-10.1144458221644	0.01360985564627864	0.01007280742084184	0.01006193370105008	0.5366684617139933	0.3701808633318049	0.01022184238966938	0.4464671479683448	0.2789036721761568	0.01000408368487213	0.1682556936210033	0.01000318493586715	0.2455287574303816	0.01008609146881909	0.01009622363338792	0.009999995315152593	0.01000007738705547	0.01000002858416106	0.08783591881562086	-0.1667739804189997	0.009999990324197319	0.009999991504820366	0.009999990397319827	1.000000006212549	1.000000007505607	0.009999990320018561	0.00999999096022435	0.009999990654930234	0.00999999015413252	0.4761598263816537	0.009999990704481224	0.3877880113517725	0.009999990484774018	0.009999992280974592	0.0100000003562072	0.009999990301819901	0.009999990741444616	0.08606858263478245
0.2214285714285714	-0.4847003963900244	1.810666582664123	0.8983242756878017	0.8357404923058198	0.3585411494390433	0.384809619430369	-0.4230506566470397	-0.4486287101487085	0.1437299167456203	-0.2687218023085894	1.161124356453041	3.110101284321095	0.2356588712510748	-2.426795156042736	-0.6388637598684885	-1.212306871104924	7.537534785776732	-4.584461386624872	-0.6587999875133433	-10.40041414436431	0.0130671429893045	0.01006177343393076	0.01005254702212241	0.5754599733709571	0.4284601894801102	0.0101882357214662	0.4088009817165503	0.2522452583904083	0.04797858309892745	0.2105093782686009	0.01000270083229512	0.2595601545794159	0.01007304472419237	0.01008164219019018	0.009999997877091341	0.01000006418927109	0.01000002285009832	0.08663601836417269	-0.1041065083692184	0.009999990334892952	0.009999991797459574	0.009999990406336595	1.00000000678965	1.000000007058256	0.009999990258689176	0.00999999088783529	0.009999990597065711	0.5049999994927731	0.6068725258871202	0.009999990746706631	0.3759114619931574	0.00999999050599829	0.009999992415974874	0.01000002349655918	0.009999990310185078	0.009999990758064995	0.07132239472665733
0.2238095238095238	-0.4822570038468723	1.818050261768355	0.8988313274040378	0.8303585710153086	0.3575674873128337	0.3822802215974873	-0.4054430344949174	-0.4598340090881444	0.1423085674729367	-0.2916292750459178	0.9076655165112432	3.092735398222909	0.1907473110956407	-2.109382028962236	-0.1988330512765163	-0.9317889140711444	7.242395760706993	-4.848873113718911	-0.5312774348488439	-8.472959052677085	0.01260560865709959	0.01005241447893506	0.01004458533140899	0.6103946848018648	0.4791958206152409	0.01015972743682137	0.3735087931901923	0.227517737523169	0.1431496029458451	0.2601121563509272	0.01000229024474855	0.2707440685552843	0.01006197840175079	0.01006927405066074	0.01000000356383955	0.01000005299682534	0.01000001798927037	0.08367507732128507	-0.04143903631943714	0.009999990345588586	0.009999992090098778	0.00999999041535336	1.00000000736675	1.000000006610903	0.009999990197359792	0.009999990815446232	0.009999990539201189	1.000000008831414	0.7375852253925866	0.009999990788932036	0.3640349126345425	0.009999990527222561	0.009999992550975154	0.01000004663691117	0.009999990318550256	0.009999990774685373	0.05657620681853222
0.2261904761904762	-0.4802935816014316	1.82539622268109	0.8992356670256021	0.8256168238076499	0.3575091598126098	0.3802710928504013	-0.3886157046047318	-0.4718984927518534	0.1411817646088727	-0.3065874827824472	0.7541038159021249	3.078492798229477	0.1500571048494238	-1.887132477330124	0.1351104631447631	-0.7702393641450587	6.886530973765887	-5.268818945463536	-0.4211988079728817	-4.321813715438811	0.01221300022437566	0.01004447040710104	0.01003782730421759	0.6420347366992787	0.5240943968709305	0.01013552670064991	0.3404735587678352	0.2046566660563035	0.2277636583448271	0.3138257133397934	0.01000194175116492	0.279376597470862	0.0100525849704198	0.01005877555380496	0.01152024888962446	0.0100000434984958	0.0100000138636969	0.0802235645675989	-0.04450109737960444	0.009999990345456587	0.009999992219393536	0.009999990404276739	1.000000007441135	1.000000006949397	0.009999990189392393	0.009999990876271205	0.009999990548125809	0.733603642029568	0.8388354866491304	0.009999990851023481	0.3498820600303311	0.009999990546066748	0.009999992749705386	0.02956218333464074	0.009999990331981293	0.009999990761889899	0.05773237530459598
0.2285714285714285	-0.4786065349795133	1.832712708568282	0.8995514047310876	0.8213081932572656	0.3581407395756958	0.3785440335269685	-0.3726787459211897	-0.484845174455432	0.1402744691635042	-0.3133039987833941	0.675509992752461	3.0679763767675	0.1163217015894197	-1.745564036851613	0.3806890499037171	-0.6948505982023992	6.494483947126611	-5.589919467209434	-0.3468912031445574	-1.549937994787864	0.01187936344318262	0.01003773238844741	0.01003209528254905	0.6707859014372823	0.5641584440190045	0.01011499835887064	0.3096007269824785	0.183598893934267	0.2660000408584771	0.3695483591910363	0.0100016461848692	0.2856639178409829	0.01004461755360717	0.01004987080943674	0.01575089258854176	0.01000003544451632	0.01000001036264419	0.07735476992156778	-0.0475631584397718	0.00999999034532459	0.009999992348688291	0.009999990393200115	1.00000000751552	1.000000007287891	0.00999999018142499	0.009999990937096179	0.009999990557050429	0.4672072752277222	0.9400857479056742	0.009999990913114926	0.3357292074261196	0.009999990564910934	0.009999992948435616	0.04912432003237031	0.009999990345412331	0.009999990749094426	0.05888854379065975
0.2309523809523809	-0.4770246508594695	1.840008947055436	0.8997957779574578	0.8172431013034845	0.3592516463779498	0.376903935153073	-0.3577066778859695	-0.4983519447617519	0.1395141315636403	-0.3159718186571697	0.6602814842247667	3.061241250833791	0.08958192160092454	-1.677180001686163	0.5431371452016387	-0.6908085366703101	6.079504523632338	-5.745673678711739	-0.2932109375497668	-0.7626241504438553	0.01159572511521959	0.0100320130923189	0.010027229886042	0.6970013161758085	0.6002042641561034	0.01009757247927776	0.2808043903977648	0.1642803753205921	0.2774092350444866	0.4212521724557547	0.01000139531836051	0.2897506289220712	0.01003785466680688	0.0100423123027024	0.02228357593664383	0.01000002860946094	0.01000000738884657	0.07505490707054152	-0.02228953064546542	0.009999990327316154	0.009999992513929306	0.009999990340354462	1.000000007788894	1.000000007597172	0.00999999016136593	0.009999990909120423	0.009999990502984989	0.2927130118845347	0.9172509762928535	0.009999990935234356	0.3186497557664339	0.00999999055732652	0.009999993216501317	0.06962477982955646	0.009999990346182397	0.00999999073347585	0.06084889020485035
0.2333333333333333	-0.4754289621206313	1.847291844516976	0.8999809858484223	0.8132832084998948	0.3606826520824276	0.3752164857294883	-0.3437408609459204	-0.512157459061738	0.1388714715713216	-0.3172764635534132	0.6871058725397107	3.056769915250914	0.06662281984856926	-1.657196750691078	0.6495721277717327	-0.7346254799413278	5.649233027183084	-5.840864421889106	-0.2480420128065337	-0.4048710136608136	0.0113548197575099	0.01002716215274716	0.01002310318721764	0.7209535078591113	0.6327860049521175	0.01008279142201714	0.2540115488876723	0.1466331516414147	0.2700596283355562	0.4643901403017156	0.01000118254875128	0.2917360668080671	0.01003211852370965	0.01003590134767535	0.03076429189302659	0.01000002281241799	0.01000000486424516	0.07330943605478432	0.002984097148841158	0.009999990309307717	0.009999992679170323	0.00999999028750881	1.000000008062267	1.000000007906453	0.009999990141306869	0.009999990881144664	0.009999990448919551	0.1182187485413473	0.8944162046800328	0.009999990957353785	0.3015703041067481	0.009999990549742108	0.009999993484567021	0.09012523962674267	0.009999990346952462	0.009999990717857274	0.06280923661904095
0.2357142857142857	-0.4737460914718206	1.854565496303372	0.9001139731155766	0.8093411477196784	0.3623335928451903	0.3733985324786892	-0.3308062921615723	-0.5261404681413683	0.1383214236147486	-0.3179971166824398	0.7243117749721389	3.053049330168905	0.04503367060027857	-1.652847514391561	0.7392661984738793	-0.7897982614588603	5.217907731177094	-5.901052012544113	-0.2171093956374386	-0.2172509399589208	0.01115010685435143	0.0100230447856452	0.01001960043787089	0.7428856723777414	0.6623755757766479	0.01007024458531861	0.2291534840012082	0.1305863682487558	0.252783233544677	0.4977761115407579	0.01000100199132181	0.2926006488364984	0.01002724965208736	0.01003045985590152	0.04019851167502096	0.01000001790482051	0.01000000274747112	0.07204039264097552	0.01351402935344634	0.009999990430934814	0.009999994282007362	0.009999990373510676	1.000000007366524	1.000000007246653	0.009999990187549462	0.009999991249474644	0.009999990632184708	0.07752556099176856	0.805126190764123	0.009999991432588871	0.2995589717242559	0.009999990793330263	0.009999995834594259	0.1023464104643351	0.009999990511606129	0.009999991068190481	0.06463463589283439
0.2380952380952381	-0.4719903046088082	1.861829944874194	0.900195180403848	0.8054186336232635	0.3642127201014694	0.3714681939571659	-0.3188836670855161	-0.5402395582050141	0.137822802425797	-0.3183908648162528	0.7483554924689242	3.049039214169319	0.0231276375869644	-1.640777536298077	0.8412487823254856	-0.829029107349505	4.799200312217881	-5.938372448462233	-0.204843528004636	-0.130270817681391	0.01097630364353589	0.01001955280840088	0.01001662953870462	0.7629942548619651	0.6893227306481602	0.01005960231786917	0.2061663891569807	0.116062639017117	0.2327863838141951	0.520029633646647	0.01000084892336736	0.2931823093123135	0.01002312005070802	0.01002584488114691	0.04983891985040128	0.01000001376743872	0.0100000010053246	0.07118036171583764	0.02404396155805108	0.009999990552561915	0.0099999958848444	0.009999990459512541	1.000000006670782	1.000000006586854	0.009999990233792054	0.009999991617804625	0.009999990815449866	0.03683237344218986	0.7158361768482129	0.009999991907823955	0.2975476393417638	0.009999991036918421	0.009999998184621498	0.1145675813019276	0.009999990676259797	0.009999991418523688	0.06646003516662785
