inDegrees=no
num_controls=19
num_derivatives=0
num_input_controls=0
num_iterations=756
num_multipliers=0
num_parameters=0
num_slacks=0
num_states=38
objective=5.606317
objective_effort=0.154837
objective_met=5.451480
solver_duration=767.819866
status=Solve_Succeeded
success=true
DataType=double
version=3
OpenSimVersion=4.6-2026-06-22-85aaf64
endheader
time	/jointset/groundPelvis/pelvis_tilt/value	/jointset/groundPelvis/pelvis_tx/value	/jointset/groundPelvis/pelvis_ty/value	/jointset/hip_l/hip_flexion_l/value	/jointset/hip_r/hip_flexion_r/value	/jointset/lumbar/lumbar/value	/jointset/knee_l/knee_angle_l/value	/jointset/knee_r/knee_angle_r/value	/jointset/ankle_l/ankle_angle_l/value	/jointset/ankle_r/ankle_angle_r/value	/jointset/groundPelvis/pelvis_tilt/speed	/jointset/groundPelvis/pelvis_tx/speed	/jointset/groundPelvis/pelvis_ty/speed	/jointset/hip_l/hip_flexion_l/speed	/jointset/hip_r/hip_flexion_r/speed	/jointset/lumbar/lumbar/speed	/jointset/knee_l/knee_angle_l/speed	/jointset/knee_r/knee_angle_r/speed	/jointset/ankle_l/ankle_angle_l/speed	/jointset/ankle_r/ankle_angle_r/speed	/hamstrings_r/activation	/bifemsh_r/activation	/glut_max_r/activation	/iliopsoas_r/activation	/rect_fem_r/activation	/vasti_r/activation	/gastroc_r/activation	/soleus_r/activation	/tib_ant_r/activation	/hamstrings_l/activation	/bifemsh_l/activation	/glut_max_l/activation	/iliopsoas_l/activation	/rect_fem_l/activation	/vasti_l/activation	/gastroc_l/activation	/soleus_l/activation	/tib_ant_l/activation	/lumbarAct	/hamstrings_r	/bifemsh_r	/glut_max_r	/iliopsoas_r	/rect_fem_r	/vasti_r	/gastroc_r	/soleus_r	/tib_ant_r	/hamstrings_l	/bifemsh_l	/glut_max_l	/iliopsoas_l	/rect_fem_l	/vasti_l	/gastroc_l	/soleus_l	/tib_ant_l
0	-0.48365735799891	0.9723950913792093	0.8834325955287348	0.2314112029096706	1.272653618296218	0.3582631290479684	-0.4785431975432944	-1.036775731917773	-0.3499123748850154	0.3079769541835736	1.310005662957347	4.584412855647628	0.07648219878421562	-0.05558093961588712	-3.379334177708774	-1.462134850975857	-3.768776614824882	4.974857225447978	0.9199602409313549	0.5343761616333946	0.8752861600139634	0.01195737432685733	0.9371485578735909	0.0106836832659124	0.01126864828440468	0.9034869816734401	0.01000280773090298	0.01000000059034705	0.1337226305947853	0.01132426962668078	0.0294103387514075	0.01053928867880195	0.9571075776144641	0.9197923619791213	0.0205696550691408	0.1455526807642836	0.09120458747044377	0.2442041766647594	1.257997465479971	0.7597280112279101	0.009999990779514059	1.000000000155037	0.009999992631280897	0.009999993367834277	1.000000005448182	0.009999990578666393	0.009999991755618279	0.1604513520597925	0.009999990275099629	0.01000000029747629	0.009999990285522037	1.000000009510313	1.00000000937708	0.009999990543839278	0.009999990526362907	0.009999990259882123	0.1777531753402432
0.002345323644875458	-0.4805641003154116	0.9831501670056616	0.8836025146681641	0.2314256341388878	1.264326697811082	0.3548150445724348	-0.4873622784471534	-1.024710282676696	-0.3474415120262144	0.3092704637563033	1.327330604547581	4.587114348397915	0.06836390205756511	0.06789159885560463	-3.721375776021914	-1.47761085193601	-3.750966836956629	5.316569938686866	1.190112323855979	0.5679844957513674	0.8653990548230324	0.0116660904421917	0.9418812298069342	0.01058165053345486	0.01107956478035195	0.9107677465764116	0.01000238665051844	0.009999999239445631	0.1369232669802165	0.01112692036370432	0.02662978557313179	0.01045877872550914	0.960335071503439	0.9258370503744905	0.01902639949915137	0.1298335617897339	0.08089656664197185	0.2379652466558461	1.248844357185288	0.7292702134539057	0.009999990596726184	1.000000001846079	0.009999991940301645	0.009999992640631049	1.000000006313197	0.009999990441934956	0.009999991358784826	0.1613705674822491	0.00999999021193068	0.009999999242646062	0.009999990218014763	1.000000009617908	1.000000009514402	0.009999990405539748	0.009999990400734824	0.009999990191446529	0.1876741210288825
0.004690647289750915	-0.4774335348147449	0.9939117235820232	0.8837530118932647	0.2317296784973683	1.255198713139045	0.3513352053982416	-0.4961338005972956	-1.011825919573291	-0.3443158230166272	0.3106379158581614	1.341820305895653	4.589939555490096	0.05991995214394361	0.1913897758298697	-4.062450291470779	-1.489214012292457	-3.728220375330373	5.673194842192044	1.478370294244906	0.5974314497936773	0.8539515276913238	0.0114180686470094	0.9462565158123236	0.01049485293548821	0.01091864538036526	0.9174958133316207	0.01000202860433597	0.009999998031412796	0.1398405786144556	0.01095895964609909	0.02423377679687778	0.01039029757091352	0.9633193290390594	0.9314241776013402	0.01770433071034835	0.1155884807115878	0.07172666311967221	0.2333353952982281	1.239691248890603	0.6988124156799014	0.009999990413938306	1.00000000353712	0.009999991249322396	0.009999991913427817	1.000000007178211	0.009999990305203519	0.009999990961951373	0.1622897829047056	0.009999990148761731	0.009999998187815837	0.00999999015050749	1.000000009725503	1.000000009651724	0.009999990267240216	0.00999999027510674	0.009999990123010939	0.1975950667175218
0.007035970934626372	-0.4742711324923418	1.004680109412054	0.8838833440852941	0.232321991507292	1.245270990845211	0.3478313468812431	-0.5048472091965608	-0.9980880033679621	-0.3404789463659634	0.3120640705089062	1.354940526491577	4.592958775122518	0.05116698841871198	0.3132072377142097	-4.403737051495442	-1.498623357774344	-3.702275458316682	6.0442687567404	1.806886437148177	0.617494553665771	0.8413497337927003	0.01120678550964407	0.9503019215343814	0.01042096940878041	0.01078161955305613	0.923714374478768	0.01000172394663587	0.009999996977525131	0.1427104622511053	0.01081593322663516	0.02217200423085661	0.01033201046033448	0.9660789620908287	0.9365892066086363	0.01657234891454114	0.1027399465012159	0.06360484898608619	0.2326575833746322	1.254149424035687	0.6759693377538374	0.009999990423411756	1.000000002141068	0.009999991164215303	0.009999992007276044	1.000000006671962	0.009999990308988967	0.009999990998071105	0.1665441300995417	0.009999990152970099	0.01000000597046707	0.009999990152001342	1.0000000097085	1.000000009631751	0.009999990258793317	0.009999990259773255	0.009999990114248583	0.2547716818609438
0.00938129457950183	-0.4710780421064525	1.015455867058914	0.8839927590773751	0.2331964577523845	1.234541326334203	0.3443062346126142	-0.5135000696883008	-0.9834635626591887	-0.3357778820667409	0.3135285357751456	1.367989882579266	4.596225951694256	0.04208258458560331	0.431998986234694	-4.746315155005236	-1.507338377922576	-3.676587324465384	6.42918816139267	2.215315619847907	0.630101239805998	0.8279592864294855	0.01102695354655403	0.9540421486843333	0.01035812669930641	0.01066503388027745	0.9294620406083054	0.0100014649106157	0.009999996086862539	0.1457285971183122	0.01069423844816307	0.0204013644956734	0.01028243734665319	0.9686307143194898	0.9413639181239238	0.01560452727225674	0.0912045874548911	0.0564413338997855	0.2379319735054765	1.26860759918077	0.6531262598277734	0.009999990432885204	1.000000000745015	0.009999991079108211	0.009999992101124271	1.000000006165712	0.009999990312774418	0.009999991034190836	0.1707984772943778	0.009999990157178468	0.0100000137531183	0.009999990153495193	1.000000009691498	1.000000009611778	0.009999990250346419	0.009999990244439773	0.009999990105486228	0.3119482970043659
0.01172661822437729	-0.4678532636564094	1.026239626896368	0.8840804853638463	0.2343447550667661	1.223005626583815	0.3407601369967814	-0.5220949075399832	-0.9679205298703145	-0.3300048683592207	0.3150161898500597	1.382245120649256	4.599796471939943	0.03266885144586104	0.5465172139224004	-5.09136309457428	-1.516843863670577	-3.653226441576414	6.827540364795094	2.722107674002068	0.6385435117799241	0.8139203447768822	0.01087380950287249	0.9575006158167323	0.01030464013594231	0.01056578016153682	0.9347753469498978	0.01000124450604241	0.00999999533041143	0.1490723984705739	0.01059063261791382	0.02115492699940648	0.01024024747405067	0.9709904710315838	0.945778415748292	0.0147772400405544	0.08089656662898011	0.05014741552837671	0.2484183306918101	1.253784607689602	0.6324795359279252	0.009999990422558811	0.9999999969555459	0.009999990958645273	0.009999992041358876	1.000000004410139	0.009999990300818691	0.009999991017987835	0.1783987399334072	0.009999990152295822	0.04031944523565621	0.009999990146444367	1.000000009690986	1.000000009613683	0.009999990231992438	0.009999990219588587	0.00999999009426312	0.3677626665974223
0.01407194186925274	-0.4645931492136079	1.037032148221513	0.8841457246118096	0.23575666234539	1.21065725801622	0.3371902732826017	-0.530638286064661	-0.9514274723745684	-0.322941778721703	0.3165238669340907	1.398123031013252	4.603697404693462	0.02290652028663292	0.6567952226249416	-5.439327242256609	-1.527605174276077	-3.632704829086137	7.239331963036191	3.315441764754461	0.6471760765011836	0.799358829794024	0.01074349957477397	0.9606983727585481	0.01025915094434218	0.01048134787769732	0.9396870246224933	0.01000105710434532	0.009999994684810075	0.1528890750861725	0.01050249622967547	0.02619664813602418	0.01020436789916033	0.9731725286916763	0.9498597172080804	0.01407097150002879	0.07172666311468774	0.04463815412025921	0.2633752370449401	1.238961616198435	0.6118328120280769	0.00999999041223242	0.999999993166077	0.009999990838182333	0.00999999198159348	1.000000002654565	0.009999990288862963	0.009999991001784834	0.1859990025724366	0.009999990147413174	0.0706388767181941	0.009999990139393542	1.000000009690474	1.000000009615587	0.009999990213638453	0.009999990194737402	0.009999990083040014	0.4235770361904788
0.0164172655141282	-0.4612943839159168	1.047834198900111	0.8841875799076581	0.2374233347603151	1.197490098598929	0.3335943190259648	-0.5391376552437263	-0.933953310262477	-0.3143958254083278	0.3180537355011931	1.41395008267459	4.607856098992992	0.01257360447243124	0.7656581866050018	-5.786715383268142	-1.537653710935328	-3.616640041189709	7.66036095628407	3.981094850420618	0.6562722124857536	0.7843237837792391	0.01063255458537286	0.9554686327898909	0.01022043749282978	0.01040947860496865	0.9345880564972455	0.01000089765006651	0.009999994135007724	0.1569660939291922	0.01042747267804265	0.03882539252194356	0.01017383410541153	0.9751904530948405	0.9536334300409763	0.01346800519419618	0.06360484899067975	0.03983126874004272	0.2818516929244067	1.26735104437793	0.5915442077278608	0.009999990412013842	0.7850199124906042	0.009999990748889897	0.009999991903709822	0.7469836051638701	0.009999990282793626	0.00999999101079352	0.1910270294590528	0.00999999014386641	0.1562334275408412	0.009999990134016742	1.000000009685201	1.000000009612205	0.00999999020114915	0.009999990178993277	0.009999990075639993	0.47320444064728
0.01876258915900366	-0.4579654261519305	1.058645921705891	0.8842037065231981	0.2393536324123649	1.183525048440252	0.329983450815073	-0.5476093120238396	-0.9155028652546967	-0.3042262005062976	0.3195967503245836	1.42386998185396	4.611945415329135	0.0009661110261708217	0.8816044831299085	-6.11973716617432	-1.540323209407426	-3.609072782385209	8.071867718024196	4.70004520078994	0.6583866881511431	0.7688588403397397	0.01053817142725285	0.9344649280119181	0.0101875149284967	0.01034834975856435	0.9108412524619608	0.01000076207253366	0.009999993668885512	0.1611269950132565	0.01036365995621617	0.06116118466150714	0.01014786871995257	0.9770564567025048	0.9571225611725734	0.01295380648375899	0.05644133391203184	0.03565079597788731	0.3030441142822561	1.295740472557425	0.5712556034276445	0.009999990411795261	0.5700398318151314	0.00999999065959746	0.009999991825826164	0.4939672076731749	0.009999990276724288	0.009999991019802205	0.1960550563456689	0.009999990140319647	0.2418279783634884	0.009999990128639941	1.000000009679928	1.000000009608824	0.009999990188659847	0.009999990163249152	0.009999990068239968	0.5228318451040812
0.02110791280387912	-0.4546241795983613	1.069466895094182	0.884190575808426	0.2415701759866408	1.168806733956137	0.3263794860183478	-0.5560764159948303	-0.8961150080771564	-0.2923205827588704	0.3211330839528137	1.423971473025218	4.615705965147585	-0.01246079955768526	1.010504247736832	-6.42734806566366	-1.531283484207022	-3.613149077860459	8.456646741442054	5.457130734268741	0.6522277781590938	0.7531870982471777	0.0104578280874645	0.9053310070101516	0.01015949796016343	0.01029632232350539	0.8778423094635331	0.01000064671402727	0.00999999327135802	0.1657110095904827	0.01030934756012663	0.08906213736912398	0.01012577302914383	0.9787821292009149	0.9603489262370082	0.01251521757351367	0.0501474155469772	0.03202438287820132	0.327164908269628	1.265245839560195	0.5560437790559221	0.009999990418117831	0.5243571479075292	0.009999990589512352	0.009999991712900677	0.4506009919900787	0.009999990272151886	0.009999990999230752	0.2071760018048255	0.009999990136212666	0.3013924723169284	0.00999999012327508	1.000000009672929	1.000000009611434	0.009999990179311274	0.009999990152156765	0.009999990063005601	0.5851938775948283
0.02345323644875458	-0.4512928446336094	1.080296334767034	0.8841438626370063	0.2441025918165436	1.153395932255223	0.3228087756643538	-0.5645657994641498	-0.8758577152938284	-0.2786074662361855	0.3226584164658922	1.41541776773076	4.619165130679727	-0.02767169060167738	1.150967951423244	-6.710263099183465	-1.511965125179894	-3.628071864560809	8.81328829568084	6.241409250231165	0.6490053687109969	0.7375105843355961	0.01038948872040471	0.8749301260816631	0.01013567312471455	0.01025207440993415	0.8440178176206604	0.01000054862934292	0.009999992930278475	0.1709990110502724	0.01026315584411484	0.1195748301212378	0.01010698403877557	0.9803779062550586	0.9633321403049243	0.01214149818380842	0.04463815414449029	0.02888727053400393	0.3543858119173754	1.234751206562966	0.5408319546841994	0.009999990424440396	0.478674463999927	0.009999990519427246	0.009999991599975189	0.4072347763069825	0.009999990267579487	0.009999990978659296	0.2182969472639821	0.009999990132105684	0.3609569662703684	0.009999990117910217	1.000000009665931	1.000000009614044	0.009999990169962699	0.009999990141064377	0.009999990057771238	0.6475559100855756
0.02579856009363003	-0.4479883804395281	1.091133680829412	0.8840596136350819	0.2469737683719231	1.137346524268883	0.3192915356783488	-0.5731007795268108	-0.8547963914770931	-0.2630393867529522	0.3241890378807379	1.406199171514035	4.622637667003132	-0.04412299588811869	1.293524747692627	-6.976997009813096	-1.491723956405068	-3.650932581979537	9.139462132711916	7.027041705959428	0.6597945277157958	0.731347329447431	0.01033132233683372	0.8427384148588793	0.01011539917278284	0.01021441757196482	0.8093895973099489	0.01000046517234851	0.009999992636818625	0.1768269601532242	0.01022384439365477	0.1581870239224988	0.01009099577539526	0.9818536922199069	0.9660908086531677	0.01182294537282531	0.03983126876928358	0.02617862824185592	0.3813571439035844	1.183608597294512	0.7704159764400755	0.00999999043812503	0.4171901660008681	0.009999990480935078	0.009999991547497467	0.3635737111152985	0.009999990265141392	0.009999990955730804	0.2281974521200489	0.00999999012628733	0.5222612813832399	0.009999990112793193	1.000000009659752	1.000000009585883	0.009999990163093707	0.009999990134528297	0.009999990054488215	0.6481996241670234
0.02814388373850549	-0.4446795072284376	1.101980150607111	0.8839371296820235	0.2501516070009386	1.120664822551523	0.3157913386254144	-0.5816943587134799	-0.8330229971376695	-0.2456807865192449	0.3257699129067332	1.419177604475544	4.626945477191899	-0.06027695701569203	1.412477337819504	-7.249458388840782	-1.497431580431883	-3.678042898738354	9.420514103721512	7.768295106165151	0.6918596769081293	0.7433421442247752	0.01028185193270201	0.8082713941471974	0.01009815944199972	0.01018239374209409	0.7739689059894488	0.01000039421237435	0.00999999238386997	0.1830585484598395	0.01019041319476188	0.2085349434522459	0.01007740062490201	0.9832184065911652	0.9686416690289729	0.01155166829160523	0.03565079601161776	0.02384536840414482	0.4053941770943105	1.132465988026059	0.9999999981959514	0.009999990451809661	0.3557058680018093	0.009999990442442912	0.009999991495019745	0.3199126459236145	0.009999990262703295	0.009999990932802311	0.2380979569761158	0.009999990120468979	0.6835655964961116	0.009999990107676169	1.000000009653573	1.000000009557722	0.009999990156224716	0.009999990127992218	0.00999999005120519	0.6488433382484711
0.03048920738338095	-0.441299928606222	1.112838163206854	0.8837780745030522	0.253565700399028	1.103324357043948	0.3122305230733777	-0.5903558076719227	-0.8106549122027724	-0.2266677148663098	0.3274518121182202	1.465219905916929	4.632381288418654	-0.07537967300748076	1.497362113087145	-7.537196883563801	-1.542021519409547	-3.710170800868038	9.646064602008893	8.42793913943083	0.7429197645781294	0.7631271706585836	0.01023974949640063	0.771932592457503	0.01008348960739294	0.01015514171727946	0.7383160067767816	0.0100003338350981	0.009999992167920352	0.1894595436780631	0.01016196332213315	0.2673089490663093	0.01006583228488141	0.9844805152789851	0.9710006011315848	0.01132054890740407	0.03202438291605454	0.02183817061530915	0.4251589843710503	1.153530567838241	0.99999998845963	0.009999990474928687	0.3013730925340889	0.009999990417193119	0.009999991480111775	0.2904639772696553	0.009999990262686095	0.009999990945044973	0.2447777250775129	0.009999990114038666	0.8417827965727357	0.009999990102507208	1.000000009646386	1.000000009540523	0.009999990150065611	0.009999990125103825	0.009999990049357754	0.6094113470655922
0.0328345310282564	-0.4377953005720349	1.123709202941781	0.8835834535350591	0.2571678614801141	1.085313367969633	0.3085445193277085	-0.5991071700574723	-0.7878144543642259	-0.2062297609801521	0.3292571349396043	1.525814837460186	4.638054507036159	-0.09060606668843327	1.572854080200118	-7.821254582686813	-1.604187160972758	-3.754717542174589	9.823335185307949	8.983378778165816	0.7971104896621012	0.7813135038875747	0.01020394430006047	0.7340703363467156	0.01007101562251144	0.01013196746387799	0.7029367683957599	0.01000028249910554	0.009999991986141791	0.1958367559124665	0.01013777031496769	0.3325054226125326	0.01005599570167936	0.9856476432060296	0.9731818963898486	0.01112381422738863	0.02888727057575014	0.020114844412987	0.4394721488261517	1.174595147650423	0.9999999787233087	0.009999990498047711	0.2470403170663685	0.009999990391943325	0.009999991465203806	0.2610153086156962	0.009999990262668897	0.009999990957287633	0.2514574931789099	0.009999990107608353	0.9999999966493597	0.009999990097338245	1.000000009639199	1.000000009523324	0.009999990143906509	0.009999990122215432	0.009999990047510321	0.5699793558827133
0.03517985467313187	-0.4341492737860355	1.134592989662828	0.8833518326701327	0.2609590317434569	1.066658692701812	0.3047125749413043	-0.6079838542776235	-0.7646070692117287	-0.1846229386720978	0.3311734531118592	1.576948047668168	4.64289018895631	-0.1075150160283448	1.669084142889973	-8.077502323112517	-1.656182068090311	-3.818755404560335	9.964335216329626	9.425230882475873	0.8336587604897187	0.7871205462146744	0.01017347381925613	0.6951002977940451	0.01006040135588975	0.01011224720231419	0.668137750077309	0.01000023881959991	0.009999991833765745	0.2022812791941037	0.01011718303492578	0.3952483593513867	0.01004762574006531	0.9867270278731726	0.9751991158255437	0.01095626234947244	0.02617862828732895	0.01863652687108461	0.4500329945844871	1.186381045558328	0.7176609811625951	0.009999990534018401	0.2022377232006758	0.00999999037734167	0.009999991511743758	0.2410634057454071	0.009999990266617546	0.009999990975619056	0.2597305520168154	0.009999990101495212	0.9999999985666188	0.009999990092425914	1.000000009627707	1.000000009517675	0.009999990138058943	0.009999990121859011	0.009999990046597034	0.5537724509576293
0.03752517831800732	-0.4304285343122924	1.145485854423617	0.8830763058565358	0.2650390541776333	1.047467893670457	0.3008104888564113	-0.6170373582170942	-0.7410878304576435	-0.1620983215054359	0.333151624819487	1.589526886675166	4.645795903207273	-0.1280473373346648	1.819175880148544	-8.278439896710234	-1.664001249865825	-3.905502462376081	10.08927170308406	9.76603822954937	0.8498567581850521	0.770939073642553	0.01014756228828781	0.6553857689189501	0.01005137606443984	0.01009547835457303	0.6342030124748675	0.01000020168154207	0.00999999170695259	0.2088686178364047	0.01009967684681625	0.4493573122858651	0.01004050885718222	0.9877251883420082	0.9770644676096333	0.01081368268133832	0.02384536845323514	0.01737048344887194	0.4582226933664223	1.198166943466233	0.4353219836018815	0.009999990569989091	0.1574351293349832	0.009999990362740017	0.009999991558283711	0.221111502875118	0.009999990270566195	0.009999990993950481	0.268003610854721	0.009999990095382071	1.000000000483878	0.009999990087513585	1.000000009616215	1.000000009512026	0.009999990132211378	0.00999999012150259	0.00999999004568375	0.5375655460325454
0.03987050196288278	-0.4267407515439845	1.156382702253943	0.882747215451905	0.2695526371534487	1.02788599413006	0.2969621680829872	-0.6263208026659101	-0.7172791167622873	-0.1388822828148771	0.335152591230109	1.548966797672982	4.646333285001015	-0.1531827558984919	2.037696607189028	-8.411778886451312	-1.610407978085578	-4.013328118006281	10.21348912974579	10.01876205003244	0.856027455236276	0.7433439784705703	0.01012551243915184	0.6150030039354892	0.01004369646134007	0.0100812092589311	0.6016554611211432	0.01000017008315015	0.009999991601844912	0.2155244177911165	0.01008478026012682	0.4969754326594115	0.01003445317109847	0.9886483126467391	0.9787895373585013	0.01069228418018312	0.02183817066798465	0.01628675685176106	0.4641950501735509	1.221956110927892	0.3825645682786761	0.009999990624359197	0.1152598160295708	0.009999990359353676	0.009999991680945239	0.2167880273989479	0.009999990279102011	0.009999991013049091	0.27523841741557	0.009999990090486143	1.000000001532354	0.009999990083013124	1.000000009600076	1.000000009499801	0.009999990127209413	0.009999990123484492	0.00999999004556776	0.5191363875381124
0.04221582560775823	-0.4231924415797172	1.167278874325564	0.8823549900216467	0.2746340668218621	1.00805087449574	0.2932908173616818	-0.6358731282813047	-0.6931817200587518	-0.1151644774013434	0.3371647832021692	1.470589950746949	4.645219642692428	-0.1818864104753097	2.30341326362333	-8.49437605927525	-1.513088131750557	-4.134793773335297	10.33544924775689	10.19392520717075	0.8594294766136625	0.7137117220932601	0.01010676244327856	0.5740050035561939	0.01003716660493131	0.01006907607465046	0.570991086397198	0.01000014321778911	0.009999991515336723	0.2221870596533035	0.01007211345335639	0.5392948718421551	0.01002930414920594	0.989501974882613	0.9803847570766383	0.01058900266869929	0.02011484446928135	0.01536040884779949	0.4680682527554575	1.245745278389551	0.3298071529554708	0.009999990678729304	0.07308450272415849	0.009999990355967334	0.009999991803606766	0.2124645519227778	0.009999990287637825	0.009999991032147703	0.282473223976419	0.009999990085590216	1.00000000258083	0.009999990078512662	1.000000009583937	1.000000009487576	0.009999990122207449	0.009999990125466396	0.009999990045451771	0.5007072290436795
0.04456114925263369	-0.4198608919052085	1.178171011292775	0.8818920391614625	0.2803786038953713	0.988069130673945	0.2898857923606267	-0.6457213519662421	-0.6688028956526065	-0.09112002509766107	0.3391874475405737	1.365443903299668	4.642966151859333	-0.2134030860224901	2.601077816097663	-8.538602828456973	-1.384803418601766	-4.264719334560731	10.4544006976561	10.29961284341083	0.867060057885544	0.6783778936876167	0.01009080737575816	0.5327551122055019	0.01003161043073522	0.01005875183970168	0.5430561288780282	0.0100001203607046	0.009999991443957561	0.2294296164177457	0.01006133510445197	0.5772723537273938	0.01002492293809074	0.9902914662293001	0.9818600276465008	0.01050108088320451	0.01863652693115632	0.01456872816358758	0.469979131100944	1.277343583958897	0.179245449374423	0.009999990760484219	0.04154226823065234	0.009999990365576528	0.009999991955157382	0.2323506579527325	0.009999990300540416	0.009999991043138333	0.3005194051461207	0.00999999007991428	1.000000003139763	0.009999990074534879	1.000000009562525	1.000000009471167	0.009999990118150805	0.009999990130138697	0.009999990046167645	0.4807882947037711
0.04690647289750915	-0.416810990022307	1.189056446577265	0.8813516312498935	0.2868618949270356	0.9680305793112336	0.2868223058169477	-0.65588368112454	-0.6441412580841228	-0.06690247683227604	0.3412395522149058	1.23041176278328	4.639504710568043	-0.2479387453452095	2.933393658669715	-8.542819301674053	-1.221837533461165	-4.402650599020419	10.57662121816394	10.34153465295527	0.8845350401822627	0.6339298913107709	0.0100772404676225	0.4915829162366343	0.01002688614699427	0.0100499731990795	0.5186575435424928	0.01000010092832441	0.009999991384913007	0.2377289965726105	0.01005217028805818	0.6115377793503485	0.01002119771767762	0.9910215531095276	0.9832242654391297	0.01042629254854409	0.01737048351298243	0.01389297475133735	0.4700378648369688	1.308941889528243	0.02868374579337532	0.009999990842239136	0.01000003373714619	0.009999990375185725	0.009999992106707996	0.2522367639826872	0.009999990313443008	0.009999991054128963	0.3185655863158224	0.009999990074238347	1.000000003698696	0.009999990070557095	1.000000009541113	1.000000009454757	0.009999990114094163	0.009999990134810998	0.00999999004688352	0.4608693603638628
0.04925179654238461	-0.4141150231536904	1.199932307782218	0.8807265404570741	0.2941669810797496	0.9480299822833795	0.2841843265628495	-0.6663785234007055	-0.6191838177433565	-0.04265667181701308	0.3433474842189802	1.065431279396581	4.634888734042584	-0.2854787285831157	3.299396624862438	-8.508811308716771	-1.024025390216515	-4.547636627090252	10.7080979004645	10.32546043844794	0.9136568558974956	0.5862964253180699	0.01006569617697752	0.4516885486849425	0.01002286634967865	0.01004250352173127	0.4994778463238124	0.01000008439623628	0.009999991334375243	0.2463276953588149	0.01004437195874241	0.6426220032496466	0.01001802801548919	0.9916967601038845	0.9844859333998991	0.01036263521757438	0.01628675692036385	0.01331614384729854	0.4682231469823779	1.354035961424708	0.0193418695617513	0.009999990962699169	0.01000001714196713	0.009999990403742045	0.009999992497345064	0.3172406377986452	0.009999990329535871	0.009999991039816558	0.3247223179541341	0.009999990068851891	1.000000004038807	0.009999990067108975	1.00000000951298	1.000000009431825	0.009999990110885587	0.009999990143336903	0.00999999004865592	0.4366358435155775
0.05159712018726006	-0.4118283052101614	1.210796538511134	0.8800108411682739	0.3023536770034395	0.9281379498099523	0.2820363300759843	-0.677218311959159	-0.5939039990050831	-0.01851101935950575	0.3455281501972851	0.8814203338333324	4.62958669685398	-0.3252061162503843	3.685195886820416	-8.450239708521414	-0.8039994510253535	-4.696807256709739	10.85153286902412	10.25612848057095	0.9465597201358754	0.5409324927705056	0.01005588006298342	0.4142480214977146	0.01001944844018351	0.01003615222776523	0.4870769190214357	0.01000007034218352	0.009999991289262109	0.2545959146335449	0.01003774114694262	0.6709107129739676	0.01001533292308925	0.9923211631896931	0.9856526537827962	0.01030849329840812	0.01536040892150435	0.01282429586157822	0.4645080611499277	1.399130033321173	0.009999993330127287	0.009999991083159203	0.01000000054678808	0.009999990432298362	0.009999992887982131	0.3822445116146032	0.009999990345628738	0.009999991025504154	0.3308790495924457	0.009999990063465436	1.000000004378917	0.009999990063660856	1.000000009484847	1.000000009408892	0.009999990107677012	0.009999990151862811	0.00999999005042832	0.4124023266672923
0.05394244383213552	-0.4099860536096793	1.221647963204849	0.8792001000170577	0.3114565380741743	0.9083993655392113	0.2804196026535139	-0.6884105156508168	-0.5682684620839482	0.005412783432892266	0.3478082456114693	0.6893703433328348	4.624151392771053	-0.3662933845413045	4.076837719488454	-8.383163249317063	-0.5742704079169616	-4.847306412127738	11.01470614752575	10.13709817232657	1.01728694935194	0.4980081835985783	0.01004752754131976	0.3791255473293949	0.01001654023335639	0.01003074817795621	0.4915010987563037	0.01000005838629658	0.009999991245077906	0.2706460893161843	0.01003209906708191	0.6967403299020414	0.01001303974380326	0.9928986315840344	0.9867316615562199	0.01026241407143479	0.01456872824335645	0.01240481579332858	0.4588414294842345	1.463432011859086	0.009999992337864192	0.009999991244663962	0.009999998729887731	0.009999990495989588	0.009999994915866183	0.6911222594341113	0.00999999035858525	0.009999990963349581	0.4942054997895409	0.009999990058959463	1.000000004596477	0.009999990060734114	1.000000009446222	1.00000000937559	0.009999990105170232	0.00999999016705377	0.009999990053759369	0.3833468211980882
0.05628776747701097	-0.4085956934468851	1.232487124424335	0.8782920724424336	0.3214742024185612	0.888810268956498	0.2793445620549929	-0.6999545727909745	-0.5422132303713025	0.02900075486755495	0.3503912148701445	0.4960650429546735	4.619128887113098	-0.4081681616982482	4.465304231910381	-8.32276247240142	-0.3420701773125538	-4.996854074784355	11.2094321230806	9.969744672972263	1.20483865332522	0.4577219034404511	0.0100404255129544	0.3462125496746944	0.01001406749498416	0.01002615354769604	0.5214881729607315	0.01000004822270458	0.009999991198202697	0.301002458062665	0.01002730173560511	0.7203715573869781	0.01001108993809372	0.9934326509570334	0.9877294735016643	0.01022322611518711	0.01389297483841728	0.0120474124990339	0.4511686893158949	1.527733990396999	0.009999991345601098	0.009999991406168722	0.009999996912987388	0.009999990559680812	0.009999996943750235	1.000000007253619	0.009999990371541761	0.00999999090119501	0.657531949986636	0.009999990054453492	1.000000004814037	0.009999990057807372	1.000000009407597	1.000000009342287	0.009999990102663454	0.009999990182244732	0.009999990057090419	0.3542913157288842
0.05863309112188644	-0.4076513347412204	1.243315763765645	0.877285521512699	0.3323874900103215	0.8693297251364187	0.2788077340941447	-0.7118454035027378	-0.5156037407598781	0.05214101467110141	0.3536242810120271	0.3034235638131432	4.614649200894135	-0.4505863934445398	4.84835870773232	-8.271431234138552	-0.1094675145222006	-5.145280997583726	11.42062620184283	9.754365910299667	1.449770490563751	0.4199078537942047	0.01003438249092868	0.3154113323699844	0.01001196352865628	0.01010026721377128	0.5612692102497715	0.01000003957529497	0.009999991142321651	0.3437006475425412	0.01002321977849466	0.7420374006916876	0.01000943090844916	0.9939265301934146	0.9886522754889342	0.0101898763345384	0.01331614394368832	0.01174279101303762	0.4414917550708362	1.644673019239947	0.009999991051367268	0.009999991558296558	0.009999996977158192	0.009999990700526668	0.01101862994230699	1.00000000810609	0.00999999036443204	0.009999990751218171	0.8287659772351329	0.009999990050940788	1.00000000493775	0.009999990055480044	1.000000009345081	1.000000009285994	0.00999999010087085	0.009999990210825491	0.009999990062959419	0.3217890499851424
0.0609784147667619	-0.4071997562857746	1.254130654989095	0.8761766195895209	0.3442501005091733	0.8500965680008582	0.2788603963476512	-0.7240991266997353	-0.4889314377273606	0.07471285152392711	0.356711147511069	0.07584137677063102	4.607405031525157	-0.495449073795062	5.274849566232072	-8.111800812539093	0.1606239524659108	-5.306314550337211	11.26299694449044	9.485015879176338	1.080165333154475	0.3844343893362754	0.0100292442607879	0.2866414523068869	0.01001017462691127	0.01031573517170394	0.5970700303629707	0.01000003222174197	0.009999991072350063	0.3969174440576659	0.01001974901050921	0.7619266019933714	0.01000802030117603	0.9943832502243025	0.9895056396642319	0.01016151588987625	0.01282429596988421	0.0114833955349822	0.429801757213614	1.761612048082895	0.009999990757133438	0.009999991710424398	0.009999997041328994	0.009999990841372522	0.01203726294086375	1.00000000895856	0.009999990357322316	0.009999990601241333	1.00000000448363	0.009999990047428086	1.000000005061463	0.009999990053152719	1.000000009282565	1.0000000092297	0.009999990099078246	0.009999990239406254	0.009999990068828419	0.2892867842414006
0.06332373841163735	-0.4073510129941678	1.26492295341045	0.8749571502294105	0.3572027046428366	0.8314742314703869	0.2796203374694959	-0.7367590969258548	-0.4635100678791182	0.09658917259485107	0.3576160972216092	-0.2545761785720351	4.591741522932429	-0.5466453278318979	5.8354818069911	-7.637287744749281	0.5403674658097111	-5.503247795330582	10.05550224445212	9.150862746957801	-0.7231114038884723	0.3511837710239048	0.01002487224155126	0.2598288663223974	0.01000865253484984	0.03636622791416753	0.6294859493363929	0.01000002596426462	0.009999990999853972	0.450885974915164	0.01001679581956543	0.7802108012165098	0.01000682006198798	0.994805640813152	0.9902948553562202	0.01013738180545443	0.012404815917937	0.01126241145439992	0.4162782474874359	1.934508532482984	0.009999990659148712	0.009999991677532257	0.01000000593175684	0.009999991071182568	0.3510932240577341	1.000000009176442	0.009999990355891117	0.00999999057407819	1.000000006401831	0.009999990044893372	1.000000005093783	0.00999999005166877	1.000000009162745	1.000000009120146	0.009999990098308447	0.009999990298049658	0.009999990078943422	0.2578113601087068
0.06566906205651281	-0.4086272384279098	1.275649653087143	0.8736022793238569	0.3719265166409174	0.8148886715044948	0.2816434085455155	-0.7499768844713522	-0.4434525423281362	0.1175453703529351	0.3513743021676775	-0.8834878209773328	4.551464995440606	-0.6109142001018828	6.785266150559411	-6.374917658668507	1.237771626250661	-5.78199927777049	6.688920945230735	8.700370813365993	-5.014298243407834	0.3200610043732827	0.01002115483256957	0.2349085335241205	0.01000735839579638	0.102943856931877	0.6589418646420089	0.01000002064360976	0.009999990934146344	0.4982890806558867	0.01001428482227503	0.7970334141909162	0.01000579954843983	0.9951962512874607	0.9910246873205769	0.0101168592680258	0.01204741264576822	0.01107431360822525	0.4010736018146054	2.107405016883071	0.009999990561163987	0.009999991644640117	0.01000001482218469	0.009999991300992614	0.6901491851746043	1.000000009394325	0.00999999035445992	0.009999990546915048	1.000000008320032	0.00999999004235866	1.000000005126103	0.009999990050184825	1.000000009042925	1.000000009010592	0.009999990097538648	0.009999990356693064	0.009999990089058424	0.2263359359760129
0.06801438570138828	-0.4117343017635686	1.286255465822976	0.8720867972980834	0.3893222996659522	0.8019719441145182	0.2856873434237656	-0.7639078765743591	-0.4323808894385424	0.1373030405935445	0.337271711404486	-1.772619172926289	4.492258418601744	-0.6792295589898761	8.052470044066169	-4.673781464770994	2.217877587945568	-6.087088030968825	3.09553694288536	8.137161232358681	-6.128619151890691	0.2909799849816102	0.01001799176467614	0.2181838661202613	0.01000625726746296	0.1695042588265069	0.6858060036925628	0.0100000161174265	0.009999990878276839	0.5196272188888258	0.010012148286459	0.8125264840975587	0.01000493122884208	0.995557501706401	0.9916996585548922	0.01009939571928629	0.01174279119269025	0.01091412403946922	0.3845069282091739	2.318036680703879	0.009999990544953229	0.009999991506903727	0.1310870727414802	0.009999991227156647	0.6063459133709882	1.00000000947602	0.009999990368280084	0.009999990573142192	0.507609220211419	0.009999990041130002	1.000000005108019	0.009999990050007911	1.000000008836833	1.000000008828365	0.009999990098224689	0.009999990494537828	0.009999990105629825	0.1998911950453257
0.07035970934626372	-0.4169725774767641	1.296718918641218	0.8704265718099844	0.4097132683961366	0.7928069701051507	0.2920801821503105	-0.7784790012508186	-0.4273236410404691	0.1556621667276999	0.3267699791255368	-2.700902131529763	4.43006604233473	-0.734345746653171	9.339443022219886	-3.175569552656094	3.240824683279447	-6.327879224746114	1.560072733034478	7.507747262659278	-1.943627385583777	0.2638682039077012	0.01001530229317392	0.21549864092925	0.01000532101336618	0.2130203576918104	0.7103603234233673	0.01000001227109397	0.009999990834701039	0.4980740279508445	0.01001033167054508	0.8268027817205784	0.01000419293408913	0.995891572314836	0.9923238436106792	0.01008454599559338	0.01148339576235602	0.01077781434977445	0.3668633987513943	2.528668344524686	0.009999990528742467	0.009999991369167337	0.2521741306607757	0.009999991153320682	0.5225426415673722	1.000000009557715	0.009999990382100246	0.009999990599369336	0.01521843210280616	0.009999990039901343	1.000000005089935	0.009999990049830997	1.000000008630741	1.000000008646138	0.009999990098910732	0.009999990632382591	0.009999990122201223	0.1734464541146385
0.07270503299113919	-0.4244454186980514	1.307024997242859	0.8686544113880036	0.4331780175015176	0.7872089975167254	0.300919416464509	-0.7935526380036552	-0.4249789168287489	0.1724644249213783	0.3248671428973228	-3.648418223372225	4.359140089890649	-0.7732951139209544	10.63795860276634	-1.627761910405772	4.269486558486168	-6.510829625951409	0.4727883884120927	6.823141224251032	0.02639017613106296	0.2386578760350039	0.01001301387597489	0.2395446392084546	0.0100045243665371	0.2353566803670379	0.7328556667080753	0.01000000899930641	0.009999990800660814	0.458099676283895	0.01000878596925807	0.8399670533100272	0.01000356474569828	0.9962005328127715	0.9929011103520465	0.01007191004325328	0.01126241176082301	0.01066175787077163	0.3486164228605236	2.60727491008134	0.009999990575809879	0.009999991223970748	0.6260870686114856	0.009999990947642836	0.3281922111128902	1.00000000958296	0.009999990380853408	0.009999990614176406	0.01260921181683495	0.009999990039870631	1.000000005056263	0.009999990051031219	1.000000008337803	1.000000008398404	0.009999990100961028	0.0099999910202425	0.009999990147233241	0.1563513250033682
0.07505035663601464	-0.433977077957435	1.317168858806131	0.8668161473510471	0.4594601284516679	0.7850328697564608	0.3119781215190813	-0.8089463144528968	-0.4249494198048656	0.1876792260849561	0.3255120275262093	-4.456581389353995	4.291733715601521	-0.7907163163356428	11.74197868157363	-0.2575545182384819	5.133502263385271	-6.600796523051073	-0.4142621890525222	6.154026181503404	0.2289690171918529	0.215287145622995	0.01001106809803229	0.2985453444916748	0.01000384698151753	0.2346449429946547	0.7534935426870547	0.0100000062172717	0.009999990773935314	0.4203716418625367	0.01000747172166214	0.8521101506826181	0.01000303062500194	0.9964862478164161	0.9934349432304128	0.01006116561142776	0.01107431403835723	0.01056302377307227	0.3302035836732301	2.685881475637995	0.00999999062287729	0.009999991078774159	1.000000006562195	0.009999990741964991	0.1338417806584082	1.000000009608206	0.00999999037960657	0.009999990628983478	0.00999999153086374	0.00999999003983992	1.000000005022591	0.009999990052231442	1.000000008044865	1.000000008150669	0.009999990103011324	0.009999991408102409	0.009999990172265258	0.1392561958920978
0.0773956802808901	-0.4451175173419669	1.327169558691747	0.86496560107834	0.4879427355330217	0.7856308771565701	0.3247403475590921	-0.8244174692919826	-0.4266238479438755	0.2013862084658665	0.3259783605315015	-5.005054362029422	4.239033416826945	-0.7843492059451889	12.49502689239843	0.7042039136031411	5.707347606042138	-6.577880572225768	-0.9794267476077767	5.543836337191262	0.1070813213769217	0.1936953885551206	0.01000941247582917	0.366445919513989	0.0100032705958811	0.2210606055068748	0.7724566005322879	0.0100000038512177	0.009999990756741968	0.384867795456956	0.01000635347258295	0.8633169905312543	0.01000257616160472	0.9967504874066264	0.9939286499752844	0.01005202312155931	0.01091412587192531	0.01047897496152394	0.3118378720341689	2.668648690114297	0.009999990793341509	0.009999990954093643	1.000000007410876	0.009999990633370932	0.07192088801794302	1.000000009613117	0.009999990394769209	0.009999990687368589	0.009999991302653168	0.009999990040625817	1.00000000497814	0.009999990054496234	1.000000007703842	1.000000007866578	0.009999990106000615	0.01000000803754599	0.009999990211947472	0.126774979927615
0.07974100392576557	-0.4572734611914536	1.337064689600689	0.8631511501415239	0.517826708661676	0.7880390871106344	0.3385509749976118	-0.8397327387744324	-0.4293831559015036	0.2137260245703776	0.3257252698247676	-5.322563759994975	4.201708633643102	-0.7599356298662461	12.93700867273285	1.286115207609783	6.027537848452207	-6.467863606115333	-1.339405139782428	4.988160413351111	-0.3845273022589731	0.1738217051632899	0.01000800474746957	0.4243150261865906	0.01000278050446602	0.202192061238242	0.7898965654263166	0.01000000184174317	0.009999990750866251	0.3515909850118643	0.01000540267253124	0.873662035435659	0.01000218975209865	0.9969948462767427	0.994385210477158	0.01004424933820737	0.01077781985860808	0.01040748244574681	0.2937191598432836	2.651415904590599	0.009999990963805728	0.009999990829413129	1.000000008259557	0.009999990524776877	0.00999999537747784	1.000000009618028	0.009999990409931846	0.0099999907457537	0.009999991074442596	0.009999990041411718	1.000000004933689	0.009999990056761025	1.000000007362819	1.000000007582487	0.009999990108989908	0.01000002466698958	0.009999990251629688	0.1142937639631322
0.08208632757064101	-0.4699333990284398	1.346890476302424	0.8614107139470079	0.5484224223897537	0.791372581686157	0.352852554651803	-0.8547066953840132	-0.4326229847839401	0.2248038388641224	0.3242353695031477	-5.453312931724597	4.179092268719011	-0.7229402030304233	13.12708640818444	1.51636386816255	6.147100015169218	-6.295824947738099	-1.389100158161569	4.443711524537775	-0.9785837605533158	0.155603756760166	0.01000680694674744	0.4748877454875905	0.01000236349092364	0.1816331054202228	0.8059528043577489	0.01000000014350063	0.04747012454600631	0.3204409111228112	0.01000459367029496	0.8832151935774295	0.01000186097111862	0.9972208382664697	0.9948074535106058	0.01003763468234265	0.01389235671344841	0.01034663137669642	0.2761354340395155	2.635279934973073	0.00999999123328621	0.00999999079859647	1.00000000844374	0.009999990459611689	0.009999994214113503	1.000000009605903	0.009999990546241497	0.5049999980382853	0.00999999079411204	0.009999990043023226	1.000000004815964	0.00999999006016287	1.000000006843691	1.000000007200718	0.009999990112831076	0.05222876637912433	0.009999990322987136	0.1081850818139487
0.08443165121551646	-0.4827591141655706	1.356675571656244	0.8597661899089776	0.5792758629833569	0.7949632777583724	0.3672854665055231	-0.8692383676863206	-0.4357380752447027	0.2345002353571434	0.3207008066346041	-5.463932138305318	4.167008648415655	-0.6781455053387202	13.15678803332447	1.505446554270545	6.139532796199182	-6.090700899177258	-1.2330331071238	3.810141504325821	-2.128135312514722	0.1389746582242185	0.01000578850214476	0.5195955521390401	0.01000200891331799	0.1627550297054148	0.8207438527244851	0.009999998719976323	0.1415461567126449	0.2913352881737014	0.01000390581100771	0.892038243439951	0.01000158142407977	0.9974298272221505	0.9951979275123012	0.01003201036599152	0.02272868011939663	0.01029487697320487	0.259358817635099	2.619143965355547	0.009999991502766689	0.009999990767779812	1.000000008627923	0.0099999903944465	0.009999993050749166	1.000000009593778	0.009999990682551146	1.000000005330817	0.009999990513781483	0.009999990044634732	1.000000004698238	0.009999990063564715	1.000000006324562	1.000000006818947	0.009999990116672247	0.09445750809125907	0.009999990394344585	0.1020763996647651
0.08677697486039193	-0.4954977245526069	1.366443089697835	0.858232946719232	0.6100518996404317	0.7982917098045963	0.3815837761720204	-0.8832679089543748	-0.4382602643522727	0.2425684726210587	0.3146509802287232	-5.393988886793656	4.163094210957341	-0.6290326139796034	13.08047575717233	1.321274923886475	6.048738481263147	-5.872494227365657	-0.9409795764091817	3.068833891781522	-2.774436768654387	0.123864541007624	0.01000492194066493	0.5595710438000949	0.01000170720858292	0.1454936950153392	0.8343796279822783	0.009999997562908008	0.2402294983570012	0.2641985774458991	0.01000332053672678	0.9001893684178558	0.01000134356869686	0.9976231078372441	0.9955590516901812	0.01002722472569467	0.0333198116429357	0.01025083023724337	0.2438286638654084	2.584766773296439	0.009999993511457569	0.009999990765561358	1.000000008704878	0.009999990352364697	0.009999992356862527	1.000000009554272	0.009999991260433464	1.000000007373074	0.009999990417985813	0.009999990047314751	1.000000004438039	0.009999990068450452	1.000000005373874	1.000000006163324	0.009999990121549963	0.09779348220516161	0.009999990505363777	0.1055451534273233
0.08912229850526739	-0.5080366497989207	1.376206680468145	0.8568170810394297	0.6405973648034639	0.8011063376546185	0.3956356082374607	-0.896781130542854	-0.4402606488161153	0.2488889509766773	0.3088899715033089	-5.293648483715652	4.163659625529148	-0.5780505694438013	12.96016570825931	1.067294491697471	5.929346367050684	-5.650403731062876	-0.7880585767493122	2.319721269902762	-1.881842924598375	0.1101972005918467	0.01000418514046435	0.5955366546635985	0.0100014506764699	0.1297796043933904	0.8469551894127679	0.009999996665642927	0.3175584047766972	0.2389648823438625	0.01000282290433238	0.9077202690671146	0.01000114133188066	0.997801846528062	0.9958930055222628	0.01002315562376509	0.04264932058052892	0.01021337120152226	0.2299549488313897	2.550389581237331	0.009999995520148448	0.009999990763342903	1.000000008781833	0.009999990310282893	0.009999991662975886	1.000000009514767	0.009999991838315783	1.000000009415332	0.009999990322190139	0.009999990049994767	1.000000004177841	0.009999990073336192	1.000000004423185	1.000000005507701	0.009999990126427681	0.1011294563190641	0.009999990616382969	0.1090139071898815
0.09146762215014284	-0.5203530648669181	1.38597378379876	0.8555223213220127	0.6708641191108382	0.8032782682995678	0.4094280123437489	-0.9097660028655686	-0.4418886000782246	0.2535174002846817	0.3061627029982034	-5.210819502274378	4.165489293896345	-0.525804915809961	12.85018725688664	0.7790846349959201	5.834445898354231	-5.421206818500169	-0.5720735415553773	1.653160233342043	-0.6059715063470023	0.1016915712551808	0.01000355822396034	0.6280950303985904	0.010001232397577	0.115540072831776	0.8585592812357038	0.04747012940428923	0.3825210851150448	0.2155712187532441	0.01000239948782735	0.9146797468859524	0.01000096925718414	0.997967150356029	0.996201857964739	0.01001969331663191	0.04815936032613603	0.01018149304975239	0.2176843139360949	2.481056362000401	0.07011555310727317	0.009999990769369865	1.000000008779952	0.009999990279074392	0.009999991381111203	1.000000009418468	0.5050000002433662	1.000000009514312	0.009999990276707336	0.009999990054301609	1.000000003666066	0.009999990080441057	0.9999999972110203	1.000000004161044	0.009999990132803591	0.06434172347325588	0.009999990720531839	0.1132272067356385
0.09381294579501831	-0.5324858601914152	1.395746208017425	0.8543519577656333	0.7008733057867501	0.8047337395529283	0.4230131199595363	-0.9222036303398582	-0.442812139009342	0.2567649311684068	0.305287186901901	-5.137064769649929	4.168197070126095	-0.4719704032292991	12.74052213623018	0.456326028428522	5.752572051954592	-5.183734792112135	-0.1873633741652302	1.142128209519323	-0.3027411124886361	0.1015759350208148	0.01000302518541927	0.657675467596024	0.01000104680036744	0.1026960621512964	0.8692695618097676	0.141546160506445	0.4382651849894914	0.1939572641873132	0.01000203947646253	0.921111335665115	0.01000082295105546	0.9981200166976565	0.9964874729637326	0.01001674942922445	0.04777874071804253	0.0101543842824955	0.2069575159030138	2.411723142763471	0.1302311106943979	0.009999990775396825	1.000000008778071	0.00999999024786589	0.009999991099246522	1.000000009322169	1.000000008648416	1.000000009613292	0.009999990231224533	0.009999990058608446	1.00000000315429	0.009999990087545922	0.9999999899988555	1.000000002814387	0.0099999901391795	0.02755399062744764	0.009999990824680708	0.1174405062813955
0.09615826943989376	-0.5444189528224532	1.40552759242253	0.8533104413080818	0.7305826827577147	0.8053704614338909	0.4363779278181691	-0.9340754439289782	-0.4426941069605013	0.2590335236158432	0.3046532234673876	-5.017887202320163	4.174231661610974	-0.4149685434853626	12.5690177267393	0.06199190617912475	5.62035488080897	-4.938908689498194	0.2897778221051143	0.8145536694672946	-0.2476785965525038	0.132752117139787	0.01000257164458871	0.6846497458829937	0.01000088887894729	0.0911655319406833	0.8791588783561715	0.24022950151436	0.4871753946878487	0.1740624887320054	0.01000173315712674	0.9270561939622771	0.01000069846609588	0.9866292367169772	0.9967516198891897	0.01001424455580137	0.04437390457296025	0.01013131549756784	0.1975638187290925	2.316651216826212	0.5651155588140213	0.00999999079656801	1.000000008661531	0.009999990227231975	0.009999990974135751	1.000000008736359	1.000000009089349	1.000000009668146	0.009999990202587027	0.009999990065478108	1.000000002017288	0.009999990097957372	0.6944991628013679	0.9999999988506116	0.009999990147524271	0.01877699905762301	0.009999990883755194	0.1196319367452494
0.09850359308476921	-0.555923926617974	1.415331909547793	0.852411234755427	0.7597107514007334	0.8049088808109801	0.4492633798078122	-0.9453648048542306	-0.4414446315961569	0.2606894498932782	0.3040794429858674	-4.771981821330428	4.187753194251786	-0.350614098987114	12.24480519821544	-0.4802632617303523	5.343796171459643	-4.687042009314141	0.7774871000760901	0.6196705339315738	-0.2514194510839276	0.2088437166607413	0.01000218602233251	0.7093021736586507	0.01000075460255355	0.08086159654743834	0.8882915124607544	0.317558407462382	0.5305441599832448	0.1558236984076721	0.01000147270875303	0.9325511400275982	0.01000059262384973	0.9530473870690332	0.9969958927939943	0.01001211475387416	0.04019628114992342	0.01011169895526996	0.1893020360976267	2.221579290888954	1.000000006933645	0.009999990817739194	1.000000008544991	0.009999990206598062	0.009999990849024979	1.000000008150548	1.000000009530281	1.000000009723	0.009999990173949523	0.009999990072347769	1.000000000880286	0.009999990108368818	0.3889983356038803	0.9999999948868366	0.00999999015586904	0.01000000748779839	0.009999990942829677	0.1218233672091033
0.1008489167296447	-0.5666545527985966	1.425179370234582	0.8516740939306794	0.7878456404697162	0.8029499765705663	0.4612743430084149	-0.9560570868227417	-0.4390165483628874	0.2620063297259903	0.303515341399006	-4.362391236258003	4.210638242888958	-0.277434727461882	11.7296790005451	-1.203025088691005	4.879758369552352	-4.433389879921233	1.284383481616199	0.5115130692440358	-0.240590048688593	0.2926710807058292	0.01000185791772904	0.7318855602417761	0.01000064034958145	0.07169566651570032	0.8778342507333838	0.3825210874053601	0.5694021839403303	0.1391753384805754	0.01000125110437923	0.9376310231445549	0.01000050256862253	0.908797380386864	0.9893366550285811	0.01001030257127241	0.03596741243046729	0.01009500643280431	0.1823872966664087	2.051400357717593	1.000000007519265	0.009999990888537655	1.000000008029857	0.009999990195508625	0.009999990732875708	0.5050000023277605	1.000000009616039	1.000000009749358	0.009999990154260261	0.009999990082524723	0.9999999987158034	0.009999990122821989	0.3391134968720483	0.7928949918791015	0.009999990166539423	0.01000000193794264	0.009999990909237928	0.129440905403592
0.1031942403745201	-0.5763099827508216	1.435086577695656	0.8511124940763514	0.8146468314684497	0.7992058194620905	0.4720638407756002	-0.9661718743274477	-0.4354608669763586	0.2631272412567985	0.3028994832468511	-3.855096656464866	4.238702899564756	-0.200919645683611	11.10747980334874	-2.00265687419664	4.302178366525762	-4.194577385024747	1.739058570796715	0.4525564536791228	-0.2955554196156827	0.3612597906208377	0.01000157895587572	0.752602812218677	0.01000054320390639	0.06357752460877714	0.8309612230797656	0.4382651869904903	0.6044187878867684	0.1240460914179448	0.01000106268585995	0.9423270797310597	0.01000042600100417	0.864102874507615	0.9666810226000722	0.01000876174490767	0.03229912063030764	0.01008081238251004	0.1770032986897183	1.881221424546232	1.000000008104885	0.009999990959336113	1.000000007514723	0.009999990184419187	0.009999990616726438	0.009999996504972651	1.000000009701798	1.000000009775716	0.009999990134571	0.009999990092701676	0.9999999965513211	0.009999990137275159	0.2892286581402165	0.5857899888713664	0.009999990177209808	0.009999996388086895	0.009999990875646179	0.1370584435980809
0.1055395640193956	-0.5847124342230066	1.44506263634747	0.8507298698003489	0.8399269009979197	0.7935637193547989	0.4814238135816719	-0.9757552723545615	-0.4309033777708774	0.2641517500360551	0.3021440130345442	-3.309818737817187	4.268513193367578	-0.1261157941345205	10.45124424117774	-2.804101110976607	3.679052828012951	-3.982110913798416	2.139073650929962	0.4326053465563475	-0.3587372638611066	0.4199364531058591	0.01000134162139422	0.756987914399327	0.01000046054585189	0.05641710777085664	0.7691885957481869	0.487175396460694	0.6361555157270666	0.1103613839960249	0.01000090236926928	0.9425750267736267	0.0100003608548393	0.8188804328048978	0.9347616398162739	0.01000745070788472	0.02912425888438484	0.01006873438625666	0.1746691327594005	1.656942335026449	1.00000000801323	0.009999991200513899	0.6232109207296481	0.009999990187796902	0.009999990554933181	0.009999993602088831	1.000000009745298	1.000000009791337	0.009999990120394056	0.009999990103063239	0.8925743701255475	0.009999990153125728	0.237798951599814	0.4990672458165839	0.009999990190673748	0.009999994562178021	0.00999999079680187	0.1739419202307194
0.1078848876642711	-0.5918334601296744	1.455108783039773	0.8505174185729742	0.8636740243349219	0.7860743642992255	0.4893182291994214	-0.9848709207923018	-0.425466233379833	0.2652103870353944	0.3011695979191616	-2.762347203043211	4.298471231019874	-0.05580274550680524	9.800243426128809	-3.577923428403781	3.052408688447855	-3.795698884485537	2.489194005183561	0.4816596609548754	-0.4822630440018451	0.4709851433649379	0.01000113986286095	0.7321897851941267	0.01000039026605045	0.0501264386286228	0.7116713290438175	0.5305441615708736	0.6650168417686195	0.09804040292397979	0.0100007660610123	0.9347164450651567	0.01000030546645738	0.7730396982761714	0.8987230209879806	0.01000633598918457	0.02638346292162258	0.01005846440438263	0.1766720245417234	1.432663245506666	1.000000007921576	0.009999991441691686	0.2464218339445735	0.009999990191174616	0.009999990493139925	0.00999999069920501	1.000000009788799	1.000000009806958	0.009999990106217112	0.009999990113424799	0.7851487436997741	0.009999990168976295	0.1863692450594115	0.4123445027618015	0.00999999020413769	0.009999992736269146	0.00999999071795756	0.210825396863358
0.1102302113091465	-0.5976900174824442	1.465224533891636	0.8504629805097031	0.8859236359489624	0.7768134320028635	0.4957652147884019	-0.9935776699141038	-0.4192332136846357	0.2664796974951024	0.2998934048421862	-2.235734729435825	4.327709159804431	0.008363588770811697	9.178433653888931	-4.313715810060741	2.449791764499121	-3.63193114945414	2.823502630029795	0.6043500063777191	-0.6126373792267916	0.5161551615879763	0.01000096889496973	0.690488266986389	0.01000033047010817	0.04461948231176153	0.6579692175041713	0.5694021853725647	0.6913544597894349	0.08699951271664413	0.01000065008241867	0.9162983751268732	0.01000025834047162	0.7280800806777373	0.8632696430635043	0.01000538751567989	0.02402126988751521	0.01004972564093675	0.1800130546084261	1.192518612127565	1.000000006053173	0.01000000036162965	0.1282109132036275	0.009999990219607614	0.009999990468913004	0.0099999905222386	1.000000009812132	1.000000009816032	0.009999990095823396	0.009999990114940778	0.5969033825276963	0.00999999017802726	0.1752967272426079	0.4420305446657024	0.00999999022125438	0.009999994442318715	0.009999990728348573	0.2031158822422082
0.1125755349540219	-0.6023385132383612	1.47540790654471	0.8505518811190874	0.9067506530299753	0.7658670779058612	0.500830277586383	-1.001920424995814	-0.4122342711282362	0.2680620262187561	0.2982649126618285	-1.732159664114548	4.356136450367328	0.06643085152250258	8.587110615110518	-5.015185022830512	1.873959143525606	-3.485299046163169	3.14234297494362	0.7485893571012183	-0.7826898990775293	0.5564662238694709	0.01000082486457208	0.6425999286132138	0.01000027963265733	0.03981540238116132	0.6077384571459947	0.6044187891866318	0.7154393240227289	0.07715076192992423	0.01000055147141425	0.8851101320994523	0.01000021827279564	0.6853763045644781	0.8326475276131965	0.01000458107178401	0.02198974881310509	0.01004229515880609	0.1821213469194462	0.9523739787484654	1.000000004184771	0.01000000928156761	0.009999992462681464	0.009999990248040611	0.009999990444686085	0.009999990345272188	1.000000009835466	1.000000009825106	0.009999990085429683	0.009999990116456756	0.4086580213556184	0.009999990187078226	0.1642242094258043	0.4717165865696033	0.009999990238371073	0.009999996148368284	0.009999990738739582	0.1954063676210584
0.1149208585988974	-0.6058383476052716	1.485656796568616	0.8507696933946709	0.9262316686727341	0.7533160979238458	0.5045828880678477	-1.009934751186129	-0.4044885075866003	0.2699596869107654	0.2962341840617234	-1.260847596168544	4.383261999740515	0.1180462907583824	8.036111839166768	-5.676651022078302	1.335889765667627	-3.351162007698866	3.459681123337537	0.8486467215062429	-0.9544986079576628	0.5788596233538235	0.04747077852815739	0.5933416310713391	0.01000023638287322	0.03563658264737871	0.5606740464891772	0.6361555169118777	0.737513057634484	0.06840483475861835	0.01000046756729137	0.8482791986615232	0.01000018418197648	0.644589352096214	0.8048985129713664	0.01000389489992278	0.02027434164274388	0.01003597264399241	0.1797264138710632	1.287543504411772	0.6642664894685012	0.5050000073350972	0.009999991912239365	0.009999990297261624	0.009999990428538235	0.009999990300577983	1.000000009844983	1.000000009827842	0.009999990078228237	0.009999990117354673	0.3829626001334491	0.009999990194328262	0.1498185009044417	0.4596644713578227	0.00999999025466522	0.01039884858996509	0.009999990971709619	0.1262362339095907
0.1172661822437729	-0.6082925085241287	1.495966118122487	0.8510996627380255	0.9444948300295459	0.7392921983358367	0.5071422924556762	-1.01764966673727	-0.3960214149667216	0.2719441569781209	0.2937620721914502	-0.8404503681818183	4.407670088461235	0.1620739991250343	7.548572255078351	-6.271233081879459	0.8564397949756928	-3.229973398610503	3.757464115958656	0.8226169869644968	-1.159084236918726	0.5720117135455417	0.1415466196320658	0.5471789174088562	0.01000019961696704	0.03201252338248068	0.5165359381498764	0.665016842852198	0.7577705916293365	0.0606715131987748	0.01000039622764403	0.8122028654501835	0.01000015519722789	0.6054212911308569	0.7782557507652677	0.01000331148053209	0.01886186596427439	0.01003059677174756	0.1699381513163082	1.622713030075079	0.3285329747522318	1.000000005388627	0.009999991361797265	0.009999990346482636	0.009999990412390384	0.009999990255883776	1.0000000098545	1.000000009830578	0.009999990071026789	0.009999990118252589	0.3572671789112797	0.009999990201578298	0.1354127923830792	0.447612356146042	0.009999990270959366	0.0107977010315619	0.009999991204679657	0.05706610019812289
0.1196115058886483	-0.609843390331858	1.506327486308265	0.8515236043622271	0.961715676620338	0.7240019297157386	0.5086706957083751	-1.02509221862882	-0.3869286958946629	0.2736678265128938	0.2907967042507157	-0.4931728191649813	4.427349448503921	0.1985826711849196	7.14906902069741	-6.745688023376555	0.4593356645808596	-3.116238269225426	3.977596156568342	0.6387890665583535	-1.375571244183781	0.554069405089572	0.2402298481774705	0.5038700639457178	0.0100001683365079	0.02887656664502765	0.4751106489220834	0.6913544607827665	0.7763889099454518	0.0538611058865824	0.01000033552901599	0.7768990783986773	0.01000013053766945	0.565809112514299	0.7464903285071538	0.01000281507235396	0.01765013894784711	0.01002602255470093	0.1591003211680346	1.649601904604883	0.3682339687490392	1.000000005136081	0.009999991384950677	0.00999999032889878	0.009999990390441069	0.009999990253302768	1.00000000985472	1.000000009829408	0.009999990065678064	0.009999990137237754	0.3344052541814536	0.009999990226545373	0.0727064555616537	0.2752805690634648	0.009999990282203636	0.01039884740392035	0.009999991262458126	0.08812215847503145
0.1219568295335238	-0.6106578370300845	1.516729740516743	0.8520270907427245	0.9780866561085035	0.707753843868602	0.5093550996283229	-1.032264474322752	-0.3774523511200367	0.2749007533869863	0.2872820495631127	-0.2124473963005659	4.442536084708978	0.2299066468448915	6.823838929267922	-7.088022039029499	0.1367102731289813	-2.999475404691579	4.084605065912998	0.4041308972064623	-1.627494426760659	0.5406472527291265	0.3175586925148579	0.4632242502434192	0.01000014173755898	0.02616984354820953	0.4362294026096313	0.7154393249348879	0.7935154724621053	0.04788668926242143	0.01000028392263842	0.7423864062271646	0.01000010957453622	0.5237968597843512	0.7039081063022934	0.01000239300033866	0.01655475980120957	0.01002213323233211	0.1528439143613273	1.676490779134687	0.4079349627458468	1.000000004883536	0.00999999140810409	0.009999990311314924	0.009999990368491756	0.009999990250721761	1.00000000985494	1.000000009828238	0.009999990060329341	0.009999990156222922	0.3115433294516274	0.00999999025151245	0.01000011874022823	0.1029487819808875	0.009999990293447903	0.00999999377627879	0.009999991320236596	0.11917821675194
0.1243021531783993	-0.6108652481791408	1.527164270519838	0.8525999012991424	0.9937473486930267	0.6908164143415603	0.5093405872321415	-1.039155695160909	-0.3678245204904467	0.275616832136629	0.2831582399098316	0.03215652364604654	4.455432619121493	0.2581941802094357	6.533830993270283	-7.346423435133835	-0.1451732905589724	-2.876119301778356	4.115768499283702	0.2149299918015038	-1.893393246394842	0.5287760554574588	0.3825213289381881	0.4250715665751214	0.01000011910394429	0.0238373797973511	0.3997417837326235	0.7375130584732775	0.8092858906555319	0.04266358068133466	0.01000024001663779	0.7083928440372291	0.01000009174254758	0.4819258185390543	0.6559796465166221	0.01000203387708552	0.01558923917237404	0.01001882390014741	0.1492814068309152	1.567964595042765	0.382381470308706	1.000000004822261	0.009999991377241606	0.009999990307047289	0.009999990352467656	0.009999990243967435	1.000000009854768	1.000000009826476	0.009999990055818584	0.009999990188719813	0.2839206993287999	0.009999990289573111	0.0100000607447503	0.0564743934582333	0.009999990310337421	0.009999993181820127	0.009999991298426637	0.1241491845970614
0.1266474768232747	-0.610523038416555	1.537627716228824	0.8532364551702292	1.008747900630226	0.6733371882589544	0.5086924954813729	-1.045750794563589	-0.3581929952434544	0.2759483954531617	0.278380806054998	0.2562477561513967	4.467194264362292	0.2842644450174537	6.260896881788729	-7.55004488755859	-0.4035813458734173	-2.74695466102049	4.08775569069809	0.07623121994866437	-2.184879504918734	0.5157238066822937	0.438265396661059	0.3892771806020439	0.01000009985899889	0.02183170690182965	0.3655280236758847	0.7577705924017086	0.8238157497623688	0.03811277284797793	0.01000020269027677	0.674669372249417	0.01000007658653962	0.4426261785787278	0.6076306756383864	0.01000172853336246	0.01476440416330187	0.01001601008032813	0.1466824950951101	1.459438410950843	0.3568279778715652	1.000000004760986	0.009999991346379123	0.009999990302779654	0.009999990336443557	0.009999990237213109	1.000000009854595	1.000000009824713	0.00999999005130783	0.009999990221216703	0.2562980692059725	0.009999990327633769	0.01000000274927237	0.0100000049355791	0.00999999032722694	0.009999992587361463	0.009999991276616681	0.1291201524421828
0.1289928004681502	-0.6096720456127678	1.548118031301125	0.8539319626535185	1.023119902783847	0.6554282121149115	0.5074580423669901	-1.052036570480372	-0.348677901751755	0.276009944196159	0.2729135022978416	0.4677915235445933	4.478502313937328	0.308563260466378	5.995813001245938	-7.717380276516949	-0.6470826884671267	-2.612510857635638	4.02122220396287	-0.01646111093458277	-2.480163797335084	0.500855129305503	0.4871755810335067	0.3557205629151601	0.01000008348483041	0.02010892600465437	0.3334807425156244	0.7763889106575113	0.8372123229695182	0.03415865146337121	0.01000017093754358	0.6409016332976205	0.01000006369818084	0.4057430604734134	0.5605730066088745	0.01000146873105509	0.01405981752096355	0.01001361587593688	0.1450550020862381	1.366053513115598	0.3141758516257373	1.000000004919511	0.009999991270835272	0.009999990314749534	0.00999999032678664	0.00999999022884877	1.000000009853659	1.0000000098221	0.009999990047576925	0.00999999027946266	0.2220517030627541	0.009999990386876751	0.01000000012916824	0.01000000045529408	0.009999990352379669	0.00999999249427354	0.009999991266335021	0.1359187600595829
0.1313381241130256	-0.6083365517046415	1.558634638090567	0.8546825323285124	1.036876039014011	0.6371594774897583	0.5056667768748825	-1.05800142027987	-0.3393548789935055	0.2759053477156364	0.2667343747672284	0.6694112915104828	4.489614809346094	0.3312193220768804	5.73571058197671	-7.856832807337836	-0.8784090984878203	-2.473281457763149	3.92396530392607	-0.06545090898304913	-2.791894894894366	0.4835805618954586	0.5305443258215461	0.3243046412953901	0.01000006956443195	0.01863179390548278	0.3035125620526034	0.7935154731193467	0.8495685214350701	0.03073294203176834	0.01000014394839727	0.606794404848083	0.0100000527486828	0.3711532587866521	0.5164411366441336	0.01000124783678417	0.01345866027070005	0.01001158017020676	0.1443995263601288	1.272668615280354	0.2715237253799094	1.000000005078036	0.009999991195291422	0.009999990326719416	0.009999990317129722	0.009999990220484431	1.000000009852724	1.000000009819487	0.009999990043846021	0.009999990337708615	0.1878053369195357	0.009999990446119733	0.009999997509064096	0.009999995975009068	0.0099999903775324	0.009999992401185615	0.009999991256053361	0.1427173676769831
0.1336834477579011	-0.6065383256953919	1.569177244581965	0.8554843731310152	1.050026400159465	0.6185901679195194	0.5033457300623008	-1.06363448892044	-0.3302859094192173	0.2757346364712729	0.2598233749391489	0.8623149319036076	4.500687394755206	0.3522726674358289	5.479422662280009	-7.974971079291471	-1.09872518015607	-2.329725965719764	3.807178094940352	-0.07559524795129989	-3.103476614074437	0.4625601531964288	0.5694023326038719	0.2949415535411689	0.01000005772419255	0.01736612434012018	0.2755437553644782	0.8092858912627827	0.8609711365162994	0.02777126153200388	0.01000012099703725	0.5722816785125405	0.0100000434439437	0.3387464012080763	0.4750216663434591	0.01000105989126653	0.01294568733525374	0.0100098480482056	0.1443250728534133	1.187658352642637	0.1937286113824968	1.00000000521359	0.009999991098233189	0.009999990368728057	0.009999990314749119	0.009999990211751551	1.000000009850889	1.000000009815768	0.009999990040769648	0.009999990447774441	0.1526539180814093	0.009999990543578269	0.009999996565701403	0.009999994931838365	0.009999990419133263	0.009999992267378133	0.009999991234899247	0.1447564845049071
0.1360287714027765	-0.6042998530848975	1.579745685922913	0.8563335757994369	1.062582867848783	0.5997675312991086	0.5005231922911347	-1.068926282258171	-0.3215085608474592	0.2755720042744154	0.2521679515203141	1.044836322683874	4.511645755572041	0.371607663381092	5.229261540340376	-8.072860177995508	-1.306060915054835	-2.18225526734044	3.675282352925063	-0.05856141420174771	-3.426710130208912	0.4365164845677176	0.6044189219235996	0.2675576223089053	0.01000004766328073	0.01628330320695564	0.249505905892977	0.8238157503239302	0.8714961980001771	0.02521702372909608	0.01000010149904885	0.5372923381492176	0.0100000355471529	0.3084329271842595	0.4361458849593406	0.01000090009606235	0.01250842610963977	0.01000837529005526	0.1444957055804422	1.10264809000492	0.1159334973850842	1.000000005349143	0.009999991001174954	0.0099999904107367	0.009999990312368518	0.009999990203018668	1.000000009849053	1.000000009812049	0.009999990037693276	0.009999990557840266	0.117502499243283	0.009999990641036807	0.009999995622338711	0.009999993888667662	0.009999990460734126	0.009999992133570654	0.009999991213745136	0.146795601332831
0.138374095047652	-0.6016470054708694	1.59033962567525	0.8572259988206659	1.074561858260405	0.580738347577332	0.4972314059139232	-1.07386792353478	-0.3130527948468265	0.2754718937755417	0.2437542509206317	1.215230776655713	4.522403546469774	0.3890989075476793	4.987586983854452	-8.151287637483373	-1.49837016769708	-2.031145075628777	3.534298518590004	-0.0256440604039623	-3.749734742863425	0.4067313677835263	0.6361556370700947	0.2420841645302717	0.01000003911600015	0.01535721280240066	0.2253342727160735	0.8372123234892161	0.8812150561397238	0.02301749677075106	0.01000008493528852	0.5010313331300751	0.01000002884995498	0.2801312944110372	0.3996634347301003	0.01000076414107009	0.01213559818809895	0.01000712216550485	0.1447503644856742	1.044879231337418	0.06296674940038044	1.000000005335637	0.009999990911250456	0.009999990542728529	0.009999990318081494	0.009999990195230209	1.000000009845993	1.000000009806666	0.009999990035172697	0.009999990797214024	0.06375163143287524	0.009999990834307693	0.009999995197218359	0.009999993448119249	0.009999990533949347	0.009999992190348214	0.009999991192631787	0.1465974583745244
0.1407194186925274	-0.5986098469778955	1.600958465726069	0.8581572156658773	1.085985550410319	0.5615476959422786	0.4935074147762256	-1.07845067719521	-0.3049358761073822	0.2754571808462372	0.2345718991162228	1.372561564174898	4.532879753306614	0.4046895146362238	4.755724966467954	-8.210553680237549	-1.674628179901471	-1.876209987011492	3.386326701172159	0.01426228307857411	-4.082185724296798	0.3743389658461508	0.665016951974795	0.2184589201510297	0.01000003186841219	0.01456621426716244	0.2029681437091072	0.8495685219163429	0.8901907187623321	0.02112732129827795	0.01000007088774196	0.4627190579758487	0.01000002318458226	0.2537719482218496	0.3654545914320505	0.01000064855578356	0.01181801605797888	0.01000605668251952	0.1449524466373901	0.9871103726699164	0.0100000014156767	1.00000000532213	0.009999990821325959	0.009999990674720358	0.009999990323794467	0.00999999018744175	1.000000009842933	1.000000009801284	0.009999990032652119	0.009999991036587783	0.0100007636224675	0.009999991027578578	0.009999994772098009	0.009999993007570837	0.009999990607164567	0.009999992247125776	0.00999999117151844	0.1463993154162178
0.1430647423374029	-0.5952194436394618	1.611601498394399	0.8591227381002334	1.096877624244729	0.5422398742529814	0.4893893124563256	-1.082665369233982	-0.2971713065493798	0.2755378002942669	0.2246089263751112	1.51675615925634	4.543030181847699	0.4183696388767116	4.534087620004138	-8.251804938993827	-1.834828685900662	-1.717430055909244	3.234474734807367	0.05329074989023776	-4.415075660758384	0.3417290731632132	0.6913545601001323	0.1966210821280056	0.01000002580743591	0.01389063960064138	0.1823471948783009	0.8609711369622223	0.8984825097609114	0.01950461698341367	0.01000005900274106	0.4245975012075122	0.01000001841764064	0.2292893200536214	0.3334120137080321	0.01000055021982343	0.01154738639720013	0.0100051500980691	0.1449529697019435	0.9576858577958451	0.009999997304882617	1.000000004913607	0.009999990749701732	0.009999991929822679	0.009999990340556885	0.009999990181408049	1.000000009838126	1.000000009793368	0.009999990030602538	0.009999991691242356	0.01000038555475495	0.009999991543037054	0.009999994526056984	0.009999992765725819	0.009999990682893097	0.009999992589174096	0.009999991167388407	0.1435688055209834
0.1454100659822784	-0.5915041218153602	1.622267979601844	0.8601182305288942	1.107260295109975	0.5228535583866177	0.4849116655170764	-1.086504265604874	-0.289766529879143	0.2757015386166698	0.2138565713123733	1.649639302573749	4.55287574760421	0.4302467500907807	4.321326097658426	-8.27749043520337	-1.981233726760371	-1.55574618347579	3.079509440746965	0.08514279848616403	-4.755340001618815	0.3112207337650992	0.7154394154651754	0.176509947340548	0.01000002084201854	0.01331431722220052	0.1634094080370651	0.8714961984135206	0.9061431163775386	0.01811395724951866	0.01000004899551234	0.3888325708129898	0.01000001444172122	0.2066224307181412	0.3034483513814989	0.01000046662065427	0.01131697474238975	0.01000437926762278	0.1446254131378578	0.9282613429217739	0.009999993194088536	1.000000004505085	0.009999990678077504	0.009999993184925001	0.009999990357319303	0.009999990175374347	1.000000009833319	1.000000009785451	0.009999990028552957	0.009999992345896927	0.0100000074870424	0.009999992058495529	0.00999999428001596	0.009999992523880799	0.009999990758621626	0.00999999293122242	0.009999991163258372	0.1407382956257491
0.1477553896271538	-0.5874970893587877	1.632956655833435	0.8611390454852628	1.117162751942828	0.5034355652876198	0.4801141420152591	-1.089961393681724	-0.2827343041790402	0.2759224292556124	0.2023055159682708	1.744007110750256	4.560592080484792	0.4385988591905367	4.148924246270919	-8.246472169891989	-2.083362482030038	-1.391084081503565	2.900255551761229	0.09493437874990485	-5.095985222488176	0.2827313462313656	0.7375131410536105	0.1580635279981892	0.04747014823545566	0.01282259420403876	0.1460907663744024	0.8812150565229661	0.9132222611429456	0.0169228633864717	0.01005349806544067	0.3553040129999254	0.01000001686630789	0.1857109362877627	0.2754839007637841	0.01000039550722594	0.01112070977690608	0.01000372339540449	0.1439524502943602	0.9464396466519818	0.00999999246219749	1.00000000366649	0.009999990627160593	0.5049999981290526	0.009999990391757273	0.00999999017185273	1.000000009825903	1.000000009773617	0.009999990026901133	0.01069787408866572	0.01000000291731518	0.01000006738789721	0.009999994125708527	0.009999992354186898	0.009999990920282208	0.00999999282698508	0.00999999116464435	0.1369630381189963
0.1501007132720293	-0.5834333310632721	1.643653466725524	0.8621677315559576	1.126842564868981	0.4843361580393641	0.4752638537537487	-1.093023379469977	-0.2762423883806444	0.2761079582706356	0.1899482314533962	1.698012872735112	4.559812666963309	0.4369589276136251	4.131464108088759	-8.005812919446972	-2.026229443925799	-1.218784340737487	2.618754352307454	0.05498779280352491	-5.44286061101	0.2561906813148596	0.7577706677370035	0.1412155137341043	0.1415461733199465	0.01240349023805637	0.1303219378127431	0.8901907191177016	0.9197642834473619	0.01590421101333674	0.01020341186956578	0.3239149651863713	0.01000003020815366	0.1664932093929226	0.2494502597034609	0.01000033506699005	0.01095367277467025	0.01000316573632201	0.1429186561638709	0.9646179503821897	0.009999991730306444	1.000000002827896	0.009999990576243682	1.00000000307318	0.009999990426195241	0.009999990168331111	1.000000009818487	1.000000009761784	0.009999990025249306	0.01139575583143451	0.00999999834758796	0.01000014271729888	0.009999993971401094	0.009999992184493	0.009999991081942789	0.009999992722747741	0.009999991166030328	0.1331877806122436
0.1524460369169048	-0.5797133745921238	1.654334154215475	0.8631762496329592	1.136742593641147	0.4661542441430861	0.4708150263274357	-1.095668468295346	-0.2705833307045922	0.2761331750576452	0.1767767327637139	1.455094726931414	4.547098611681228	0.4216098228233593	4.331871696842635	-7.46846263828593	-1.745911162970837	-1.037751531973387	2.190200002617962	-0.03250891063841486	-5.78874137400367	0.2315326721285975	0.7763889778667905	0.1258966764808703	0.2402295107139924	0.01204617493808599	0.1160304111393252	0.8984825100904091	0.9258110972949599	0.01503326502988433	0.01671708097876164	0.2945777287598912	0.01408588962096364	0.1489057828813184	0.2252826976396921	0.01000028367271586	0.01081143353380234	0.0100026912435062	0.1419529261824775	0.985636566502063	0.009999991413203927	0.9999999638405974	0.00999999053937153	1.000000006200569	0.009999990498470656	0.009999990167431526	1.000000009807732	1.000000009743334	0.009999990023945486	0.09414601876674857	0.009999996667187873	0.06331915370048588	0.009999993764068862	0.009999992063025369	0.009999991346384504	0.009999992275467674	0.009999991149612314	0.1359607663993324
0.1547913605617802	-0.5766977051939847	1.664976861252008	0.8641385254030123	1.147260255170312	0.4494475208858548	0.4671759288799665	-1.097895364454941	-0.2660480546670936	0.2759600437967228	0.1627977987645205	1.097424485244811	4.527424426217824	0.397525302280495	4.658157094234995	-6.747828212500425	-1.33572348274365	-0.8621660405828017	1.660437455610392	-0.1141556415070399	-6.131409768202361	0.208696160579908	0.7935155299287578	0.1120314904915285	0.3175584148941891	0.01174182998695473	0.1031373163965571	0.9061431166829688	0.9314001870568906	0.01428956626771466	0.03415834974982712	0.2672187357800946	0.02534102240835475	0.132880084661829	0.2029205055217192	0.01000024001415594	0.01069040893350833	0.01000228780104587	0.1414209556980179	1.006655182621936	0.009999991096101413	0.9999999248532991	0.009999990502499379	1.000000009327959	0.009999990570746069	0.00999999016653194	1.000000009796977	1.000000009724885	0.009999990022641668	0.1768962817020626	0.009999994986787787	0.1166381646836729	0.009999993556736631	0.009999991941557738	0.009999991610826217	0.009999991828187603	0.009999991133194303	0.1387337521864212
0.1571366842066557	-0.5745771551682606	1.675569876210529	0.8650388870123989	1.158603651625873	0.4345380500907762	0.4645620403420423	-1.099730879098157	-0.2628317360358195	0.2756416526895044	0.1480285195599374	0.7241117606658071	4.50656366428912	0.3708234639874358	5.000419746891827	-5.979792352124564	-0.9085656958573227	-0.711427084587032	1.081849124189701	-0.145227051992136	-6.461283161733833	0.187620765304597	0.7936761767265688	0.0995412090588209	0.3825210936945138	0.01148249686651144	0.09156076689045411	0.9132222614259522	0.9365670287693683	0.01365453171386093	0.06715678400942066	0.2417693876268557	0.05352478415251036	0.1183444111266099	0.1823033592284797	0.01000020650210609	0.01058737395891138	0.01000194452259329	0.141178112579378	1.002970182707258	0.009999990905946941	0.5954862251715304	0.009999990468038275	1.000000009405048	0.009999990739762982	0.009999990172062316	1.000000009782132	1.000000009694335	0.009999990021636734	0.3620363190315078	0.009999994169297146	0.3257040675213014	0.009999993844400536	0.009999991886958303	0.01000003881965339	0.009999991768830362	0.009999991092405279	0.139911382003847
0.1594820078515311	-0.5732391683741729	1.686118753808291	0.8658805340998721	1.170646851964125	0.4213355283699655	0.4628425528598064	-1.101271529736001	-0.2609756574166303	0.2753357266195013	0.1324994342694825	0.4300852603609789	4.489785816420683	0.3474558612957426	5.254922392892165	-5.292209003614269	-0.5730133487777013	-0.6107175839775616	0.5004781339559683	-0.1035259467588713	-6.779342591914749	0.168245058567405	0.7630821861033578	0.08834142938659645	0.4382651924419438	0.01126171525355565	0.08121398490714297	0.9197642837094494	0.9413434147650003	0.01311290082415973	0.1177244713189415	0.2181674632724993	0.1039599715984438	0.105220685095566	0.1633692351531488	0.01000018507773771	0.01049972343079568	0.01000165264237288	0.1411007113016438	0.9992851827925801	0.009999990715792467	0.1909725254897615	0.009999990433577171	1.000000009482137	0.009999990908779897	0.009999990177592691	1.000000009767287	1.000000009663785	0.009999990020631802	0.5471763563609531	0.009999993351806504	0.5347699703589299	0.009999994132064441	0.009999991832358871	0.01000008602848057	0.009999991709473121	0.009999991051616254	0.1410890118212729
0.1618273314964065	-0.5724275156408553	1.696636930653223	0.8666756957990949	1.183107927647352	0.4095567386706855	0.4617221755844301	-1.102655122668708	-0.2604528502085521	0.275222802046704	0.1162427974262962	0.2942640763012609	4.481370940106781	0.3323710892409724	5.336962750315293	-4.790576462542243	-0.4195259446167124	-0.5846049302748983	-0.04751835318958362	0.01604124835465854	-7.081519646803352	0.1505058657983014	0.7161328039272676	0.07834546710053841	0.48717540125244	0.01107366204675183	0.07200845851819897	0.9258110975375013	0.9457594595819521	0.01265085313760972	0.1825063213050021	0.1963521742709284	0.1706089038944328	0.09342775048026238	0.1460541090356766	0.01013016323334376	0.01042511362215544	0.0100014042872469	0.140730194619623	1.007194784843728	0.009999990604146362	0.1004863514817642	0.009999990402020858	1.00000000954781	0.009999993701992687	0.009999990196887742	1.000000009745645	1.000000009605326	0.009999990019886036	0.7735881815739161	0.009999992891699689	0.7673849867642014	0.01000000449671004	0.009999991822507872	0.01169710415093073	0.009999991689514317	0.009999991021450969	0.1348666418530274
0.164172655141282	-0.5717078230626217	1.707147109009079	0.8674477512949554	1.195519156431823	0.3986849923467494	0.4607005619796828	-1.104086169848798	-0.2611651035155272	0.2754523088853448	0.09929265480997831	0.3516652475966146	4.482965018708398	0.3277517974981966	5.21241491306847	-4.518717995389888	-0.4887915648506008	-0.6511847045698183	-0.5527330232776108	0.1884861277249934	-7.370737109807295	0.1343350337216475	0.6655158334525867	0.06946369898810437	0.5305441658297141	0.01091362081996993	0.06385398160103314	0.9314001872811437	0.9498421906873148	0.01225709929887829	0.2595995494710836	0.1762628010147164	0.2498043789900147	0.08287935410805713	0.130288638712651	0.01049458215323741	0.01036165294479741	0.0100011931177198	0.1396766944959553	1.015104386894875	0.009999990492500258	0.01000017747376696	0.009999990370464543	1.000000009613484	0.009999996495205478	0.009999990216182794	1.000000009724002	1.000000009546867	0.009999990019140269	1.000000006786879	0.009999992431592874	1.000000003169473	0.01000001486135564	0.009999991812656876	0.01339412227338089	0.009999991669555513	0.009999990991285684	0.1286442718847819
0.1665179787861575	-0.5706186105104051	1.717673028999574	0.8682217923370766	1.207390444502384	0.3881708815699102	0.4592453761036585	-1.105792134097667	-0.263007254760238	0.2761193329663412	0.08167579997257639	0.5873039943169692	4.493696184946145	0.3327864188107311	4.900690245934022	-4.460595235587068	-0.7636891831780596	-0.8147020137980577	-1.011092752970633	0.3725557921982411	-7.656245670083814	0.1196613085308719	0.6147988065723993	0.06160594777829729	0.5694021891859219	0.04818473487161658	0.05666046747933772	0.9365670289764283	0.9536172248211567	0.01192143733356524	0.3339611149843244	0.1578373248771535	0.325894068036014	0.0734873674389199	0.1160003023245878	0.01275680206722915	0.01030764026145371	0.01000101343918905	0.1378728167961351	1.043044686169629	0.009999990430569492	0.01000008723663965	0.009999990346041611	1.000000009645544	0.5050000024659862	0.009999990240368494	1.000000009688675	1.000000009419193	0.009999990018640957	1.000000005415563	0.009999992164332854	1.000000004194123	0.01000001026580403	0.009999991820340641	0.03731813697747791	0.009999991535122899	0.009999990988197443	0.1199656905702175
0.1688633024310329	-0.5689054638525441	1.728228124423914	0.8690109226340375	1.218458422874618	0.3776995652309174	0.4570641634602883	-1.107959750208893	-0.2658745331570938	0.2771633901394396	0.06336105010790996	0.8837317766725911	4.507844684172606	0.3406193220912573	4.527383915250137	-4.482224577571134	-1.10791871084799	-1.044863302716291	-1.426921244067407	0.5100051580948453	-7.965874611439019	0.1064070626751571	0.5672959716199807	0.0546827733358875	0.6044187926209357	0.1420515934959751	0.05033985063551101	0.9413434149558183	0.9571075771308749	0.01163556615778751	0.3963436552781153	0.1410093836767587	0.3894459982064832	0.06516166003648911	0.103110219584739	0.01820907019323758	0.01026170349436406	0.01000086066633798	0.1352577508573577	1.070984985444383	0.009999990368638724	0.009999996999512338	0.009999990321618678	1.000000009677604	1.000000008436767	0.009999990264554193	1.000000009653349	1.000000009291519	0.009999990018141643	1.000000004044247	0.009999991897072831	1.000000005218773	0.01000000567025241	0.009999991828024406	0.06124215168157491	0.009999991400690285	0.009999990985109199	0.111287109255653
0.1712086260759084	-0.5665170721792983	1.738816050103842	0.8698164295908085	1.228673623509094	0.3671883986118494	0.4541004080799799	-1.110714841346558	-0.2696765773690895	0.278444431011616	0.04428168049270968	1.144222286551165	4.520795414669612	0.3458050252465788	4.188982294630354	-4.472324786541714	-1.409029697702815	-1.296253322669683	-1.812655228982083	0.5754436758932401	-8.310208505668248	0.0944915575239577	0.5227457254234615	0.04860606113935694	0.6361555200177911	0.2406116794466284	0.04480597935241699	0.9457594597572018	0.9603350710107516	0.01139199607942696	0.4503852653633051	0.1257096912299954	0.4443727155558761	0.05781205974030816	0.09153649434798183	0.05224701212960033	0.0102226090500484	0.01000073067698525	0.1324166502916617	1.109602150383722	0.009999990330843518	0.009999995342936318	0.009999990304184645	1.000000009697123	1.000000008933163	0.009999990331864049	1.000000009584837	1.000000008636183	0.009999990017923991	1.000000003575003	0.009999991727512406	1.000000005666963	0.0100000045510623	0.009999991835665772	0.4368500688831127	0.009999991310632797	0.009999990977718179	0.1108956145930593
0.1735539497207839	-0.563579470147845	1.749432044673311	0.8706307187158674	1.238132058322688	0.3567635008625962	0.4505038064178029	-1.114001005146898	-0.274364593249439	0.2798298876007762	0.02435290640331373	1.352076825260949	4.531780732063111	0.3481084106927431	3.882043710254802	-4.408657869621587	-1.647585194193628	-1.497741236075609	-2.182443127189799	0.5990467854299805	-8.690213425872267	0.08382884753248218	0.4809417489042746	0.04329186824728594	0.6650168456707908	0.3178731712879871	0.03997785374497366	0.9498421908474215	0.9633193284805198	0.01118465032302746	0.497845776738046	0.1118626596260207	0.4925264752664573	0.05135011157876906	0.08119234223918237	0.1284152615648968	0.0101893624203703	0.01000062015193921	0.1298523853552181	1.148219315323061	0.009999990293048313	0.009999993686360297	0.00999999028675061	1.000000009716642	1.000000009429559	0.009999990399173906	1.000000009516325	1.000000007980846	0.009999990017706337	1.000000003105759	0.009999991557951979	1.000000006115154	0.01000000343187218	0.009999991843307137	0.8124579860846505	0.009999991220575311	0.009999990970327157	0.1105041199304655
0.1758992733656593	-0.560221436397578	1.760071210537178	0.8714472635617366	1.246897015884471	0.3465590485372066	0.44642715031129	-1.11764823354599	-0.2799066578585993	0.2812436416254891	0.003494135119579548	1.50161879751905	4.540436038070199	0.3476825191498066	3.59658231293479	-4.282698434501668	-1.817249685766802	-1.595466585381038	-2.541732153005192	0.6054844131434552	-9.102328342883617	0.07433103709089631	0.4417004100415438	0.03865907592482791	0.6913544633473414	0.3827883129999599	0.03577767691339476	0.9536172249663898	0.9472334276411418	0.01100805240213036	0.5373694455846572	0.09938948236522192	0.5353451075505651	0.04568913782061783	0.07198924652763429	0.2139789972700004	0.01016106962952431	0.01000052611035655	0.1278664132193587	1.190917684841774	0.009999990268234378	0.009999993065478512	0.009999990273825308	1.000000009728561	1.000000009502625	0.009999991014130296	1.000000009375415	0.5050000015972941	0.009999990017941897	0.9362435409426132	0.009999991445911058	1.000000006366259	0.01000000255802832	0.009999991850283937	0.9062289970317408	0.009999991147100418	0.009999990976322043	0.1155873305606118
0.1782445970105348	-0.5565823613673248	1.770727534218964	0.8722591052378337	1.255022124040826	0.336724595467344	0.4420340351913913	-1.121405009449489	-0.2862781438219196	0.2826650163254314	-0.01836635805911466	1.591737803907039	4.546412246102738	0.3440977320110918	3.33640523786258	-4.093137019153459	-1.917449026485921	-1.591159050411057	-2.889741120771497	0.6055453983151984	-9.544442561496092	0.06590805765233786	0.4048762119783092	0.03463312726270387	0.7154393272735596	0.4384976595611574	0.03213474529248422	0.957107577261364	0.8952443170461893	0.01085776821595068	0.5675425409522386	0.08820570864620908	0.5737029089496776	0.04074738963519308	0.06383700035512796	0.2916428685071424	0.01013701020915266	0.01000044615205684	0.1267155062015211	1.233616054360488	0.009999990243420442	0.009999992444596727	0.009999990260900007	1.00000000974048	1.000000009575692	0.009999991629086684	1.000000009234506	0.009999995213741984	0.009999990018177456	0.8724870787794667	0.009999991333870136	1.000000006617364	0.01000000168418446	0.009999991857260734	1.000000007978831	0.009999991073625524	0.009999990982316928	0.1206705411907581
0.1805899206554102	-0.5528002627762659	1.78139460044793	0.8730585576773834	1.262569190674486	0.327406286674578	0.4374853313335733	-1.125039673408576	-0.2934467594014256	0.2840869251748651	-0.04131097932366198	1.626437291697953	4.549814754067859	0.3372062616404088	3.102228395788016	-3.849968547019619	-1.953074062212046	-1.496038821930957	-3.210655606469448	0.6075828461383376	-10.03302290532929	0.05846970634258689	0.3703392635011411	0.03114315248843504	0.7375130606095799	0.4873805232702317	0.0354677500813848	0.9603350711008214	0.8288718406238756	0.01072980503161258	0.5904542183447419	0.07822461530431872	0.6083186657222346	0.03644623741144581	0.05664551844027611	0.3606435406308731	0.01011653661100211	0.01000037812078446	0.1260351224995073	1.290392717348438	0.009999990228084373	0.009999992225833728	0.009999990251032988	1.00000000974795	1.000000009611502	0.09858501374927992	1.000000007888889	0.009999993143848052	0.009999990019385717	0.8273589697084461	0.009999991245332584	1.000000006743398	0.01000000102363178	0.009999991865075391	1.000000008113996	0.009999991023426672	0.009999991004785311	0.1213216028567299
0.1829352443002857	-0.5489863877671642	1.792068038073446	0.8738387678482037	1.26958667612646	0.3186806795115296	0.4329124104301465	-1.128364700391416	-0.3012785438977431	0.2855176944702013	-0.06548023003197319	1.618835486661568	4.551845523137751	0.3276886800908056	2.884799180982322	-3.587704320333616	-1.938100372974216	-1.327112783769679	-3.455265557674454	0.6131012389958459	-10.58875851033301	0.05192732507924266	0.3379854587236181	0.02812595396661742	0.7577705943558609	0.5307271581330543	0.0506443145649098	0.9633193284812566	0.7672534682557915	0.01062093499019064	0.6076567499193009	0.06935656223172555	0.6396899099681608	0.03271403136052065	0.05032674062182228	0.4192967560262828	0.01009912709434681	0.0100003202803199	0.1255129239017067	1.34716938033639	0.009999990212748307	0.00999999200707073	0.009999990241165969	1.000000009755421	1.000000009647311	0.1871700358694732	1.000000006543272	0.00999999107395412	0.009999990020593976	0.7822308606374258	0.009999991156795033	1.000000006869432	0.01000000036307909	0.009999991872890048	1.00000000824916	0.009999990973227818	0.009999991027253692	0.1219726645227018
0.1852805679451612	-0.5452291600826283	1.802745664649487	0.8745941870144665	1.276106072041144	0.3105644069908419	0.4284225628402554	-1.131220930423361	-0.3095589422201369	0.2869642220030903	-0.09102567763627969	1.582652638977467	4.553706182553031	0.3163135397981349	2.674292344706957	-3.338958635804743	-1.887254679253382	-1.101971333392491	-3.586352716931775	0.6181644483269132	-11.20075546119668	0.04619395511979576	0.3077209409892249	0.02552226409237767	0.7763889124468899	0.5695666550785539	0.07134401874756086	0.9472334275037499	0.709860368698355	0.01052825330223669	0.6227387949252985	0.06151136752226885	0.6682431370903364	0.02948292864774184	0.04479452229879487	0.4704781736105479	0.01008431277078737	0.01000027107406283	0.1245164609004517	1.419993299082303	0.009999990205455065	0.009999991964110843	0.009999990234981394	1.000000009758833	1.000000009655845	0.2193415267859876	0.5049999993704858	0.00999999091170051	0.009999990024285855	0.8103522762859114	0.009999991116620767	1.00000000697495	0.009999999730776449	0.009999991849711103	1.000000008323201	0.009999990949598662	0.009999991109822436	0.1125373498632113
0.1876258915900366	-0.5415745815939723	1.813428292762782	0.875321593698634	1.28212899220488	0.3029933594964229	0.4240759634353344	-1.133502715942741	-0.3180090139351759	0.2884066087920144	-0.1180441575175179	1.531300279225008	4.556110637903259	0.3038007342575971	2.461424136746791	-3.122757806482479	-1.815943940293262	-0.8372490382511697	-3.599956370830259	0.609570174979195	-11.84490265073794	0.04118743765666848	0.2794679491162999	0.02328051195344083	0.7935154747591604	0.6045674843234201	0.09273503143304561	0.8952443167228945	0.656281868727242	0.0104494142277048	0.6387845249079187	0.0545996103606263	0.6942983539198283	0.02669285691120027	0.03996787357120389	0.515673075450706	0.01007171591599756	0.01000022924863762	0.1225076773297687	1.492817217828216	0.009999990198161826	0.009999991921150956	0.009999990228796819	1.000000009762245	1.00000000966438	0.2515130177025021	0.009999992197699674	0.009999990749446901	0.009999990027977733	0.8384736919343972	0.009999991076446502	1.000000007080467	0.009999999098473804	0.00999999182653216	1.000000008397241	0.009999990925969504	0.009999991192391176	0.1031020352037209
0.1899712152349121	-0.538048998757846	1.824117601151287	0.8760188146232536	1.287643985692847	0.2958804592058102	0.4199098174542001	-1.135129773992819	-0.3263545759835478	0.2898015488538718	-0.1466031984401499	1.47477165182858	4.55938401722299	0.2906848876352908	2.240448873132725	-2.947692755613712	-1.736101513886307	-0.5478800836035913	-3.503608874109045	0.5731822789217628	-12.51149158041073	0.03682868398251775	0.2531545920404387	0.02135284714752017	0.8092858927663024	0.6362905288700365	0.1091220454017261	0.8288718401530549	0.6061543512991678	0.01038230774043523	0.6561213493306762	0.04853320681738123	0.7181380619152575	0.02428765382700595	0.03576900855193908	0.5560533207358368	0.01006099709212147	0.01000019367295615	0.1193299022119236	1.604181627955604	0.009999990199824777	0.009999992051751665	0.009999990227778879	1.000000009760994	1.000000009652841	0.1958183264135189	0.009999991543951378	0.009999990756949358	0.009999990044985148	0.8769337767465113	0.009999991132943068	1.000000007241335	0.009999998411193043	0.009999991725543951	1.000000008311448	0.009999990917076755	0.009999991270212175	0.08921755942950095
0.1923165388797875	-0.5346588561306338	1.83481509179089	0.8766847326516417	1.292633001578139	0.2891440311470718	0.4159357151163089	-1.136061548133073	-0.3343812782751182	0.2910633190400789	-0.1767422424878262	1.415802182226713	4.563088140660237	0.2771068523280763	2.012891070681307	-2.801717055713098	-1.652176654986951	-0.2443381951407778	-3.328045278731346	0.4960081291255669	-13.19226733406993	0.03304551744712034	0.2287170069425416	0.01969843091504877	0.8238157517028835	0.6651398607780206	0.1162142797499375	0.7672534677522687	0.5591925261806759	0.01032523126891647	0.6750377137163869	0.04322826375955726	0.7399860417440343	0.02221872448535808	0.03212723612466841	0.5923614644164161	0.01005188289198234	0.01000016343626589	0.1148405936542475	1.715546038082992	0.009999990201487728	0.009999992182352374	0.009999990226760938	1.000000009759743	1.000000009641302	0.1401236351245356	0.009999990890203082	0.009999990764451811	0.009999990061992564	0.9153938615586253	0.009999991189439634	1.000000007402202	0.009999997723912281	0.009999991624555744	1.000000008225655	0.009999990908184002	0.009999991348033175	0.07533308365528096
0.194661862524663	-0.53140647227771	1.845521420393986	0.8773184322286907	1.29708034480252	0.282724789680475	0.4121580745797062	-1.136272674361845	-0.3419281979918888	0.2920914480342804	-0.2084903355885447	1.358910820312601	4.566818239017973	0.2632923868109361	1.777776519277392	-2.674754849967055	-1.570857688685327	0.06405423519776676	-3.100954781069408	0.3815122510165009	-13.86531684595583	0.02976955016570885	0.2060935089028211	0.0182796820864625	0.8372123247538965	0.6914668474738886	0.1151059277080708	0.7098603682167131	0.5151429272026142	0.01027665387473554	0.6955420274640141	0.03860371991832217	0.760044014936757	0.02044108847370355	0.02897570162369922	0.625215652975771	0.01004412763140428	0.01000013771161176	0.1109821984692284	1.668804928675759	0.009999990207236428	0.009999992239073342	0.009999990233268051	1.00000000975239	1.000000009626055	0.07506181357694466	0.009999990772620895	0.00999999073501627	0.00999999085459854	0.9576969216808852	0.00999999114336214	1.000000007565018	0.009999997066237472	0.009999991493233612	1.000000008013149	0.009999990873987315	0.009999991307905179	0.09051833780598653
0.1970071861695384	-0.5282790201608193	1.85623628158966	0.8779197682905032	1.300963235949732	0.2765864673239381	0.4085598205937835	-1.135762235861351	-0.348895256253813	0.292856481062325	-0.2417047648712167	1.309265298666058	4.57036440088738	0.2495085161178393	1.531548482077467	-2.562160258787717	-1.499202841695228	0.3709838998230441	-2.833562177336609	0.2716502101391987	-14.44270130735748	0.02694015259500722	0.185223776353212	0.01706500152107429	0.8495685230758611	0.7155422250351244	0.1061778778192296	0.6562818682682643	0.473805575854528	0.01023534096684098	0.7176440075781721	0.03458508702679284	0.7784779089414577	0.01891652376962514	0.02625533707275344	0.6550544482510733	0.01003753343744458	0.01000011583312946	0.1094290932968566	1.622063819268525	0.00999999021298513	0.009999992295794312	0.009999990239775167	1.000000009745037	1.000000009610808	0.009999992029353675	0.009999990655038711	0.009999990705580731	0.009999991647204514	0.9999999818031451	0.009999991097284647	1.000000007727834	0.009999996408562667	0.009999991361911478	1.000000007800642	0.009999990839790628	0.00999999126777718	0.1057035919566921
0.1993525098144139	-0.5252559600582685	1.866958819805455	0.8784886843855078	1.304254418298017	0.270705748542738	0.405112855161976	-1.134539467268852	-0.3552423705557479	0.2934022217011513	-0.2756864444681464	1.270255775322631	4.573022874715702	0.2353124769162797	1.274564980361915	-2.447608255888417	-1.44306253223434	0.6690988421165771	-2.619116791714463	0.2008399693490084	-14.14812363289438	0.0245006109791191	0.1660467263627504	0.01602549225754395	0.8609711380249736	0.7376074335122078	0.09553733182516001	0.6061543508613485	0.4350024564308783	0.04765413977802493	0.7395352300354708	0.03110156736907083	0.7954395385346601	0.01760992196445847	0.0239109719350118	0.6822571012048626	0.01003192251108073	0.01000009721199765	0.1094905640523439	1.533665972541562	0.009999990214078141	0.00999999216987602	0.009999990245729232	1.000000009740606	1.000000009609862	0.02969645497318108	0.009999990640564066	0.009999990612129611	0.5050000004142318	0.9999999953185299	0.00999999103504569	1.000000007769824	0.00999999593431003	0.009999991329418376	1.00000000767607	0.009999990795016142	0.009999991232910722	0.1139842830686799
0.2016978334592893	-0.5223133152266548	1.877684970823182	0.8790219960195665	1.306939529834664	0.2651294183112383	0.4017776558632967	-1.1326361422664	-0.3613687459547311	0.2938318727447713	-0.306251379774931	1.240690310209386	4.573445256647314	0.219146428545352	1.01471506937336	-2.302589644415992	-1.403893067820394	0.9513357087858181	-2.645324700232877	0.1726535574086636	-11.52903581167144	0.02240180535685415	0.1484977407189576	0.01513713071633707	0.871496199387314	0.7578572728157984	0.08851961676582053	0.5591925257602942	0.3985924412205039	0.1416762551450259	0.7596279981998272	0.02809003862793502	0.811057132854252	0.01649186125142514	0.02189495209583258	0.7071128520298831	0.01002715166341148	0.01000008137409743	0.110559470827802	1.445268125814597	0.009999990215171154	0.009999992043957733	0.009999990251683296	1.000000009736174	1.000000009608915	0.04939291791700849	0.009999990626089418	0.009999990518678491	1.000000009181259	1.000000008833915	0.009999990972806735	1.000000007811813	0.009999995460057393	0.009999991296925274	1.000000007551497	0.009999990750241659	0.009999991198044263	0.1222649741806676
0.2040431571041648	-0.5194356457530732	1.888408939482333	0.879514581111674	1.309019867281729	0.2599462274725712	0.398521678189818	-1.130088231511443	-0.3678955735659702	0.2942434227056942	-0.3277984525773716	1.212139419392195	4.571442324749687	0.2010858475367245	0.7594456235447268	-2.112530936309415	-1.371483684141117	1.222362999234652	-2.922219237737623	0.1843109956700355	-7.000164193783509	0.02059825029994302	0.1325095353578957	0.01437805059795511	0.8812150574149187	0.7764686138275252	0.08225462974351565	0.5151429267978624	0.3644494785637287	0.2403278523732733	0.7780968877828058	0.02549130839940749	0.8254492662417402	0.01553547307919396	0.02016320063743671	0.7298786299500811	0.01002309223506752	0.01000006789322131	0.1125503290392965	1.33016045734185	0.009999990214078127	0.009999992027244728	0.009999990250805604	1.000000009729688	1.000000009609382	0.02969647998843303	0.009999990612783031	0.009999990484728511	1.000000006192881	1.000000008636176	0.00999999092491405	1.000000007760737	0.00999999510401205	0.009999991348588021	1.000000007507114	0.00999999070250767	0.009999991165490279	0.1312479655103096
0.2063884807490403	-0.5166329155152335	1.899127561886171	0.8799660398237623	1.310502433648017	0.2552432707690885	0.3953501068916313	-1.126898057643266	-0.3750839201405365	0.2947246055868264	-0.3398123315553908	1.176785069748644	4.568886179843001	0.1840754650054999	0.5049593415587097	-1.893064812963672	-1.331914622136529	1.499032496496321	-3.20944212153021	0.2320337801437838	-3.399502094436903	0.01905126540082365	0.1180087365733688	0.01373022696823978	0.8901907199343405	0.79358883108084	0.07417665950879292	0.4738055754653828	0.3324723579526832	0.3176394039553234	0.7950875386847951	0.02325387841186823	0.8387179826502378	0.01471847610787265	0.01867831347784355	0.7507602631138878	0.01001964061638895	0.01000005642618712	0.1153865420189078	1.215052788869103	0.0099999902129851	0.009999992010531724	0.009999990249927914	1.000000009723201	1.000000009609848	0.01000004205985756	0.009999990599476647	0.009999990450778531	1.000000003204503	1.000000008438437	0.009999990877021366	1.000000007709662	0.009999994747966708	0.00999999140025077	1.00000000746273	0.009999990654773683	0.009999991132936295	0.1402309568399515
0.2087338043939157	-0.51391854341067	1.909840771955269	0.880380465274085	1.311381398231376	0.2510709589165239	0.3922792364423791	-1.123046971779698	-0.3828312223409358	0.295357423732704	-0.3457432596286475	1.139552599538389	4.567051275244553	0.1696551830025532	0.2420650227226712	-1.666703612050582	-1.288585238240498	1.785110249338311	-3.387743789312272	0.308196207787234	-1.809533796131681	0.01772530987415177	0.1049187004616209	0.01317731059509227	0.8984825108372939	0.8093534608233458	0.06577142279171741	0.4350024560601793	0.3025696977830656	0.3674090048446325	0.8107339579393469	0.02132996853864629	0.8509583577912772	0.01402061074539892	0.01740595288534979	0.7699441121612078	0.0100167037131204	0.01000004666774906	0.1179778136605382	1.186797218845795	0.00999999020843937	0.009999992082786872	0.00999999024113607	1.00000000970291	1.000000009613561	0.01000001725143917	0.009999990585298369	0.009999990426025474	0.6820648899136551	1.000000008309473	0.009999990829313389	1.000000007516212	0.009999994478024981	0.009999991510450518	1.000000007508646	0.009999990612324608	0.009999991143074771	0.1334251260552172
0.2110791280387912	-0.5112800416103446	1.920550608559196	0.8807633563521952	1.311626044767053	0.2474169812837298	0.3892974492654045	-1.118524323274666	-0.3909304947753235	0.2961730010388162	-0.3490102541412119	1.112085850599362	4.566009421081392	0.1571841894397876	-0.03596220593662547	-1.451049723998758	-1.255947902172391	2.071714772507158	-3.509588529687925	0.3878836225602528	-1.127804056929235	0.01659058240904508	0.09315677503150223	0.01270590909130371	0.9061431173648082	0.8238780290709646	0.05834944752042822	0.3985924408738892	0.274665439961907	0.3811367100465652	0.8251504666801617	0.01967880444176421	0.8622533022177119	0.01342520764456516	0.01631737224395675	0.7875846847232617	0.0100142065589054	0.01000003837212331	0.1194219540675074	1.158541648822487	0.009999990203893638	0.009999992155042018	0.009999990232344229	1.00000000968262	1.000000009617273	0.009999992443020786	0.009999990571120091	0.009999990401272417	0.3641297766228067	1.000000008180509	0.009999990781605416	1.000000007322763	0.009999994208083254	0.009999991620650265	1.000000007554561	0.009999990569875529	0.009999991153213246	0.1266192952704829
0.2134244516836666	-0.5086898706514841	1.931258965397666	0.8811189123208023	1.311198807217901	0.2442474092502121	0.3863739425977726	-1.113332639257229	-0.3992726575354368	0.2971596046360113	-0.3511987921508199	1.098895149048461	4.565774792990589	0.1462171258612612	-0.3308489280425744	-1.255012662048242	-1.239604620602922	2.355047613575372	-3.60082718778172	0.4510682495354389	-0.759575124574016	0.01561986137352184	0.08263772953229861	0.01230390627753754	0.9132222620482926	0.837269755883039	0.05182151662085584	0.3644494782443256	0.2486890428607792	0.3755446319924339	0.8384432036387098	0.01826286596304835	0.8726804802454156	0.01291715865281115	0.01538633071874281	0.8038237933286354	0.01001208179679615	0.01000003131460457	0.1204301062799869	1.172287545455237	0.009999990199320647	0.009999992267326211	0.009999990223168895	1.00000000969061	1.000000009620426	0.009999991850323834	0.009999990556917233	0.009999990374504834	0.274369227687161	1.000000007797099	0.00999999073926962	1.000000007063429	0.009999993934863598	0.009999991723007218	1.000000007625983	0.009999990539737711	0.009999991155444022	0.1289161695856052
0.2157697753285421	-0.5061152638594927	1.941967599237998	0.8814501340002266	1.310062517684573	0.2415152634789531	0.3834711712045513	-1.107479980649915	-0.407804506238252	0.2982776160372894	-0.3526720311446697	1.098813339657901	4.566245637402944	0.1364328622308487	-0.6406139227468172	-1.078029767273778	-1.238265673575986	2.635367973481454	-3.671345260462589	0.4999430429052514	-0.5178251166478517	0.01479056285592914	0.07327266423012371	0.01196142327583081	0.9197642842785999	0.8496215091870353	0.04610172761927309	0.3324723576611197	0.2245773438730463	0.3623652996477266	0.8507041562358256	0.01705060788930942	0.8823082557839089	0.01248410506064768	0.01459108417929082	0.8187818880017466	0.01001027518739662	0.01000002531426026	0.1215917310637064	1.186033442087987	0.009999990194747654	0.009999992379610403	0.009999990213993561	1.0000000096986	1.000000009623579	0.009999991257626881	0.009999990542714377	0.009999990347737251	0.1846086787515152	1.000000007413689	0.009999990696933825	1.000000006804095	0.009999993661643943	0.009999991825364171	1.000000007697404	0.009999990509599896	0.009999991157674798	0.1312130439007275
0.2181150989734175	-0.503526535870164	1.95267810878205	0.8817596165496078	1.308183683317635	0.2391765418120532	0.380555178243688	-1.100972778454507	-0.416481087246498	0.2994960686989154	-0.353648816135372	1.110394415933234	4.567350268510308	0.1276196843996034	-0.9633931163067209	-0.9190058858493578	-1.250241092164528	2.913559226976953	-3.724943813083377	0.5354018107888262	-0.3215447116337817	0.01408214849321811	0.06497170632404431	0.01166953942725531	0.9258110980593385	0.8610200410117703	0.04110664962071994	0.3025696975194011	0.2022690643017103	0.3448942963718619	0.8620192752665744	0.01601318357718763	0.89120091142609	0.01211487212221998	0.01391186772555911	0.8325705998598293	0.01000873799682748	0.01000002021052232	0.1223907490069586	1.20723711282771	0.009999990190101983	0.00999999255339144	0.009999990204908153	1.000000009701774	1.000000009626339	0.009999991012257542	0.009999990522864365	0.009999990325089123	0.1549993531933511	1.000000007599421	0.009999990659899431	1.000000006472484	0.009999993385355298	0.009999991918098753	1.000000007748286	0.009999990490166213	0.009999991178035447	0.1253955678227653
0.220460422618293	-0.5008990928878958	1.963391867101871	0.8820494000916539	1.305535086571881	0.2371920278049703	0.3775979955412608	-1.093814250406144	-0.4252639631036232	0.3007716239754268	-0.3542103318221609	1.131827966892088	4.569016065932847	0.1196343215449526	-1.297037082507114	-0.775975370141039	-1.27339066935536	3.190793110117445	-3.761989337762175	0.548637912809484	-0.1636997448067876	0.01347771412759598	0.05764488694023861	0.01142100606756974	0.9314001877611622	0.8715413483046435	0.03675888830273196	0.274665439725585	0.1817037751038451	0.3260584278249059	0.8724638882818537	0.01512661278428505	0.8994154084948219	0.01180035777976185	0.01333242829527384	0.8452863766140882	0.01000743098270182	0.01000001587410145	0.1223942070315118	1.228440783567432	0.009999990185456314	0.009999992727172472	0.009999990195822745	1.000000009704948	1.000000009629099	0.009999990766888204	0.009999990503014353	0.009999990302440996	0.1253900276351869	1.000000007785154	0.009999990622865039	1.000000006140872	0.009999993109066654	0.009999992010833332	1.000000007799167	0.009999990470732533	0.009999991198396096	0.1195780917448031
0.2228057462631685	-0.4982114436394421	1.974110113596615	0.882321278322566	1.302093154037179	0.2355262034626466	0.3745753064381173	-1.086005738810564	-0.4341163667401273	0.3020467312698862	-0.3544229777491167	1.160737344895113	4.571139291139527	0.1122734101932819	-1.638955730522794	-0.6460117237074274	-1.304919437671255	3.468605428004464	-3.784897602943824	0.5367415889473339	-0.01925886209663805	0.01296193678112378	0.05120316372281356	0.01120928663597632	0.9365670294200011	0.8812567511160352	0.03298456713065284	0.2486890426513757	0.1628200705447284	0.3069081049090905	0.8810779483108235	0.01436906922262343	0.9070054530304991	0.01153234621354473	0.01283803845757959	0.8570192232896288	0.01000631888572519	0.01000001218602503	0.1223711339009285	1.289566811849611	0.009999990184411917	0.009999993005968101	0.009999990196894628	1.000000009702644	1.000000009624819	0.009999990665703782	0.009999990482644737	0.009999990285860402	0.1168952561003404	0.9730910414242593	0.009999990600892844	1.000000005855807	0.009999992861726132	0.009999992035828565	1.000000007732214	0.009999990455260685	0.00999999120020126	0.1247208747568079
0.2251510699080439	-0.4954514651344538	1.98483372820351	0.8825763195085899	1.297843346724126	0.2341550721254881	0.3714738918145173	-1.077541402434167	-0.4430077530153182	0.3032799926953487	-0.3543082789372518	1.193507519471295	4.573593781391171	0.1052763501622784	-1.985961001485274	-0.5246727358038563	-1.34052470488896	3.750054755945345	-3.795232202790071	0.5129533972942995	0.115447007100365	0.0125222790338562	0.04556097478895497	0.0110290829353473	0.9413434153682129	0.8902292315491218	0.02971730003462081	0.2245773436902205	0.1455526808404102	0.288427812966716	0.886998851602092	0.01372256178230416	0.9140188591347789	0.01130416643744154	0.01241665600185476	0.8678478475175678	0.01000537331414173	0.01000000905049636	0.1229680301237154	1.350692840131789	0.009999990183367519	0.00999999328476373	0.009999990197966506	1.000000009700341	1.00000000962054	0.009999990564519362	0.009999990462275123	0.009999990269279807	0.1084004845654938	0.9461820750633652	0.009999990578920651	1.000000005570743	0.009999992614385611	0.009999992060823798	1.000000007665262	0.009999990439788839	0.009999991202006422	0.1298636577688126
0.2274963935529194	-0.4926119808503243	1.995563405454302	0.8828152212050505	1.292775246422301	0.2330608496844301	0.3682863584198345	-1.068410326890103	-0.4519106017082726	0.3044555145162302	-0.3538752762324809	1.227639076557383	4.576267669697086	0.0984339157784842	-2.336009462372989	-0.408675264306494	-1.37732757428428	4.038269106399665	-3.795788755149853	0.4921472035088898	0.2598983203185142	0.01214740345519851	0.04063530072942231	0.01087562204785924	0.9457594601451464	0.8985180896418251	0.02689461804550337	0.2022690641431999	0.1298335618340291	0.2723987343088108	0.8895343062897123	0.01317077221993006	0.9205007954354197	0.01110980460288045	0.01205739421151086	0.8778460601998216	0.0100045687562227	0.01000000637598777	0.1244909212141269	1.302614259480848	0.009999990172096183	0.00999999354078589	0.009999990186339236	1.000000009713968	1.000000009637159	0.009999990476442473	0.009999990410027946	0.009999990228726817	0.1369434332707422	0.8956086931983939	0.009999990528374783	1.000000005543866	0.009999992253122805	0.009999991945111959	1.00000000769036	0.009999990399052328	0.009999991114011429	0.1412733170889667
0.2298417171977948	-0.4896942356449746	2.006299449559525	0.8830379645098434	1.286885512435235	0.2322370041017008	0.365014981112586	-1.058591328354596	-0.460807866363114	0.3056009667672042	-0.3530605858617425	1.260245363001883	4.579023185085689	0.09149710762336047	-2.686617976514404	-0.2941059575943378	-1.412023504424633	4.336688496619122	-3.790470354142617	0.4873112476717718	0.4409352754695984	0.01182807386534075	0.03634926424508948	0.01074504231349615	0.9498421912189626	0.9061759920123055	0.02446182939842362	0.1817037749654839	0.1155884807362927	0.2604853129024572	0.8880585153221557	0.01270033399503949	0.926491610323333	0.01094438883085408	0.01175138837005067	0.8870789616259689	0.01000388466941926	0.01000000408880118	0.1271914229836963	1.254535678829907	0.009999990160824845	0.009999993796808051	0.009999990174711969	1.000000009727594	1.000000009653777	0.009999990388365581	0.009999990357780771	0.009999990188173829	0.1654863819759907	0.8450353113334226	0.009999990477828916	1.000000005516989	0.009999991891859997	0.00999999182940012	1.000000007715459	0.009999990358315817	0.009999991026016435	0.1526829764091207
0.2321870408426703	-0.4867049728239577	2.017041930435894	0.8832440837244706	1.280175726287189	0.231684248914546	0.361668436911763	-1.04805770818847	-0.4696882516631461	0.3067613648614994	-0.3517673475178747	1.287941907308508	4.581736823423365	0.0842023678941456	-3.034662344286085	-0.1766573486970266	-1.440603376142331	4.648420384693089	-3.781686267936445	0.5043839707083287	0.6665276784958934	0.0115559527972238	0.03262954129981625	0.01063386747368881	0.9536172253270675	0.9132526419385251	0.02236805317749909	0.1628200704310515	0.1027399465169165	0.2514728450000403	0.8831398237537901	0.01229915450005717	0.9320294721785454	0.01080353128591994	0.01149063796143004	0.895607814860642	0.01000330261107535	0.0100000021663236	0.1304426726255067	1.256266572154939	0.009999990220681243	0.009999996175780068	0.009999990235533506	1.000000009619336	1.000000009515811	0.009999990492419399	0.009999990465875686	0.009999990238288872	0.1746733232346347	0.8012480892600132	0.009999990642845558	1.0000000032545	0.009999992403529608	0.009999992577058957	1.000000006689441	0.009999990480167434	0.009999991417452324	0.1563182228726121
0.2345323644875457	-0.48365735799891	2.027790731573165	0.8834325955287348	1.272653618296218	0.2314112029096706	0.3582631290479684	-1.036775731917773	-0.4785431975432944	0.3079769541835736	-0.3499123748850154	1.310005662957347	4.584412855647628	0.07648219878421562	-3.379334177708774	-0.05558093961588712	-1.462134850975857	4.974857225447978	-3.768776614824882	0.5343761616333946	0.9199602409313549	0.01132426962668078	0.0294103387514075	0.01053928867880195	0.9571075776144641	0.9197923619791213	0.0205696550691408	0.1455526807642836	0.09120458747044377	0.2442041766647594	0.8752861600139634	0.01195737432685733	0.9371485578735909	0.0106836832659124	0.01126864828440468	0.9034869816734401	0.01000280773090298	0.01000000059034705	0.1337226305947853	1.257997465479971	0.009999990280537639	0.009999998554752088	0.009999990296355041	1.000000009511078	1.000000009377844	0.009999990596473218	0.009999990573970599	0.009999990288403916	0.1838602644932787	0.757460867186604	0.009999990807862203	1.00000000099201	0.009999992915199219	0.009999993324717795	1.000000005663423	0.009999990602019049	0.009999991808888217	0.1599534693361034
