inDegrees=no
num_controls=93
num_derivatives=0
num_input_controls=0
num_iterations=3000
num_multipliers=2
num_parameters=0
num_slacks=2
num_states=150
objective=5.775556
objective_contact=0.209815
objective_control_effort=0.676310
objective_state_tracking=4.889432
solver_duration=23431.115831
status=Maximum_Iterations_Exceeded
success=false
DataType=double
version=3
OpenSimVersion=4.6-2026-06-22-85aaf64
endheader
time	/jointset/ground_pelvis/pelvis_tilt/value	/jointset/ground_pelvis/pelvis_list/value	/jointset/ground_pelvis/pelvis_rotation/value	/jointset/ground_pelvis/pelvis_tx/value	/jointset/ground_pelvis/pelvis_ty/value	/jointset/ground_pelvis/pelvis_tz/value	/jointset/hip_r/hip_flexion_r/value	/jointset/hip_r/hip_adduction_r/value	/jointset/hip_r/hip_rotation_r/value	/jointset/hip_l/hip_flexion_l/value	/jointset/hip_l/hip_adduction_l/value	/jointset/hip_l/hip_rotation_l/value	/jointset/back/lumbar_extension/value	/jointset/back/lumbar_bending/value	/jointset/back/lumbar_rotation/value	/jointset/walker_knee_r/knee_angle_r/value	/jointset/patellofemoral_r/knee_angle_r_beta/value	/jointset/walker_knee_l/knee_angle_l/value	/jointset/patellofemoral_l/knee_angle_l_beta/value	/jointset/acromial_r/arm_flex_r/value	/jointset/acromial_r/arm_add_r/value	/jointset/acromial_r/arm_rot_r/value	/jointset/acromial_l/arm_flex_l/value	/jointset/acromial_l/arm_add_l/value	/jointset/acromial_l/arm_rot_l/value	/jointset/ankle_r/ankle_angle_r/value	/jointset/ankle_l/ankle_angle_l/value	/jointset/elbow_r/elbow_flex_r/value	/jointset/elbow_l/elbow_flex_l/value	/jointset/subtalar_r/subtalar_angle_r/value	/jointset/subtalar_l/subtalar_angle_l/value	/jointset/radioulnar_r/pro_sup_r/value	/jointset/radioulnar_l/pro_sup_l/value	/jointset/mtp_r/mtp_angle_r/value	/jointset/mtp_l/mtp_angle_l/value	/jointset/ground_pelvis/pelvis_tilt/speed	/jointset/ground_pelvis/pelvis_list/speed	/jointset/ground_pelvis/pelvis_rotation/speed	/jointset/ground_pelvis/pelvis_tx/speed	/jointset/ground_pelvis/pelvis_ty/speed	/jointset/ground_pelvis/pelvis_tz/speed	/jointset/hip_r/hip_flexion_r/speed	/jointset/hip_r/hip_adduction_r/speed	/jointset/hip_r/hip_rotation_r/speed	/jointset/hip_l/hip_flexion_l/speed	/jointset/hip_l/hip_adduction_l/speed	/jointset/hip_l/hip_rotation_l/speed	/jointset/back/lumbar_extension/speed	/jointset/back/lumbar_bending/speed	/jointset/back/lumbar_rotation/speed	/jointset/walker_knee_r/knee_angle_r/speed	/jointset/patellofemoral_r/knee_angle_r_beta/speed	/jointset/walker_knee_l/knee_angle_l/speed	/jointset/patellofemoral_l/knee_angle_l_beta/speed	/jointset/acromial_r/arm_flex_r/speed	/jointset/acromial_r/arm_add_r/speed	/jointset/acromial_r/arm_rot_r/speed	/jointset/acromial_l/arm_flex_l/speed	/jointset/acromial_l/arm_add_l/speed	/jointset/acromial_l/arm_rot_l/speed	/jointset/ankle_r/ankle_angle_r/speed	/jointset/ankle_l/ankle_angle_l/speed	/jointset/elbow_r/elbow_flex_r/speed	/jointset/elbow_l/elbow_flex_l/speed	/jointset/subtalar_r/subtalar_angle_r/speed	/jointset/subtalar_l/subtalar_angle_l/speed	/jointset/radioulnar_r/pro_sup_r/speed	/jointset/radioulnar_l/pro_sup_l/speed	/jointset/mtp_r/mtp_angle_r/speed	/jointset/mtp_l/mtp_angle_l/speed	/forceset/addbrev_r/activation	/forceset/addlong_r/activation	/forceset/addmagDist_r/activation	/forceset/addmagIsch_r/activation	/forceset/addmagMid_r/activation	/forceset/addmagProx_r/activation	/forceset/bflh_r/activation	/forceset/bfsh_r/activation	/forceset/edl_r/activation	/forceset/ehl_r/activation	/forceset/fdl_r/activation	/forceset/fhl_r/activation	/forceset/gaslat_r/activation	/forceset/gasmed_r/activation	/forceset/glmax1_r/activation	/forceset/glmax2_r/activation	/forceset/glmax3_r/activation	/forceset/glmed1_r/activation	/forceset/glmed2_r/activation	/forceset/glmed3_r/activation	/forceset/glmin1_r/activation	/forceset/glmin2_r/activation	/forceset/glmin3_r/activation	/forceset/grac_r/activation	/forceset/iliacus_r/activation	/forceset/perbrev_r/activation	/forceset/perlong_r/activation	/forceset/piri_r/activation	/forceset/psoas_r/activation	/forceset/recfem_r/activation	/forceset/sart_r/activation	/forceset/semimem_r/activation	/forceset/semiten_r/activation	/forceset/soleus_r/activation	/forceset/tfl_r/activation	/forceset/tibant_r/activation	/forceset/tibpost_r/activation	/forceset/vasint_r/activation	/forceset/vaslat_r/activation	/forceset/vasmed_r/activation	/forceset/addbrev_l/activation	/forceset/addlong_l/activation	/forceset/addmagDist_l/activation	/forceset/addmagIsch_l/activation	/forceset/addmagMid_l/activation	/forceset/addmagProx_l/activation	/forceset/bflh_l/activation	/forceset/bfsh_l/activation	/forceset/edl_l/activation	/forceset/ehl_l/activation	/forceset/fdl_l/activation	/forceset/fhl_l/activation	/forceset/gaslat_l/activation	/forceset/gasmed_l/activation	/forceset/glmax1_l/activation	/forceset/glmax2_l/activation	/forceset/glmax3_l/activation	/forceset/glmed1_l/activation	/forceset/glmed2_l/activation	/forceset/glmed3_l/activation	/forceset/glmin1_l/activation	/forceset/glmin2_l/activation	/forceset/glmin3_l/activation	/forceset/grac_l/activation	/forceset/iliacus_l/activation	/forceset/perbrev_l/activation	/forceset/perlong_l/activation	/forceset/piri_l/activation	/forceset/psoas_l/activation	/forceset/recfem_l/activation	/forceset/sart_l/activation	/forceset/semimem_l/activation	/forceset/semiten_l/activation	/forceset/soleus_l/activation	/forceset/tfl_l/activation	/forceset/tibant_l/activation	/forceset/tibpost_l/activation	/forceset/vasint_l/activation	/forceset/vaslat_l/activation	/forceset/vasmed_l/activation	/forceset/lumbar_ext	/forceset/lumbar_bend	/forceset/lumbar_rot	/forceset/shoulder_flex_r	/forceset/shoulder_add_r	/forceset/shoulder_rot_r	/forceset/elbow_flex_r	/forceset/pro_sup_r	/forceset/shoulder_flex_l	/forceset/shoulder_add_l	/forceset/shoulder_rot_l	/forceset/elbow_flex_l	/forceset/pro_sup_l	/forceset/addbrev_r	/forceset/addlong_r	/forceset/addmagDist_r	/forceset/addmagIsch_r	/forceset/addmagMid_r	/forceset/addmagProx_r	/forceset/bflh_r	/forceset/bfsh_r	/forceset/edl_r	/forceset/ehl_r	/forceset/fdl_r	/forceset/fhl_r	/forceset/gaslat_r	/forceset/gasmed_r	/forceset/glmax1_r	/forceset/glmax2_r	/forceset/glmax3_r	/forceset/glmed1_r	/forceset/glmed2_r	/forceset/glmed3_r	/forceset/glmin1_r	/forceset/glmin2_r	/forceset/glmin3_r	/forceset/grac_r	/forceset/iliacus_r	/forceset/perbrev_r	/forceset/perlong_r	/forceset/piri_r	/forceset/psoas_r	/forceset/recfem_r	/forceset/sart_r	/forceset/semimem_r	/forceset/semiten_r	/forceset/soleus_r	/forceset/tfl_r	/forceset/tibant_r	/forceset/tibpost_r	/forceset/vasint_r	/forceset/vaslat_r	/forceset/vasmed_r	/forceset/addbrev_l	/forceset/addlong_l	/forceset/addmagDist_l	/forceset/addmagIsch_l	/forceset/addmagMid_l	/forceset/addmagProx_l	/forceset/bflh_l	/forceset/bfsh_l	/forceset/edl_l	/forceset/ehl_l	/forceset/fdl_l	/forceset/fhl_l	/forceset/gaslat_l	/forceset/gasmed_l	/forceset/glmax1_l	/forceset/glmax2_l	/forceset/glmax3_l	/forceset/glmed1_l	/forceset/glmed2_l	/forceset/glmed3_l	/forceset/glmin1_l	/forceset/glmin2_l	/forceset/glmin3_l	/forceset/grac_l	/forceset/iliacus_l	/forceset/perbrev_l	/forceset/perlong_l	/forceset/piri_l	/forceset/psoas_l	/forceset/recfem_l	/forceset/sart_l	/forceset/semimem_l	/forceset/semiten_l	/forceset/soleus_l	/forceset/tfl_l	/forceset/tibant_l	/forceset/tibpost_l	/forceset/vasint_l	/forceset/vaslat_l	/forceset/vasmed_l	lambda_cid35_p0	lambda_cid36_p0	gamma_cid35_p0	gamma_cid36_p0
0.514	-0.3162758688990467	-0.09615135711726612	-0.09220860747032063	0.4036901123186228	0.9412253888953732	-0.3167443399601054	0.4939163662353566	0.2545372098573603	0.2893073305296868	-0.09043662559452297	-0.01143917863224544	0.1471593524545903	0.2599704331796974	0.01819762363680668	-0.06137837407831186	0.1192968263799579	0.1192968263799582	0.7701355391281056	0.7701355391281069	-0.7157947394574306	-0.2250128093954449	-0.2270231377843342	-0.5209151028632069	-0.1855092803484283	-0.07756045356694852	0.2507293485052894	-0.09776343785721915	1.966838457504862	2.270677722802862	0.05841790021771972	0.01145693940569441	1.853512597984669	1.739247959904514	-0.5079780045896475	-0.4061159727810004	0.8870634193523425	-0.4755222575233674	0.03392362898612292	1.591784227838686	-0.3302847422405821	-0.1221660996629635	-0.9151331128564074	0.6629836949694186	-1.08264739508071	3.631825618123555	-0.8657307102674175	-0.7397247087757995	-1.053775264568576	1.019062352067438	1.324899608493929	1.242999534135167	1.242999534135167	10.04331300608782	10.04331300608782	1.579809509552685	-0.5239691668268069	0.3017792243337062	0.08534306561360042	0.000263095164094337	0.6297624210717581	-0.4264783575265789	2.148276209909352	0.1225072750488251	-2.364677368086914	-0.02364320093496988	0.001867061705213253	-0.2618866811539012	1.618795758871955	-0.002235002741815706	0.001960072289011799	0.1267187039287182	0.0246614116588758	0.2877029769696636	0.2575433709426735	0.3474681733454613	0.9738329618792311	0.6287217896287017	0.9935903474699594	0.02751634606942564	0.0933974732488253	0.08633542746068106	0.03781248703489727	0.01629683875054559	0.01638598219370794	0.9884175120933848	0.3541485020914811	0.2467793567157261	0.6656424378734328	0.2085278693815295	0.9887718366031719	0.01659085690715309	0.07987452837922773	0.9968121051717016	0.990737855741138	0.9900300396474069	0.8699742222436393	0.4825866392245862	0.9930036114644039	0.9920641889205752	0.08616081354259017	0.9944490144095054	0.7172607358789749	0.991371523690455	0.1556713422239452	0.5647518105788845	0.7435704774519019	0.5778945119326968	0.1033564273911587	0.08852192507228113	0.1003822428899895	0.7331759128490999	0.8867965888790231	0.01391392306897848	0.01463809903130478	0.4871405170829779	0.4114083141580568	0.02219501736042977	0.9952060843319824	0.9928025969271513	0.9565471183575811	0.9811019627170403	0.3555307894738604	0.9865388652683534	0.0437799672057396	0.01406705274532902	0.01146466995685353	0.01136220214957826	0.9982108130795985	0.9756251239041139	0.02695266576682886	0.9956345095649459	0.9815227315023717	0.4110119366385033	0.9881633049297844	0.9973703055345088	0.9890746063996746	0.2258691678067596	0.1081264834954559	0.9926379353820571	0.04013439178870169	0.9927613096177585	0.9979811358283195	0.9970947927115978	0.01051898207168998	0.9803854581894268	0.9978396394233663	0.0217949084942036	0.02710301138959319	0.02765045578119404	0.6101935336482619	0.2339660806943115	0.1639795604740774	0.2702965228764185	-0.023181215364998	-0.1646441325115241	0.02252395460717909	-0.02496631498992354	0.002132020756909111	-0.1270538568801944	0.1554275282299569	0.009866361674520263	-0.1142979988421993	0.005922517788866211	0.01358184521320034	0.01222134602263229	0.01662192699932239	0.01519911710917181	0.01890933118669696	0.01921066544994459	0.08400105081105974	0.1351274141534072	0.01443442741896585	0.01424806638904784	0.06304667501634176	0.08201843213097844	0.1138927734075788	0.2315301510705551	0.1297832635617673	0.04488193189779761	0.01543496858708126	0.03045568505270159	0.03512461816400488	0.1181389596773219	0.03364367222515489	0.0358720353823264	0.04521538383754945	0.06333495164703525	0.02079771075915366	0.0575499410418297	0.09035721571341616	0.06991526416161813	0.01583178595517281	0.01058125376765361	0.03598214061144279	0.1860624872929386	0.06089488848154927	0.01238214803927195	0.02130616243840172	0.01817428537899941	0.01836679761944777	0.01093848401967982	0.01032965462619011	0.01070187589763997	0.02741328859972525	0.0241936471578816	0.02053886499170691	0.01394630957179001	0.02830797248863456	0.0259401654628046	0.01894820353017453	0.05557159682700256	0.02425209180104124	0.02354135065447132	0.04059519155571871	0.1680869231256397	0.08159589723007622	0.1869037172300706	0.01352067509470247	0.01158035591298953	0.01188162437740613	0.02218017626773326	0.02276884941560476	0.01918148498257919	0.02958886344411623	0.03203099131599321	0.02626837240085058	0.03762464543495496	0.06464476874318666	0.05326877633611819	0.1023096160510101	0.01949095293743009	0.03097081711559035	0.01294718354457139	0.02380674113631788	0.101394761822545	0.07978702699051543	0.01166326741097119	0.02958219461011037	0.03558859622987311	0.01904600447855173	0.01140467915033148	0.01046647546205524	0.01154117611658309	-5.979943470734251	-16.81101086515086	2.262447129935181e-13	7.105261578336556e-14
0.5211524999999998	-0.3101935664242441	-0.09917078649902938	-0.09062889980673546	0.4149809239336091	0.9385953428301753	-0.3177055517218686	0.4889041207255425	0.2582128007743207	0.2803004408876163	-0.06292494251587172	-0.01854705548087864	0.1405557770853616	0.2526419315615814	0.02463121805818797	-0.05316197687143866	0.1324236356460922	0.1324236356460978	0.842484712828901	0.8424847128289007	-0.7040926323368483	-0.2291149467188588	-0.2242476494918064	-0.5203170552033046	-0.1854247375762966	-0.07342263494537235	0.2453959692112995	-0.08374376531639284	1.967250021634286	2.253400266232082	0.05838446496480628	0.01141103956340641	1.851391106425664	1.751460227076106	-0.5080427468152791	-0.4060954522755957	0.7993961616083265	-0.3729645642721419	0.3682188022458024	1.564439915177614	-0.406736527834714	-0.1436586387014907	-0.4540641651324621	0.3945644729714105	-1.447080465189691	4.051174647808564	-1.100404404448496	-1.054572877504411	-0.9811704075473727	0.7981738645860531	1.007133450704542	2.446430772410139	2.44643077241093	10.17329404077686	10.17329404077677	1.69934020130269	-0.6241699471092019	0.4703071116042795	0.07915996180458791	0.02282933848091115	0.5348931567361747	-1.075032366785513	1.810775660886184	-0.01259155896571826	-2.473029087398146	0.004241717060321487	-0.0108365096207469	-0.3290533067176998	1.778238388046284	-0.006869278673158294	0.000751938790659292	0.0953165471964217	0.07067434127459356	0.1819134495065638	0.1605134967752425	0.2251869891776686	0.6899308673090057	0.4482951166749243	0.7345388800337658	0.02234979123589577	0.0575192543621255	0.06995640091172177	0.05211987309451244	0.0691191107480075	0.1126037232190797	0.7204945077714856	0.2370230526555608	0.1532031091168049	0.462758657348506	0.1337929458262143	0.7178091290866031	0.02266741308090386	0.05590742490688015	0.7074789771963921	0.709191236727311	0.725350351278118	0.6201816954655349	0.3489104099651983	0.7220951958895451	0.7419249272350771	0.1010070374417043	0.7287288854096423	0.5374358336674688	0.7065093668105032	0.09234430013400882	0.4016598615756996	0.5215204655080824	0.3948535307843283	0.06012567276437571	0.05130474989745409	0.05829106549972771	0.5120995175229616	0.6234303539539513	0.02130561967362233	0.06027808429473151	0.3298183406183456	0.2733562593561686	0.06365802556346932	0.7097400517256798	0.7003056414752925	0.6741044409915165	0.6960462297050222	0.2747217403715873	0.7084531876957776	0.09398248338256453	0.01533528848113992	0.01376534970911175	0.01529328274816648	0.7398512232477195	0.6957162695355216	0.02255702396229232	0.7101152973836043	0.6939332747726359	0.2737881702174813	0.6992284536770249	0.712056674168257	0.7045843611988213	0.171030915588587	0.06604290466270697	0.7006489648356258	0.02606857550856789	0.6998914877400176	0.7518239799202727	0.7299527176036347	0.01143584702230824	0.6921973381605043	0.7110440768080901	0.02032597406673326	0.02004919036743832	0.01959074840213301	0.4269914408016036	-0.05989266004151324	0.04739693651361849	0.2720364710843288	0.1545918903512625	-0.1259702473585754	0.01860842661918495	-0.04804120242780113	0.002844424757992869	-0.1638635070238407	0.1055059246376101	0.01926799088455666	-0.1675094362084805	0.005753158672278351	0.09168828735978547	0.2082237027415532	0.01404626610866622	0.01306533762081107	0.01622262729119313	0.04954365877952079	0.04760077173153408	0.1359202303256083	0.01997365505883363	0.01990917290751115	0.04207236960844635	0.05294651257527864	0.1269472424019824	0.1885919390246112	0.07451624390717308	0.0280260026051979	0.01312869971467124	0.02091163444817475	0.02348157599751949	0.06671068909510253	0.02373352891760029	0.02479207246152993	0.03322135887428486	0.05447178516845871	0.1997684241408998	0.04262010438052141	0.08637445135120789	0.1203509171973805	0.2994495809773977	0.2080191304912913	0.1874641333265951	0.0984011572945374	0.0367497901583228	0.01145150497289356	0.1056991046995463	0.0390497348522436	0.01650573349181622	0.0107688989565889	0.01027025423097376	0.01057715935474553	0.02001016844175098	0.01794015642845861	0.03447230362123962	0.1839382436560662	0.02082588981153221	0.01912643658575774	0.1794183897186896	0.04514367155131094	0.02531502131192249	0.02288053712977831	0.03551486769772482	0.1027874083959748	0.0514604951294208	0.1098474986434172	0.01897430268967277	0.01941209492705051	0.02469518514246562	0.2535982000786126	0.07489390899745568	0.01775206528215845	0.0701460499780952	0.02821590087156492	0.02248840079603349	0.02672169035123164	0.04159814080505742	0.04204572257748788	0.07996730194402893	0.01570299094094919	0.02187793924617283	0.01181477179743457	0.0232733871087796	0.2572116498062864	0.1427491538925371	0.01275823082036717	0.02459019288963365	0.0604960945295658	0.01888194474945047	0.01503781804302589	0.01323034423818165	0.06838171534493503	-4.061165002093703	-11.94509525506428	-1.209311815487842e-14	8.143946164029369e-14
0.5283049999999995	-0.3050449124008086	-0.1015465016679101	-0.08750742067976236	0.4260559652111389	0.9353841178571726	-0.3187571526219806	0.4878835933307725	0.2606073175177765	0.2684466460022634	-0.03262598576807498	-0.02687451905935779	0.1328205619470685	0.2461388991325795	0.02987668716341157	-0.04647718598164391	0.154563082049874	0.1545630820498775	0.9154663793836232	0.9154663793836223	-0.6913858697463413	-0.2339571412200401	-0.2203526526873541	-0.5198216944419847	-0.1851905404866935	-0.06979968340560069	0.2352054167630958	-0.07130474517982067	1.966584423054727	2.235207477145039	0.05833478076509149	0.01135721455228994	1.848838060141588	1.76443116483081	-0.5079475374641822	-0.4061485029997239	0.62599429628571	-0.2955252738442044	0.4650376348270181	1.531449984579242	-0.4927954469512634	-0.1474409373696868	0.2010411241387597	0.3047665195770328	-1.878706183835253	4.411210076465471	-1.206754612356355	-1.05615666097824	-0.8229554983010603	0.6868357694297643	0.8966280063748046	3.763135748785589	3.763135748785589	10.22017224521462	10.22017224521462	1.860733793348482	-0.7309058121305093	0.6148190039700571	0.05662949732771776	0.04210981098974272	0.4857939955409554	-1.784653304528735	1.706290217807485	-0.1786916648975839	-2.620624943414214	-0.02818677221867771	-0.0003489938916970899	-0.3825590964134042	1.830937131290357	0.0424910585593407	-0.01861209954818272	0.1132868981882395	0.1814004224838635	0.1093173486398803	0.09531207470868387	0.1387933309327063	0.4951399913587882	0.3028792013020409	0.5499727025981886	0.02279596073803312	0.04067591377512973	0.05087037215051766	0.04416996567190282	0.09870771614159668	0.1326949953258937	0.5107998425742732	0.1485465996760354	0.09070655347510034	0.3092745252361518	0.0812047501119609	0.5070189223423657	0.02021858790702155	0.03758019461258584	0.4956543477180374	0.5041622314423181	0.5932424307678369	0.4330436085712512	0.2518889103249909	0.5444959449466247	0.6531685765956877	0.1950719367563722	0.5872622964083888	0.3768202668994594	0.4939249396674675	0.05381216069637056	0.3134194408736132	0.364929593368493	0.2590855715337648	0.03585937032317601	0.03095709237833576	0.03479442491349055	0.3461153741242764	0.4289823298762102	0.0320221804367102	0.1601695879608847	0.2124498193021822	0.1720440115936205	0.1573424341854929	0.501363265105208	0.490097092428901	0.4694748470411634	0.489072656684032	0.1940955679759802	0.4989669054337428	0.07989304667809816	0.01883165630366713	0.01900712388278187	0.02390422138716682	0.6289927732542616	0.511184886507681	0.01970036744969028	0.5183255014841275	0.4854106068758057	0.1743885111894425	0.4876454343471774	0.499773688089493	0.4964160648756989	0.1269204095792734	0.0405186760077733	0.4874908350073142	0.01850864320615804	0.4888644909417916	0.6260628646875608	0.5593349148157094	0.01244704264057775	0.482761869002328	0.5132836263080042	0.01954618681885678	0.01858978714366387	0.01718135083445016	0.312804512391064	-0.3537514007773381	-0.06918568744684039	0.2737764192922389	0.332364996067523	-0.08729636220562681	0.0146928986311908	-0.07111608986567873	0.003556828759076465	-0.2006731571674871	0.05558432104526342	0.02866962009459305	-0.2207208735747617	0.005583799555690622	0.1697947295063705	0.4042260594604742	0.01147060521801006	0.01093155813245043	0.01353592339568915	0.07987665210909692	0.01120049265200864	0.1367130464978095	0.02551288269870042	0.0255702794259742	0.02109806420055149	0.02387459301958018	0.140001711396386	0.1456537269786668	0.01924922425257884	0.01117007331259806	0.01082243084226114	0.01136758384364878	0.01183853383103441	0.01528241851288329	0.01382338561004579	0.0137121095407335	0.02122733391102036	0.0456086186898822	0.378739137522646	0.02769026771921245	0.08239168698899804	0.170786570233143	0.5830673759996226	0.4054570072149286	0.3389461260417475	0.01073982729613656	0.01260469183509658	0.01052086190651314	0.190092046960691	0.05992518432548948	0.01464466936418549	0.01059931389349782	0.01021085383575805	0.01045244281185106	0.01260704828377691	0.0116866656990359	0.04840574225077244	0.3539301777403425	0.01334380713443003	0.01231270770871107	0.3398885759072047	0.03471574627561934	0.02637795082280373	0.02221972360508527	0.03043454383973094	0.03748789366631002	0.02132509302876529	0.03279128005676363	0.0244279302846429	0.02724383394111115	0.03750874590752513	0.4850162238894917	0.1270189685793064	0.01632264558173747	0.1107032365120741	0.0244008104271366	0.01870842919121634	0.01581873526750838	0.01855151286692813	0.03082266881885761	0.05762498783704782	0.01191502894446831	0.01278506137675542	0.01068236005029757	0.02274003308124131	0.4130285377900277	0.2057112807945588	0.01385319422976249	0.01959819116915688	0.08540359282925851	0.01871788502034906	0.01867095693572025	0.01599421301430768	0.1252222545732866	-3.579813919604304	-8.555800545927466	-2.504309493032712e-13	9.182630749722165e-14
0.5354574999999993	-0.3019105802451597	-0.1036391603750624	-0.08439928972566543	0.4368827269541874	0.9314940273837952	-0.3197777365595748	0.4924287447695381	0.263038229146108	0.2534758773383853	0.0004940310857488662	-0.03606904370978102	0.1252854939371674	0.2416319742758173	0.03488575202714914	-0.04005820530935092	0.1854796931656578	0.1854796931656625	0.9883269649265863	0.988326964926586	-0.6776049540137052	-0.2395746003552804	-0.2155723044119175	-0.5195956083972674	-0.1848053301007615	-0.06634184050655136	0.2212716298255485	-0.05898817803563523	1.96468589646098	2.215812742432425	0.05826516004845438	0.01134537484274032	1.845896469255458	1.777482226510229	-0.5080509620735194	-0.4062458099662857	0.2681059036177706	-0.3005550597796063	0.3921794051214504	1.495788666098906	-0.5923228849350848	-0.1367417678952847	1.052410005848607	0.3946507325913551	-2.251539628329314	4.816684757250685	-1.373963279251637	-1.0499232285916	-0.4616417147430936	0.7275932524418572	0.9107051613338882	4.861841025663804	4.861841025663108	10.14142825718526	10.14142825718563	2.003277394480417	-0.8337972853366877	0.7161514090328955	0.02760670284868514	0.0611603774544673	0.4894017261408775	-1.971434818012786	1.767661682385901	-0.3579266153584306	-2.813957667727133	0.001270041065954093	-0.003845783499819684	-0.4428685619145739	1.806974894147031	-0.04259508959173496	-0.01077011957252151	0.1200479627157126	0.231537827018509	0.06385815412249578	0.0554950500554582	0.08237212367168097	0.3490098150376307	0.1909255389848221	0.410893806369606	0.03386133393062041	0.03341019648193549	0.03494267536452192	0.03220812722701318	0.1018161409131128	0.1224209498263394	0.3467090547926424	0.08812628987963637	0.05277284375300965	0.2563193793276269	0.05462971316270913	0.3669977634344793	0.01725929744135575	0.03326118556961399	0.3497018442158636	0.3475972895328677	0.5106160129342437	0.2958408818139894	0.1819576992552102	0.4237355419629151	0.5892471164952815	0.2414167016264094	0.4922468204581681	0.2438169587030095	0.3307240554005488	0.03223156926385292	0.2949609118253084	0.2812746333563571	0.1614114460876643	0.02301367056166433	0.02032412625755136	0.0223990445402885	0.2222984972543378	0.2823391249950851	0.03605044141459869	0.2048606492440462	0.1296199222776034	0.1028378583435065	0.1991700422088426	0.3495228764594823	0.3407184573035645	0.3167475772503113	0.3322533684141838	0.1253562615886733	0.3402790107957798	0.05494669151674796	0.02000217517493313	0.02104248618629878	0.0272485718735155	0.5938144835995649	0.381692767161305	0.01726393927476361	0.3899673377995747	0.3285731090231249	0.1067625273481076	0.327078733381129	0.3412461509779138	0.343166834690887	0.09693394324104776	0.02590629706641586	0.3260631188561071	0.01440988836644543	0.3307229316004311	0.5449643314919697	0.4391125299159629	0.01269670040104882	0.325191299831749	0.3868799088499531	0.0185711001720816	0.01857127038947028	0.01674650869349785	0.2307599231969448	-0.8520432325144213	0.01934293680363248	0.2225394730826798	0.4048006666077585	-0.03150637078676156	0.01093443930003789	-0.06241140354453124	0.002289610286573565	-0.04711629607843415	0.004838806281104064	0.01627439755421712	-0.2225095092621466	0.004901572455794751	0.09164852659991249	0.2095678961134848	0.0112275246611369	0.01090385786526742	0.01252005209760976	0.04680709105892888	0.01105363408822366	0.1168092075539661	0.06040819056072805	0.02678148573345873	0.01702330993875281	0.01739820794065296	0.07523870337677258	0.077955689288559	0.02531129535485682	0.01334478221645049	0.01069553031571228	0.2942142207872797	0.03669344826825639	0.1517207285965965	0.01509765874813277	0.04168999860871753	0.09896719260561272	0.03348346864226445	0.2962590436343209	0.05141281976942252	0.06937118844613088	0.1810447100863589	0.3280849323304022	0.2204456947164294	0.2492166214328154	0.01071391498046438	0.01262291498474661	0.01028190997327991	0.3259321566436207	0.1939017454215273	0.01281018566891738	0.01063157446331326	0.01019819983022435	0.01049022581112397	0.0124276920991452	0.0116355306859638	0.03278513484103896	0.1853298689916865	0.01287866069697873	0.011979740835254	0.1792846404591869	0.06430149341878688	0.06864299144730972	0.02602942335180767	0.02431217361785895	0.02559497794609379	0.03598810634090106	0.02358739456828024	0.01827546438838109	0.01929453736532238	0.02439100756343555	0.5461762078543539	0.1195711659153121	0.01391823903440783	0.1506927246022536	0.02440877845867806	0.01659525974547558	0.01520589911386404	0.04035404540050554	0.05317953486254883	0.06215554328318076	0.01136975202339175	0.01307950549883062	0.01061221250841756	0.02370324042269521	0.3314661167504656	0.1768670838306525	0.01214384156809067	0.0210655208917003	0.175293524577761	0.01679078239259453	0.01845613470502301	0.01664172237683332	0.06852579004982261	-3.227242359604457	-6.657343316933011	9.353474881064597e-13	3.333718154413319e-14
0.542609999999999	-0.3009568827125307	-0.1060022361419386	-0.08206732834944026	0.4474508240054382	0.9269486831436946	-0.3206961414601612	0.5026883311238077	0.2665343135263931	0.2370382799314982	0.03580165786540412	-0.04666813460681175	0.1178142093813768	0.2391866506976323	0.04048205634251564	-0.03327157037386295	0.223825566217344	0.2238255662173458	1.060369863617627	1.060369863617628	-0.6625779695069534	-0.2457978526550872	-0.2101899681248783	-0.51912612589308	-0.1843792027852411	-0.06267998851069495	0.2090083488486633	-0.04558973145776796	1.961382064697952	2.194791047306277	0.05824638772994714	0.01128955316693779	1.842461446255535	1.790116025497785	-0.508144649947361	-0.4063336543384832	0.01623977045067781	-0.3711399707262661	0.2480031495744956	1.459121514310694	-0.6760191496807795	-0.1188693786118535	1.798925756223893	0.6026127976421695	-2.288864518131111	5.022915053978239	-1.599502951148953	-1.038321371467902	-0.2464853749659411	0.8510411386375649	0.9994324141189538	5.840524615867846	5.840524615867845	9.991528595603564	9.991528595603564	2.209162671115902	-0.900299217112414	0.7831484025307555	0.1246886261554262	0.05355110552684687	0.5428395311738223	-1.317542235485699	2.008808060151242	-0.5716466231026628	-3.075559697286724	-0.01396841552386303	-0.01264734167302104	-0.5205338223959399	1.714261090224029	0.04521366897403794	-0.01596614516456316	0.08714394927456337	0.1782641166785283	0.03807616490117009	0.0334995733965275	0.04868227139654479	0.2308989514296962	0.1144224057923604	0.3038344004035676	0.0567749729814867	0.03046165956438553	0.02477986600122594	0.02287490771994371	0.07249065786369582	0.08513578356792423	0.2291262980882922	0.05317429322492781	0.03192685652149452	0.327208814964651	0.05275168972341472	0.3160513609732859	0.01654400822867683	0.04544780519290289	0.2735437769234524	0.2291247081216388	0.4251175442554034	0.2072162720258662	0.1312953932612214	0.3415973410050961	0.4609903757964559	0.1915247097593099	0.3949015035079343	0.1496928957421949	0.2114791348141085	0.0210809041529925	0.3333050425031563	0.2753046253315375	0.09583625748993697	0.01672530122719904	0.01515760842719462	0.01634945799933798	0.1358033059459049	0.176746065547913	0.02985438026029418	0.1572089347379472	0.07653970456867665	0.06026425612056563	0.1530182732162728	0.2507946261658879	0.2488397984538131	0.2075808987066182	0.2158402377136887	0.07704624979926078	0.2304194859587189	0.03700583061533855	0.01727316146469199	0.01776452456827248	0.02190416585105394	0.589121631201644	0.2865924225952055	0.01483409917656529	0.3129307354670698	0.2145428226618366	0.06430676570227113	0.209745077075582	0.2342548663821428	0.2406255972650758	0.08208327961043248	0.01837304432016744	0.2083769841502766	0.01244545114163075	0.2160022770514466	0.4612357231561445	0.3435498008430644	0.0118919365563205	0.2111335665624497	0.3291753340893186	0.01708695856146261	0.01844818335320492	0.01688876349648548	0.1523145243825938	-1.350335064251505	0.1078715610541053	0.1713025268731207	0.4772363371479938	0.02428362063210359	0.007175979968884946	-0.05370671722338387	0.001022391814071039	0.1064405650106188	-0.04590670848305525	0.003879175013841225	-0.2242981449495316	0.004219345355898398	0.01350232369345481	0.0149097327664955	0.01098444410426429	0.01087615759808517	0.0115041807995308	0.01373753000876091	0.01090677552443871	0.09690536861012253	0.09530349842275643	0.02799269204094273	0.01294855567695312	0.0109218228617241	0.01047569535715935	0.01025765159845201	0.03137336645713441	0.01551949112030254	0.01056862978916414	0.5770608577309112	0.06154836270547824	0.2881590386803096	0.01637193188621967	0.06966788767670139	0.1767070513002049	0.02135831859464666	0.2137789497459956	0.07513537181963466	0.05635068990326845	0.1913028499395747	0.07310248866118167	0.03543438221793054	0.1594871168238831	0.01068800266479228	0.01264113813439667	0.01004295804005026	0.4617722663265503	0.3278783065175609	0.01097570197364652	0.01066383503313081	0.01018554582469652	0.01052800881039979	0.01224833591451317	0.01158439567289134	0.01716452743130486	0.01672956024302997	0.01241351425952698	0.01164677396179665	0.01868070501116873	0.09388724056195448	0.1109080320718157	0.02983912309853009	0.01818980339598693	0.01370206222587733	0.05065111965303689	0.01438350907979694	0.0121229984921197	0.01134524078953382	0.01127326921934512	0.6073361918192165	0.112123363251318	0.01151383248707892	0.1906822126924332	0.02441674649021959	0.0144820902997349	0.01459306296021963	0.0621565779340829	0.07553640090624	0.06668609872931355	0.01082447510231549	0.01337394962090574	0.01054206496653755	0.02466644776414916	0.2499036957109033	0.1480228868667461	0.01043448890641922	0.02253285061424382	0.2651834563262633	0.01486367976484012	0.01824131247432561	0.01728923173935879	0.01182932552635882	-2.472829758439062	-5.230518479259249	2.181726617795274e-12	-2.808283682640348e-14
0.5497624999999988	-0.3015601860042031	-0.1089347884911499	-0.0810048018386101	0.4577495746113027	0.9218678182105827	-0.3214638581085733	0.5182641293560044	0.2717977171453334	0.2217511806336525	0.07224352702928429	-0.05903820968418522	0.1102937402567821	0.237950182717179	0.04707311181851844	-0.02556865781047698	0.2696962520277146	0.2696962520277037	1.131311464799524	1.131311464799526	-0.6459523216740004	-0.2523993083486515	-0.2044254626991697	-0.5176653304679751	-0.184048245707344	-0.05850457195581	0.2047501036108614	-0.02967848298544386	1.956436527621221	2.171692954595726	0.05798526622350946	0.0112516616672527	1.83840270698732	1.801970203338145	-0.5079960192732589	-0.406427529419338	-0.1608591065300894	-0.4352499536571741	0.04681949646447764	1.422446499337093	-0.7395476850991927	-0.09638694111607243	2.502362656782577	0.8519508813680171	-1.974974547166113	5.144994642368137	-1.84269511322766	-1.065741770331599	-0.1223772664686398	0.9774448580663099	1.165901618605778	6.947257217410988	6.94725721741136	9.828773916027849	9.82877391602783	2.435881479430444	-0.9451089913929994	0.824750509918131	0.2855286272945233	0.04345415622525814	0.6267933953505481	0.1959729240207912	2.445135765913458	-0.8140959066532651	-3.389742408611855	-0.07967974750537658	0.001822148460159233	-0.6186117095319509	1.608229384083283	-0.01452809271081187	-0.01084534271112843	0.0517896577815647	0.107549732587398	0.02688391503899408	0.06769887405884051	0.03032446142425401	0.1419708421510532	0.09440337069703254	0.2169680718079576	0.1127202529500303	0.06049440467121715	0.01892106765283016	0.03256924969642921	0.08131823667553975	0.1071910874664113	0.2085871038997711	0.0919522311767948	0.02186518163175123	0.4543043429685896	0.1682166820410614	0.3449458654218285	0.1004836413157398	0.1161305252151788	0.2548876397234763	0.1433963420421796	0.3330129949205742	0.1454359819738374	0.0921146936160968	0.2813582873806201	0.3219528412227045	0.1226491935534065	0.2973769537477037	0.1723836810457471	0.1521941304029766	0.01543834851278216	0.3453633078395948	0.3401167704047724	0.1026798327496898	0.03037319595738535	0.01264659098651829	0.04271863266735218	0.08299115318790121	0.1547338034770281	0.02244465540286471	0.09472880255370575	0.04546843578865527	0.0374059642776806	0.09280639338494223	0.2130267574545519	0.1990984355012543	0.1326513680666557	0.1347213576989555	0.04722181122833282	0.1537205625049231	0.03540983268770573	0.01449361374884884	0.01428721306137912	0.01624802209396179	0.5464141068785821	0.2118978135732433	0.01726616758301973	0.2625515876623274	0.1574043617216745	0.05716005532100035	0.1559453782798641	0.2383653032832433	0.1762830197119635	0.08096988356308209	0.04359922711603999	0.2191262818264384	0.08552796996679476	0.1990116784388131	0.3679114796926374	0.2585876991224167	0.01108265304066591	0.1723255822301297	0.3404270755594577	0.01547441869646901	0.01721712607719119	0.0160785200606793	0.0900202675088972	-0.6096584537484466	0.4639642044672398	0.4340481007670741	0.3414123905372011	-0.05998171408517816	-0.03531880653062061	-0.001045498248784367	-0.001575728733126458	-0.01520066302920272	0.02605161417014134	0.0366523623083596	-0.1678769781618533	0.003746883426938473	0.01241334319237513	0.01279956289565318	0.020075450099519	0.1812362446898916	0.01235213167413191	0.01254439441572454	0.1184103126207892	0.05652782657994641	0.2465766217034372	0.1445422652282443	0.0138261587593058	0.06771326103983125	0.1581122193569478	0.2358771782327155	0.2968538224430888	0.2360896246850231	0.01363130261889022	0.7883225372200189	0.5296940742532448	0.490031712104597	0.3417402990996296	0.305854529347685	0.2654013105717949	0.01747818651316305	0.1126450222805915	0.04349615447036031	0.03370380718413336	0.1637275722615517	0.04185988878929445	0.02293683169386894	0.08567958964826565	0.3637762908650956	0.1111657515052105	0.01035984643279581	0.2797193107740765	0.55930094693995	0.1933032966975132	0.07057439748464427	0.01050942203935928	0.1168265140903417	0.02305860540559908	0.2157260730828172	0.01391744773567206	0.01356808652386431	0.01193987090190574	0.01560805019111348	0.01476502232517799	0.2044838130837904	0.1323335254806504	0.02561022403608772	0.02087761018863785	0.01630968523929295	0.03405299307039102	0.04997764164686911	0.01180060881898282	0.01089300451213144	0.01077045819733171	0.3167124269140708	0.07495565415357112	0.02615964794171825	0.1662222592712278	0.1157791708213755	0.07835946054717903	0.1304347016441158	0.3970609558357949	0.08295010968557226	0.09072068594624762	0.1163515768650199	0.4187787779017162	0.2919590139557555	0.2955239726885532	0.1310407446268195	0.08113149037700576	0.01028619023856308	0.1914624350811795	0.4432082731815715	0.0132716672319757	0.01427674813769083	0.01370088084472038	0.01102776629583052	-2.487114969056019	-4.167671051478036	8.107628302378398e-13	2.749851579737547e-14
0.5569149999999985	-0.3029135386673441	-0.112033685200444	-0.08143024354423577	0.4678247491902265	0.9164432296676209	-0.3220833317128863	0.5377113667482325	0.2784753898367365	0.2089404483966638	0.1090852777751919	-0.07278823120294543	0.1025520266117188	0.2371053357368887	0.05425667531599126	-0.01642989463512585	0.3226525565959952	0.322652556595957	1.20073349718769	1.200733497187691	-0.6277879197019509	-0.2593103784253755	-0.198448939840754	-0.5150166627694507	-0.1836937591226636	-0.05368377619581521	0.2128006734774801	-0.01054339178382059	1.949695524172043	2.146207006368416	0.05681141799550912	0.01131233061049085	1.833551685989311	1.813233261710619	-0.5085080398415519	-0.406496834976608	-0.1934909171255879	-0.4176535981487391	-0.1680662573310139	1.39660462456847	-0.7721320083857108	-0.07741728658836375	2.881467289942687	0.9980742649329231	-1.596416545841304	5.13473094549315	-1.985367038219942	-1.100186319518978	-0.1369793280839711	1.01671971856678	1.400928565664598	7.821823115102195	7.821823115102194	9.566622955971935	9.566622955971935	2.639432965165951	-0.9868743679436566	0.8424332491457622	0.4568444523475149	0.06013048526349511	0.7233020841580534	2.124279534361915	2.910267054712396	-1.073699436090426	-3.743257849473569	-0.2691873519955397	0.01491237672566745	-0.7420736280008051	1.548970781132849	-0.1395192894029297	-0.009095953319729802	0.03200837889580978	0.06294061160776745	0.02612409398271359	0.1623398318602869	0.0214978976295486	0.08374186484923452	0.1319897360872176	0.1418467808221296	0.2058991657152479	0.1296954315753776	0.01659276123858446	0.06575907021378066	0.1529008098069533	0.2159530533059006	0.2986619155393923	0.2081482800989582	0.01859492766148382	0.6012032400578011	0.4085785520158068	0.4341534874968218	0.278475156572308	0.2508002497601655	0.2772803462931127	0.08623892652516189	0.2306292058078881	0.09252795682310083	0.05869549067980761	0.2307546733713201	0.2100422679758678	0.07401673919710111	0.2009554885407709	0.3241124650278291	0.1574307340440811	0.01293680732190002	0.2851141653092046	0.4606332162934346	0.1861410078607755	0.06695913391723891	0.01165052638449634	0.1065619451645196	0.05735697970299989	0.225753886588213	0.01714943614484247	0.05561523295201557	0.02863891418669438	0.0276339866525062	0.05490038816772313	0.2334158726784462	0.1765674546009542	0.08338726731127077	0.0841729250977942	0.03263580023184171	0.0970760673125258	0.05268209017210634	0.01301947369816571	0.01241363144697106	0.01329714148865024	0.419706857943127	0.1471487838101748	0.02613896428764579	0.2201305464510253	0.1607415689395521	0.08441642957137171	0.1716486389992565	0.3658916347708804	0.1384904263076187	0.09180166778010065	0.1065406772400645	0.3777041449305888	0.2424465537752096	0.2941868180050048	0.2586808680426353	0.1739786864456187	0.01062885378589587	0.2175882878704003	0.410703805152061	0.01386816932675482	0.014521014146963	0.01377867310535392	0.05231618168595489	0.1310181567546114	0.8200568478803746	0.6967936746610274	0.2055884439264079	-0.1442470488024603	-0.0778135930301263	0.05161572072581545	-0.004173849280324274	-0.1368418910690246	0.09800993682333804	0.06942554960287806	-0.1114558113741748	0.003274421497979294	0.01132436269129433	0.01068939302480926	0.02916645609477364	0.3515963317816986	0.01320008254873236	0.01135125882268743	0.2259138497171388	0.01615028454977014	0.3978497449841187	0.2610918384155471	0.01470376184165829	0.1245046992179368	0.3057487433567358	0.4614967048669774	0.5623342784290444	0.4566597582497448	0.01669397544861622	0.9995842167091293	0.9978397858010128	0.6919043855288853	0.6671086663130399	0.5420411710186691	0.3540955698433855	0.01359805443167908	0.01151109481518708	0.0118569371210832	0.01105692446499218	0.1361522945835291	0.01061728891740623	0.01043928116980782	0.01187206247264805	0.7168645790653978	0.209690364876024	0.01067673482553747	0.09766635522160325	0.7907235873623415	0.3756308914213852	0.1304849599361538	0.01083329825401282	0.2231250193702776	0.03386887489668548	0.4198677504927438	0.01067036804004069	0.01040661280469989	0.01146622754428523	0.01956932642043075	0.01084933963918833	0.3150803856056263	0.153759018889485	0.02138132497364533	0.02356541698128871	0.01891730825270845	0.01745486648774506	0.08557177421394117	0.01147821914584576	0.0104407682347292	0.01026764717532064	0.02608866200892438	0.03778794505582388	0.04080546339635757	0.1417623058500223	0.2071415951525312	0.142236830794623	0.246276340328012	0.7319653337375067	0.09036381846490467	0.114755273163182	0.2218786786277244	0.8241836061825267	0.5733759629449732	0.5663814976129572	0.01217779354273597	0.01424009388726562	0.01013789157070792	0.360392019548115	0.6212330900368795	0.01167965469911115	0.01031218380105672	0.01011252995008363	0.01022620706530278	-3.733319587045703	-3.937860608842654	-7.92853661074798e-13	9.347999028731509e-14
0.5640674999999983	-0.3034836507776186	-0.1145452523278537	-0.08302765781328879	0.4777565776740605	0.9109523294453874	-0.3226104461684588	0.5577862083452723	0.2854057362433611	0.1990305651706497	0.145043831555912	-0.08681571034804263	0.09493355964195554	0.2350754923355229	0.0610501180901009	-0.005711080417066648	0.3799683440521447	0.3799683440521125	1.267867928905957	1.267867928905961	-0.6079569294039904	-0.2664241269045549	-0.1922915715102021	-0.5110157433953677	-0.1831909354118489	-0.04822461295207719	0.2336827694273496	0.01156112895529665	1.940866184746662	2.118033210127005	0.055237327991795	0.01139266783729572	1.827837034241849	1.824300613406882	-0.5085399068686077	-0.4066121741011504	0.03696285466151789	-0.2670929841568435	-0.2616735405865953	1.380790018458073	-0.7595163063307204	-0.07139927904956447	2.6818991788767	0.9107035686359392	-1.162934544792676	4.940604894273104	-1.903419380077188	-1.007272484585963	-0.4308869827961085	0.8564987829922494	1.580213852056767	8.099251603194482	8.099251603193569	9.213033978891774	9.213033978891874	2.910251969525945	-0.9980008581409323	0.8858189190250856	0.651528101441862	0.08315120780426445	0.7944407338298008	3.540147741617829	3.246376435921939	-1.401419321223051	-4.132687867399611	-0.1502200304739113	0.008131719522847969	-0.8496455766848581	1.567084463449658	0.06672572428408353	-0.02218032864486711	0.02143453504108241	0.037286609610013	0.03823759841466621	0.2599666061414638	0.01711169170649042	0.04908648916980221	0.1811599139455587	0.0874979731184667	0.2562047035473041	0.1651158289295175	0.02834683199199783	0.07963929914616388	0.1853406405472922	0.2672148463831955	0.3690743639642257	0.2812052743469868	0.01870981013596633	0.7266701057394939	0.6070321598331273	0.5253285818733405	0.4298611926431651	0.3708481128786983	0.3164350265231924	0.05206080302494503	0.141886970509798	0.05439663782802826	0.03518653984029561	0.1870609960069115	0.1270045430793633	0.04318609635275474	0.1216205213270527	0.4654832902874155	0.1920375152571184	0.0440712201227529	0.2411703131115467	0.5125228177889826	0.3072816860741638	0.08210913550749124	0.05352537698025467	0.1339180407408536	0.07810027844754311	0.3178472667071295	0.01382281625217759	0.03320883181430236	0.0199904741439646	0.04183608144559624	0.03319320968654311	0.2738355557148105	0.1750593163338342	0.05859511320297433	0.06097537870312442	0.02802257617500454	0.06882786417603884	0.07261614994238887	0.01219258436403558	0.01139387660800615	0.01172683098780171	0.2800374549370285	0.09585616405725189	0.030047852281817	0.1822431269223077	0.1732689946738757	0.1104992452115225	0.2189465204376783	0.4799312062289573	0.1220387802046717	0.1037952485221095	0.174053640738836	0.5241488142285479	0.362882191227972	0.3953896985257387	0.1612432504458754	0.1159372074423937	0.01036569740673796	0.2656202197368138	0.4982942456611738	0.01267599883320102	0.01233681112072685	0.01186492339064348	0.03136636605813418	0.2385897699434425	0.3597581917535411	0.5330800288894029	0.1350722563333568	-0.1757582832455029	-0.09560388474814578	0.1401502653440919	-0.006570578065979012	-0.3055132163553772	0.1325669523053282	0.09555795332974258	-0.04472037568723197	0.003597468282033537	0.01134030325991046	0.01071807761474157	0.06754801385518854	0.448014097816619	0.01290581542809503	0.01126389488545949	0.264877145489704	0.02310402098465623	0.2714555945249887	0.1654603599974556	0.06009757374182902	0.06854192999745098	0.1589051910090888	0.2363267245411728	0.4246368559371917	0.3336196725111715	0.02058923755049938	0.999587266287992	0.9979598346700159	0.7189334707058314	0.7178756159847406	0.5984995165324904	0.4072966339270165	0.01524149800733104	0.01476557376307819	0.01202495322581154	0.01110191947677263	0.1091928233586531	0.01085061437689977	0.01030159090683983	0.01241430456683149	0.7281988650334635	0.2667779224607658	0.1276632734446482	0.2292558627651784	0.452813630977656	0.6023124895086173	0.07057172938438273	0.1656817199779372	0.1166518487696227	0.1570427165836878	0.506962741466029	0.0108676244373115	0.01043923684357115	0.01208121098775579	0.08617690905096349	0.01139504089041691	0.3579908732336814	0.1894535059668311	0.03931753199540734	0.04487484828515996	0.02743530740880731	0.05212665852036355	0.1008363742002558	0.01141657937508412	0.01050113572265475	0.01033845359447503	0.02207781489365671	0.02576779044790397	0.02779958854450285	0.1130760323863635	0.1756442355256049	0.1396288368709629	0.3230336151448848	0.6587562305411173	0.1099628157907233	0.1205269271301583	0.29487462519307	0.7845113305613304	0.5494107646219787	0.5774624389190331	0.01530568384524825	0.05835807718430203	0.01012261404954629	0.3209906410787448	0.7124950691318913	0.01152410602527745	0.01038853308602629	0.01014717942157048	0.01026279174944961	-5.353591314291289	-4.23849248488914	-1.466927599453244e-12	-8.478018933782196e-14
0.5712199999999981	-0.3023434705235928	-0.1156034816889924	-0.08493125427532859	0.4875802668374257	0.9056317206592092	-0.3231250615488508	0.5753605254511531	0.2910866856693894	0.1924716852859542	0.1800540948527368	-0.09953581856829417	0.08846966340604147	0.2309375434763132	0.06613150997505793	0.005945049931812589	0.437000174800202	0.437000174800174	1.332631213835877	1.332631213835878	-0.5860924834789608	-0.2735254268935022	-0.185684126260625	-0.505844961392701	-0.1824659313189486	-0.0424446434620168	0.2609437353052452	0.03554872530909416	1.929559004660099	2.087118687911043	0.05495925786811182	0.01143695174788103	1.821486569781654	1.835956168448961	-0.5084673721964711	-0.4068001752932069	0.2847453259718196	-0.01126764461756749	-0.2536816905321638	1.366366436391231	-0.7245146889467659	-0.07392226381855659	2.182264356454178	0.6487147457979966	-0.6594005818310635	4.869567580545386	-1.619796699219451	-0.7773423533964494	-0.7264530667342486	0.5379917523600233	1.663023254464557	7.742422427761908	7.742422427761907	8.903596940354454	8.903596940354454	3.208032930791381	-0.9833934898643878	0.9682848867619188	0.7839643764531966	0.1222571212887154	0.8130067318539327	3.907955152180621	3.436817383878585	-1.766559460189411	-4.509626524636819	0.09320897935621039	0.004831057964632025	-0.919861174378623	1.713445676851773	-0.1103262242672068	-0.02941390299162495	0.016302088738227	0.02394879405141543	0.06327227545098657	0.3487009248959972	0.01487932170041866	0.03029018193373606	0.2234628603919519	0.05885466444566426	0.234425857811278	0.1419608615511451	0.05695094674996331	0.05903108708809405	0.1391027546612655	0.2057019538506365	0.3613882192595633	0.2743488205190719	0.02083070444871111	0.8097707359774849	0.7275815128166004	0.5920501128117924	0.5336651269240836	0.4589363791729792	0.3595443128643485	0.03434717380383265	0.08583896697307342	0.03353948240460158	0.02308064187934188	0.1483726881726262	0.07418045772593949	0.02671818585551825	0.07176667044227474	0.5527075718738867	0.2344796831257982	0.1148562173655697	0.2639650628970668	0.4316622658503476	0.4552676180020313	0.06026186695242281	0.1455440816756964	0.09903901438789778	0.1450289719783036	0.4017060837594199	0.01237050797304586	0.02173474794984004	0.01614761722245154	0.08149539486967371	0.02236558538046817	0.3137928703928921	0.1891521695364186	0.05419463588646688	0.05904397225709637	0.03022705621176753	0.07014952973836062	0.08971285535650504	0.01177654037211896	0.01095472580001417	0.01103679618320809	0.1785203624619018	0.0598322181757794	0.02506736359891535	0.1466508218482758	0.1668562419665295	0.1225946068679216	0.2756078361973694	0.5247209751326318	0.1215604226458316	0.1127234261288828	0.2387331943827787	0.5998024965618853	0.4218891239408098	0.4588950988057082	0.09808804543115447	0.1008531497250662	0.010236297284101	0.2779663448497655	0.5836428040001131	0.01203914276552412	0.01136179955544649	0.01099490158023766	0.02071463459234124	0.3461613831322736	-0.100540464373293	0.369366383117778	0.06455606874030489	-0.2072695176885457	-0.1133941764661653	0.2286848099623694	-0.008967306851633617	-0.4741845416417306	0.1671239677873181	0.121690357056607	0.02201505999971214	0.003920515066087225	0.01135624382852615	0.01074676220467323	0.1059295716156034	0.5444318638515395	0.01261154830745749	0.01117653094823123	0.3038404412622694	0.0300577574195422	0.1450614440658581	0.06982888157936332	0.1054913856420006	0.01257916077696751	0.01206163866144136	0.01115674421536834	0.2869394334453395	0.2105795867725987	0.02448449965238268	0.9995903158668551	0.9980798835390193	0.7459625558827776	0.7686425656564416	0.6549578620463119	0.4604976980106476	0.01688494158298277	0.01802005271096915	0.01219296933054087	0.01114691448855528	0.08223335213377737	0.0110839398363926	0.01016390064387326	0.01295654666101473	0.7395331510015292	0.3238654800455075	0.2446498120637584	0.3608453703087536	0.11490367459297	0.8289940875958474	0.01065849883261513	0.3205301417018733	0.01017867816897154	0.2802165582706903	0.5940577324393145	0.011064880834583	0.01047186088244288	0.01269619443122705	0.1527844916814964	0.01194074214164636	0.4009013608617364	0.2251479930441772	0.05725373901716941	0.06618427958903121	0.03595330656490608	0.08679845055298208	0.1161009741865706	0.0113549396043227	0.01056150321058089	0.01040926001363101	0.01806696777838863	0.01374763583998378	0.014793713692648	0.08438975892270448	0.1441468758986784	0.1370208429473026	0.3997908899617575	0.5855471273447278	0.1295618131165417	0.1262985810971342	0.3678705717584155	0.744839054940134	0.5254455662989841	0.588543380225109	0.01843357414776097	0.1024760604813386	0.01010733652838683	0.2815892626093743	0.8037570482269032	0.01136855735144433	0.01046488237099658	0.01018182889305948	0.01029937643359736	-6.3942156126557	-4.636595987834978	-2.011297925794364e-12	-2.971205997697126e-13
0.5783724999999977	-0.2995243400179594	-0.1147488698669586	-0.08675771374890331	0.4973101331675125	0.9006180275168945	-0.3236618388656221	0.5884543949844788	0.2947433720817104	0.1896259329978092	0.2149066232361533	-0.1099290560625715	0.08372554194172471	0.2248312847995832	0.06881897637159985	0.01808331221294049	0.489603788049209	0.4896037880491083	1.395177333895398	1.395177333895397	-0.5619888118662544	-0.2804766906560378	-0.1783751588634794	-0.499914035474298	-0.1813479687681502	-0.03667054720455986	0.2895944957632948	0.06037561766794705	1.915530031741243	2.053532633572722	0.05640932201768821	0.01149680939560197	1.814866717178454	1.849044739952793	-0.5091904089453765	-0.4069667114457254	0.4947358768342647	0.2321590103203081	-0.2560768539755681	1.355304485799169	-0.6753613725291776	-0.07606264561733395	1.46552888855034	0.3890282932002377	-0.1504278639879046	4.869859793801326	-1.301997416805897	-0.5454934542802976	-0.9702862080668991	0.2340009895132242	1.719060165738845	6.927097597797887	6.927097597797093	8.544553985321654	8.544553985321059	3.546527266573441	-0.9573483606448759	1.083981122675604	0.8714539830907072	0.1962269754692994	0.7972942775334677	4.086343163291447	3.474688284260393	-2.170186019750398	-4.886146164142073	0.2970551928276921	0.01016751662459628	-0.9085659593504095	1.955123744861716	-0.07580753085894976	-0.02146410260420412	0.01387784478081341	0.01727549546429987	0.07171950399573337	0.3693290370914518	0.01375406377930391	0.02069033700677676	0.2249115631440088	0.04439597663727508	0.1852584699475607	0.1159168563371811	0.0688167042067129	0.0359441810649893	0.09620154858078722	0.1255815789999244	0.3332777132119623	0.2345936302395513	0.02083743620971902	0.8672564347831874	0.7767221382485525	0.6128890089623468	0.572683463819924	0.4950948055726953	0.3734661669307192	0.02523675077248425	0.06516306770928658	0.02263928664774777	0.01686120710249943	0.1318709031399501	0.04397097288300367	0.03507756494647482	0.04564824889601703	0.5519890957118087	0.2375739848138768	0.1712770285918634	0.3090988199344503	0.3218317186453853	0.5400882968737121	0.05633231044956993	0.2220596910739302	0.09694861989580886	0.177153655132704	0.4374286242592388	0.0117130968272002	0.01591912028901678	0.01431548080301193	0.09840518880715607	0.03013507301241458	0.3490001638910779	0.2093132331959315	0.05900261035520676	0.06303773054564973	0.04042208342836603	0.08132593987157816	0.1087859037469507	0.01154007002513727	0.01074828554528001	0.0107095541942531	0.1389722611688229	0.03832395736624167	0.01965033915328863	0.1299325630883532	0.158758839212032	0.1254809592791887	0.318736727507547	0.533631699917564	0.1279335462533663	0.1230415958514539	0.2548703711648931	0.6249463498948927	0.4455800942745844	0.496845556009961	0.1342847335667652	0.1455280832718631	0.0101666823951194	0.2737983125482331	0.6515419318165685	0.01166238929603349	0.01109370553574806	0.08145614745191732	0.02274898220775814	-0.1059087461923229	-0.05301319566960656	0.1420980541324818	0.2971310438605932	-0.1227546361772987	-0.08303774994743972	0.2840808297318582	-0.008154204219392515	-0.4493682892670753	0.1424233075798688	0.1123845311036438	0.07682754379414163	0.002957232265978414	0.01191820433955802	0.0112911039685961	0.05890407998320437	0.2782666744223288	0.01282791319357788	0.01187895081470359	0.1577574936062498	0.02884722870944675	0.0826286847169234	0.0933015123819077	0.06031384170265114	0.01195425455316246	0.06716832076791752	0.01642862607525031	0.2787390530274204	0.1359168264221883	0.01778595975379304	0.9984545248793515	0.7864516679232859	0.5771678306277737	0.5490307529677385	0.4866655129197691	0.342931513797733	0.016083608864066	0.06170000285148888	0.01216150062227391	0.01100376780088172	0.1337748303366731	0.01232114862309437	0.07071780224698253	0.02184032462434936	0.3757807332029777	0.1684349813598826	0.2426948607656029	0.4042850560778447	0.1159675681399862	0.5985471627939454	0.08633633528076395	0.3349851166870539	0.1636654546870059	0.1651219736242249	0.4240931130945792	0.01116538221912091	0.0105701594990276	0.01259540500394649	0.08650020920274835	0.0589216452732514	0.419391118163345	0.2505118095258674	0.06979696217549471	0.06820305570926748	0.06261833686656569	0.09958668317686466	0.1442962311711371	0.01130362069439738	0.01056388662652536	0.0104206890164964	0.1389235236781842	0.0180778241075596	0.01437908067590466	0.1280788604152117	0.1507339311644973	0.1222296982556244	0.3829576607337734	0.521930735572432	0.1414237784044696	0.1439505854367423	0.1997677616814973	0.6194655411601366	0.4606706037532252	0.5582611942637448	0.3147019375472535	0.2870505943334635	0.01010174770487215	0.2540101407934798	0.7920483226305579	0.01128425550741161	0.01117591766039526	0.2781819335422059	0.03661104083126324	-7.827895990970217	-10.56333897043434	-3.015104449219965e-12	-3.360524035389294e-13
0.5855249999999975	-0.2953923172218839	-0.1125410433481977	-0.08858069175633432	0.5069819347283666	0.8960002217344619	-0.3242115625568019	0.5961311204383229	0.2968699039269846	0.1901182279268258	0.2496298342594157	-0.1183842064683372	0.08071969917101585	0.2172107786508144	0.06977238471635801	0.03036385980420064	0.5355253369063854	0.5355253369063899	1.454272377349602	1.454272377349603	-0.5351501137581529	-0.2871775523139153	-0.1700559806243299	-0.4934217562049248	-0.1795748396339293	-0.03110037791244305	0.3191542698266802	0.08481566036274925	1.898315241232461	2.017160056073302	0.05899110478629956	0.01155752209181019	1.808813293997954	1.864048813181489	-0.5093222952968658	-0.407168884540935	0.6518595630704265	0.3671216449316492	-0.2527081942292382	1.350130219898354	-0.6138156713044053	-0.07754236152104875	0.6675089340585416	0.220849085721014	0.2739925582258186	4.833407535762559	-1.077863923681111	-0.2912805026852714	-1.14987074504119	0.05311008810839501	1.70280942996481	5.873966813166715	5.873966813166716	7.938598239112566	7.938598239112564	3.972807903288737	-0.9133754249481923	1.250762577640229	0.9409314092302454	0.3054564455592688	0.7559841620279626	4.162135817813438	3.328645509974191	-2.657385769850596	-5.28880112403529	0.4096629797810881	0.00507014876856063	-0.7614747576849261	2.249063076324374	0.05497273341640056	-0.03937879434182261	0.01304688019802448	0.01438478494521956	0.05258191896500772	0.2837098250010965	0.01334686079798808	0.01641535965734735	0.1647667951498761	0.03638837214091835	0.1273445292984071	0.1116695907953766	0.05215452185377589	0.02370800406952793	0.09682714970241151	0.077242531166067	0.3119278695471894	0.1787669934808267	0.01727731423326306	0.9065768468008337	0.7449293154709915	0.5727672333034963	0.5268596570732512	0.4619858528790577	0.3399191527958892	0.02037338624396731	0.07521499035390562	0.017306098279612	0.01382673702083428	0.1451189946407491	0.02854415725708877	0.0693978542687563	0.03637953930174395	0.4299460182584867	0.1753138875998126	0.1995856044940626	0.3520275725614391	0.2454114055922904	0.5179318977262376	0.0908268198180925	0.2682106711673562	0.1640303216107156	0.144464205496729	0.4011912894188934	0.0114632986830842	0.01321433523471361	0.01340644851984285	0.07523408053114534	0.05767609709506924	0.3773549145828015	0.2311485854952728	0.067581034463171	0.06603519874973302	0.05872111647162968	0.09308037374172047	0.1314886271407733	0.01140328827944548	0.01065447108251414	0.01056492273486889	0.1671397650081943	0.02945841289485895	0.0168471440699627	0.1397144929252399	0.1569323051316539	0.120364073699402	0.3384198564280427	0.5186947241643851	0.136699651536137	0.1364964439060276	0.1964435025318913	0.60191894586622	0.4387459417204119	0.5114981093017533	0.2756963078239878	0.2458027352323295	0.0101316486113247	0.2605796321894669	0.6931268008186666	0.01144297498408083	0.0113533905114244	0.2320618138628126	0.03739626086196182	-0.5579788755169193	-0.005485926965920339	-0.08517027485281463	0.529706018980881	-0.03823975466605194	-0.05268132342871417	0.3394768495013477	-0.007341101587151624	-0.4245520368924205	0.1177226473724196	0.1030787051506805	0.1316400275885717	0.00199394946586965	0.01248016485058981	0.01183544573251868	0.011878588350805	0.01210148499311762	0.01304427807969815	0.01258137068117593	0.0116745459502303	0.02763669999935134	0.02019592536798924	0.1167741431844524	0.0151362977633008	0.01132934832935518	0.1222750028743946	0.02170050793513445	0.2705386726095014	0.06125406607177761	0.01108741985520304	0.9973187338918481	0.5748234523075523	0.4083731053727697	0.3294189402790352	0.3183731637932263	0.2253653295848183	0.01528227614514925	0.1053799529920087	0.01213003191400726	0.01086062111320889	0.1853163085395688	0.01355835740979634	0.131271703850093	0.03072410258768414	0.01202831540442646	0.01300448267425767	0.2407399094674491	0.4477247418469356	0.1170314616870022	0.3681002379920434	0.1620141717289092	0.3494400916722276	0.3171522312050337	0.05002738897775954	0.2541284937498439	0.0112658836036586	0.01066845811561212	0.01249461557666568	0.02021592672400019	0.1059025484048559	0.4378808754649535	0.2758756260075576	0.08234018533381995	0.07022183182950384	0.08928336716822556	0.1123749158007473	0.1724914881557036	0.01125230178447173	0.01056627004246921	0.010432118019361	0.25978007957798	0.02240801237513549	0.01396444765916124	0.171767961907719	0.1573209864303161	0.1074385535639462	0.3661244315057892	0.458314343800136	0.1532857436923975	0.1616025897763505	0.03166495160457906	0.4940920273801394	0.3958956412074667	0.5279790083023804	0.6109703009467456	0.4716251281855881	0.01009615888135688	0.2264310189775855	0.7803395970342129	0.01119995366337869	0.01188695294979329	0.5461820381913508	0.06292270522892811	-10.3787355043386	-23.41252499819914	-4.108557059881575e-12	-3.411483816178713e-13
0.5926774999999973	-0.2906828931422735	-0.1097654239307398	-0.09023968072627474	0.516633408227834	0.8918301885436608	-0.324778997645075	0.5985006222511122	0.2980471891426315	0.1929998633948594	0.2842900450296492	-0.1255399301679734	0.07987505477990831	0.2089618011819053	0.06987975964565668	0.04214567308609997	0.573448789855816	0.5734487898560353	1.508200496825662	1.508200496825667	-0.5052668030823859	-0.2935249178791338	-0.1604438715362968	-0.4866464518705721	-0.1769324079346823	-0.02588262076290435	0.3484777466378805	0.107794336661504	1.877581941775895	1.977985006533688	0.06180438603591696	0.01161357909577459	1.804301430358151	1.881136019980366	-0.5092965101426939	-0.4074361176478224	0.6600583288548418	0.4002187901207014	-0.2028800079057761	1.349326472362445	-0.5507144372083893	-0.08179393415106632	0.003057822632412592	0.1081110360035547	0.5083685050757391	4.851534980508362	-0.9256846328897587	0.05869076792125098	-1.15143087904347	-0.01456306918633062	1.581652628946667	4.732328637791297	4.732328637794185	7.124305989707173	7.12430598970618	4.369513515956529	-0.860801345351672	1.434408812201609	0.9452464096205355	0.431151812465542	0.7040412420097952	4.031963652678962	3.094520632584647	-3.117530476641479	-5.646213454780368	0.3733803878166924	0.009902310702501024	-0.4761172410347273	2.507096506417922	-0.037233345359659	-0.03482567746953093	0.01264094924808249	0.01298746554119048	0.03244154837643098	0.1779519477645845	0.01312313078100911	0.0143944933525931	0.09811823042657067	0.03268260809994299	0.08648278597725499	0.1048694837710099	0.03466440926920632	0.01840174154765514	0.1030045772618464	0.07388890583354843	0.3182145348673246	0.1643232063391112	0.01424517873938697	0.9336952284683725	0.6991486270621773	0.5318600882857647	0.4684072729958073	0.4203950262411864	0.3050501921267028	0.01768304759657763	0.07954175656092118	0.01693766215918868	0.01789022712706368	0.1682713841898947	0.0208901276865907	0.1286611239593224	0.03350277854707726	0.2832064459835912	0.1054276747379388	0.2097439072475344	0.3869687022009657	0.1833708921428393	0.4378220089086526	0.125281326239192	0.3145106971161594	0.2336455822908397	0.1000189165810645	0.3384181194622962	0.01154994258158463	0.01205223598783072	0.0130624393243223	0.04913694120879639	0.0960672263588533	0.3802450882571488	0.232647557570876	0.06623866290410697	0.06310449405684861	0.06800047765384028	0.09710638350480127	0.1412227341489549	0.01160558749358312	0.01074246956129883	0.01057894050373419	0.1788436795433647	0.02565383011007357	0.01680279103830961	0.1364756077809919	0.1430603841318984	0.1041929076207167	0.3349964799274288	0.4722758963323715	0.1362158844579308	0.1415490688986473	0.1491586713299413	0.5490474637789212	0.4116223730609702	0.497779897719516	0.3557144021847654	0.3016150671078085	0.01013343384595067	0.2319667578773117	0.6909946076425654	0.01147829378761406	0.01189191834027194	0.3260933024498989	0.08505813572004448	-1.000418037203849	-0.1883260239765789	-0.05832530725047201	0.4768105821967395	-0.05335094908718669	-0.04722099864452465	0.4913465629570415	-0.008719843223903736	-0.5119174558380356	0.08924976641228573	0.1147650853172836	0.2715837863381727	-0.004058640433658994	0.01210091301647418	0.01162012399815006	0.01227811030498143	0.01253051348954769	0.01281682138065019	0.01251727306788426	0.01215391317219025	0.03023720531725776	0.05016940339367944	0.07934526362653298	0.0184539462066137	0.01519164863269607	0.09988530689437713	0.1101722041755285	0.3802342531612252	0.2128150140377983	0.01178454029587196	0.9956941264714195	0.6148208778750933	0.4780067632276546	0.3649784522213681	0.3560558955081649	0.2596772270871965	0.01511246514376371	0.06610848442796016	0.02032377996758292	0.03059677663217598	0.211547229268945	0.01370163526214166	0.2567597984426389	0.03065317795900716	0.01214299409364803	0.01341500361827999	0.2104588405632498	0.4533682034688228	0.06574444846599307	0.1914635922005731	0.1702322521591448	0.4293722982623196	0.3478906392070467	0.03893163017460637	0.1937866721483722	0.01193034836563415	0.01127753722224409	0.01296430983761627	0.02180003152713189	0.166795100820746	0.3384784935547404	0.1985311380587005	0.04975536075750284	0.05123114393683315	0.06801108410485569	0.09265991744611259	0.1372258139228156	0.01223497883966203	0.01103456462009642	0.01072459752164094	0.1364743801354026	0.02169266503635233	0.01909792405598729	0.0976456842441227	0.09622164646381687	0.06475167103917148	0.2956983195549793	0.3043634976209255	0.1202108050998028	0.1362920806094432	0.1240483513595552	0.3834848685701731	0.3261622313634009	0.4171024774950499	0.3759947517237374	0.3166962709015765	0.01016748463371216	0.1517762178368268	0.6007996140181876	0.0117690778812718	0.01278658445212943	0.4107000834397967	0.1986090629363088	-12.92909597546512	-33.52991461705437	1.669507511093671e-12	-9.579681281783616e-14
0.599829999999997	-0.2860208937018774	-0.1069415863021237	-0.09136412362126638	0.5262938839004305	0.8881437812612806	-0.3253911901413301	0.5962893127938402	0.2984130659745783	0.1970555725305889	0.3189333017698973	-0.1316639924450508	0.08161065201477018	0.2008153500692282	0.06968597540010149	0.05284637728640815	0.6032505426974629	0.6032505426975775	1.555947941621361	1.555947941621359	-0.4728405577131612	-0.2994814519974281	-0.1495738221862308	-0.4800194499540496	-0.173439758622552	-0.0210144331388891	0.37675419555815	0.1290514644861517	1.854041988684303	1.936665787211179	0.06428062160910249	0.01168912766328378	1.802346137882484	1.89960086434141	-0.5097042969727709	-0.4076596283988485	0.6385985664602274	0.3806045421282569	-0.1032370792565078	1.352647430140774	-0.4785829819869341	-0.09005754026471366	-0.6133890093768785	-0.006038962937905493	0.6022899836774295	4.82866680734986	-0.7893881676347966	0.4302131361742462	-1.121202068011484	-0.03110079615823756	1.400506995405876	3.60295664663611	3.602956646636112	6.210342473892736	6.210342473892736	4.683869684052612	-0.8040901549242727	1.602510990651815	0.8994627149749456	0.5431964281900963	0.6582366540172011	3.869363251250231	2.847261805225653	-3.442189302888675	-5.888359259762618	0.3154174218893995	0.0105204286832379	-0.04659991276721442	2.634281548793062	-0.06626375291685903	-0.02715303946969859	0.01224903438952127	0.01222235216179015	0.02239541284520334	0.1068095083405861	0.01289729807742679	0.01341632859032934	0.05783533917186438	0.03222799689047425	0.07730123798765336	0.0835314146133548	0.02750760739355504	0.01792875790297186	0.09578180366361379	0.1135353826383073	0.3620125113529479	0.2183368575968475	0.01319897346949311	0.9520534794932073	0.6797401229033977	0.5265261481522902	0.4402303925696817	0.4053435308049823	0.2951855764396483	0.01632490065786913	0.06254935888415433	0.02111688234790404	0.03016064575838622	0.1920971898799706	0.01728080009063083	0.2118518394243782	0.03206623114723064	0.1775969722003719	0.06265776652815198	0.2032485004737957	0.4108855973792654	0.1214400400168296	0.3193943154942029	0.1465493643169253	0.371406702354184	0.2834415455191956	0.06877266851466969	0.2735874853926531	0.01194780056943153	0.01184148368437433	0.0131554482736755	0.03610506731155223	0.142608812027033	0.3464753827670715	0.2021619889169923	0.04930052744057592	0.05215097462244072	0.06211976113641585	0.08992151938645858	0.1308308714092271	0.01222798801281431	0.01103561451863238	0.01074324912400726	0.1314811498106179	0.02345056243973863	0.01951403867034255	0.1007980428328437	0.1074971469714941	0.07498294461817344	0.3068099014430745	0.3876827244481109	0.1210834780441788	0.1330944336638712	0.1598924649379952	0.4760414189478279	0.369053388420968	0.4513299260594492	0.3154608065503042	0.2747659763064635	0.01017278726838522	0.1835393744250104	0.63309961981549	0.01180118826955447	0.01262421103687851	0.3283824689836122	0.1691545225727841	-1.442857198890778	-0.3711661209872371	-0.03148033964812953	0.4239151454125978	-0.06846214350832157	-0.04176067386033516	0.6432162764127352	-0.01009858486065574	-0.5992828747836507	0.060776885452152	0.1264514654838869	0.4115275450877734	-0.01011123033318752	0.01172166118235871	0.01140480226378174	0.01267763225915791	0.0129595419859777	0.01258936468160235	0.01245317545459277	0.01263328039415057	0.0328377106351643	0.08014288141936952	0.04191638406861343	0.02177159464992692	0.01905394893603791	0.07749561091435921	0.1986439004159216	0.4899298337129488	0.3643759620038189	0.01248166073654107	0.9940695190509901	0.6548183034426346	0.5476404210825393	0.4005379641637009	0.3937386272231035	0.2939891245895747	0.01494265414237829	0.02683701586391162	0.02851752802115872	0.05033293215114322	0.237778149998321	0.01384491311448711	0.3822478930351839	0.03058225333033024	0.0122576727828699	0.0138255245623025	0.1801777716590481	0.4590116650907099	0.0144574352449841	0.01482694640910276	0.1784503325893829	0.5093045048524159	0.378629047209064	0.02783587137145293	0.1334448505469003	0.01259481312760941	0.01188661632887582	0.01343400409856658	0.02338413633026339	0.2276876532366361	0.2390761116445273	0.1211866501098435	0.01717053618118577	0.03224045604416235	0.04673880104148554	0.07294491909147803	0.1019601396899278	0.01321765589485277	0.01150285919772361	0.01101707702392012	0.01316868069282492	0.02097731769756947	0.02423140045281387	0.02352340658052641	0.0351223064973176	0.02206478851439686	0.2252722076041692	0.1504126514417148	0.08713586650720807	0.1109815714425359	0.2164317511145315	0.2728777097602067	0.256428821519335	0.3062259466877194	0.1410192025007292	0.161767413617565	0.01023881038606882	0.07712141669606813	0.4212596310021626	0.01233820209916506	0.0136862159544655	0.2752181286882419	0.3342954206436891	-15.0918135488472	-36.52271662938325	9.209499564539767e-12	2.137720756947513e-13
0.6069824999999968	-0.2815912211356272	-0.1043541302856611	-0.09165148994789642	0.5359922373352406	0.8850076876596447	-0.326072262904944	0.5899018450460513	0.2979161285656006	0.2014265780420422	0.3532944098021371	-0.1368525133215704	0.08583063084074327	0.1929738017739775	0.06946782250999636	0.06214484266961774	0.6251622506125621	0.6251622506126358	1.596913548909791	1.596913548909798	-0.4385765740645212	-0.3049966815798449	-0.1376309940204433	-0.4738789735017735	-0.1692487696861966	-0.01645984343676631	0.4036932464573226	0.1484335903199307	1.828807309239883	1.894152145023126	0.06633110052151055	0.01171450112368955	1.803785364372437	1.918314872289331	-0.5101313647093431	-0.4079231349537754	0.5900434538516327	0.3400243765611295	0.02100513039137181	1.360081491573705	-0.3975771717160657	-0.1002634425533012	-1.154514863989783	-0.1299325868322682	0.6149777579505229	4.782540867012181	-0.6646768383799014	0.7359768975664799	-1.059058507277957	-0.02487085922195126	1.204935929023031	2.535662998465816	2.535662998467618	5.240661211144049	5.240661211145249	4.861425435022944	-0.7377223987362371	1.720764171667583	0.8071362752802816	0.6207614504376228	0.6170984384988181	3.654330526930604	2.574487332160759	-3.564726192682878	-5.959949518282589	0.2640573844961972	-0.0006896091575677927	0.446687197283007	2.551475902795783	-0.0536272469907828	-0.04313604898697364	0.01194795736639149	0.01177178207972739	0.01741099783888687	0.06313265706616671	0.01273013480924412	0.01291452439602632	0.03558647968807399	0.03239724592532692	0.07572315020497226	0.06183344057261212	0.02401775636711052	0.0176213604798421	0.08362068742458921	0.1427110966376785	0.4114797430125746	0.2875548330304517	0.012872771582387	0.9646586853475365	0.6686232296992162	0.5311973884308333	0.4233266154812791	0.3985398581001693	0.2926183258094217	0.01560131267033259	0.04405223615223438	0.02889187477939825	0.05050993019452889	0.2116589144683387	0.0155338755988251	0.2837552011290985	0.0306386636609247	0.1065044382426798	0.0388362848084968	0.2037910373036804	0.4245157157722548	0.07374574201654806	0.2047678361008656	0.1677709174523045	0.4330716649942807	0.3213331876363804	0.05969885819844684	0.2263871412167974	0.01293886404351747	0.0120783518929876	0.01677900333275346	0.05730019338302431	0.1866800038245504	0.2966950294103395	0.1610724918012623	0.0349104488819507	0.04116787365756112	0.05101205211173161	0.07617307694309734	0.1124668888494592	0.01335495782477478	0.01227333067479526	0.01182577672922298	0.07769603428808504	0.02091290415017236	0.02046801637149268	0.06335495508109627	0.07136892869376929	0.04890639015399988	0.2764162754722694	0.2910830335808922	0.1011415499233241	0.1187544339166101	0.1956720790506445	0.4038686850612337	0.3301404478764522	0.3940220227940199	0.2371798071436004	0.2171445725862536	0.01027876351231423	0.1322269355072626	0.5495396783744581	0.0124471158518761	0.01662172496310968	0.3020504584209662	0.2225914469808372	-1.349721142854293	-0.5381794391852646	0.09526708099923362	0.2146587703382889	-0.1280380497904523	-0.05945160195108958	0.8469406170244104	-0.01617600928941776	-0.6193885865625324	0.00842153377094329	0.1031619034747107	0.6478689922533021	-0.02219795769194733	0.01163827865408671	0.01133219462331891	0.01285051877896659	0.01285691843052966	0.01257010184576426	0.0124651984382102	0.01293258755815831	0.0323239480295785	0.06870436783999989	0.03445204823401345	0.01981257813654616	0.01590062704030332	0.06287798576698649	0.1618054036589321	0.5148032457802565	0.4247680237094629	0.01265716046802227	0.9937460142431356	0.6341918133234768	0.5348337318537734	0.3813927566340043	0.3784391994370906	0.2832622133778745	0.01493537180243763	0.02301068070748107	0.04274327093467814	0.08811614994749051	0.2423836852194563	0.01400211571019114	0.4071758379458817	0.02814797225453021	0.0124478983101378	0.01435492806332144	0.2256922317433164	0.4430914402994006	0.01907427000371884	0.01788600904209389	0.211835527709279	0.5842167110650097	0.3913898229379869	0.06817732835471788	0.1654698666927643	0.01487052507032062	0.01263064058959017	0.02564936912083297	0.1257858979181431	0.2629023757124836	0.1830586891659488	0.08658136299985572	0.02308856043411684	0.02806958832858213	0.03313303590328325	0.0501276697162106	0.07886792334103061	0.01534177669139385	0.01496430228432255	0.01428921119326672	0.01201551993858948	0.01649416821224476	0.01893379442954609	0.01837742333951673	0.02470953043319494	0.01995491641718607	0.2248275919235296	0.08746451982987258	0.06802935405171603	0.09181585589985278	0.2712766097392547	0.2511114421745235	0.2624390450967584	0.2617537670962356	0.07702405304735471	0.094037179027862	0.01048640464140577	0.04978241673040922	0.3216764299395595	0.01360829322444304	0.02576900646112959	0.239645601091221	0.2659004593374045	-16.94840452438075	-35.52239087516409	5.154530199281796e-12	9.15574414967608e-14
0.6141349999999965	-0.2777232882590818	-0.1021187649794685	-0.09109050795298521	0.545762023123276	0.8824673432269839	-0.3268237092918114	0.580033983746932	0.2965970569361455	0.2057818223562957	0.387391442525288	-0.1412185110230654	0.09194123466323097	0.1858430837741425	0.06940213478911768	0.07015998525219529	0.6396893242535479	0.6396893242534688	1.630859778807508	1.630859778807512	-0.4038083547813403	-0.3100292811617854	-0.125190152176696	-0.4686223727896635	-0.164673304365694	-0.01216153028621412	0.4288996296460193	0.1659091238479032	1.803753372111511	1.851973221034437	0.06814543395004458	0.0117183988359747	1.8087023408848	1.935425955684197	-0.5104782045483623	-0.4082281487702731	0.4815235046923877	0.2821520541015025	0.1339802074330151	1.372621524017186	-0.3119981047717141	-0.1097355894093758	-1.586585388659758	-0.2359261969552739	0.5978827981733057	4.75482540669604	-0.5593921732201705	0.9588744424350786	-0.9224379168993386	0.01153189708754898	1.041661053250698	1.538046678308887	1.538046678308886	4.247566551986011	4.247566551986012	4.824865317618639	-0.6691359429771716	1.741766825104053	0.652311162324657	0.6507046796118559	0.5865759615122932	3.384870357686752	2.314135679869034	-3.391649682882034	-5.794764516843173	0.2493858290580838	0.004515326097959745	0.9258572763023505	2.186067762549138	-0.04383022686221021	-0.03875940411727706	0.01176397552506316	0.01152450166060281	0.01513896912939419	0.03854168506033536	0.01264245875531653	0.01268852326189997	0.02429312899904693	0.0322107717590309	0.06934117292110262	0.04653185461352233	0.0213147067927193	0.01579381745189498	0.07004416829013649	0.1417274318726548	0.4510560735440365	0.3495507538874764	0.01281608937636994	0.9733371029203092	0.6544886580593227	0.5301325854699113	0.4054848679271186	0.3887267951394222	0.2869595255533789	0.01526006305890275	0.0325458732381418	0.03989042001009076	0.07874275901036479	0.2247885509899525	0.01480091674258683	0.3337480840195915	0.02868288161094547	0.06276135243158672	0.0267395629254017	0.2225652339826328	0.4278656573466463	0.04867412068989894	0.1272649422525401	0.1935784443137402	0.4971614792695494	0.348959954189271	0.07466618871481914	0.2091323056477473	0.01461730518708035	0.01258797907163368	0.02492502810503	0.1162568050941124	0.2250085147795248	0.2423826320969611	0.1207541819863962	0.03072246368806829	0.03349420764479778	0.03842272616482829	0.05765801364770586	0.09141265980674146	0.01501414929701914	0.01470168906747409	0.01408256999044384	0.04579104574083602	0.01732824754880658	0.01809716001869947	0.04002793836399482	0.04606337409424779	0.03401606434013765	0.25679794599003	0.1996682756320936	0.08101507755138587	0.1019020742157798	0.2378001030666542	0.3465465777499893	0.3067376739677477	0.3392606001676478	0.1584997560714899	0.1515548253929284	0.01046119258386002	0.08849994214042119	0.4580537870578101	0.01342768253750485	0.0248691031016928	0.2716345169596713	0.2240699778671134	-1.256585086817807	-0.7051927573832919	0.222014501646597	0.005402395263979916	-0.1876139560725831	-0.07714253004184402	1.050664957636085	-0.02225343371817946	-0.6394942983414139	-0.04393381791026536	0.0798723414655345	0.8842104394188306	-0.03428468505070718	0.0115548961258144	0.01125958698285564	0.01302340529877517	0.01275429487508155	0.012550839009926	0.01247722142182744	0.01323189472216574	0.03181018542399262	0.05726585426062897	0.02698771239941268	0.01785356162316683	0.0127473051445726	0.0482603606196137	0.124966906901942	0.5396766578475642	0.485160085415107	0.0128326601995033	0.9934225094352812	0.6135653232043197	0.5220270426250075	0.3622475491043079	0.363139771651078	0.2725353021661744	0.01492808946249682	0.01918434555105046	0.05696901384819745	0.1258993677438376	0.2469892204405916	0.01415931830589503	0.4321037828565807	0.02571369117873012	0.01263812383740519	0.01488433156434013	0.2712066918275847	0.4271712155080913	0.02369110476245369	0.02094507167508509	0.2452207228291734	0.6591289172776001	0.4041505986669066	0.108518785337983	0.1974948828386286	0.01714623701303224	0.01337466485030477	0.0378647341430998	0.2281876595060229	0.2981170981883314	0.1270412666873705	0.05197607588986799	0.02900658468704797	0.02389872061300191	0.01952727076508099	0.02731042034094316	0.05577570699213338	0.01746589748793482	0.01842574537092195	0.01756134536261452	0.01086235918435384	0.01201101872691969	0.01363618840627785	0.01323144009850695	0.01429675436907214	0.01784504431997515	0.2243829762428902	0.0245163882180303	0.04892284159622395	0.07265014035716964	0.3261214683639778	0.2293451745888403	0.2684492686741818	0.2172815875047517	0.01302890359398039	0.0263069444381592	0.01073399889674207	0.0224434167647502	0.2220932288769563	0.01487838434972108	0.03785179696779424	0.2040730734942016	0.1975054980311207	-18.41480167525982	-32.12643692858245	-2.66096719366415e-12	-1.70695091958721e-13
0.6212874999999963	-0.2746816974306022	-0.1003584209881955	-0.08973230890905828	0.5556440378449531	0.8805640971769757	-0.327642896571023	0.5672430367612846	0.2945731286233666	0.2099412227521244	0.4211857185083617	-0.1448529112115171	0.09940514994786455	0.1797652675945204	0.06968140914044875	0.07712309044917573	0.6472499972629582	0.6472499972626855	1.657631865997382	1.657631865997384	-0.3700291763991831	-0.3145583023388791	-0.1129875073472783	-0.4646454663072611	-0.1600672612750936	-0.008045924451221551	0.4520015401005831	0.1815266904522468	1.781031950749722	1.811887898521939	0.06991784918582762	0.01173985606142727	1.816737393548681	1.948870666604407	-0.5108385536966782	-0.408519246749226	0.3709227039057458	0.2179259882828016	0.2390989791346444	1.391693694465397	-0.2194495584806955	-0.1189434162433759	-1.986685233943521	-0.3340324068154161	0.5715251928353793	4.680692248907324	-0.4468739212361421	1.109935465845708	-0.7780383132923482	0.05908263025448268	0.919177045671803	0.5878087741925568	0.5878087741875948	3.236846818942063	3.236846818940821	4.588673017690171	-0.5948740776165168	1.649482442437148	0.4521476011221301	0.6260219997628833	0.5646455467616245	3.072178910199991	2.048320131073229	-2.908088230398731	-5.362294956672566	0.25335068975545	0.0007227665568404286	1.283355567435736	1.518397844254616	-0.05392968173796183	-0.04323028601472793	0.01162548783712818	0.01135317971556124	0.01419987223854551	0.02578467317895881	0.01261250262846629	0.01254186116637267	0.01859977215140132	0.03098800128547738	0.06441939456263257	0.03783166389776073	0.02064633531061571	0.01544153304751118	0.05457254798795478	0.1454514168087593	0.4712490202933716	0.3868094497538069	0.01301206979696785	0.9792743898806108	0.6405836104048594	0.5239065854721233	0.3933351823734715	0.3807466645692231	0.2804332015608859	0.01491556180521864	0.02548594886480512	0.04916586877924107	0.1015148180822807	0.2296100903287504	0.01427615171852827	0.3793613757756801	0.02786632455882951	0.03804961394587732	0.02049393601497991	0.2365158867138316	0.4296126071538509	0.0357831719794082	0.07883423997394227	0.2184005783269667	0.5629973875653492	0.373332552346039	0.09097746270245155	0.2051038510944262	0.01608607657130693	0.01291272774859031	0.03547307711307781	0.1701975088534899	0.2633743856932191	0.1985530850879698	0.08989317098581848	0.02981558817114869	0.02828785319923972	0.02926553497137302	0.04321290340047901	0.07508269484531595	0.01590687224168232	0.01759906384924361	0.0358115500856706	0.02821451438939383	0.01447268520688067	0.01558782423619768	0.02638785333503329	0.03001673521056299	0.02539412459736373	0.2484788444500843	0.1257446822700305	0.06482771574301552	0.08724911177163056	0.2725622194625361	0.3081117272571887	0.2986452603199147	0.3001941074025832	0.09455774157505449	0.09564671760943617	0.01065276409267953	0.0570695298518153	0.3796527484761871	0.01452726259587189	0.02898372289122034	0.241157346784116	0.2097564766344906	-1.123681016431239	-0.8942639850890846	0.2903731671601315	-0.1493135382622227	-0.2234083072207413	-0.1029104415094449	1.241386721618011	-0.03253778389022137	-0.5168390759219347	-0.1022663556745855	0.02479869298402762	1.155686635825537	-0.04871575210055065	0.01145538667871659	0.01114825063135554	0.01361103511415938	0.01385673917967365	0.01261428659049914	0.01235242062579247	0.01330228342944653	0.02812257869119598	0.06062865480181743	0.03082857589936945	0.02183512340928698	0.01709861156890645	0.02943603982559146	0.1720746992728015	0.4855066777732049	0.4267394154736128	0.01348763503917545	0.9927221502098872	0.6068154342311336	0.5010719200255431	0.3774664057248936	0.3682477609876589	0.266955231696999	0.01432793782348283	0.01829407170246749	0.05979889088369908	0.1289986714539371	0.2281626047727703	0.01349641716415901	0.4876394697179363	0.02823491667443166	0.01225753803431418	0.01436692869709032	0.2460248723197084	0.4381895935358404	0.02207186228642872	0.02000895832430205	0.2634206661821803	0.7343968654300592	0.429477855816304	0.1099929424963565	0.2005533518227427	0.01766159445639815	0.01306582048605891	0.05216144618441031	0.2498817648480572	0.3456019668054717	0.1353798465805247	0.05309782324270821	0.0288814360497577	0.02271371390511388	0.02095353168022096	0.02907982407745457	0.05711677910724068	0.01609874299158329	0.02178056398191131	0.08920341849070242	0.01073047560862964	0.0117273582122308	0.01298585164804731	0.01290577215644448	0.01387380268717442	0.01644509833826699	0.2446102814934335	0.02272854000405359	0.04528208001430073	0.06792884728396203	0.3290161609417304	0.2495159360415472	0.2991418958563217	0.2441736562232213	0.01265321102737918	0.02346313980671956	0.01090038437507137	0.02200089078352048	0.2316912118122061	0.01606819596400711	0.02867998127082291	0.1816748585021263	0.1800149583087754	-19.41298611159782	-28.02010881969718	-5.645342718647157e-12	-3.484263357786058e-13
0.628439999999996	-0.272389359280387	-0.09888909328584583	-0.08776609546820455	0.5656856717362856	0.8793387426779604	-0.3285196989201887	0.5516626031614573	0.2917611787813141	0.2140482699677193	0.4541467212770076	-0.1474680781937694	0.1075575261015777	0.1746991979481331	0.07014035522320743	0.08350618110769145	0.6482655989794947	0.6482655989794617	1.677139057064094	1.677139057064091	-0.3386234349053164	-0.3185045334782946	-0.1018930643831257	-0.4622627446741108	-0.1558786568730323	-0.004078475403902151	0.4728075969157117	0.1951450072810552	1.762921104573341	1.776005145960598	0.07187160052546031	0.01171784002518503	1.82652332135112	1.956360173670744	-0.5112067275448843	-0.4088550286132411	0.2720155903513219	0.2007773490563805	0.3039947189940341	1.417254636818444	-0.1224443670064032	-0.125846059861403	-2.366588636275099	-0.4562747545149059	0.5832436705050185	4.521823459285314	-0.2743916262222318	1.151383598416932	-0.6395308121847733	0.0617721575351875	0.8794759323936481	-0.2921025820740537	-0.2921025820740548	2.216138065956065	2.216138065956065	4.161198938509078	-0.5061747300645257	1.431888638381988	0.2065411939913681	0.533979425913312	0.5451479887270102	2.74289800138389	1.755100440292559	-2.102429078782959	-4.619631360280649	0.300091485495245	-0.007640776438194582	1.415441376563614	0.5208587156778618	-0.04601818908256208	-0.051254024197579	0.01150796963345367	0.01121414422959311	0.01407801239909394	0.02007240161791146	0.01263278200449456	0.01240692099744332	0.01592443824489773	0.02847592055831784	0.06354408840712999	0.03547431534610784	0.02243730764719103	0.0175999511177337	0.03698812016088057	0.1678867341287655	0.4661824844094348	0.3894457413988635	0.01345453456334356	0.9831973427791514	0.6288923511328131	0.5128154406876366	0.3907051591727654	0.3773598006568014	0.2742319593749273	0.01443384499965533	0.0215948281156689	0.05506933940954972	0.1145030638326052	0.2249388027157556	0.01367671551516345	0.4271214622683509	0.02879406277839708	0.02500710177877019	0.01722738482844128	0.2347382732539401	0.4345386346004251	0.02847428298016529	0.05042749823299011	0.2399578842668611	0.6303026010623831	0.3976563799468318	0.0999487746649019	0.2039630365729964	0.01704197949112623	0.01289670855762606	0.04773871145411763	0.2073549138247644	0.3039079550765599	0.1745636396976732	0.07304620033836695	0.02931480935664907	0.02514386960603134	0.02551221443603078	0.03674574103798868	0.06697460256908437	0.01558968189755978	0.02072459933660056	0.08145390560798867	0.01932102891808296	0.01298348570362142	0.01406347895690788	0.01946544095271857	0.02174958904185346	0.02045860673266978	0.2512738059457502	0.07851116866563286	0.05446678583921856	0.07704537709386969	0.2941563573505926	0.2905407478155429	0.3050127409906321	0.2848294805865507	0.05581039713839202	0.06102929714762374	0.01083067869932306	0.03979205531908035	0.3291624746821096	0.01567295607903629	0.02610895612309649	0.2130195361134277	0.1939160908960105	-0.9907769460446698	-1.083335212794878	0.358731832673666	-0.3040294717884253	-0.2592026583688993	-0.1286783529770457	1.432108485599936	-0.04282213406226401	-0.3941838535024558	-0.1605988934389058	-0.0302749554974793	1.427162832232243	-0.06314681915039411	0.01135587723161938	0.01103691427985637	0.01419866492954358	0.01495918348426562	0.01267773417107246	0.01222761982975786	0.01337267213672731	0.02443497195839947	0.06399145534300797	0.03466943939932753	0.02581668519540468	0.02144991799323374	0.01061171903156831	0.2191824916436638	0.4313366976988451	0.3683187455321182	0.01414260987884752	0.9920217909844924	0.6000655452579471	0.4801167974260787	0.3926852623454792	0.3733557503242396	0.2613751612278235	0.01372778618446905	0.01740379785388479	0.06262876791920099	0.1320979751640372	0.209335989104949	0.01283351602242352	0.5431751565792914	0.03075614217013341	0.01187695223122335	0.01384952582984059	0.2208430528118345	0.4492079715635893	0.02045261981040306	0.01907284497351887	0.2816206095351887	0.8096648135825206	0.4548051129657042	0.1114670996547298	0.2036118208068567	0.01817695189976377	0.01275697612181284	0.06645815822572049	0.2715758701900912	0.3930868354226116	0.1437184264736788	0.05421957059554832	0.02875628741246736	0.02152870719722599	0.02237979259536126	0.03084922781396564	0.05845785122234732	0.01473158849523189	0.02513538259290056	0.1608454916187895	0.01059859203290614	0.01144369769754243	0.01233551488981719	0.01258010421438215	0.01345085100527682	0.01504515235655894	0.2648375867439766	0.02094069179007691	0.04164131843237753	0.06320755421075444	0.3319108535194831	0.269686697494254	0.3298345230384613	0.2710657249416909	0.01227751846077756	0.02061933517527972	0.01106676985339928	0.02155836480229083	0.2412891947474559	0.01725800757829303	0.01950816557385095	0.1592766435100495	0.1625244185864291	-19.94461497733938	-24.30262134995097	-6.697269496444973e-12	-4.923490637442495e-13
0.6355924999999958	-0.2707635317916383	-0.09730564266022365	-0.08549917736862864	0.5759340358254291	0.8788165074821055	-0.3294363724185581	0.5334244465324073	0.2879394292459584	0.2184342478078528	0.4856358693260935	-0.1485700854559046	0.1155945329204105	0.1706164569376367	0.07037995898207285	0.0899013622119717	0.6432144011572262	0.6432144011573818	1.68937019278597	1.68937019278597	-0.3108293785006809	-0.3217460138068231	-0.09275524246456314	-0.4618187332867621	-0.1525741737557171	-0.0002419670230193989	0.4910871951068459	0.2066094627336702	1.751518435125382	1.746453357228121	0.07419273564505989	0.01169100049425097	1.836503065704967	1.955762307279888	-0.5116471996630532	-0.4091980076731691	0.1859323573393192	0.2491039006334392	0.3234963168539408	1.449626865852667	-0.02341902084595847	-0.12986698421206	-2.736348663717462	-0.6154357589113176	0.6539964095842098	4.266987992091287	-0.02988948910111373	1.079173434677552	-0.5035866822408379	-0.002556609420406026	0.9178989247203313	-1.117415816064468	-1.117415816064529	1.209051923524186	1.209051923523364	3.599402146580636	-0.3957476205760522	1.11168844586964	-0.08920472046018994	0.3828870650879354	0.5277168741081653	2.361527519264559	1.452435410860993	-1.066158841483132	-3.609554489723833	0.349574199803242	-0.00103012148151769	1.341922213090719	-0.7134259642136999	-0.07006948708481196	-0.0464802020412934	0.0114982998697901	0.01116863528052276	0.01423073132540316	0.01798026533191358	0.01272775756705262	0.01238356557058212	0.01462213012301996	0.02596688875345584	0.05959590438472095	0.03518441579549254	0.02451037564397567	0.01941190818389773	0.02901869669999813	0.1665592968334374	0.4433191984512706	0.3684510815922875	0.01374236259880583	0.986171633629515	0.6177362502089265	0.4946353852699115	0.3956534654823743	0.3751887312455406	0.2648084740382811	0.0141498243531019	0.02092979154159698	0.05766612335836319	0.1188711072765956	0.2098612303743634	0.01349000744187261	0.4610131592773671	0.02881211368476802	0.01829238487173389	0.01561861086040267	0.2482542413152515	0.4337439345550139	0.02500426574323427	0.03551592261456343	0.2541468162174692	0.6922435306722551	0.4128842022393091	0.1031521958806313	0.2027833011487513	0.0171401812529202	0.01272925078336464	0.0549913970896883	0.2362296617099213	0.3430839239263936	0.1679730387291511	0.06812383183707217	0.0275853912214082	0.02334285485159835	0.02596551681739167	0.03509477886715418	0.06593817192643847	0.01507423462536735	0.02555572259206089	0.1253941882292331	0.01476416085970243	0.01212989823922479	0.01310092874518099	0.01582085612401417	0.01737806165967105	0.01748509305731549	0.2611813691479548	0.05043469471117046	0.04988815936725106	0.07285681827040499	0.3098449947664526	0.2899867794851422	0.3228407087128022	0.2905961502001769	0.03418644750022877	0.04074922809629222	0.01092450385324812	0.03026697216087301	0.3057114534312554	0.01616585990721404	0.02298653082050052	0.1936845949790421	0.1821438451187015	-0.7264245227457458	-1.268625723474477	0.2808229065098167	-0.3208076872960713	-0.244095753600931	-0.1444824060440646	1.496849232236383	-0.04944234434973233	-0.2616081395831677	-0.1754168809406377	-0.05836628160070402	1.582942594636144	-0.07038947050968354	0.01160123947936197	0.01120348461481969	0.01451243251409383	0.01694315924160472	0.01292721319354338	0.01247507929445929	0.01348167320362428	0.02285717982040557	0.0480991861452734	0.03508845231616049	0.02699520035022809	0.02077636935595716	0.03000364823783023	0.1163245060387306	0.3681525273930589	0.2947919495959073	0.01388719875841064	0.9940284230632228	0.5874866408485815	0.4369882137523285	0.4158421666960936	0.3692349131524987	0.2389041188277755	0.01402804145034654	0.02273452110730359	0.05847124096758483	0.1174376690976184	0.1676753886005059	0.0137273170650411	0.5125059887471518	0.02720415897017186	0.01210136799536246	0.01438619318144714	0.3117134976857346	0.4169769710124	0.02273547017852772	0.021593087369857	0.2719071263080167	0.8446995651821121	0.4299706378398623	0.1030601973234299	0.1988106299847776	0.01643790816340631	0.01242798938934868	0.0590148064439977	0.2870271939493751	0.4271062885105665	0.171743855088226	0.06988386236322565	0.0235597731321557	0.02173936040389096	0.02975830752193803	0.03567137914635635	0.07018971684931966	0.01449640090993745	0.03426061333757703	0.1915278847106075	0.01054151499988141	0.01128633487491904	0.01213665271338487	0.01235725498415058	0.01320387699410754	0.01446672484823745	0.2877338789951756	0.01931376493656139	0.04807922101869483	0.07243971097293292	0.3405317356372699	0.306028439525629	0.3745851191737055	0.3258128162772581	0.01206765297143404	0.01898093246738494	0.01096037632614941	0.02037610134988132	0.2852168249331477	0.01607979524580078	0.02047888933003874	0.1700926762998337	0.1675779012327723	-19.74999206741678	-21.75904926411581	-2.680705971558363e-12	-2.71005930647495e-13
0.6427449999999955	-0.2696819614710294	-0.09522391321293515	-0.08322989378618345	0.5864398675914405	0.8790060985985934	-0.3303687272313353	0.5124742439671689	0.2829135494963018	0.2235584965921715	0.5149533401194598	-0.1478403596415574	0.1227551931677261	0.1674740587429461	0.06999244630576751	0.09676744813970714	0.6323225963335432	0.632322596333644	1.694507344742109	1.694507344742109	-0.2872948142948106	-0.3241017811024239	-0.08615577864898984	-0.4636363654958212	-0.1505036147224365	0.003471812819540595	0.5064896623868349	0.2159480743737095	1.74795372993836	1.724859120330699	0.07688118660346638	0.0116864250663848	1.845244627343998	1.945791406325783	-0.5121078172925301	-0.4095460997700781	0.1198290351622343	0.3401073236573464	0.3046561612456083	1.489248394768182	0.07659829256453259	-0.1302309083501025	-3.12493772711318	-0.7929766669636074	0.7896808447013577	3.914573614973442	0.2378021735629678	0.9063373707996011	-0.3765897941328097	-0.1135837138871703	1.011151520916441	-1.925267769529429	-1.925267769529428	0.2325005222333081	0.2325005222333082	2.970149040217589	-0.2585094290010821	0.7221065753302867	-0.4258652642839155	0.1889464768647741	0.510830326840117	1.93838743551812	1.160666658376938	0.08924215810973786	-2.394520745795022	0.4028012621632087	-0.001415232064143116	1.069217618488538	-2.100052731578681	-0.05165132751202149	-0.05268374443000753	0.01162604594857468	0.01123747322120481	0.01446971315543593	0.01805116691085321	0.01290576719036383	0.01250589082118154	0.01407342286349971	0.02393695846651153	0.04963527023343182	0.03525935576825886	0.02610595213876414	0.01989850488560912	0.03514408661858118	0.1202151445663411	0.406270723326313	0.3281182777372092	0.01373846886568833	0.9888522805753438	0.606091304597635	0.4679559045599879	0.4069440810077696	0.3723218453342471	0.2502228821935147	0.01417900186661645	0.0234323043218351	0.05689003932322694	0.1145392284925771	0.183506964296795	0.01388319150792888	0.4725323186149664	0.02696077446363438	0.01520428489949841	0.01515332103722633	0.2912966546230019	0.4221354364223527	0.02454074667290926	0.02929500481486618	0.2588480287245762	0.7449350228860877	0.4140800481832926	0.1009405178864263	0.2001124763080082	0.01625744820552606	0.01247486857692264	0.05481979201389642	0.2590386007025274	0.3793240898895185	0.1760311351280779	0.07319184595409982	0.0240270740953409	0.02259791652520307	0.0300378719218751	0.03677784791333674	0.07113829388086881	0.01470844140983493	0.03258286766142102	0.1610103169051365	0.01258658183628126	0.01164996524098768	0.01254733484411762	0.01398576379983575	0.01517702712694379	0.01577488780025123	0.2759974577173247	0.03462714006651966	0.05082282382330373	0.07514736139154261	0.3227256442011358	0.3032912802637603	0.350240092318824	0.3146378852182268	0.02299338335345391	0.02944190155060068	0.01091029762579608	0.02495801387621538	0.3069608552682338	0.01576499083650104	0.02201131464836914	0.1865125930775061	0.1773085574039683	-0.462072099446822	-1.453916234154077	0.2029139803459669	-0.3375859028037173	-0.2289888488329624	-0.1602864591110835	1.561589978872829	-0.0560625546371999	-0.1290324256638795	-0.1902348684423696	-0.0864576077039287	1.738722357040044	-0.07763212186897298	0.01184660172710465	0.01137005494978325	0.01482620009864397	0.01892713499894363	0.01317669221601427	0.0127225387591608	0.01359067427052143	0.02127938768241181	0.03220691694753791	0.03550746523299289	0.02817371550505271	0.02010282071868374	0.04939557744408887	0.013466520433796	0.3049683570872727	0.2212651536596965	0.01363178763797373	0.9960350551419531	0.5749077364392161	0.3938596300785783	0.438999071046708	0.3651140759807578	0.2164330764277273	0.01432829671622415	0.02806524436072243	0.05431371401596841	0.1027773630311992	0.1260147880960628	0.0146211181076589	0.4818368209150118	0.02365217577021049	0.0123257837595019	0.01492286053305384	0.4025839425596323	0.3847459704612106	0.02501832054665308	0.02411332976619523	0.2621936430808438	0.8797343167817018	0.405136162714019	0.09465329499213009	0.1940094391626987	0.014698864427049	0.0120990026568847	0.05157145466227504	0.302478517708659	0.4611257415985213	0.1997692837027732	0.08554815413090297	0.01836325885184408	0.02195001361055577	0.03713682244851448	0.04049353047874751	0.08192158247629291	0.01426121332464287	0.04338584408225325	0.2222102778024256	0.01048443796685672	0.0111289720522956	0.01193779053695243	0.01213440575391907	0.01295690298293829	0.01388829733991595	0.3106301712463747	0.01768683808304591	0.0545171236050122	0.08167186773511156	0.3491526177550563	0.342370181557004	0.4193357153089495	0.3805599076128253	0.01185778748209038	0.01734252975949013	0.01085398279890232	0.0191938378974718	0.3291444551188391	0.01490158291330862	0.02144961308622714	0.1809087090896191	0.1726313838791161	-18.79225510678393	-20.64054644243711	3.793307397053864e-12	1.274358017522299e-13
0.6498974999999952	-0.2689640697820647	-0.09244198523403213	-0.0811149520789354	0.5972552658946493	0.8799141922993549	-0.3312979872631568	0.4886306353604875	0.2765993494022498	0.22979601738609	0.5414169436412233	-0.1452054924670177	0.1284849648270029	0.1651655109148687	0.06873387764245903	0.1043118763495451	0.6156380107431392	0.6156380107433055	1.692806801550765	1.692806801550761	-0.2683339663481566	-0.3254059813210944	-0.08247977391925226	-0.4679971147410394	-0.1499091010260429	0.007035127757669136	0.518409385155334	0.2233530571068697	1.752826103066474	1.712448390545417	0.07982119044133433	0.01168951402950691	1.851644190944511	1.925914268143398	-0.5125684798826083	-0.409946575047105	0.08177202437847296	0.4440417400783387	0.29076163788677	1.535616600036871	0.1768368338125116	-0.1298721699169911	-3.535242497711911	-0.9820756241793022	0.9481387148193352	3.477710096870813	0.5064165089755078	0.6945487831401355	-0.267278041173291	-0.2465145973116457	1.088808137335572	-2.731475870967685	-2.73147587096502	-0.7065417436564714	-0.70654174365545	2.344341912790997	-0.1023823488135615	0.3118113494060057	-0.7983730264691321	-0.02188314604527707	0.479532163894279	1.370591026651666	0.9225065776504217	1.255115233006802	-1.077253492491641	0.4275755600663774	0.002482815593858319	0.7315945463759301	-3.405439811265583	-0.07530589746888287	-0.05809243150588089	0.01171038119111657	0.01125963126318426	0.01485939425096704	0.0188398785662183	0.01305158381120703	0.01254099457342094	0.01361083385225887	0.02211701188405189	0.03951425548149679	0.03274704379974677	0.02678817407683068	0.0218638631050533	0.07689418501489356	0.1093735694003274	0.345754570477925	0.2684314160245478	0.0137153900492409	0.9912137922099841	0.6020681681714146	0.4400441176056739	0.43196197311589	0.3781721713654014	0.2382590821663314	0.01416606436549386	0.02542775637717474	0.05096951782679092	0.09827514387359748	0.1507567134012693	0.0141274217995271	0.4555814770781187	0.02438244467546208	0.01408260013003176	0.01472575130917191	0.3501975693415592	0.4201501374318171	0.1080202244378021	0.04077696062500581	0.2701797463859089	0.7944075886225702	0.4175010253026242	0.09635994644496075	0.1925609392868034	0.01645952050749721	0.01252271686342039	0.05114281585751305	0.2702394475451772	0.4222031803316076	0.1931728629203713	0.07805381341940157	0.0228250273255238	0.02207391698790619	0.03351125724406433	0.03952530220520638	0.07721938808407337	0.01471889712814979	0.03585320888904606	0.1793588457562389	0.01151745394250229	0.01143497868513197	0.01231059395826407	0.0130902583718436	0.01409596154211964	0.01484348966579144	0.291459540288754	0.02615965845830721	0.0545452986232858	0.0818782267823417	0.3185615870548489	0.3215159308934154	0.3911082553638345	0.3498800308006126	0.01832867042930349	0.03083476281603961	0.01087402043658826	0.0219148338110863	0.322367965749622	0.01529699238488609	0.02240534566200972	0.206898438042306	0.1867787784282523	-0.2504046355009197	-1.500104303203336	-0.2680034981878547	-0.2863893916201306	-0.2205797822285852	-0.1786782606312736	1.497224589810434	-0.05416851569131191	-0.1028101086788963	-0.1727745861781241	-0.07531505940547653	1.698590918250724	-0.06996452879827687	0.01173607652755676	0.01120401251911126	0.0155390335059287	0.02010533995792013	0.01318939566576282	0.01244757370662594	0.01285635264259063	0.0196796701750421	0.02681235717801166	0.02591819411091008	0.02681516972647399	0.02670661445307991	0.1818613713121368	0.1633416780812142	0.1688055181682877	0.118124881079919	0.01374682887756959	0.9972930203608078	0.6099407061821271	0.3764564638450416	0.5164134124636461	0.4101043954582369	0.2219643388227834	0.01400887007260883	0.02666987952366676	0.03678404070626685	0.05809837258833118	0.0878553630832808	0.01412210705607207	0.3677108786514966	0.0205040383901878	0.01367230488235833	0.0138450319478189	0.4958891485160848	0.4442655372552919	0.3510675708864638	0.07551496008209438	0.3116223631547865	0.930644529330891	0.4408717626072943	0.08780170324339362	0.1707497499899029	0.01827099278804959	0.01295602055884336	0.04374802617081441	0.275748783497276	0.5401551867689903	0.2329831620253733	0.08161553362639437	0.02447585769547649	0.02127615768412519	0.03664051900167174	0.04371433866626273	0.08562637617131233	0.01511895386394257	0.03535305444625379	0.1889253683491201	0.01060861609391586	0.0113351306469834	0.01222929667832808	0.01239660459734222	0.01323878269728367	0.01407951187196576	0.3228303449886039	0.01821368392050366	0.06168809139043885	0.09598329501199399	0.2775488625139469	0.3621516457657336	0.5073165717523167	0.4395387209666676	0.01573189463470921	0.04455653613871969	0.01083094608066282	0.01892962524988512	0.366495268139521	0.01484223183346954	0.02388575040062363	0.2847794436832471	0.224054519214971	-17.65913508889414	-21.99768109571028	5.158595439100273e-12	3.978528153708828e-13
0.657049999999995	-0.268499876260841	-0.08878235567997456	-0.07901286376865443	0.6084159635928168	0.8815287641819555	-0.3322302830293224	0.4620031563481873	0.2687296350433762	0.2370310465310529	0.5645941874660727	-0.1404894919251447	0.1326723033055466	0.1636743082922558	0.06634912330276604	0.1122050586162342	0.5933724585834735	0.5933724585834819	1.684421278192052	1.684421278192056	-0.2535786019361575	-0.3255121166091495	-0.08160914030133379	-0.4751268234078091	-0.1508048669648137	0.01024539610148956	0.5257520128501849	0.2293243931757266	1.765649693313996	1.709428197783051	0.08311618008076072	0.01172485767335784	1.855872450946235	1.897829071729782	-0.5131585408988577	-0.4103598640914263	0.04888931688036135	0.5855324407896829	0.3010620621200355	1.585801878154057	0.2741454942632711	-0.1310797680059132	-3.903370556341924	-1.227933469472554	1.068606633191123	2.995633469036231	0.8197339085739038	0.4750383338943044	-0.1480416765599587	-0.4284905790079128	1.10867100553039	-3.485831647743789	-3.485831647743789	-1.636770408871506	-1.636770408871506	1.794201180125576	0.07649649357582446	-0.06233833534954483	-1.200128646751783	-0.227769254743601	0.4121105521296068	0.6585286242668549	0.7597867802075345	2.31258144350885	0.2312847831574217	0.5020632828734016	0.007603902707981332	0.4620722570651274	-4.395210573237617	-0.08783404017775191	-0.05626676219849835	0.01168972628600949	0.01118030591830092	0.01542178491644539	0.01983415543096316	0.01312583807982716	0.01240928822845561	0.01300187252216617	0.02040785983868292	0.03166288893060323	0.02652612711483916	0.02639872047170023	0.02626292759413505	0.157457333652819	0.1690571379751922	0.2536868326330742	0.1876279038788302	0.01376645660361604	0.9932404807741684	0.6105030157757392	0.4153327383894981	0.4744350429412332	0.3977743050958476	0.2331075618398339	0.01398871885413287	0.0256341695213691	0.0390752500793159	0.06791481566858119	0.1141805945978533	0.0139728283513311	0.4050540883505897	0.02149091660137558	0.01428227674116296	0.01394915559652745	0.4189034080847159	0.4392807248585494	0.2853771843184156	0.07186083611074326	0.2958674042471054	0.8439922501221292	0.432044263835014	0.09067829958931926	0.1783593147970755	0.01845742321900097	0.01300557243940404	0.04534550783746594	0.2667190457605169	0.4763777980745695	0.2165695621741543	0.07864626226228601	0.02547309078273206	0.02147029223985792	0.03491099855888577	0.04250178615072777	0.08210345821967047	0.01518304570403022	0.03326021649759809	0.1755160725611613	0.01108962965783098	0.01144688841988176	0.0123579873812207	0.01281557537904364	0.01374410803783374	0.01451205793432053	0.3055004706645646	0.02230911631605723	0.05996005969436814	0.09213860623885438	0.2891251762081257	0.3400594962484022	0.4472718086492635	0.3927197468075358	0.01817191207571396	0.04546243196828337	0.01084488376848643	0.02032747239837111	0.3456066962999259	0.01504738152576058	0.02387595202553558	0.2599973629342625	0.2133855622706777	-0.03873717155501756	-1.546292372252594	-0.7389209767216761	-0.2351928804365437	-0.212170715624208	-0.1970700621514637	1.43285920074804	-0.05227447674542425	-0.07658779169391304	-0.1553143039138785	-0.06417251110702436	1.658459479461404	-0.06229693572758081	0.01162555132800868	0.01103797008843875	0.01625186691321355	0.02128354491689681	0.0132020991155114	0.01217260865409092	0.01212203101465971	0.01807995266767222	0.02141779740848467	0.01632892298882685	0.02545662394789559	0.03331040818747684	0.3143271651801849	0.313216835728632	0.03264267924930285	0.01498460850014162	0.01386187011716559	0.9985509855796632	0.6449736759250383	0.3590532976115048	0.5938277538805844	0.455094714935716	0.2274956012178395	0.01368944342899334	0.02527451468661091	0.0192543673965653	0.01341938214546324	0.04969593807049875	0.01362309600448492	0.2535849363879821	0.01735590101016489	0.01501882600521457	0.01276720336258383	0.5891943544725383	0.5037851040493734	0.6771168212262741	0.1269165903979934	0.3610510832287295	0.9815547418800813	0.4766073625005696	0.08095011149465714	0.1474900608171071	0.02184312114905018	0.01381303846080203	0.03592459767935382	0.249019049285893	0.6191846319394596	0.2661970403479734	0.07768291312188587	0.03058845653910892	0.0206023017576946	0.03614421555482896	0.04693514685377768	0.08933116986633123	0.01597669440324239	0.02732026481025463	0.1556404588958149	0.01073279422097441	0.01154128924167099	0.01252080281970369	0.01265880344076521	0.01352066241162894	0.01427072640401549	0.3350305187308333	0.01874052975796127	0.0688590591758655	0.1102947222888764	0.2059451072728377	0.3819331099744631	0.5952974281956839	0.4985175343205101	0.01960600178732836	0.07177054251794932	0.01080790936242161	0.01866541260229837	0.4038460811602031	0.01478288075363031	0.02632188771502018	0.3886501782768753	0.275477654550826	-16.7517236038229	-25.98863601342187	3.557526839914833e-12	5.939328955037476e-13
0.6642024999999948	-0.2682820092144219	-0.08394852155655141	-0.07697258758462022	0.6199428680509285	0.8838252119492945	-0.3331613220015983	0.4329686845526451	0.2589373128484511	0.2450148588650008	0.5841603825521343	-0.1334881120421505	0.1350857872021902	0.1630953106587613	0.06251346251722868	0.1202530788811197	0.5659793289403664	0.5659793289402639	1.669345357776887	1.669345357776893	-0.2423753216329405	-0.3242750226141918	-0.0831836314980379	-0.4851428230552292	-0.1530737163104716	0.01279712881483358	0.5272019821162363	0.234417451780515	1.785412594321589	1.715414051021262	0.08705829200730253	0.01173868076982738	1.858632285259654	1.864186003773065	-0.5136480324309746	-0.4107652056480035	0.01536947490978641	0.7473060692388336	0.2736429463025159	1.636580022830018	0.3672285377205194	-0.1290221367450086	-4.212120683701944	-1.491394537851377	1.151889151479714	2.490179707053905	1.107311249426367	0.2084280691232962	-0.01872437566088445	-0.624056225709287	1.128361229999351	-4.171418021009458	-4.171418021009885	-2.561266803858769	-2.561266803858383	1.368238698622603	0.2656447844920254	-0.3599396717297575	-1.589794593652972	-0.3916446324891718	0.290390756190028	-0.3046912656957168	0.6761437113009775	3.168148792963728	1.398233464306995	0.5732589735287881	-0.0006267601473825832	0.3495550799426195	-4.898931375313283	-0.06014585478365527	-0.05766865602583141	0.01148928054300233	0.01099310676373045	0.01590092692855847	0.05117127871132359	0.01290939624595795	0.01206673364145585	0.01348766382376471	0.01878963223248968	0.04129186173350998	0.05147909075707749	0.054161388106992	0.05128182180392489	0.2920298437241932	0.2974915596019355	0.1974552733634718	0.1302445674195814	0.0136268412379606	0.9949040362903572	0.6497676463935668	0.4182838766708217	0.5394037134923068	0.4357281262913605	0.2425657398792745	0.01350131174333605	0.02355833761590826	0.02782272843756054	0.04089747969011479	0.0836079489895384	0.01336329543056329	0.3293602649057219	0.01862347334808781	0.1264426840793841	0.02214144786861138	0.510168499331816	0.4526508742090246	0.3676123002583605	0.1967708527269432	0.3190798795810954	0.8864823201932401	0.4544540947446003	0.08270246848238631	0.1833633367026753	0.0187162900601303	0.01297064146234181	0.03757096124229898	0.2869555505013731	0.475873122771845	0.2611847693965191	0.09390103049184687	0.02590666719378359	0.02420578757805677	0.04153913187757696	0.04526878812108559	0.09170087885131407	0.01494313041794769	0.02812786473259651	0.1509132719702456	0.01082592569812311	0.01133137188709184	0.01217524104134541	0.01245196922597018	0.01327082302888392	0.01397721055238682	0.3343720224247034	0.0212437518404622	0.07322824892070436	0.1112893853157387	0.304484426366871	0.4121120543218302	0.5317664332757933	0.4737343961988709	0.01760725197617314	0.05042843747072908	0.01075550409793787	0.01968160846829721	0.3971129736108648	0.01456749352222116	0.02459411119532245	0.3110278281198727	0.2412335271073222	0.4026703659557371	-1.322913684422232	-1.089594867231713	-0.1237632114786193	-0.2000234044892797	-0.194860904694997	1.243451627148264	-0.04251236579877724	-0.06842134720369751	-0.1020777788277273	-0.05920026099822547	1.434910938585507	-0.04405176649361149	0.01104412293812977	0.01064679425692517	0.0164117472162877	0.1335613961443172	0.01230505781346991	0.01141063521220376	0.01543657937640844	0.01662695963537757	0.07542161868575885	0.1269953519323578	0.1297690642059622	0.1124549119560389	0.6561116056708425	0.6552278026701925	0.1739560546424475	0.08110722049200543	0.01319769780574109	0.9989601953925291	0.8161298363568881	0.4810972499336232	0.7415245564065948	0.555626904139041	0.283294703905058	0.01253177534916816	0.01851951353881749	0.01481501673636808	0.01179774601541712	0.04523393834847793	0.01213071228958631	0.1321027279254108	0.01479107838244749	0.459827002218445	0.04390042385704156	0.7806459290347501	0.4563825274697129	0.3439785493532779	0.562888929275964	0.3565384582800007	0.9867539932130923	0.5176231992184755	0.06731726461763343	0.2273131130101286	0.01653222019339034	0.01220831545461924	0.0246451842846578	0.3825040939082464	0.3421159715530076	0.3870707964992753	0.1400138669760964	0.02272280234850859	0.03194698320735224	0.05817550968841178	0.0490001453536645	0.1140694375717264	0.01367664781914087	0.01970194813667501	0.08395028408032862	0.0104687876255916	0.01096524435339785	0.01158366306191708	0.01167569557962367	0.01227393147726887	0.01283878121105479	0.4281843620830766	0.02150542860270199	0.1034817064933635	0.1544231054290555	0.4379176676755604	0.6887096654423946	0.7968355058021401	0.7475800810012001	0.0149765369893334	0.04146202631128986	0.01056444052513985	0.01942952533109692	0.5691880580497103	0.01358443726149115	0.02438876720570737	0.4008835073078129	0.2908263968269589	-15.94683844037765	-29.97795708746603	1.436566276840573e-12	5.191980661685326e-13
0.6713549999999946	-0.2682322620917443	-0.07836122396721425	-0.07503835101237312	0.6318157960805274	0.8867710328747493	-0.3340725465538185	0.4017945549609289	0.2476645378144545	0.2533377637068601	0.600425985315188	-0.1250885430489181	0.135776918142946	0.1633368582554094	0.05770796009468225	0.128154931081085	0.5337358858543126	0.5337358858542616	1.648033115895428	1.648033115895422	-0.2335803660997321	-0.3217661129640528	-0.08650079940988024	-0.4977146884343238	-0.1561926617068025	0.01424178623092509	0.5206551706446568	0.2391653802277605	1.810320303799709	1.728796773067101	0.09093068686875419	0.01176040750789965	1.861443828167032	1.829369429658778	-0.5141778136204898	-0.4111932941472672	0.00187920187465372	0.7962177860286427	0.2714109997539162	1.682557857598218	0.4557248465063373	-0.1255392101434712	-4.501667039031337	-1.641901407686363	1.163424531242271	2.072713560472647	1.210699056491183	-0.006570322068821599	0.08140123994392993	-0.6996801314747852	1.067799124392164	-4.842088465032533	-4.842088465032533	-3.380586268025849	-3.380586268025849	1.120779363975143	0.4321247788415468	-0.5496299718788716	-1.914806236873944	-0.4654752458441502	0.1025473791822753	-1.577551274395916	0.663280619412556	3.751185699510614	2.299615802417508	0.4825688221695372	0.009813938808007842	0.4765311438762798	-4.723349310062539	-0.09909993529084282	-0.06262731939853224	0.01108335444728179	0.01069578501304153	0.01620905075476239	0.1194652611483142	0.01232679776488675	0.01149803254148637	0.01548857880123289	0.0172548245432902	0.07277288954086442	0.1162524619471995	0.1170797069620146	0.1013671038811836	0.4874089937716418	0.4901481089525702	0.2186279763263595	0.1244594752450867	0.01320547240884611	0.9961870417579112	0.7299567513156541	0.4618867165158043	0.6294806545276095	0.4940674350407899	0.2699519846665642	0.01265324274929141	0.01899488588914401	0.01994505179401502	0.02587596831479734	0.06436379347175727	0.01227836542521386	0.2312663046591535	0.01590287183190435	0.3607564169196081	0.04208910405928394	0.6305490991004041	0.4452503995686801	0.2916438811276095	0.4263715338935265	0.3316880099344944	0.9174900729964308	0.4828790758084269	0.07189318276955356	0.2190188417799137	0.0160037819387796	0.01209120172155724	0.02786764129372621	0.3486735503318175	0.3799010988567	0.3327570643335733	0.1303317696217313	0.02196265837834904	0.03142588037289836	0.05585023674307029	0.04766754450497305	0.108210655310469	0.01359820133137344	0.02163788928378051	0.1041162770816295	0.01056192978950989	0.01096747684988468	0.0115861282750242	0.0117545860343215	0.01238123620978945	0.01296000619897471	0.3856992771076334	0.02220244283369496	0.09638200245967796	0.1411476218364505	0.3977117328576343	0.5603472477571445	0.651287967122632	0.6070241943470067	0.01486907140831905	0.03736452316547439	0.01058294207030216	0.01978356566277419	0.4860577364249495	0.01370173255344822	0.02391557793220237	0.3457721569676948	0.2634658303427109	0.8440779034664919	-1.099534996591871	-1.440268757741749	-0.01233354252069488	-0.1878760933543513	-0.1926517472385304	1.054044053548488	-0.03275025485213023	-0.06025490271348207	-0.04884125374157616	-0.05422801088942663	1.21136239770961	-0.02580659725964217	0.01046269454825102	0.01025561842541199	0.01657162751936183	0.2458392473717375	0.01140801651142842	0.01064866177031664	0.01875112773815694	0.01517396660308276	0.1294254399630342	0.2376617808758895	0.234081504464028	0.1915994157245991	0.9978960461615003	0.9972387696117541	0.3152694300355922	0.147229832483869	0.01253352549431648	0.999369405205395	0.9872859967887381	0.6031412022557416	0.8892213589326055	0.6561590933423663	0.3390938065922766	0.01137410726934294	0.01176451239102428	0.01037566607617105	0.01017610988537128	0.04077193862645707	0.01063832857468785	0.01062051946283986	0.0122262557547301	0.904635178431675	0.07503364435149902	0.9720975035969628	0.4089799508900524	0.01084027748028124	0.9988612681539346	0.3520258333312719	0.9919532445461039	0.5586390359363816	0.05368441774060977	0.3071361652031502	0.01122131923773064	0.01060359244843642	0.01336577088996177	0.5159891385305997	0.0650473111665556	0.5079445526505773	0.2023448208303069	0.01485714815790825	0.04329166465700997	0.08020680382199491	0.05106514385355139	0.1388077052771218	0.01137660123503939	0.01208363146309541	0.0122601092648423	0.01020478103020917	0.01038919946512488	0.01064652330413048	0.01069258771848221	0.0110272005429089	0.0114068360180942	0.5213382054353199	0.02427032744744277	0.1381043538108615	0.1985514885692346	0.6698902280782831	0.9954862209103262	0.9983735834085964	0.9966426276818905	0.01034707219133824	0.01115351010463031	0.0103209716878585	0.02019363805989548	0.7345300349392174	0.0123859937693521	0.0224556466963936	0.4131168363387484	0.3061751391030906	-15.08894369718455	-32.95800654257624	-1.042940468225971e-12	2.576943337518869e-13
0.6785074999999943	-0.268399402055661	-0.07262394496370256	-0.07305520538410895	0.6439902360252391	0.8903070354137271	-0.3349463417489329	0.3687526447669365	0.2355416757282686	0.2616621915101247	0.6144423688364934	-0.1164559781674843	0.1349955579840788	0.1644305677107615	0.05254794149446408	0.135460450391155	0.4967422473591002	0.4967422473590491	1.621354304441751	1.621354304441758	-0.2261212711990652	-0.3181610689971921	-0.09075049738406964	-0.5124596970968537	-0.1596053518060545	0.01410385336417383	0.5051356681960802	0.2439690614812395	1.83861535344415	1.747765553103291	0.09383297150254458	0.01189837278113415	1.865827090330069	1.797968889919463	-0.5148526506246031	-0.4116827330233103	-0.04077380958968958	0.8351804237057893	0.2991882144499388	1.722122998669715	0.5317460120357598	-0.1199205932047056	-4.747071863146539	-1.785787947801458	1.135869066362639	1.852150523805341	1.242522702325306	-0.2084597720956	0.2213723083465531	-0.7803140581802266	0.9692046750953247	-5.503899187902862	-5.503899187903155	-4.078366053565097	-4.078366053564095	0.9691968226738147	0.5733246950470581	-0.6162044850057674	-2.206152424587511	-0.4886284999050203	-0.1528597306898209	-2.707188868269271	0.6793962780169405	4.137392775470768	2.97111787899269	0.3564526844862442	0.02411707290061433	0.7659966426459712	-3.981487829223382	-0.09000083028310669	-0.07210367182272653	0.010713426224617	0.01044045638062576	0.01697076045404094	0.1643160400023719	0.01172748705519613	0.0109935974053834	0.05092349195375674	0.01556378736890673	0.08459288864985165	0.143757732559451	0.1431832126179031	0.1238487760217199	0.6540634674898764	0.65558886799697	0.3055304868444099	0.2274274961878556	0.02393163423288465	0.9971195514709988	0.8035676995913631	0.5214354235174374	0.6854986969869012	0.5402269731060182	0.299489565974396	0.01184424855157412	0.01503529131237377	0.01582538952759064	0.06554249752662418	0.07033237113777818	0.011355648454975	0.1413550341278752	0.01375531780450987	0.5465537898259797	0.05034117241501951	0.7396416857397984	0.4313753303894139	0.1828095931326527	0.6177143769273356	0.329556131726697	0.8997379329523003	0.480843496582574	0.09294791603472437	0.2862422346593958	0.01346462060416787	0.01127896019976431	0.02105586975922703	0.4302592298935634	0.2641241247653518	0.4082309185930614	0.1665349846484082	0.02479403581485562	0.0402165824986585	0.07158348218972689	0.05782139511908947	0.1207763464891522	0.01230538342830312	0.01647055112768417	0.06116822681724245	0.01035948332932819	0.01063421935606396	0.01103923657333782	0.01114685509061985	0.01158953219668744	0.01202385750676295	0.451243945317619	0.02440794521602916	0.1200821792745522	0.1724291687135764	0.4846422782079287	0.6991594034711512	0.7593795785251714	0.7296777679032289	0.01247778185513058	0.02398767474891441	0.0104318138136565	0.01902719470845307	0.578422076248444	0.01298109057522016	0.02181746110247122	0.3930598203961132	0.2744421011314317	1.855401695731021	-1.614096295472785	-0.8834425842426034	-0.08779428600112649	-0.2256787534641774	-0.1118569785234096	0.931732755044316	-0.02460111127214677	-0.2607405771029906	-0.03536333296992	-0.06817993721462914	0.9544885506523652	-0.01173434268275959	0.01031277880913606	0.01017429099474384	0.0185882545427076	0.199911150448614	0.01100180043424418	0.01044869281075375	0.1423537634721884	0.01304301298511188	0.06975370656202713	0.1239260410101712	0.1229102350821415	0.1144427963046984	0.9989240739424796	0.9986051694912412	0.5596257467025495	0.5696350809153626	0.05174595182476693	0.9992075180584521	0.9538134112425722	0.675750312742494	0.733773127832307	0.6152364883974785	0.3566559593424603	0.01089596261007193	0.01108046989312443	0.01338465817529372	0.1874963443666559	0.1070668826810996	0.01042751545645988	0.01140998639415653	0.01143724375593206	0.8924628628930649	0.04453657803186777	0.9860307745287747	0.3999857084712828	0.01043343686075481	0.9992805986754044	0.3024463158752423	0.7378671813672781	0.4024300976199487	0.1703245811120986	0.4681345339659707	0.01108730904973275	0.01049930260868609	0.01563670845651641	0.6397325080088695	0.05330719461393203	0.5786272170359623	0.224293386519254	0.0379886114382602	0.05351246536027075	0.09536383547889914	0.0829861959251736	0.1337681078984242	0.01093218231042786	0.01133885224290173	0.01195559509388288	0.01015538311005718	0.01028946897928644	0.01046387719645639	0.01052185803565248	0.01074809701731384	0.01098597779094068	0.6251061344257783	0.02833341136470253	0.1576017122573267	0.2280949764851394	0.6351068613833425	0.9968994216013537	0.9986570010694616	0.9973982340355365	0.01026928746879959	0.010916288877418	0.01027553514634077	0.016762720861038	0.7985978016258327	0.01227871684692393	0.01766385775947451	0.5384504132209792	0.2799217965488373	-13.62148705368637	-35.78050209306011	-1.679753972796721e-12	-8.961294906597207e-14
0.6856599999999941	-0.2687033589457774	-0.06602593262985096	-0.07052862435846369	0.6564569654465597	0.894359420053784	-0.3358041323460497	0.3337521227388768	0.2215771933356498	0.2691800544018482	0.6270006451985616	-0.1067511780580604	0.1328443362415659	0.1664599269132067	0.04601432501029069	0.1419366660697126	0.4549778085770432	0.4549778085770306	1.58970702235353	1.589707022353532	-0.2196552758040344	-0.3136019243448636	-0.0949940745768644	-0.5292439778701316	-0.1631801860838744	0.01188714106209918	0.4827136359375303	0.2488764119886033	1.869171623959664	1.770821339493908	0.09642280663788484	0.01203892426529559	1.872642721474131	1.773493709941518	-0.5154710139327696	-0.4121943084979405	-0.03637789039502663	1.036898199963517	0.4233677693830254	1.764288574580766	0.6001169055905121	-0.1210639642860471	-5.049338995434984	-2.156859899519335	0.9378908265109173	1.664993977324193	1.510520161835379	-0.3896144559088591	0.3430299703448587	-1.083769018984311	0.8359071617182028	-6.176111614089204	-6.176111614089204	-4.769882495793382	-4.769882495793382	0.8430863879148597	0.6989128069347244	-0.5479184636244961	-2.485032622262991	-0.5108144079743709	-0.4787261434527969	-3.507653982527603	0.6922688763533992	4.383473954267249	3.44243477604319	0.395200909285573	0.01053710159776826	1.156676262652725	-2.786862833622469	-0.08330861870326862	-0.06881721064976073	0.01046201951217516	0.01027897906262839	0.01839989838979148	0.1679098546760864	0.01123159626291768	0.0106529932441785	0.1261808649574195	0.0136317052570272	0.06137815581076632	0.1063756994171982	0.106263221840483	0.0998250917389	0.7600747123969095	0.7610769829193464	0.4432857390746486	0.4404561359309892	0.04908260292478021	0.9977200439369436	0.8435608268525637	0.5837827896297096	0.67438173476073	0.5571349742783286	0.3238770941234145	0.01121237805479386	0.01280614743796956	0.01548921636664781	0.165796881367454	0.1047771652713743	0.0108153809713885	0.08333247229950477	0.0123297926774003	0.6527619264141356	0.03875437479332106	0.8169086242648979	0.4190758997318648	0.1088038874692536	0.7353099571762479	0.3098857617518823	0.8099217602353962	0.426431965885529	0.1563052675586959	0.384224276718767	0.01220736917250916	0.01084739306725407	0.01898522310400076	0.5224647037117278	0.1786051425445179	0.4787160679456772	0.1952299010389517	0.03814049920733325	0.04960244415629456	0.08666230437432669	0.07842810096891106	0.1251838539724374	0.01146652831334706	0.01362512545830172	0.03697803627977643	0.01023962507506412	0.0104268386214991	0.01068834017902097	0.01077420915398207	0.01107305468885978	0.01136376088795846	0.527403745469667	0.02757939362932201	0.1411626749744447	0.2018708419166487	0.527362186034018	0.7903305961594145	0.8320508616424006	0.8113022832109062	0.01132240624048749	0.01727532657577522	0.01033771962478428	0.01684451746811921	0.6587228308540175	0.0125893212705576	0.01828062107893099	0.4658956205263999	0.2710264960790543	2.86672548799555	-2.128657594353699	-0.3266164107434572	-0.163255029481558	-0.2634814135740034	-0.03106220980828869	0.8094214565401443	-0.01645196769216328	-0.4612262514924992	-0.02188541219826385	-0.08213186353983162	0.6976147035951203	0.002337911894123015	0.01016286307002099	0.01009296356407542	0.02060488156605338	0.1539830535254904	0.01059558435705994	0.01024872385119078	0.2659563992062199	0.01091205936714117	0.01008197316101954	0.01019030114445266	0.01173896570025551	0.03728617688479852	0.9999521017234586	0.9999715693707276	0.8039820633695068	0.9920403293468564	0.09095837815521761	0.9990456309115092	0.9203408256964066	0.7483594232292465	0.5783248967320086	0.5743138834525906	0.374218112092644	0.01041781795080086	0.01039642739522451	0.01639365027441632	0.3648165788479403	0.1733618267357422	0.01021670233823174	0.01219945332547288	0.01064823175713395	0.8802905473544553	0.0140395117122365	0.9999640454605863	0.3909914660525132	0.01002659624122845	0.9996999291968741	0.2528667984192128	0.4837811181884528	0.246221159303516	0.2869647444835873	0.6291329027287913	0.01095329886173494	0.01039501276893587	0.01790764602307109	0.7634758774871391	0.0415670780613085	0.6493098814213474	0.2462419522082013	0.06112007471861227	0.06373326606353141	0.1105208671358031	0.1149072479967959	0.1287285105197267	0.01048776338581638	0.01059407302270818	0.01165108092292355	0.01010598518990537	0.0101897384934481	0.01028123108878238	0.01035112835282277	0.01046899349171878	0.01056511956378714	0.7288740634162366	0.03239649528196221	0.1770990707037918	0.257638464401044	0.600323494688402	0.998312622292381	0.998940418730327	0.9981538403891824	0.01019150274626119	0.01067906765020567	0.01023009860482352	0.01333180366218058	0.8626655683124481	0.01217143992449586	0.01287206882255664	0.6637839901032124	0.2536684539945852	-11.46323881097949	-38.38435460552528	-8.151137258524238e-13	-5.068342359144579e-13
0.6928124999999938	-0.2682323010660687	-0.05784976624906071	-0.06615694359798927	0.6692445987211805	0.8989114583175799	-0.3367486047011061	0.2957172339884798	0.2044444276935259	0.2741273832132636	0.637700244744196	-0.094271563855409	0.1302026901211327	0.1685570153768058	0.03689343077086159	0.1466520357515499	0.4081354336933673	0.4081354336933475	1.553085140441836	1.553085140441808	-0.2138280109714259	-0.3082185324134594	-0.09833955891378056	-0.5477291890077234	-0.1668690194556994	0.007206969332532066	0.4551800856410849	0.2538754476126473	1.900952544942407	1.796509709374754	0.09974785761340363	0.01208337809487057	1.882347457731614	1.75843615737827	-0.5160791807038677	-0.4126673966000136	0.1584402580330186	1.205743194076231	0.7799576356627999	1.80905565213611	0.6700952592373977	-0.140958591489005	-5.528755337693708	-2.55734114820428	0.4398165627100541	1.328639175653349	1.915900671117187	-0.3464281921391493	0.2460986801918993	-1.410785993970604	0.4918526721973621	-6.825998120089379	-6.825998120089344	-5.473015708170987	-5.473015708172412	0.7915967868552235	0.797699655490793	-0.3779855051928056	-2.663645255895797	-0.5087368245074435	-0.8220849790447582	-4.207530000995975	0.7033596243167889	4.477918040976034	3.6983400773703	0.4963496073684707	0.005596680239785722	1.535980600266562	-1.449137172207165	-0.08926513266257442	-0.06675885204548976	0.01640395799226305	0.04990530903149327	0.01824720294804563	0.145668369111176	0.01178586251029845	0.03049832469374216	0.1841356123892216	0.08154353886754133	0.0361314137564989	0.06158587812937542	0.06234098904986882	0.07517558168066989	0.8333678164768078	0.8340608167902414	0.5286539129985219	0.5724041267541696	0.05926959521645749	0.9202420402514652	0.7950954460781827	0.5937592827889371	0.5980666338326034	0.5155247398261146	0.3146862220211882	0.06796161861743155	0.03614980719223472	0.01562919007807849	0.2372612474230687	0.1536873970291783	0.07284201552683536	0.04913561235398572	0.08560683352434399	0.65952184929325	0.06091358138216321	0.872478920408449	0.3781968182483529	0.06293058906921593	0.8163687701743643	0.2646508112092318	0.6725695135491166	0.3423083654146858	0.1844584139194108	0.4303186716584564	0.01179813372045141	0.01074500713597064	0.01814412931936745	0.5673000008107153	0.218550905401781	0.5192357012795896	0.209314090633171	0.04381669232049345	0.05520125186543776	0.0949967323146691	0.08810357364629583	0.1253459755354071	0.01154118198819974	0.0154319133981091	0.0255662741204271	0.01020595531337236	0.01038166629017826	0.01064552881679275	0.01066301696004007	0.01092611771654308	0.01120709442204502	0.5705993768094032	0.02740432031851337	0.1507920866415331	0.2154645778786047	0.5464773137168716	0.828107603334343	0.8672172736686535	0.8569599902192352	0.01095977730349702	0.01469890339930639	0.01030123142211911	0.01532543109713228	0.6994514814238452	0.01243664248441989	0.02266089610954564	0.5600335672179009	0.3045753636043711	2.743987954611127	-1.284906557559624	-0.595350929101327	-0.2932480076822421	-0.1476564597580118	0.05332598433425369	0.5826540109128426	-0.01076404454134957	-0.2948947548816691	-0.01868578053782856	-0.1012551724869584	0.5157305173732107	0.004414826570166968	0.03152996917189177	0.1548153398587475	0.01601196290473005	0.08238816966970508	0.01369574739194746	0.08167130647483498	0.2552144045289536	0.2731503534833246	0.01008746952403603	0.01021124588114246	0.01205955192914719	0.05450871501490732	0.9999387668722777	0.9999625196226574	0.5993729458647179	0.6852832596180189	0.05138501835640488	0.5051259597152801	0.4677824109446199	0.493048188338453	0.2950263561655219	0.2950844376479306	0.2306570330804539	0.2232096837515372	0.09862932786796209	0.01522426295432201	0.3158916008426778	0.2520659593536234	0.2435723885212707	0.01161371578465649	0.2924010318528158	0.48481610410257	0.1424289849382276	0.9999505761675073	0.2192691299742847	0.01002774868714412	0.9996473664058441	0.1317222966040734	0.2470143443308219	0.1283242924371908	0.164304369437579	0.4128110063518123	0.01182559703686947	0.01086839898669238	0.01691369683352703	0.5658054815243595	0.4759811269103863	0.5574439750407865	0.2154049420226664	0.03946943653924013	0.05862851741121452	0.09945543883922291	0.08514520185837708	0.1228102471841063	0.0125437564758879	0.02249067358555168	0.01682171146058088	0.0102340332451529	0.01046753354178516	0.01087908032170693	0.01074014054999244	0.01106529623982407	0.01148420529819385	0.598300546069548	0.02289363520271185	0.151423814350954	0.2159142330331301	0.5735525324108802	0.8380229870604878	0.9018397097282577	0.9283915736876043	0.01100237234180067	0.0137156102591087	0.01030058320719641	0.01443491131199122	0.7226380378905414	0.01240483919869932	0.03833534796658356	0.8307153349028583	0.4540307958292928	-9.031812975681083	-42.4233336436288	-2.882441122968717e-13	-4.492047562467704e-13
0.6999649999999935	-0.2665750004044288	-0.04940145661994784	-0.05964448350296719	0.6823016626150656	0.9039073647004505	-0.3377908882374361	0.2554831931993709	0.1860888447913491	0.2753904192885578	0.6460323526770496	-0.08024772575298351	0.1279261753544222	0.1700195000248879	0.02663199886395838	0.1491047442423104	0.3587062252565236	0.3587062252565186	1.511378401487277	1.511378401487278	-0.2082564002834165	-0.3023153572236808	-0.1002642761549143	-0.5670584157524122	-0.1702870132518017	0.0002397992478088245	0.4222934135746811	0.2589062946203636	1.932866770096807	1.823121399055385	0.1029765140099621	0.01217196320701093	1.894314435355069	1.752398032862695	-0.5167839520844	-0.4131963570450157	0.2953222933074199	1.112995578034196	1.021977859434128	1.83962744050586	0.7242324229540983	-0.1484141722619032	-5.664271407513554	-2.49878713057488	-0.09232035450942642	1.002990031073942	1.94231992409195	-0.2875155104425737	0.1655804588411386	-1.402689023870818	0.2032161610674728	-6.899448504170565	-6.899448504170565	-6.191722983128397	-6.191722983128396	0.7715997344094518	0.84425590609582	-0.1506400027276458	-2.721038384471138	-0.4350815661086014	-1.118222363000175	-5.004507326106125	0.7011640552900986	4.420748801288163	3.700615775633549	0.3682468152040936	0.0228772015810939	1.789249870753703	-0.2648277276671187	-0.1103214420333686	-0.08444037539746738	0.03039678345228042	0.1366418669324633	0.01572419175887763	0.1002130226301704	0.01370784816619116	0.07543034313336766	0.2099345715027765	0.2287002271567868	0.02303036534041195	0.03641492212918963	0.03783289390445788	0.07001210145528891	0.8836211867294709	0.8841106629739084	0.5149489525496057	0.5538870997027526	0.04424714903996305	0.7151472096227529	0.6206341124427637	0.5175249990799827	0.4515317111418553	0.3920951785695267	0.2540987159572463	0.1906140564852472	0.09046767892509847	0.01506830441536437	0.2562989587602181	0.2122843835167	0.2060935161434873	0.03035262238966189	0.2427347917108183	0.5375047535099299	0.1319389280817837	0.9108482813921035	0.2879084236641078	0.03704068824432779	0.8717221933169291	0.1865195155834843	0.4987737811837681	0.2396856134021021	0.1468787687173567	0.3835504315778768	0.01207864411301674	0.01095324711736387	0.01722013690323598	0.5323303751539656	0.404399886196062	0.51535134503196	0.2048252835201843	0.03541597903167606	0.05540630332358543	0.09411346021880179	0.07877690369804786	0.1227637872110326	0.01268213618789615	0.02258955979741565	0.02267370010457354	0.01025963613573031	0.01051087153792639	0.01094839422868488	0.01082173252214468	0.0111799880386519	0.01163015403367978	0.556757621858579	0.02231672902222101	0.1448539239193838	0.2063331764388772	0.5505095862139265	0.805017246728587	0.8619235759909644	0.8671831077135909	0.01122976539935161	0.01511689583751612	0.01032251458210013	0.01520585565078909	0.6832687748107424	0.01249161296203547	0.0379606401459887	0.6743062254675009	0.3974932835652694	2.621250421226703	-0.4411555207655495	-0.8640854474591968	-0.4232409858829262	-0.03183150594202001	0.1377141784767961	0.3558865652855409	-0.005076121390535861	-0.128563258270839	-0.01548614887739329	-0.1203784814340852	0.3338463311513015	0.006491741246210879	0.0528970752737622	0.2995377161534187	0.01141904424340697	0.01079328581391993	0.01679591042683517	0.1530938890984788	0.2444724098516872	0.5353886475995079	0.01009296588705242	0.01023219061783219	0.01238013815803887	0.07173125314501608	0.9999254320210966	0.9999534698745869	0.394763828359929	0.3785261898891813	0.01181165855759209	0.01120628851905184	0.0152239961928332	0.2377369534476594	0.01172781559903531	0.01585499184327047	0.0870959540682638	0.4360015495522733	0.1868622283406995	0.0140548756342277	0.2669666228374152	0.3307700919715044	0.4769280747043092	0.01102797824384004	0.5741538319484975	0.08934166085068465	0.2708184581642185	0.9999371068744284	0.04754679389605627	0.01002890113305976	0.999594803614814	0.01057779478893396	0.01024757047319099	0.0104274255708658	0.04164399439157069	0.1964891099748334	0.01269789521200416	0.01134178520444899	0.015919747643983	0.3681350855615798	0.9103951757594642	0.4655780686602258	0.1845679318371314	0.01781879835986781	0.05352376875889769	0.08839001054264291	0.05538315571995821	0.1168919838484857	0.01459974956595945	0.03438727414839544	0.02199234199823848	0.01036208130040024	0.01074532859012206	0.01147692955463128	0.01112915274716201	0.01166159898792922	0.0124032910326004	0.4677270287228592	0.0133907751234616	0.1257485579981164	0.1741900016652162	0.5467815701333585	0.6777333518285943	0.804739000726188	0.858629306986026	0.01181324193734063	0.01675215286801212	0.01037106780956899	0.01553801896180182	0.5826105074686349	0.01263823847290267	0.06379862711061031	0.9976466797025041	0.6543931376640004	-6.697121784439612	-46.97547597159436	-8.563430679451514e-14	6.428145927643165e-14
0.7071174999999933	-0.2644712828566728	-0.04231915632980898	-0.05253404148586605	0.6955198410299176	0.9092198621437945	-0.3387799684828979	0.2162587775379087	0.1697965622698493	0.2729915918537663	0.6520204201121047	-0.06760957877103996	0.1253869226101971	0.1713697178419046	0.01750931374391789	0.1504387695773133	0.3116379067500415	0.3116379067500429	1.464153340120515	1.464153340120504	-0.2028877064265601	-0.2962732092090803	-0.1004470387128189	-0.5865055041005253	-0.172983845627148	-0.008624610523380276	0.383659921794525	0.2638281340213557	1.96406112471435	1.84904818833592	0.1044066413571807	0.01232754633548638	1.907572041986549	1.753945593443758	-0.5175073393992117	-0.4138084982119514	0.3056590718090733	0.8802853611096241	0.981663453499414	1.856694059553921	0.7601627836676587	-0.1296426737467464	-5.311967856163947	-2.07322750824408	-0.593232104167264	0.6509855658353467	1.621246593915817	-0.4125206448093526	0.1975986947305096	-1.16710508345552	0.1569683783094794	-6.253013675209917	-6.253013675209363	-7.015666908699523	-7.015666908699408	0.7282016788422724	0.8445329392027777	0.1012097635707751	-2.709340449130298	-0.3255685246674273	-1.352034633119776	-5.764481570504872	0.6764742845763021	4.306622867179239	3.547438361820389	0.05606873402072966	0.01864191340622373	1.888893092391448	0.6182990601745828	-0.09287957435282203	-0.08440019593038642	0.03604708954129387	0.1745676140732677	0.01618479626793122	0.06318736733954181	0.01480574119933709	0.0943270348390471	0.2175079028303043	0.2962231501578725	0.01667222972184848	0.02515393945635482	0.03410352997200855	0.0653642092657372	0.8969519541988674	0.9176480784975445	0.4429154720516454	0.4687790414390532	0.03255295493476127	0.5349568353252587	0.4446102418987618	0.410970965021394	0.3160357919784932	0.2682010914303188	0.1836418748921095	0.2458422984985034	0.1136268884027689	0.01465842342115519	0.2341518424525922	0.2267947272800923	0.2663858469718076	0.02061451162032117	0.3149701932323609	0.4313448015211709	0.1711935516087724	0.9089650962413783	0.192990434550829	0.0234106004607601	0.8707320578167381	0.1118948039058862	0.3335487202730668	0.1470177098910813	0.107601991684435	0.3254888323071073	0.01234167380532693	0.01110501311948354	0.0171618427464622	0.4902332869851294	0.5291134144716338	0.5023705568858688	0.1973074207069204	0.03116424667877005	0.05301963466007745	0.09097800152115279	0.06987357410609429	0.1169265450486983	0.0132745289404844	0.02561805434946474	0.02203231343631073	0.01029260761198832	0.01058851974045036	0.01112073627207335	0.01091653475743521	0.01132488500089654	0.01186220252185904	0.5310048427138759	0.01848779061128262	0.1380462871978924	0.1951403505455149	0.5441645821554678	0.7863519977953405	0.8435090083278528	0.8742762970621423	0.01138956488711207	0.01552738222825747	0.01033429772426276	0.01511420708299561	0.6556820578737999	0.01254922421024734	0.04447425740619359	0.7375852817569797	0.4511446646633883	2.38325205619345	-0.7327823411100639	-1.016800402419394	-0.4799638825485654	-0.05284826341002187	0.1355749357682791	0.3353545085005264	-0.007490100987783281	-0.03384524945724971	-0.02163233582008791	-0.1051914493326287	0.2893741734190583	0.0005943031451379637	0.03179105195248424	0.1549838110241844	0.02093375346851825	0.02926016310581919	0.01497236216223087	0.08208181982658136	0.2149906665784095	0.2749068496603275	0.01129794567694281	0.01753418207200232	0.04536230295486406	0.05063658921309101	0.8623877809555968	0.990798683210986	0.2082465427045122	0.2143535565687211	0.02840523697202704	0.2478529735454036	0.1212593392611211	0.1588207065427803	0.09915233608956968	0.0714924651227643	0.06639788507953949	0.2239616039569289	0.09925390386586366	0.01447664759999694	0.1389055419776264	0.1734689193537183	0.2440011057766054	0.01162275775104759	0.2933960589423394	0.3202051865327147	0.1783785261253657	0.8183082278800086	0.03786879428361138	0.01037260148919721	0.7495122890508691	0.01227828887789052	0.01053828975583171	0.01138601214809563	0.07043222350858749	0.2391494096864569	0.01247985751401962	0.01115760901517515	0.01810166384376083	0.4340784941529589	0.6373193458012806	0.4846709657167114	0.1877418995665564	0.03465331057415044	0.04800981344261144	0.0864401763576879	0.06388877484570356	0.1034789851726044	0.0131503406795475	0.02345319780573678	0.02095938479231356	0.01028883826993016	0.01058543372633437	0.01110750261851195	0.0108952548391709	0.01128283272814536	0.01179387523747311	0.4850127394968252	0.01619240918177869	0.132060882624196	0.1825879583595096	0.5165231873560427	0.8029331423504485	0.7977726440208932	0.9195365317980427	0.01129949922106836	0.01519009493459707	0.01032298463354413	0.0146061291284329	0.6051313477628454	0.01257042880426169	0.03992000437463501	0.7685497666041435	0.4596753087440619	-4.813225250474757	-44.70760108250821	5.438341197294944e-15	2.150532237637023e-13
0.7142699999999931	-0.2620203791453704	-0.03662429185531816	-0.04538146688748017	0.7088648365359284	0.914765776979083	-0.3396667088856901	0.1793780529958611	0.1561977859635924	0.2666927158562456	0.6550525523698464	-0.05663156211471618	0.1221680613064431	0.1726405558767833	0.009666396420008558	0.1511665153898065	0.2693841671825833	0.2693841671825832	1.410987819422847	1.410987819422843	-0.1978595914784363	-0.2902447811547854	-0.09879251982655567	-0.6057087466994352	-0.175038041044331	-0.01898044342370431	0.3403160856631747	0.2686030181090456	1.994540643459064	1.873843762135361	0.1041279017929232	0.0124102342042779	1.920920459603597	1.760108966005759	-0.5181258356756713	-0.4143704015529033	0.392403359661665	0.7250372933379196	1.033759077549665	1.875088353797366	0.7895011798907324	-0.1197976486213485	-5.008922614948125	-1.745622163011365	-1.182861721227959	0.1764440185433463	1.47811011615851	-0.477549361412072	0.1433840849475809	-1.044837140996168	0.03368675945687293	-5.553183858516665	-5.553183858516665	-7.852809129480805	-7.852809129480805	0.6763662052288267	0.8404194963634365	0.3631052455541622	-2.652853624120726	-0.2553858070976143	-1.535257841262314	-6.32162563472256	0.6600720417837532	4.220864600567292	3.38430246389759	-0.1095908391755564	0.00249404612943479	1.814642666438619	1.02585720234014	-0.0809915466535925	-0.07039274841840311	0.02772580619836681	0.1310584998973736	0.02145551593234843	0.05178999773493312	0.01433594329466865	0.06950699598174895	0.2099743622625271	0.2321621510115876	0.01429103248796289	0.02345740202481705	0.04906578639508778	0.05249226920480816	0.8643300606469768	0.9381512279237006	0.3271120532923869	0.3521998902219481	0.03527723916845926	0.482539892315965	0.3532645773793702	0.3075449123073231	0.2526096840138611	0.2032554398794082	0.1292362744708515	0.1893781185269449	0.08411070476233587	0.01469389819336184	0.1673983843636709	0.1697366234065426	0.2062051180707274	0.01621432630404986	0.2475350191501492	0.4352087650169162	0.151852227608529	0.8523678966036204	0.1253237518979971	0.0168815510494786	0.79363785669229	0.06623161415432002	0.2127506658900568	0.08686293663505158	0.09797735997625324	0.3023825785386774	0.01234573660562797	0.01107556320026592	0.01829694852230202	0.4834018509035746	0.5146571486853678	0.4999514456119762	0.1941540750043857	0.03777825093884298	0.04904948047229037	0.08838984677788754	0.06935246676816657	0.1075622807209961	0.01276897189177565	0.02126150212158263	0.02118243819933668	0.01026820932765882	0.01053792364815762	0.01100082608055492	0.01083397849943402	0.01118740995395602	0.0116408857279879	0.5191192944947541	0.0181635578283095	0.1369980971790066	0.1919413853880281	0.5299897980980675	0.8117710919692892	0.8285626698089228	0.8977507093385486	0.01118619444895355	0.01488158184537813	0.0103137485695317	0.01457246066986137	0.6437022890378333	0.01253937089687658	0.03532697913329859	0.7091032782933334	0.4178402266266907	2.145253691160198	-1.024409161454578	-1.169515357379592	-0.5366867792142046	-0.07386502087802373	0.1334356930597621	0.3148224517155119	-0.009904080585030676	0.06087275935633953	-0.02777852276278254	-0.0900044172311722	0.244902015686815	-0.005303134955934911	0.01068502863120653	0.01042990589495039	0.03044846269362974	0.04772704039771856	0.01314881389762656	0.01106975055468398	0.1855089233051319	0.01442505172114701	0.01250292546683394	0.0248361735261731	0.0783444677516892	0.02954192528116563	0.7248501298900967	0.9816438965473845	0.02172925704909534	0.05018092324826088	0.04499881538646186	0.4844996585717557	0.2272946823294089	0.07990445963790126	0.1865768565801042	0.1271299384022581	0.04569981609081514	0.01192165836158444	0.01164557939102793	0.0148984195657661	0.01084446111783744	0.01616774673593207	0.01107413684890176	0.01221753725825543	0.01263828593618145	0.5510687122147447	0.08593859408651287	0.6366793488855883	0.02819079467116648	0.01071630184533453	0.499429774486924	0.01397878296684777	0.01082900903847345	0.01234459872532643	0.09922045262560425	0.2818097093980804	0.01226181981603497	0.01097343282590123	0.02028358004353857	0.5000219027443379	0.3642435158430966	0.5037638627731968	0.1909158672959814	0.05148782278843308	0.04249585812632511	0.08449034217273273	0.07239439397144913	0.0900659864967235	0.01170093179313556	0.01251912146307802	0.0199264275863884	0.01021559523946054	0.01042553886254693	0.01073807568239277	0.01066135693117995	0.01090406646836164	0.01118445944234593	0.5022984502707911	0.01899404324009594	0.1383732072502755	0.1909859150538028	0.4862648045787268	0.9281329328723027	0.7908062873155979	0.9804437566100596	0.01078575650479584	0.01362803700118187	0.01027490145751991	0.01367423929506412	0.6276521880570558	0.01250261913562091	0.01604138163865913	0.5394528535057814	0.2649574798241225	-3.443155938100302	-36.86794571363936	-2.957449321412839e-14	-4.420004335488224e-14
0.7214224999999928	-0.258797343325822	-0.03167638208265244	-0.03730270329363464	0.7223480416668413	0.9204817795768617	-0.3405441394060555	0.1441834214816348	0.1443898367225564	0.2564252997631007	0.6547308911459672	-0.04579320056165353	0.1189252706472421	0.1733657518541856	0.002184728309003811	0.1505523094755724	0.2315171683939117	0.2315171683939062	1.352257263644832	1.352257263644836	-0.1932422295495209	-0.2842573376119962	-0.09529453823192283	-0.6243890208011548	-0.1767003732261127	-0.03048725953351493	0.2936974814844932	0.2733817090337596	2.024483013101425	1.897477400030132	0.1031227875177055	0.01244643567894191	1.933300299507708	1.767714077677825	-0.5188916760332027	-0.4149198993434507	0.4956366452863191	0.6613375750588221	1.211358749260588	1.894532555582741	0.8056880978427602	-0.1253556799736976	-4.822587595150813	-1.556460683956317	-1.654377481726695	-0.248690741102552	1.548529149151945	-0.4361626558834538	0.07431645888750019	-1.044652750448491	-0.1869162726421778	-5.041258714960916	-5.04125871496124	-8.552778183059228	-8.552778183059079	0.610154035115598	0.8263109277903785	0.6048496312729765	-2.565467383736169	-0.2056185844885728	-1.672020557656902	-6.68771865981507	0.6766531190642255	4.153976225750508	3.220460829934997	-0.1636931019001037	0.007881936779312112	1.639941488481898	1.055674695928571	-0.1251135893651823	-0.08285616582414973	0.01974135232886426	0.07686732554325677	0.02410514984293394	0.04530377950011365	0.01459031692249539	0.04221549865734495	0.1914290359033849	0.1644877738086624	0.01312416313399667	0.02240710253331711	0.08931046909734189	0.04123706000985998	0.7997437850235867	0.9047495764500146	0.2185418352556578	0.2377430067847422	0.03597350998273312	0.4473212348728829	0.2934114411317799	0.2261528273162179	0.211625844553934	0.1665360395796905	0.09477897866861341	0.1217713908632041	0.06055076669374596	0.01493650933734838	0.09961416733148223	0.1111950736496836	0.1312316883061839	0.01397459689442965	0.1661565979701665	0.4491356398286293	0.1323931655762245	0.7665343555471896	0.08462073681791971	0.01540388865626224	0.6920377380290722	0.04031600902468684	0.1287841259486979	0.05114313997989528	0.09550093712418492	0.2894670250241421	0.01235300274126232	0.01107645023977686	0.01937486214380505	0.4754772356723515	0.4544739136339129	0.473168614683009	0.1801806706135236	0.04192550994748868	0.04314775372408768	0.07966990737311519	0.06453894955088875	0.09183302734768969	0.01252975840913447	0.0203409290508268	0.02696624018987958	0.01024902694453829	0.01050231131007927	0.01092909550144219	0.01076679933119583	0.01107800835581627	0.01147431668481101	0.4935269861543766	0.01792843875576127	0.1278519991976335	0.1805753056145231	0.5024474537157242	0.8130576989504525	0.7887785748279881	0.8831988465628429	0.01094692195119808	0.01401234826307426	0.01034928428885675	0.01412910262496173	0.6011632110833939	0.01278709427773546	0.02687121929403132	0.6308617930851305	0.3564253722030518	2.081877965904015	-0.7488531722610404	-0.8389546790521801	-0.4655108267565492	-0.1432375802803509	0.08278879167414334	0.2618377435507186	-0.009492336885741973	0.1471988274124525	0.05902042734503302	-0.05188858056824541	0.2093478617526357	-0.008566536708734441	0.01345322739575753	0.01200619885775375	0.02332422015691457	0.03103459201681676	0.01621955807728145	0.01532693479111451	0.1456766580943108	0.1048330116204821	0.01169807632014246	0.01855580116843648	0.1802284913483236	0.0299096902157534	0.5842696463105918	0.6874949426065048	0.05076470163403402	0.03370413066918996	0.02958696713184178	0.2793091831853921	0.1533266564006713	0.1021240155210027	0.1143986354471405	0.1026142171244035	0.05790572383031157	0.04396399637562161	0.05298197645759921	0.01537423091705248	0.01211883051582868	0.0484252933098171	0.03856326565564798	0.01168786266191153	0.06923174097486735	0.4082826725420994	0.1243231772521293	0.5084321134210052	0.04117488082539616	0.01682226378258873	0.4266231649753076	0.01256754366589848	0.01059212473660247	0.01154084198710546	0.08692767877034463	0.2550866248745259	0.01244121619956162	0.01116393123450152	0.02044461601728271	0.4231007853684022	0.3032108708984134	0.3421136161736713	0.1333602785571521	0.0414030783391834	0.0326625926438899	0.05723897553977392	0.04823010205550406	0.05885486393774177	0.01282465217764897	0.02528281668061105	0.04290342532905041	0.01024538534281662	0.01050777100855074	0.01097027147084265	0.01074410731266298	0.01104268926973387	0.01144098875557827	0.3857183049973403	0.01663772909535828	0.09695818935164864	0.1410949465154578	0.4089066853119006	0.7142349724763115	0.6131373227187393	0.7309412148250523	0.01068670645230439	0.01288082155592769	0.01046984520658075	0.01376836478519593	0.3999637231494938	0.01343602886579822	0.02085518498271367	0.3818219748916107	0.2192476959938737	-2.365664623432498	-28.103282187889	-6.015919220935929e-14	-1.342338639919515e-13
0.7285749999999925	-0.2551190279421347	-0.02712340444229579	-0.02825162384210764	0.7359577313285656	0.9262463174464701	-0.3414571181718036	0.1105297099486325	0.1339281177178424	0.2435098035544638	0.6517481868476327	-0.03453722415810271	0.1158292667434203	0.173917075191117	-0.005240841628229264	0.1487575535804848	0.1971834554062228	0.1971834554062206	1.288880624120365	1.288880624120366	-0.189197113683642	-0.278531598786376	-0.09028547771671615	-0.6423347432342932	-0.1779247539899491	-0.04275155055827744	0.245024016815848	0.278289630704331	2.053995892819454	1.919859041646769	0.1018974022940304	0.0125266078467585	1.94427828931602	1.774566259647484	-0.5198005581121591	-0.4155498935610691	0.5197097739536317	0.6146053793768458	1.305640477809469	1.910456275729891	0.8030727344449423	-0.1297377382075205	-4.578046702692014	-1.369185885811248	-1.923324528773975	-0.5676435241215483	1.594884628702637	-0.4365044804954725	0.0947653808664219	-1.02915082886179	-0.2964215889118874	-4.565197615667654	-4.565197615667654	-9.151958726534163	-9.151958726534163	0.516353324967014	0.7672409665713862	0.7856369255468355	-2.447456443112348	-0.1329247325236292	-1.747064877949312	-6.896210881824605	0.6962078672595655	4.100769550072824	3.034216122580916	-0.1711835545778047	0.01478924169809173	1.42265382455121	0.8153211093916365	-0.1209892317777211	-0.09290136137074387	0.01737063204893275	0.04606693542411726	0.02158023923220385	0.03349536502384155	0.01635084981587746	0.03002667522653622	0.1634568972439915	0.1598894145956423	0.01214950591225584	0.01857927187034709	0.1551391249946741	0.03574912625120785	0.7112455764564654	0.7917715352116842	0.1563268112646068	0.1515218915267695	0.0282926608318449	0.3516491062950929	0.2248766360065387	0.1810990662027582	0.1555262360908004	0.1335375918217122	0.08088575876310182	0.09455573593569425	0.06809085060189513	0.01530383943541287	0.05888928629146346	0.09065864571192039	0.09644475139126957	0.01264454157119464	0.137809064895567	0.4090185793617524	0.1381727201397158	0.666527288411134	0.06758496520090121	0.0179692161055969	0.5975016866596573	0.02603004097671313	0.07501401211825513	0.03130686019958615	0.0883767947508857	0.2711393270342126	0.01245287771480369	0.01117958711370363	0.01996398572056224	0.4441771144255555	0.392125192417331	0.3997368395134706	0.1471612981639148	0.03875591657747259	0.03516490867145902	0.0617612454738794	0.0500229008978292	0.06824373522560949	0.01302316566128685	0.02662748872701965	0.04156310926488961	0.01025629586428333	0.01053031811024086	0.01102129899508469	0.01078051768518295	0.01110234769491972	0.01153570544159071	0.4369062643182691	0.01656167069121092	0.1037970789785699	0.1525020240212157	0.4578783909218757	0.7481959015341706	0.7062155481750082	0.7969157294283842	0.01078320334174581	0.01320725629002983	0.01047089310092591	0.01397369657962255	0.4977399825782249	0.01340308990026896	0.02526297609395716	0.5253403712486105	0.2981474900650158	2.018502240647831	-0.4732971830675026	-0.5083940007247684	-0.3943348742988939	-0.2126101396826781	0.03214189028852457	0.2088530353859253	-0.009080593186453411	0.2335248954685654	0.1458193774528486	-0.01377274390531862	0.1737937078184563	-0.01182993846153397	0.01622142616030872	0.01358249182055722	0.01619997762019948	0.014342143635915	0.01929030225693645	0.01958411902754519	0.1058443928834898	0.1952409715198171	0.01089322717345022	0.01227542881069934	0.2821125149449581	0.03027745515034161	0.4436891627310866	0.3933459886656249	0.07980014621897262	0.01722733809011888	0.01417511887722174	0.07411870779902829	0.07935863047193373	0.124343571404104	0.0422204143141767	0.07809849584654877	0.07011163156980796	0.07600633438965877	0.09431837352417038	0.01585004226833893	0.01339319991382001	0.08068283988370203	0.06605239446239411	0.011158188065567	0.1258251960135532	0.2654966328694541	0.1627077604177459	0.3801848779564218	0.05415896697962572	0.02292822571984333	0.3538165554636912	0.01115630436494871	0.01035524043472983	0.01073708524888363	0.07463490491508495	0.2283635403509715	0.0126206125830883	0.01135442964310183	0.02060565199102685	0.3461796679924665	0.2421782259537303	0.1804633695741455	0.07580468981832265	0.0313183338899336	0.02282932716145475	0.02998760890681537	0.02406581013955855	0.02764374137875944	0.01394837256216248	0.0380465118981442	0.06588042307171241	0.01027517544617313	0.01059000315455478	0.01120246725929261	0.01082685769414612	0.01118131207110618	0.01169751806881064	0.2691381597238895	0.01428141495062057	0.0555431714530218	0.09120397797711292	0.3315485660450745	0.5003370120803203	0.4354683581218806	0.4814386730400452	0.01058765639981321	0.01213360611067365	0.01066478895564061	0.01386249027532774	0.1722752582419319	0.0143694385959754	0.02566898832676847	0.2241910962774404	0.1735379121636254	-1.600938487384209	-19.7401966492162	-8.483971064966825e-14	1.358244012990173e-15
0.7357274999999923	-0.251495044064064	-0.02297262680423222	-0.01874090241956403	0.7496697188311134	0.9319304827382062	-0.3424004706489848	0.07882449654149068	0.1248919660546737	0.2289150771551767	0.6467350922993563	-0.02312688872937141	0.1126918649326207	0.1748609895425641	-0.01238480101326049	0.1464509291958059	0.1661950583311615	0.1661950583311633	1.221422802121727	1.221422802121727	-0.1859034047395318	-0.2734011390945116	-0.08421250037216338	-0.6593400272770027	-0.1785222435082335	-0.05534872676272816	0.1952922057379055	0.2831644026252192	2.083147577542428	1.940836997901477	0.1008163060334138	0.01259767918344898	1.953675005716085	1.779137791297461	-0.5204191524417492	-0.4162010381890225	0.4879695452402307	0.5383223908538256	1.353745899663399	1.923020404235605	0.7840672562794718	-0.1346784211700268	-4.278593105793827	-1.150438485003448	-2.1482893008317	-0.826418696223012	1.591176117923634	-0.4280130168950585	0.1741777757636508	-0.958243523920762	-0.3490476803337461	-4.095652700085945	-4.095652700085633	-9.700869577705424	-9.700869577705387	0.4027992335705803	0.6599042501766206	0.9010188761979037	-2.303873936307203	-0.02780992108862836	-1.767716624008398	-6.996165888100407	0.6507809329322138	4.047519480940195	2.828743806732543	-0.1313577213997297	0.006098713233827973	1.215823555196818	0.4735973894924882	-0.07309280540657474	-0.09000221815675644	0.01940250976218526	0.03879669938325554	0.01956713825428827	0.02442534276839894	0.01853967252228907	0.02674677462680436	0.1328772256631376	0.1664900228764322	0.01489142945202839	0.02980539942119877	0.1791305523704085	0.09901175769152118	0.6231282490110522	0.665889417810824	0.1163832212449732	0.0922362087516639	0.0213670653193231	0.2543125123607294	0.1671355477758865	0.1546707305996742	0.1084894111615546	0.1090536961019649	0.0747355110746742	0.0858916940908946	0.09294200742166529	0.01555167391058096	0.03636710779740086	0.0859036591356306	0.09715330250041272	0.01198635951141681	0.1280907687360874	0.3504616510742679	0.136091269925705	0.5498702251665489	0.06336702524433542	0.01904302114798381	0.5002483137899816	0.01842602545635029	0.04373264332617113	0.02080564872798512	0.0817090763745089	0.2436057569995948	0.01415068201996461	0.01165191770704043	0.0217120588457874	0.3882932158647245	0.3282963806784844	0.3092802475048814	0.113461904601298	0.03433504837075802	0.02923805776072837	0.04492282465960375	0.036105540988008	0.04655528569871076	0.01434988586599088	0.03084778245996029	0.05636371502172267	0.01034305796871607	0.01071728507721072	0.0114144899625009	0.01100999698679696	0.01139069299228212	0.0119245541169391	0.3630273581098118	0.01597020140717156	0.0804890918368916	0.1243767764264894	0.387677308364388	0.6404085745090835	0.5893368934323937	0.6671279344226565	0.01088373032135142	0.01360863953015989	0.01081202035885988	0.01409862098455718	0.3855463030271981	0.01447813873166982	0.02675257732701267	0.4119161681578687	0.2391042960747744	1.677882873089955	-0.2338539669588869	-0.5178178672711083	-0.3965877900896579	-0.2779754659372797	-0.02638472740509894	0.1190131554162619	-0.00576665894581778	0.2891266818327058	0.2176780687944659	0.03068114950734105	0.1306450266816362	-0.009158365837312507	0.02551062852049764	0.04622623140903963	0.018936742917144	0.01681730489269474	0.02161089933529884	0.02694734731092798	0.08056117389568433	0.15808261000927	0.02280041510315434	0.06399849396316031	0.1473122291811456	0.28704220934286	0.4118726604368725	0.3686616862324441	0.05155875862545656	0.01736406523138275	0.01532306679870231	0.09561394453904401	0.08474055353976735	0.1126909389295401	0.05228154349632111	0.07855457772799798	0.0659668406437933	0.07576153420836176	0.1435709312706382	0.01571782037962616	0.01309881822211292	0.08023493508492727	0.1248855549277276	0.01158635784226855	0.1068842802376715	0.2192245197646188	0.1078132636229245	0.2180343914499406	0.06273990858469056	0.0176017929049065	0.2400346668637404	0.01138756381113815	0.01034481652978292	0.01084614205570811	0.07366617117050347	0.1738160298898723	0.01825592532801748	0.0126808384282167	0.02563316640618141	0.2215520512449778	0.1837375484129622	0.1112233605986537	0.06560077391425782	0.02885494829466257	0.02401979648763507	0.02517073721910773	0.02038967268656939	0.02029147570995286	0.01689726039717619	0.03219744230549645	0.07621238332706108	0.01054245564691425	0.01113152005281278	0.01224072964643928	0.0115413099667681	0.01204165839456194	0.01275746284358439	0.1801539201064642	0.01638530192796445	0.0514297126970055	0.08473529167019564	0.1790026729919485	0.3055637263678487	0.2347118762771283	0.2732506933993891	0.01129663255559451	0.01550877633385613	0.01149691097952802	0.01450445675629426	0.1542011959969048	0.01636269460754569	0.03025674750703113	0.1447978423527135	0.1146324862560258	-1.112178349382887	-12.58290762478799	3.296032374063608e-14	6.683498547959652e-14
0.742879999999992	-0.2482197064487431	-0.01953318144020304	-0.008886652307771886	0.7634564721078666	0.9374297759482316	-0.3433927562378121	0.04945105673846928	0.1175724752179493	0.2129129948706883	0.6400365855291922	-0.01184019252565715	0.1098892249797639	0.1764802627232161	-0.01880235391431809	0.143757486155472	0.1386552680649247	0.1386552680649274	1.150251263913729	1.150251263913729	-0.1834614290739756	-0.2691981949294728	-0.07756070082695923	-0.6752383047999243	-0.1782319260579033	-0.06792898143241384	0.1451406584044702	0.287368639053114	2.111850194691049	1.960282038572077	0.1000148621790197	0.01262836678810722	1.961827198590143	1.781492922830806	-0.5211481169170544	-0.4168492324851303	0.4222204310072176	0.4157008637418541	1.401698832021679	1.931362469146281	0.7513783389534365	-0.1434205376891495	-3.926030315654591	-0.8891688773738393	-2.316852913312407	-1.038922719336673	1.560312318316333	-0.3428975296556142	0.2836109115775421	-0.826031224814772	-0.4045847921709096	-3.600889525120118	-3.600889525120118	-10.19039737298204	-10.19039737298204	0.2781895280976933	0.5078867472563348	0.9474886419121319	-2.137912501892368	0.1153260800914163	-1.742333235931813	-7.013578586966447	0.5087110499249334	3.975200147946856	2.605578419929338	-0.09298644693094477	0.003497041199705192	1.074657032937888	0.1955657464749522	-0.1518512089080794	-0.0920763821759007	0.02525830774641587	0.05167332605199215	0.02006880445121341	0.0213128539447938	0.02078998222058959	0.02901676433423199	0.1034666153422094	0.1541608251380929	0.0224875423126954	0.06128312745616245	0.1333210990211964	0.2404357070871463	0.5510089487646472	0.5688427597384063	0.07970617143718556	0.05692065553391349	0.01864437409911179	0.196477900378634	0.1332248572961615	0.1338991998970022	0.08534429022238162	0.09537739918244989	0.06950329575460033	0.08114475970734956	0.1280994146524068	0.0155960543767613	0.02460323045999801	0.08317166566969904	0.1244716922244671	0.01191236874034311	0.1140553149349508	0.293992313134078	0.1100396488484716	0.4126602106210488	0.06542069282527473	0.01670407642378376	0.3930625973786814	0.01490593442586455	0.02705918273419011	0.01576499779824635	0.07771677473166413	0.2044050252134515	0.01794595934952175	0.01258348405341283	0.02518252606474596	0.3052590145200835	0.2633427335491566	0.2202713335500983	0.08919206112754199	0.03089613264240934	0.02697609115291814	0.03379556798727367	0.02719257284960609	0.03146908029987219	0.0165409052598664	0.02979339793307489	0.06861324217303676	0.01052727551835635	0.01109544904809261	0.01215479196088201	0.01150082387786588	0.01198699437514715	0.01267419629315306	0.2796345002769343	0.01681760489044565	0.0657178781838281	0.1051330076268175	0.2837166040031254	0.5013671800226172	0.4400766905560349	0.5081319668911481	0.01131234690738972	0.01560258990710742	0.011417676522175	0.01450070753390373	0.2998587740585969	0.01604236957431778	0.02985733189330949	0.3030608175577074	0.1765467292499314	1.337263505532079	0.005589249149728828	-0.5272417338174484	-0.398840705880422	-0.3433407921918812	-0.08491134509872246	0.02917327544659839	-0.002452724705181876	0.3447284681968463	0.2895367601360832	0.07513504292000073	0.0874963455448161	-0.006486793213091122	0.0347998308806865	0.07886997099752183	0.02167350821408852	0.01929246614947448	0.0239314964136612	0.03431057559431071	0.05527795490787883	0.120924248498723	0.03470760303286056	0.1157215591156223	0.01251194341733265	0.5438069635353775	0.3800561581426585	0.3439773837992631	0.02331737103194046	0.01750079237264657	0.01647101472018282	0.1171091812790598	0.09012247660760099	0.1010383064549762	0.06234267267846556	0.07901065960944723	0.06182204971777865	0.07551673402706473	0.1928234890171062	0.01558559849091339	0.01280443653040576	0.0797870302861525	0.1837187153930611	0.0120145276189698	0.08794336446178992	0.1729524066597834	0.05291876682810298	0.0558839049434595	0.07132085018975544	0.01227536008996938	0.1262527782637897	0.01161882325732728	0.01033439262483421	0.01095519886253202	0.072697437425922	0.1192685194287732	0.02389123807294682	0.01400724721333181	0.03066068082133596	0.09692443449748908	0.125296870872194	0.04198335162316189	0.05539685801019308	0.02639156269939162	0.02521026581381528	0.02035386553139976	0.01671353523358083	0.01293921004114717	0.01984614823218994	0.02634837271284858	0.08654434358240969	0.0108097358476553	0.01167303695107077	0.01327899203358603	0.01225576223939017	0.01290200471801778	0.01381740761835828	0.09116968048903883	0.01848918890530842	0.04731625394098916	0.07826660536327833	0.02645677993882239	0.1107904406553771	0.03395539443237588	0.06506271375873296	0.01200560871137609	0.01888394655703883	0.01232903300341719	0.01514642323726086	0.1361271337518775	0.01835595061911617	0.03484450668729371	0.06540458842798644	0.05572706034842615	-0.8432981440909922	-7.188049978226425	3.757296520740023e-13	2.160325346462447e-14
0.7500324999999918	-0.2456154896898818	-0.01712750123027578	0.001215710572139026	0.7772853646254175	0.9426438315484406	-0.3444537544700928	0.02296146479726431	0.1122738251374207	0.1961441579042958	0.6320675391034652	-0.0009045853231048678	0.1079453108262216	0.1790924537408773	-0.02404751380215885	0.1407501402517581	0.114915461336403	0.1149154613364005	1.07581941058781	1.07581941058781	-0.1819883501150617	-0.2662505371083835	-0.07079161891006239	-0.6899001934704918	-0.1767894370799342	-0.08016130548334952	0.09518699937682783	0.2902133461678952	2.139933766290617	1.978063727802451	0.09927205892884683	0.01268948323328724	1.969169491565973	1.782213871217874	-0.5224063438897268	-0.4175167263607867	0.3013332008670313	0.2507922508818902	1.417386074094966	1.935001979719528	0.7048111354704072	-0.1534361589657083	-3.472317765992658	-0.5899654924702069	-2.356480294899288	-1.181410233690017	1.490644606233918	-0.1896752869145272	0.4523732978226782	-0.6313313234583091	-0.4310945928118728	-3.029436527819938	-3.029436527819827	-10.61266283116585	-10.61266283116584	0.1284837022142329	0.3079676250792662	0.938441887235602	-1.960808348509475	0.2927513561664828	-1.670498959567743	-6.933078527820272	0.2668289729124495	3.869700705460373	2.36387122489338	-0.1120063341707635	0.01090417761729142	0.9848679791097642	0.03360997708090337	-0.1624310806529502	-0.09530440160332834	0.02840920152516238	0.06083220230078441	0.02041702338325895	0.02009328737426818	0.02182952327447056	0.03028156197888623	0.07793926970688968	0.1435518212910192	0.02540281374062984	0.0740281190451432	0.0908310070361998	0.397524277371164	0.479355521864678	0.47406722026761	0.05207749289410932	0.03690141815642742	0.01716602243673845	0.1725920651948241	0.1135445577832505	0.1149098995630136	0.0790724216823476	0.08962486599611144	0.06645249878499024	0.07713798953367093	0.1644116744742365	0.02305382021465886	0.03982296444369476	0.07768210831783058	0.1528795067439097	0.01186747440952125	0.1042602103008942	0.2573564093753358	0.09111497979964205	0.2822910532762887	0.0717109405419519	0.01459834866905722	0.2870872094590489	0.01316097514809417	0.01843801648090639	0.013242061014416	0.07341064959434437	0.1654482931718141	0.02205319401115399	0.01564272533575075	0.02702954985561642	0.2186929479478993	0.1979715874536319	0.14525793088817	0.07120737385027147	0.02976113651328742	0.02680967473227959	0.02772976478978886	0.02122960670001481	0.02175308695722135	0.01792815684971577	0.02630059534701691	0.06815009590366483	0.01129912200658147	0.01315841115050159	0.01417674899090626	0.01399421347808105	0.01554903309568412	0.01534240082175786	0.1999570007400384	0.02677770111143657	0.05711308812746636	0.09395446798446203	0.1826352755636154	0.362384780324798	0.2974381587699304	0.3558437761405873	0.01410979535776531	0.01830944406566674	0.01181146530893166	0.01801327970768639	0.2362774174175966	0.01738288136356545	0.03132765277058918	0.2115190652521186	0.1238833240230764	1.142086461566132	0.2911705465705175	-0.5166950225333414	-0.4614398091245968	-0.4004172006516055	-0.1091333009047656	-0.08334693193866652	0.001874649415809711	0.3524224482116656	0.3371589350057632	0.1149761514258991	0.04473932661818914	-0.00210768241639763	0.02852451982487953	0.06305350109419398	0.0199582445148698	0.01867562638353784	0.02184704592247649	0.02911735116910046	0.04243196599907995	0.1367098964817396	0.02258480934418083	0.06311278552156178	0.05933203480504958	0.7710132577440484	0.2861567988607093	0.2149402295989964	0.02101797048948575	0.01549680869492337	0.01524350208319633	0.1563710246423363	0.08763549018259366	0.08243388518155388	0.08007081322618061	0.08626019620991716	0.06425515364823184	0.07021642124816503	0.2286212839127084	0.04203267298643507	0.08971817541333162	0.06447641198881779	0.1943983071053135	0.01167030757781326	0.09611024398947911	0.2168237517497554	0.08152011010072259	0.03386116754409451	0.08468361397499911	0.01300107105885919	0.06875050583959594	0.01153559862368137	0.01031047374097261	0.0109308892558657	0.065188421944138	0.1013084798621705	0.02751959098320151	0.02212105032665697	0.02719719444323583	0.06003068765397001	0.07130892078203159	0.03369688250469331	0.04717606334821343	0.03057073970507026	0.02785465277403654	0.02311699923783037	0.01466363531354051	0.01209810709204354	0.01866277660728553	0.02012236229395031	0.05142349241893206	0.01298078675852863	0.01781886104010971	0.0182917697978494	0.01959065496872246	0.02370572863910845	0.02107258663723361	0.05914739480835252	0.05089289884627803	0.04844949655329296	0.08274958531683098	0.02164410386517982	0.06735604110584797	0.02793882386121793	0.04515394361862794	0.02051692803291725	0.02239756814567974	0.01203002420859442	0.02632752612170375	0.1276923548252397	0.01882729964153843	0.030967493574948	0.06011175118298416	0.05095084739388298	-0.7121463617897381	-3.776391198103096	3.613581795446202e-13	-7.10046707305483e-15
0.7571849999999916	-0.2439755673419894	-0.01603413512631084	0.01130661354457381	0.7911294487985724	0.94748666727261	-0.3455902026083414	-9.545044723382523e-05	0.1091686020096106	0.1794268605742494	0.6232508349460723	0.009384988561991402	0.1073331224735888	0.1830309527933885	-0.02770048019804435	0.1376656680179799	0.09543159126131519	0.09543159126130751	0.9985767591972741	0.9985767591972742	-0.1816983249898441	-0.2649125525408055	-0.06423438107818431	-0.7032723153080791	-0.1739765260941443	-0.09171673740190385	0.04627067614748282	0.2909008990781867	2.167093283592377	1.994058436691867	0.09845140283574214	0.01274589470337947	1.976008068425328	1.782368278730144	-0.5229345937872687	-0.4182230685594042	0.1525820078011917	0.04874830003500755	1.398494383933686	1.935610398011431	0.647576905625845	-0.1645180297458929	-2.966176643038224	-0.2758373282008711	-2.302441270851979	-1.275946901556896	1.379666860795925	0.02948298090913224	0.6544764928010744	-0.380818084806301	-0.4261510501406097	-2.410833837337279	-2.410833837337279	-10.97635978182306	-10.97635978182306	-0.05261895388655163	0.05778587245422977	0.8882522672127234	-1.777264663240093	0.498526921145822	-1.553058959138696	-6.723516147731673	-0.09447782235463013	3.71681376617601	2.105898492363151	-0.1147558542517988	0.002181424257953545	0.933806668317235	0.03714816526644762	0.05226681279836831	-0.1029392477365037	0.02660524246065768	0.05746308503691158	0.01966980175546018	0.0191908964934547	0.02121352005187668	0.02816976370190736	0.05764834815450599	0.1444108345254908	0.02035830712332483	0.05426237416734479	0.0882361284860995	0.5636245738794748	0.3975917104138545	0.362849780179125	0.03615391260093477	0.02560263524228401	0.01581754698656267	0.1748546426640166	0.1012918277417225	0.09559356013157853	0.08423759993397176	0.08998103987541003	0.06607882187953833	0.07247950644879256	0.1989764195442254	0.04025296468414453	0.08498116576592334	0.06736224918270486	0.1727057929788456	0.01166133854018757	0.1026747822444066	0.2509642264221573	0.09410176632199299	0.180922662401527	0.08134955126116931	0.01400322462093921	0.1905854737922387	0.0123041587931823	0.0142818388075325	0.01205169289181109	0.06751147870878606	0.1338801887028292	0.0258788094658769	0.02137122926676101	0.02608550329435705	0.1452930959699033	0.1326015277275522	0.09376732520663872	0.0575392757737677	0.03139158716362629	0.02811455235567007	0.02622931119446323	0.01728436831093238	0.016593212500021	0.01794293092639935	0.02134233380936483	0.05043099127602325	0.01282292602512345	0.01739690775413992	0.01778875438099363	0.01905844373647202	0.02293083398256176	0.02043853157476856	0.1338200311316372	0.04807425502763264	0.05325972865040667	0.08999601027048065	0.1126374502698165	0.2461864752034746	0.1926205013910818	0.2378986937671188	0.01993741252088425	0.02143070233300882	0.01183186444809239	0.02555472111728834	0.191281874378592	0.01825727864438066	0.03000850274035431	0.1479363235070799	0.08982069533154476	0.9469094176001859	0.576751843991306	-0.5061483112492344	-0.5240389123687716	-0.4574936091113296	-0.1333552567108087	-0.1958671393239314	0.006202023536800967	0.3601164282264849	0.3847811098754431	0.1548172599317974	0.001982307691562147	0.002271428380295993	0.02224920876907256	0.04723703119086613	0.01824298081565108	0.01805878661760119	0.01976259543129176	0.02392412674389022	0.02958597709028099	0.1524955444647562	0.01046201565549709	0.01050401192749845	0.1061521261927672	0.9982195519527207	0.19225743957876	0.08590307539872929	0.01871856994703106	0.01349282501720012	0.01401598944620988	0.1956328680056127	0.08514850375758634	0.0638294639081316	0.09779895377389568	0.09350973281038713	0.06668825757868502	0.06491610846926534	0.2644190788083107	0.0684797474819568	0.1666319142962576	0.04916579369148309	0.2050778988175659	0.01132608753665656	0.1042771235171683	0.2606950968397274	0.1101214533733421	0.01183843014472887	0.09804637776024282	0.01372678202774886	0.01124823341540147	0.01145237399003514	0.01028655485710845	0.01090657964919862	0.05767940646235398	0.08334844029556784	0.03114794389345619	0.03023485343998214	0.02373370806513569	0.02313694081045087	0.01732097069186905	0.02541041338622468	0.03895526868623376	0.03474991671074884	0.03049903973425795	0.02588013294426126	0.0126137353934992	0.01125700414293794	0.01747940498238113	0.01389635187505213	0.01630264125545436	0.01515183766940288	0.02396468512914905	0.02330454756211294	0.02692554769805492	0.03450945256019931	0.02832776565610902	0.02712510912766614	0.08329660878724758	0.04958273916559678	0.08723256527038363	0.01683142779153726	0.02392164155631874	0.02192225329005996	0.02524517347852288	0.02902824735445841	0.02591118973432061	0.0117310154137696	0.03750862900614665	0.1192575758986023	0.01929864866396052	0.02709048046260231	0.0548189139379819	0.04617463443933981	-0.6693872253393032	-2.007739726240342	-3.25278329902893e-13	-4.692636594652037e-15
0.7643374999999912	-0.2433917626181867	-0.01646338703676097	0.02125037021070467	0.8049696316923766	0.9518922479848614	-0.3468128803253039	-0.01950346660654038	0.1082779423777844	0.1632512537952842	0.6138287295663942	0.01882331610087797	0.1085930252160408	0.1884093446704268	-0.02946813830828845	0.1345925501366547	0.08048337608552422	0.08048337608552281	0.9189002904565434	0.9189002904565436	-0.1827525053447752	-0.2654533847710869	-0.05811440062987057	-0.7153230016201393	-0.1696601757693862	-0.1023254394703263	-0.0005869341109801416	0.2885976684270469	2.192947486284877	2.008208786212179	0.09779905375033528	0.01274648344488419	1.982558758411586	1.782978252909215	-0.5233420396084331	-0.4189387594475181	0.0168193045839505	-0.1660638032462275	1.375351721066303	1.934048628213851	0.5838361804223193	-0.1766364564967317	-2.457814608634767	0.01950620531526475	-2.199943851398228	-1.365329192707688	1.257089783932225	0.3373336002187147	0.8420112598716488	-0.1157913696351268	-0.430382970204189	-1.749528398679476	-1.749528398679569	-11.29255136141822	-11.29255136141823	-0.2390148805749416	-0.2053954460239632	0.8265530522098121	-1.592788459439995	0.7042544429156632	-1.413374169285446	-6.350531269775716	-0.5527803457795403	3.498465424653462	1.854590880744648	-0.07309374770342932	0.0007166162946990184	0.8962691399419188	0.1384192794106071	-0.1547870197979729	-0.09809923588346578	0.0250896704622933	0.07255408596405784	0.01829130978716881	0.01793704454961289	0.01992692895130799	0.025969198715091	0.0423170602270367	0.1640795476741881	0.01516113719377212	0.03248023326774809	0.198268158343872	0.702006171431267	0.3083081667290982	0.2547091290289604	0.02650703038514377	0.01908217838593974	0.01450732772231487	0.204279394240611	0.1004174408594213	0.08200516977567698	0.1070076212647117	0.1036037059510201	0.07513927334830657	0.0796258233975813	0.2611664934649069	0.0958786782122074	0.1814312683914325	0.06461006440231687	0.2159081420527975	0.01134854026208497	0.1165112254144314	0.2365952392871206	0.09565198520280939	0.1082373041790183	0.1036722851393189	0.02575481347750046	0.1143526939438843	0.0117265202521724	0.01216829743599252	0.01137613770534672	0.05742507401917157	0.1029682328693136	0.02887939767605545	0.02494269857422416	0.02504721047900765	0.09045840271052917	0.08176295565737224	0.06178721103162185	0.04809495980923547	0.03335784697715398	0.02927466188334308	0.02571007135897872	0.01501658677871348	0.01390369758208999	0.02608342932457295	0.02688711585285215	0.03563186772244951	0.04714473673751982	0.03666964160285353	0.03105684468671492	0.02976493941651482	0.03224053057701618	0.02762012520156428	0.08508532697323684	0.0574275084627077	0.05186849429731499	0.08901187866375035	0.06992115936948012	0.1560535598189761	0.1205748187835253	0.1516095411458446	0.04558949026419116	0.0230686573744678	0.01196253023890382	0.02886790612611384	0.1602059616888764	0.01866344352066864	0.02782264021459422	0.1068335903902632	0.06936103192512941	0.716551614867954	0.5279603612024563	-0.7705831668793216	-0.5730502162729183	-0.4025628774222585	-0.1054272218187047	-0.2973092897435601	0.009358334055259458	0.3835011700649036	0.3184403013939489	0.1412076114568673	-0.01337195208880168	0.003373748047476602	0.0248262904677882	0.1239883141545958	0.01598938038047332	0.01570743434284256	0.01786557783636983	0.02383097080923417	0.02392973472369351	0.2232422949728896	0.01028007933167226	0.01033215274442011	0.5522921381093416	0.9988890244247084	0.1035492661040382	0.04896128278591635	0.01585114001313076	0.01251425190240525	0.0127223304113106	0.2907517455087913	0.1114585317238133	0.06841857658097075	0.1644075940998212	0.1419070002759147	0.1006430596471177	0.1067670402544427	0.4373894050684836	0.2323468044919793	0.4262902434734676	0.07210529794614698	0.3423401366962024	0.01085036033802853	0.158143496077183	0.172661379788894	0.08653857853452031	0.01113032445012147	0.1566180613564557	0.05595429815602499	0.01097554501508467	0.01099893064647397	0.01022105241975217	0.01065071236189242	0.03734281531865091	0.04856163770259241	0.03222824170096372	0.02664767049510839	0.02433905995900485	0.02079450359442795	0.02178876899343212	0.02612628434330391	0.03771268652252033	0.03568948243694385	0.0302858861663348	0.02466122242919234	0.01320626255790131	0.01160097412257164	0.04732361633841846	0.04736166982298749	0.02427347348679064	0.1356711981872216	0.08131204905245369	0.06067555737611889	0.05077227211159913	0.04668304183179307	0.03948056444742198	0.0239571162760942	0.05299922692772301	0.05113927243523671	0.08842767265612334	0.02251306072919846	0.02025937663031903	0.02242652638529328	0.02419980287133107	0.1057721389343287	0.02349938329782687	0.01237215121292216	0.02736394711919939	0.1140335679164727	0.0188202520844843	0.02459020786455512	0.05401309894644873	0.04639115669834928	-0.6720833650275025	-1.271076323786083	-6.001871510977595e-13	7.69333640506696e-16
0.771489999999991	-0.2436469003115975	-0.01837086846332658	0.03088586178199837	0.8187907552201039	0.9558314851814157	-0.3481064911763777	-0.03521261864170522	0.1093434600910701	0.1482524717220689	0.6036247678346003	0.02733315156842522	0.1123663798479516	0.1949696136596744	-0.02939024154545528	0.1315487919934824	0.07068346643516649	0.0706834664351732	0.8371859130310791	0.8371859130310794	-0.1850725334387155	-0.2677989604249635	-0.05236017136524005	-0.7260630188920637	-0.1639617801743649	-0.1119350725219447	-0.04416748094024735	0.2829472707412075	2.216936589546851	2.020641761641981	0.09732800456051346	0.01279524740356209	1.98880567296431	1.784419962101938	-0.5249855903819668	-0.4196394700844467	-0.08200517628351114	-0.364597947050829	1.312296524487637	1.930280970237416	0.517176761236348	-0.1843525307207217	-1.93189097391053	0.2711538902641917	-1.973374593261279	-1.494571536891342	1.120039577653043	0.732300706027975	0.9849559369704526	0.1352406004304305	-0.4179414064767029	-0.9712517260658454	-0.9712517260658453	-11.54620492260849	-11.54620492260849	-0.4065784754550421	-0.4468610128572172	0.7859800033376485	-1.410772096966527	0.8849778880142821	-1.273696773384348	-5.80717544753006	-1.030421068687984	3.195289982735735	1.625682039232151	-0.06406032245815294	0.01565229938499375	0.8488642192339867	0.2697199971163831	-0.2933759561199268	-0.09875043230546071	0.02572199140611145	0.1161725466862509	0.01644263995296768	0.01609449563730529	0.01831287737268973	0.02486857535016319	0.03158611793386841	0.2046403921753475	0.01260883134901971	0.02125171055791734	0.4253921808955519	0.7927546385212354	0.2124186005299923	0.1647827925391892	0.02027775348593805	0.01544388820768892	0.01320286863122716	0.2589574488994735	0.1120900460332427	0.07689645551172941	0.1486886770658148	0.1327316725662606	0.09589992811521715	0.1030350490010605	0.3613808793823641	0.1950486558693704	0.332798093990212	0.07437196910167838	0.2939618502033105	0.01094769080430222	0.147900741553591	0.1919440408215766	0.08529364891832113	0.06290509310847398	0.1416432472939397	0.05283752416621203	0.06654630787664499	0.01121520507886425	0.01115030327397954	0.01092608129264301	0.04198168154934809	0.06877027423069051	0.03086315967291531	0.02472640968032897	0.02487215293882651	0.05692669424263315	0.0543692502103478	0.04466460707491966	0.04267446540855661	0.0347857797675617	0.02971564065317691	0.0248229211604087	0.01427257457007552	0.01283077764841064	0.04527372065408088	0.04671445981692077	0.03227071508927351	0.1207254764790421	0.07425863120437864	0.05625045671619029	0.04700371321492009	0.04286913134919913	0.03676842593056939	0.05523269046197227	0.04671033517974244	0.05195448452738381	0.08905907980647626	0.04858595633050128	0.09542536966331405	0.07587757128054656	0.09511402122604494	0.09501225174299091	0.0225642607771929	0.01236789499951544	0.0251040410900217	0.1392957826722311	0.01859870725387096	0.02546272994159419	0.08243970072655876	0.05847059546019016	0.4861938121357224	0.4791688784136063	-1.035018022509409	-0.6220615201770651	-0.3476321457331872	-0.07749918692660075	-0.3987514401631889	0.01251464457371823	0.4068859119033224	0.2520994929124547	0.1275979629819371	-0.02872621186916555	0.004476067714657072	0.02740337216650382	0.2007395971183255	0.01373577994529553	0.01335608206808392	0.01596856024144787	0.02373781487457809	0.01827349235710591	0.293989045481023	0.01009814300785255	0.01016029356134464	0.9984321500259149	0.9995584968966944	0.01484109262931659	0.01201949017310385	0.01298371007923046	0.01153567878761045	0.01142867137641121	0.3858706230119699	0.1377685596900404	0.07300768925380992	0.2310162344257467	0.1903042677414424	0.1345978617155503	0.14861797203962	0.6103597313286566	0.3962138615020017	0.6859485726506775	0.09504480220081087	0.479602374574839	0.01037463313940019	0.2120098686371978	0.08462766273806085	0.06295570369569856	0.01042221875551497	0.2151897449526686	0.09818181428430034	0.01070285661476809	0.01054548730291261	0.01015554998239425	0.01039484507458594	0.01700622417494774	0.01377483510961684	0.03330853950847125	0.02306048755023464	0.024944411852874	0.018452066378405	0.02625656729499513	0.02684215530038313	0.03647010435880697	0.03662904816313891	0.03007273259841155	0.02344231191412319	0.01379878972230408	0.01194494410220655	0.07716782769445572	0.08082698777092277	0.03224430571812689	0.2561905587050402	0.1386594129757582	0.09804656719012475	0.07461899652514332	0.05885663110338679	0.0506333632387349	0.02078912342452222	0.0227018450681984	0.05269580570487669	0.08962278004186314	0.02819469366685962	0.01659711170431929	0.02293079948052659	0.02315443226413926	0.182516030514199	0.02108757686133312	0.01301328701207593	0.01721926523225215	0.1088095599343429	0.01834185550500812	0.02208993526650794	0.05320728395491564	0.04660767895735879	-0.7096547827716708	-0.9704743230707162	5.81534544133872e-14	1.315402065764604e-14
0.7786424999999908	-0.2443846853037192	-0.02155798217985859	0.03981085404786789	0.832579062306163	0.9592948551170352	-0.3494292529252643	-0.04714511952041615	0.1119501784467715	0.1353677477363265	0.5922061967931253	0.03480726393924351	0.1192461881478745	0.2022808834977424	-0.02762332315159979	0.1287643758119099	0.06692899867858658	0.06692899867859008	0.7539279581478067	0.7539279581478069	-0.1884596571076709	-0.2717513408100521	-0.04679610963210221	-0.735492391226003	-0.1570741239546915	-0.1205873387786116	-0.08319485705262844	0.2739582527968887	2.238459066242442	2.031541554388497	0.09685839247173511	0.01288001886664774	1.99468451209891	1.786794904100022	-0.52612974618482	-0.4204176442518731	-0.1089096301479103	-0.5105593726233683	1.178817912294173	1.925187646546061	0.451935718416088	-0.1847366608650269	-1.414345940674654	0.4353998332905248	-1.617448923820565	-1.713661205559885	0.9765348410049278	1.19104583550755	1.039643912021144	0.3422836385959509	-0.3596776718711683	-0.06720002654216942	-0.06720002654202319	-11.71122040921485	-11.71122040921482	-0.5281007261522482	-0.6465267426902702	0.7782813737010551	-1.225503100633064	1.033107780525374	-1.152991795504915	-5.087033407561758	-1.463500432439839	2.809103493582199	1.431137376143926	-0.05737642963179308	0.007304925951115688	0.795335788696243	0.3825518248753341	-0.07013692472080482	-0.1153669999806619	0.03304832535640308	0.1780843600886283	0.01488589539012802	0.01450779980280633	0.0168784574154722	0.02608827035080081	0.02375473387059173	0.2216226656525197	0.01143520806116657	0.01564615537446319	0.535376707270467	0.796068652832336	0.1415473231149086	0.108850679313343	0.01640980176606912	0.01332488038254229	0.01219531427046023	0.3159431116404076	0.1268373040184149	0.07126039388728179	0.1917841039798809	0.1657614478167146	0.1207354103514595	0.1117576360942293	0.4654492174306696	0.25666889706795	0.4317241526835935	0.08680262111524452	0.3804023064559873	0.01890473215304275	0.1751207513596678	0.1384989977695364	0.06814517305479746	0.03736607412111433	0.2015496466245669	0.09065716813069517	0.03932859672270781	0.01101792567778354	0.01067184546852229	0.01075878563948749	0.02913166298676626	0.04184959677248855	0.03086277470879499	0.02442801783095366	0.02432883204348756	0.03773522865259758	0.05081223552357347	0.03569453250101261	0.04231757152780927	0.03499431816988723	0.0301039835826395	0.02477403352278514	0.01442753027746245	0.01269756544642133	0.07072206441569567	0.07332677042502136	0.03135652490479041	0.1723713591836169	0.1057797410792924	0.08459335227708166	0.05822407623176334	0.05317333753934966	0.04876293507876599	0.03840822243829436	0.03459309644087735	0.05026973534816186	0.08682598692196032	0.05581338926260794	0.05816506271314614	0.05016117136989468	0.06178978298982039	0.1476973620952257	0.02699317996813101	0.01285615422015231	0.024110015310741	0.1259065421909821	0.01874939121150296	0.02328930864439338	0.0632354874754209	0.04826362437652662	0.2570508693361752	0.3703753868783868	-1.433360995582928	-0.6031647229362297	-0.2421985967119245	-0.04481892388616274	-0.4585506606520657	0.01414810411403198	0.4573602647945005	0.1430648799155353	0.08202401330338834	-0.009792237516162948	0.002715852838535377	0.05076095838810404	0.3105542416117089	0.01323284349014854	0.01280928510029201	0.01521345856192194	0.03018129281991926	0.01458613917401969	0.204390398044411	0.01060698904987055	0.01069910359073262	0.5116426640377943	0.6248864286201862	0.06172887098510041	0.05478105154868525	0.01270641190311144	0.01127659614255582	0.01116246435456008	0.4318029972423664	0.1514028484851836	0.05827246011695189	0.2683759796512608	0.2258923342423362	0.1644607036874616	0.09902714854206639	0.7068234209219587	0.3047624906000738	0.5402997971771162	0.1056070300591792	0.5781941705156159	0.03939417542646199	0.2116859587998374	0.04761019375382262	0.03728828558688635	0.01129188581771216	0.3448422836074686	0.1610835688512058	0.01100374982772815	0.01108671892875256	0.01031375574359261	0.01078678801039232	0.0160348271684456	0.01327642863311749	0.02880374339316956	0.02505537523041833	0.02286752819988194	0.01773740499292237	0.0644509905565285	0.0266484589813993	0.04656856065964357	0.03399202133774103	0.03081633334307399	0.02580252171770842	0.0152117657452793	0.01310465521656418	0.114784133444261	0.119070601958865	0.02897771839585757	0.2235187052482691	0.1443585569811124	0.1303091209000605	0.06561145238970112	0.06775639834004835	0.06940208312213036	0.02153429396434987	0.02225610943533753	0.04501299014869587	0.07969134323383839	0.09272730374430289	0.01607811568046878	0.02207554775370256	0.02507397879586135	0.2390796740021982	0.03964455914017724	0.01353521542941499	0.02813896509952393	0.1086447716895352	0.01934630955853697	0.02052718482015329	0.03266876511084169	0.03012439844057102	-0.8476026600025371	-0.6506506213887792	4.707053067631357e-13	2.522200507901449e-14
0.7857949999999905	-0.2449847489088281	-0.02544509088041572	0.04768427497213067	0.8463298147227926	0.9623060999145794	-0.3507379230001394	-0.05558275287155091	0.1152522322990742	0.1252870303979575	0.578891359074152	0.0413975300446246	0.1293985296018751	0.2095585413086765	-0.02473056343146429	0.1264174267078936	0.06988498876080977	0.06988498876080754	0.6699912552386565	0.6699912552386565	-0.1924491056294934	-0.276878915781895	-0.04110634424846056	-0.7435882681125239	-0.1492955827641799	-0.1285333351079316	-0.1166696470578109	0.2622924217587959	2.256923756918906	2.041242812558608	0.09664853035112179	0.01288906162538359	2.00018787599665	1.789723346378033	-0.5266123276391687	-0.4212400482183197	-0.04349517643124335	-0.560332301196697	1.018253506912418	1.919779839323921	0.3907523955345358	-0.1804121814689993	-0.954647345094527	0.4655853468541574	-1.189311217551914	-2.024810384146903	0.872896266800154	1.647374639359141	0.9755572575900214	0.4500511775098556	-0.2956157643777638	0.9051433354652508	0.9051433354652508	-11.73599814899872	-11.73599814899872	-0.5750020624154231	-0.7754718724878651	0.8211295735589178	-1.037896753403204	1.134089379335736	-1.076207803836108	-4.254547385388206	-1.778918263731433	2.340264182210672	1.290544793120789	0.008571615513007353	-0.005523150974990414	0.7438728912064143	0.4244911344605347	-0.108384876498776	-0.1111180797071543	0.04846167619301215	0.2552546705079466	0.01388988424046792	0.01347459985380385	0.01580336151610886	0.03003655879459533	0.01801286567630425	0.1946897916289012	0.01116624255518388	0.01327980615159752	0.4390658055315786	0.6824912115857437	0.1176843945484722	0.09490865853250841	0.01443723266622674	0.01219803432870326	0.01158521121563811	0.3664234572770105	0.1408052315788953	0.06109791029896155	0.2305486303840054	0.1986007354345411	0.1469921224068711	0.09320667389117791	0.5615555836424995	0.2549544582556043	0.4405690782885735	0.09812733382605582	0.4663274921435203	0.03772439725961019	0.1899427411477163	0.08881924264158027	0.04624982849254095	0.02452503600735867	0.2853645961967173	0.1379061870114355	0.02521717993471084	0.0112188313215236	0.0105366509685988	0.01089318373340227	0.02224667775946922	0.02744117344487359	0.02851140932279306	0.02533600746000045	0.02297579361556816	0.02753730130098187	0.06789874205018241	0.03113977759199337	0.04726921832192543	0.03372930380897468	0.03067709852805695	0.02599106593850178	0.01525614061296594	0.0132591271501607	0.1009684414543661	0.1043745768157785	0.02921414953052716	0.1853555375298248	0.1241552657576714	0.113594765171106	0.05920472174237144	0.06260927303267796	0.06389146802820518	0.03021972161494485	0.02830446757272738	0.04554526305466666	0.08090474119964494	0.09065010953892429	0.03738584910896247	0.03608804892554055	0.04447537084859482	0.198686456652953	0.03869864408278383	0.01336207146980689	0.02935566367506087	0.1182733114332367	0.01935383334792261	0.02143143951020632	0.04275377230202837	0.03465899819426435	0.027907926536628	0.2615818953431674	-1.831703968656447	-0.5842679256953942	-0.1367650476906617	-0.01213866084572474	-0.5183498811409425	0.01578156365434557	0.5078346176856785	0.03403026691861594	0.03645006362483955	0.009141736836839656	0.0009556379624137888	0.07411854460970418	0.4203688861050923	0.01272990703500154	0.0122624881325001	0.01445835688239597	0.03662477076526041	0.01089878599093381	0.114791750607799	0.01111583509188873	0.01123791362012044	0.02485317804967353	0.2502143603436774	0.1086166493408838	0.09754261292426601	0.01242911372699246	0.01101751349750122	0.01089625733270897	0.4777353714727628	0.1650371372803268	0.04353723098009391	0.3057357248767749	0.26148040074323	0.194323545659373	0.04943632504451274	0.8032871105152612	0.2133111196981458	0.3946510217035545	0.1161692579175476	0.6767859664563928	0.06841371771352377	0.211362048962477	0.01059272476958457	0.01162086747807425	0.01216155287990793	0.4744948222622686	0.2239853234181124	0.01130464304068788	0.01162795055459231	0.01047196150479029	0.01117873094619844	0.01506343016194343	0.01277802215661809	0.02429894727786786	0.02705026291060201	0.02079064454688986	0.01702274360743971	0.1026454138180618	0.02645476266241546	0.05666701696048016	0.03135499451234312	0.0315599340877365	0.02816273152129379	0.01662474176825392	0.01426436633092072	0.1524004391940663	0.1573142161468072	0.02571113107358823	0.190846851791498	0.1500577009864666	0.1625716746099963	0.05660390825425897	0.07665616557670989	0.08817080300552584	0.0222794645041775	0.02181037380247664	0.03733017459251508	0.06975990642581366	0.1572599138217462	0.01555911965661823	0.02122029602687852	0.02699352532758343	0.2956433174901974	0.05820154141902135	0.01405714384675308	0.03905866496679568	0.1084799834447276	0.02035076361206569	0.01896443437379863	0.01213024626676735	0.01364111792378298	-1.115539120214059	-0.3179227457268751	2.026113811274627e-13	3.641296692747873e-14
0.7929474999999904	-0.2448667220470191	-0.02932890475160177	0.05429185897133524	0.8600396299764458	0.9648917148058969	-0.3519948654074717	-0.06085265490375936	0.1183137331422558	0.1187069290549478	0.5631880414610577	0.0473396327545592	0.1425411722333798	0.2160357312007199	-0.02143138825921842	0.1245972336472816	0.08008590410435285	0.08008590410434223	0.586545168938306	0.5865451689383058	-0.1965516208346876	-0.2826525617703428	-0.03496244394431488	-0.7503417953745778	-0.1409615391656165	-0.1360864117488062	-0.1437923364146875	0.2489018491672822	2.271757263004371	2.050103266802221	0.09674071805703549	0.01286625450923492	2.005329489883668	1.79276027835254	-0.5273578333509145	-0.4220249375510148	0.08367643038979496	-0.5192800573991974	0.8286530827399387	1.913363713162711	0.3324216933457725	-0.1702285207366259	-0.5225277705138135	0.3848726716375277	-0.6385700640731735	-2.358512680356483	0.7848788896662129	2.011027067128431	0.8245733649409859	0.4656278331720562	-0.2146834903745584	1.962592343170646	1.96259234317057	-11.55883974570745	-11.55883974570736	-0.5653872472596219	-0.8270481561332549	0.8988524755740886	-0.8502610012878389	1.19052895636719	-1.041369706005809	-3.312492282481202	-1.939568808408466	1.798368715570568	1.192419999264746	0.01375919936082446	-0.0007964125773795819	0.6922558709216302	0.4225929470195493	-0.07955501019292155	-0.1106748649732789	0.05476525340419529	0.2945614860558475	0.01331594789773778	0.01291394945445133	0.01505056406559987	0.03109051749538161	0.0146161425932603	0.1747567002363877	0.03662154753009824	0.01418231080200503	0.2935082469914898	0.5272390300518571	0.1211670589466461	0.08978357134066624	0.01330313981257554	0.0115658211101269	0.0112200737144556	0.409661373393137	0.148551212590357	0.04890070384142718	0.2585856456898701	0.2201498521122152	0.1624281152574361	0.07986395759568887	0.6270124103459623	0.2270134112534405	0.4018319979885271	0.09380607738514961	0.5232292837945219	0.04530671824261721	0.2004859937371986	0.05219545825365309	0.03049049885702669	0.01789651828213873	0.3400957721312113	0.1754021992355593	0.01809743098368685	0.01127328334439021	0.01045951469205577	0.0109277049117929	0.01835555251015595	0.01988192075810317	0.02508577039950145	0.02463196259144377	0.02100993116602606	0.02194982662146427	0.07543230562890844	0.04572717607434283	0.05025493061163246	0.03299629859465623	0.03091102221652354	0.02612562261888874	0.01696900440853176	0.01880967508382088	0.12857588917752	0.1275164853799468	0.02593973610504225	0.1882061113166566	0.1390468054046469	0.1426999639609447	0.05867035230503192	0.07382457869639515	0.0815347792933605	0.02646946576504548	0.02644899805800595	0.04647692693906164	0.08283699040154302	0.137111909094554	0.02735298939036521	0.02812196856312045	0.05376143105839739	0.2363150082065542	0.04813458070324827	0.01339669537694379	0.04486181637687358	0.1281333657111163	0.01927593465619326	0.01943825811634345	0.02716746929986828	0.02373135666006912	-0.09242964855234141	0.1574871789257325	-2.077891500674863	-0.5878815619577028	-0.03690283224361222	0.006098171444705702	-0.5598078555659215	0.01640366439513717	0.5192064663952395	-0.04449586829314606	0.00414769853277013	0.0147658360195779	0.0005558207371464447	0.05017322089643195	0.3013524982213643	0.01284921362255195	0.01252533256017331	0.01428262413781853	0.02828823879483709	0.01199512828921943	0.1727415227052279	0.1025530237450253	0.0181445510075584	0.01943182395633819	0.1309296355170168	0.1399262717694405	0.07211220090687065	0.01214161306573902	0.0109771303426917	0.01088717574453136	0.5007884658473107	0.1531609441509099	0.02994619304237751	0.2993762607049321	0.2435324814550826	0.1730485895778195	0.07711468850281096	0.7325206983580563	0.1567367431222674	0.2661472306979062	0.06505722257771737	0.6020753358129568	0.03943516665196947	0.2195774254663143	0.01273083450415538	0.01740912454006343	0.01130825531690324	0.3950684224201155	0.2264837767191374	0.01152265571480743	0.01106691671608209	0.01032213655970457	0.01077497683713099	0.0144544438365275	0.01271817437522816	0.01975734209758597	0.02137760486333171	0.01781543971448352	0.01635753174653314	0.0671505601664289	0.08862839035184134	0.05044734236607373	0.03306332256410865	0.03078004706316914	0.02465048535075484	0.02013874145424131	0.03196235180126549	0.1707559830820553	0.1543912208975289	0.02038960710568581	0.1935192472894053	0.1648710396631361	0.1939463051891954	0.05937660227820628	0.09393071783107572	0.1117634927386748	0.02337329151863105	0.02707104783995976	0.05590209868158427	0.09794572379209138	0.2253078422648535	0.019253164983263	0.01968269701886577	0.09375539096379006	0.2895466674339389	0.05706112125636391	0.01290215220792429	0.07799955504051678	0.1678811665537744	0.0182429293382068	0.01642737130650967	0.01158380777336155	0.01284071811763584	-1.260086287123305	-0.1326442578412546	-1.237666283278179e-14	4.068463962800829e-14
0.80009999999999	-0.2436850721819256	-0.03278199140639161	0.05952782008895895	0.8736943401432897	0.9670639380162354	-0.3531611876049991	-0.06310889452891411	0.1206776344487717	0.116324849269801	0.5452626691962581	0.05257128533480875	0.1579291376824536	0.2211961722812774	-0.01816766971909186	0.1233273207813056	0.09817916973866046	0.0981791697386576	0.5051937417939779	0.5051937417939779	-0.2004401784556658	-0.288539304711011	-0.02821951758910953	-0.7557472393685848	-0.1323475751453677	-0.1435097684671308	-0.1638105941799259	0.2349162227536051	2.282518540656044	2.058377375028714	0.09679604718111538	0.01287849605144273	2.010067962624352	1.795738348372695	-0.5274568192921707	-0.4228564429046377	0.2539177570019365	-0.4398912759856025	0.6347168745239787	1.904371216657908	0.2751587763524837	-0.1550727309818261	-0.1119594997285002	0.2705208137203879	-0.01544989413502939	-2.646146882352041	0.6742384185832631	2.275217440497006	0.6073646503934865	0.4401367050543459	-0.1417450353638832	3.112022130510966	3.112022130510965	-11.15028429900984	-11.15028429900984	-0.5151747057663939	-0.8070963260972084	0.9886307412792082	-0.6609423268258788	1.212361430139068	-1.039935193545964	-2.267988394353972	-1.945308706838986	1.201577447840296	1.126589248312649	-0.001734873638112697	0.004277242833141869	0.6311455521405954	0.4080320070641564	0.07239660423550529	-0.1241529684671145	0.04575643904757869	0.2722433012248368	0.01311386385647118	0.01279544151991773	0.01460588918179435	0.02723517003616402	0.01360928751543796	0.1871092684549023	0.0933471677378557	0.0182886060977251	0.186570214545442	0.3745003110969469	0.137078201919586	0.07486779103674442	0.0126217997469024	0.0112518968263881	0.01104670978017876	0.4448468584518779	0.1476418027944576	0.03573749876553564	0.2726316610329766	0.2253491385065647	0.1617997729314971	0.08587764077979532	0.6479258752519071	0.186468849496763	0.32991960282481	0.06686280109345094	0.5354664437432015	0.03402586940519846	0.2099580702648248	0.03328859865973105	0.02559864365389269	0.01427851767737555	0.343778339586405	0.1966738283135504	0.01480958441689698	0.01099580706984297	0.0103431148908094	0.01072573747150641	0.01618846099495862	0.01621867759571686	0.02104951531929006	0.02130187048997339	0.01850081675779736	0.01891896834820794	0.06180541660314514	0.08328457860250119	0.04858323315767168	0.03352859374507904	0.03061687580222726	0.02434131662761853	0.01963477045689305	0.03068083616800779	0.1511179245409542	0.13835268520578	0.02156519270575361	0.190973403054223	0.1536238783099439	0.1717369606824117	0.05977638860309856	0.08774911883314362	0.1015194919600251	0.02523935067969356	0.02831403157242172	0.05625821034824614	0.09716054281931048	0.1901652152305795	0.02436229413943097	0.02342546436798307	0.09072379791706812	0.2553861726386332	0.05210331532176333	0.01279201165391843	0.07158072883654848	0.1595784827051875	0.01811795592316769	0.01714790323004691	0.01911278880954707	0.01796808951648103	-0.2127672236413108	0.05339246250829759	-2.324079032693279	-0.5914951982200112	0.06295938320343723	0.02433500373513614	-0.6012658299909004	0.01702576513592883	0.5305783151048005	-0.123022003504908	-0.02815466655929927	0.02038993520231613	0.000156003511879045	0.02622789718315969	0.1823361103376361	0.01296852021010241	0.01278817698784657	0.01410689139324113	0.01995170682441378	0.01309147058750522	0.2306912948026567	0.1939902123981627	0.02505118839499694	0.01401046986300272	0.01164491069035609	0.1712358941979972	0.04668178888947515	0.01185411240448564	0.01093674718788233	0.01087809415635391	0.5238415602218585	0.141284751021493	0.01635515510466104	0.2930167965330891	0.2255845621669352	0.1517736334962659	0.1047930519611092	0.6617542862008515	0.1001623665463891	0.1376434396922579	0.01394518723788706	0.5273647051695207	0.01045661559041463	0.2277928019701515	0.01486894423872639	0.0231973816020528	0.01045495775389844	0.3156420225779623	0.2289822300201622	0.0117406683889268	0.01050588287757154	0.0101723116146174	0.01037122272806293	0.01384545751111149	0.0126583265938381	0.01521573691730406	0.01570494681606139	0.01484023488207713	0.01569231988562652	0.03165570651479598	0.1508020180412672	0.04422766777166744	0.03477165061587427	0.0300001600386017	0.02113823918021572	0.02365274114022904	0.04966033727161073	0.1891115269700443	0.1514682256482505	0.01506808313778339	0.1961916427873125	0.1796843783398056	0.2253209357683945	0.06214929630215361	0.1112052700854416	0.1353561824718239	0.02446711853308459	0.03233172187744289	0.07447402277065347	0.1261315411583692	0.2933557707079609	0.02294721030990776	0.01814509801085299	0.1605172565999967	0.2834500173776804	0.05592070109370647	0.01174716056909617	0.1169404451142379	0.2272823496628208	0.01613509506434793	0.01389030823922059	0.0110373692799553	0.01204031831148838	-1.171815861960185	-0.06186604436309442	-4.390802464153132e-14	2.105331345385582e-14
0.8072524999999898	-0.2412124462490838	-0.03562900794134893	0.06335270392570842	0.8872723088457289	0.9688229768845077	-0.3542001701144904	-0.06245494835414372	0.1222378664373829	0.1185133876650453	0.5256230188964248	0.05684966021929456	0.1747758921906039	0.2246648403548948	-0.01512599368741749	0.1225719782532655	0.1247789969140578	0.1247789969140549	0.4276332605723193	0.4276332605723195	-0.2039083388594791	-0.2940526695733484	-0.0208771639344089	-0.7597769287226087	-0.1236933016274798	-0.1509812605558896	-0.1763672149404478	0.221504775686875	2.288868884522212	2.066235232772748	0.09673811910460371	0.01292494409677184	2.014229732840134	1.798647448533556	-0.5269180493757948	-0.4237155286750767	0.4315068112402162	-0.3616914447920291	0.4372707063596171	1.89165961201183	0.2158241348902626	-0.1350129830385231	0.2961042774454056	0.1761277786097034	0.6230948419196792	-2.81393928006185	0.5149507771335892	2.405789930473691	0.3684166405120016	0.4148060780426461	-0.07205927181903252	4.317560466887604	4.31756046688764	-10.48727196659588	-10.48727196659583	-0.4610900425992984	-0.7252591473104238	1.053973095929957	-0.4649570930765288	1.202406434275094	-1.046646576304197	-1.239539197697818	-1.783643095720249	0.5720134378216356	1.067379437770658	-0.01869448744724692	0.007167621105850977	0.5171682446478811	0.4145875545540903	0.09057774488852149	-0.1180423547307874	0.03624467790149665	0.2378756446784064	0.0132034251572457	0.01298895153538959	0.01461410611635405	0.02351088078591798	0.01354020775963021	0.195800261041316	0.1437485528103038	0.03905158645693976	0.1141932100919477	0.2460151603325577	0.1336482574336769	0.05682709458190412	0.01215841918354869	0.01107847431335151	0.01098353783050272	0.4599526183830764	0.1307117354774769	0.02524280428806827	0.2741400132385952	0.2171547611386318	0.1446969646664785	0.08938587804433551	0.6446321720615329	0.1427198445961499	0.2535417593739562	0.04064701088221664	0.5281823481886044	0.02200745623143309	0.210863604114145	0.02624965513919868	0.02485661868719925	0.01225850691975327	0.3291325797227833	0.2067253047908393	0.01355911326216565	0.01076697044742664	0.01026351003793695	0.01055906849833676	0.01484575963337732	0.01433538425536115	0.01774341816839652	0.01803464025565026	0.01637540334517045	0.01709151049437903	0.04765261712763848	0.1262099353177446	0.0501594578482976	0.03312564034955569	0.02869298114904448	0.02712614592952021	0.02122071158227207	0.04954917527034139	0.1724496894460428	0.1453465882996667	0.01790390439293498	0.1885714794516204	0.1655629480413287	0.199731179936114	0.05929878293146166	0.1012952617938699	0.1209827503338234	0.02471631054353687	0.03766457291938247	0.07018087368578367	0.1194597820523941	0.2431251810142605	0.02875346154152085	0.02010361958689416	0.1354212712662966	0.2693760223979886	0.05362063042302108	0.01211127956455142	0.09995531689330314	0.2077893742230692	0.01667719255277023	0.01517406400369207	0.01483930240551387	0.01475907194456168	-0.1168372584811058	-0.05089722147462082	-2.357605490672229	-0.6525063657442037	0.1342013893330197	0.0202922695949915	-0.626810372093105	0.01551553391482976	0.5205044833768881	-0.1675931464160461	-0.03068024825651453	-0.01157471140744357	0.002296113050409328	0.02711957522936936	0.1827658505472951	0.01354864299856034	0.01347821732036493	0.01505173439052306	0.02000784909553523	0.01379992426982687	0.1884420639786958	0.2150382865498993	0.08764946858661871	0.01873021476347023	0.02874089353928981	0.09235777013480423	0.02946571194356561	0.01164414450015256	0.01091056667482182	0.01096736965975288	0.4588342472272411	0.08054330614607179	0.01404200896162532	0.262087090403428	0.1864291654806967	0.09582460330061178	0.08356236105825189	0.6154420483431319	0.06726139643762924	0.1114511614563504	0.01254905911981909	0.5001400494389461	0.01047849139448888	0.1985174097006853	0.02326147513101183	0.02495283465297363	0.0104012804516073	0.2920167860123499	0.2147690321984811	0.01298803143705366	0.01060762500361213	0.01020868489397122	0.01044133547753694	0.01342794483285276	0.01257715612221181	0.014226689591699	0.01441388904406608	0.01406585680477224	0.01516500860188793	0.03379843302821307	0.2001676633683317	0.05813965509759748	0.03101941250468247	0.02419993398486896	0.03700102468736862	0.02188884537126038	0.08414940249853804	0.2120619495419139	0.1570537024867976	0.01403137500287396	0.1754640706326619	0.1834364121610855	0.2517953069274306	0.05594683080269797	0.1220719130546929	0.1525290233218581	0.02401562478265896	0.05892163611253167	0.0940597995369981	0.163764868871012	0.3474321710764943	0.04130876291686097	0.01603605245987069	0.2149832406537235	0.2993838276948965	0.05457395850530915	0.01128629764621636	0.145203657944988	0.3185328277059125	0.01469628805881374	0.01292619490898791	0.01079504974253661	0.01162330307860072	-1.054929825813532	-0.04328581359312302	-6.755586264121104e-14	4.993626550517279e-15
0.8144049999999896	-0.2375978725299995	-0.0380345622049884	0.06581822454104198	0.9007448770874794	0.9701386573391994	-0.3550862944284612	-0.05885471649394314	0.1233455224806168	0.1251764283805384	0.5054613364409268	0.05983550810849014	0.191918755047037	0.2265502513957256	-0.0121706163871627	0.1222594123958469	0.1598227425717184	0.1598227425717172	0.3558899988190017	0.3558899988190021	-0.2071288971251659	-0.2987810224110291	-0.01329239917935827	-0.7623856843706532	-0.1152209908741667	-0.1584446316038295	-0.1814909015651966	0.2097043410006364	2.290671035038807	2.073599528964309	0.09646809283390405	0.01295895546869363	2.017245602363972	1.801800195526095	-0.5259848362528369	-0.4245732998056539	0.5732320628345985	-0.3164484877800494	0.254608319075573	1.874898875325928	0.1511857840974277	-0.1123301387356569	0.7118882976632144	0.1439703920844963	1.235721673916468	-2.792118823817566	0.3128187764191549	2.35801599996189	0.1646503455248386	0.4160056371985307	-0.01793471152708872	5.473131807481074	5.473131807481074	-9.523658792308403	-9.523658792308403	-0.4459395745180922	-0.5875892936870707	1.056414341516895	-0.263617277967606	1.161480545252713	-1.037664367731458	-0.1895726975272868	-1.494833381989934	-0.07019979076799635	0.9885783283615945	-0.06104230298094725	0.0007996690036852319	0.3107259248928446	0.4761611455968487	0.1826918035591294	-0.1237853655697682	0.03197100878364267	0.2163407366556021	0.01355640522654206	0.01344910516221274	0.01512391882702437	0.02176069530289926	0.01388840027464664	0.1831642785573054	0.1783867905275176	0.07977703888035891	0.07144413470804689	0.1626029377009896	0.09547426073724152	0.03866490494786132	0.01183110300377799	0.01098441580230381	0.01100258875752404	0.4477478710207936	0.09310798189927443	0.01888703678820458	0.2631469636779983	0.1961961477786279	0.1096152548894262	0.08107190319441067	0.6277240748440506	0.1014003141075425	0.1920085392676967	0.02619511244221982	0.5143195492387228	0.01614467989630917	0.1993933969126805	0.02721759852843355	0.02542628986458414	0.01129048188348286	0.3110076149388498	0.206750879789447	0.01364679862788179	0.01071644087245435	0.01024653825890258	0.01052017879024378	0.01399580442666909	0.01341283870426721	0.01565565744909242	0.01580371736815008	0.01496478256326846	0.01595246943856483	0.04147206796321736	0.169587862170745	0.0578966429656426	0.03098093430919517	0.02472730596040758	0.03667960832357085	0.02102819069844166	0.07552800510649821	0.1939378496665736	0.1516639210340444	0.01562069838726545	0.1784683643409516	0.1738494218446854	0.2262788525852034	0.05597084274970918	0.1133485922534489	0.1389209451989688	0.02423017010430271	0.05557290146097203	0.08652693979715163	0.1479158048565407	0.2939064460460481	0.04031896543703708	0.01740732425188925	0.1818412731621787	0.2839367662170325	0.05370027264983581	0.01154814632449836	0.1271565757366175	0.2706838584351406	0.01523375943601149	0.013734595357177	0.01269747993522331	0.01303009378560246	-0.02090729332090064	-0.1551869054575393	-2.39113194865118	-0.7135175332683962	0.2054433954626022	0.01624953545484685	-0.6523549141953094	0.01400530269373069	0.5104306516489761	-0.2121642893271843	-0.03320582995372977	-0.04353935801720327	0.00443622258893963	0.02801125327557903	0.1831955907569539	0.01412876578701827	0.01416825765288332	0.01599657738780498	0.02006399136665666	0.01450837795214851	0.1461928331547349	0.2360863607016357	0.1502477487782405	0.02344995966393763	0.04583687638822345	0.01347964607161161	0.01224963499765686	0.01143417659581948	0.0108843861617613	0.01105664516315186	0.3938269342326239	0.01980186127065062	0.01172886281858963	0.2311573842737669	0.1472737687944581	0.0398755731049576	0.06233167015539461	0.5691298104854121	0.03436042632886935	0.08525888322044285	0.01115293100175115	0.4729153937083713	0.01050036719856249	0.1692420174312191	0.03165400602329722	0.02670828770389439	0.01034760314931911	0.2683915494467374	0.2005558343767995	0.01423539448518138	0.01070936712965217	0.010245058173323	0.01051144822701007	0.013010432154594	0.01249598565058545	0.01323764226609393	0.01312283127207078	0.01329147872746733	0.01463769731814933	0.03594115954163017	0.2495333086953962	0.07205164242352739	0.02726717439349056	0.01839970793113635	0.05286381019452181	0.02012494960229122	0.1186384677254645	0.2350123721137836	0.1626391793253448	0.01299466686796454	0.1547364984780113	0.1871884459823653	0.2782696780864668	0.0497443653032423	0.1329385560239442	0.1697018641718925	0.02356413103223333	0.0855115503476204	0.1136455763033427	0.2013981965836547	0.4015085714450276	0.05967031552381415	0.01392700690888832	0.2694492247074504	0.3153176380121125	0.05322721591691182	0.01082543472333558	0.1734668707757382	0.4097833057490044	0.01325748105327952	0.01196208157875506	0.01055273020511725	0.01120628784571269	-0.9938463162605101	-0.05274622394904927	-5.616581704502488e-14	4.807891961907701e-15
0.8215574999999893	-0.2331025637282912	-0.04031864049965225	0.06714535719761414	0.9140829848116057	0.9709735843055475	-0.3558128993136961	-0.0523530421607067	0.124557789391615	0.1359535311449684	0.4861667361702494	0.06127433464129341	0.2080582123056772	0.2271194328011782	-0.009047607647408187	0.1221627919549586	0.2026609981853359	0.2026609981853346	0.2921761358147317	0.2921761358147332	-0.2104044569988832	-0.3023743792718716	-0.005967663753730668	-0.7635135929556052	-0.1071453499500422	-0.1657441832420436	-0.1788033414177653	0.2004654886514973	2.287896828742763	2.080310124910365	0.09596031841109307	0.01295359515928523	2.018440469075011	1.805534442841384	-0.524429713340375	-0.4254808454067153	0.6733645040782396	-0.3270697305343092	0.1212400617075185	1.854374152769959	0.08158406575174833	-0.09115938969102806	1.108281647257532	0.2025889330610446	1.747408774830034	-2.579386114232197	0.09244962639894221	2.136216610744031	0.006834361593674138	0.4604810316987957	-0.01187081800937249	6.479382142665307	6.479382142665286	-8.265615246597807	-8.265615246597763	-0.4807086905920332	-0.4121658928667121	0.9753060536466811	-0.04932103526942518	1.09095669463862	-0.995929166514964	0.9176357340348652	-1.07141947580687	-0.7008136335072678	0.8812319709350507	-0.0710377495620378	-9.57631900806167e-05	0.008205126740183803	0.5687580722969153	0.234031628351553	-0.1287205081861053	0.04403386616303831	0.2272771104023704	0.01373048535099838	0.0135905060932978	0.01567580947928576	0.02043449625813622	0.01386443015143992	0.1616122620777837	0.1833852744848878	0.09627602154420185	0.04748370446802912	0.1078443320600825	0.0571711434604321	0.02521634245768633	0.01175571947926135	0.01095604965539024	0.01101012481523423	0.4287790882912775	0.07409465006891984	0.01723192891636987	0.2502865552986552	0.1845454219100638	0.09628742900309517	0.07391708600555613	0.6158656766308106	0.07841383113417877	0.153973251432092	0.02195812709950045	0.5160914573070702	0.01748402078329171	0.192201803553016	0.02672087960575943	0.02432406729546384	0.01080462243782944	0.3110228091089989	0.2255173763887928	0.01360850074936658	0.0107274815035705	0.01025455949298955	0.010523115604544	0.0134610706989755	0.012921901705725	0.01439658508311288	0.01441296704380282	0.01407015076117835	0.01522769413839845	0.04427475416665754	0.2011154932815703	0.07346197786880912	0.02989152623882316	0.02323699888671106	0.04958917756775318	0.02124035682208612	0.09496577779363675	0.214143398757906	0.1610247544482127	0.01425733851205051	0.1827328907658599	0.1870048260413791	0.2506716197071541	0.05817020515904977	0.1247224814004168	0.1531803899116241	0.02409724822858741	0.07115642541399678	0.09948706639041757	0.1665006952413823	0.3287866006873391	0.04770928994432744	0.01544251686355945	0.2140691150102398	0.3027074216708404	0.0567205649110552	0.01112514900017033	0.148132245136838	0.3226670934023246	0.01413878797312223	0.01277103514877198	0.01156470065166027	0.01206070866539383	0.09891115628827504	-0.1806833606968928	-2.328291759290387	-0.7589401108420465	0.2179926516377387	-0.01572094557721924	-0.6370773532613387	0.01107266431913894	0.5255939020391522	-0.2372393084175154	-0.01843035501551669	-0.06679104066404069	0.005768815312793284	0.07953145333443153	0.2963183463779113	0.01368754442124362	0.01334291856807521	0.01633320532100653	0.01847486082244358	0.01328597876134895	0.1189437701108203	0.1497373189187826	0.0836864584390513	0.02073271514536877	0.02897503163214098	0.01476292309132784	0.01202195470857847	0.01189948875656445	0.01096910132504238	0.01098370767216177	0.3896680709259256	0.07899304514934102	0.01901054824083177	0.2282947888891993	0.1852176075378118	0.1136744874915303	0.06894988053840899	0.6087829900075831	0.06597866807306291	0.1133244803951668	0.02359118761737456	0.5614212723599524	0.02556567613669842	0.1925005702654903	0.02169720139772329	0.02040782256968228	0.01038447847381466	0.3482947363895443	0.2999515005588731	0.01302045669300816	0.01076079693430287	0.0102756839956526	0.01053769111017153	0.01294622286722107	0.0124610441487566	0.01325558707078406	0.01316014517716251	0.01322499624217085	0.01450418999514624	0.05646856359259752	0.2420873621104714	0.1057115134066642	0.03016204330991962	0.02469793242302244	0.07075615157648077	0.02253775976030896	0.1154158566111227	0.251497264389288	0.1831250597133084	0.01302887078303359	0.2180413019644892	0.2215308354240601	0.2975549904023883	0.06954161325213608	0.143839339049921	0.1737943582771948	0.02431401820274518	0.08964725595603895	0.1151941403437887	0.1825576786862312	0.3764917114691803	0.05124541592970372	0.01340000898373763	0.2526317329960777	0.3509683519199769	0.06549759206744514	0.01067673991385001	0.1765067495904783	0.4092252874520598	0.01304330635169739	0.01184336337648907	0.01053233948288317	0.01116527247029109	-0.9918622802470068	-0.08209010677578138	-3.650737548145001e-14	4.653442569362789e-15
0.8287099999999891	-0.2281140646164744	-0.0427825096345722	0.06762054408466783	0.9272665191132561	0.9712957822374924	-0.3563948276611957	-0.042969913800796	0.1263520206702544	0.1497383809160856	0.4689022410206984	0.06120005838522367	0.2222095021253357	0.2268243800518346	-0.005537328389130359	0.122049714007761	0.2521379937249459	0.2521379937249454	0.238030259606978	0.2380302596069787	-0.2141588988816154	-0.3046051260087662	0.0004241724683603894	-0.7630561700112302	-0.09969630433721127	-0.1725837472853607	-0.1686994212423168	0.1946228476649907	2.280713374161405	2.086110804855749	0.09559359036603406	0.01298909618655801	2.017145818551442	1.809946859901117	-0.5228962767656434	-0.4263965607950909	0.7111391750636716	-0.3667220537375118	0.01638510494929931	1.831676667013874	0.007815204746601098	-0.07187532217214085	1.517607703932865	0.3067007290682958	2.076755440203828	-2.22445573507185	-0.1102788227063523	1.802079631147065	-0.07700897773143649	0.5242951914866706	-0.02253660074331825	7.329472926248791	7.329472926248791	-6.848234312332266	-6.848234312332266	-0.5798457636868602	-0.2065728312060089	0.7955547250089573	0.1796771028298812	0.9862703917976958	-0.9090414820559537	1.884208505693244	-0.54517623759777	-1.303124861810383	0.7341453327172955	-0.02160256086220273	0.01222541851250168	-0.3853991319708208	0.6657926714813555	0.1766278153785904	-0.1260698220015761	0.07534282752492395	0.2779125409422379	0.01357422099089488	0.01321266553860878	0.01611209176667359	0.01896562778592955	0.01319692527395058	0.1369852007493414	0.1491007074049195	0.07263062111717965	0.03349435263757168	0.06701314146016624	0.03669945966061896	0.01845735147959292	0.01197150362432353	0.0109886801847168	0.01097425317285095	0.4147231568616137	0.09188767947845226	0.02032273784843398	0.2412061328286807	0.1934027158973192	0.1226945046451135	0.07336988148491123	0.6203436223820539	0.0809227574625288	0.1431942003262877	0.02646713785091738	0.5462695547135581	0.02606785159398524	0.1975584071549646	0.0212340352552302	0.02047055676625177	0.01060046418053848	0.3403521646479051	0.2754357117087352	0.0129380291520382	0.01076031678422347	0.01027478970862463	0.01053863387613396	0.01317855579351842	0.01267568259770264	0.01381973532112193	0.01378487869447757	0.01361852924781098	0.01481858983914586	0.05597333073352494	0.215687331116734	0.09725666285111351	0.0308767414118617	0.02584245959713891	0.06470185613909864	0.02261603689034125	0.1032951116083762	0.2324378170065124	0.1750232699875327	0.01364060261822856	0.2113057754778679	0.2086983766368357	0.272538171602932	0.06901772792187265	0.1357143109234913	0.1628046645130187	0.02442928890996282	0.08084571154998905	0.106917989672172	0.1686998722131329	0.3408747579003772	0.04701068650523369	0.01424117433030526	0.2254490998141397	0.3274480706331885	0.06430040022876894	0.01084979834489949	0.1607935093003794	0.3534308892113628	0.01351441305385343	0.01226032113230113	0.01102935930279039	0.01158967376298803	0.2187296058974509	-0.2061798159362465	-2.265451569929595	-0.8043626884156968	0.2305419078128751	-0.04769142660928533	-0.6217997923273682	0.008140025944547186	0.5407571524293286	-0.2623143275078465	-0.003654880077303608	-0.09004272331087812	0.007101408036646937	0.131051653393284	0.4094411019988685	0.01324632305546896	0.01251757948326715	0.01666983325420808	0.01688573027823052	0.01206357957054945	0.09169470706690563	0.06338827713592936	0.01712516809986203	0.0180154706268	0.01211318687605863	0.01604620011104349	0.01179427441949888	0.0123648009173094	0.01105381648832348	0.01091077018117171	0.3855092076192273	0.1381842290280314	0.02629223366307397	0.2254321935046316	0.2231614462811654	0.187473401878103	0.07556809092142336	0.6484361695297539	0.09759690981725649	0.1413900775698909	0.03602944423299781	0.6499271510115336	0.04063098507483338	0.2157591230997615	0.01174039677214928	0.0141073574354702	0.01042135379830635	0.4281979233323513	0.3993471667409471	0.01180551890083451	0.0108122267389535	0.01030630981798198	0.01056393399333293	0.01288201357984812	0.01242610264692773	0.01327353187547419	0.01319745908225425	0.01315851375687437	0.01437068267214315	0.07699596764356489	0.2346414155255466	0.1393713843898012	0.03305691222634872	0.03099615691490837	0.08864849295843945	0.02495056991832741	0.1121932454967822	0.2679821566647925	0.2036109401012721	0.01306307469810265	0.2813461054509671	0.2558732248657549	0.3168403027183097	0.08933886120102981	0.1547401220758978	0.1778868523824971	0.02506390537325704	0.09378296156445749	0.1167427043842348	0.163717160788808	0.3514748514933331	0.0428205163355933	0.01287301105858677	0.2358142412847049	0.3866190658278413	0.07776796821797846	0.01052804510436598	0.1795466284052185	0.4086672691551148	0.01282913165011514	0.01172464517422282	0.01051194876064806	0.01112425709486901	-1.034278046964558	-0.1383885551210259	3.276144188645831e-14	4.686704353205865e-15
0.8358624999999889	-0.2230202634775378	-0.04553894281724585	0.06745636277457907	0.9402860186432812	0.9710840243008537	-0.3568505674976485	-0.03067250873051319	0.1289091730327124	0.1649860972796852	0.4544418882661602	0.05985770305829663	0.233777285334043	0.2261287289284573	-0.001600252698003609	0.1218060156391149	0.3070955287708473	0.3070955287708451	0.1942633484654076	0.1942633484654092	-0.2188240652909336	-0.3052970220290481	0.005229912479697212	-0.7609247376575073	-0.09310564008491429	-0.1786617763391274	-0.1528218659556682	0.1925534728909005	2.269360670958926	2.090730141224755	0.09545005737468706	0.01305833081508109	2.012926903947106	1.814975607542068	-0.5216258438978676	-0.4273498715374413	0.7150256763127193	-0.3997049602005758	-0.05499396855395956	1.809042693931365	-0.06658957779521224	-0.05659589429303557	1.912676931332193	0.4010944574775027	2.150435246941571	-1.823529578257171	-0.2506475251736334	1.421292733812691	-0.1196547757061527	0.5707150120866852	-0.04959789447214197	8.011117982739028	8.011117982739048	-5.384532215353619	-5.384532215353606	-0.7293416445284766	0.01082658339126879	0.5391817194331981	0.4180244983795031	0.8535805612658502	-0.7851413303895441	2.498857483309996	-0.04448130762587892	-1.859722307299008	0.5538268184637449	-0.02428120020119603	0.007240601074417815	-0.7805717372692872	0.7281894101663371	0.1828216375531488	-0.1356171077994857	0.1204189397777983	0.3491911594331573	0.01327627010715019	0.01271300127605126	0.01660593820454197	0.03815552752020738	0.01255147006589539	0.1286512375335898	0.1125296452305203	0.04791546884431043	0.02750201452039817	0.04278452760565798	0.02699866259330975	0.01645836521586565	0.01200487789531839	0.01094729451862406	0.01088576188258648	0.4029596126947896	0.09889301321879196	0.02176570307960821	0.2407686090575875	0.209284337655873	0.1517012064333735	0.08852805909861439	0.64909182862385	0.08828388430331287	0.1437597946310109	0.04985277864229266	0.6019618382843064	0.04650407326722493	0.2188987092365308	0.01640173543533256	0.01734639957891838	0.01048428928592834	0.3785936798107918	0.3223286240637191	0.01243170822911249	0.01073521005707621	0.01026977450443132	0.01051603023706761	0.01310365384241075	0.01260293202233997	0.01349592938608816	0.01340190504902223	0.01340154182610756	0.01467613397127372	0.08722774694601583	0.2229133083718186	0.1061264870653703	0.03107553663649757	0.03143560365762864	0.06703403229771222	0.02260602769574436	0.1045374800328198	0.2430121918453179	0.1837454042475856	0.01325211535365479	0.2340762876760829	0.2241583285835121	0.2859456518343831	0.07766002405695582	0.1421233910354803	0.1670184921186064	0.02515621023981154	0.07911770391962931	0.1051777751711201	0.1623322523813203	0.3392867425402028	0.04208140907339077	0.01327929148315517	0.2215623414145408	0.3705480996131819	0.08366265398145763	0.01067944456627536	0.1603723467028834	0.3670809705643164	0.01347315758146007	0.01185643149466332	0.01072451868118337	0.01127235740278201	0.2700890221863944	-0.1681823843830796	-2.214886950899821	-0.830874907069987	0.1737254898262919	-0.07950881810153081	-0.563253843573469	0.007301208407286055	0.5336916211881989	-0.2582608523224102	0.01713295121034835	-0.09665831835203091	0.006556783117318821	0.2098048496160468	0.5259641931303447	0.01280528793577979	0.01204589546301305	0.01738386663113809	0.09002872178576518	0.01188658199022631	0.1400912890936622	0.06730669626605415	0.02507562723869676	0.02477664892828131	0.02154057800764943	0.01882738661318576	0.01696455186856878	0.01175940929999018	0.01079008579539041	0.01071895675612209	0.3760548250631535	0.07970836907908993	0.02042943920955899	0.2528567575263773	0.2406894271303925	0.1900298899536796	0.131188297518785	0.7686737033516712	0.09578462329742558	0.1471838521849329	0.1043919329272191	0.7827130033648183	0.08861776839705147	0.280871480741102	0.01207373416025418	0.01473925988135107	0.0103455410200395	0.4650674270297152	0.4024777043177531	0.01211400688224173	0.01062953059945411	0.0102310242655767	0.01043881932702404	0.01316426969013931	0.01262989327606326	0.01314219417746209	0.01293473199940293	0.01324323366462952	0.01469309833325678	0.1596309492103031	0.2330927707881864	0.09667533648843127	0.0297605828600911	0.04166811844814686	0.05307781223190592	0.02062066665309114	0.1007079925004139	0.2518544270480491	0.1893102498442205	0.01276324899548019	0.2569534814907087	0.2397282415711768	0.3002032404944829	0.08525079759583275	0.1466551843820098	0.1683279988981121	0.02649593119370439	0.06293351987799034	0.09132680995858657	0.1448268561630326	0.3231158853376167	0.03228947557111062	0.01201543683726816	0.1979221555165363	0.5018991065509977	0.1283105015258094	0.01052509675439323	0.142551646085406	0.3767525997592036	0.01394244183322862	0.011297622337192	0.01039937668814928	0.01087175306302882	-1.125541325222132	-0.213234754343106	9.315369949357792e-14	6.929114756962852e-15
0.8430149999999885	-0.2178595386737987	-0.04843829479389195	0.06693828081108215	0.9531473671881608	0.9703494826682415	-0.3572192533347803	-0.0157284688717659	0.1319860775781667	0.1799794544488108	0.4427516315146646	0.05782091543889381	0.2423803035284495	0.225082047985932	0.002542568056402725	0.1212831256478686	0.3663540492375228	0.3663540492375206	0.1610824456541087	0.1610824456541094	-0.2246593913438417	-0.3044828177272138	0.008007611757248905	-0.7570519375715041	-0.08752942353391464	-0.1837383629335456	-0.1337637271174773	0.1938289904713355	2.254276330611297	2.093980393640493	0.09516401256052989	0.01309419588102853	2.006176184982665	1.82018953252771	-0.5202208202873697	-0.4282667520835673	0.7298525381683669	-0.4066853655788576	-0.08257348390967335	1.787454091649843	-0.1383668843056396	-0.04753306441022306	2.257666365509346	0.4520351388531043	2.005630883901685	-1.449874538834499	-0.3044577230846186	0.9730645974409329	-0.1751648167099667	0.5818261424210032	-0.1006048629175051	8.532125263410789	8.532125263410789	-3.888148096248401	-3.888148096248401	-0.9070487398741475	0.2145667205916455	0.2284688854325592	0.6666027182875367	0.7026079796907911	-0.6290156283408853	2.77357126040629	0.3901309569565113	-2.346574605299186	0.3513186418346836	-0.06145207440578081	0.002894537680390622	-1.093348620990312	0.7175724253271535	0.214262416629043	-0.1158831191076179	0.1775783975189434	0.4329756254421621	0.01290126454401919	0.01222793833132979	0.01721681843694039	0.08333466126481941	0.01215734929553343	0.1453472300917144	0.09304099651596681	0.03890232864814123	0.02812406991256541	0.03491944430902532	0.02370232977386358	0.0182736814874093	0.01169421882210303	0.01078594055058622	0.01074150359863829	0.3919216159403935	0.07457346532603729	0.01933017042579267	0.2512734856169198	0.2255690059199409	0.1682976132488604	0.1220178439729722	0.706338697664726	0.09122604899751299	0.1466189723702866	0.09415921145631252	0.6811589189170747	0.07980066885971604	0.2570924910374067	0.01429366244419927	0.01621049212700166	0.01038988358207494	0.4154203855540094	0.3515822085434704	0.01236334435660582	0.01062504780323568	0.01022680300096702	0.01043807776753953	0.01322062898093146	0.01267888721479367	0.01327530923306698	0.01308326829944056	0.01334651160365489	0.01478268993046256	0.1405352211871838	0.2265665776168326	0.09073410594481135	0.02945132904336142	0.03958998176265616	0.0504807277620765	0.02030833853117728	0.09985577673719877	0.2429538442845331	0.1827250845913118	0.01291100194801555	0.2376198194393378	0.2267059825642404	0.287814144526801	0.08006820774014264	0.1420947805544971	0.1653182945355151	0.0262525260806555	0.06316064328242454	0.09234513327155672	0.1504834758180689	0.3279116627662858	0.03422597675020907	0.01237181905435772	0.2038153742414446	0.4376706264961289	0.1169654472876971	0.01059939809492652	0.1439993105558357	0.3643241113746025	0.01405146899475779	0.0114397755606484	0.01052329187000538	0.01098980545157729	0.3214484384753381	-0.1301849528299129	-2.164322331870047	-0.857387125724277	0.1169090718397085	-0.1113262095937763	-0.50470789481957	0.006462390870024898	0.5266260899470692	-0.2542073771369739	0.03792078249800031	-0.1032739133931837	0.006012158197990697	0.2885580458388097	0.6424872842618209	0.01236425281609064	0.01157421144275895	0.01809790000806811	0.1631717132932998	0.0117095844099031	0.1884878711204188	0.071225115396179	0.03302608637753157	0.03153782722976246	0.03096796913923976	0.02160857311532823	0.02213482931763884	0.01115401768267089	0.01052635510245717	0.01052714333107239	0.3666004425070797	0.02123250913014833	0.01456664475604396	0.2802813215481229	0.2582174079796197	0.1925863780292561	0.1868085041161466	0.8889112371735887	0.09397233677759474	0.152977626799975	0.1727544216214404	0.9154988557181031	0.1366045517192699	0.3459838383824424	0.01240707154835895	0.0153711623272319	0.01026972824177524	0.501936930727079	0.4056082418945589	0.01242249486364899	0.01044683445995406	0.01015573871317017	0.01031370466071407	0.01344652580043045	0.01283368390519873	0.01301085647944991	0.01267200491655152	0.01332795357238459	0.01501551399437038	0.2422659307770411	0.2315441260508262	0.05397928858706152	0.02646425349383363	0.05234007998138536	0.01750713150537231	0.01629076338785417	0.08922273950404441	0.2357266974313058	0.1750095595871689	0.01246342329285762	0.2325608575304502	0.2235832582765987	0.2835661782706562	0.08116273399063571	0.1385702466881218	0.1587691454137272	0.02792795701415172	0.03208407819152317	0.06591091553293814	0.1259365515372567	0.2947569191819004	0.02175843480662793	0.01115786261594948	0.1600300697483677	0.6171791472741543	0.1788530348336403	0.01052214840441828	0.1055566637655936	0.344837930363293	0.01505575201634234	0.01087059950016102	0.01028680461564961	0.01061924903118833	-1.237851082670256	-0.3067143068945841	7.543223120576289e-14	2.861203301596052e-14
0.8501674999999882	-0.2125493075407923	-0.05125667320323134	0.06638233617432523	0.9658574094567982	0.9691115195814821	-0.3575453617081013	0.00156201480872812	0.1351989052318946	0.1932641215127048	0.433576592900344	0.05574120348380099	0.247480240338479	0.2235835961736458	0.006594146883838953	0.1202983144333532	0.4288463592302243	0.4288463592302181	0.1386375399444076	0.1386375399444093	-0.2317878113970957	-0.3022755542409288	0.00849784505405656	-0.7513903450315957	-0.08308511080830504	-0.187642240753788	-0.1139354615549814	0.1977133318311116	2.235954133189483	2.095740841824713	0.09475011063772466	0.01311138015084211	1.997664341399275	1.825083782113286	-0.518745125601056	-0.4292935319206341	0.7529886674647938	-0.3785279864837371	-0.07642684629739135	1.766987275771646	-0.207612650023323	-0.04362478792472614	2.579365489016669	0.4337460402149479	1.681269459936739	-1.134613229638091	-0.276529165580179	0.4570959589039821	-0.2409235780534387	0.5488881809495931	-0.1708843667810881	8.926747685863985	8.926747685864033	-2.432479116981225	-2.432479116981162	-1.083372881546986	0.3963495418865962	-0.08383109595693621	0.9129971349294763	0.5401738709618312	-0.4644169437759517	2.733304498931629	0.6469481975041952	-2.764649775296192	0.1417711851559517	-0.05185792764509294	0.002836456255586605	-1.24964372193155	0.6419094330120437	0.194895280572966	-0.1590283069340215	0.2294204253814116	0.5114918941964153	0.01247410172407508	0.0117848605090846	0.01707930352031999	0.1271838254314947	0.0118437862740303	0.1702950517533082	0.08420616604392631	0.03497286734027748	0.02906227735513849	0.03559573575794405	0.02313394503769095	0.02951450390181455	0.01139795050544531	0.01063599715173161	0.01060463489051724	0.3916833482576191	0.06321574333450562	0.01830566090954253	0.2667075763068419	0.2451962038213394	0.1861210360741823	0.1585451164839631	0.7665117240076585	0.09645859366792317	0.1536406606629017	0.154306402362381	0.7594232811083945	0.1154529453900082	0.3018523074091983	0.01327239166606197	0.01568789408762565	0.0103248052306651	0.4519479672132559	0.3783169693946537	0.01226437069842627	0.01051419985056047	0.01018260821653297	0.01036131787229135	0.01335153351277977	0.01261455289712874	0.01656371178460203	0.02318858404979124	0.01431567323683288	0.0148974296330816	0.1907294937976261	0.2059806149932594	0.06912980691629379	0.02788490373136765	0.04371142322124767	0.03704368058295686	0.01780911612095111	0.1017338596641347	0.2474507948631166	0.2061189523316705	0.02493628542930252	0.2717252935168405	0.2415122427396852	0.2854946130218409	0.09091566110802309	0.1361299692027005	0.1542612218709083	0.02557552812753099	0.04533080948840688	0.0840164010026571	0.1447921310205827	0.2899214100310986	0.02653114117496969	0.01179465511708568	0.1697429796185323	0.4879565445899963	0.1428281662568619	0.0107829965071575	0.1170764645528096	0.3643403364749808	0.01451211591426102	0.01146600916210429	0.01048265420914687	0.01100386195002568	0.2720197142809502	-0.1892719006387482	-2.13608343945194	-0.8228987575121294	0.06749073972925652	-0.09893052190493636	-0.4307134333974647	0.008512854606837103	0.5032900681111983	-0.2575373137847055	0.03279263311621937	-0.08970896349471209	0.004595808436292284	0.3191949128433393	0.6887776859702081	0.01185673659001516	0.01122710895435918	0.0159943710902488	0.193094040390935	0.01143666630024721	0.2172157947529151	0.07639759787664362	0.02947735539841647	0.02862711580678777	0.04069983441346854	0.02342855444658583	0.05523700664577721	0.01111190903799233	0.01048047809124856	0.01044385291469801	0.4130260168940106	0.0750954685037207	0.01968576769845149	0.3013002337050155	0.2908046580540813	0.227184837345734	0.2222399998732874	0.9130485583315279	0.1098837369164533	0.1716055993042193	0.2787105098816169	0.9508386652211518	0.1748523157502164	0.4013909191510318	0.01229212088905357	0.01507431905680522	0.01026370436325484	0.5411896310596656	0.4460605183495403	0.01196820054812545	0.0103879026224127	0.01013236423533873	0.01027474640463449	0.01348997731934557	0.0123246659499374	0.02504475220521828	0.04917489525857374	0.01675758960237395	0.01499075124078545	0.2732491918270113	0.1249738110050288	0.03707580490254293	0.02632046506428545	0.04398460968601894	0.02832062475408004	0.01482934259616619	0.1165100073671406	0.2709689671733078	0.296303249902437	0.05590398968409682	0.4078104085463373	0.3000472948115302	0.2799062035359044	0.122132058964668	0.1196044981804182	0.122358747466106	0.0224195808690026	0.02219064734772895	0.08159461583700321	0.1469269540954352	0.1616694039906439	0.01688591500955259	0.01137025315833083	0.08690014798814226	0.5595586895679585	0.1723575859096411	0.01130327450278519	0.06314052336247365	0.3816238245290196	0.01482679727144525	0.01200641723821992	0.01057923623003773	0.01134812355693514	-1.21334262233869	-0.419792463413019	5.662566528323097e-14	4.429434064581166e-14
0.8573199999999881	-0.2071169168713298	-0.0538121010044002	0.06579427359829741	0.9784302348544857	0.9673821988191367	-0.3578428855104114	0.02120116040562772	0.1380106038350947	0.2036324552362541	0.4262500461939239	0.05387299610328675	0.2489777607389501	0.2216772989639188	0.01036296657098299	0.1188942162082935	0.4938311124524118	0.493831112452409	0.1256488824392733	0.1256488824392737	-0.2401163414957836	-0.2989029343409131	0.00691651832080273	-0.7440417078157038	-0.07980149283865522	-0.1904078889774196	-0.09520101077292208	0.2023816363020854	2.214900740498531	2.096020287682371	0.09445689301744789	0.01314801617676714	1.988830900408502	1.829242436608186	-0.517482621185562	-0.4303671406155196	0.7640110943254875	-0.3331584566181732	-0.09155438269246854	1.74908516583374	-0.2757615506695226	-0.03954017492803904	2.91440510480443	0.3398704270647048	1.190158436409213	-0.9329945925493521	-0.2453162831478394	-0.03425211966489242	-0.2892075702758393	0.5027603219965394	-0.2178469490536815	9.229068494306341	9.229068494306341	-1.243968241773889	-1.243968241773889	-1.242626522589017	0.5404266055915256	-0.350785928985176	1.13833838441369	0.3780515991358034	-0.3107410120218841	2.467716026449861	0.6093446895527141	-3.110278280695673	-0.06280294545997166	-0.02770602686202836	0.00833368654060828	-1.183274495127225	0.5118834800138699	0.1546496180775685	-0.1289775218531483	0.2703362086097103	0.5767645703823157	0.01200335730482955	0.01139314275921571	0.01589158694045327	0.1624491788847772	0.01155194143435864	0.1961110820692425	0.08196046349909408	0.03121238198769989	0.02798609407530777	0.0409195507451985	0.02382374083191584	0.05168707309195703	0.01123854338766554	0.01054218942151776	0.01049665625627719	0.4077471874693215	0.08324292834919163	0.0205421305973048	0.2840671778524591	0.2694989055704505	0.2105022981462721	0.1930352405511037	0.8150049227354678	0.1066137262990346	0.1655997743151168	0.2293232767201536	0.8234060087736284	0.1505728052744083	0.3489456903794136	0.01273635171690954	0.01528558932501922	0.01029161373391155	0.4887105485051488	0.4094108068815179	0.01197409750056508	0.01043136018657438	0.01014965757510692	0.01030496239650356	0.01343543970952559	0.01231098184284634	0.02446155110880294	0.04670622307020307	0.01659888350870867	0.01493743613015573	0.2303768372359885	0.1481892957620941	0.04912556464621504	0.02705984809818907	0.04144102253421512	0.03581892289800639	0.01585296466774302	0.1152945312047515	0.2638914412553524	0.2676900204673046	0.05277217909362562	0.3571790094071868	0.2799764224045014	0.282661105570377	0.1155346622334084	0.1242876810406576	0.1318426050712913	0.02234996876758433	0.03105690415816108	0.08702655209977846	0.1507296569493413	0.2129875384900064	0.02022173141350143	0.01164224398590223	0.1167864895527075	0.5010519992736456	0.1537202371609901	0.0112887773993533	0.08180876516298557	0.3774381588756331	0.01460283955809331	0.01208983945453466	0.0106218164153476	0.01140332439432421	0.2225909900865623	-0.2483588484475836	-2.107844547033833	-0.7884103892999816	0.01807240761880454	-0.08653483421609641	-0.3567189719753593	0.01056331834364934	0.4799540462753274	-0.2608672504324371	0.02766448373443844	-0.07614401359624051	0.003179458674593897	0.3498317798478689	0.7350680876785953	0.01134922036393967	0.01088000646595939	0.01389084217242947	0.22301636748857	0.0111637481905914	0.2459437183854113	0.08157008035710811	0.02592862441930132	0.02571640438381328	0.0504316996876977	0.0252485357778432	0.08833918397391519	0.01106980039331399	0.01043460108004031	0.01036056249832381	0.4594515912809416	0.1289584278772931	0.02480489064085916	0.3223191458619082	0.3233919081285429	0.2617832966622119	0.2576714956304282	0.9371858794894672	0.1257951370553117	0.1902335718084634	0.3846665981417934	0.9861784747242005	0.213100079781163	0.4567979999196212	0.01217717022974827	0.01477747578637855	0.01025768048473306	0.5804423313922521	0.4865127948045219	0.0115139062326022	0.01032897078487134	0.01010898975750743	0.01023578814855477	0.01353342883826067	0.01181564799467597	0.03707864793098674	0.08567778560059602	0.02018722563236336	0.01496598848720049	0.3042324528769816	0.01840349595923126	0.02017232121802337	0.02617667663473659	0.03562913939065283	0.03913411800278873	0.01336792180447945	0.1437972752302391	0.3062112369153099	0.4175969402177053	0.09934455607533611	0.5830599595622246	0.3765113313464618	0.2762462288011526	0.1631013839387003	0.1006387496727146	0.08594834951848473	0.01691120472385349	0.0122972165039347	0.09727831614106869	0.1679173566536146	0.02858188879938741	0.0120133952124772	0.01158264370071119	0.01377022622791667	0.501938231861763	0.165862136985642	0.0120844006011564	0.02072438295935359	0.4184097186947455	0.01459784252654762	0.01314223497627794	0.0108716678444226	0.01207699808268056	-1.056984910985283	-0.5310040972096695	2.118093562836735e-14	-3.20327147046132e-14
0.8644724999999878	-0.2017576407528299	-0.05608681971576476	0.0649539610218975	0.9908879047780027	0.9651600827652971	-0.3581061162857634	0.04341655329478244	0.1399445177157238	0.2100393545893376	0.4200151149957158	0.05205342210012154	0.2472786978683288	0.2196391975308239	0.01388707412866829	0.1172648662492752	0.5606857136883753	0.5606857136883707	0.119977559020901	0.1199775590209026	-0.2495879239170289	-0.2946665274091296	0.003621933867003028	-0.7352583356878328	-0.07763197005771841	-0.1921277260062037	-0.07881442266085507	0.2052195284671048	2.191616644466213	2.094857776362522	0.0942777346240626	0.01324120031110292	1.981144372029092	1.832372993005454	-0.5162296857929306	-0.4311553941536012	0.7332997241355028	-0.304538680269307	-0.1363936084309506	1.734601671256494	-0.3458255356659429	-0.03508083991908856	3.292520370987901	0.19593117959714	0.6107954955316446	-0.7973093900413987	-0.2591033245970688	-0.4579647579764379	-0.2778534943788138	0.4836976280778404	-0.2471895498827558	9.442095236220768	9.442095236220855	-0.3035800139821433	-0.3035800139821525	-1.404486015358671	0.6352232172088441	-0.5568782937429611	1.305027855359968	0.2327997617211462	-0.1757905340841094	2.105320295192328	0.1464990310210085	-3.391686183127133	-0.2574397813310685	-0.02785539074988721	0.01450250388878903	-0.9467091935252497	0.3666227139986311	0.1885547275143145	-0.117361509547294	0.2813372592815295	0.5862456212507579	0.0115581873987348	0.01105102221588875	0.01518428061670902	0.1733098348401079	0.01124179018334316	0.2153743427990474	0.08774607451636583	0.02882130229290627	0.02753902928577429	0.04847481683268086	0.0263463167642321	0.08284282440590797	0.01106680360831433	0.01045187281082977	0.01039751065419958	0.4125898125133168	0.09036112933042061	0.02117742150743995	0.2921754369002589	0.2845445763769041	0.2251001698519761	0.211070764459902	0.8411999616081038	0.1148046574217501	0.1775284409814207	0.265077987761358	0.8497129755358949	0.1827521470875872	0.3786235829528893	0.01222853201914674	0.01459536366996365	0.01025560715593741	0.512791097868164	0.4306078257233132	0.011730149893202	0.01035564205631426	0.01012101761887104	0.01025315417394021	0.01313871855494968	0.01189158307686215	0.0274304273074664	0.05611768993735798	0.01728604706628485	0.01452165032339827	0.2760347505455675	0.1422590768383679	0.03778374140418168	0.02481171304992471	0.05525859022302137	0.03382338509527832	0.01615270269907952	0.1598445427220309	0.2740744323144566	0.2927687000687965	0.0640461382815716	0.385045168449385	0.3012903102923257	0.2939188942028576	0.123582842862082	0.1259389002410622	0.1309929958024911	0.02333502272817511	0.02425098455613468	0.09917629320155204	0.167270057989836	0.184302201352848	0.01617842821676872	0.01140615746604551	0.104975719219863	0.5363519130325405	0.1917110622082796	0.01148161166467546	0.06121951206570531	0.3965462854398005	0.01430209739467366	0.01221780997988861	0.01063715974258211	0.01147931159954112	0.4639649870024225	-0.1034133962162832	-2.147690598513339	-0.8353471475893357	-0.01949013181512985	-0.04371573014225245	-0.3128174562629986	0.01236945432876249	0.3251511597507845	-0.2483638875346838	0.02118296977355393	-0.07482383076160029	0.003158747351672834	0.2539002608211517	0.4887226228594378	0.01099618626265861	0.01062900667080042	0.01507759633641858	0.1572182539415809	0.01079459696667653	0.2416862188134306	0.1051947277184744	0.0270134162887608	0.02828768732573473	0.06089796519160187	0.03165855130183964	0.1406215770624837	0.01078085873896017	0.01031760762260318	0.01026516811058975	0.3879565893627207	0.07171866987852343	0.01921731934320344	0.2909243263930557	0.2966248323708304	0.233896299920744	0.2193092773049929	0.8686680044496766	0.123803409338794	0.1973535588878415	0.2622333725434114	0.8410277319193113	0.2385746555077532	0.4104211252597826	0.01142903071780176	0.01328756924517505	0.01019465143268422	0.5448857834098051	0.457440771990157	0.01150702764790939	0.01025330698872746	0.01008397527000031	0.01018243423834712	0.01231515009856271	0.0112603000133363	0.02444676588056885	0.04848116595431815	0.01601219352761793	0.01345457396113014	0.387377068875517	0.2295316965231677	0.03139372493288665	0.01975015913322499	0.0979152002002228	0.02575137469310657	0.01898195005520712	0.2813328784895286	0.2767638300877879	0.2570220400155531	0.05531504137749167	0.2982821821239934	0.3010000364922114	0.3447750526799789	0.1074779076259108	0.1513170821759439	0.1670012784389835	0.0304044302170966	0.02223137506481138	0.1270025188632229	0.2084652373426225	0.2345898810190794	0.01279459916283429	0.01086858081027254	0.1531543531520682	0.7044733216493753	0.3128307107147278	0.01129647483188883	0.05301997069605209	0.4443800733751087	0.01355227861024717	0.01165703051116663	0.01046659860729723	0.01110546172866688	-0.9294329616802984	-0.6118889058980984	-1.513827707216374e-14	-1.07767841270557e-13
0.8716249999999875	-0.1966451375336594	-0.05819190952333073	0.06394361732236077	1.003247172272314	0.9624318254777925	-0.3583592474414345	0.06822916168719219	0.1407423858200207	0.2125049333839306	0.4150322616912023	0.05022909656880197	0.242181663923886	0.2177432019293098	0.01729711188573552	0.1152232224160136	0.628572877027913	0.6285728770279113	0.1218537862141826	0.1218537862141849	-0.2601881291158482	-0.2899440232307144	-0.0008554245621173445	-0.7255544187963041	-0.07641115465391957	-0.1930030582194002	-0.06521347181737953	0.2039380807035636	2.166508452123195	2.092406584683085	0.09398024914737159	0.01330940966165202	1.97556492224659	1.834531780048209	-0.5148875492153112	-0.4324168627014531	0.6950078369112562	-0.285726396835256	-0.1390989120557187	1.721569631627266	-0.4172900326396246	-0.03671609392674805	3.640645021827397	0.02220645605053478	0.08807649065888629	-0.5828854296838171	-0.2466449173763193	-0.9844013189139712	-0.2494715810184713	0.4708638380765081	-0.3331335968672647	9.517796101039112	9.517796101039112	0.8664968016801563	0.8664968016801564	-1.558214856059584	0.6763503376101843	-0.6815161562681157	1.395743421437931	0.1127716614530617	-0.07459845610785394	1.688789142537473	-0.54251547921742	-3.620336668867514	-0.4231469816958165	-0.06079294285108711	0.001350174821588154	-0.59408788990973	0.240154894340878	0.1795922772843207	-0.2612990904712095	0.250869393338627	0.5123965917675278	0.01116232476565716	0.01075784861528822	0.01548966767904693	0.150995561834163	0.01089963773293314	0.224779217625742	0.1018478362603573	0.02823765903581788	0.02866922935653683	0.0573929453822782	0.03088708315895942	0.1223831443009624	0.01083178085356024	0.01034713522641896	0.01030037265376926	0.3907443418824023	0.06629422425494615	0.01850709423542536	0.2852733728736026	0.2835089103203992	0.2224138401154787	0.2057393894729933	0.8383745690026566	0.1182668483458399	0.1872782561305937	0.2376313297265553	0.8235363996981069	0.2110164696248958	0.3807811443594842	0.01159080072961024	0.01347519484795289	0.01020500146182474	0.5169372080027215	0.4342985881248123	0.01161381775942859	0.01027994270618659	0.01009433493782438	0.01020050602618072	0.01234625774576313	0.0113986088527286	0.02217028082886106	0.04182313704872277	0.01537428631060075	0.01351769517934507	0.333947365833357	0.2266756580196289	0.03783830111158792	0.02034476473954795	0.09218255146552236	0.02587283904431683	0.01928243174819081	0.2404236549476107	0.2689409025190462	0.2455895540248952	0.04746260408239611	0.2982031889593601	0.2856906333585609	0.3263461084753781	0.1022984889085229	0.1492570619232751	0.1658194165351827	0.03086249539384272	0.02616716482061734	0.119187651784748	0.1935731991302184	0.2492326931870778	0.01468845679538984	0.01091219735255083	0.160063508086594	0.6251281588653298	0.2716041445927502	0.01114564400045137	0.06605022323746054	0.4178208764383416	0.01360153023909249	0.01147682442499668	0.01042552502694695	0.01099043814222035	0.7053389839182828	0.04153205601501704	-2.187536649992846	-0.8822839058786897	-0.05705267124906426	-0.0008966260684085	-0.2689159405506377	0.01417559031387561	0.1703482732262415	-0.2358605246369305	0.01470145581266944	-0.07350364792696003	0.003138036028751705	0.1579687417944346	0.2423771580402805	0.01064315216137733	0.01037800687564113	0.01626435050040768	0.09142014039459187	0.01042544574276124	0.2374287192414498	0.1288193750798408	0.02809820815822031	0.03085897026765601	0.07136423069550575	0.03806856682583635	0.1929039701510528	0.01049191708460577	0.010200614165165	0.01016977372285474	0.3164615874444998	0.01447891187975362	0.01362974804554758	0.259529506924203	0.2698577566131179	0.206009303179276	0.1809470589795578	0.8001501294098864	0.1218116816222765	0.2044735459672199	0.1398001469450296	0.6958769891144222	0.2640492312343437	0.3640442505999441	0.01068089120585497	0.01179766270397155	0.01013162238063641	0.509329235427358	0.4283687491757922	0.01150014906321624	0.01017764319258314	0.0100589607824916	0.01012908032813891	0.01109687135886471	0.01070495203199666	0.01181488383015088	0.01128454630804009	0.01183716142287246	0.01194315943505983	0.470521684874052	0.440659897087104	0.0426151286477519	0.01332364163171471	0.1602012610097915	0.0123686313834213	0.02459597830593533	0.418868481748819	0.247316423260266	0.09644713981340093	0.01128552667964694	0.0135044046857623	0.225488741637961	0.4133038765588053	0.05185443131312136	0.2019954146791732	0.2480542073594822	0.04389765571033962	0.03216553362568839	0.1567267215853771	0.2490131180316305	0.4405978732387715	0.01357580311319168	0.01015451791983595	0.2925384800762198	0.9070084114369872	0.4597992844438134	0.01050854906262368	0.08531555843275071	0.4703504280554709	0.012506714693947	0.01017182604605763	0.01006152937017979	0.01013392537465669	-0.9009451183349706	-0.6796878977772836	-9.343267596480998e-14	-1.550903861815108e-13
0.8787774999999873	-0.1915898766786461	-0.06002117138299864	0.06297794696002741	1.015505026201364	0.9592019288566056	-0.3586384065756213	0.09512079521694145	0.1400869914783794	0.2117976634365871	0.4118844339304503	0.04875061175755405	0.2324657759540952	0.2157545459631765	0.02047621759457787	0.1125334503814834	0.6965717844175642	0.6965717844175597	0.1336381673685916	0.1336381673686012	-0.2716690606392018	-0.285122865162877	-0.005976311682166359	-0.7152619262121588	-0.07594378608197115	-0.1932627870169226	-0.0542756326392697	0.1984366848586856	2.139883265773042	2.088849395620554	0.09356118980725206	0.01332645087009175	1.972600630535232	1.835850953179165	-0.5136821290813016	-0.4335736225056509	0.7014884081097598	-0.2114242028241289	-0.1166288564440398	1.704464089387146	-0.4875532786196645	-0.04276304504484863	3.883429591424461	-0.2302881613328382	-0.2827617519617944	-0.2556441029274091	-0.145237083462939	-1.702892262502527	-0.2914475295620537	0.3968017953571163	-0.4281907953861075	9.493310129259832	9.493310129259633	2.454817370640992	2.454817370641028	-1.639990143106768	0.6670199764903249	-0.7422103996648453	1.485037351810288	0.02228596002525567	-0.003256414606824827	1.403406208261531	-1.003109062192783	-3.82813928822483	-0.5724876929301341	-0.05256687713240933	0.0007493299627518144	-0.2557798791229021	0.1314812115517141	0.164213165437821	-0.09610615879824451	0.1986941819662978	0.4022714181133655	0.01371354620465989	0.05566259795931151	0.01525088758465756	0.1154077468163393	0.05397964373026671	0.2065087396127399	0.1023999570943237	0.02838699914703916	0.02842216056165878	0.05704874652220947	0.03130371481909625	0.1324527727947636	0.01129450499688856	0.01077895469995901	0.01087052371193271	0.4278069822466263	0.1255085778729778	0.02594495533669629	0.2852584443719541	0.2667631081992964	0.1965236759336808	0.1770992033796171	0.7642428375302441	0.1105736728267519	0.1790899725746212	0.1847320316201918	0.7302043165837463	0.2054003106910665	0.3421445009185308	0.115253245210616	0.04919996367371478	0.0105305069361609	0.4724328072101613	0.3976581826552481	0.0123418048602568	0.01546627657112261	0.01341147031093122	0.01593645234168887	0.01661442174559411	0.0465319450332402	0.01673336745592233	0.02633571367583649	0.01374238372636073	0.01600039662265324	0.3400328153708381	0.2777369137132647	0.06926435065690285	0.02292028738501202	0.1056505117503432	0.05348049671657613	0.05069347934936962	0.2752410579893131	0.2365289625970061	0.1768895313732984	0.02923084157878761	0.1887822624883528	0.2497390430083476	0.32227462393568	0.07539443165740062	0.1702982741095866	0.1945152394538932	0.04282888996199856	0.09295166905121437	0.1257793913193894	0.2062366825860341	0.29852694954441	0.09716288670185548	0.0499916327626461	0.221857731179107	0.6406063267690757	0.2988036161217363	0.01793072526349925	0.1335750053005811	0.4090330706361967	0.01417738706583046	0.01087355325697089	0.01028934098958697	0.01060985495166501	-0.03620298268501158	0.003294100896113778	-1.771139207374382	-0.7071431272109572	-0.1350313990252293	-0.01781661058337177	-0.2654513537966625	0.01242962416843004	0.2208733214628625	-0.1390217959310451	0.02781392045898208	-0.0862206300080314	0.003277011641889109	0.08427185297939123	0.1263753771452124	0.02051218475354012	0.1758532708017953	0.01400255789087246	0.05101982682753435	0.169076144320909	0.1273172790359447	0.08066235549379279	0.02889143994532275	0.0259402134657186	0.04415067401286394	0.02633159409893444	0.1024394669790342	0.01272811005197796	0.01197292773608636	0.01239461806134928	0.6575621110532137	0.3505112202113884	0.04907242293947306	0.3077061504343421	0.2121230154122168	0.1157367855784567	0.0962411664697322	0.4061944209948711	0.08333906108620596	0.1349818480002117	0.07536466247715626	0.3532962347019886	0.1371446636493364	0.1880718309872779	0.4195679041649522	0.1451725183202081	0.01139914664833233	0.2651348198783957	0.2355594971808574	0.01425035175530166	0.02851482297308126	0.02170436374364164	0.03034296460605023	0.02836660501654115	0.1395595984481641	0.01157154696678979	0.01102205929811248	0.01260334843986626	0.02354673377853706	0.2405466644614636	0.2798844496644237	0.1526030417801592	0.03535628866488074	0.08693388598886195	0.1390722671714076	0.1299142960497056	0.2484273716522474	0.129307823215026	0.05351048471022614	0.01089955688314417	0.01437598725223941	0.1606584963795908	0.2258219677416837	0.03796044108649912	0.195655454972276	0.2225880963413739	0.06365794895937507	0.2784722368626453	0.1140589087408626	0.2030311672143856	0.3204386912909103	0.3336388966419269	0.1540028588447114	0.3243864114203298	0.4587364383386676	0.2355324286052965	0.0355034446974372	0.325344880254126	0.3215715571103768	0.01653336591188427	0.01046339234710361	0.01025541636116018	0.01037978525148381	-1.333117012342424	-1.056178847822482	-1.717270748574562e-13	-2.024129310924647e-13
0.885929999999987	-0.1868545104908503	-0.06101102463414509	0.06247973725195192	1.027607527733902	0.9554331787454297	-0.3589912853470423	0.1238469752160874	0.1370930822446874	0.2085041336485713	0.4119714188777798	0.04845954731288418	0.2182436073057479	0.2137908210065873	0.02266889561924694	0.1089662957949572	0.7643329234928171	0.7643329234928169	0.1573438233186302	0.1573438233186367	-0.283474784532648	-0.2804700223951612	-0.01135560423174761	-0.7042713608539265	-0.07602982900830108	-0.1931244399658326	-0.04465524822746334	0.1894840298835285	2.111697216439549	2.084203350465317	0.09328290510560532	0.01328199740895746	1.971605799485159	1.836452180750427	-0.5124420235616289	-0.4342773041770734	0.6055580872545461	-0.05100885512954095	-0.008386390768625265	1.678129604640062	-0.5679655977647659	-0.05732976389786502	4.153625509599713	-0.6316949468300483	-0.63509997649804	0.3216410178806242	0.08538454549418337	-2.244458831263445	-0.2425003095622466	0.1950364534770186	-0.578469507946209	9.451310728262161	9.451310728262159	4.199953577806203	4.199953577806204	-1.649034113687746	0.6292855909840768	-0.7537721309712869	1.590940282419975	-0.04197465054367623	0.03671251169706527	1.320399134483364	-1.50756521854902	-4.056789093429447	-0.7276156549447547	-0.02142918515161362	-0.01584511901217081	-0.04338235721881087	0.03940115517462744	0.1892910918702717	-0.1346082459342648	0.133969044508587	0.2821721392859404	0.02015286363251799	0.1535588236646613	0.01392765320744799	0.07570163401345328	0.1481774602113669	0.1486694278045936	0.0798469303202774	0.0288728344012418	0.02572719159685327	0.04313404103116969	0.02535956162901266	0.09618484842341189	0.01271137759512026	0.01193282722504954	0.01233135226161029	0.565543501105522	0.29465517604449	0.04766193744500153	0.3033747664482584	0.2336477035912176	0.1420949819356898	0.1226621965320097	0.5890211547439085	0.088360373104753	0.1443004543238252	0.1233452037773431	0.5564272185439161	0.1480228100175738	0.2500962721886105	0.3332368538617229	0.1291776103468312	0.01136389806712532	0.3572321398902151	0.3033129077039078	0.01415469184557759	0.02754741709972078	0.02114201536689506	0.02923990605773401	0.02770929327383883	0.1243445075563677	0.01402500727498591	0.01849241533451721	0.01339341014184846	0.02330782090223297	0.256852312722294	0.2440405775796781	0.1356530823278449	0.03561598854173757	0.07776084833704142	0.126670800834796	0.1158098129522421	0.2283912275246311	0.167364618479761	0.1139247298197988	0.01984319653993688	0.114744584438445	0.2008361425567029	0.2480880277944372	0.05380251527136204	0.1792379956055092	0.1999477542795274	0.05846901402591419	0.2319386340617515	0.1098564135316437	0.1945669241204312	0.2815707849890223	0.2727264345942759	0.1360999611102073	0.2680541571560191	0.5062330238588689	0.2274605477272243	0.03416342982723166	0.2673698375130625	0.3505102889653358	0.01659823622009547	0.01075250575619189	0.01033139272987907	0.0105671880564178	-0.7777449492883058	-0.03494385422278973	-1.354741764755917	-0.5320023485432247	-0.2130101268013944	-0.03473659509833502	-0.2619867670426873	0.01068365802298444	0.2713983696994832	-0.04218306722515981	0.04092638510529469	-0.09893761208910279	0.003415987255026638	0.01057496416434792	0.01037359625014422	0.03038121734570279	0.3413285347279493	0.01174076528133727	0.0106195132604768	0.3277268428990567	0.01720583883043961	0.03250533590774471	0.02968467173242517	0.02102145666378126	0.01693711733022227	0.01459462137203224	0.01197496380701521	0.01496430301935041	0.01374524130700821	0.01461946239984378	0.9986626346619278	0.6865435285430231	0.08451509783339871	0.3558827939444811	0.1543882742113157	0.02546426797763744	0.01153527395990673	0.01223871257985596	0.04486644055013531	0.0654901500332032	0.01092917800928304	0.0107154802895547	0.01024009606432879	0.01209941137461175	0.8284549171240495	0.2785473739364447	0.01266667091602791	0.02094040432943326	0.04275024518592276	0.01700055444738751	0.04685200275357829	0.0333497667047884	0.0505568488839595	0.04563633867421726	0.2684142448643305	0.01132821010342884	0.01075957228818503	0.01336953545686012	0.03515030812201417	0.01057164404887595	0.1191090022417435	0.2625909549125651	0.05738893569804582	0.01366651096793342	0.2657759029593966	0.2352326137934742	0.0779862615556737	0.01129922316978609	0.01057382960705132	0.01051358708664138	0.01524756981871702	0.09582825112122079	0.03834005892456225	0.024066450859877	0.1893154952653787	0.1971219853232658	0.08341824220841054	0.5247789400996017	0.07139109589634786	0.1570492163971401	0.2002795093430493	0.6537019901706617	0.2978511997695878	0.3562343427644398	0.01046446524034968	0.01126557276678042	0.06049834033224276	0.5653742020755012	0.1727926861652844	0.02056001712982126	0.0107549586481522	0.01044930335214932	0.01062564512831453	-2.179359701917311	-1.827571654937592	-9.720360804702542e-14	1.429381031667359e-13
0.8930824999999869	-0.1832574520735518	-0.06053495937390367	0.06338037495825419	1.039497895162791	0.9510522522387039	-0.3595004291321803	0.1545123376410505	0.1306129572407487	0.2024901371631121	0.4169912779802321	0.05039477183372842	0.2016064433701129	0.2126395337228486	0.02284959058966569	0.1038099591965698	0.8316892434700393	0.8316892434700425	0.1929655232955858	0.1929655232955816	-0.2951250291065373	-0.2760690792835238	-0.01666677154076217	-0.6925080227599715	-0.07656249433654368	-0.1928310226730269	-0.03521597844274228	0.1782375343424168	2.081781986326992	2.078459635898684	0.09306293077716556	0.01364188002781424	1.971663495647189	1.836331076380607	-0.5112056969993813	-0.4360152626926478	0.4202053595785897	0.1956598337638893	0.2620821980761673	1.645965685038041	-0.6534931154504097	-0.08477359644782435	4.387030318737025	-1.193566802963507	-1.023925632436453	1.061338733919468	0.4666063655507535	-2.363667350172407	-0.1072182939148676	-0.1576734216802192	-0.8585518147852975	9.387197714599179	9.387197714599246	5.711024639276566	5.711024639276606	-1.586682468419649	0.6055451321725341	-0.7288672040018848	1.714789741845144	-0.1076618839735461	0.04292451309313412	1.352474857739555	-1.387336103559825	-4.317906986457874	-0.8850044475001337	-0.0391475132318025	0.07011196278510964	0.03211321707140535	-0.08476058491327974	0.1610398710444125	-0.262529391015219	0.0783313185014448	0.1761077831089951	0.02281901149003742	0.1967923775297614	0.01279197432985945	0.04428681947324558	0.1919176231055146	0.1041190631544663	0.06540299487106467	0.02990218747110238	0.024536479426798	0.03022643640056486	0.022279082743583	0.07443461732498348	0.01424398337463691	0.01281860235566422	0.01303213188679002	0.6497736033406051	0.4053370847713979	0.08016643861179908	0.3050921605468725	0.2045017829829147	0.09423854216848611	0.07217567832654889	0.4061104368945574	0.07128909400439569	0.1179354959636056	0.07220994406183881	0.3770367016915972	0.08682948990945895	0.1560101896090911	0.4561326596468326	0.1901806615175985	0.0117083338292119	0.2431681063963559	0.249778279700367	0.01504516581036994	0.03237255294066175	0.02419781985944073	0.03455297240843876	0.0326354883428522	0.1585508793639874	0.01268501807402697	0.01451367619730727	0.01340826967123779	0.02672550978048035	0.1586762722247766	0.1840313550462324	0.2073861377107409	0.0404268601703023	0.0568284736871765	0.1587502725964888	0.1427186977720322	0.1599003221415711	0.09971692333246657	0.06632140786853935	0.01501951459606201	0.1126116844743798	0.1589308563974672	0.1762841780513494	0.04591118405876571	0.1703295925424327	0.1870904951699993	0.06157633447901927	0.3055366122192396	0.1148152668001382	0.1808342585362254	0.2674771301971448	0.3606110648139507	0.2004884753930144	0.2808038543173315	0.3392000865665937	0.1390180844317093	0.04059778418649049	0.3384114409665783	0.3584391601805609	0.01720415180654296	0.01135100358998649	0.01041027649408977	0.01121788074975655	-1.380376759493256	-0.2398325459939423	-0.9604084740351457	-0.3045296645563885	-0.2171818513501126	-0.06034563986150607	-0.2130557624912698	0.006027268870276181	0.352365721767567	-0.009713654731517451	0.03145881250912925	-0.07213687254502564	0.0009816482149458345	0.010690827003143	0.01052018311791159	0.02101410670812954	0.1760984516299149	0.01177910208087659	0.01076184191580696	0.1798509671082468	0.07157710265747962	0.06341204921736249	0.03190083140604832	0.02540223940064118	0.0178964958913582	0.02334629457404782	0.07990438498186367	0.01619368565478973	0.01351245062342633	0.01286726220965551	0.6714665783815799	0.5138365134837011	0.1410048008295955	0.2651019568733712	0.165102694432959	0.04157221008845255	0.01260047027487801	0.03861190806079421	0.05798311198607554	0.09949082845497859	0.01164648364821271	0.01314661518792443	0.01029004796064447	0.01818810381274669	0.5351068889029482	0.2641669166502887	0.01147653005297984	0.0669243265535136	0.257230114330486	0.01489637577356751	0.02859648041443429	0.02173257450239607	0.03038704317164732	0.03030887085786493	0.141516100077232	0.01158676261709997	0.01093859178745891	0.01346533497566157	0.02554557402560373	0.01091612876772273	0.07104188776314924	0.343533146739543	0.03470812022958407	0.05055037973113134	0.1395185456285933	0.1226826784786509	0.04403141578627477	0.01224876495216707	0.01095498877395097	0.01061719390925834	0.1878334872176831	0.10220270785979	0.09143546044206292	0.04912778407685273	0.1304096430549741	0.1434596885238553	0.04887411080115846	0.324920190517354	0.1626283396180125	0.1646112173641458	0.2820399776150548	0.3683789530505348	0.2774390414109985	0.2523465470605612	0.01090584556375779	0.0118581130361502	0.03525738877257106	0.3537482048160749	0.5435538194642455	0.01541089281558128	0.0128362797409265	0.01050749693888703	0.01278542100172419	-2.396135733504116	-2.401047826725616	-1.949643570111315e-14	4.96469836991988e-13
0.9002349999999866	-0.1805581603845201	-0.05804713950373148	0.06625539079394453	1.051142780261656	0.946135698864208	-0.3602001850734216	0.186116075850125	0.1198292398132865	0.1941805020826068	0.4268579584061096	0.0552896832712091	0.1850607565784113	0.2118594878243295	0.02022507561032092	0.0967534684563348	0.8986763701664137	0.8986763701664141	0.238329774271117	0.238329774271114	-0.3058582246548778	-0.2717472182312263	-0.02174653603572756	-0.6795061779755426	-0.07757982157183764	-0.1925448663376325	-0.0248297120676393	0.1732126056737944	2.049790450025716	2.071449689544893	0.09273624757220748	0.0136217057613433	1.971673189357434	1.835075231420115	-0.5100721700308425	-0.4367620069498125	0.3545223016555319	0.5115230176245761	0.5436941767119632	1.6094872194533	-0.7177389264591429	-0.110629213350002	4.416016501311929	-1.835076260643169	-1.277012201606893	1.676921360003864	0.912979628802751	-2.218879762727388	-0.1386928617554057	-0.5893633926647056	-1.109795377739302	9.348075976538862	9.348075976538862	6.924190138056925	6.924190138056925	-1.39260656372657	0.6071724670861535	-0.6890666953755678	1.937254631381556	-0.1774970293067278	0.03468218456350599	1.585200697679955	0.2321249240533211	-4.637371040641908	-1.081682565020275	-0.05126738900154829	-0.1221175790841772	-0.05680492325466261	-0.2778978565474227	0.1605460114902908	0.1425575725657318	0.0458306578734447	0.1046505832039262	0.01909441275343033	0.1489817760834458	0.01228554570156749	0.02760211369186153	0.151701323279738	0.1029341525965962	0.07278939210411746	0.03154775230539322	0.02627083743218391	0.02430807549626333	0.02541478034934933	0.09469883814859063	0.01561005466932	0.01310185391671075	0.01241296899259889	0.6007351709974462	0.4086934420694133	0.1222702578906806	0.2717069513018238	0.1909555596127344	0.07387070304262751	0.04364235875965224	0.2810649707494685	0.06852709893139153	0.1181490183711327	0.04309127827713551	0.2456832861121973	0.05037451883867852	0.09685345737527992	0.4269308893582984	0.216113146165736	0.01122545997303201	0.1828280131699117	0.2962550014947943	0.0143296539471031	0.02508732164176924	0.01947286363304924	0.02653410789858728	0.02694790785376136	0.1197389235491327	0.01220188973787436	0.01273939874714986	0.0134666069266774	0.02327143874455912	0.09378204058770109	0.1249664453014526	0.2775307369271979	0.03099219878490186	0.06385955110312876	0.1191909097148956	0.105504916743894	0.1011564461357436	0.05892624394454227	0.03944369341109178	0.01279919072808486	0.1863045713653075	0.1361594475387925	0.1526714091403644	0.05449781372911836	0.1395257303517883	0.1566088243725348	0.04576461212791638	0.2705222819721129	0.1578776206169603	0.1758807259448525	0.2897396235822813	0.3054892490475708	0.2259374942606602	0.2482209345820232	0.216991682725715	0.08205591833656549	0.03059086174460177	0.3007131384402654	0.4912437323297722	0.0147318746685392	0.01274686646939287	0.0104779778600457	0.01268014928441048	-1.983008569698207	-0.444721237765095	-0.566075183314374	-0.07705698056955237	-0.2213535758988308	-0.08595468462467716	-0.1641247579398523	0.001370879717567918	0.4333330738356506	0.02275575776212488	0.02199123991296379	-0.04533613300094837	-0.0014526908251351	0.01080668984193822	0.01066676998567915	0.01164699607055661	0.01086836853188068	0.01181743888041606	0.01090417057113722	0.0319750913174368	0.1259483664845196	0.0943187625269804	0.03411699107967158	0.02978302213750102	0.01885587445249389	0.0320979677760633	0.147833806156712	0.01742306829022863	0.01327965993984367	0.01111506201946733	0.344270522101232	0.341129498424379	0.1974945038257921	0.1743211198022614	0.1758171146546023	0.05768015219926759	0.01366566658984942	0.06498510354173263	0.0710997834220158	0.133491506876754	0.01236378928714219	0.01557775008629433	0.01033999985696015	0.02427679625088176	0.2417588606818466	0.2497864593641329	0.01028638918993308	0.1129082487775939	0.4717099834750492	0.01279219709974737	0.01034095807529047	0.0101153823000033	0.01021723745933494	0.01498140304151271	0.01461795529013367	0.0118453151307708	0.01111761128673236	0.01356113449446287	0.01594083992919332	0.01126061348656952	0.02297477328455497	0.4244753385665206	0.01202730476112238	0.08743424849432951	0.01326118829779013	0.01013274316382722	0.01007657001687469	0.01319830673454821	0.01133614794085051	0.0107208007318748	0.3604194046166487	0.1085771645983593	0.1445308619595636	0.07418911729382843	0.07150379084456954	0.08979739172444479	0.01432997939390636	0.1250614409351064	0.2538655833396768	0.1721732183311507	0.3638004458870605	0.0830559159304079	0.2570268830524087	0.1484587513566828	0.01134722588716592	0.01245065330552006	0.01001643721289537	0.1421222075566487	0.914314952763207	0.01026176850134224	0.0149176008337006	0.01056569052562214	0.01494519687513369	-1.769477554612593	-2.589500080778944	5.742322260431719e-14	2.796204342557875e-13
0.9073874999999864	-0.1783414010850301	-0.0534262095349604	0.07129426047047459	1.06250765994114	0.9408168601363772	-0.3610842251110924	0.2178959653493641	0.104502494493515	0.1841993133886453	0.441258999790323	0.06330120950896634	0.1702051662381449	0.2108302136863464	0.01459243425190414	0.08772006184521153	0.9655261042004442	0.9655261042004418	0.2921157403124391	0.2921157403124099	-0.3149682198427521	-0.2673204484331289	-0.02653017434802036	-0.6647747832603281	-0.0791124170619958	-0.1923148907035066	-0.01198330805288282	0.1806624690365574	2.015384132076096	2.062875131960277	0.09242248700657545	0.01232341062809992	1.970798116990539	1.832214607472901	-0.508893732567159	-0.4374673241518818	0.2690031789953559	0.7540343642879631	0.8561645800624135	1.569500140076432	-0.7652561754234546	-0.1352963450212885	4.47449459005534	-2.417348060611385	-1.501523129406647	2.305507532362435	1.296981945296158	-1.909280701902888	-0.1475353641976319	-0.952828431852476	-1.420575396904167	9.328069937030479	9.328069937030405	8.040317997265927	8.040317997266083	-1.158083996832737	0.6329548051379794	-0.6523831813094273	2.174544950813175	-0.2512991448795313	0.0346475216964386	2.011831521011583	1.814323683781002	-4.979638135600855	-1.32307406192846	-0.0373178337473194	-0.1908046506525724	-0.1691366540990295	-0.5310300578304873	0.1658032753850164	-0.2650247061071117	0.02915154205167432	0.1647601461038924	0.01502791504705927	0.08761499447443702	0.01190835094125763	0.04201930207898944	0.09636314855594592	0.1678654411309561	0.107463732618081	0.02980709537300349	0.03063414450230347	0.02810737129090999	0.04209382817504204	0.1199073203042091	0.01747522855550887	0.01287237832794546	0.01160031704544372	0.4904818580317014	0.3550858543742937	0.1998168788144492	0.2174516852122103	0.1785036147824587	0.08669547637003849	0.1142172274153273	0.2783356430166362	0.08365210367872834	0.1293523595814016	0.1472140939397236	0.2605318988105206	0.1140968541338818	0.1783226682653528	0.3415249246287707	0.2044852336124979	0.01069795605033047	0.189654088007796	0.4090789357728467	0.01321088437200656	0.01743698166832867	0.01459067602072595	0.01810301308511964	0.02058820690608147	0.07118208053867098	0.0157316625143816	0.02302505161933551	0.01420627850922581	0.01931680243564058	0.09217809138865184	0.07826873440941329	0.2930180469368595	0.03987900751005966	0.06547862645822616	0.07037939844115186	0.1005974340756655	0.1279233453113063	0.1106911002811374	0.1190641525271996	0.05055796712485349	0.2992016359155767	0.1725198043255651	0.1923714388314602	0.05835141862490935	0.1256599071430873	0.1459220809467111	0.03072732539037086	0.2021480218186257	0.1763038551453679	0.1766759346934041	0.2981417828767838	0.2136056370972308	0.2135781045552635	0.1943673713213197	0.176184426783377	0.06116032583713511	0.02163143820427065	0.2394767555474275	0.5542785205409113	0.01299034813069558	0.03382142583025348	0.01062692962021741	0.04514067693270863	-1.27682806127376	-0.3682412556608839	-1.314892614371181	-0.1763406538807574	-0.1777436548761754	-0.1007685104740289	-0.05349499235689265	-0.001265538634039803	0.3474529516316234	-0.04738957321226306	0.03163103531385432	0.0265755517743687	-0.003463983906369205	0.01405405879835568	0.4404821778535674	0.01098406297905077	0.01052313863193794	0.01135947966837988	0.0940880544515641	0.02135656098468093	0.3609315035604032	0.1931837972467337	0.02309574917687245	0.03903983041940288	0.04248725137456558	0.08056872532781911	0.1519334177998879	0.02066281921485265	0.01215063450107029	0.0106598537579673	0.1774837489212211	0.1772575680331856	0.3990641208212278	0.09404758089749982	0.1476900345731397	0.1379035207544917	0.3498805969849225	0.4477092135585216	0.1254534936620387	0.1519037638287505	0.4977054750153602	0.5071427020345443	0.3384621985318603	0.5098296911279018	0.1262572692693952	0.1314548816838909	0.01017150785556222	0.2728225209564271	0.7339245207767124	0.01169581478968972	0.01022338171774735	0.01007612106011297	0.01014597124714865	0.01426416533020687	0.01302638937469464	0.02487315599210975	0.0504619860567954	0.01597901900059214	0.01535476515519838	0.1552577926396525	0.02151997391204608	0.2211020186091106	0.07916621781072304	0.04979958010174215	0.0123014995119374	0.1639754439024043	0.2872021668632301	0.3039293967601425	0.3812381185194404	0.1524240876682328	0.5747591483762841	0.3182384500745865	0.3367625197067918	0.05224915699951275	0.1381390310835271	0.1667481567736351	0.016952168621529	0.06871989908035978	0.1540741911960786	0.182658300753345	0.2658394378059137	0.04713094831379037	0.1395674338342859	0.08051595495536097	0.2009180834216841	0.05892350502255084	0.01563039973552225	0.1351956352674392	0.4642649272472968	0.01236041496001208	0.0863782725939226	0.01092333992521505	0.1285291010067081	-1.263920782570442	-3.199967784479768	1.342915212984132e-13	2.557226174384762e-14
0.9145399999999861	-0.1766575751066134	-0.04764059944943825	0.0783723259214002	1.073610375225585	0.935249819249703	-0.362117404250769	0.2501829241259219	0.08572512716981749	0.1728790205821514	0.4592027234243717	0.07341040536483867	0.1581175220521152	0.2097715962191361	0.007064376276654081	0.07636880991684535	1.031877741773146	1.031877741773143	0.3522699479326254	0.352269947932624	-0.3224722639468721	-0.2626598583069498	-0.0311337646811666	-0.6485055982917268	-0.08117820315043722	-0.1919773746282185	0.004019467669782749	0.1986414998542508	1.978610682028282	2.052421301878972	0.0921902466115565	0.0116090732703805	1.969521884724084	1.827349628416531	-0.50774567748245	-0.4394838089077075	0.2055021489431582	0.8371937947624783	1.113899216755763	1.536180153381609	-0.7871418372974999	-0.152331863334143	4.557804485183119	-2.79994784510352	-1.651455854184983	2.667535061419027	1.499535271733462	-1.444899712626313	-0.1468979171147884	-1.11936454382417	-1.757917102239252	9.208796993993557	9.208796993993555	8.704893830168389	8.704893830168391	-0.9435464913729912	0.6725538940226482	-0.6387212275960245	2.367255401290458	-0.3265891225001869	0.0647529126060571	2.467793275913904	3.176317151913042	-5.299274458521779	-1.60716945678909	-0.02847251431070999	0.04117015961845971	-0.1689782611251404	-0.8383606623233673	0.1520504144334105	-0.2240743893371262	0.02248100252290062	0.3658087425244094	0.01275940579635893	0.05082728289981425	0.01148738157974514	0.08970202286883504	0.05835815883397979	0.2964659065952449	0.1689044454348036	0.02318427317789585	0.03749166497960042	0.0421012734637496	0.07405966546303035	0.134804136884191	0.02006439503242321	0.01215885221778962	0.01097920722692701	0.3546359193436922	0.2576583907711767	0.3198791392476374	0.148822784576832	0.1591617222538669	0.1302117501929133	0.2897420552043136	0.414708695439103	0.1166689808202292	0.1435864845486512	0.3918037792619462	0.4470067839155164	0.2833876132754921	0.4090189458830653	0.2388436572428379	0.1471154982891555	0.01039272288293892	0.2576922109044713	0.5652834203065543	0.0121018651937227	0.01371622329903823	0.01226785169632088	0.01401807473077749	0.01716123221572484	0.04258510448178334	0.02427155383230485	0.0480693618404818	0.01584321965770092	0.01712874552560315	0.1558742367983341	0.05071863438743694	0.2226453102157661	0.0774327252709735	0.04746351268308461	0.04195771946817848	0.1659884308905017	0.2576638049607905	0.2598913866178544	0.3114051473761115	0.1351070701356137	0.4389396863412229	0.2769845496172845	0.2906777434689605	0.04925196556011468	0.1472052131116011	0.1727988170970592	0.02456443054375365	0.1336270145618659	0.1431745747329789	0.1815517917205106	0.2659100576109972	0.1366290536436655	0.1566390767390115	0.1309296420910151	0.2278746493758624	0.07260427933065114	0.02025752227689517	0.1966999923392376	0.4446265175416516	0.01330680577012412	0.07916984091525842	0.01088845603865583	0.1148312030377047	-0.5706475528493128	-0.2917612735566728	-2.063710045427988	-0.2756243271919624	-0.13413373385352	-0.1155823363233807	0.05713477322606714	-0.003901956985647484	0.2615728294275961	-0.117534904186651	0.04127083071474486	0.09848723654968591	-0.005475276987603223	0.01730142775477372	0.870297585721456	0.01032112988754506	0.0101779087319953	0.01090152045634374	0.1772719383319913	0.01073803065192524	0.5959146406362867	0.2920488319664867	0.0120745072740729	0.04829663870130479	0.06611862829663752	0.1290394828795749	0.1560330294430639	0.02390257013947678	0.01102160906229758	0.01020464549646765	0.0106969757412101	0.01338563764199221	0.6006337378166636	0.01377404199273821	0.1195629544916771	0.2181268893097157	0.6860955273799957	0.8304333235753104	0.1798072039020616	0.1703160207807471	0.9830471607435785	0.998707653982794	0.6665843972067607	0.9953825860049218	0.01075567785694376	0.01312330400364892	0.0100566265211919	0.4327367931352603	0.9961390580783758	0.01059943247963215	0.0101058053602037	0.01003685982021989	0.01007470503496058	0.01354692761890109	0.01143482345925563	0.03790099685344901	0.08980636082685869	0.01839690350672149	0.01476869038120344	0.2992549717927355	0.02006517453953708	0.01772869865170013	0.1463051308603235	0.012164911709155	0.01134181072608571	0.3178181446409815	0.5643277637095864	0.5946604867857364	0.75114008909803	0.294127374604591	0.7890988921359195	0.5278997355508137	0.52899417745402	0.03030919670519716	0.2047742713224848	0.2436989218228254	0.01957435784915159	0.01237835722561305	0.05428279905248079	0.1931433831755403	0.1678784297247668	0.01120598069717283	0.02210798461616316	0.01257315855403898	0.3904889409562025	0.1053963567395817	0.0212443622581574	0.1282690629782298	0.0142149017313854	0.01445906141868216	0.1578389443541441	0.01128098932480819	0.2421130051382817	-1.266190001328063	-4.589644852093167	5.719825076023926e-15	-4.476549709781042e-13
0.9216924999999858	-0.1746382221835257	-0.04167521339525142	0.08610335618777636	1.084510018930757	0.929690922994149	-0.363168698306238	0.2825946960892617	0.06523211912942971	0.1618119935830084	0.4774096976829245	0.08393889180224905	0.1490608361532711	0.2078912426927942	-0.0007896286989353334	0.06362770356603895	1.096994887598265	1.096994887598255	0.4143553375132603	0.4143553375132902	-0.3283646803768017	-0.2577572668766215	-0.0357297849662651	-0.6306606003930765	-0.08372667393419941	-0.1912326323581024	0.02293234138066685	0.2241604553793305	1.939566265265488	2.039551558433326	0.09194953688428156	0.01208012805760233	1.968850191374699	1.820367939629517	-0.5066829414930589	-0.440112587032596	0.3484349949974058	0.8203827092018046	1.029666902322581	1.512234807335309	-0.7647565209065947	-0.1402055352659055	4.529893194665022	-2.903362687231977	-1.418243898671483	2.386144426001845	1.425556372657888	-1.088881093066562	-0.3620816608523682	-1.060200065950808	-1.785823539328456	8.980471758183153	8.980471758182505	8.550757900888383	8.550757900888334	-0.7146342665053396	0.7002815343642148	-0.6495882165462314	2.628555492254725	-0.3876117953951473	0.1523909032137468	2.802211209354267	3.82798374897319	-5.61600451026695	-2.012275778290562	-0.0365286809141491	0.09420475340006386	0.03389492806418259	-1.088929670222292	0.146680935162265	-0.03566277427652922	0.02739223384077806	0.5099391883442325	0.01151785883576752	0.03056092254901682	0.01122190305457369	0.145283999326332	0.03492481623509656	0.377533059427462	0.2063455903032283	0.02163331682565923	0.03963928287651158	0.05045470019725941	0.08789215666751003	0.136138867175578	0.02053044618716078	0.01155812361730428	0.01058957112571997	0.2277787137147153	0.1602580136124982	0.3680975579656858	0.08904921133211748	0.1312917169290136	0.1470408545866754	0.4047773421703314	0.5072882924889822	0.1362860518558222	0.1490590854807521	0.5547707420066791	0.6150271455099094	0.4383153319892747	0.5686555415726987	0.1464124236050951	0.08762722358418364	0.01022048069114544	0.2949652905762472	0.6708408417560694	0.01138399208261599	0.01183784462010218	0.01110093027237022	0.01196242219760592	0.01555697500074163	0.02706564119940634	0.03678355733235091	0.09704426472473233	0.0176025171596369	0.01587429615982986	0.2102148621034415	0.03558284230835991	0.1586899199631248	0.09502128076865493	0.03407056195731373	0.02989831468041316	0.1968747929526676	0.3204274289134448	0.3420622927316432	0.4155482658942755	0.1771258566918937	0.5650731581814387	0.3640759482421272	0.3513936944599783	0.0889855481277966	0.1738729782843998	0.1919743580494248	0.02280104898616678	0.07935052551820623	0.09862300950758779	0.1661010093841288	0.2118896214954213	0.08038903121942723	0.09611678233025737	0.07826128522860078	0.2982226798425214	0.1020977820229093	0.06310521319461557	0.1559990925413874	0.3172576965675652	0.07010293150809306	0.09789429882308631	0.06172570115871024	0.1445972610228081	-0.497760656348299	0.105777256363093	-1.912178562883496	-0.3440817967416358	-0.1091076167385106	-0.07537796706001652	0.1200713088190801	-0.000267204671805123	0.3079336863825158	-0.1173027520153663	0.05345939354825993	0.1134842582315566	-0.002805522145224505	0.0443797166931602	0.6964604288703297	0.01045936709149749	0.01023495161339646	0.01105085708305481	0.2447208202267683	0.01106906335919324	0.4449034182200169	0.2292994251067	0.02692087108846018	0.03621723956587546	0.05269568769028054	0.08069762320791286	0.1220194124630271	0.01849521333225881	0.01101182710289148	0.01026867133505564	0.01090751920545349	0.01308741667800466	0.3135576262168797	0.01420248917999253	0.07303008839519215	0.1241643417227888	0.5262569799900113	0.5519338065384706	0.1439940795925971	0.1439586114635082	0.7592251296265579	0.9102346944928773	0.7507542258329215	0.7703070625645537	0.01097777208409693	0.01330707518167465	0.01007389970018965	0.2843688128266001	0.8036634498692757	0.01085123645347016	0.01016262253901151	0.01005862969862564	0.01011945271438228	0.01453443390105949	0.01210012421973698	0.05806981826853881	0.2035245865520639	0.01990316717890965	0.01468518323449956	0.2736475245453085	0.02047153262535324	0.1040437293689987	0.08700196336048938	0.02759086788742533	0.0234715075888573	0.1679920138142483	0.2882183632716641	0.3664546625347032	0.4534541714590446	0.1756018599421664	0.8432235107429871	0.4978387601620735	0.3867550560232105	0.219516853142232	0.2142459615392624	0.1968565585326292	0.02244557674496288	0.01398979811774936	0.03295148637353134	0.1018900746930282	0.09139067245877762	0.01184636447395611	0.0161546248575986	0.015964573336394	0.4277231295405279	0.1619491674312548	0.1787801389478034	0.07320630583725796	0.128924436953652	0.2245357848560526	0.08460395014487226	0.1984436705485098	0.1266182931240068	-1.97044134623936	-6.178359805670093	-1.46197325114143e-13	-9.457889150875473e-13
0.9288449999999855	-0.1718265533514995	-0.03605493712180943	0.09284130322713482	1.095251895336876	0.9243456562278878	-0.3641026156978455	0.3153354737324701	0.04457869892549981	0.1529470946436274	0.492801507471781	0.09353247949920213	0.1425220871856014	0.2048324793031763	-0.007864437507206648	0.05109381971235952	1.160072296473385	1.160072296473379	0.4730890793949662	0.4730890793949838	-0.3328457171509598	-0.2526142858761086	-0.04047130957692099	-0.610819028737466	-0.08674575087900492	-0.1896701495529065	0.04384101833781254	0.2515215096704838	1.898308338911577	2.023338506565304	0.09170070064248663	0.01300899124957393	1.970761157988146	1.81212935642499	-0.5056249987065592	-0.4411943925196747	0.4270515118356989	0.7406933317804151	0.8362107925764616	1.492064865285305	-0.7274062229884996	-0.1195107060152819	4.649801879064174	-2.844802696844787	-1.035691279627073	1.880351707487144	1.238116539723223	-0.7408278689050525	-0.4764078404357975	-0.9014837560382101	-1.699973027544502	8.638440629088485	8.638440629088485	7.76769768924631	7.767697689246311	-0.5488929700107273	0.7397722289222167	-0.6794075122677716	2.925542365837271	-0.4581811982899586	0.2934115732365812	3.025864788325429	3.69140943187652	-5.918221565440335	-2.542033748260808	-0.03074487069518263	0.1691836946701147	0.5531915991567317	-1.189816633666311	0.1507101270117849	-0.3507510372756706	0.04367208849976498	0.5382145908133216	0.01101754383273013	0.02030050945012301	0.01117996617792022	0.2021728729041664	0.02301370199016541	0.37128026834539	0.2011639335209803	0.02869027608761575	0.03444908012997775	0.04770821105427309	0.07150515350737732	0.1215920320668719	0.01787392660307872	0.01127528026821839	0.01044459234484591	0.1389313763121574	0.09561383608047032	0.2911305882413671	0.05365017546457525	0.09370867174118946	0.1137398495482172	0.4149355512524261	0.4712640310236914	0.1307034709070127	0.1405026335208071	0.5793362185875408	0.6911055095861617	0.5557517854680423	0.5921912455050298	0.08611418731711583	0.05234321763140002	0.01015056455447617	0.2599167864577188	0.6793143202580262	0.01118800558843674	0.01099638643511113	0.0105729911529238	0.01103130397184689	0.01533509213193938	0.01968307496452735	0.05290743696789526	0.1716009517439009	0.01922164592452803	0.01524351468562491	0.2291915814086198	0.02815136680591713	0.1552957143643579	0.07543296389323632	0.03528625897488278	0.03020785497250696	0.149622597155859	0.2505751915559493	0.3041258490352596	0.3706686792076547	0.1478732191509725	0.6619619048135194	0.4043501641075387	0.3355642979789026	0.1925998414334575	0.1925231250342531	0.1831654554066939	0.02347765177051788	0.0484330271973023	0.06240323269331054	0.1165641933378037	0.1449422487902219	0.04768900576825048	0.05692922920714663	0.04928502161429324	0.3523616066368095	0.142599927441457	0.1560920625894618	0.1066343582793825	0.2701285235268501	0.1914160145432814	0.07212928517067621	0.1712444949682238	0.1075910918923499	-0.4248737598472851	0.5033157862828587	-1.760647080339004	-0.4125392662913093	-0.08408149962350128	-0.0351735977966523	0.183007844412093	0.003367547642037129	0.3542945433374355	-0.1170705998440816	0.06564795638177497	0.1284812799134273	-0.0001357673028458771	0.07145800563154632	0.5226232720192032	0.01059760429544988	0.01029199449479751	0.01120019370976563	0.312169702121545	0.01140009606646079	0.2938921958037469	0.1665500182469133	0.04176723490284716	0.02413784043044601	0.03927274708392328	0.03235576353625089	0.08800579548299045	0.01308785652504079	0.01100204514348515	0.01033269717364332	0.0111180626696971	0.01278919571401721	0.02648151461709587	0.01463093636724691	0.02649722229870719	0.0302017941358619	0.3664184326000268	0.2734342895016308	0.1081809552831324	0.1176012021462691	0.5354030985095373	0.8217617350029606	0.8349240544590822	0.5452315391241856	0.01119986631124984	0.01349084635970023	0.01009117287918949	0.13600083251794	0.6111878416601758	0.01110304042730847	0.01021943971781862	0.01008039957702773	0.01016420039380144	0.01552194018321807	0.01276542498021864	0.07823863968362856	0.317242812277269	0.02140943085109789	0.01460167608779577	0.2480400772978817	0.0208778907111694	0.1903587600862989	0.02769879586065633	0.04301682406569332	0.03560120445162267	0.01816588298751556	0.01210896283374258	0.13824883828367	0.1557682538200591	0.05707634527974167	0.8973481293500543	0.4677777847733329	0.2445159345924009	0.4087245095792667	0.2237176517560399	0.1500141952424329	0.02531679564077423	0.01560123900988576	0.0116201736945819	0.01063676621051637	0.01490291519278846	0.01248674825073954	0.01020126509903402	0.01935598811874912	0.4649573181248534	0.2185019781229278	0.3363159156374506	0.01814354869628605	0.2436339721759184	0.4346125082934229	0.01136895593560184	0.3856063517722137	0.01112358110973434	-3.020516850733729	-7.282889928643147	-2.243061854079532e-13	-3.896704017953489e-13
0.9359974999999853	-0.1689509762952311	-0.0310893319618004	0.09846404958063476	1.105858537602588	0.9192777159516139	-0.3649146915452581	0.3495324515114439	0.02452506930097756	0.1467330505473053	0.5043815725395823	0.101923088595613	0.1388590102884812	0.2016105852874045	-0.01381245155145974	0.03899821167131825	1.220212574712148	1.220212574712143	0.5248923663112443	0.5248923663113146	-0.3364318245962953	-0.2471520967864307	-0.04546801248658756	-0.5888411483095148	-0.09030805783949052	-0.1869749912254146	0.06605917086025648	0.2780129530560222	1.855029496920959	2.003046926220984	0.09151450226483737	0.01465425523192291	1.977287663318207	1.803828968544454	-0.5045698034810212	-0.4431381280521228	0.3853179529291008	0.657816895307801	0.7161519326756179	1.474612311539696	-0.6871960744072163	-0.1060672163206473	4.899048687107328	-2.74830578618346	-0.6707185333233584	1.328000881664056	1.106735781266472	-0.325403203023728	-0.4345964031696706	-0.7676364606059329	-1.651233937176046	8.166104796249309	8.166104796249545	6.685605507804637	6.685605507806233	-0.4589145059742624	0.7814881239841606	-0.716961197132265	3.230324346855578	-0.5334973561472988	0.4647866619820802	3.161120964501867	3.723799264426375	-6.17223645915339	-3.14220290178071	-0.02318310637426301	0.2732252329316607	1.288376984495769	-1.085498650441065	0.143581493140751	-0.2007126891134619	0.08766212811875702	0.5278170970556919	0.01147949280736653	0.01528686632444305	0.01434825906383429	0.2627977108832768	0.0531233877501792	0.3238815985358514	0.1756301140357688	0.03438319573262714	0.02923370629431226	0.04014273086271023	0.05152969598992017	0.09909662997771504	0.01775049386604316	0.02588305661774615	0.01233262432271326	0.08154509030224193	0.05636193136493744	0.1872621873602989	0.03407298006045462	0.06039101780931873	0.07359309967123273	0.3915595389253961	0.3815105787568225	0.1115405324382513	0.1229912353029338	0.5442953187350317	0.6879497849211336	0.6230783511060286	0.5492076283286422	0.05058236966337552	0.03407738047940039	0.01021243320220738	0.1988492427287518	0.6220112042678789	0.01173648484771544	0.01109097830528167	0.0105269267826819	0.01089259919414766	0.01570672865331518	0.01640153253961438	0.05698746832010485	0.1993124435149217	0.02007981392441776	0.01585604771869406	0.2119075462810375	0.02504958700860727	0.1516014283350258	0.07208384391644174	0.03520284378363268	0.02958606436985772	0.0995071020665666	0.1565864063869389	0.2370756453110597	0.2809879620664205	0.1026436125233226	0.6940934565467151	0.401595190110168	0.2951776091767998	0.2467310249143166	0.1934153367027927	0.1640891414163859	0.02419484180200313	0.03257269088472671	0.03771396428986241	0.0679925271790988	0.1029627762975721	0.03180942960782752	0.04994420380941118	0.03552172872824975	0.3503830155215206	0.1521104999404939	0.2259861047135747	0.08616294299410224	0.2373804376902992	0.2637843298928067	0.06457604579209249	0.2620686667878927	0.1071500822095085	-1.074070962671133	0.7239653618234658	-1.059838337321307	-0.3863961833432763	-0.1719907409466117	-0.01663077597767168	0.2641627820029355	0.003821044252514264	0.4088099151899797	-0.006067340722931623	0.0933005560583738	0.1507229386743479	0.003774559276935023	0.1898642880616194	0.4913608173867428	0.01297855497084045	0.01095744240418605	0.02224501778957232	0.3938952305499268	0.1436511680748955	0.1888636969335256	0.1149883512159311	0.03826678232469224	0.02420467361241999	0.026834603314051	0.02831849077209352	0.05784446959880617	0.02143033726431748	0.06327258540443516	0.01712301590618051	0.01091830307578034	0.011995549750348	0.01919623272869537	0.01387947082361639	0.02010184465548128	0.02329020392124213	0.3299248122822147	0.1456624194205431	0.07002814750752261	0.0860082553269292	0.4109248885073942	0.5524886615176411	0.7025256080963257	0.3782339575968069	0.0119573001700516	0.01731542073264414	0.01041538738922744	0.07662129467306068	0.3904669947184156	0.01317193988316413	0.01197443634506196	0.01082375178388309	0.01127167009244014	0.0164849840111538	0.01387249232666922	0.04659468619751407	0.1655093567198927	0.0204272677143308	0.01793279734971688	0.1303527436010044	0.02311226692800692	0.1081747063273462	0.1020740930953177	0.02844322835516523	0.02341366883050517	0.05007223722894602	0.01925748234153936	0.1159837476449818	0.09212285094010447	0.03535240218012749	0.6440106454841917	0.3318154082815343	0.2075612847143437	0.2501283581647486	0.1691101144607147	0.1265781049575642	0.02449302662877462	0.01755888413853934	0.01256723674032755	0.01128720377069379	0.07781389100772275	0.01875075795894214	0.06931297615699322	0.02353908195679566	0.2384882912861031	0.1162908321793541	0.3130058837461452	0.09766413004693721	0.1330842854179927	0.3125710970348738	0.09319595666392579	0.4036252285466204	0.1850785073856126	-4.037310719621511	-9.048578814500292	-2.901136640523713e-13	3.421568543971373e-13
0.9431499999999851	-0.166195943066781	-0.02650159827595784	0.1028014199948449	1.116357972405083	0.9145511916206361	-0.3655984960166769	0.3852247614347321	0.005469286302552358	0.1437984500354759	0.5113737836000516	0.1093450109160373	0.137267066470887	0.1984712381141333	-0.0189301855982221	0.02791633477490045	1.276716334938146	1.276716334938148	0.5682680207526956	0.5682680207527192	-0.3394827453215441	-0.2415222252729003	-0.05071568225119939	-0.5644610873424347	-0.09431416443797122	-0.1829559839084162	0.08869307483942358	0.3048992450063961	1.810175862284054	1.978242610153772	0.09134242010442011	0.0166650819866407	1.989429008020261	1.797254464613417	-0.5035820047230575	-0.4441793340136518	0.3933447441556037	0.635031961861087	0.4767907466467416	1.46208724537154	-0.6319386402359637	-0.08364314194844842	5.067930405960707	-2.565782319046368	-0.1186850344001015	0.5974844561473918	0.9672499123402007	-0.1616924394638521	-0.4533258851752222	-0.6693187794587111	-1.41651098081295	7.621588336111121	7.621588336111122	5.411141946521527	5.411141946521527	-0.3992427162289162	0.7866600090977088	-0.7495834940769917	3.597246116729758	-0.5822775668310205	0.663589550029789	3.142118254029187	3.801817978434805	-6.3585690373139	-3.803896236311938	-0.02679765860653326	0.2714032745082658	2.123227075422035	-0.7072206324085947	0.1318645576096681	-0.09838345365636314	0.1624809353758198	0.5105090833959031	0.01297351892894052	0.0132748004065518	0.02168615941391282	0.3281686455275912	0.1299597043096924	0.2526508805340869	0.1379515807391552	0.0352723499830736	0.026736488761718	0.02995333887933509	0.03902282883834247	0.07216664214300371	0.02211673372923892	0.05925362072084821	0.0168389808598841	0.04764861388623097	0.03429694011717369	0.1139442545171199	0.02370409129325736	0.0389508670449202	0.04753940419612344	0.3631858174797566	0.2720216235857922	0.08288648044458753	0.09854650829618618	0.4792250444766923	0.6007723883636039	0.625351283337256	0.4644115455772541	0.03166330595180061	0.02678045267008905	0.01041597525391792	0.1341849540114309	0.5108399759717781	0.01310214557270725	0.01208001730032609	0.01090686319526083	0.01142583837999394	0.01639414852176264	0.01544742176084618	0.04300528739712589	0.1497233819708185	0.01996014150401101	0.01791804730408953	0.151643293271898	0.02473803702548319	0.1126112562658323	0.1054143335409787	0.02757399073546777	0.02288672599919392	0.08483218465013967	0.09796060624149437	0.1839701342631155	0.1944423689554673	0.06576481768965106	0.6362235497915911	0.3514810090027051	0.2547348683691621	0.2127303503705381	0.1709334989734565	0.1426652675349643	0.02409917948579396	0.02560606876157484	0.02537603864887526	0.04059124357237832	0.107266380664291	0.02707627152088746	0.07539143531555012	0.03075820352786099	0.2641054437910437	0.1113183360898911	0.2540446448291319	0.1116899723249115	0.1712160197397026	0.2555515013502289	0.09955379839457459	0.3177698377878501	0.1828230849738392	-1.723268165494981	0.9446149373640728	-0.3590295943036095	-0.3602531003952433	-0.2598999822697221	0.001912045841308964	0.3453177195937777	0.00427454086299159	0.463325287042524	0.1049359183982183	0.1209531557349726	0.1729645974352683	0.007684885856716032	0.3082705704916925	0.4600983627542826	0.01535950564623167	0.01162289031357513	0.03328984186937942	0.4756207589783086	0.2759022400833308	0.08383519806330431	0.06342668418494872	0.03476632974653731	0.02427150679439408	0.01439645954417889	0.02428121800793601	0.02768314371462164	0.02977281800359435	0.1155431256653858	0.02391333463871877	0.01071854348186337	0.01120190378667871	0.01191095084029501	0.01312800527998581	0.01370646701225535	0.01637861370662232	0.2934311919644028	0.01789054933945516	0.03187533973191287	0.05441530850758944	0.2864466785052511	0.2832155880323217	0.5701271617335693	0.2112363760694283	0.01271473402885369	0.02113999510558814	0.01073960189926719	0.0172417568281813	0.1697461477766554	0.01524083933902001	0.01372943297230564	0.01156710399073746	0.01237913979107894	0.01744802783908945	0.01497955967311971	0.01495073271139951	0.0137759011625164	0.01944510457756365	0.02126391861163794	0.01266540990412691	0.02534664314484449	0.02599065256839201	0.176449390329978	0.01386963264463935	0.01122613320939351	0.08197859147037523	0.02640600184933391	0.09371865700629366	0.02847744806014986	0.01362845908051319	0.3906731616183294	0.1958530317897358	0.1706066348362866	0.09153220675023058	0.1145025771653895	0.1031420146726957	0.02366925761677501	0.01951652926719287	0.01351429978607303	0.0119376413308705	0.1407248668226571	0.02501476766714478	0.1284246872149513	0.02772217579484219	0.01201926444735265	0.01407968623578042	0.2896958518548354	0.1771847113975883	0.02253459866006731	0.1905296857763248	0.1750229573922489	0.4216441053210257	0.3590334336614901	-4.643553260538159	-12.01557283134982	-2.441504585617201e-14	1.939604380464422e-12
0.9503024999999847	-0.163410872286865	-0.02193810422448206	0.1051236775868579	1.126788329550325	0.9102550902924381	-0.3660932578938523	0.4219482479677846	-0.01189181835257514	0.1453038395722744	0.5130042787264469	0.1157017694480091	0.1361203101413601	0.1952435969657121	-0.02345426239416404	0.01895572109844115	1.3290592432818	1.329059243281805	0.6022611749846899	0.6022611749846319	-0.3422630005005101	-0.2359747499129393	-0.05613278048228157	-0.5375418231511983	-0.0985923577821341	-0.177544906883806	0.1105907477386156	0.3323820399048177	1.764400392576557	1.948875060078288	0.09117432540052635	0.01838622829885791	2.007364163661256	1.794096333796722	-0.5026103975044965	-0.4451408845901457	0.3801279905791552	0.6358553574857411	0.1680533854423799	1.455674803076368	-0.5678112807416231	-0.05424401019428532	5.191948012165515	-2.271323442437234	0.5324734423935018	-0.1266344194552025	0.8024463221216375	-0.1703307892425	-0.4400486996478	-0.5901465437150185	-1.087615570887981	6.987373170422573	6.987373170423293	4.110887156672089	4.110887156671713	-0.3885300500816157	0.7554653266754894	-0.7584449563253148	3.902026153721065	-0.6085945463837052	0.8368191411413636	2.96785832367179	3.873329349400481	-6.404226962622799	-4.363979231053307	-0.02204476544408481	0.2048963593014285	2.833188740490901	-0.1643275003009994	0.1373116583612513	-0.1705102075464381	0.2028125570088302	0.4813847415379485	0.01375371612504847	0.01233097637360695	0.02508917153731378	0.369041000240598	0.1966929948305792	0.2050506388057987	0.110746146622197	0.03238361117863978	0.02488292620693903	0.0239105428365229	0.03420590399949711	0.05765192669595825	0.02384803541640652	0.07342712373366268	0.01881947282761307	0.02916125770201965	0.0225393043982022	0.06686325093973655	0.01834628218932504	0.02635349147649447	0.03238510696005479	0.3446810575391737	0.175465767692644	0.06405547322964991	0.08117432133782372	0.4302529965141482	0.5158884266672835	0.6126352126919786	0.3998163623718555	0.02196839095501749	0.02508435798400084	0.01051342058032857	0.08362773595760856	0.4231778895091776	0.01379839125518232	0.01288795677125455	0.03464868722334093	0.01336105820221539	0.01621729732332708	0.01474372875912848	0.02874273800680849	0.08952093968629245	0.01881101998295028	0.01855440485064786	0.09056922246182088	0.02642893295508285	0.08032508200587474	0.1204136667917703	0.02138781478608549	0.01743547073460656	0.08362030005007505	0.08685982280403634	0.1738285826519499	0.1574912554255642	0.04032123927009716	0.586067878532714	0.3193953438007734	0.2472313775870529	0.1774008126172718	0.1615075752183057	0.1416483027390158	0.02301397639612114	0.02283176503765701	0.02980416473765652	0.0502921224819136	0.1400364738003939	0.02465080645424965	0.1307867312466108	0.03314937068993639	0.1644702310221843	0.06688822266618118	0.257299023053761	0.1548657560957438	0.1069359624622635	0.2118902478991139	0.1386491985290703	0.3710836807340589	0.2614577076564773	-1.942360825001466	1.164414468269533	-0.30783387522928	-0.3150062488332785	-0.3183411916745301	-0.002949007436274963	0.5723474942038218	-0.008379507267407545	0.2698978183748658	0.1016480075369739	0.08908746270070629	0.4145087729690491	0.001468793330262932	0.2139045478498025	0.3876788161484293	0.01370819672015844	0.01135437282633598	0.02404345925799134	0.4109182803484156	0.2948709436878763	0.1705212678475748	0.08705318020864698	0.02519499384337453	0.02216307889696301	0.021244989648334	0.03376360214736565	0.05372957053730353	0.02184235577576895	0.06487605930471707	0.01788801682046311	0.01076435968786823	0.01126471211016322	0.01189464432686675	0.01351431145533133	0.0143604243071499	0.01792362442425795	0.3265793560767796	0.03279387498357974	0.05247670801522654	0.06656504672002314	0.3729443058496931	0.3803630356644104	0.5982886130980829	0.3263037636502777	0.0126998966820005	0.02542082199814317	0.01048494570232319	0.02536755870138826	0.3118320304346656	0.01375043359908027	0.01352462300497763	0.09533746402175251	0.01739275541180652	0.01488943709919283	0.01336753663816444	0.01444189942604877	0.01385384024891763	0.01632449053342396	0.01736010214787097	0.01416183782501583	0.03028038905495735	0.0552459631752108	0.1048606221885626	0.01691117286006834	0.01329248983742101	0.08247096480708767	0.1129450598803534	0.2146488778790451	0.1676399603713644	0.01379590866337541	0.5530438457023359	0.3189108268312746	0.2905609011536593	0.1542327812047696	0.1773183772750844	0.1718524712726389	0.02058928384049267	0.02079225080868432	0.051167007074593	0.1003592586277504	0.2159257674333115	0.02011568216600573	0.2560250861684508	0.04196934272941132	0.01320140715707191	0.01613858910725522	0.2383346347518263	0.2382968909569423	0.02234772490312675	0.1032229778294904	0.1967316737804417	0.5050661365058928	0.3959160408360616	-6.530522506876735	-14.88624888318984	3.158724441291653e-13	3.73181646725352e-12
0.9574549999999846	-0.1608339678109923	-0.01747962048971342	0.1051408886150948	1.137198557985165	0.9064506339472405	-0.3663678847852061	0.459369192387853	-0.02677237483900042	0.1513131676580708	0.5097758074992382	0.1207124760603524	0.1346679175621522	0.1923071826234509	-0.02729257617026869	0.01237891841710872	1.376280269117402	1.376280269117404	0.6273142709224812	0.6273142709224223	-0.3451887363941702	-0.2308450922864159	-0.06146919141010947	-0.509042570149608	-0.102942761626872	-0.171166247865626	0.1309608115067866	0.3601690242810173	1.719093477634637	1.916444628994834	0.0910007576742721	0.0195250054191762	2.029118678635636	1.795068786949982	-0.5016536245549857	-0.4466188040501371	0.3351367597886629	0.6056687135704306	-0.167752158282852	1.456458804853495	-0.494463636216502	-0.02208844475955535	5.262955330677086	-1.872165214899553	1.140717565808906	-0.7611919097778554	0.5908634965021397	-0.2471552146307023	-0.3718923147702801	-0.477564002852627	-0.7499437679147799	6.189394695270325	6.189394695270325	2.91130041023692	2.911300410236918	-0.439922398771782	0.6698287659134627	-0.7270215078472275	4.039046553039776	-0.6024692482221216	0.9341472553272192	2.714964355106772	3.886876203613158	-6.227550577872441	-4.660346710403746	-0.02832803885408636	0.1085597395485844	3.191205917333474	0.447783623433602	0.1277165620696031	-0.2427718167454586	0.1854509477870813	0.4372002076719799	0.01322715555799267	0.01174913009656349	0.02179927653266114	0.3711218339667382	0.2393249878570816	0.2100601328875337	0.1060243329497847	0.02598458725401172	0.02288835302139975	0.02459403834084831	0.03673149176677913	0.06290337634471389	0.02046368688681967	0.05530852331809799	0.01652506848522521	0.01986537533570023	0.01682438553937009	0.04009859603645293	0.01600291211025669	0.02048087401456043	0.02557709668633157	0.3446512157005382	0.117744664494355	0.0641189225372284	0.07757515420078533	0.4265676309588899	0.4885560746875334	0.6128879811586567	0.3957050935703225	0.01725443471475265	0.02652137417617272	0.01042073891893047	0.05812136478584237	0.4110348148298042	0.01331975896467019	0.01315054921524307	0.08705958785024084	0.01693595777721744	0.01476579906058681	0.01355180191443597	0.02137525800768976	0.05365278475162158	0.01660838914703512	0.01676989974078972	0.05477437152039639	0.02981087156258722	0.07623994310928359	0.09503516167728199	0.0200274911475774	0.01594655012541207	0.08322095299297502	0.1207051440271997	0.2175934938638328	0.1933160819156883	0.02711106012139148	0.6031410727250273	0.3432387741484393	0.2886461895281554	0.1820097081515847	0.1826112038798525	0.1707308572104669	0.0208711674624627	0.02218378437450479	0.05114712371663612	0.0978100301762392	0.1896318032895919	0.02090686211133494	0.213146954189521	0.0416206402837301	0.09869044741828524	0.04280091526394678	0.2390864050618985	0.2033934823395779	0.06767079602921096	0.1474165871650406	0.1682877802613369	0.4330998076267506	0.3187137151530912	-2.161453484507951	1.384213999174992	-0.2566381561549502	-0.2697593972713137	-0.376782401079338	-0.007810060713858891	0.7993772688138657	-0.02103355539780682	0.0764703497072076	0.09836009667572952	0.05722176966644003	0.6560529485028301	-0.004747299196190297	0.1195385252079126	0.3152592695425762	0.01205688779408506	0.01108585533909651	0.01479707664660316	0.3462158017185227	0.3138396472924219	0.2572073376318453	0.1106796762323453	0.01562365794021176	0.02005465099953185	0.02809351975248876	0.04324598628679552	0.07977599735998588	0.01391189354794343	0.01420899294404795	0.0118626990022072	0.01081017589387295	0.01132752043364764	0.0118783378134384	0.01390061763067683	0.01501438160204444	0.01946863514189356	0.3597275201891565	0.04769720062770435	0.07307807629854024	0.07871478493245689	0.4594419331941353	0.4775104832964991	0.6264500644625968	0.4413711512311271	0.01268505933514744	0.02970164889069825	0.01023028950537892	0.03349336057459523	0.4539179130926758	0.01226002785914048	0.0133198130376488	0.1791078240527664	0.02240637103253321	0.01233084635929616	0.01175551360320907	0.01393306614069802	0.01393177933531884	0.01320387648928428	0.01345628568410395	0.01565826574590462	0.03521413496507016	0.08450127378203029	0.03327185404714761	0.01995271307549616	0.01535884646544552	0.08296333814380068	0.1994841179113739	0.3355790987517966	0.3068024726825791	0.01396335824623763	0.7154145297863421	0.4419686218728135	0.4105151674710322	0.2169333556593086	0.2401341773847792	0.2405629278725822	0.01750931006421026	0.02206797235017574	0.0888197143631133	0.1887808759246313	0.2911266680439661	0.01521659666486657	0.3836254851219512	0.0562165096639804	0.01438354986679095	0.01819749197872991	0.1869734176488198	0.2994090705162963	0.02216085114618581	0.01591626988265578	0.2184403901686345	0.5884881676907604	0.4327986480106328	-10.46144239783311	-17.25567221098457	4.287278423635303e-13	2.492670126806894e-12
0.9646074999999843	-0.158579898320781	-0.0133085759573757	0.1025762382267254	1.147638569754201	0.9032146165023635	-0.366400781938398	0.4970303413107701	-0.03856628225718089	0.1613908865929141	0.5023057776581429	0.1240779818005209	0.1324776032242157	0.1899125624721607	-0.03020912719747695	0.008313227131127757	1.417256685278507	1.417256685278513	0.6442763551883767	0.6442763551882055	-0.3486545349753512	-0.2265425035349622	-0.06642264083334069	-0.4801949911780231	-0.1070883179989161	-0.164416833377138	0.1495485391350782	0.3878371876193239	1.675874035593162	1.882951739280491	0.09080798802708284	0.01995485576017746	2.051904131174164	1.800326519454777	-0.5007269451690268	-0.4481248759267477	0.2940822058421237	0.5668391901565877	-0.5346527563270208	1.463435194679463	-0.409354735460627	0.01165452239475725	5.260609470178804	-1.442571325255101	1.644996771516595	-1.311008470929602	0.3655886686237785	-0.3595755436257434	-0.2968946346774038	-0.3489858871058905	-0.4067994969508097	5.270707590185235	5.270707590186198	1.85650471341592	1.856504713414359	-0.5353272020144921	0.5265440626919622	-0.6485038798887139	3.988517427512441	-0.5512904609147927	0.9287500819503728	2.484679763219641	3.821292397419288	-5.812897445701907	-4.633237997600344	-0.02498673944666885	0.01855804699640567	3.085086556164381	0.9852504301187773	0.1307625209929086	-0.1862302959590801	0.1535943808542433	0.3874771425866502	0.01271690741157022	0.01143968662123453	0.01874920059013994	0.3640117274010494	0.253064800454026	0.2179088201394595	0.1051493017904237	0.02102278427326554	0.02180619085325294	0.02582610156422779	0.03845446787974263	0.06693932748903551	0.01754572071000964	0.05266484784359184	0.01562045534042105	0.01515787695604135	0.01394622138707735	0.02577338632715111	0.01486342474250809	0.01754926278680081	0.02192102194713095	0.3416479815581281	0.08271214357256142	0.06473153391683749	0.07591562016911232	0.4254897843013573	0.4754541590321987	0.6205701141793671	0.4046285051638232	0.0146655455844212	0.02591885144221633	0.01037675600476856	0.04538980439485862	0.4084741746056242	0.01297689937534546	0.01343506428112149	0.1094657980656981	0.01982646177119798	0.01348787363849057	0.01260521888060986	0.01754043634436313	0.03405441484710949	0.01484084928606969	0.01501650258377223	0.03521164392820507	0.03167472804914374	0.07662974131123566	0.06579290615306922	0.01972060062662213	0.01534155309264411	0.07811649026012982	0.145692305100108	0.2561622071285076	0.2295000112262324	0.02033276766039104	0.6539077157556247	0.3807594265859485	0.3289291900486049	0.2074711833366402	0.2119490575454747	0.2002737189463347	0.0187711621511571	0.0226968317456587	0.06118381410743378	0.1246459538724828	0.2240452106197034	0.01785007007276796	0.2799769823948197	0.04439887676117148	0.05901843374185988	0.03017995746597487	0.2311634779893109	0.2480568276507384	0.04536445575772846	0.08980823224394568	0.1935879560663231	0.4975368635392618	0.3620379926389603	-2.251058620934131	1.381994133952472	-0.3394207182270415	-0.1280232495501794	-0.4267576328318101	-0.04226787279558081	1.055956944559239	-0.03921136231470612	-0.1726221609773267	0.1037302437371242	0.01521623559011383	0.9417070027621963	-0.01803260825246784	0.1005449943684023	0.2709764500809498	0.01242005072916943	0.01122347381347336	0.01683457922371098	0.3551537577942205	0.2394325131744261	0.2051428083749159	0.09844798514154755	0.01694792627762491	0.02140883373430951	0.02606360405743046	0.03753612008042172	0.06396733533011757	0.01561658212512223	0.07938349179987987	0.0172330508443283	0.01081848589836879	0.01130152719052223	0.01169464211425151	0.01375575375037229	0.0146802436191598	0.01764448359839048	0.3154084232395446	0.03526179500803599	0.05882830492663715	0.07011630679329503	0.3910497420828114	0.4234378615941816	0.6469142265159542	0.4036134460925544	0.01196623763452679	0.02168588632539793	0.01042663681142713	0.03108941409700598	0.3583113517031467	0.0130053151692046	0.01400475208543936	0.09628715775941595	0.02256368564742012	0.01232051552499564	0.01174066657898088	0.01401705890576159	0.01437767037630803	0.01323920005043635	0.01337267922866242	0.01500561156531025	0.03199312545332129	0.07069778976548702	0.0321859560167548	0.01900145937570271	0.01431104780821193	0.06335922714356539	0.1576024906058233	0.2972137494270258	0.2611774710263718	0.01390975060970626	0.8078948042460509	0.4546430872938604	0.3855645288500463	0.2681690834490406	0.2669686414217377	0.2433107778209687	0.01624587867237721	0.02410597625789778	0.05670296058990792	0.1281985343781391	0.2593993638541072	0.01484441101777527	0.3833447366306196	0.03948796023657828	0.01401238286225151	0.01730784062007236	0.246286279928747	0.3300224471908414	0.02153497989738695	0.01888988070779319	0.2385294653463784	0.6574630092949887	0.4436566813296304	-12.27242429228662	-19.11290606295387	4.757476350910308e-13	3.760252942657724e-13
0.9717599999999841	-0.1566424225140821	-0.009282438441002776	0.09770338018585586	1.158142035032227	0.9006097624341863	-0.3662188354890099	0.5345172096433388	-0.04765003418094522	0.1743836143306876	0.4912591242411935	0.1261622472267862	0.1296061632653803	0.1880715881676858	-0.03244241135231419	0.006275204353253313	1.451708839744041	1.451708839744043	0.6542266860785718	0.6542266860785017	-0.352934343233513	-0.2234091211622213	-0.07060913239055504	-0.4525428414935903	-0.1107512788212822	-0.1582293894875222	0.1665341541191299	0.414425310511067	1.636579138862549	1.851192989048545	0.09065173305165063	0.0198894968539293	2.071891395500833	1.808631416469715	-0.4997922409528147	-0.4493954161496311	0.2466100394444984	0.5651494501123268	-0.813178974774156	1.474201834281129	-0.317976148280046	0.03798666256797484	5.214222554627204	-1.114344734110628	1.955819642825338	-1.761296369985164	0.2325998645446065	-0.4376132701180013	-0.2170804736481617	-0.2865072052658773	-0.1829620110167358	4.365064266587142	4.365064266587142	0.9506563346016056	0.9506563346016044	-0.6675378274977176	0.3428923440433576	-0.5125628245849249	3.704777615702514	-0.4675246694934885	0.7770076261423993	2.266977596843142	3.58487258349648	-5.130159368963295	-4.17544227631852	-0.01811771469966278	-0.0299119129547333	2.408769507166398	1.299839410960603	0.1299604852442247	-0.1769118646371494	0.1261833630788168	0.338129885431936	0.01267588167500623	0.011371037944107	0.01838993106830868	0.3626084450323805	0.2317993162165494	0.2012343646690856	0.09898608212638427	0.01935450196799209	0.02201063285960559	0.02534208650418321	0.03634685852042539	0.06117139864192873	0.01707853613132772	0.08306904927986676	0.01806263985635429	0.01294152343298315	0.01258569786310811	0.01858014536815475	0.01425464946610752	0.01598912833582456	0.0192125217086605	0.3235189318154541	0.05692119959918444	0.05798518359970772	0.07088129485409886	0.4010520489454429	0.4484246149567244	0.6322924678620272	0.397191392535692	0.01306830436923698	0.02140342687019565	0.01046254100628816	0.03767586692636909	0.3731627637524287	0.01321851989364127	0.01393433062372737	0.08160739794909475	0.02125399401673266	0.01288815684066892	0.01215841013972875	0.01577231443382482	0.02429618601838245	0.01403437754539774	0.01415266396237469	0.0248842796163263	0.0308860641778526	0.07012343231498007	0.0492914548197833	0.01907096584105892	0.01449860379766201	0.0659012806321627	0.1404571985032152	0.2634824622937311	0.2317231119209689	0.01705286503374639	0.7171031889213664	0.4086586362967041	0.344189084300487	0.2425890353144014	0.2394033232926074	0.2179689525891252	0.01710914458623859	0.02401364105015591	0.04999290661240443	0.1106913633353802	0.2307889868354889	0.01620959063719936	0.3177214780691011	0.03717421279114544	0.0368440786795688	0.02344492607563895	0.2497110086889529	0.2854558151271543	0.03339381503916081	0.05704436636676669	0.2160648655701373	0.5616130339623741	0.3925683444333885	-2.340663757360311	1.379774268729951	-0.4222032802991326	0.01371289817095485	-0.4767328645842821	-0.07672568487730275	1.312536620304612	-0.05738916923160541	-0.4217146716618612	0.109100390798519	-0.02678929848621235	1.227361057021563	-0.03131791730874524	0.08155146352889189	0.2266936306193233	0.01278321366425382	0.01136109228785016	0.01887208180081883	0.3640917138699184	0.1650253790564305	0.1530782791179865	0.08621629405074992	0.01827219461503811	0.02276301646908718	0.02403368836237215	0.03182625387404771	0.04815867330024886	0.01732127070230107	0.1445579906557118	0.02260340268644979	0.01082679590286439	0.01127553394739668	0.01151094641506454	0.01361088987006772	0.01434610563627513	0.01582033205488736	0.2710893262899325	0.02282638938836758	0.04457853355473407	0.06151782865413311	0.3226575509714875	0.3693652398918642	0.6673783885693116	0.3658557409539818	0.01124741593390615	0.01367012376009765	0.01062298411747359	0.02868546761941672	0.2627047903136177	0.01375060247926869	0.01468969113323014	0.01346649146606637	0.02272100026230747	0.01231018469069506	0.01172581955475261	0.01410105167082515	0.01482356141729722	0.01327452361158839	0.01328907277322086	0.01435295738471582	0.02877211594157243	0.05689430574894369	0.03110005798636194	0.01805020567590948	0.01326324915097887	0.04375511614332965	0.1157208633002719	0.2588484001022551	0.2155524693701645	0.01385614297317487	0.9003750787057592	0.4673175527149072	0.3606138902290603	0.3194048112387727	0.2938031054586962	0.2460586277693552	0.01498244728054414	0.02614398016561981	0.02458620681670242	0.06761619283164658	0.2276720596642482	0.01447222537068392	0.383063988139288	0.02275941080917617	0.01364121585771194	0.01641818926141477	0.305599142208673	0.3606358238653863	0.02090910864858828	0.02186349153293057	0.2586185405241222	0.7264378508992164	0.4545147146486277	-10.44194756293447	-20.39774001063793	1.646404460053297e-13	-2.224247240452121e-12
0.9789124999999839	-0.1550548452103715	-0.005139258079090444	0.0912283605426471	1.168736950456003	0.8986731147531395	-0.3658799799320188	0.571532558441421	-0.05479561781611984	0.1889255484171027	0.4772355585551793	0.1276180208500232	0.1262786876760348	0.1868049261231184	-0.03447280253963631	0.005350076774343369	1.479899641448486	1.479899641448488	0.6580484841555957	0.6580484841554949	-0.3583079891952099	-0.2217171198401723	-0.07364592688719938	-0.4277010937941952	-0.1137164549598513	-0.1536114221829389	0.1819166591364482	0.4388990177596382	1.603080677344048	1.824199710254078	0.09050129005669263	0.01959705815963805	2.08536398441828	1.818320490326536	-0.4989219639389151	-0.4507160188228552	0.1978322212780439	0.5895982881694288	-0.981601000587855	1.489535988435388	-0.223181208533907	0.05549512804871813	5.12304472477674	-0.8899489267891989	2.085465876215437	-2.157453775665461	0.1779787472594261	-0.482815281111788	-0.1358832820438604	-0.2804786656754414	-0.09593623973173411	3.517207677136522	3.517207677135604	0.1234944036056868	0.1234944036038065	-0.8426697008851199	0.123347334453416	-0.3328026617133512	3.212628302397825	-0.3549134552903235	0.4985865581379618	2.040755702623782	3.248523113561788	-4.202360236771198	-3.317059790397363	-0.02278945314973728	-0.04715293203358738	1.311371219760833	1.361560753421676	0.1165593796532203	-0.1929455996585022	0.1024661174061125	0.2950964459889187	0.01274625940020363	0.01137347450443315	0.01853585679990012	0.3626911439677132	0.2032949862996034	0.1793581067404387	0.09094791748758384	0.02110459479880921	0.02304683035042354	0.02406179206195598	0.0328764675862531	0.05307133457665042	0.01697953408705428	0.1199395248308963	0.03845253184354645	0.01183021302521217	0.01188131976454173	0.01488180840183229	0.01385179426354432	0.01506167570954763	0.01727712264742906	0.3023870280308671	0.03987175742485882	0.05011105785280031	0.0648930862455173	0.3596352930466864	0.421665716370581	0.6471914081885597	0.3879818165304166	0.01209514671970625	0.01735921570340163	0.01059438150288447	0.03289622608031531	0.3297886123270464	0.01386055508591306	0.01458711263818078	0.04937436612057359	0.0215654556323767	0.01265131510736891	0.01197901706907198	0.01519526979089498	0.0202658666055948	0.01374651901253476	0.01377920675296896	0.01952639040422741	0.02922865175911753	0.06364218861444496	0.04048308962496989	0.01907711017684652	0.01447305943432348	0.05272173881127103	0.125126363525438	0.2499409566696068	0.2120945511691077	0.01577110810063391	0.7791277812919175	0.4207710941883127	0.3401309953142647	0.2732058640870473	0.2563713104726772	0.2224573007533232	0.01606107630680224	0.02488715865946595	0.03894608814334492	0.08562285535489939	0.2185224813870958	0.01539100536442568	0.349590818366324	0.03049506369954019	0.02499411254715542	0.0197750907271341	0.2759435422110427	0.3105918857205628	0.02682477816171488	0.04049654653906939	0.2363217855924054	0.622365096244607	0.4141775076153683	-2.319417930361438	1.379877694220257	-0.3997143702714602	0.1718608492635521	-0.5355072205523502	-0.1251178757324558	1.47692096532098	-0.06781027787179951	-0.5742029439691788	0.1641861433354609	-0.02510840100528948	1.417460164736785	-0.04275693036094491	0.06623411612342989	0.2140430796105454	0.01283222283391277	0.01138783143380407	0.01850144788892936	0.3617326029303544	0.155817828224153	0.1431969365664074	0.07757754151314973	0.02646497730807195	0.02506841515519704	0.02186247475881452	0.02751669421192721	0.04151529263160657	0.01652656057632405	0.1797385138528758	0.08788951353137585	0.01082453399562311	0.01121957096632126	0.01145581884140636	0.01338073502894967	0.0141030131092654	0.01521302518703373	0.2611115748839439	0.02194648184441549	0.0396567040757582	0.05575168350594548	0.2465360204371662	0.3692798341695175	0.6909204806167539	0.3749085140992298	0.01118771322596484	0.01355153097352256	0.01078756622783734	0.02780748813438124	0.2408066628382973	0.01502191436628577	0.01559164064238618	0.01505352296392442	0.02113003074585544	0.01254282218702796	0.01189322693961622	0.01514089615770747	0.01786412498020499	0.01366070579457623	0.013565521764111	0.01461870425651168	0.02668086764037532	0.0563917366980245	0.03192792190838497	0.01994637941242783	0.01544081199002535	0.03455187023959996	0.09668128405194061	0.2012279307188055	0.153043698534933	0.01521122963829892	0.935400070802739	0.4228565254536633	0.3081863120244691	0.324273786650874	0.2735278097764459	0.2143961577132554	0.01519644114461151	0.02534531602345414	0.03036451226668677	0.04614825837494396	0.1753355228436166	0.01478313337783095	0.4257638778634276	0.02497234190438554	0.01339240186838831	0.01627641066926549	0.3292250528946177	0.3460146711352837	0.020134380829726	0.02477981434496868	0.2746957214360988	0.774749576426176	0.4554210526288796	-8.255051147841236	-21.03474337667032	-2.757903754018025e-13	-4.999163112067166e-12
0.9860649999999835	-0.15380499526389	-0.0009022899802643823	0.08388732889776469	1.179466455205644	0.897422489980653	-0.3654431428954661	0.6076155776708161	-0.06046983985713086	0.2038590566941708	0.4604332898908602	0.1287584657551952	0.1228426626011229	0.1861452794711315	-0.03644382679929608	0.004613707282577503	1.502015188902674	1.502015188902674	0.6560718075240584	0.6560718075240818	-0.3650976681514039	-0.2217430842301637	-0.07531564976128376	-0.4069996927669501	-0.1157325886199637	-0.1513216031855616	0.1958192692247585	0.4607523301027301	1.576956528789514	1.804535321860417	0.09034232486808773	0.01928231633079404	2.089976818228414	1.827423576971614	-0.4980795004151212	-0.4521639032866016	0.1521738682061606	0.5913746124840829	-1.055335424030451	1.511836039346306	-0.1261487005312261	0.06538448977844812	4.953522220845106	-0.7029189126023421	2.065312600715015	-2.538284270256269	0.1444268570661947	-0.4679661496961341	-0.04734530620275558	-0.2699068759649346	-0.1301810009798933	2.666286426598655	2.666286426598655	-0.670727715283462	-0.6707277152834623	-1.063492527112477	-0.1374895397847285	-0.1302988266652635	2.547043488571986	-0.2021510299389076	0.1260049537324369	1.853165662831707	2.852151183871441	-3.068135471314659	-2.126119549773597	-0.02050071187461802	-0.03614837141331624	-0.06861745048866442	1.135984196212258	0.1221832073398512	-0.2125027183308318	0.08191884352877279	0.2621663259527356	0.01280514223231248	0.01138900785182567	0.01840675493309503	0.361899698692569	0.1819551326083134	0.162051134461626	0.08252827822507958	0.02624263752711417	0.02475006446962386	0.02230847747954098	0.02894779534091023	0.04559902561914585	0.01650912511940901	0.1542780757056808	0.08034067431747235	0.01131431483142121	0.01152535613955669	0.01311408556785719	0.01354132572076973	0.01449928820974913	0.0160441873086386	0.285102773661022	0.03070715203230565	0.04363177676625746	0.05895766338095429	0.3042483791244707	0.4037591144689398	0.6647562654789476	0.3851540538692529	0.01161228698421834	0.01538411575386439	0.01074385995337087	0.03010693066684419	0.2930041683080802	0.01483912543986393	0.01537250151477981	0.03283194873700033	0.02086905071507661	0.01266683439985609	0.0119862827525803	0.01548283483081703	0.01995912920941849	0.01382024422923369	0.01375428232413432	0.01711254842337941	0.02733973123647417	0.0600526557395714	0.03650079684587668	0.02008681192984117	0.0156268983773524	0.04127356441834273	0.107778001248421	0.2186312054521822	0.174141715539946	0.01589622730955942	0.8322730871820379	0.4132133176695537	0.3183114109474703	0.2932199893550074	0.2585906718611569	0.2122950275386052	0.0156858505805627	0.02487968713217535	0.0363611889436767	0.0613487773693592	0.1896001172675354	0.01517568557294166	0.3846235884498913	0.02838279180720273	0.01904225778882992	0.01795799678646057	0.3005985955601848	0.3205042404241937	0.02323015728851403	0.03353793303456754	0.2545417132348409	0.6780950236152775	0.4283665439035853	-2.298172103362565	1.379981119710563	-0.3772254602437875	0.3300088003561493	-0.5942815765204182	-0.1735100665876087	1.641305310337349	-0.0782313865119936	-0.7266912162764967	0.2192718958724028	-0.02342750352436661	1.607559272452008	-0.05419594341314472	0.05091676871796789	0.2013925286017676	0.01288123200357174	0.01141457057975803	0.0181308139770399	0.3593734919907904	0.1466102773918754	0.1333155940148283	0.06893878897554932	0.03465776000110559	0.02737381384130716	0.01969126115525748	0.02320713454980645	0.03487191196296373	0.01573185045034695	0.2149190370500395	0.1531756243763016	0.01082227208838197	0.01116360798524593	0.01140069126774818	0.01315058018783167	0.0138599205822557	0.0146057183191801	0.2511338234779553	0.02106657430046344	0.03473487459678231	0.0499855383577578	0.1704144899028448	0.369194428447171	0.7144625726641963	0.3839612872444779	0.01112801051802337	0.01343293818694741	0.01095214833819997	0.02692950864934577	0.2189085353629769	0.01629322625330281	0.01649359015154231	0.01664055446178296	0.01953906122940362	0.01277545968336086	0.01206063432447985	0.01618074064458972	0.0209046885431126	0.01404688797756404	0.0138419707550012	0.01488445112830758	0.0245896193391783	0.05588916764710532	0.03275578583040803	0.02184255314894602	0.0176183748290714	0.0253486243358711	0.07764170480361075	0.143607461335356	0.09053492769970159	0.01656631630342291	0.9704250628997183	0.3783954981924192	0.2557587338198776	0.3291427620629751	0.2532525140941956	0.1827336876571556	0.01541043500867894	0.02454665188128854	0.03614281771667118	0.02468032391824137	0.1229989860229851	0.01509404138497811	0.4684637675875669	0.02718527299959506	0.0131435878790647	0.01613463207711624	0.3528509635805634	0.3313935184051812	0.01935965301086351	0.02769613715700684	0.2907729023480758	0.8230613019531363	0.4563273906091327	-7.181047626592753	-20.98099025423056	-4.440905163056662e-13	-4.903278416884233e-12
0.9932174999999833	-0.1528910334412043	0.003191896195391612	0.07630181645249542	1.190383791690527	0.8968703696631714	-0.364958717686489	0.642182538388393	-0.06482508883220656	0.2181909621658671	0.4409260140050504	0.1296484143314918	0.1198062803567395	0.1861905078225024	-0.03822164392850162	0.003283855175526164	1.517928991805285	1.517928991805285	0.648438603897786	0.648438603897932	-0.373633016134417	-0.2237402787100249	-0.07552558519598643	-0.3914958027148727	-0.116551751439137	-0.1518848128888316	0.2085099585431281	0.4797010414261405	1.559465353983305	1.794217092819807	0.09021035034374554	0.01907323159049189	2.084324873472631	1.834061826195693	-0.4972118503162923	-0.4536223480467716	0.1040827954216056	0.5438041462663328	-1.061326150658807	1.542177697018442	-0.02820338495929497	0.06970817206814701	4.699010073218803	-0.5077117743799534	1.93062635035024	-2.919119682531675	0.09779965526137277	-0.3690997067585364	0.06271823572037206	-0.2166737215145664	-0.2457289515599033	1.780755706772356	1.780755706771223	-1.465583419420482	-1.465583419420393	-1.327023287346307	-0.4210934332749182	0.06522012307770629	1.788296049975933	-0.0259104321694269	-0.2761799498467369	1.698481941686566	2.442648229753111	-1.822199930858971	-0.758284260146724	-0.01730268094606347	-0.02205345676296232	-1.472392807787548	0.6933485499915166	0.1189000712213922	-0.1969485012636452	0.06775582903998895	0.2351047978839317	0.01286587168777829	0.01140286412266449	0.0190680159680166	0.3595366821596824	0.1726438421825443	0.1505745147153952	0.0746599124501543	0.02923136751827096	0.02557184866040073	0.02008781651075854	0.02557826344815006	0.03952874216661414	0.0158259278496564	0.1773543019651062	0.123997297345736	0.01103202254006215	0.01129851518223461	0.01218323838261366	0.01324544362725417	0.01405087598201579	0.01513485501625975	0.2710747672427676	0.0255517098411671	0.03866663011033176	0.05352273236409345	0.239326225292496	0.3917648828909318	0.6820152896834369	0.3897883207400984	0.01136124530609123	0.01439511701447219	0.0108356903599267	0.02836205942093495	0.2642996886938755	0.01557536477468639	0.01630964149966367	0.02555048474291073	0.02068963226049815	0.01272669253981724	0.01199754672313281	0.01607592923227503	0.02041774188723831	0.01401316272276582	0.01376078750062463	0.01589518618283099	0.02565543578320108	0.05735116795833392	0.03422464805675601	0.02168364743114352	0.01653044576816351	0.03192520200390763	0.08575327775465218	0.1746670908628969	0.1297400168679934	0.01601295528646206	0.8763534334345428	0.4023654073443272	0.2797691780881973	0.3224748613530586	0.2608495682087157	0.1955879748433036	0.01547565218786055	0.03956706257121002	0.03388207041518962	0.04220049091189571	0.1498865388627698	0.01513547352993495	0.4022904656652448	0.02713906977528972	0.01625156880941117	0.01721104942896904	0.3266490186541689	0.3264774793082319	0.02681555855762475	0.04996192896278866	0.2666169087347346	0.7342538263627635	0.4379231071459044	-2.150664140368291	1.405766559093703	-0.2082404626267542	0.4099710858939026	-0.5879989344162365	-0.1908798161619654	1.630467619621534	-0.073953212767919	-0.6879405747594508	0.236215998680924	0.003324067526520852	1.611503641572925	-0.05671212859159598	0.05294580327466707	0.1839375865996485	0.01295390989979722	0.01141598854264425	0.02097538320584255	0.3515606223600521	0.1706196469839617	0.1365923432696781	0.06323662494790677	0.02989507532858283	0.02548490244900017	0.01661275944569241	0.02165755690963923	0.03221789532838133	0.0147554742397968	0.2033373461993688	0.1948308192085735	0.01074120138023265	0.0110364217480599	0.01129123267577388	0.01283220883686851	0.0134615322080492	0.0140507348076999	0.2449841036290437	0.02023585161599252	0.03283360541403296	0.0460019921531629	0.09863681075232363	0.3689917117985035	0.7253588025248513	0.4113054522171424	0.01114110148929445	0.01354301290661292	0.01088979014672225	0.02648469649585745	0.2146171730811784	0.0162085612558049	0.01773043306781073	0.02011901549062681	0.02134588400175222	0.01278531093049148	0.01196352001292576	0.01698449123730068	0.02079188396283839	0.0143067251205949	0.01370379069746244	0.01468893401493062	0.02360717064894326	0.05332243380954596	0.03135132069773079	0.0242840162186813	0.01713857867641787	0.02049574628787169	0.04474957919713279	0.08160326414465256	0.05271326792291418	0.01574602429577936	0.9842347722940932	0.384578498831136	0.1772695331978264	0.4108263211956078	0.2743290097087608	0.1606560904511962	0.01517744393951349	0.07851138040652751	0.02750731994236692	0.02033858338416993	0.07032971069989018	0.01510289668610215	0.4054755671453363	0.02491327992722004	0.01412213783248635	0.01684734113790194	0.3879851019082859	0.3417878865629643	0.03929586092501409	0.09910709877336085	0.281787867849366	0.8921570924907464	0.4566157747290554	-6.804025189927784	-20.37224193651746	-4.923330040463302e-13	-3.540864059878698e-12
1.000369999999983	-0.1523061865922808	0.006738815773297591	0.06876826426777204	1.20154562772066	0.8970195152396806	-0.3644511678022249	0.6746465483644947	-0.06762973286662315	0.23131095144414	0.4186362228310976	0.1300627457770098	0.1177339931970172	0.1870814601843745	-0.0393926113156502	0.001040571187640022	1.527448625395496	1.527448625395495	0.6350795204317601	0.6350795204318428	-0.3841356730706737	-0.227768577303333	-0.07447388501666706	-0.3814166458814282	-0.1160890052909123	-0.1551677718744532	0.2201596151097369	0.4956416733473612	1.550898410075319	1.793699585180552	0.09008193058022078	0.01897060344098397	2.069477866391503	1.836957536017368	-0.4964005389918008	-0.4550046722528006	0.06014591331218681	0.4383465529898655	-1.040806165571753	1.580203615788349	0.06994102842143804	0.07185066951615403	4.365489856922887	-0.2693348676776495	1.726433553270672	-3.316338178149567	0.01143360132845038	-0.1983834626126221	0.1891381640518846	-0.1002180281328264	-0.3855971158584993	0.8783327565812542	0.878332756581254	-2.271812605858116	-2.271812605858115	-1.613596393800681	-0.705431969269957	0.2224828899436218	1.030165972001982	0.1562995726191802	-0.634498166114241	1.562069472196	2.011024472307269	-0.5727196311963689	0.6143827644814004	-0.01950672073378255	-0.006380712329217864	-2.639763853940951	0.08948593619008359	0.1064296178712035	-0.1912176979488528	0.06126535071332793	0.2111926732173464	0.01293301192662098	0.01141001351264431	0.02088688873003396	0.3552120545700917	0.1773401909297968	0.1453969036750671	0.06775118922112432	0.02815389220129114	0.0249667197653658	0.01740137192011553	0.02314741703038287	0.03515601268025553	0.01498498623505022	0.185263643539281	0.1643116185716493	0.01085813561169798	0.01112531317915917	0.01169315208724478	0.01293731193005615	0.01362893409472704	0.01441386899083468	0.259917709429677	0.02262910720901391	0.03523879580540024	0.04876978354103422	0.1671666434576552	0.3838340656964044	0.6972181703679392	0.4023626373500729	0.01125248305889299	0.01399382952810142	0.01084431049038686	0.02729248154502366	0.2443973022090856	0.01587167490537237	0.01740511552002968	0.02384251281406452	0.02156200034728056	0.01275963737993892	0.01195042348473589	0.01678090292119589	0.02057310382434953	0.01424189497544481	0.01368960728556055	0.01522177385879802	0.02433517862003282	0.05470462860747646	0.03239134646697724	0.02372193832059131	0.01669400470850258	0.02477880125894268	0.05764088585122328	0.1202933074334412	0.08568168953994597	0.0156286437644618	0.9110610442809123	0.3973992889199434	0.2241346152737853	0.370074403852363	0.2703634473700311	0.1763168290934607	0.01525313757434787	0.07339318502617308	0.02818229324420019	0.03009735241030569	0.1021776588739968	0.01512145054935655	0.3915022108659489	0.02535211569271653	0.01546255735209455	0.01724152350332425	0.3554971124573511	0.3340426591924232	0.03883988502918651	0.09260745437787185	0.2704543709271227	0.7938342521543958	0.4442654902184785	-2.003156177374017	1.431551998476842	-0.03925546500972057	0.4899333714316561	-0.5817162923120545	-0.2082495657363221	1.619629928905718	-0.06967503902384424	-0.649189933242405	0.2531601014894451	0.03007563857740829	1.615448010693843	-0.05922831377004711	0.0549748378313662	0.1664826445975295	0.01302658779602268	0.01141740650553046	0.02381995243464517	0.3437477527293138	0.1946290165760479	0.139869092524528	0.05753446092026455	0.02513239065606028	0.02359599105669274	0.0135342577361263	0.02010797926947277	0.0295638786938006	0.01377909802924672	0.1917556553486982	0.2364860140408452	0.01066013067208343	0.01090923551087394	0.01118177408379968	0.01251383748590538	0.01306314383384273	0.01349575129621974	0.2388343837801322	0.01940512893152161	0.03093233623128381	0.04201844594856842	0.02685913160180239	0.368788995149836	0.7362550323855063	0.4386496171898069	0.01115419246056528	0.01365308762627834	0.01082743195524838	0.02603988434236914	0.2103258107993795	0.01612389625830694	0.018967275984079	0.02359747651946992	0.02315270677410048	0.01279516217762232	0.01186640570137214	0.01778824183001159	0.02067907938256409	0.01456656226362581	0.01356561063992383	0.01449341690155371	0.02262472195870836	0.05075569997198696	0.02994685556505378	0.02672547928841641	0.01665878252376387	0.01564286823987205	0.01185745359065436	0.01959906695394899	0.01489160814612649	0.01492573228813567	0.9980444816884678	0.3907614994698529	0.09878033257577504	0.4925098803282404	0.295405505323326	0.1385784932452368	0.01494445287034819	0.1324761089317665	0.01887182216806258	0.01599684285009827	0.01766043537679523	0.0151117519872265	0.3424873667031054	0.02264128685484518	0.0151006877859082	0.01756005019868773	0.423119240236007	0.3521822547207472	0.05923206883916496	0.1705180603897148	0.2728028333506554	0.9612528830283553	0.4569041588489772	-6.859368577547579	-19.36505420989833	-3.204914953504867e-13	-6.111644995120331e-13
1.007522499999983	-0.1519523947723804	0.009388441898735358	0.06140859638848949	1.213004789692024	0.8978736814909251	-0.3639277710262477	0.7044021251271451	-0.06858196659640041	0.2428436535671446	0.3933602470401257	0.1297569827025403	0.1171108531144302	0.1888465624805032	-0.03956714958756596	-0.002180315486426269	1.530515199040551	1.53051519904055	0.6158665393766204	0.6158665393767483	-0.396696836452366	-0.2337466655857609	-0.072491833280122	-0.3765663987745718	-0.1143708611172173	-0.1607431740098294	0.230927382113473	0.5082921686548639	1.551042299838964	1.802709798150861	0.0899490746053411	0.01882069584788609	2.047487706687896	1.835158580150626	-0.4956442412420395	-0.4565037070554967	0.03904089140316074	0.2934133785723371	-1.01945254250451	1.624617847478817	0.1683835632843834	0.07532774587010851	3.947851481840139	0.01522604328546504	1.495203944112694	-3.749971508562681	-0.1098120827142251	0.02308817076239256	0.3065244797126048	0.06091484335871831	-0.5077278552037674	-0.01771557249363308	-0.01771557249327987	-3.098800186928621	-3.098800186927064	-1.895516092154022	-0.9545708788771071	0.3173332104987771	0.3501767172133258	0.3157392324936617	-0.9023634466337758	1.45223946578015	1.511851847926113	0.5818722696076919	1.864398387341359	-0.01704934188836216	-0.02875363037517706	-3.417935262322709	-0.5894589885986197	0.1057764735261727	-0.2196795783930804	0.05419807324006486	0.196317311700887	0.01319854206155185	0.01154744732509617	0.02280869236305857	0.3500133771533038	0.1956144404494134	0.1419442718226131	0.06504063346647977	0.02765346162009858	0.02497136908372612	0.01648391968092889	0.02217152487589991	0.03076223278460299	0.01450976241541313	0.1768729893950297	0.2081037454007116	0.01075437166218221	0.01102462310425628	0.0114548738938119	0.01269005424926695	0.01327537775495674	0.01381788672243316	0.2540357799584093	0.02088625384513236	0.03274988744878222	0.0447318880516519	0.1047110529604939	0.3807785414183124	0.7240869523288962	0.4155322219036824	0.01130107577664024	0.01421503770318617	0.0109279435085838	0.02584720965764613	0.2285471269570775	0.0166616236521172	0.01875436813734985	0.02506420510959035	0.02326798260047391	0.01294228805541037	0.01194451875375483	0.01865246572184529	0.04547652385168521	0.01446930258765363	0.01351630135351461	0.01450839218470457	0.02260267549482094	0.05749337343643949	0.03044563849759176	0.02496909132319307	0.02284185983506446	0.01972618675597236	0.05844502007385022	0.07326118042444378	0.05144176429720385	0.01503734552201642	0.9373868250162306	0.4012201195067429	0.1640082596492171	0.4534473420240868	0.2941077826847005	0.1518426105129047	0.01489892526959894	0.1419669082244444	0.02343775750147018	0.02278306637059555	0.06196073555905113	0.01522981499905272	0.3574965319600785	0.02278631762600213	0.01531380069646896	0.01682895615109523	0.3886054739252192	0.3589001872694945	0.09815171821924698	0.1488867806806942	0.2849584992626468	0.8471567341318945	0.455521439092934	-1.868392053952232	1.150288481251821	0.2637561570177165	0.5009919140469826	-0.4785063032210241	-0.1855640046623035	1.474024576532647	-0.05587199555717691	-0.4691901916312433	0.1851713936646585	0.04113536421793677	1.473361184593192	-0.05359290971655757	0.039822117303487	0.18107344236471	0.01378371448929602	0.01188318119180223	0.02526115654563873	0.3378530841693831	0.245215832347115	0.1353036217476163	0.06597223694414331	0.02888713118288518	0.02613203166093955	0.01739734391606409	0.02221568157815572	0.02391154687971035	0.01432501826701452	0.141648964237734	0.2997799079521103	0.01066203277070914	0.01095484197426948	0.01128899240882707	0.01242659090602775	0.01286404197015548	0.01309225048001646	0.249625087745097	0.01913157645506755	0.02980764984017233	0.03944736724319657	0.02021545386979353	0.3806786622415388	0.8273614495734749	0.4422903083557101	0.01150396340714667	0.01505388387968733	0.01114976956002933	0.023160779037536	0.1981989968766881	0.01844089806109271	0.02086222298618374	0.02841344982317495	0.02630178408913782	0.01336866801982645	0.01200007784573192	0.02254334763783141	0.1112854698847466	0.01476788391565488	0.01318650348301054	0.01332692651359161	0.0195925195075486	0.06857876287389404	0.02740231395625762	0.02565604814876115	0.03852257122129437	0.01443879659723712	0.0985082592516785	0.01570997781398905	0.01307246623974192	0.0141390836513242	0.998607771083151	0.4241302848227776	0.05679862333880859	0.7175058883368212	0.366936434610694	0.1007756681548924	0.01426765282325671	0.3048923083192432	0.01898266062668673	0.01565910981998474	0.01484190622547418	0.01551048607789465	0.2517138395590382	0.01846530950505466	0.01524238177745239	0.01552101406156007	0.4725972148797407	0.448654523742506	0.252461226674537	0.2602942734622232	0.3405239067406486	0.9761127746665739	0.4962107866354962	-7.226002194586622	-18.15971421614472	-3.173036354775411e-14	3.151155325140165e-12
1.014674999999983	-0.1517440066784303	0.01080541547297983	0.05415166634535668	1.224794109175418	0.8994208103879449	-0.363361804269361	0.7310206046126355	-0.06723801613126285	0.2526545597727273	0.3650132234967411	0.1283076320552222	0.1180492306602831	0.1914963378012067	-0.03838530345190609	-0.006117942795827292	1.527240038369162	1.527240038369164	0.5907764919773053	0.5907764919773151	-0.4112042313537492	-0.2412577013387011	-0.07014057106983604	-0.3760625541998908	-0.1116924171577307	-0.1677592778074028	0.2409825220105234	0.5170614785627308	1.558777462329953	1.819787916607056	0.0898465291682148	0.018656316358497	2.021889555420259	1.828569034137732	-0.4948769893996198	-0.4580289349490042	0.01948775860201872	0.09366915314017923	-1.012078353992643	1.672523087869172	0.2637089821438204	0.08375419441224122	3.488286843386839	0.3727299194359571	1.244980657801472	-4.175072257794664	-0.3083392257727505	0.2382520154626599	0.4365126553697219	0.2790575839131126	-0.5860139310516843	-0.8949589082748531	-0.8949589082748532	-3.915172646216004	-3.915172646216003	-2.157806535622692	-1.134078588078004	0.3257224491861554	-0.1851860118289255	0.4248210087021592	-1.037350780500059	1.362802892206981	0.9257576705738115	1.549971099973004	2.870350743756875	-0.01103121209946976	-0.01042738028643782	-3.648639509733995	-1.250070902999394	0.1094926287508496	-0.198541875736046	0.04295282954573721	0.1934146058818885	0.01372789413773124	0.01186171408905339	0.02447057177793559	0.3445439239106494	0.2266551535408694	0.137984324593617	0.06778799894296537	0.02937596019208144	0.02630604568198415	0.01811371534113022	0.02282271531722828	0.02567544915023792	0.01458139023514147	0.1504190281304997	0.2577003915776842	0.01070761534122985	0.01100282803331606	0.01140271060369277	0.01252875113584843	0.01300459249386385	0.0133246107433025	0.254624869250332	0.0199172616365186	0.0309593781783711	0.04141509942442272	0.06367063438634804	0.3829980518317262	0.7707035640442138	0.4253107207294697	0.0115119893632715	0.01506808766736721	0.01114030706446536	0.02364312745939511	0.2139471185997114	0.01826426811209723	0.02039011528045171	0.0281668283955951	0.02572845273000895	0.01333488801193323	0.01201378239493871	0.02204614200938163	0.1011613150347692	0.01468265440566045	0.01323241394679309	0.01355097056477819	0.0201765329308082	0.06767586383016823	0.02818055320700556	0.02499456997938368	0.03709315323048773	0.01667844062516681	0.1003173119518927	0.04443148661203703	0.03195289995119577	0.01434071452141101	0.955862154884433	0.4153049103237743	0.1075002099903811	0.5804377793758448	0.3350951361134208	0.1206366060299255	0.01437163308670265	0.2482687526761647	0.02122135655701601	0.01907403203713563	0.03815501316077644	0.01549357536861447	0.3017643432404468	0.0193549828859254	0.01532043889998709	0.01554677067411501	0.4267377482006804	0.4086295086634386	0.2112816374210497	0.2154943025527716	0.3191818830994235	0.8884530151545253	0.4761724671442156	-1.733627930530446	0.8690249640267996	0.5667677790451536	0.5120504566623092	-0.3752963141299937	-0.1628784435882849	1.328419224159576	-0.04206895209050963	-0.2891904500200815	0.1171826858398718	0.05219508985846524	1.331274358492542	-0.04795750566306813	0.02466939677560788	0.1956642401318907	0.01454084118256949	0.01234895587807414	0.02670236065663241	0.3319584156094525	0.2958026481181824	0.1307381509707045	0.07441001296802192	0.03264187170971	0.02866807226518665	0.02126043009600248	0.02432338388683775	0.01825921506561809	0.01487093850478232	0.09154227312676984	0.3630738018633756	0.01066393486933461	0.01100044843766485	0.01139621073385431	0.01233934432615004	0.01266494010646814	0.01268874966381311	0.2604157917100619	0.01885802397861343	0.02868296344906068	0.03687628853782433	0.0135717761377846	0.3925683293332416	0.9184678667614439	0.4459309995216132	0.01185373435372845	0.01645468013309646	0.01147210716480662	0.02028167373270281	0.1860721829539972	0.02075789986387851	0.02275716998828921	0.03322942312688278	0.02945086140417658	0.01394217386203015	0.01213374999009095	0.02729845344565129	0.2018918603869292	0.01496920556768381	0.01280739632609701	0.01216043612562955	0.01656031705638867	0.08640182577580009	0.02485777234746084	0.02458661700910663	0.06038635991882658	0.0132347249546021	0.1851590649127024	0.01182088867402959	0.01125332433335796	0.01335243501451299	0.9991710604778345	0.4574990701757027	0.01481691410184227	0.9425018963454019	0.4384673638980622	0.06297284306454796	0.013590852776165	0.4773085077067196	0.01909349908531075	0.0153213767898711	0.01202337707415335	0.01590922016856236	0.1609403124149714	0.01428933215526394	0.01538407576899635	0.01348197792443226	0.522075189523475	0.5451267927642651	0.4456903845099089	0.3500704865347317	0.4082449801306421	0.9909726663047933	0.5355174144220153	-7.856155227697675	-16.98045539523093	9.305664182356918e-14	3.521340205142225e-12
1.021827499999982	-0.1517203249567326	0.01047573305923833	0.04698062771414704	1.23693217243853	0.9016315129764249	-0.3627252297124525	0.7542673164369801	-0.06305932376883586	0.260455661432292	0.3337899881376392	0.1250199268410351	0.1204347385834913	0.1951736966545518	-0.03531312236537353	-0.0105695298298268	1.517736658993496	1.517736658993494	0.5599895014436589	0.5599895014436085	-0.4274904270670578	-0.2497861244368506	-0.06806960997390848	-0.378826089141143	-0.1083843416102577	-0.1752706032724481	0.2504607286093705	0.5211225153393098	1.572656069842476	1.843048337436947	0.08973939911992863	0.01877804755461845	1.996359629586231	1.817555783161405	-0.4941036527576609	-0.4594676414629365	-0.007863616304814648	-0.1744891779213766	-0.9957302084730408	1.721049615960254	0.3536913195807234	0.09391813399720311	3.017828225670739	0.7720424226159163	0.9346686955911444	-4.558754515993712	-0.6007448376748276	0.4187234014975876	0.5853103096965986	0.5696400892438171	-0.6488338239976534	-1.753797440843134	-1.753797440843187	-4.694996770134051	-4.694996770134185	-2.38526313924179	-1.231551810382701	0.2379802310910283	-0.5561945979025098	0.4894502169036911	-1.04527819650282	1.290874662062931	0.1592331290674258	2.28552572928409	3.581730194935482	-0.0173989745716585	0.02765696094389188	-3.429363219657992	-1.794102905273905	0.1054528577557679	-0.2097823860902231	0.0328241851706143	0.174974913837103	0.01375693565627966	0.01190838294755634	0.02377766080715629	0.3401014728598607	0.2244651079792339	0.1461233528508531	0.07010293874269913	0.02956006095162011	0.02703465396531561	0.01938920015094052	0.02702910238272172	0.02196352752815211	0.0144399225788045	0.1302786078905898	0.2640050464916277	0.01062999829494189	0.01092178454083454	0.01129118779362513	0.01223752752204531	0.01262188428079149	0.01279308415267986	0.2489772783262638	0.01895111019074559	0.03333446629968634	0.04614829131175517	0.03916533580984607	0.4112419570151232	0.8222104018971602	0.4751361781864327	0.01149034202027653	0.0151276485114231	0.01121002300238073	0.02336767831452136	0.2178728906356412	0.01860834181343573	0.02122205836926688	0.04144522671919661	0.02631323347266698	0.01319858132489762	0.01182369900215402	0.02324352049985597	0.1597778276229271	0.01438183674106764	0.0127185632990724	0.01279287884666482	0.01806282667038405	0.06740477735003793	0.04125286735986129	0.04701931437031927	0.04694864360321573	0.01453246796994651	0.1955696276589153	0.0279269375549903	0.02128677443239298	0.01351294551645942	0.968931772195349	0.4533225885446779	0.06493770329427646	0.6996519218300953	0.3886241207784442	0.1052352333911912	0.01365351690613749	0.3061838823882744	0.01891213120537585	0.0164016418181103	0.02477773486681315	0.01501932194584699	0.2333501366400088	0.01650397505379336	0.1083043209124742	0.01740086220651544	0.4828440135641394	0.4651786364859508	0.2601401524528517	0.3320469927657467	0.3454428022644502	0.9195296109854694	0.4950956573846999	-1.420093138471613	0.9523779616312468	0.7595690810756413	0.4911915322666807	-0.2147749985746961	-0.1297346332555621	1.114835679647051	-0.03006649773720385	-0.09395004110656431	0.03284099255746298	0.04639192475142269	1.117765685213848	-0.03716724830306858	0.02121499656917405	0.1075707208198974	0.01314982937751979	0.01161750037066984	0.02012191046438155	0.332346177575506	0.1538451012191622	0.179126153563627	0.07108748545999059	0.02729185145216583	0.02693475711592333	0.0199869200565646	0.03661871171943485	0.01863196701847779	0.01384306390806301	0.1143253766838911	0.1930201568211694	0.01047380259191337	0.01072244156124579	0.01101928495141906	0.01166958691674642	0.01195029915620509	0.01199663361848829	0.2220001189889978	0.01738408364177548	0.04147778906530558	0.06274236220213379	0.01376907208751343	0.5280037293988959	0.958508391728933	0.6858012770575863	0.01115100355303165	0.01411681139540533	0.01110618630820536	0.02547397332805948	0.2563815248808576	0.01738968106479575	0.02135778934843794	0.07235322146189972	0.02469496162328013	0.01235017876499229	0.01125007895665672	0.02189534628231537	0.2612090928959569	0.01338787383000393	0.01179047140971794	0.01206009450789958	0.01572433003981354	0.05054679937638727	0.07864180099933339	0.106004541259912	0.05366927929855801	0.0120137265355995	0.4409808480370734	0.01144742136730041	0.01097525521766322	0.01226646466450171	0.9993283577860613	0.5890237452337499	0.01665537613182373	0.9699425903259732	0.5273806170972991	0.1057587752199949	0.01250785214897604	0.3275538535661425	0.01482091799114094	0.0127827895917497	0.01157434269713573	0.01348012666149725	0.08608323626452269	0.01352567840849091	0.3782441614423859	0.02379858809349339	0.6567035496397661	0.6009797768309639	0.2294038847867629	0.6740326099551429	0.3764485873749214	0.9917259468053987	0.5311920381810735	-8.965718233290092	-15.76901145439077	1.139933671216601e-13	1.743172953532507e-12
1.028979999999982	-0.1517849392410782	0.008471946983303173	0.03987019875192228	1.249406528407557	0.9044694656776304	-0.3620230009322685	0.7742737661463557	-0.05653275037241862	0.2660004728251854	0.2997557895826531	0.1198603504814752	0.1238950705655114	0.1997769438833154	-0.0303847061068747	-0.01525765964809293	1.502275023906478	1.502275023906476	0.5235940518144793	0.5235940518144691	-0.4451692494063024	-0.2586017004436061	-0.06695634140642688	-0.3835702277800834	-0.1048444841125242	-0.1824586880642176	0.259496515069773	0.5186159547566876	1.590824259979789	1.870279901554032	0.08961946320977883	0.01881149355160911	1.973701388855218	1.803410489655752	-0.4933870376527865	-0.461116124491724	-0.005201792213103319	-0.374447914233459	-0.9951305262426864	1.7665580982611	0.4391022329246133	0.1021125930911674	2.582236618999176	1.029250306430356	0.61407111102172	-4.961080841064511	-0.831756533103557	0.5387970161810781	0.6954118865253265	0.7981027211292373	-0.6521566180188896	-2.561021323192542	-2.561021323192542	-5.483424053543961	-5.48342405354396	-2.547216287719507	-1.214373005024844	0.05793006094538603	-0.7390073883233248	0.4896324593167508	-0.9469654122300259	1.239092262792191	-0.9106903851187684	2.749434958705129	3.980771795750922	-0.0146120193315822	-0.03511390923007095	-2.845651714413329	-2.125860495261171	0.09363201020226279	-0.2572001112775031	0.02600692936147434	0.1254162481668965	0.01302322284048634	0.01153585759718597	0.01996715972244169	0.3374027426211096	0.1638497000651781	0.1715072822936625	0.06965730332712054	0.02684847428486724	0.02647097447170191	0.0193073822964773	0.03540413020237188	0.02039091822462543	0.01382295902988804	0.1288657652756012	0.1994865696285702	0.01049162872567304	0.01073444952068131	0.01103651942252013	0.0117423137761911	0.01206027771475947	0.01217463934238908	0.2303151568753374	0.01771288878628172	0.0410552793338305	0.06139666427856489	0.02651397432682099	0.4756250599478443	0.869904206936831	0.5863567131335997	0.01110149012482936	0.01390201595507982	0.0110447987944685	0.02596846948923318	0.2481464505120471	0.01697369680108766	0.02087075337928743	0.06731048317417171	0.02408749121377261	0.01227935984073681	0.01125975860734323	0.02094707820418212	0.2146885980099288	0.01339359755630802	0.01193349005551221	0.01238755483091711	0.01662281295913052	0.04939124591525786	0.07420954013637489	0.09703680859285317	0.04826858343024529	0.0128747782820253	0.3444575144494096	0.01947382116803914	0.01595379488763849	0.01254512051516391	0.9780799652726969	0.5218905863269487	0.04194710990626419	0.7868904996714498	0.452650602879177	0.1162234220631787	0.01273839259269747	0.2828541227506384	0.01554538497137766	0.01378793511659133	0.01794374928657413	0.01349615605793918	0.1572407727909073	0.01475544420401901	0.304339728738328	0.02373003658949971	0.5634220964140393	0.519916536491424	0.2002767914138611	0.5121290935095437	0.3502035613277866	0.9413430994801055	0.5061394471800834	-1.10655834641278	1.035730959235694	0.9523703831061288	0.4703326078710521	-0.0542536830193986	-0.09659082292283921	0.9012521351345255	-0.01806404338389813	0.1012903678069528	-0.0515007007249458	0.04058875964438016	0.9042570119351543	-0.02637699094306905	0.0177605963627401	0.01947720150790404	0.01175881757247	0.01088604486326533	0.01354146027213056	0.3327339395415594	0.01188755432014171	0.2275141561565495	0.06776495795195925	0.02194183119462163	0.02520144196665994	0.0187134100171266	0.04891403955203252	0.01900471897133877	0.01281518931134383	0.1371084802410122	0.0229665117789629	0.01028367031449248	0.01044443468482697	0.01064235916898402	0.01099982950734291	0.01123565820594217	0.0113045175731636	0.1835844462679335	0.0159101433049376	0.05427261468155053	0.08860843586644339	0.01396636803724235	0.6634391294645506	0.998548916696422	0.9256715545935597	0.01044827275233425	0.01177894265771416	0.01074026545160631	0.03066627292341623	0.3266908668077176	0.01402146226571306	0.01995840870858554	0.1114770197969124	0.01993906184238147	0.01075818366795541	0.01036640792322369	0.01649223911897942	0.3205263254049845	0.01180654209232447	0.01077354649333921	0.01195975289016944	0.01488834302323848	0.01469177297697588	0.1324258296512069	0.1874224655107164	0.04695219867828699	0.01079272811659695	0.6968026311614445	0.01107395406057079	0.01069718610196785	0.01118049431449022	0.9994856550942881	0.7205484202917969	0.018493838161805	0.9973832843065444	0.6162938702965359	0.1485447073754419	0.01142485152178736	0.1777991994255657	0.01054833689697163	0.0102442023936289	0.01112530832011786	0.01105103315443279	0.0112261601140738	0.01276202466171803	0.7411042471157753	0.03411519826255453	0.7913319097560568	0.656832760897663	0.0131173850636166	0.9979947333755537	0.3446521946192006	0.9924792273060038	0.5268666619401313	-10.39000595348003	-14.43901939218701	1.115156224713741e-13	6.447960975322777e-13
1.036132499999982	-0.1519470723611135	0.005347143871468477	0.0328761821463928	1.262187232219305	0.9078721361656018	-0.3612886506309007	0.7916900628670592	-0.04896364798389647	0.2690708535080578	0.2630479049297541	0.113398902237708	0.1281271451448332	0.2052833000660615	-0.02415544892524232	-0.01997377725134273	1.481303358059259	1.481303358059262	0.4815888229300578	0.4815888229300624	-0.4638776867290242	-0.2669341415169312	-0.06740899669799567	-0.3891833213343515	-0.1015235395577101	-0.1886703013896791	0.2682172919414299	0.5076934849499142	1.611523786983015	1.899561584948267	0.0895990358087819	0.01803963221525419	1.956080849740518	1.787689469570846	-0.4927418497611249	-0.4626436598191146	-0.04227246026531169	-0.519484076624579	-0.9626806503286425	1.806598619209849	0.5101524092150801	0.1036230001633768	2.301856366471968	1.104875523033237	0.2341416589831535	-5.285495639839333	-1.00353534730886	0.6186250645702944	0.8478691593817379	0.9679634406237925	-0.6725665578405795	-3.294016281853965	-3.2940162818536	-6.234589715844849	-6.23458971584458	-2.685737888230276	-1.111203475857325	-0.1955461279503072	-0.8248029020322453	0.4374903264330659	-0.7829825123230216	1.198071619515816	-2.136260745314565	3.019048422755295	4.18917041516578	0.004865392714380553	-0.1545317215204458	-2.086542640685491	-2.226089610133952	0.08851759104211701	-0.1921500002436639	0.02281752381596007	0.09206320303508322	0.01223862146671212	0.01113304232044216	0.01650424420155528	0.3528242980532709	0.097577844975428	0.2116126960461706	0.07845822251071245	0.02424531865165928	0.02562082396583704	0.02391900233369615	0.03861809831850643	0.02647678198062308	0.01300864745598111	0.1176570420012499	0.1267130504746168	0.01036030485113433	0.01054769555470248	0.01077859425637761	0.01127472816079071	0.01152663242466606	0.01160710503746608	0.2319076643103781	0.01705616680630989	0.05176389533390484	0.07893437264714745	0.01968021903274852	0.5618905350329884	0.9088262385006198	0.6995123539052002	0.01072640705939438	0.01266845835820232	0.01083819370876691	0.02701667125458176	0.2968887772155839	0.01529568084176642	0.01963290828562386	0.1016058087483264	0.02234444227093639	0.01139051754138257	0.01074744225432711	0.01826117342153325	0.2429182860024431	0.01235298999601598	0.01124098747112709	0.0124046201405218	0.01514531388183641	0.03143270992124191	0.08639052754734702	0.1171127349991527	0.04596872878093838	0.1351356734346721	0.4947526202239934	0.06454537285030551	0.0675248967311496	0.01342822973041734	0.9845267978131415	0.6090377697401513	0.1080172051148257	0.8501744864532591	0.5172248224104186	0.1556462744977774	0.01189025037600319	0.2254724697120254	0.01325286958066684	0.05961467934781083	0.01461808239092338	0.01209155203707584	0.09323003683464129	0.01341170416262913	0.4836462713040677	0.02671531990076752	0.6534294398540518	0.5599206218378142	0.1212135976246276	0.6693371588923079	0.3375138036175103	0.9111098362670954	0.4864587900210022	-0.2345178740278578	1.210840248915509	0.4749935781419252	0.2614065615194536	0.02688991760486281	-0.09624632027566446	0.7138189357236041	-0.0138963192164147	0.09716932985276486	-0.1035185086614769	0.05796164232815283	0.7847349827055021	-0.01728888763589139	0.02150340249963898	0.07714058062969345	0.01133703719843343	0.01067397577382504	0.01310699840437703	0.4224604542760306	0.01214617489566537	0.3056384567228481	0.1055205141646535	0.02164337305579173	0.02449440058692115	0.03620824139030888	0.03570927977821995	0.04327459097222505	0.01181473563076493	0.07461437656155134	0.02849450925595838	0.01020814492582095	0.01032628413026309	0.01046704866705987	0.01073147121326396	0.01088667930869036	0.01092043489505591	0.2781188532882831	0.0169043038442398	0.06971313973979897	0.1060572916725934	0.01264471727992108	0.8055521979463556	0.9987589510235152	0.9610685412071327	0.01034009989166963	0.01135849593037602	0.01057924681375151	0.02577625190282491	0.4201140203527933	0.01353798064399207	0.0172471729108326	0.1653668044297056	0.02134892743194021	0.01044754900039646	0.01022041903995975	0.01516474012696665	0.2545078147624535	0.01108059808551182	0.01048633630948678	0.01280446714374122	0.01287778802726204	0.01239584586097469	0.07132256399985772	0.0992600165180386	0.04082277059789481	0.5053645309989542	0.8483827661019884	0.1944508859875688	0.2128166654252315	0.01677294927754086	0.9994955340975642	0.8562955956148018	0.3227763726767677	0.9922319729669828	0.6737332628159957	0.2565677346873155	0.01087279061120569	0.09416876625728215	0.0116763115166147	0.1860023754059204	0.01193080248638743	0.01062706891518576	0.01198454640919379	0.01171168504874362	0.8696486937961859	0.02565738359720372	0.8956418289328929	0.6305226005036888	0.01157276503276418	0.9987132903577746	0.2882546977319844	0.7038078394101072	0.3735040591104404	-11.68521272440261	-12.74098903539388	9.147702535980606e-14	5.626203823914683e-14
1.043284999999982	-0.1524202334866742	0.0007522425853191668	0.0260686295902257	1.275241113251779	0.9117356015948221	-0.3605350274588967	0.8074035847430932	-0.04047524557905736	0.2692020302003743	0.2244010365070033	0.1050967199639477	0.1323731266620723	0.211956922838989	-0.01619144137139252	-0.02496441887567004	1.455284471443264	1.455284471443265	0.4348029744958972	0.4348029744958938	-0.4836123900935085	-0.2744350734314636	-0.06991160543898844	-0.3952869652801161	-0.09860747176200414	-0.1935597046618817	0.2766154514367332	0.4881599881011922	1.633731794426189	1.929950274093199	0.08963134676278452	0.01697548187279722	1.94378051258933	1.772195711864736	-0.4920958950337787	-0.464182642280962	-0.0921722236560632	-0.7855204551121064	-0.9429909808071335	1.842944598289342	0.5679508707120424	0.1075017215458894	2.106102443628709	1.286307284078793	-0.2077964850790738	-5.503264348874482	-1.346467202104714	0.5426857090661563	1.021805899858484	1.283177973759581	-0.728919713741308	-3.972337861125185	-3.972337861125185	-6.820192889549003	-6.820192889549003	-2.834183373846753	-0.9818643272778852	-0.5152830671704191	-0.8761763198846699	0.3764198038513846	-0.5772457189035072	1.148881182371745	-3.318527376932417	3.171240045024261	4.290315521915682	0.00013481184619251	-0.1168444946475305	-1.35800348973298	-2.062312818561864	0.09384643472082586	-0.260400987742177	0.02326935314219819	0.09989138213396334	0.01164831079622087	0.01083283114187735	0.01464101397673574	0.3944705585739675	0.05746258489828814	0.2651448469634257	0.1008114034202902	0.02284573269609867	0.02484432566901602	0.03519870802782254	0.03333966330187902	0.04188109435106837	0.0120929812107296	0.08214868045760561	0.08364326407001139	0.01025908585087979	0.01039791928205564	0.01056513827681399	0.01091419697707861	0.01109202988861937	0.01113787960203244	0.2697735831757074	0.01727924392056725	0.0646330073241444	0.09597112085845211	0.0157032253870059	0.6633888368967993	0.9358897874848162	0.7854365999790339	0.01049515163915216	0.01186982118177075	0.0106561125530563	0.02494422591972517	0.3601568833247137	0.01425276382817839	0.01760810477729575	0.1431268625422884	0.02226311202982122	0.01081213442427789	0.01043241022458852	0.016287332840434	0.2330070056463067	0.01147991489411512	0.01076625136748957	0.01286672713707203	0.01337789183120896	0.02115988675803266	0.06273707331595503	0.0860682648499691	0.04170886188744383	0.3919366151975686	0.63487385205066	0.1698275806675107	0.1834734215024598	0.01682933035757952	0.9890203113849629	0.70923992159737	0.2693377871377406	0.8921565001817537	0.5777096832894788	0.2218302677298449	0.01120037255605548	0.1533740598120044	0.01278953479862998	0.1622034285439721	0.01348919648645603	0.01121182283314428	0.0550263371981639	0.01222245936816915	0.6300208352695235	0.02366539122781958	0.7457738630149586	0.5778686872130163	0.07058688876286294	0.7703760049654097	0.3085797128579578	0.8020696090775193	0.4211668395854518	0.6375225983570645	1.385949538595325	-0.002383226822278271	0.05248051516785508	0.1080335182291242	-0.09590181762848972	0.5263857363126827	-0.009728595048931239	0.09304829189857693	-0.1555363165980081	0.0753345250119255	0.6652129534758501	-0.008200784328713691	0.02524620863653792	0.1348039597514828	0.01091525682439706	0.01046190668438502	0.01267253653662369	0.5121869690105018	0.01240479547118927	0.3837627572891468	0.1432760703773479	0.0213449149169619	0.02378735920718228	0.05370307276349093	0.02250452000440721	0.06754446297311105	0.01081428195018596	0.01212027288209062	0.03402250673295402	0.01013261953714929	0.0102081335756991	0.01029173816513561	0.01046311291918496	0.01053770041143847	0.01053635221694811	0.3726532603086326	0.01789846438354194	0.08515366479804749	0.1235061474787436	0.01132306652259979	0.9476652664281603	0.9989689853506085	0.9964655278207059	0.01023192703100555	0.01093804920303804	0.01041822817589635	0.02088623088223354	0.513537173897869	0.01305449902227091	0.01453593711308044	0.2192565890625014	0.02275879302150042	0.01013691433283657	0.0100744301566944	0.01383724113495405	0.1884893041199224	0.01035465407869881	0.01019912612563388	0.01364918139731331	0.01086723303128552	0.01009991874497212	0.01021929834850775	0.01109756752536168	0.03469334251750471	0.999936333881311	0.999962901042532	0.3778278179145668	0.4149361447484952	0.02236540424059194	0.9995054131008406	0.992042770937807	0.6270589071917305	0.9870806616274213	0.7311726553354552	0.3645907619991892	0.0103207297006236	0.01053833308899838	0.01280428613625782	0.3617605484182124	0.01273629665265694	0.01020310467593804	0.01274293270431369	0.01066134543576891	0.9981931404765964	0.01719956893185294	0.9999517481097291	0.6042124401097145	0.01002814500191199	0.999431847339996	0.2318572008447683	0.415136451514211	0.2201414562807496	-12.8880797035105	-10.67476439249221	4.627686806685123e-14	-1.592067443677143e-13
1.050437499999981	-0.1527594075836083	-0.005958807713016086	0.01862185295221104	1.288546370161739	0.916000070161745	-0.3596799765556636	0.8214825731678738	-0.02981042655572666	0.2667074997618115	0.1838306812352607	0.09383244895091836	0.1350705587822088	0.2192831556254658	-0.005529476540925968	-0.02967059885361386	1.424638358798105	1.424638358798099	0.3841864548592026	0.3841864548591958	-0.5043334027330074	-0.2809423626823529	-0.07482918483134081	-0.4015181441801324	-0.0961256834169207	-0.1968754073547958	0.2846386092830528	0.4611139154022607	1.656682213521951	1.960661631011049	0.08957778487104537	0.01711739230327907	1.936237828697415	1.758664759321889	-0.4914097616233336	-0.4660092258207363	-0.003983590538372135	-1.042776124679095	-1.141238029537368	1.875760779554369	0.6223836104099318	0.1309739986256842	1.828728448688834	1.644255531018554	-0.4679118212861876	-5.799746422896303	-1.735106868543996	0.2249337702016693	1.023457208881647	1.64371762365847	-0.570413156323398	-4.610471648085883	-4.610471648086225	-7.252802698046213	-7.252802698045877	-2.954748705829532	-0.8222588467069039	-0.8505806939561973	-0.8640688376686506	0.3107609848014762	-0.3542345035541458	1.089457792482597	-4.230369586246733	3.221545082683322	4.277420114966336	-0.01104661545062621	0.1156082869778481	-0.7955653695750885	-1.701900515277988	0.09436446380034877	-0.2450853389978833	0.02264444386998115	0.1011457773563233	0.01139296020615689	0.01072531430771262	0.01363758209646323	0.4143421617427511	0.1132015699603329	0.314237261718588	0.122394193505293	0.02229562290737411	0.0266008052624	0.04870046257393205	0.03236291225506725	0.05715693935030881	0.01216202275693317	0.08994487377098799	0.05761516508748069	0.01021840671754863	0.01034599111899467	0.01050825770479395	0.01075815129824868	0.01090721627761024	0.01095077842162076	0.3024884057064527	0.01718652836769572	0.07697052570181709	0.1104442201365458	0.01482639432328903	0.7186721117269186	0.9534423101852388	0.8378787889563285	0.01048965078412025	0.01188566177369438	0.01052604712520828	0.02430494755070687	0.4190254534921781	0.0135562734452718	0.01814995446892324	0.2308407770383507	0.07899590435487371	0.01873082585041575	0.03718193219863112	0.01486095943523356	0.1963531002372087	0.01234768166265268	0.02799803032089848	0.05423174949016153	0.07868944505493043	0.01550738782248319	0.03711721519231877	0.0516118652924324	0.04024691018271364	0.5982244908771142	0.7489165978072363	0.2430898045844606	0.251917776415296	0.01828576317460669	0.9143161162874075	0.7185093943989262	0.3713110805880579	0.8437728092069365	0.5676898952875586	0.2579631331605202	0.05952664293793705	0.1217806281929521	0.03211940870335905	0.2091766957695461	0.07682326874312971	0.06939063627898875	0.03379224409867308	0.07483246291232439	0.6705456982607342	0.06262061043133536	0.8235463694711258	0.5381088993164755	0.04116272264599219	0.7893308102453022	0.2578985623528944	0.6513714491365832	0.3318007510072969	0.9548018833914096	0.7255124320333449	0.450445469602679	-0.05173394088541072	0.2205381191630972	-0.01984419217160712	0.3856375339823117	-0.008885004343123322	-0.1005253950518142	-0.1288111773536637	0.06879839307633513	0.4474689165960971	-0.0009174462440545098	0.01938135490968537	0.07453657322614682	0.0113696884087298	0.01076799966249698	0.01276834898884486	0.3970364962505264	0.3182529500544266	0.4063105554074868	0.1530635653315623	0.02214543387834866	0.03202421538032341	0.06939143967251543	0.03884914006313116	0.07720295847572561	0.01340126552764482	0.1707477840962882	0.02479862679894332	0.01022311558754231	0.01037562103647228	0.0105953408099003	0.01074719908621921	0.01091081352734958	0.01098802947098458	0.3421411011413037	0.01643402743861604	0.09492244158577996	0.1312043094262087	0.01627687845929044	0.7433611571833082	0.9897641973388955	0.9221985342995004	0.01069572676262417	0.01270289613769904	0.01040185386650588	0.02605460375163451	0.5411307895631712	0.0128138098825706	0.02208580694965222	0.4759385503498831	0.2368737719724284	0.03920037821029482	0.1067423719657664	0.01332236290131183	0.09971895937533083	0.01544796895107075	0.07243746570670412	0.1638947692351038	0.2620306177038526	0.01041975089320015	0.0108841050176489	0.01594607545714247	0.04222009941202643	0.9997603113894187	0.9998732559662984	0.3215366094828408	0.2937790541608866	0.0173218759966969	0.5057050395061382	0.5063494545568775	0.463489776209069	0.4994990294299292	0.3761783397637324	0.2671968059932737	0.1901283979407422	0.1369909758378058	0.08184718761870954	0.1930373252607095	0.2526536728838552	0.2290793401543936	0.01177225463499471	0.2486865310485215	0.5370284232982295	0.1742065996621315	0.9996740093255368	0.3165219668990922	0.01016325401121757	0.6800325873009776	0.1212331509297065	0.2126979334938619	0.1152946494439833	-17.21739484702982	-8.456790146671983	-2.118159246348314e-14	-4.465624375207041e-14
1.057589999999981	-0.1524960312838498	-0.01347425125876488	0.009715430136759101	1.302048923993513	0.9206086596271759	-0.3586702528444349	0.8335353474170718	-0.01769174523120636	0.2628206660285772	0.1420275159240804	0.08125118318094371	0.1357818724151944	0.2265500358366602	0.00654332143424713	-0.03288641587137433	1.389139035068818	1.389139035068817	0.332203508566643	0.3322035085666424	-0.5258066931721705	-0.2859763112338998	-0.08194752579953971	-0.4076169613816991	-0.09425906807307348	-0.1986890430458228	0.2921269528082074	0.4278418709074684	1.679463111702777	1.990854799451987	0.08953147914515666	0.0180439327453644	1.931763883012819	1.748126763424492	-0.4907981881175547	-0.4676132358002495	0.07631443042977958	-1.010446913668734	-1.351140908088882	1.898113258705408	0.6641748199922222	0.1507517202863502	1.539527350841151	1.692839909366942	-0.597115826475734	-5.847985785981357	-1.714728581187247	-0.01267772669618603	1.005209583806518	1.677678678326694	-0.3121806825819785	-5.329404924143502	-5.329404924143502	-7.202276540262101	-7.2022765402621	-3.04453718011426	-0.5698851034142299	-1.130665542066398	-0.8391650095876941	0.2044035854001587	-0.1572339742304344	0.9993350597111155	-5.059449235259421	3.123838181357987	4.145418359549618	0.002163799151419081	0.1025557183131546	-0.4999152108599669	-1.225414770201508	0.07299780706155747	-0.1981644102486374	0.01924037719609731	0.07300827721959884	0.01152002287108884	0.01084096178710673	0.01322274429976119	0.3867367939377959	0.2700509073559712	0.3517535265458289	0.1380932179750757	0.02245913216942653	0.03173143428788765	0.0629929359343562	0.04030241914588951	0.06929716532278363	0.01358420339116628	0.1650200786948789	0.03902159991123042	0.01024857981567553	0.01041254444242014	0.01064596192871737	0.01083955413340114	0.0110233016472528	0.01110814514173568	0.310743481290606	0.01636149860494296	0.08785122817845345	0.1215451935935581	0.01706382058594193	0.6922923979845683	0.9628638858679472	0.8512637040227415	0.01073745692674568	0.01284239585270362	0.01045733387683881	0.02671594313182113	0.4652012204288711	0.01310375789870958	0.02240573334923216	0.3755153926243392	0.2013308117612039	0.03755967152885996	0.09692212128761246	0.01391973430638729	0.1354893187069496	0.01547972546022685	0.06738727320112882	0.1439091446326473	0.220366107147059	0.01300211704576718	0.02413066342352188	0.03536472213621231	0.04337014262266266	0.7220509818525798	0.825144491105713	0.2603535055148752	0.2411259274060467	0.01627126930503392	0.7111155804842864	0.5714812896910558	0.3707774325691509	0.6596865095044536	0.4431097461237688	0.2404534570394596	0.1649367424211123	0.1585210275534954	0.0756043364702991	0.1631320757210425	0.2130703578144243	0.1951426175175005	0.02242148743931035	0.2101543042569493	0.5504853734214595	0.1537763289262135	0.8766756392826055	0.4141479718100686	0.02568201293221645	0.703663749813916	0.1800701100104675	0.4781541594295586	0.2300138792610352	1.272081168425755	0.06507532547136527	0.903274166027636	-0.1559483969386766	0.33304272009707	0.05621343328527548	0.2448893316519409	-0.008041413637315364	-0.2940990820022053	-0.1020860381093193	0.06226226114074478	0.2297248797163442	0.006365891840604597	0.01351650118283284	0.01426918670081073	0.01182411999306247	0.01107409264060882	0.01286416144106597	0.2818860234905511	0.6241011046376637	0.4288583535258268	0.1628510602857766	0.02294595283973536	0.04026107155346467	0.08507980658154018	0.0551937601218551	0.08686145397834012	0.01598824910510374	0.3293752953104858	0.0155747468649324	0.01031361163793536	0.01054310849724545	0.01089894345466495	0.01103128525325345	0.01128392664326068	0.01143970672502102	0.3116289419739747	0.01496959049369021	0.1046912183735123	0.1389024713736736	0.02123069039598122	0.5390570479384559	0.980559409327182	0.8479315407782952	0.01115952649424234	0.01446774307236018	0.01038547955711569	0.03122297662103554	0.5687244052284733	0.01257312074287056	0.02963567678622375	0.7326205116372642	0.450988750923356	0.06826384208775309	0.2034103137748385	0.01280748466766955	0.01094861463073933	0.02054128382344281	0.1346758052877743	0.314140357072894	0.5131940023764197	0.01073958304142941	0.01154891168679075	0.02079458338892286	0.04974685630654679	0.9995842888975268	0.9997836108900646	0.2652454010511147	0.1726219635732777	0.01227834775280173	0.01190466591143628	0.02065613817594783	0.2999206452264076	0.01191739723243726	0.02118402419200969	0.1698028499873582	0.3699360661808607	0.2634436185866134	0.1508900891011614	0.02431410210320667	0.4925710491150533	0.4479555756328493	0.0108015765656758	0.4867117166612741	0.07586370611986212	0.3312136303924099	0.9993962705413448	0.02883149368846984	0.01029836302052308	0.3606333272619593	0.01060910101464492	0.01025941547351257	0.0104478426072172	-24.05537258074624	-6.29194145389059	-4.265078800865739e-14	5.161079337820409e-14
1.064742499999981	-0.1518992507202982	-0.01986738602555248	5.849851193708632e-05	1.315670765248309	0.9254732256920353	-0.3576100653949026	0.8432938896500248	-0.006884922832784745	0.2577404353339535	0.1014440617904417	0.07030337727797627	0.1351093142750393	0.2339008834390662	0.01768960640549981	-0.03474699533088003	1.34777310828345	1.347773108283448	0.2830188289651179	0.2830188289651189	-0.5477928986893377	-0.2889778252738064	-0.09080414045478731	-0.41357056245165	-0.09328820859882353	-0.1991844042226136	0.2988445283976061	0.3889063696324916	1.701074929117123	2.019837537629518	0.08955971735779053	0.01744904981844785	1.928572848706961	1.741194777438477	-0.4902806282869585	-0.4691219872370666	0.09697082261271887	-0.8004605245228172	-1.360174374486102	1.911343582650231	0.6948520379738076	0.1464562117441355	1.175368106462463	1.364993908998078	-0.82587651314459	-5.506904757470816	-1.373693280792918	-0.2143301780931157	1.043277878114278	1.470769755409348	-0.2049077991278807	-6.230173021111521	-6.230173021111443	-6.549435435519295	-6.549435435519012	-3.103435005406714	-0.2860271124298527	-1.337416292266992	-0.8277865907866427	0.07430613435751328	0.02044210791049287	0.8747900029965155	-5.783011257015977	2.928404804500346	3.96827509901971	0.001518020998517209	-0.2333131040165161	-0.4296191962441904	-0.72045541279825	0.0741907263612636	-0.2235719374093404	0.01836306525563951	0.06041183565129265	0.0116736483610491	0.01092760518442673	0.01335321869140251	0.3619061483243816	0.359317745744802	0.3693954618991657	0.1447849760670176	0.02203029137260084	0.03406579401746593	0.06969914846419185	0.04451087478833135	0.07454510969553757	0.01417326010549082	0.2035931776855719	0.05692127243080961	0.01026100729651459	0.01044254754373237	0.01070930230069412	0.01086876609427365	0.01106520443536231	0.01116986693748916	0.3085739510170528	0.01555581399478032	0.09229612083726922	0.1263963547846115	0.01786092931332873	0.6571972980987224	0.9593950423922259	0.8498216356638375	0.01086381051121625	0.01344075161036675	0.01042008070523933	0.02662919795754598	0.4833166893508777	0.01293431149486202	0.0238574139018801	0.4402912706776804	0.2609140546720224	0.04518650693297403	0.1223746556578124	0.01470237713270682	0.08393443045768656	0.01688120491909084	0.08381865651201285	0.1885202806484008	0.2851079489144841	0.01248168825314049	0.01957634673163109	0.04070676206529195	0.04356561197960339	0.7630239828636201	0.84969211285362	0.237135259993296	0.2033018588209181	0.01666856148553447	0.545385143930299	0.4101007928096343	0.3192482511927446	0.4767596734740092	0.3073610103079454	0.1972134675157113	0.2118204556488831	0.175068129190916	0.09404765635303844	0.1014986773439212	0.2749706128607472	0.2517958458877659	0.01662632654349077	0.2716469585912356	0.4358659204184459	0.1958049808110023	0.8911589371076449	0.2860288803277251	0.01779554529044917	0.5949348294139558	0.1074858337485015	0.3182105067252891	0.140373862888238	1.347372808730137	0.6368992846821592	0.7316906445161533	-0.1343827008302161	0.2665959914276109	0.05180326500067754	0.2205750577601304	-0.009887573934596657	-0.2772529340261624	-0.08685332981542458	0.07605636009656844	0.257832387927086	0.005146101161267074	0.02091456126080278	0.07327393694909712	0.01180193203156758	0.01094812074841021	0.0139789156362938	0.3454689257832914	0.3994011868759861	0.3766131498198502	0.145316814838396	0.02052382928433704	0.0330038437270023	0.06987852819484565	0.04320101116657546	0.07463343962080174	0.01363613811805005	0.1909758297535872	0.1253791644060942	0.01023752966763268	0.01040796410692535	0.01065528280045009	0.0107812020051634	0.01095165595986887	0.01104634022882561	0.2988455209518763	0.01469159042232635	0.09113067645679826	0.1268842268087168	0.01638049098901037	0.6149872968863956	0.9249403623688408	0.8452104352965416	0.01082508023780798	0.01357671889702033	0.01038765166536441	0.02261059377652263	0.4749052519010474	0.01295434338461018	0.02149548084707067	0.3990055564772772	0.2554495298953272	0.0394155132626977	0.1068655734055625	0.01759293907898121	0.02850298280405371	0.01616707052172153	0.07274091798466444	0.1876521131102244	0.2634168396503845	0.01307068301139535	0.01842384592342013	0.06707583285183337	0.03869322780989501	0.7231282029170776	0.8209209661553569	0.1425772222583455	0.1220114576678756	0.02100073347735225	0.3254233371790781	0.1255434159673593	0.1607892844179625	0.1439619614212697	0.07822652244410375	0.09821756458329399	0.1906658323286466	0.1378477234040615	0.08260976383217114	0.01959082761284542	0.2526378783799569	0.2294916243675406	0.01160008459097843	0.2496795188474936	0.3053208593500228	0.1808339652887174	0.8568463314890111	0.07021599067757051	0.01048213161781246	0.3478349725634619	0.01130672350645777	0.01040366085301041	0.01097722368426703	-24.37315359268282	-4.614959451452335	-1.621449919428956e-14	1.288325560445465e-13
1.071894999999981	-0.1510171403759714	-0.02525733089822171	-0.009899502908218203	1.329397609039728	0.9305311329746022	-0.3565643870658682	0.8501513987649355	0.002349515815028682	0.2509715198682717	0.06315335067879967	0.06121184967547251	0.1321587637001776	0.2413743486162317	0.02803609774496229	-0.03577225483073385	1.30012035463646	1.300120354636459	0.2385343132541559	0.2385343132541548	-0.5702032509697174	-0.2903056971652314	-0.100958717879567	-0.4194897869264509	-0.09309261417695544	-0.1983719816327056	0.3045798804655081	0.3457565026338152	1.721484008686469	2.047756406958168	0.08949291002224789	0.01521543609758533	1.925085327940352	1.73771291972066	-0.4897015971287316	-0.4708093650708727	0.1560990597958841	-0.729932437857206	-1.435326799828678	1.927474331511579	0.7182373765044971	0.1466946436005268	0.7283331899067007	1.253166018948423	-1.06931010010242	-5.206883228276095	-1.19567138427417	-0.6496556881658003	1.039496217783422	1.454038375833941	-0.07860641913505485	-7.087343228686061	-7.087343228686061	-5.888004917595087	-5.888004917595087	-3.163138162487619	-0.1018970856633517	-1.49360514906599	-0.8295525397799396	-0.01237797416135818	0.2084518046437792	0.7246832536302799	-6.237880755341627	2.787525606733625	3.847936682127493	-0.02441307555719353	-0.3556702988688162	-0.5828194990812469	-0.2606812453649092	0.09018657396281768	-0.2481123716576225	0.02187284883914915	0.08233591478551126	0.01173252116334402	0.01089953308068683	0.01401189873661086	0.3682417707803492	0.3281943170523732	0.3618461460449826	0.1407507259255319	0.02054570689559052	0.03141409514774261	0.06560668455141484	0.04042157128597876	0.07126245978765182	0.01318278240777617	0.1661572555821415	0.117790876484739	0.01022562595726844	0.01038337196543818	0.0106069336658296	0.01074726926612777	0.01090526513715386	0.0109861365925707	0.30243763093426	0.01503143273704151	0.0881910016035458	0.1236139306318467	0.01564150120875945	0.6567317365217227	0.9400959427798233	0.8479889764111916	0.01074148834713921	0.01323851191374923	0.01040411394598184	0.02204845160522637	0.4636380414631781	0.01306075074306602	0.02023043051026597	0.3627913088884144	0.2156112218441013	0.03399023626086455	0.090341827101648	0.01762153382064544	0.06229898565764388	0.01519166618577795	0.06167452765209136	0.1580350351573526	0.2225853674976435	0.01349304134092728	0.02104714376138954	0.06642597931836823	0.03800059210172335	0.7052908165161826	0.8119707423126213	0.1721452826040768	0.1584421980897792	0.02148684021294201	0.5281136179031903	0.3303060879486396	0.2315229054496164	0.3885944373041239	0.2325351450800116	0.1395263834769395	0.1613103949141184	0.1290669228017334	0.07035414422480492	0.06201522914228613	0.2137786262960864	0.1940454685995118	0.01430119782047078	0.2110350342423903	0.4328847191603198	0.1540101546019244	0.8577886971786539	0.2116839527425426	0.01411633691878924	0.5138982627479495	0.06291695532061756	0.2016772951887738	0.0824612740980865	1.422664449034519	1.208723243892953	0.5601071230046708	-0.1128170047217556	0.2001492627581518	0.04739309671607957	0.1962607838683198	-0.01173373423187806	-0.2604067860501194	-0.07162062152152981	0.08985045905239208	0.2859398961378279	0.00392631048192963	0.0283126213387728	0.1322786871973834	0.01177974407007282	0.01082214885621181	0.01509366983152176	0.4090518280760316	0.1747012691143087	0.3243679461138735	0.1277825693910155	0.01810170572893875	0.02574661590053984	0.05467724980815092	0.03120826221129585	0.06240542526326356	0.01128402713099658	0.05257636419668862	0.235183581947256	0.01016144769733024	0.01027281971660542	0.01041162214623535	0.01053111875707341	0.01061938527647711	0.01065297373263024	0.2860620999297778	0.01441359035096242	0.07757013454008428	0.1148659822437601	0.01153029158203969	0.6909175458343353	0.8693213154104996	0.842489329814788	0.01049063398137411	0.01268569472168061	0.01038982377361351	0.01399821093200969	0.3810860985736215	0.01333556602634966	0.01335528490791771	0.06539060131729048	0.05991030886729834	0.01056718443764236	0.01032083303628668	0.0223783934902931	0.04605735097736834	0.01179285722000041	0.01080603068155467	0.06116386914755496	0.01363967692434934	0.01540178298136053	0.0252987801600491	0.1133570823147442	0.02763959931324403	0.4466721169366286	0.6420583214206492	0.01990904346557627	0.07140095176247363	0.02972311920190307	0.63894200844672	0.2304306937587707	0.02165792360951729	0.2760065256101022	0.1352690206961977	0.02663227917922966	0.01139559847643256	0.01225182822150945	0.01432943856318074	0.0148675531224841	0.01270470764486069	0.01102767310223195	0.01239859261628144	0.01264732103371303	0.5347780125801835	0.03045430018502498	0.7142963924366774	0.1116004876666711	0.01066590021510135	0.3350366178649645	0.0120043459982713	0.01054790623250893	0.0115066047613176	-17.54512498951949	-3.315543981948098	3.209043099322407e-15	1.304287503935322e-13
1.07904749999998	-0.149612826458828	-0.03068836113917121	-0.0209904164814566	1.343255290769798	0.9357125083484344	-0.3554506432107469	0.8539695761011324	0.01202806006931656	0.2427925150477884	0.02634985417968552	0.05268454728983496	0.1258070208370648	0.2486852947858293	0.03904050863952326	-0.03551753434267518	1.247234289741619	1.247234289741618	0.1978700530372793	0.1978700530372783	-0.5930125383158538	-0.2906368532190703	-0.1120348570908513	-0.4254817474522447	-0.09338663950686421	-0.196226321901359	0.309240359322241	0.3001507461815711	1.741095553218794	2.075007985777992	0.08932909987651978	0.01304453701591427	1.919897450146014	1.737340669452981	-0.4891169250153078	-0.4726266110924418	0.2303644933371133	-0.7838909199818636	-1.648039618998031	1.946679396562463	0.7281680431618262	0.1639554871183431	0.3510412076239096	1.439410279013677	-1.218513625594817	-5.079446607183007	-1.179989841138244	-1.08594108184685	1.009707116454055	1.610796565440697	0.1266982742133536	-7.684506102056259	-7.684506102056108	-5.486260837053407	-5.486260837053357	-3.198784399917793	0.00728112411381423	-1.586319663082459	-0.8468534546224362	-0.07294790398480487	0.3831057576098671	0.584079529356469	-6.501901815714402	2.688962989353542	3.771828836403947	-0.01829075378059715	-0.2573232238212474	-0.8723351958769169	0.1441283140456791	0.07480395759562367	-0.256301747725192	0.02499637167544497	0.0954218932474212	0.01199508270509894	0.01100160506989601	0.0154077318903582	0.3602343860732569	0.2574284462977119	0.3230567372284053	0.1251669191262033	0.02127550985523147	0.02871222259395408	0.05613719684785885	0.03423376300636336	0.06054352012829887	0.01266329230218773	0.1171811303964084	0.1543839532576294	0.01021143691524285	0.0103643389774551	0.01057779197362354	0.01069156526010424	0.01082397475060129	0.01089421285319179	0.2769948415238861	0.01460867031367521	0.08028301489872773	0.1167218286153835	0.0138648067722348	0.6318465216148914	0.8719780016099855	0.7990581766862528	0.01065615571730716	0.0130026901140624	0.01065696319757396	0.01792080862275573	0.4137661758898735	0.01375145812982522	0.02049766021216986	0.2644250457025957	0.1596160208014762	0.02266195549016475	0.05261245041925814	0.01956257125463312	0.05039278099083198	0.01426742848705141	0.03726691220948306	0.1153114549706158	0.1543354889783717	0.01381556982155827	0.021290118068201	0.1198199240177261	0.0345009964615909	0.623166341743554	0.747515851426638	0.1070682800714107	0.1141270357344521	0.02359267062285574	0.5248378729759992	0.2798845360409981	0.1539239851012673	0.3323490736444345	0.1884907930556271	0.09274514221709879	0.09759654250975089	0.0965943545634186	0.04310739675762629	0.03851249954769861	0.1307404440647632	0.1174263902404449	0.01314359062741228	0.1377449807379611	0.4428166431912964	0.1155253769106765	0.7748710939403458	0.1676061000595822	0.0129211451437506	0.4451146311560748	0.03781861546903314	0.1213601760262999	0.04836528414308028	1.184282808852437	0.8601191143647535	0.2199591259305236	0.04837251004788842	0.2279409214204982	0.07072930243024604	0.1741991163615175	-0.01072908786620139	-0.1977036758850934	-0.0930865797100585	0.07533104422029657	0.2148145610827837	0.004322498284186567	0.02760238138236533	0.09109968191459525	0.01260951812589828	0.01131978557974226	0.01800626588554704	0.2885269294569747	0.1042351884166901	0.1901685017601815	0.08575543354056069	0.02518179176966496	0.02641359384230785	0.03881004349850788	0.02553944436463354	0.03762695639060624	0.01295106690050101	0.05257787442397779	0.1695474445209842	0.01022983296809347	0.01040942012984991	0.01066851857479565	0.01073372817513895	0.0108607566509931	0.01094401521326776	0.1882509173721001	0.01406413814771387	0.06597187538597427	0.1023903147541826	0.01283885618864707	0.4738501313826146	0.5732551222706954	0.5449658327481843	0.01065374438309577	0.01287536819763324	0.01129633777991728	0.01415080784685518	0.2572445271361524	0.01524910730036823	0.02690992290043619	0.1140922737299783	0.09394143146557514	0.01277147589404492	0.01127796763470923	0.02049329369363389	0.03103868678951555	0.01478529869372187	0.01303246413377599	0.05835817722790231	0.08875263015049614	0.01302549990042906	0.01833714105695598	0.2411563662768473	0.03390965180116315	0.4350386336040952	0.5625423052894761	0.0226169692167274	0.04397532754138118	0.02205369842627225	0.4076188648984683	0.1602497379084698	0.05537919636266347	0.1877724637768488	0.1112787818605058	0.04089144750559786	0.01898850141307217	0.09228272037005719	0.01425412013885883	0.01359096772949217	0.01438073882448847	0.01447965863698283	0.01183610554557843	0.05129445837077882	0.3961610118005114	0.094088687723234	0.4660760058043697	0.09710767467190319	0.01281083305954516	0.2790823768223768	0.01162805342993827	0.01045211853235383	0.01114047492563467	-11.16548426134045	-2.26243933489508	1.402603284473475e-14	3.921174726212693e-14
1.08619999999998	-0.1478106708399406	-0.03640201267864244	-0.03321861198635288	1.357233899967372	0.9409129048654612	-0.3542301291231926	0.8553407846518856	0.02274340678151136	0.2335293833399723	-0.009440095336863933	0.04445747071105267	0.1172036361817733	0.2558882779349773	0.05090336287028235	-0.03429076398345082	1.190426449749675	1.190426449749675	0.1600015212274205	0.1600015212274202	-0.6157320146812014	-0.2902303977993928	-0.1234047882526076	-0.4316171712415741	-0.09418061931070348	-0.1930120617674444	0.3130150743166447	0.2529272332900827	1.759844615486894	2.101706848926217	0.08927562309365054	0.011449151365425	1.912542096229312	1.739596386641276	-0.4886100254150819	-0.4744224214635819	0.2673445548685791	-0.8089597146200674	-1.7533364276965	1.961288373456274	0.7235561162862707	0.1765500039453216	0.04410563717876381	1.54307932419997	-1.372456381076077	-4.923472677400503	-1.111721490713136	-1.279265416843049	1.009307327060209	1.694078455861694	0.1932006053083889	-8.183959823471653	-8.183959823471653	-5.106256324231497	-5.106256324231497	-3.138024990648761	0.1043556856800081	-1.575755991560803	-0.8696680975669187	-0.1521764988535649	0.5072565309822327	0.4770037395222108	-6.690241870825732	2.546356151515003	3.693384938932959	0.006438616259325575	-0.1947437889261278	-1.188894611940649	0.4741576098531701	0.06843962864354802	-0.2421184812895495	0.02608894047184532	0.08250604627278267	0.01256271801151404	0.01131694714183003	0.01760962269293564	0.3110067317099153	0.1818605532448788	0.2464573016084947	0.09702309862062811	0.02535151204519554	0.02776014711522256	0.04328323058956176	0.0282494177100576	0.04253475110769508	0.01331833913111411	0.08789206895591191	0.1446521660199113	0.01024185109943596	0.01042934584706649	0.01070303567742534	0.01077525596713051	0.01091675492296127	0.01100885977294039	0.2224013743309503	0.01422488287200804	0.07048923738898967	0.1071980720298558	0.01373837210700983	0.5450987451033399	0.7336973930732199	0.6729256415400788	0.01070489794655526	0.01299546003940665	0.01126225327716699	0.01604828657375872	0.3359654116643839	0.01509657321384523	0.02775660941464505	0.2162534714749478	0.1394669844265748	0.01829348576161271	0.03244143038617595	0.01946499623629726	0.0366558515206857	0.01543922650439392	0.02575365014376704	0.08878668284581377	0.14362227112164	0.01268789298096436	0.0177033130866908	0.2016926688404022	0.03602547843213234	0.561831488963436	0.677746786612531	0.06862745079340565	0.07503795647715017	0.02052022177989056	0.4452360155579074	0.2193382806102704	0.1190280122876386	0.2615000573483907	0.1508402879727474	0.07224195337503572	0.06271757437306215	0.1146910583977661	0.02870705725332747	0.02566553535475419	0.07846939658748657	0.07100057299378523	0.01230357785840981	0.1087900279243376	0.4013653275672607	0.1215810816935383	0.6395682953250968	0.1341872067585317	0.01351762626323519	0.3782838525616876	0.02456884684519468	0.07051403920339394	0.02977166949867472	0.9459011686703545	0.5115149848365539	-0.1201888711436237	0.2095620248175324	0.2557325800828446	0.0940655081444125	0.1521374488547153	-0.009724441500524622	-0.1350005657200674	-0.1145525378985872	0.06081162938820105	0.1436892260277394	0.004718686086443482	0.02689214142595784	0.04992067663180709	0.01343929218172375	0.01181742230327258	0.02091886193957229	0.1680020308379176	0.03376910771907137	0.05596905740648938	0.04372829769010584	0.03226187781039119	0.02708057178407592	0.02294283718886491	0.0198706265179713	0.01284848751794876	0.01461810667000558	0.05257938465126689	0.1039113070947125	0.01029821823885678	0.01054602054309439	0.0109254150033559	0.01093633759320445	0.01110212802550905	0.01123505669390522	0.09043973481442255	0.0137146859444654	0.05437361623186417	0.08991464726460495	0.0141474207952546	0.2567827169308938	0.2771889291308912	0.2474423356815808	0.01081685478481721	0.01306504167358582	0.01220285178622145	0.01430340476170071	0.1334029556986835	0.01716264857438699	0.04046456089295473	0.1627939461426663	0.127972554063852	0.01497576735044785	0.0122351022331324	0.01860819389697457	0.01602002260166259	0.01777774016744352	0.0152588975859976	0.05555248530824965	0.163865583376643	0.01064921681949856	0.01137550195386364	0.3689556502389501	0.04017970428908161	0.4234051502715621	0.4830262891583029	0.02532489496787852	0.01654970332028867	0.01438427765064129	0.1762957213502165	0.09006878205816897	0.08910046911580964	0.09953840194359538	0.08728854302481398	0.05515061583196606	0.02658140434971205	0.1723136125186051	0.01417880171453682	0.0123143823365001	0.01605677000411633	0.01793164417173416	0.01127361847487509	0.0899415957078447	0.2575440110208392	0.157723075261443	0.2178556191720621	0.08261486167713535	0.01495576590399001	0.2231281357797893	0.01125176086160473	0.01035633083219701	0.01077434508995095	-7.524850825495368	-1.531834974034311	2.194390589842541e-14	-7.026447410289922e-15
1.09335249999998	-0.1458830220108945	-0.04210688149094367	-0.04575735219505548	1.371296957403053	0.946035984794018	-0.3529512213406025	0.8545703905153668	0.03369553686894593	0.2231202075072063	-0.04383364456674541	0.03697820733123994	0.10789147207267	0.2632080770287104	0.06300329413846241	-0.0330791710862799	1.129834224176348	1.129834224176348	0.1250220138922228	0.1250220138922195	-0.6376898121888642	-0.2891872899432214	-0.1343643195859891	-0.437946437438253	-0.0955762723726843	-0.189110712361835	0.3159254458549794	0.2045927115139298	1.777420113949795	2.127819608227483	0.08926562107221124	0.01003573813066439	1.902978743776511	1.74394926198009	-0.4881396523608783	-0.475992424535424	0.2749476620911041	-0.7836275946699393	-1.749078221387608	1.970308037116116	0.707600784283782	0.1810323157994175	-0.2641050489766179	1.517788286764745	-1.527925504870903	-4.694258405496274	-0.9796345041259613	-1.313927010442055	1.030921633736314	1.683857575691251	0.1422723268156614	-8.758065651968199	-8.758065651968177	-4.670867795396539	-4.670867795396727	-2.989624691133756	0.1810329051428045	-1.477808001673089	-0.9018880109953822	-0.235410283117046	0.5729847414492125	0.332637737230923	-6.808344689152125	2.367402124248799	3.6093649734808	-0.0094599074249117	-0.193603824245724	-1.470373786373723	0.7308515544302886	0.06338188004381079	-0.2152004120620029	0.02595119453443562	0.06785330725801093	0.01458119336840147	0.01266755642123954	0.02039295320669978	0.2426670566774507	0.1161445960668302	0.166394699583983	0.07304433755459692	0.02950428570660214	0.0275635410340498	0.03276872003514657	0.02279339186611893	0.02728267965994246	0.01454507928932622	0.06624387776365662	0.1162185620892203	0.0105055649446458	0.01087740982271242	0.01139980597341366	0.01171256609994157	0.01200009499348773	0.01212625630882666	0.1611105303395298	0.02321724291794853	0.06219018208838127	0.09902292841626546	0.01551517104135563	0.4350804338331567	0.572793763491402	0.520644158694603	0.01099995985492555	0.01392375735036296	0.01160081052070959	0.0180193029343136	0.2634046933582613	0.01635800643370443	0.03269319008389684	0.1789701692969367	0.1214723787588323	0.01651847449108117	0.02213381027249718	0.01869296711852055	0.02668652028168652	0.0161996558519979	0.02022261908029918	0.06831648208555524	0.1478461151289394	0.01296993120415719	0.01722606968969772	0.2320687266777634	0.09125811360631364	0.5073425688989307	0.6045493933084691	0.04630302271829496	0.0463552693976574	0.0172169272287859	0.3670371552053747	0.1687134682959017	0.09733235165207679	0.2071497500186454	0.1257706665231443	0.06287540617519867	0.0440588481614374	0.1531760289295808	0.02181400284073731	0.01940044579667834	0.04887143488397101	0.05721127354850647	0.01184515261045079	0.09776802549172095	0.3497316314810865	0.1243031593736002	0.4901389462867878	0.119331288610135	0.01467589084196356	0.3124564823128857	0.01780455285229013	0.04124763180534716	0.02007458456619483	0.503428910082613	0.3648170892069088	0.03868451202132128	0.3712062656676932	0.2118459861710482	0.09795932672031654	0.1479371848472336	-0.007177033876930526	-0.181355249969912	-0.1039827630931051	0.02787712322541707	0.08837439352014485	0.00375513957686061	0.02492454369053139	0.05292220612710766	0.01889983337444406	0.01561493743827163	0.02468554094748533	0.0948442888483295	0.02309936281067509	0.03823614017272994	0.04710474875040006	0.03445979680991891	0.02761896827760229	0.02183108333287842	0.01573617877123431	0.01181083085396592	0.01653069537081867	0.03321953992431347	0.05938708214830771	0.01111263927273395	0.01189228114464725	0.01294573521432243	0.01390875351725139	0.01454072440517019	0.01471836031351018	0.05604686384829936	0.0464895036550893	0.05223326481676783	0.08869031200583415	0.01963168859685899	0.1665589590284108	0.1576266357643729	0.1355586506198422	0.01163932079708285	0.01618743508366417	0.0116570749227015	0.02445260125617134	0.1431323757759923	0.01780284480995412	0.03485270536955939	0.09107807981741876	0.07317727261440725	0.01480657756541284	0.01229608684837965	0.01745128215621602	0.01781252988585957	0.01615527760163938	0.01481667979863912	0.03678281845297843	0.1442682633962105	0.01537490303446208	0.02129525730232507	0.1921052897113551	0.2459977079098206	0.3659505473060201	0.4073764107564563	0.02049550023042727	0.0149114247147708	0.01396856043540522	0.2512349609873675	0.09851068049337659	0.0557193580548752	0.1408736676172688	0.09794363111524967	0.0506479454558795	0.02291348788900735	0.2283857388273405	0.01617520836319078	0.01450275314720314	0.01757442468514179	0.06234004588977044	0.01156293881218261	0.0800423578339156	0.2500154187804565	0.1013904070307984	0.1251118654844796	0.1154896785706583	0.01637531828476834	0.1673261193365106	0.01166101898960941	0.01035405704050417	0.01095125326755408	-4.859498631823884	-1.076910172886397	2.565805974912026e-14	1.19546301828224e-14
1.10050499999998	-0.1438306496865137	-0.04757429163056912	-0.05818625666362569	1.385408413348825	0.951015513833725	-0.3516408778920939	0.8514972468865829	0.04443255904879149	0.211819149445385	-0.07659890804896013	0.03044400514266815	0.0985609490615109	0.2705418908148284	0.07491259534918808	-0.03230298964300189	1.065155548465444	1.065155548465444	0.09324102622384955	0.09324102622384697	-0.6583234345551142	-0.2877306697242898	-0.144387939306225	-0.4445437245851292	-0.09750998007885871	-0.1849680612613194	0.317713892319346	0.1557746688759562	1.793699621157468	2.153353615163875	0.08913708763356958	0.008777988992203972	1.891720974588554	1.749877372867221	-0.4876991331561	-0.4777627978401565	0.3022200516301579	-0.7425609246367483	-1.722623882394325	1.974821686309041	0.6834160565374029	0.1853401237408115	-0.599794954856224	1.482930311242358	-1.621846728242899	-4.468167330280387	-0.8474611086781019	-1.284398979108516	1.013226150516327	1.640774000788834	0.07144976185704373	-9.32662326634547	-9.32662326634547	-4.211878227949731	-4.211878227949731	-2.767755814441046	0.2199830503106047	-1.31405403751798	-0.9446127882896925	-0.3026286887713782	0.5747299164855381	0.1632882347425462	-6.825445187651912	2.183967824293026	3.531552750223199	-0.0267054360866875	-0.1512166036628386	-1.66269167175371	0.9146289271038547	0.06009182034567228	-0.298146508662074	0.02485088849752023	0.06156982945044437	0.01842889966444452	0.01532668668184941	0.02368190938991592	0.1675037851120694	0.07069910690608477	0.1066069208873901	0.0616356043379127	0.03261170393850134	0.02775139195047589	0.0269740551766392	0.01798557825363531	0.01914219274510654	0.01613598765875606	0.04498564651559243	0.0790056451010946	0.01106628380485619	0.01180918679744236	0.01280793655913655	0.01374204174546106	0.01434601554610554	0.01451146710123998	0.107228595353906	0.04433986239440512	0.05684096407641628	0.09401478274677122	0.01926151047986882	0.325320779238599	0.4170066288494521	0.3725961511592702	0.01157914940599581	0.01602488275936307	0.0114626255583776	0.02430962762954346	0.2188545218523371	0.01728514590158863	0.03211112185487257	0.1247852477896906	0.08578780882134135	0.01559610034726573	0.01715206526873492	0.01771487949427742	0.02274099579801167	0.01568519762458015	0.01734533464976326	0.04802151125613949	0.1415780456430435	0.01563303945345608	0.02226318638097257	0.1760478906452519	0.208504752406288	0.4505820080900376	0.5289629501277798	0.03216053395428906	0.03027677019157755	0.0154375600928534	0.3402113484107943	0.1408809788535847	0.06929855825362091	0.1894044970127479	0.1161082729168991	0.05578706673613493	0.03254530163603977	0.1973346489979403	0.01955215822324778	0.01756678195368429	0.03382282274145153	0.07172347295028578	0.01178908549240318	0.08709977123933123	0.3124169690389869	0.09983087056210896	0.3501791121659802	0.1257597417820476	0.01597149377197422	0.2469506267018704	0.0147939841088115	0.02578383209865315	0.01547818286431402	0.06095665149487152	0.2181191935772637	0.1975578951862662	0.5328505065178539	0.1679593922592518	0.1018531452962206	0.1437369208397519	-0.004629626253336489	-0.2277099342197566	-0.09341298828762301	-0.005057382937366892	0.03305956101255039	0.002791593067277657	0.02295694595510495	0.05592373562240823	0.02436037456716447	0.01941245257327095	0.0284522199553984	0.02168654685874134	0.01242961790227884	0.02050322293897055	0.05048119981069434	0.03665771580944665	0.02815736477112865	0.02071932947689188	0.01160173102449688	0.01077317418998244	0.01844328407163179	0.01385969519736003	0.01486285720190296	0.01192706030661173	0.01323854174620058	0.01496605542528934	0.01688116944129869	0.01797932078483165	0.01820166393311545	0.02165399288217614	0.07926432136571308	0.05009291340167157	0.08746597674706348	0.02511595639846344	0.0763352011259279	0.0380643423978545	0.02367496555810352	0.012461786809349	0.01930982849374266	0.01111129805918083	0.03460179775064201	0.1528617958533011	0.01844304104552107	0.029240849846164	0.01936221349217113	0.01838199116496244	0.01463738778037766	0.01235707146362649	0.01629437041545749	0.01960503717005661	0.01453281503583518	0.0143744620112805	0.01801315159770708	0.1246709434157779	0.02010058924942387	0.03121501265078549	0.01525492918376046	0.4518157115305605	0.3084959443404782	0.3317265323546097	0.01566610549297598	0.01327314610925289	0.01355284322016919	0.3261742006245186	0.1069525789285842	0.02233824699394078	0.1822089332909422	0.1085987192056854	0.04614527507979291	0.01924557142830252	0.2844578651360758	0.01817161501184485	0.01669112395790643	0.01909207936616717	0.1067484476078065	0.01185225914949014	0.07014311995998646	0.2424868265400738	0.04505773880015384	0.03236811179689709	0.1483644954641813	0.01779487066554609	0.1115241028932317	0.01207027711761402	0.01035178324880997	0.01112816144515697	-2.523866507135829	-0.8303421236965259	1.406240400709976e-14	-3.956210845330731e-14
1.107657499999979	-0.1415513051221338	-0.05272688971518064	-0.07029124647221235	1.399535580759686	0.9557883542732011	-0.3503018842404058	0.8460545903936428	0.05491080818425028	0.2000566027947557	-0.10768166176806	0.02479323166802678	0.08981512811163894	0.2776591658839341	0.08640927496874432	-0.03214980842064127	0.9967130224729945	0.9967130224729944	0.06490695811428977	0.06490695811429381	-0.677158602261587	-0.2861080864498795	-0.1530702993611286	-0.4514864986951491	-0.09986807665326693	-0.1810090644471576	0.3183499942041183	0.1073013536949151	1.808667063451268	2.178317638182107	0.08901554615904876	0.007893196568017073	1.879425161801463	1.756795746078789	-0.4872298893983972	-0.4799689299231383	0.3360174902443937	-0.6906324941077766	-1.651941747948309	1.974661948840716	0.6498474463653482	0.1884392757621533	-0.9206057270519782	1.438039398403667	-1.644776860592277	-4.214464987038315	-0.7289456918619762	-1.141756724314001	0.9750036575480974	1.560342658282791	-0.03450705853661279	-9.8045992836411	-9.804599283641142	-3.694521458999758	-3.694521458999579	-2.491296212014867	0.2316999972649008	-1.110092741207311	-0.9982309895076835	-0.354864934877593	0.5258935413580202	0.006631949024316815	-6.704192545313193	1.998830209843825	3.442951313351702	-0.008649730994586713	-0.1028975893304283	-1.757814218683358	0.9987182091889627	0.06737060956423435	-0.2873621021645383	0.02363090626151092	0.05377439185087796	0.02100250618549191	0.01780065703409445	0.02509214900356331	0.1041097697058466	0.04238003905735895	0.06633512380760276	0.05480350861629763	0.0343088167056993	0.02850695942487772	0.02384322484215884	0.01482478863266317	0.0148680442170391	0.01954858475024515	0.03059626938136999	0.0484320162381574	0.03320726394529658	0.02212129848513912	0.01841552050761289	0.019707236914087	0.02143424813611555	0.02100023616965942	0.06710407765532293	0.05679747002145737	0.05569571327517147	0.0941216175746402	0.0248149033229225	0.2278445379487462	0.283417299614141	0.2486915008190692	0.0119160397977422	0.01708250431564141	0.01150024423295338	0.03686921513053841	0.1927503340499572	0.01770228299978846	0.02962293751711203	0.08348239598825755	0.05947495131485143	0.01490849502154241	0.01464172779493318	0.01660416080847613	0.02045371434663829	0.01489152941657834	0.01565603054875371	0.03293027557125414	0.1442553605846989	0.01661235015772985	0.02402961116107462	0.1506928531122327	0.3554523468270646	0.3832239661486866	0.4443608127504872	0.02340525720281047	0.02137922595643022	0.01420849979140621	0.3388043351169321	0.1280412840839558	0.04549582412850266	0.1911264447165514	0.1189813729635257	0.05644946603934265	0.02587698519596864	0.2506035399226653	0.03340821849561778	0.04839705330679058	0.02568163252312401	0.1056786945482812	0.01169705338687609	0.08724685417056585	0.2879649880021569	0.08059823396679264	0.2307401622026475	0.1438336272898796	0.01698583691525742	0.1824166071343309	0.0132540839869953	0.01780669359235458	0.01315298316810276	-0.2947721700157653	0.02271636496687332	0.4386888674313946	0.6324752883605974	0.1005026613655263	0.07813003333950934	0.1310134424063446	-0.002444088375241603	-0.2873713122067615	-0.05564865513998837	-0.01662283764419136	-0.04798427490493409	0.001960820501249027	0.02208245988876271	0.03682752066708008	0.02256714757533091	0.02061765956145047	0.02471094697929965	0.0211220938805017	0.01244015033348924	0.01934971697718116	0.04516504911943272	0.03536299480688349	0.03012618286858159	0.02100517303474829	0.01218861709631972	0.01106492437941252	0.02625508308432446	0.01831586665664804	0.01581522517621388	0.08947302729215974	0.04701792295012067	0.03073235311919291	0.03214812822021289	0.03635609396182783	0.03434679332331244	0.01996495863712365	0.06110471098230289	0.05820586477227688	0.1000186887372863	0.03411959066258956	0.05499682126280026	0.03884479242996196	0.03829713990851367	0.01201723556700561	0.01699685411272766	0.01188715614678868	0.06111032949920687	0.1548773395824417	0.0177869620051249	0.02553318139000161	0.04506650250524847	0.04002161596140563	0.01398239944078644	0.01232836769475058	0.01498820469014892	0.01723700073767077	0.01386078580500061	0.01388080484335132	0.01764622195350365	0.1675444142928862	0.01533294482746612	0.02102018529086899	0.1973073556672266	0.7219076935461084	0.2032926659111091	0.2175648204504802	0.01448116611584055	0.0126119779820218	0.01269931431189499	0.3452369244304125	0.1153423103542726	0.01862186186165261	0.2034866390500639	0.1344552089858714	0.06640246355806328	0.01964188520803307	0.372386720183133	0.07051422252223366	0.1308887212812672	0.01678535672300374	0.1772522715828755	0.01141515503372263	0.1020206857670188	0.2494597414421527	0.06920586057630981	0.02208137069293583	0.1831705689499714	0.01801673515069707	0.06154206312315871	0.01167240928731638	0.01029998884708747	0.0109570731498778	-1.250152157164884	-0.7190548480991922	-2.390014603348324e-14	-2.124917528175628e-13
1.114809999999979	-0.1390113097096486	-0.05734522897547169	-0.08167048547573351	1.413644646284359	0.960292554205361	-0.3489543143491796	0.8383492761781693	0.0648751877976065	0.1886117526188417	-0.1367608701114408	0.02006903163745578	0.08250524558223049	0.2844618452639822	0.09703855240571424	-0.03288087263381174	0.9249987211052395	0.9249987211052397	0.04062612166931676	0.04062612166932217	-0.6938514952805425	-0.2844452083654894	-0.1602157954192455	-0.458844702691346	-0.1025593829609475	-0.1775367228443886	0.3176950630398334	0.06022298746939295	1.822258044012407	2.202519222257875	0.08899376346467673	0.007210105142812367	1.866828356575954	1.763860974788064	-0.4867890215572363	-0.4814246850575792	0.3751038959172015	-0.593170131398521	-1.51968762093012	1.969759991464178	0.6082981236770423	0.1877382333634682	-1.232484985624057	1.339240825858888	-1.533011642688155	-3.907930944194915	-0.5883703169091022	-0.8828782743307492	0.9252581144287622	1.398228825650989	-0.175805165939144	-10.24148530767517	-10.24148530767517	-3.078503417860701	-3.078503417860701	-2.168727590039079	0.2312503862014658	-0.8843122698041105	-1.060776335630313	-0.3958016306161422	0.4386501649600815	-0.1977136664269101	-6.435386059930415	1.799078140221391	3.318357659705489	0.001189364374358948	-0.09481646413595481	-1.746855932758228	0.9556930299229313	0.0521572753496905	-0.08832422315631203	0.02259153510810642	0.04013480211971084	0.02125218950466491	0.01958920616074223	0.02378648605915997	0.06534951757750551	0.02743434389600266	0.04321904729906947	0.04865820207657126	0.03445210383361219	0.0298946313799988	0.02249856961291572	0.01365623168496192	0.0130118765319786	0.02526231154167847	0.02572542466219612	0.03254737778018973	0.08199093516362439	0.04436607299342882	0.02930764760648084	0.03048852821427177	0.03432420284686987	0.03246444918662002	0.04379367139664223	0.0537175931315623	0.05915363717728469	0.1000527560177705	0.03211344508606301	0.1527870526502024	0.1887090162238601	0.1678224239175657	0.01183190128296216	0.01633872475667765	0.01193550666765848	0.05620611323610292	0.1777006794787178	0.01754711001249911	0.02648550377329496	0.07215207390647169	0.05599527584718134	0.01423750144422894	0.0134515405311881	0.01538672630527251	0.0181137359592713	0.01416193297775994	0.01460176132512625	0.02515515806824821	0.1643301602289813	0.01451486522654555	0.01945924654479781	0.2113608426585374	0.5309514784897948	0.2989454207258312	0.3453680382750153	0.01853020524638054	0.01672493759847072	0.01317832237362447	0.3448260611503525	0.1245469399228794	0.03111448000249459	0.2009242578132883	0.1321731729049674	0.06678118859055258	0.02285382491292811	0.314517444479762	0.06625311381284696	0.1175142842835562	0.02050667903473114	0.1543977311901118	0.01141904961542267	0.1022747363823136	0.2749925888767795	0.08164826273067018	0.143284018618645	0.1687303738947248	0.01757588319727687	0.119294275840952	0.0123239715118333	0.01395736207332094	0.01197690470907906	-0.6505009915264021	-0.172686463643517	0.6798198396765232	0.7321000702033408	0.03304593047180089	0.05440692138279809	0.1182899639729373	-0.0002585504971467225	-0.3470326901937664	-0.01788432199235369	-0.02818829235101582	-0.1290281108224186	0.001130047935220545	0.02120797382242048	0.01773130571175185	0.02077392058349728	0.02182286654962987	0.02096967400320086	0.02055764090226204	0.01245068276469946	0.01819621101539175	0.03984889842817106	0.03406827380432034	0.03209500096603454	0.0212910165926047	0.01277550316814273	0.01135667456884285	0.03406688209701708	0.02277203811593601	0.01676759315052472	0.1670189942777074	0.08079730415404049	0.04649865081309627	0.04741508699912691	0.05473286713882386	0.05049192271350929	0.01827592439207114	0.04294510059889276	0.06631881614288219	0.112571400727509	0.04312322492671567	0.03365844139967266	0.03962524246206946	0.05291931425892386	0.01157268432466185	0.01468387973171255	0.012663014234397	0.08761886124777171	0.1568928833115822	0.0171308829647288	0.02182551293383928	0.07077079151832615	0.06166124075784901	0.01332741110119524	0.01229966392587474	0.01368203896484029	0.01486896430528486	0.01318875657416602	0.01338714767542218	0.01727929230930023	0.2104178851699946	0.01056530040551046	0.01082535793095384	0.3793597821506922	0.9919996755616557	0.09808938748174019	0.1034031085463509	0.01329622673870509	0.01195080985479066	0.01184578540362069	0.3642996482363065	0.123732041779961	0.01490547672936436	0.2247643448091857	0.1603116987660574	0.08665965203633368	0.02003819898776368	0.4603155752301902	0.1228568300326223	0.2450863186046278	0.01447863407984041	0.2477560955579447	0.01097805091795443	0.1338982515740511	0.2564326563442315	0.09335398235246581	0.01179462958897501	0.2179766424357615	0.01823859963584802	0.01156002335308596	0.01127454145701821	0.01024819444536157	0.01078598485459759	-0.9591205221268544	-0.704599439479126	-3.554168573815533e-14	-1.051930628735231e-13
1.121962499999979	-0.1361697998904831	-0.06108585173962491	-0.09192065721027447	1.427702879333613	0.9644747662702576	-0.3476250762845467	0.8283992834737214	0.07395105854684546	0.1786225358280197	-0.1634389314903925	0.0164346809741798	0.07725693575318576	0.2908747584132876	0.1062129298892074	-0.03467357992731251	0.8501338795078375	0.8501338795078376	0.0211508792559462	0.02115087925593858	-0.7081296328248697	-0.2827938879264628	-0.1657278312503432	-0.4666569632990365	-0.105523340904211	-0.1747490348861975	0.315353195293004	0.01575353035063839	1.834390687937875	2.225688767579454	0.08895771287867482	0.006635385024526228	1.854650236680486	1.77015095301553	-0.4864344119999719	-0.482726862430447	0.4209025253021728	-0.4479519435627388	-1.34468588170006	1.960663034426041	0.5601547615958375	0.1836146048998906	-1.549112542634318	1.194389494531967	-1.232762684021784	-3.542939785792881	-0.4266476113179297	-0.5807262770401734	0.865545225977843	1.160197770194806	-0.3191207230004046	-10.6886433431012	-10.68864334310116	-2.347771410569759	-2.347771410569557	-1.825540835940507	0.2318846452812316	-0.6626285186921013	-1.121184013338133	-0.4327314650815661	0.3461006288180944	-0.4584586649812823	-5.970729909481496	1.596895000302024	3.153724133090538	-0.01026382922680575	-0.06865791757501563	-1.647462358518547	0.7811222000202179	0.04858714342589009	-0.2725058545904019	0.02137377693829798	0.02841961210395695	0.02142265062489509	0.02096040533259201	0.02236713588078328	0.04320913178924669	0.02140057917989403	0.03142804118740115	0.04547104074699166	0.03473700266925495	0.03061608964439618	0.02249991022224527	0.0134205488225261	0.012296822103313	0.03854973646373039	0.03305995271861651	0.02523834863853084	0.1217776916320723	0.06720302797182752	0.04624692199105346	0.03934519828196527	0.04571607053516744	0.04426638039889382	0.03166880364060544	0.04553353475133089	0.06140818773396459	0.1045052329087886	0.0431399849406704	0.09834140346344447	0.1235301852603895	0.1153852147027205	0.01293935197570249	0.01816743528381328	0.01225163340019614	0.06334356374371551	0.1674027074232574	0.01739192970552516	0.02420890840997814	0.0638474883720295	0.05311677917268109	0.01474379733704208	0.01358197446234023	0.01460507259667683	0.01639588207280264	0.0139297664740233	0.01458403650686319	0.0220076899464803	0.187632615720492	0.01239146271602568	0.01489266655913695	0.2891833882725759	0.6678978045205149	0.2201338301206872	0.2531253629700275	0.01568560652817308	0.01416264183849568	0.01244450971161992	0.3441061840434785	0.1198057528174104	0.02281298310793544	0.2089635199530006	0.1434928180756912	0.07864393081943946	0.02999140077846806	0.3819613512227426	0.1153444440354046	0.2040326777960784	0.01700050997615696	0.2160600031997778	0.01110277932925608	0.1185347212755409	0.2535923799397364	0.08435472470575806	0.08447353518407984	0.1876135598823258	0.03433901125824069	0.06982443919544395	0.01169529262599128	0.01200318348484788	0.01131140889775494	-0.9236733579996623	-0.220919433625265	1.110394553590739	0.7589123981765299	-0.02746719285282172	0.0245887594485558	0.1177524655961711	0.0005125013969794305	-0.3827822954289446	0.02303248625144869	-0.01336648899728626	-0.1840458146736707	0.0002355118163447916	0.01941786234634046	0.01627427454068587	0.02225822113007206	0.02257908852134189	0.02108721933833278	0.0195370853467481	0.0183735274869978	0.02102979138093698	0.04421475992280385	0.03581144634663358	0.03064826771734045	0.02351420020222459	0.01356660998209583	0.0118943923397086	0.06607699126169961	0.05466535714807421	0.01940726876313785	0.1695457260426717	0.0996546467102403	0.07692505793763775	0.04845318883559416	0.05893523419266009	0.06050985817149676	0.02076544012684372	0.03223379957281319	0.06164587291941927	0.1073970134697333	0.06323545597717192	0.02519274432926792	0.03066747335409753	0.04067081778105436	0.01591782565417738	0.02416923639039691	0.01243145367692905	0.05637659249157344	0.1497402009752936	0.017347977144268	0.02224373824161326	0.04131267405352783	0.04032096905956709	0.01677363942346798	0.01487008986177983	0.01406701023545037	0.01476975481580004	0.01416132930766066	0.01555414947590234	0.02050866260277882	0.2285524968032663	0.01037897409749261	0.01056919910184248	0.4385551543615883	0.9236981992494309	0.08619738837859496	0.08652117661209506	0.01287697761308826	0.01170856888673666	0.01172559337397245	0.3236849554834268	0.1054137298946231	0.01486471002716743	0.217312793388605	0.1561407390670089	0.09591325876071155	0.05083141276482327	0.5389260546474558	0.2142991348703091	0.3864418345333476	0.0131494577224435	0.3519831783108516	0.01068473596168698	0.1419011135827507	0.1857286516249818	0.08231092742293435	0.01132727812590798	0.2104887004182796	0.07726209265428176	0.01131455154462495	0.01100555319868267	0.01021851601546233	0.01064951493459722	-0.8520610888263849	-0.7463957860619814	7.103858374993029e-15	5.800765665814204e-13
1.129114999999979	-0.1329694665064488	-0.06368394175382694	-0.1008803930303983	1.441683700180161	0.9682914383342111	-0.3463324573332615	0.8161984394318419	0.08190102825312252	0.1713695478436112	-0.1873150840239947	0.01398340874737149	0.07425433239798805	0.2968092589088817	0.1135359640279512	-0.03735498024360929	0.7721515541224658	0.7721515541224656	0.007319359874012995	0.007319359873999932	-0.7199913165949975	-0.2811082336454871	-0.1697755410341833	-0.4748471403633776	-0.1087459407298403	-0.1725106450769134	0.311117737623799	-0.02477996435321181	1.845150447065042	2.247538194741364	0.08886133151187969	0.006188333074670075	1.843418163962508	1.774720156813824	-0.4860712717890043	-0.4852758460781673	0.4754390416276938	-0.2736922565427923	-1.158852692047404	1.948113797068679	0.5060849112585214	0.1774987049894052	-1.861873685360306	1.024413550651078	-0.7679004769660733	-3.124454161159583	-0.2575549554362332	-0.2549281942617438	0.7914831675676097	0.8805515534385761	-0.4243037392480624	-11.11320394814204	-11.11320394814204	-1.500391420253042	-1.500391420253042	-1.493032721335913	0.240850901251918	-0.4748537455796583	-1.166450283662605	-0.4681237228540445	0.2850540380374506	-0.7272040326976821	-5.334802371736504	1.415188647512273	2.949222906914247	-0.01568047995790143	-0.059117570482355	-1.482319846776934	0.4745257655613564	0.05454263814678068	-0.4369593227299491	0.01984953541484134	0.02186867128189728	0.02228791054362252	0.02200284805399347	0.02175692373381672	0.03116371367446521	0.02163228423173408	0.02704432691989217	0.04609960746604846	0.0357750455043487	0.03020673491243578	0.02367400339937322	0.01373596862996702	0.01225502358688545	0.06094398729235863	0.05278093618463731	0.02308021844449114	0.1428664117327531	0.08732356308953344	0.06940416970062979	0.0440807629250612	0.05327474369693224	0.05494001145528788	0.02693166868739823	0.03593925294047034	0.06022571140392895	0.1044692060712352	0.05852315000610382	0.06191680905893591	0.07909181679932184	0.07815677848920369	0.01578000185715344	0.02404086370723947	0.01227284770155912	0.05126564494088917	0.1583313888898976	0.01743520240633865	0.02334454056175667	0.04479714756649407	0.04085300737227932	0.01682096769298821	0.01502029759528592	0.01444761535735803	0.01553817937382496	0.01434357598634694	0.01573555504673929	0.02221425147210979	0.2082083393524426	0.01130348264002502	0.01260342739305976	0.3551264580243308	0.7349594499630798	0.1630208887088946	0.1836460181914802	0.01412586630112107	0.01283458672321905	0.0120399944619788	0.3288312885303197	0.108813647066907	0.0187723712158322	0.2106238895071962	0.1478612746185524	0.08905137752238919	0.04912992477623406	0.4504233442766044	0.1798385690826363	0.3045652868477685	0.01463676598566938	0.2906357961425284	0.01079870838130753	0.1307244495949016	0.2120061705367297	0.08046645998579208	0.04941930557024611	0.1951475141140179	0.07172579522108399	0.04135750036321146	0.01125975528899467	0.01107935491969734	0.01093042005227248	-1.196845724472922	-0.2691524036070131	1.540969267504955	0.7857247261497188	-0.08798031617744433	-0.005229402485686459	0.117214967219405	0.001283553291105615	-0.4185319006641226	0.06394929449525104	0.001455314356443283	-0.2390635185249229	-0.000659024302531096	0.01762775087026043	0.01481724336961984	0.02374252167664685	0.02333531049305393	0.02120476467346469	0.01851652979123413	0.02429637220929617	0.02386337174648223	0.0485806214174368	0.0375546188889469	0.0292015344686463	0.02573738381184437	0.01435771679604862	0.01243211011057376	0.09808710042638212	0.0865586761802124	0.02204694437575095	0.1720724578076361	0.1185119892664402	0.1073514650621793	0.04949129067206147	0.06313760124649638	0.0705277936294843	0.02325495586161629	0.02152249854673355	0.05697292969595642	0.1022226262119576	0.08334768702762821	0.01672704725886313	0.02170970424612556	0.02842232130318485	0.02026296698369246	0.03365459304908131	0.0121998931194604	0.02513432373537516	0.1425875186390051	0.01756507132380704	0.02266196354938715	0.0118545565887289	0.0189806973612851	0.02021986774574074	0.01744051579768485	0.01445198150606042	0.01467054532631519	0.01513390204115526	0.01772115127638247	0.02373803289625728	0.2466871084365381	0.01019264778947272	0.01031304027272986	0.4977505265724848	0.8553967229372067	0.07430538927544958	0.06963924467783898	0.01245772848747141	0.01146632791868265	0.0116054013443242	0.283070262730547	0.08709541800928509	0.01482394332497051	0.2098612419680243	0.1519697793679604	0.1051668654850894	0.08162462654188279	0.6175365340647214	0.3057414397079958	0.5277973504620674	0.01182028136504621	0.4562102610637584	0.01039142100541936	0.1499039755914503	0.115024646905732	0.07126787249340286	0.01085992666284047	0.2030007584007978	0.1362855856727158	0.01106907973616386	0.01073656494034706	0.01018883758556078	0.01051304501459656	-0.5226133337921269	-0.8269014642842858	3.04001689546648e-14	8.901749574091764e-13
1.136267499999978	-0.1293626524210807	-0.06494351191008911	-0.1084183437114425	1.455562591409845	0.971700664007591	-0.3450964057008909	0.8018297182734562	0.08847784044240684	0.1679004931989879	-0.207943548954088	0.01276121521287103	0.07382312515476175	0.3021862056981365	0.1187118392268889	-0.04071047024627213	0.6913568110509609	0.6913568110509607	6.650414203877143e-06	6.650414162437714e-06	-0.7295321694614755	-0.2792960651781484	-0.1726229845209781	-0.4832809076359471	-0.112245554174807	-0.1705636382156061	0.3050264783152243	-0.06013200819977576	1.854706057845275	2.267800771366145	0.08875043840294683	0.005525715558895888	1.833582278111729	1.776748674793316	-0.4857139106790697	-0.4873099562660965	0.5348383270173019	-0.07886454394142568	-0.9525957454431612	1.932203175102097	0.4467368149861334	0.1681424626711132	-2.153016805093282	0.8154133009151385	-0.1860691548371929	-2.630986741294743	-0.08536601235146267	0.1347923301185364	0.7083575056469812	0.5681075253450999	-0.5040666231634038	-11.45686019651646	-11.45686019651646	-0.5200461853272755	-0.5200461853272943	-1.179700713388958	0.2704438916419298	-0.3310727285718331	-1.184353068368528	-0.5130712955565334	0.2701517811949257	-0.964332687123763	-4.525891645558161	1.264217724091378	2.71177627705873	-0.01500710478079078	-0.1191735058211797	-1.260630571717134	0.08892863652138053	0.04650878753470636	-0.1672275344265196	0.01905428011372954	0.01841673727812029	0.02336979969993182	0.02541943296129719	0.02293110994675702	0.0252617930096763	0.03583690268114543	0.02589864158819302	0.05080290812522589	0.03590654565449623	0.0301265437259669	0.02555207533496162	0.01393991405834959	0.01227824156089018	0.08117187878092974	0.07794290266869291	0.02846218806930944	0.1498678760424666	0.09787094897719489	0.08381783876203958	0.043523076946184	0.05360126115164258	0.05782468350777994	0.02521448998593301	0.02822774579151796	0.05537037945752394	0.09723660985140896	0.06457392703749694	0.03956457848011211	0.05185771765631734	0.05337712652871959	0.04741013788020131	0.02901442980097662	0.01233427425529336	0.03844290091945904	0.1487303166054559	0.01779745639039501	0.02359292499969665	0.03691074349933218	0.0329991925095901	0.03337194204768311	0.08579866257742198	0.01432381937947516	0.01486190487485213	0.01497228581086067	0.01711784295518396	0.02129975633194473	0.2110311829177975	0.01584324513357659	0.0125380846222345	0.3623084478099526	0.7078494189552988	0.1191743874593219	0.138349321380823	0.01321042489595667	0.01205887375816258	0.01174532967908062	0.3132228976051697	0.0911887576721908	0.01739853806298683	0.2171018607898587	0.1590573681287216	0.1066016548629379	0.06750985734368237	0.527051459492199	0.2107208347579287	0.3531518543553336	0.01423239526493462	0.377651452481487	0.01994682551530992	0.141376153705609	0.160765781818831	0.06856167009139209	0.03021435593244745	0.2209653520368546	0.1063791148368767	0.02615224260583434	0.01115445714407922	0.01067857847812119	0.01084886762127889	-1.41553613292236	-0.2439788323792598	1.828783455385696	0.7730947993752108	-0.1028834759191366	-0.02609004737698582	0.1353135672792741	0.0009128250801703247	-0.3825170936422677	0.07196779603364618	0.02247488116187981	-0.2613294773112252	-5.116951452408976e-05	0.01889254953819281	0.01552472921456642	0.02492315490880031	0.03308606353408441	0.02639874637211201	0.0205077318896511	0.0706710283362936	0.02559859791797475	0.06155207395366934	0.0347557792023843	0.03076085810469841	0.02865338922118477	0.01393056549037977	0.01218813113625206	0.1075349962943282	0.1206752096243703	0.0432359642515762	0.1476878685246012	0.1027012385958387	0.09309759219633559	0.03743498758792805	0.04611083879317595	0.05255462621271455	0.02385659953455087	0.02007705507136783	0.04458475783097142	0.07704945836866844	0.06034198331284998	0.01610385633837219	0.02278727342503165	0.02488094945264724	0.1272480342552679	0.03379909930831587	0.0125483469155152	0.02566647122679143	0.1300687569272692	0.01860447108206424	0.02480443461167132	0.04313291632721868	0.03041458282003768	0.07335608880426764	0.2823702618404705	0.01400980905532414	0.01388842859045843	0.01588883073146832	0.01894098311806585	0.01768344790809738	0.1873488625092438	0.02813627856831998	0.01428563709513533	0.262518627602944	0.4559273059342499	0.05081167632489678	0.08158156496342334	0.01231343521973915	0.01126687364291463	0.01137447193394884	0.2884535258729222	0.05600818865772596	0.01721951517558988	0.2415742204374988	0.1931059101847069	0.1461801925714802	0.09117954517362752	0.7377336721821467	0.2087033679849625	0.3532860333414154	0.01556905043244873	0.5952948102865226	0.04332804333503137	0.1595515555242949	0.06308223010151637	0.04193993943278999	0.01109562232437175	0.3082012844616885	0.1540923511518718	0.01139993736362678	0.01132948826474548	0.0104265120305189	0.01099474058557199	-0.3104963409438766	-1.062559975139288	5.323395700640751e-15	2.623452516688895e-13
1.143419999999978	-0.1252938428215613	-0.06481714346077597	-0.1145597423430675	1.469316235968162	0.9746752205730577	-0.3439269890308502	0.7854414102025893	0.09357698987723273	0.1689375115792102	-0.2247690717475247	0.0127455376345044	0.07618882211667438	0.3068897467004706	0.1216823095042632	-0.04442403131160576	0.6085753737080137	0.6085753737080137	0.0002285770844583262	0.000228577084449122	-0.7369369756178523	-0.2771741356325574	-0.1746505406819613	-0.4916824838669144	-0.1161229665712725	-0.1684919320480301	0.2974905629917464	-0.08917189687408821	1.863341546633024	2.286260441212295	0.0886512414140339	0.004583572290475846	1.825490481300656	1.775938424263085	-0.4853898673786877	-0.4881744881980372	0.6046233867258565	0.1138473745174085	-0.7683453031835483	1.913092008500475	0.3845416444172124	0.1588660695948303	-2.426595646207897	0.6112257828892937	0.4920989707362803	-2.061065936999003	0.07981406410207509	0.5271491787230612	0.6031837514413685	0.2638706945602969	-0.5244284684115235	-11.66872838615454	-11.66872838615454	0.6064624434653704	0.6064624434653704	-0.8957459796089485	0.3274670713329667	-0.2455947939371136	-1.157448943822731	-0.5737648138009451	0.3199227710031671	-1.131162373111073	-3.56978170141891	1.157901826824728	2.445089588876707	-0.01240998152522312	-0.1372792629383406	-0.994633292507682	-0.3192578093353198	0.04522622862484797	-0.1099189156005826	0.01935266151872202	0.01716032337364318	0.02450135253525792	0.03211877144946306	0.02621730586951227	0.02345756751259378	0.0658226185260358	0.02626320215994588	0.05959331534866626	0.03452332187428369	0.03090042605582608	0.02796783622410528	0.01380513953695341	0.01215764082865733	0.09569064841769755	0.1063792289171734	0.04193810341415141	0.1430447662584655	0.09591213611998188	0.0842433893556295	0.03706985741206452	0.04516341775274358	0.05024652699895071	0.02471163467582812	0.02370563595844298	0.04667955471763721	0.08139753285518608	0.05616003856157377	0.02766887525218753	0.03787144275878516	0.03841804134943004	0.1135544602678901	0.03142912812329662	0.01255010425622316	0.03225407975313406	0.1377259914008485	0.01851998542780951	0.02483806285456364	0.04885774332086026	0.03502463916350178	0.06779942600255986	0.2348320233879924	0.01402925751253324	0.01412805788316671	0.01566783210104876	0.01841007818745135	0.01765098751674404	0.1881732725220139	0.02742079672187771	0.01463962153502782	0.2795027222910532	0.562713609091437	0.08222239288817884	0.116319932968964	0.01270799025099368	0.01159246030386696	0.01148484930120277	0.3052410095551653	0.06656759704679246	0.01802971507381781	0.2336441436104687	0.1828127565975967	0.1343346995731606	0.0811011498403597	0.6154572901048042	0.1877565051386849	0.3183881262180665	0.01605029672689234	0.4779380125371958	0.04128940076487403	0.1514454115761259	0.1058263282811557	0.04771606030500242	0.02061991931329634	0.277190922856763	0.1317478505269858	0.01876967951349903	0.01142554127259086	0.0106221201362803	0.011071128879422	-1.634226541371797	-0.2188052611515066	2.116597643266438	0.7604648726007028	-0.1177866356608289	-0.04695069226828516	0.1534121673391432	0.0005420968692350155	-0.3465022866204127	0.07998629757204134	0.04349444796731632	-0.2835954360975276	0.0005566852734829907	0.02015734820612513	0.01623221505951289	0.02610378814095374	0.0428368165751148	0.03159272807075929	0.02249893398806802	0.117045684463291	0.02733382408946728	0.07452352648990157	0.03195693951582151	0.03232018174075074	0.0315693946305257	0.01350341418471048	0.01194415216192947	0.1169828921622743	0.1547917430685284	0.06442498412740134	0.1233032792415662	0.08689048792523725	0.07884371933049189	0.02537868450379462	0.02908407633985555	0.03458145879594483	0.02445824320748542	0.01863161159600211	0.03219658596598633	0.05187629052537902	0.03733627959807179	0.0154806654178812	0.02386484260393773	0.02133957760210965	0.2342331015268436	0.0339436055675504	0.01289680071156919	0.0261986187182077	0.1175499952155338	0.01964387084032152	0.02694690567395555	0.07441127606570838	0.04184846827879057	0.1264923098627945	0.5473000078832563	0.01356763660458787	0.01310631185460169	0.01664375942178139	0.02016081495974924	0.01162886291993776	0.1280106165819496	0.04607990934716662	0.01825823391754054	0.02728672863340295	0.05645788893129287	0.02731796337434434	0.0935238852490083	0.01216914195200681	0.01106741936714655	0.01114354252357344	0.2938367890152973	0.02492095930616673	0.01961508702620905	0.2732871989069732	0.2342420410014534	0.1871935196578709	0.1007344638053723	0.8579308102995719	0.1116652962619292	0.1787747162207635	0.01931781949985051	0.7343793595092871	0.07626466566464229	0.1691991354571395	0.011139813297301	0.01261200637217714	0.0113313179859043	0.4134018105225794	0.1718991166310267	0.0117307949910897	0.0119224115891435	0.01066418647547356	0.01147643615654659	-0.3201223714912051	-1.514234519480858	-1.19659302401368e-14	-2.424772380032776e-13
1.150572499999978	-0.120707322757417	-0.06344715861777013	-0.1195019503439791	1.482925483937116	0.9771998025561224	-0.3428217242421202	0.7671502825209825	0.09733289993505791	0.1749938774648261	-0.2372409884035852	0.01377661396242735	0.08131644709607636	0.3107768077419264	0.1226716200085515	-0.04809283216864165	0.5247914855808795	0.5247914855808795	0.009059168259814489	0.009059168259807085	-0.7424425647735088	-0.2745877515867914	-0.1762765072813939	-0.4997344939246928	-0.1204452758175758	-0.1658429876240927	0.2890237654007371	-0.1109133095544027	1.871377835477418	2.302682046307444	0.08855537608509657	0.003626168540950215	1.819425337421463	1.772314156915542	-0.485099251709405	-0.489184193374721	0.681983273175004	0.2622373534458685	-0.62319943489369	1.892166416980851	0.3213447659506702	0.1503047374686327	-2.682760305822232	0.4434615613497797	1.192257787893714	-1.428021857221893	0.2068755246124381	0.9005277945594231	0.4765749255178948	0.02479771587269997	-0.4907901487976265	-11.72521965868291	-11.72521965868291	1.870264790472808	1.870264790472762	-0.6504416741231943	0.396040296876154	-0.217777707391324	-1.086178634462451	-0.6336061460768996	0.4285241332898834	-1.221060652826411	-2.504670528753059	1.097888451310114	2.141012013784731	-0.01411289510557539	-0.1262625304683129	-0.6979398156600259	-0.6737565144833993	0.03691533548748201	-0.1544541876185112	0.01993708565648933	0.01686569509317689	0.02639817889138282	0.03605688333049354	0.0279556428137006	0.02340390947625831	0.09785952329114922	0.02711033385869297	0.06661580058066412	0.03227414116725005	0.03143443725180187	0.02918505677751063	0.01379013061509142	0.01211647694587143	0.1074697225759313	0.1307684782873776	0.05347064514569255	0.1298297415234853	0.08967619115379349	0.08140559464925065	0.03034377844949779	0.03606307146624271	0.0411632897976186	0.02583368735866501	0.02111726675300077	0.03889228095376798	0.06561595890268536	0.04723807248110235	0.02158552805224746	0.0302545099172843	0.02984731104252399	0.1741649577599098	0.03876812896860294	0.01273107899957062	0.02882749486014382	0.1293029790534885	0.01934473777073137	0.02457176452560406	0.05316223694279709	0.03460270015217289	0.1132148835367873	0.3602242591467527	0.0138867295218872	0.01362449299206752	0.01748741259500801	0.03802881746525411	0.01461761322022906	0.1644763292882088	0.04867042197595053	0.03107125411085894	0.1793790790610524	0.3926660875732416	0.06394547657225325	0.0972920246222415	0.01231086564735448	0.01126923969899762	0.01127926696043933	0.2905945361445662	0.04488632284767655	0.01784292387120044	0.2457287765573053	0.1994440619475413	0.1522330164802049	0.09718973918431145	0.6889712700332162	0.1451002269773963	0.2604940098544636	0.01680874008257769	0.5628568497947068	0.06324585900606022	0.1590386486862312	0.0617997765577178	0.03035636838208871	0.01570249447993678	0.3224108236665844	0.1519017988592975	0.01580500422065896	0.01156756702784241	0.01060426981849421	0.0111895823314654	-1.649055083396959	-0.0507248888011226	2.163156153101701	0.6969037615059683	-0.1188028411517741	-0.05592402050055389	0.1572973469890947	0.0005086931989509294	-0.2952228800123278	0.08229682134236295	0.05409571818962907	-0.3076175213777865	0.003448120432906426	0.02074827986043592	0.01689785083353441	0.02994889002548666	0.03739241047302021	0.02793689889007654	0.0240678499832551	0.1481698513800592	0.02840028745961868	0.07373366474764544	0.02851861433421457	0.03163753133389645	0.02931921924470152	0.01400464077530095	0.01219221081419448	0.1252396591426824	0.1659558768563251	0.06581775346063126	0.1036952367854905	0.07862918552916327	0.07764383800402336	0.02243884127257954	0.02519769737737579	0.02972101702443748	0.02893791481507438	0.01873785143359086	0.03009893114669942	0.04503886929202813	0.0385461677595429	0.01611359067048281	0.02192401915862941	0.02155597939096669	0.2682894045690714	0.05607882397963296	0.01289297318433754	0.0249502240704232	0.1192809920795512	0.02049569202404629	0.02211517611528427	0.04310866253717936	0.02772166428170034	0.199062373849436	0.5822578143950843	0.01391554824001733	0.01321753695453429	0.02126005914945127	0.08777821478905368	0.01200776910995616	0.1337223984204788	0.0897033427592511	0.07032298876639465	0.01947857975520699	0.0335104449157539	0.05714907076455832	0.05800321465781383	0.01177038860826512	0.01090371149118681	0.01105298831126775	0.2409022039026997	0.01971401923001464	0.01604137537367544	0.2567831946110657	0.2135328204778456	0.1651983833345102	0.1284721996975308	0.8413841592712981	0.0642692693230985	0.148465189015592	0.01598253094099408	0.7373986455753846	0.0940290085588216	0.169224659855007	0.01146719698459803	0.01337691168519397	0.01100818708726978	0.384624695586012	0.1834614534838798	0.01419030624901211	0.01150582268100015	0.01052483985250158	0.01114545610851491	-0.298109780328666	-1.954888512803267	-5.243960298410081e-15	-3.680274781321887e-13
1.157724999999977	-0.1154792440855876	-0.0611658854582413	-0.1236118257337653	1.49638090646376	0.9792714346184033	-0.3417752505212391	0.7471396978604429	0.09998436974038108	0.185862019124764	-0.2452206586872336	0.01568168126899985	0.08898329140305264	0.3136048547180789	0.1222092004239139	-0.05129228328118798	0.4413312322177362	0.4413312322177362	0.02708993329223046	0.02708993329222974	-0.7463374015301957	-0.2715045424665767	-0.1778905280199671	-0.5071073215091534	-0.1251689070867404	-0.1622511390511561	0.280241930331068	-0.1249305972192061	1.879170765480155	2.316805381114956	0.08845340801509345	0.002837036435551028	1.815554769442073	1.766592336811343	-0.4848492211070455	-0.4901269918867467	0.7840176146617048	0.3686641005637839	-0.5356063696283782	1.870078952279329	0.2578866508696171	0.1424267636601479	-2.907394521826968	0.302399427768123	1.837579788442641	-0.8049327325555069	0.3242016149336943	1.237172059555505	0.3070595807867419	-0.1420657161845241	-0.3931877149715853	-11.57823282124969	-11.57823282124969	3.17903814624525	3.17903814624525	-0.4453433514454379	0.466390545488534	-0.2422544623441074	-0.9675342361491115	-0.6859834849959929	0.58357999546993	-1.219253943515745	-1.409942480021097	1.089853216784371	1.802441483280824	-0.01411644529753013	-0.09022672351088407	-0.3809804718706484	-0.9057807751953563	0.03387773035894428	-0.09121030612026669	0.02052436751924694	0.01708323156855664	0.02930796258561449	0.03512681780501049	0.02686320273167478	0.02420528581019521	0.1280436003786158	0.02807078009759368	0.06974232097069562	0.02939603577951124	0.03133496776559261	0.02858787977772341	0.01405210681742311	0.01223098153465297	0.1174448331007482	0.1485549244852174	0.05974230757218221	0.1134758911269899	0.0824165382397193	0.07934264566522274	0.02552197391697225	0.02952976361187123	0.03411622210455379	0.02871176946378898	0.01994594230149123	0.03393923253158726	0.05388833937640211	0.0433363224541636	0.01900164043902748	0.02551038234398854	0.02575344293818961	0.2196413962518044	0.0534988022619692	0.01281263086680595	0.0265205618876174	0.1253532484658267	0.02018262695593452	0.02189622634542343	0.03934710874705414	0.02703720521747061	0.1678948439076299	0.4426794039900834	0.01400727692162132	0.01345057097168185	0.02078654514837346	0.08072784590319669	0.01339910453854369	0.1528440728372784	0.08016564275042426	0.06498184655049966	0.1088511098529793	0.2595569438320565	0.06876948218211666	0.06977812738179781	0.011912568650561	0.01103184729052885	0.0111356300202522	0.2610738491513741	0.03092397925001471	0.01584774819788966	0.2464387536236017	0.2004024223102485	0.1523862183885488	0.1182721860462772	0.7330814481627274	0.09783508024804592	0.2105108849783587	0.01537800263258236	0.6186478016731436	0.08242126577046875	0.1633074022341891	0.03724642298376815	0.02201389942863772	0.01320569142717622	0.3389368668584265	0.1678636891216123	0.01572549560436942	0.01140850650424583	0.01052082902201757	0.01106564153221352	-1.663883625422122	0.1173554835492614	2.209714662936965	0.6333426504112338	-0.1198190466427192	-0.0648973487328226	0.1611825266390462	0.0004752895286668526	-0.2439434734042429	0.08460734511268457	0.06469698841194182	-0.3316396066580456	0.00633955559232982	0.02133921151474674	0.01756348660755595	0.03379399191001963	0.03194800437092567	0.02428106970939384	0.02563676597844221	0.1792940182968274	0.02946675082977007	0.07294380300538998	0.02508028915260799	0.03095488092704159	0.0270690438588761	0.01450586736589297	0.01244026946646259	0.1334964261230906	0.1771200106441219	0.06721052279386128	0.08408719432941469	0.07036788313308927	0.0764439566775548	0.0194989980413644	0.02131131841489599	0.0248605752529301	0.03341758642266334	0.01884409127117958	0.02800127632741287	0.03820144805867795	0.03975605592101401	0.01674651592308437	0.0199831957133211	0.02177238117982368	0.3023457076112992	0.0782140423917155	0.01288914565710879	0.02370182942263867	0.1210119889435673	0.02134751320777079	0.0172834465566129	0.01180604900864985	0.01359486028460975	0.2716324378360773	0.6172156209069124	0.01426345987544679	0.0133287620544669	0.02587635887712114	0.155395614618358	0.01238667529997471	0.139434180259008	0.1333267761713356	0.1223877436152487	0.01167043087701125	0.01056300090021507	0.08698017815477181	0.02248254406661842	0.01137163526452356	0.01074000361522722	0.01096243409896216	0.1879676187901021	0.01450707915386257	0.01246766372114196	0.2402791903151584	0.1928235999542377	0.1432032470111496	0.1562099355896892	0.824837508243024	0.01687324238426768	0.1181556618104204	0.01264724238213773	0.7404179316414821	0.1117933514530013	0.1692501842528744	0.01179458067189521	0.01414181699821085	0.01068505618863341	0.3558475806494447	0.1950237903367338	0.01664981750693445	0.01108923377285706	0.01038549322953138	0.01081447606048371	-0.1948117132213165	-2.268941014668169	-4.784089919743079e-14	-4.237575549597252e-13
1.164877499999977	-0.1094056417266555	-0.05819816502028002	-0.1273941216328198	1.509672961387646	0.9808869817359461	-0.3407768236047137	0.7257340350112699	0.1016934237496868	0.2010067561404891	-0.2489373186346522	0.01853411730449531	0.0988128226349046	0.3150301291971489	0.1207602285563628	-0.0534695216018075	0.3598509253339823	0.3598509253339869	0.05438154114538007	0.05438154114537831	-0.7488763554855276	-0.2679360821871863	-0.1798043151183902	-0.5134835891308296	-0.1302270485258469	-0.1574525819923397	0.2718171315987995	-0.1311424525781302	1.887036900581671	2.328380125863811	0.08838499935052845	0.002498168055178668	1.813961375383219	1.759701819227277	-0.4846047012578721	-0.4905152773009769	0.9143732841417556	0.449927910614868	-0.5294225328102592	1.846480656453213	0.1935274260330009	0.1369311998916438	-3.058394903172788	0.1849322212635382	2.358723492230089	-0.2462645547148232	0.4660645656611751	1.48475009777664	0.08930756861788457	-0.247364493248154	-0.2112693376674718	-11.15331045911299	-11.15331045911299	4.430291207029327	4.430291207029287	-0.2689392108839619	0.5272712837491011	-0.2940319445310303	-0.8120577633237838	-0.7234066265898506	0.7572415979314258	-1.127787534396351	-0.3195869983728153	1.110001331493962	1.425646176190874	-0.006904685857778306	-0.009906359495935553	-0.07015285243646269	-0.9921898044000538	0.0324166105624288	-0.01754674422501959	0.01980994686528285	0.01666326739654523	0.0289217705330054	0.03106802599271792	0.02416902741767425	0.02355931169599109	0.1472306547914434	0.04907162341933669	0.0672215655284247	0.02860429073855458	0.03100989558719641	0.02669536319540774	0.02297514757957133	0.01446771334358274	0.1304359851605405	0.1581238239529588	0.05638673481962844	0.09318219910564714	0.07744175352361558	0.08519646526544258	0.02383073584298385	0.02951170829798781	0.03669778579528239	0.03020559887683431	0.02028101670757541	0.03531060088739491	0.05476977146638005	0.06248746144429359	0.01893556115558489	0.02194977316780055	0.04190526106000424	0.2594846024529485	0.06738139571619257	0.01262288662046058	0.03095547813470539	0.1401118758640818	0.01991662177034006	0.01884677183721544	0.02523413079575862	0.01982508258741568	0.2037064485737786	0.4913319494567706	0.01412701666965603	0.01338364290353158	0.02334977376105154	0.1100992986793644	0.01292036533826875	0.1429447899356576	0.1283873235437537	0.08469727320315143	0.06645574591098768	0.1695293682021086	0.06773482256465291	0.04523103595113189	0.01170675527340322	0.0109052083249903	0.01105787974265003	0.2408087846267657	0.02465676616268121	0.01485107110654539	0.2454740274260344	0.1997985307881315	0.1518257991120023	0.1313604907907704	0.7550667058681365	0.07281000944666191	0.1702612901980623	0.01732573359419955	0.6522263228227152	0.09279338879084503	0.1654737269475117	0.0243701587263188	0.01813721196395037	0.01181458177035561	0.3473600584572975	0.1884611378422493	0.01548961547270796	0.01123581972992136	0.01044204426538945	0.01092396061700693	-1.473983080629784	0.232325367335759	2.18578968239004	0.5594256268602318	-0.1211155038091108	-0.05219632818975502	0.1229844382828484	0.001472983377318502	-0.2353370691074646	0.0915931429237298	0.05197674665736496	-0.3831051153669485	0.0101383413851183	0.01730895751359064	0.0152015985054129	0.0241358256929119	0.02306870117198657	0.01938701512398105	0.02069780288649581	0.1653362729572374	0.1041382824845361	0.0572936167865824	0.03016152437502349	0.03047891983840589	0.02306613270309472	0.04525478166723489	0.0198867969886624	0.158101944631808	0.165424079393769	0.04064469584007706	0.05601199657128688	0.07310842678039284	0.1048798832015069	0.02451184402446992	0.03633195587097358	0.05126332709624134	0.0301362180307027	0.02205549772049991	0.04390551426821007	0.07035575299842936	0.1184795322393807	0.02065248901438932	0.01743657620721377	0.08793784504146812	0.3379342551628586	0.08531773303083479	0.01208541933125951	0.04486253856287013	0.1916384765442506	0.01826363560846202	0.0149419172187838	0.01120623028326899	0.01254921390473843	0.2383869757339738	0.5604781326101134	0.01421277369805212	0.01331807546943567	0.02563287978215834	0.1338648056738999	0.01256983981654505	0.1215680050029535	0.2314796224386198	0.09210299678617435	0.02192618031556747	0.05016048084350083	0.0491232500374312	0.01656880091986365	0.01164602426536495	0.01083426913166306	0.01100927781208158	0.2260737538301382	0.0220899283928467	0.01516814390612736	0.2471680378826499	0.2042082118140376	0.1578593179111618	0.1402876880477571	0.7863881484094316	0.06618313350723165	0.1066099231682658	0.02451414164253503	0.7116573664167961	0.09839211702861488	0.1677276314098436	0.01196063732025529	0.0148501276541102	0.01044895718422839	0.3681958925362475	0.236805217001629	0.01412252614322207	0.01107302164286619	0.01035956396783095	0.01078167964889425	-0.1096497315403963	-2.356005525745052	-2.82781582575391e-13	-2.071889949118699e-13
1.172029999999977	-0.1023980618843102	-0.05489058972883035	-0.1312912699187814	1.522791977761695	0.9820351343478201	-0.3398139417042826	0.7036713924426277	0.1027648883677326	0.2190527290482348	-0.248914210547169	0.02224374845222648	0.1098416130849776	0.3148513336431082	0.1188957396722713	-0.05425229601204446	0.2825296270095672	0.2825296270095763	0.09015027399477722	0.09015027399477663	-0.7502465731746847	-0.264021435402863	-0.1821130836431404	-0.5186758008792541	-0.1354459986699173	-0.1514325733344062	0.2642336962390702	-0.1293957869836467	1.895053713434237	2.337078064638693	0.08832756386098126	0.002618395732039341	1.814471346919171	1.752810662854553	-0.4844152403427655	-0.4903806260111566	1.045178742492397	0.4636951676000273	-0.5677216822902209	1.821693478714223	0.1271926262247498	0.1324875770556663	-3.091100839749183	0.1241150820821218	2.648830649545935	0.2407905907288417	0.5638926634454495	1.572511931830175	-0.141474507465159	-0.2582536271359274	-0.00326421678701202	-10.41528041038949	-10.41528041038949	5.549433111991424	5.549433111991424	-0.1185383836230689	0.5631920847916529	-0.3527001600238427	-0.6364455613496252	-0.7309492186454594	0.9251253569846831	-0.9839898057906328	0.8154391217717569	1.131986107675843	0.9980217771718513	-0.01104809856057633	0.0381468681656954	0.2071678943804539	-0.9059593948829846	0.01848201303857243	0.05501456743426923	0.01732936873639069	0.01520449876053692	0.02366435770619274	0.02445282571096545	0.02029818003133763	0.02064113312463967	0.1514974419707288	0.09535564071637932	0.05819739881689542	0.03087541406343815	0.03060608214170004	0.02368550859362056	0.04303810523914597	0.01947234259926841	0.1483331812128761	0.1583985035737675	0.0412573887319462	0.0685057047532571	0.07615582872736029	0.1016073653560452	0.02566163492929747	0.03727512319331183	0.05135810283772504	0.02920365932114817	0.02213831127927458	0.04411472283483026	0.07103831285764012	0.1093220460750084	0.02097666966869421	0.0189044820390545	0.08222851803847669	0.2962828796011857	0.07767767732512841	0.01210268113850927	0.04394129774578054	0.1786188605246195	0.01815182757746643	0.01615779007400098	0.01793771532178737	0.01580884888169743	0.2099178680619852	0.5037746550199972	0.01415532390097096	0.01334691064893153	0.02442265210551841	0.1149744199951513	0.01279704682798405	0.1293722141862264	0.1951727047614071	0.07990038932207583	0.04767831029159526	0.1275533191181974	0.0483188853712626	0.0293123820073755	0.01175953896935526	0.01089771788590087	0.01104731786440237	0.2431917929273331	0.02560553906118621	0.0158309273220184	0.2475934062839414	0.2041185403351064	0.1578602365511125	0.1312672717563583	0.758308735707948	0.08268990166858221	0.1406099511882214	0.0245137477162261	0.6658667326523285	0.09180025899443364	0.1660557218407877	0.01812114589190126	0.01667909138818348	0.01104258095059452	0.3571479659800831	0.21727571845105	0.01402568722498969	0.01114745320791852	0.0103917894417495	0.01084098918148954	-1.284082535837446	0.3472952511222565	2.161864701843114	0.4855086033092297	-0.1224119609755024	-0.03949530764668743	0.0847863499266506	0.002470677225970119	-0.2267306648106862	0.09857894073477499	0.03925650490278811	-0.4345706240758514	0.01393712717790683	0.01327870351243448	0.01283971040326976	0.01447765947580411	0.01418939797304737	0.0144929605385682	0.01575883979454935	0.1513785276176473	0.178809814139302	0.04164343056777413	0.03524275959743863	0.03000295874977091	0.01906322154731488	0.07600369596857398	0.02733332451085681	0.1827074631405256	0.1537281481434161	0.0140788688862927	0.02793679881315919	0.07584897042769642	0.1333158097254591	0.02952469000757549	0.05135259332705117	0.0776660789395526	0.02685484963874203	0.02526690416982022	0.05980975220900679	0.1025100579381798	0.1972030085577475	0.0245584621056942	0.01488995670110635	0.1541033089031125	0.373522802714418	0.09242142366995403	0.01128169300540533	0.06602324770310156	0.2622649641449358	0.01517975800915353	0.01260038788095453	0.01060641155788724	0.01150356752486676	0.2051415136318703	0.5037406443133144	0.01416208752065749	0.01330738888440449	0.02538940068719556	0.1123339967294418	0.01275300433311539	0.1037018297468991	0.3296324687059039	0.06181824995710002	0.03218192975412369	0.08975796078678643	0.01126632192009079	0.01065505777310937	0.0119204132662063	0.0109285346480989	0.01105612152520109	0.2641798888701742	0.02967277763183077	0.01786862409111265	0.2540568854501413	0.2155928236738376	0.1725153888111739	0.124365440505825	0.7479387885758387	0.1154930246301956	0.09506418452611143	0.03638104090293188	0.6828968011921103	0.08499088260422838	0.1662050785668129	0.01212669396861534	0.01555843831000952	0.01021285817982585	0.3805442044230501	0.2785866436665235	0.01159523477951011	0.01105680951287541	0.01033363470613019	0.01074888323730482	-0.07881414883580708	-2.225765276907048	-4.370102051881551e-13	-2.474110167109761e-14
1.179182499999977	-0.09446468332767703	-0.05179872067739312	-0.1355448952439238	1.535729207472988	0.9827041260077206	-0.3388809507570009	0.6818244439130378	0.1036888003209395	0.2381651331160247	-0.2457295504767302	0.02635704088280562	0.1207079686259913	0.312988123776938	0.1173337138528985	-0.05356943996363452	0.2116453436063999	0.2116453436064457	0.1332716035023121	0.1332716035023109	-0.7505931246911834	-0.2599744694981999	-0.1848279607308018	-0.5225613576533065	-0.1405911832559693	-0.1442662750058684	0.2579243334400306	-0.1195596342678918	1.903207815821615	2.34256204338126	0.08826188710234358	0.002742566608012832	1.816769980978484	1.747077278681055	-0.4842406037797382	-0.4900775431369624	1.169145635483837	0.3915273781821653	-0.6209998744135935	1.795452963962656	0.05965936664605968	0.1284544068543435	-2.995410785586615	0.1477018532824244	2.650180204772531	0.643115898705816	0.5727316983293669	1.437188703623441	-0.3760707527219213	-0.1687103178957306	0.1883773440394972	-9.357437823892461	-9.357437823892361	6.484776877618017	6.484776877617963	0.02380490599640533	0.561630494426567	-0.400553285149738	-0.4511610582880384	-0.7019505671165076	1.071371054429222	-0.7680490700663868	1.889113492107786	1.142253611638481	0.5310966118035326	-0.007060042421638565	-0.0007113544848474447	0.4208641970988258	-0.6802628965894491	0.02827754340396262	0.02842670377956718	0.01530064628907372	0.01407219521955521	0.0188304119020071	0.01906038690740712	0.01724419226246495	0.01820794468449378	0.1570400645812246	0.1451484348157363	0.05673623003265225	0.03265323660493412	0.02921368957367049	0.02725093920880884	0.07553981660738987	0.02212873999671543	0.166847464925125	0.1582027496297703	0.02746897073765115	0.04765662894330801	0.07564860906775843	0.1193976666471355	0.02753309493226752	0.04626318493464053	0.06749968831620004	0.02906700731169611	0.02917674907902354	0.05747145578415892	0.09419244076566854	0.1551763429416276	0.02745372874463184	0.01650523549017403	0.127999518916752	0.3299375544816931	0.08771571814149409	0.01157058925337125	0.06407519175131469	0.2283316163648166	0.01631963085774655	0.01415657891765487	0.01407910181887962	0.01348203286027844	0.2052588574948861	0.4977178088292189	0.01411243896721923	0.01328781143647356	0.02443646109670426	0.1111502748302213	0.01279169145396386	0.1186472200904047	0.2197956537452271	0.06672599889193469	0.03938925531622447	0.1013213089713653	0.02993040681935913	0.01980512623366061	0.0118172488313785	0.0109009889582207	0.01103107259267022	0.2554590877573311	0.02669743936511077	0.01680386705782657	0.2493347815844199	0.2077998355413504	0.1626662648478043	0.1273922470248506	0.7484817369710766	0.09209809280320035	0.1239929823252231	0.03051153146893301	0.6652763573841323	0.08507643122228128	0.1667435811111533	0.0151635895669366	0.01645838372002044	0.01061500155804238	0.3635596554236166	0.2537690289604019	0.01293366055007413	0.01106656370174041	0.01035625586648869	0.01076980203165175	-1.06545955190435	0.3787662503480774	2.052264449895646	0.4634885252279204	-0.1477139554007053	-0.03025861233538053	0.05165191876538227	0.002555198663456057	-0.2329535333675918	0.1133681156139954	0.02054555841544352	-0.4596883906510566	0.01566641903440089	0.01357406960975527	0.01320751740018407	0.01417492522704465	0.0138580252072471	0.01435305042454658	0.01611120862011899	0.1757778803831447	0.230584223038346	0.06656569713444491	0.03363249392593324	0.02609293076697398	0.04031971619080778	0.1388422293534557	0.02229255886140499	0.1996124663642357	0.1615804523235308	0.01381936865977669	0.02359865284996704	0.07443773007864903	0.1474871006699832	0.02912578887819506	0.05852957506978957	0.09034132931272523	0.03068136364351821	0.04475013410521563	0.08089828284623327	0.1355520680365539	0.227035331876599	0.04113227777748105	0.01379595954457916	0.2070257180069809	0.4002794724229602	0.1047084963620288	0.01093135612417902	0.1011566622149567	0.33504557606214	0.0141784674425493	0.0121019570209709	0.01048445838988552	0.01124015077018142	0.1924252199560665	0.4688461060315884	0.01399935679765739	0.01317310215865683	0.02366082509368302	0.1014526044848721	0.01281512119733695	0.1063914424450528	0.1883069965657524	0.044063661002691	0.03005153110892145	0.05143299932762323	0.01181634192006562	0.01090883383438886	0.01182654483256092	0.01088337978801725	0.01098335411621559	0.2842595852615304	0.02610041299142759	0.01754968859376901	0.2503602580957965	0.2111710839091394	0.1662680455346407	0.1208402759531453	0.7066089526191209	0.09179412633950156	0.1090538979504017	0.03607720200466612	0.6469018675817466	0.07085136952828101	0.1689738108009951	0.0127106560450585	0.01683842079472136	0.0102458061914694	0.3704577279225545	0.3378905684429506	0.01223213081721237	0.01094123047937574	0.01031667170735872	0.01066993618461261	-0.08911919620801598	-2.005288946377411	-1.775895163793973e-13	-1.716162581658469e-14
1.186334999999977	-0.08573103756829858	-0.04942330827226982	-0.1401648336903443	1.5484702934285	0.982885512706107	-0.3379755901235262	0.661142286472748	0.1050704568264998	0.2563162908773634	-0.239808795566569	0.0302429171697025	0.1299889429164164	0.3095209960431244	0.1166227226185877	-0.05164093901385249	0.1493598782099738	0.1493598782099829	0.1825790631003105	0.1825790631003096	-0.7498750003258604	-0.2560845878030277	-0.1877587805697692	-0.5251456454157714	-0.1454042946236342	-0.1362119225496733	0.2534212893687964	-0.1030280042005213	1.911310240984001	2.344613525254561	0.08823024003193727	0.002647051325444002	1.820281272090029	1.74332212893332	-0.4840403808815715	-0.4899926861256522	1.268951466084233	0.2633577621295167	-0.6701510765657824	1.766847269478367	-0.009152696813141854	0.1247615193675297	-2.765399032185307	0.2521107625723311	2.380044544980523	1.005864296348837	0.5003019906228554	1.12920364784868	-0.5899660468271946	-0.02028520069413629	0.3450461366200953	-8.010857339667899	-8.010857339667899	7.279214332673346	7.279214332673346	0.1791689583753283	0.5192678039133793	-0.4130826140765162	-0.2725814546491863	-0.6380940719450819	1.173445280831532	-0.4789024299623728	2.687645301881066	1.117535992333474	0.03821838835161619	-0.001532631736236181	-0.0232823268129391	0.5462541026245039	-0.3528005201506049	0.02563652828203729	-0.006006296007576869	0.0145096974247361	0.01374259897736113	0.01637182610624257	0.01631493198091177	0.01573049034038941	0.01724921224842131	0.170623142423305	0.192775107589655	0.06827424984558264	0.03266671961974313	0.02649872787190401	0.03993717960360597	0.1206359197258848	0.02069794683019137	0.1842823422554631	0.1614762576966061	0.02049243035516121	0.03456242336460201	0.07470356113804168	0.1351435944697566	0.02821016788029315	0.05420727461052274	0.08156339772548073	0.03099656344283896	0.04253342808850964	0.07433077938580993	0.1211358840894962	0.191732754312843	0.03907766709034263	0.01479411838948501	0.1742170193254107	0.3602582096361849	0.09866355035836256	0.01113597121020614	0.09079343655749456	0.2846511733934893	0.01492609108466616	0.01295521134868294	0.01220223102950236	0.01225491076055751	0.1972597287738013	0.4820308623333751	0.01400527030822657	0.01318831471555926	0.02353195205125611	0.1040445182718311	0.01282260935158435	0.1138908212246509	0.1749382191999954	0.05098740289262824	0.0341600185732894	0.06823352817789712	0.02093852910553303	0.01534640158964363	0.01179331152156112	0.01087813369471767	0.01098433904876456	0.2706093612351744	0.0253369496319732	0.01708584284936254	0.2489420830208134	0.2081587386876894	0.1626966009403199	0.1236548050100401	0.7288924603232162	0.08567612806057114	0.1208705494327972	0.03317505345973808	0.6535489479334642	0.07471226972882497	0.1683194676938787	0.01408853114459592	0.0170385110045757	0.01043572578888758	0.3640428377651203	0.2977858950862816	0.01276901065706737	0.01096695099736495	0.01033074915949857	0.01069441795591493	-0.8468365679712526	0.4102372495738982	1.942664197948178	0.4414684471466112	-0.1730159498259081	-0.02102191702407362	0.01851748760411395	0.002639720100942059	-0.2391764019244974	0.1281572904932158	0.001834611928098922	-0.4848061572262617	0.01739571089089488	0.01386943570707606	0.01357532439709842	0.01387219097828516	0.01352665244144678	0.01421314031052495	0.01646357744568865	0.2001772331486421	0.28235863193739	0.09148796370111596	0.03202222825442797	0.02218290278417667	0.06157621083429987	0.2016807627383389	0.01725179321195643	0.2165174695879458	0.1694327565036454	0.01355986843326064	0.01926050688677473	0.0730264897296016	0.1616583916145072	0.0287268877488146	0.06570655681252795	0.1030165796858979	0.03450787764829442	0.06423336404061104	0.1019868134834601	0.1685940781349287	0.2568676551954505	0.05770609344926793	0.01270196238805187	0.2599481271108492	0.4270361421315024	0.1169955690541036	0.0105810192429556	0.1362900767268119	0.4078261879793434	0.01317717687594478	0.01160352616098708	0.01036250522188229	0.01097673401549564	0.1797089262802627	0.4339515677498623	0.01383662607465732	0.01303881543290922	0.02193224950017049	0.09057121224030239	0.01287723806155851	0.1090810551432065	0.04698152442560087	0.02630907204828197	0.02792113246371918	0.01310803786845987	0.01236636192004	0.01116260989566748	0.01173267639891568	0.01083822492793585	0.01091058670723028	0.3043392816528866	0.02252804835102447	0.01723075309642545	0.2466636307414517	0.2067493441444412	0.1600207022581075	0.1173151114004657	0.6652791166624028	0.06809522804880756	0.1230436113746921	0.03577336310640051	0.6109069339713828	0.05671185645233362	0.1717425430351773	0.01329461812150161	0.01811840327943319	0.01027875420311125	0.360371251422059	0.3971944932193779	0.01286902685491439	0.01082565144587586	0.01029970870858675	0.01059098913192006	-0.1388311209877729	-1.737043088791868	7.558733959820359e-14	-9.678400352353769e-15
1.193487499999976	-0.07637551971844711	-0.04812813194420364	-0.1450523162316283	1.560997371508518	0.9825719907144959	-0.3370982765215352	0.6425208602145382	0.1074855800812781	0.2716249186387494	-0.2313622322447109	0.03331325244562708	0.1366561387332197	0.3046113584941278	0.1171147481102661	-0.04878545559905421	0.09758730885528878	0.09758730885529297	0.237212530221744	0.2372125302217419	-0.7479700674284847	-0.2526330317508568	-0.1906349532513952	-0.5265053264522417	-0.1496500331549873	-0.1276013286913325	0.2512464671337546	-0.08198699724488241	1.919085010885826	2.343101281223113	0.0881959763574721	0.002577812791386038	1.824381863217327	1.742144422267009	-0.4839296968819922	-0.489910287866559	1.34315563372977	0.09394090538972395	-0.6909149091309151	1.735847708265803	-0.07862254376758732	0.1204070529522678	-2.433374453738006	0.4324209589536172	1.887246129765352	1.353101565887099	0.3457387035416009	0.7283972044816512	-0.7784778663160518	0.1609462169560805	0.4425414168255771	-6.45417734425873	-6.454177344258776	7.984210866097033	7.984210866097038	0.3576494251140126	0.4394107715928691	-0.3837218504956048	-0.1134515777750007	-0.5443219693175668	1.225396612576547	-0.1201560116488927	3.141064238630063	1.049529593125747	-0.456633994768669	-0.005531816435555797	0.0002802345715500861	0.586006322861738	0.02308014791488524	0.01038564483978896	0.02339171172417479	0.01427695895920343	0.01376911844592914	0.01509432526239895	0.01487668645363597	0.01499055975944561	0.01700405184292364	0.186556608008966	0.2265670913900426	0.08210510642369484	0.03210599965828857	0.024518576734348	0.05098220882687995	0.1521325879942746	0.0196379790092023	0.1923259606692335	0.1579695566692171	0.01690684228023659	0.03025556640693853	0.0761088187712682	0.1457115547210216	0.02745994441663775	0.06132685416168413	0.09201776561349828	0.03032653333689296	0.05751128856275407	0.08553507635250657	0.1364486952114111	0.2138098232208713	0.05351666804833535	0.01355424897945499	0.2038306325850988	0.3848292608456865	0.1106288236352666	0.0108276781863187	0.1094393329662466	0.3276145061512318	0.01399158951352227	0.01218402177578727	0.01123000373186661	0.01155723817973318	0.1846175329997143	0.4572587687483164	0.01388296394064709	0.01309176053086748	0.02224958694472345	0.09264120021888264	0.01282406278701959	0.1064144339323285	0.1213339246043253	0.03993058410300995	0.03068570315258328	0.04403960843472021	0.01649168764910381	0.01317015205232747	0.01179015027068469	0.01086657282328654	0.01094375118139082	0.2816051031761009	0.0304885301300235	0.01773551857173378	0.2435723749293519	0.2033793011280106	0.1571082635135322	0.115259254155445	0.6972775236245954	0.07852969819892029	0.1185194636806967	0.03494137920536334	0.6294888878056636	0.06065336496285071	0.1666315886563467	0.01365245827147801	0.01718735842428826	0.01035603279691405	0.3584392124884606	0.3216296799460954	0.01275367621062484	0.01087759949210597	0.0103107983965529	0.01062623656710699	-0.6582454025459656	0.4189696908974123	1.717523424743718	0.4324704689436198	-0.1984581108411737	-0.01752075441868342	-0.008257057198036315	0.002362784860802236	-0.2622216994109919	0.1425385822768411	-0.008711796719654137	-0.463119774437343	0.0163992964221901	0.01422862310154203	0.01397528547514466	0.01396962822423531	0.01358957245701855	0.01439918009792849	0.01704220750638803	0.2165202176357728	0.2709457887280883	0.102400822582775	0.03117581589297822	0.0230290077875825	0.06257385510663403	0.1839031911838679	0.01982394000726978	0.1926291977562928	0.1391176225628511	0.01360838531784432	0.03172571719264018	0.08160843130269915	0.1574590743594579	0.02507991658125993	0.07143800836076925	0.1047007229160583	0.02561857991774943	0.08019669319023709	0.094629319796889	0.1444383828522813	0.2364047739803015	0.07702345063018629	0.01219609310843332	0.2333034577067387	0.4324270515914899	0.131742647184347	0.0105251046368454	0.1270060148475725	0.3936621080730031	0.01310999587215707	0.01138899188370983	0.01034568889309826	0.01088695970717157	0.1548299512920318	0.3840113636883044	0.01371766379852107	0.01297543018951766	0.02030479697527255	0.0694969735788691	0.01278204419905686	0.08727757658111042	0.05172259110225931	0.03065368496919581	0.02680081003123344	0.02290051754935272	0.01237595733269043	0.01120943635191187	0.01183292289874859	0.01087118258510916	0.01090450373291429	0.2955065536283966	0.04622628667031332	0.01925594037776189	0.2249446675247796	0.1872047086871088	0.1404408009924903	0.09412371705485574	0.591030423130895	0.07242910455720805	0.1091956749911438	0.03741402550013669	0.5458349452919379	0.03585010044282326	0.1578509499472311	0.01322403738395379	0.01665886176239454	0.01028939872791221	0.3374415750576131	0.3308695649116524	0.01263181324490522	0.01077363532977196	0.01028723495672231	0.01054334874636021	-0.2240393240790642	-1.437309333315662	2.840167269525128e-13	-2.884969351810511e-15
1.200639999999976	-0.06657307556436308	-0.04814903149407215	-0.1499684902257152	1.573299334231797	0.9817592803674495	-0.336255285211974	0.6264501152287349	0.1113879719016476	0.283122428820347	-0.2204939242946998	0.035009980350191	0.1403128618518961	0.2984478301839458	0.118969112123058	-0.04546587775331606	0.05720082756562631	0.0572008275656259	0.2966026285224889	0.2966026285224879	-0.7446993699132928	-0.2498911439014597	-0.1931415187803084	-0.5268520486187886	-0.1531223277395705	-0.1188095661549285	0.2518322155550764	-0.05887941811246866	1.926224555406355	2.338144916835391	0.08818710516458983	0.002598969287708681	1.828458713415953	1.743646467189652	-0.4838192530439488	-0.4897389623539843	1.393922120885376	-0.1046466776984487	-0.678173852602903	1.703899948474649	-0.1487369975289851	0.1151642338226498	-2.052171133574654	0.6679845313500561	1.314370282893444	1.683038606912652	0.1162104502215592	0.2874077168799031	-0.9405821282492525	0.36065531552079	0.4748173860964783	-4.82705082026262	-4.82705082026262	8.609275480331389	8.609275480331389	0.5610674883484272	0.320828600061859	-0.3097321344643926	0.01066464669256297	-0.4218217345050247	1.224104121254681	0.2930152649312672	3.265505400245246	0.9399126770460799	-0.9248351890755719	0.00556767768929139	0.001994158438539304	0.5396156045687247	0.396518344289398	0.02556937371064396	0.01885976578386232	0.01436147633068414	0.01399599739544459	0.01455052097656025	0.01423931731870004	0.01474564263631472	0.01719823561611001	0.2023786984302959	0.2412501519382314	0.09426999323111314	0.03139640999477233	0.0240210813816201	0.05680644666300157	0.1611056432484046	0.02050281739915404	0.1869942125287787	0.1427276230218909	0.01524120836380103	0.03461788445123115	0.08096335383223627	0.149682891650213	0.02518739099261527	0.06768390492432268	0.09819920167474092	0.02534860702635776	0.07261604255134331	0.08773255275571135	0.1339140584868578	0.2181623654173169	0.07002536107303431	0.01270609153235316	0.2095128239551253	0.4022863042011286	0.1236622171925227	0.01065541612003555	0.1148128598555822	0.348363720562803	0.01352107885156006	0.01171153466683997	0.01077146030141208	0.01118638250449616	0.1665977113680513	0.4235708284794222	0.01376242287973801	0.01301301291274824	0.0207815565780072	0.07641005586275934	0.01277355752164268	0.09214806523119827	0.09109141686258926	0.0365947213183172	0.02841863600545812	0.03634488890774722	0.01439500315324076	0.01218106789567005	0.01184268267308085	0.01087903022162559	0.01092177434438178	0.2849606825902882	0.04510706034291554	0.01911630161000026	0.2316885049943258	0.1924727960979853	0.1453737935726295	0.09991522530442846	0.6521046015751144	0.07684495396663973	0.1109005335248691	0.03663798996945639	0.5922046127203372	0.04283325857169256	0.159695283284422	0.01341225761547646	0.01647763356944842	0.01032511550804055	0.3465663125419834	0.3116359082492445	0.01261902183689766	0.01080837786069847	0.01029488517452509	0.01056913454242378	-0.4696542371206785	0.4277021322209263	1.492382651539259	0.4234724907406285	-0.2239002718564392	-0.01401959181329322	-0.03503160200018657	0.00208584962066234	-0.2852669968974864	0.1569198740604663	-0.01925820536740719	-0.4414333916484242	0.01540288195348535	0.01458781049600791	0.01437524655319078	0.01406706547018542	0.0136524924725903	0.01458521988533198	0.01762083756708736	0.2328632021229035	0.2595329455187867	0.113313681464434	0.0303294035315285	0.02387511279098837	0.06357149937896829	0.1661256196293965	0.02239608680258219	0.16874092592464	0.1088024886220569	0.01365690220242799	0.04419092749850563	0.09019037287579676	0.1532597571044086	0.02143294541370526	0.07716945990901058	0.1063848661462187	0.01672928218720437	0.09616002233986315	0.08727182611031783	0.1202826875696337	0.2159418927651527	0.0963408078111046	0.01169022382881454	0.2066587883026282	0.4378179610514774	0.1464897253145903	0.0104691900307346	0.1177219529683331	0.379498028166663	0.01304281486836946	0.01117445760643228	0.01032887256431133	0.01079718539884685	0.129950976303801	0.3340711596267464	0.01359870152238482	0.01291204494612611	0.01867734445037461	0.0484227349174358	0.01268685033655515	0.06547409801901433	0.05646365777891767	0.03499829789010964	0.02568048759874786	0.0326929972302458	0.01238555274534043	0.01125626280815538	0.01193316939858151	0.01090414024228249	0.01089842075859832	0.2866738256039064	0.06992452498960219	0.02128112765909835	0.2032257043081076	0.1676600732297763	0.1208608997268731	0.07093232270924577	0.5167817295993873	0.07676298106560836	0.09534773860759525	0.03905468789387283	0.4807629566124929	0.01498834443331294	0.1439593568592849	0.0131534566464059	0.01519932024535584	0.01030004325271161	0.3145118986931672	0.264544636603927	0.01239459963489633	0.01072161921366785	0.01027476120485783	0.01049570836079998	-0.3484601748513819	-1.145900092111223	4.616059966951891e-13	4.143474308823992e-15
1.207792499999976	-0.05652160396729337	-0.04962477033157792	-0.154638366046993	1.585371685208838	0.9804389893789445	-0.3354557977034268	0.6132134350684145	0.1170499336123688	0.2905731711666572	-0.2072701867649245	0.03485124975365672	0.1408249790373154	0.2912700014436722	0.1222372796299936	-0.04217358932376798	0.02836072431131041	0.02836072431130957	0.3602303634023042	0.3602303634023025	-0.7398977585507801	-0.248104440911707	-0.1949724157332365	-0.5264479820085424	-0.1556415062977264	-0.1102016017432443	0.2552214549920298	-0.0359417911578554	1.932458296481977	2.329977168077193	0.08823579478523397	0.00261922660216872	1.83196655838814	1.74774145340139	-0.4836913863435484	-0.4896269444422835	1.404308500732744	-0.2996221064999608	-0.6197111505784715	1.671931398115992	-0.2215744312116915	0.1079392828691323	-1.640144173577699	0.9051781137435309	0.7779133832753062	2.024486293270147	-0.1591289130726004	-0.1309505562233425	-1.049423250870008	0.5430427932745804	0.4337117210241581	-3.263336229998219	-3.263336229997933	9.173520971270246	9.173520971270266	0.7830311674518079	0.1770549138838972	-0.1962901294079793	0.09366565740468731	-0.2816826870068164	1.176192569186177	0.6172688591696371	3.117809820202534	0.8000167811948726	-1.348320043268858	0.006786337611288597	0.003104381497759317	0.4369295506260596	0.7386338679000888	0.01067084289759953	0.0113923779365781	0.01480599845260699	0.01448712222024872	0.01441604020890837	0.0140151307572361	0.01483124775862932	0.01779857313033986	0.2064517531132147	0.2404004213594924	0.0947687277022749	0.03118093224774798	0.02404097734119749	0.05840328812131881	0.1612550969888989	0.02076451918202953	0.1723849813708998	0.119890009893184	0.01451108165586641	0.03737796290025115	0.0808423338221408	0.1456445515102832	0.02367140088176188	0.06901174153488791	0.0978861071767323	0.02195357009079662	0.07988985209199996	0.08437158950077732	0.125798869012076	0.2102885445085179	0.07741173625164724	0.01211876634777672	0.2017251233475618	0.3993995576700281	0.1283437985402417	0.01058467403855491	0.1119420012068107	0.3461544643870292	0.01340260937882778	0.01140019409879929	0.01051975855975671	0.01095521982351366	0.1507884964567817	0.3880576184106635	0.01366781572407878	0.01293953599304811	0.02014442665511344	0.06660565365918893	0.01317703161900832	0.08959170930282823	0.0743793423158762	0.0356224306443336	0.02691550814869261	0.0344070709842921	0.01532270788340206	0.01287129177304397	0.01193358906276228	0.01091447153815524	0.01092035304525447	0.2712443265197456	0.05620778326364977	0.01992199730909839	0.2107285260350105	0.1760352799886938	0.1310022004314288	0.09613585652626178	0.593375484260289	0.07377430566413314	0.1025041194027072	0.05109690394830334	0.5441967324075365	0.02820666737649427	0.1565821174100859	0.0153379102219659	0.01915909442463978	0.01032461047990898	0.316973736867343	0.2878557308545258	0.01257961492912307	0.0107230036902528	0.01026715492662295	0.0105038644016036	-0.3485370631754579	0.3298389807799158	1.102702963772199	0.4111150251189719	-0.2211344491641031	-0.01417245555795507	-0.03923427504803818	0.001677957586869301	-0.2733882957025757	0.1619651009590257	-0.0151166715173053	-0.3928475133230721	0.01327852742092555	0.01573182097273416	0.01540093769449184	0.01448289078237385	0.01394386921594471	0.01518017987020856	0.01896229561230015	0.1944322474105157	0.2210161454097567	0.07983015384271425	0.03151299048007193	0.02421478158146264	0.05711152568633678	0.157407209162276	0.01984474248973279	0.1370352991890738	0.07518042861122054	0.01400216448241097	0.0366009543565173	0.07258365821569072	0.1290879892610629	0.02291704390763144	0.06471260179851274	0.08989955402575099	0.02044303981863484	0.08083713504794036	0.07479471991368603	0.1113421311268998	0.1832002075138563	0.07617118225358775	0.011502585332574	0.1758497332245504	0.3545364828009031	0.1235582254418267	0.01056456602054985	0.1004445538894162	0.3088291544002107	0.0135059376738023	0.01107404002479968	0.01026449086117308	0.01070576337923658	0.1287873086164836	0.307938243407424	0.01356790572877353	0.012840398850075	0.02028278802995168	0.06200594861507089	0.01425725358987799	0.1044426313646137	0.05450487460206199	0.03438115139910091	0.02531453374936712	0.03235129839621068	0.01932841480610862	0.01536530446479653	0.01208440198045583	0.01098153629863383	0.01093632409664262	0.2148402510656659	0.06555645611446675	0.02015501719228408	0.1575959770590017	0.1395819886328506	0.105049442626319	0.1091490920137273	0.4183429683018447	0.06493868594622182	0.08985873246161588	0.08819978328027779	0.4068806699403042	0.01280924976289394	0.1596047997283503	0.02038300138549061	0.02701426608811773	0.01034428900111773	0.2202114458691068	0.2321973016448013	0.01266877193664484	0.01058346593569001	0.01021519206385673	0.01040320598656743	-0.4994018217178768	-0.9654729379138074	2.922439433069331e-13	1.381581039548576e-14
1.214944999999976	-0.04666163980741445	-0.05231523533548903	-0.1587201999201377	1.597218176386656	0.978573517094851	-0.334717667998444	0.6031160029981749	0.1241927896139274	0.2943776282274019	-0.1913924542914567	0.03275461502374073	0.1386292650866361	0.2836801185930444	0.1265920706994255	-0.03943427642489764	0.01014622905887006	0.01014622905886991	0.427701809737399	0.4277018097373978	-0.733477223241724	-0.2473829616503672	-0.1958645097544715	-0.525635982830489	-0.1571387150943058	-0.1020797449427017	0.260126903232947	-0.01471633222442359	1.937623522058993	2.319010708050538	0.0882661494304173	0.002635282820982622	1.834647089193973	1.754071032218382	-0.4836596571393201	-0.4895913091184832	1.340372330688726	-0.4443114568401169	-0.5137440873087639	1.640744464595109	-0.3011819595950106	0.09800721080566908	-1.174366704331404	1.082075909424144	0.2947868405821795	2.425155333565783	-0.42567116694214	-0.4697628210015337	-1.055801732682477	0.6644997230695546	0.3201929804543232	-1.855891644624484	-1.855891644624484	9.684063723681239	9.684063723681239	1.013755065151893	0.02296806782478446	-0.04722170267326455	0.1247317750552337	-0.1360559850253669	1.088177491085773	0.7169813757914332	2.786744681285	0.6411316917662377	-1.707417857640791	0.0004408058372648985	0.0008194375308456998	0.3082799411351194	1.021360736531221	-0.001312834236853342	-0.002498525135496466	0.0156245119136199	0.01526406952345397	0.01457647072316487	0.01406740607757896	0.01518956341185238	0.01879269921746033	0.1929755379726824	0.2245259714327349	0.07906816989098869	0.031692578103676	0.0242293910765571	0.05598358729174421	0.1575780199194046	0.01953389500946787	0.1501318482468091	0.09129022542876812	0.01435644835670997	0.03478600034052459	0.07226460883480483	0.1326603375361828	0.02373350447298261	0.06356738570443812	0.08995297966449708	0.02229794134702693	0.07619488837801042	0.07661038185991217	0.1172210422008309	0.19209629109075	0.07135689934899506	0.01174606283569612	0.1842953566602034	0.3680911879318067	0.1205339728495348	0.01060359381981496	0.1023961173156179	0.3188734211944364	0.01359639243421583	0.01120239363300161	0.01036908660014732	0.01079935541467963	0.1411061213694831	0.3550919062089556	0.0136074440509741	0.0128670323699761	0.02069584162932897	0.06811432663098728	0.01420639284735982	0.106406668329878	0.06446343030315942	0.03483074811903158	0.02600490445081117	0.03328943231686221	0.01945309593416947	0.01539308907168254	0.01205696169326491	0.01097254277216015	0.01094014573243978	0.2345650243010858	0.05942511684543995	0.01970085586460221	0.1790218027399111	0.1542710443738115	0.1157025820956511	0.111775883560115	0.5206685904775503	0.06641247558616653	0.09536758932132336	0.08216443892674345	0.4867797274688623	0.01978073102827352	0.1615478026678404	0.02007997676878552	0.02664106029299032	0.01034827325688994	0.2620528483048037	0.2602985060727724	0.01270883718162805	0.01060912931882291	0.01022222549261239	0.01042388277843932	-0.2274198892302373	0.2319758293389053	0.7130232760051404	0.3987575594973153	-0.2183686264717669	-0.01432531930261692	-0.04343694809588979	0.00127006555307632	-0.2615095945076648	0.167010327857585	-0.01097513766720342	-0.3442616349977199	0.01115417288836577	0.01687583144946047	0.01642662883579301	0.01489871609456227	0.0142352459592991	0.01577513985508515	0.02030375365751297	0.1560012926981279	0.1824993453007268	0.04634662622099459	0.03269657742861539	0.02455445037193683	0.05065155199370511	0.1486887986951561	0.01729339817688425	0.1053296724535077	0.04155836860038408	0.01434742676239388	0.02901098121452897	0.05497694355558468	0.1049162214177173	0.02440114240155763	0.0522557436880149	0.0734142419052833	0.02415679745006536	0.06551424775601766	0.06231761371705426	0.102401574684166	0.15045852226256	0.05600155669607103	0.01131494683633332	0.1450406781464726	0.271255004550329	0.1006267255690633	0.01065994201036522	0.08316715481049929	0.2381602806337584	0.01396906047923509	0.01097362244316674	0.01020010915803587	0.01061434135962594	0.1276236409291661	0.2818053271881018	0.01353710993516229	0.01276875275402396	0.02188823160952878	0.07558916231270599	0.01582765684320092	0.143411164710213	0.05254609142520636	0.0337640049080922	0.02494857989998624	0.03200959956217529	0.02627127686687696	0.01947434612143791	0.01223563456233032	0.01105893235498551	0.01097422743468723	0.1430066765274254	0.06118838723933133	0.01902890672546985	0.1119662498098959	0.1115039040359248	0.08923798552576492	0.1473658613182088	0.319904207004302	0.05311439082683542	0.08436972631563684	0.1373448786666828	0.3329983832681156	0.01063015509247477	0.1752502425974158	0.02761254612457536	0.03882921193087956	0.0103885347495263	0.1259109930450464	0.1998499666856753	0.01294294423839322	0.01044531265771149	0.01015562292285422	0.01031070361233374	-0.6526829058226812	-0.8584083935632095	1.52341718164701e-13	2.208026569638184e-14
1.222097499999975	-0.03754926820622908	-0.05578997453339317	-0.1619685599819149	1.608848052631676	0.9761091776905951	-0.3340531776512288	0.5965505464754407	0.1323418329319198	0.294978350717331	-0.1724560016250965	0.02890027427371059	0.1343746655387429	0.2764518490326955	0.1315629376900069	-0.03764836238695199	0.001299195907001393	0.001299195906987733	0.4985251173600748	0.4985251173600724	-0.7254563764518146	-0.247745117139785	-0.1955785531199308	-0.5247525308775446	-0.1576359955800292	-0.09470128491590288	0.2647003496732369	0.003748005210797161	1.941606312263736	2.305755574421237	0.08830108471505309	0.002652365406493001	1.836367266405485	1.762199099601214	-0.4836363338276067	-0.4895798477918927	1.200239825346299	-0.5197675175969628	-0.3960529123105243	1.612241008282241	-0.3886888582426866	0.0882141497029916	-0.6635655778787261	1.188426138366473	-0.1083354346287965	2.86007270792491	-0.6450227449900131	-0.697911028976306	-0.9530935947979478	0.7189209527196562	0.1781186519549615	-0.6631921264862307	-0.6631921264865501	10.0833098684519	10.08330986845189	1.219925888769466	-0.1195794659065572	0.1299442031243587	0.1202968821216174	-0.009212767644748147	0.9740465248931709	0.4904594402403039	2.375319071597633	0.4729599741542175	-1.982834885064115	0.009005179079523492	0.004715752882405284	0.1749757847977108	1.240849216853152	0.005059649717551551	0.003934226392874328	0.01777255130181789	0.0187309838817891	0.01559110892332249	0.01469882659731711	0.01683096849654666	0.02157696630418609	0.1625206957172469	0.1910835745208731	0.06057510882434693	0.03120684830375678	0.02498207851287364	0.05701043539128713	0.1398596124376217	0.03021175697332847	0.1211273301017232	0.06545939754791841	0.01501944564157269	0.03010201685330173	0.05948423190787362	0.1106327889480326	0.02414688853166639	0.05470693003820979	0.07644462826718529	0.02252970019892323	0.07244845535170825	0.06698037945494895	0.1061087197727129	0.1611635694537114	0.07063018494586762	0.01257540654722175	0.1573398965970016	0.3092245360293212	0.1020694010762786	0.01100315444030563	0.0885099632734606	0.2717779033795794	0.01469668429016691	0.01105534167199644	0.01025878358958219	0.01062620293489317	0.1243125083627266	0.3062979109462887	0.0152543788626338	0.01386259685919514	0.0235117978352488	0.06620380630446006	0.01761223106844916	0.1083753190575503	0.05785566511276889	0.03484963590482564	0.02596792487061655	0.03122479046623075	0.02198236486013256	0.01708986510011449	0.01285427650713718	0.01130752210028688	0.01129413313330901	0.1849811461403694	0.05570037827333212	0.01965455992894939	0.1414803513586098	0.1262317543021875	0.0960260184627048	0.1132218443731607	0.4295358321979119	0.0584650063482467	0.08766780833965786	0.09584920709771244	0.4083048421077338	0.01529813959414238	0.1499737156424972	0.03051273804706249	0.03463061001421926	0.01041454459127173	0.1987738558266937	0.2282623109491192	0.01314499152142226	0.01070652401108954	0.01024838009104744	0.01049396356807891	-0.09208669526770283	0.09558648081360692	0.3148738775075071	0.2653551877106155	-0.1453342137763283	0.02287234877812818	-0.06452626325494808	0.002270052678909833	-0.1583324574929255	0.1165145794420269	-0.01930146966584463	-0.2543079338573475	0.008213204085848051	0.0221454711606522	0.02651479439164482	0.01787033887744404	0.01614156582434817	0.02047471829382479	0.02740041017924017	0.08805410900421112	0.1053679378870827	0.03528626387481066	0.02909214848347266	0.0266476675371519	0.06436308526094685	0.08835475150332683	0.0596527841549121	0.06509461851979195	0.03214434465949866	0.01669043078892312	0.02265803720234741	0.03785302066731678	0.06443485368294373	0.02464905426055514	0.03950136420818082	0.05072170623073109	0.0215636151768051	0.07066450953192549	0.05140902503889445	0.08414597701187673	0.08927570199503587	0.08148703751970601	0.01500145294152377	0.09812928771596914	0.1437469401173369	0.0615676989985661	0.01194834321965946	0.06296184931103506	0.1508687309688627	0.01714218565907553	0.01088083417206026	0.01012630600029412	0.01035072285234781	0.08143091386595463	0.1646814615520125	0.01944332764686833	0.01643416874242177	0.02971694650016769	0.05437433391060544	0.02483416235731668	0.08215789814336841	0.0493664212613239	0.03579381467421895	0.02675848614614246	0.02688197383862487	0.0227016849610548	0.0179459505214341	0.014693935829658	0.01206801209641573	0.01214549583727734	0.08273825701546443	0.04381455508241475	0.02010063549665648	0.07167489834919259	0.07089294051404785	0.05797249004578656	0.08664891916298381	0.177078202587425	0.04732069613684595	0.07396251578879165	0.0886583407856525	0.180174413327627	0.01160381120390763	0.09870370385634476	0.05115358013349992	0.045266587093203	0.01054531287464516	0.07844073662278669	0.1582755432013759	0.01403864101302782	0.01108503106462756	0.010368825628528	0.01076230478855432	-0.7820371460214738	-0.7984339178745706	7.047454568037542e-13	-2.7404774682013e-15
1.229249999999975	-0.02959823861849749	-0.05964270261241889	-0.1644069426631843	1.620295736219561	0.9730020785455453	-0.3334498294137275	0.5935939022005388	0.1410765840449359	0.2930921872374836	-0.1506197377365104	0.02362865124659118	0.1289604715847698	0.2702219453012491	0.136782599732918	-0.03690159735884996	1.19049513362818e-05	1.190495130911057e-05	0.5714226061503536	0.5714226061503528	-0.7161567645166712	-0.2490269500020491	-0.1939661390979877	-0.5239438088026022	-0.1573594512995161	-0.08815973496272279	0.2661215806377579	0.01924857933888001	1.94439513495129	2.290877724052511	0.08839035219284119	0.002713592222785429	1.837182382108923	1.771670024117302	-0.4836269739015129	-0.4895603376098084	1.015634962368902	-0.5500056563847796	-0.2872561794421749	1.589799296573944	-0.4809120513933817	0.08091050064449753	-0.1652615668741282	1.245852992968173	-0.4006024554057055	3.23600782492575	-0.8219751940904519	-0.7940115189617513	-0.7766361740938714	0.7340684199810175	0.02962352646099279	0.2579824402980316	0.2579824402980318	10.26405146715677	10.26405146715677	1.371326584266585	-0.2341944272039236	0.3236856408855933	0.1038356190253629	0.08032283810964184	0.8541585959809034	-0.1644490263809457	1.95800974744702	0.3072714982147059	-2.161165984707952	0.01563331003923804	0.0131631581270126	0.05520437089405764	1.396853818182603	-0.005217311166498212	-0.0002478839628510648	0.02156838936647904	0.02567166889290163	0.01764825496562109	0.0160115399738311	0.02009380036058722	0.02661711871674018	0.1140725376346373	0.137348426020973	0.04526998595644932	0.02909425081598963	0.02643750978161527	0.06430842175489312	0.1022442153431714	0.05676649274158274	0.08566629980811334	0.04679956720605153	0.0165796415217197	0.02450382373376277	0.04424396041620311	0.07915302204842728	0.02447301834522396	0.04374654415524471	0.05812708883958595	0.02126698155283085	0.07300311118228414	0.05656855120543268	0.09146963545783504	0.1154572256898478	0.0825379799761919	0.01493867887108625	0.1205492147382662	0.2204545918129156	0.07324091731300623	0.01188139982555753	0.07128140797167391	0.2065140656176706	0.01690264977762624	0.01093802602300708	0.0101681870407081	0.01040467321822845	0.09348219414457128	0.2288127736222506	0.01916621336851897	0.01628502681580875	0.02894228475092527	0.05470461287539549	0.02396153949004828	0.08046907811296672	0.05289241162567436	0.03590698985749807	0.02690033307909682	0.02755332752717729	0.02127379632354058	0.01706149793553097	0.01454157722735758	0.01200539765205811	0.01208808070620361	0.1277397125894233	0.04506480277353511	0.02020160676163866	0.1007942724460548	0.09124918343293516	0.07018592113293222	0.08550619045347352	0.3148910837346081	0.05149334571104675	0.07858188387419268	0.07959213727514691	0.2988059982322458	0.01370519759449874	0.1088731427450953	0.04746482074991939	0.04171456976355638	0.01052967295129099	0.1377510589997805	0.1912553669987762	0.01393484782745687	0.01109645914402191	0.01037555175989834	0.01076995567134104	0.04324649869483174	-0.0408028677116915	-0.08327552099012628	0.1319528159239157	-0.07229980108088968	0.06007001685887327	-0.08561557841400637	0.003270039804743321	-0.05515532047818623	0.06601883102646879	-0.02762780166448583	-0.164354232716975	0.005272235283330305	0.02741511087184383	0.0366029599474965	0.0208419616603258	0.01804788568939723	0.02517429673256439	0.03449706670096733	0.02010692531029403	0.02823653047343845	0.02422590152862658	0.02548771953832987	0.02874088470236705	0.07807461852818873	0.02802070431149716	0.102012170132939	0.02485956458607633	0.02273032071861339	0.01903343481545243	0.01630509319016586	0.02072909777904889	0.02395348594817027	0.02489696611955264	0.02674698472834675	0.0280291705561789	0.01897043290354473	0.07581477130783321	0.04050043636073463	0.06589037933958745	0.02809288172751179	0.1069725183433409	0.01868795904671296	0.05121789728546567	0.01623887568434455	0.02250867242806866	0.01323674442895398	0.04275654381157087	0.06357718130396695	0.02031531083891597	0.01078804590095387	0.01005250284254563	0.01008710434506938	0.03523818680274317	0.04755759591592328	0.02534954535857432	0.02009958473081952	0.0375456613908066	0.0331595055085049	0.03384066787143235	0.02090463157652376	0.04618675109744147	0.03782362444034573	0.02856839239229871	0.02175434811507444	0.01913209305523244	0.01641755492142994	0.01715223709698545	0.01307709183784558	0.01331676423986711	0.02246983750350342	0.02644072292549814	0.02117236426784305	0.03138354688848927	0.03028197699217088	0.02670699456580817	0.02593197700775882	0.03425219817054811	0.0415270014468565	0.0635553052619464	0.03997180290462216	0.02735044338713833	0.01257746731534039	0.02215716511527373	0.07469461414242441	0.05170396225552645	0.01070209099976231	0.03097048020052705	0.1167011197170767	0.0151343377876623	0.0117247494715425	0.01058202833419916	0.01121390596477308	-0.8729056099776451	-0.8083261747168116	1.25714919544279e-12	-2.756122063278367e-14
