inDegrees=no
num_controls=93
num_derivatives=0
num_input_controls=0
num_iterations=2000
num_multipliers=2
num_parameters=0
num_slacks=2
num_states=150
objective=1.595498
objective_effort=1.595498
solver_duration=47570.662530
status=Maximum_Iterations_Exceeded
success=false
DataType=double
version=3
OpenSimVersion=4.6-2026-06-22-85aaf64
endheader
time	/jointset/ground_pelvis/pelvis_tilt/value	/jointset/ground_pelvis/pelvis_list/value	/jointset/ground_pelvis/pelvis_rotation/value	/jointset/ground_pelvis/pelvis_tx/value	/jointset/ground_pelvis/pelvis_ty/value	/jointset/ground_pelvis/pelvis_tz/value	/jointset/hip_r/hip_flexion_r/value	/jointset/hip_r/hip_adduction_r/value	/jointset/hip_r/hip_rotation_r/value	/jointset/hip_l/hip_flexion_l/value	/jointset/hip_l/hip_adduction_l/value	/jointset/hip_l/hip_rotation_l/value	/jointset/back/lumbar_extension/value	/jointset/back/lumbar_bending/value	/jointset/back/lumbar_rotation/value	/jointset/walker_knee_r/knee_angle_r/value	/jointset/patellofemoral_r/knee_angle_r_beta/value	/jointset/walker_knee_l/knee_angle_l/value	/jointset/patellofemoral_l/knee_angle_l_beta/value	/jointset/acromial_r/arm_flex_r/value	/jointset/acromial_r/arm_add_r/value	/jointset/acromial_r/arm_rot_r/value	/jointset/acromial_l/arm_flex_l/value	/jointset/acromial_l/arm_add_l/value	/jointset/acromial_l/arm_rot_l/value	/jointset/ankle_r/ankle_angle_r/value	/jointset/ankle_l/ankle_angle_l/value	/jointset/elbow_r/elbow_flex_r/value	/jointset/elbow_l/elbow_flex_l/value	/jointset/subtalar_r/subtalar_angle_r/value	/jointset/subtalar_l/subtalar_angle_l/value	/jointset/radioulnar_r/pro_sup_r/value	/jointset/radioulnar_l/pro_sup_l/value	/jointset/mtp_r/mtp_angle_r/value	/jointset/mtp_l/mtp_angle_l/value	/jointset/ground_pelvis/pelvis_tilt/speed	/jointset/ground_pelvis/pelvis_list/speed	/jointset/ground_pelvis/pelvis_rotation/speed	/jointset/ground_pelvis/pelvis_tx/speed	/jointset/ground_pelvis/pelvis_ty/speed	/jointset/ground_pelvis/pelvis_tz/speed	/jointset/hip_r/hip_flexion_r/speed	/jointset/hip_r/hip_adduction_r/speed	/jointset/hip_r/hip_rotation_r/speed	/jointset/hip_l/hip_flexion_l/speed	/jointset/hip_l/hip_adduction_l/speed	/jointset/hip_l/hip_rotation_l/speed	/jointset/back/lumbar_extension/speed	/jointset/back/lumbar_bending/speed	/jointset/back/lumbar_rotation/speed	/jointset/walker_knee_r/knee_angle_r/speed	/jointset/patellofemoral_r/knee_angle_r_beta/speed	/jointset/walker_knee_l/knee_angle_l/speed	/jointset/patellofemoral_l/knee_angle_l_beta/speed	/jointset/acromial_r/arm_flex_r/speed	/jointset/acromial_r/arm_add_r/speed	/jointset/acromial_r/arm_rot_r/speed	/jointset/acromial_l/arm_flex_l/speed	/jointset/acromial_l/arm_add_l/speed	/jointset/acromial_l/arm_rot_l/speed	/jointset/ankle_r/ankle_angle_r/speed	/jointset/ankle_l/ankle_angle_l/speed	/jointset/elbow_r/elbow_flex_r/speed	/jointset/elbow_l/elbow_flex_l/speed	/jointset/subtalar_r/subtalar_angle_r/speed	/jointset/subtalar_l/subtalar_angle_l/speed	/jointset/radioulnar_r/pro_sup_r/speed	/jointset/radioulnar_l/pro_sup_l/speed	/jointset/mtp_r/mtp_angle_r/speed	/jointset/mtp_l/mtp_angle_l/speed	/forceset/addbrev_r/activation	/forceset/addlong_r/activation	/forceset/addmagDist_r/activation	/forceset/addmagIsch_r/activation	/forceset/addmagMid_r/activation	/forceset/addmagProx_r/activation	/forceset/bflh_r/activation	/forceset/bfsh_r/activation	/forceset/edl_r/activation	/forceset/ehl_r/activation	/forceset/fdl_r/activation	/forceset/fhl_r/activation	/forceset/gaslat_r/activation	/forceset/gasmed_r/activation	/forceset/glmax1_r/activation	/forceset/glmax2_r/activation	/forceset/glmax3_r/activation	/forceset/glmed1_r/activation	/forceset/glmed2_r/activation	/forceset/glmed3_r/activation	/forceset/glmin1_r/activation	/forceset/glmin2_r/activation	/forceset/glmin3_r/activation	/forceset/grac_r/activation	/forceset/iliacus_r/activation	/forceset/perbrev_r/activation	/forceset/perlong_r/activation	/forceset/piri_r/activation	/forceset/psoas_r/activation	/forceset/recfem_r/activation	/forceset/sart_r/activation	/forceset/semimem_r/activation	/forceset/semiten_r/activation	/forceset/soleus_r/activation	/forceset/tfl_r/activation	/forceset/tibant_r/activation	/forceset/tibpost_r/activation	/forceset/vasint_r/activation	/forceset/vaslat_r/activation	/forceset/vasmed_r/activation	/forceset/addbrev_l/activation	/forceset/addlong_l/activation	/forceset/addmagDist_l/activation	/forceset/addmagIsch_l/activation	/forceset/addmagMid_l/activation	/forceset/addmagProx_l/activation	/forceset/bflh_l/activation	/forceset/bfsh_l/activation	/forceset/edl_l/activation	/forceset/ehl_l/activation	/forceset/fdl_l/activation	/forceset/fhl_l/activation	/forceset/gaslat_l/activation	/forceset/gasmed_l/activation	/forceset/glmax1_l/activation	/forceset/glmax2_l/activation	/forceset/glmax3_l/activation	/forceset/glmed1_l/activation	/forceset/glmed2_l/activation	/forceset/glmed3_l/activation	/forceset/glmin1_l/activation	/forceset/glmin2_l/activation	/forceset/glmin3_l/activation	/forceset/grac_l/activation	/forceset/iliacus_l/activation	/forceset/perbrev_l/activation	/forceset/perlong_l/activation	/forceset/piri_l/activation	/forceset/psoas_l/activation	/forceset/recfem_l/activation	/forceset/sart_l/activation	/forceset/semimem_l/activation	/forceset/semiten_l/activation	/forceset/soleus_l/activation	/forceset/tfl_l/activation	/forceset/tibant_l/activation	/forceset/tibpost_l/activation	/forceset/vasint_l/activation	/forceset/vaslat_l/activation	/forceset/vasmed_l/activation	/forceset/lumbar_ext	/forceset/lumbar_bend	/forceset/lumbar_rot	/forceset/shoulder_flex_r	/forceset/shoulder_add_r	/forceset/shoulder_rot_r	/forceset/elbow_flex_r	/forceset/pro_sup_r	/forceset/shoulder_flex_l	/forceset/shoulder_add_l	/forceset/shoulder_rot_l	/forceset/elbow_flex_l	/forceset/pro_sup_l	/forceset/addbrev_r	/forceset/addlong_r	/forceset/addmagDist_r	/forceset/addmagIsch_r	/forceset/addmagMid_r	/forceset/addmagProx_r	/forceset/bflh_r	/forceset/bfsh_r	/forceset/edl_r	/forceset/ehl_r	/forceset/fdl_r	/forceset/fhl_r	/forceset/gaslat_r	/forceset/gasmed_r	/forceset/glmax1_r	/forceset/glmax2_r	/forceset/glmax3_r	/forceset/glmed1_r	/forceset/glmed2_r	/forceset/glmed3_r	/forceset/glmin1_r	/forceset/glmin2_r	/forceset/glmin3_r	/forceset/grac_r	/forceset/iliacus_r	/forceset/perbrev_r	/forceset/perlong_r	/forceset/piri_r	/forceset/psoas_r	/forceset/recfem_r	/forceset/sart_r	/forceset/semimem_r	/forceset/semiten_r	/forceset/soleus_r	/forceset/tfl_r	/forceset/tibant_r	/forceset/tibpost_r	/forceset/vasint_r	/forceset/vaslat_r	/forceset/vasmed_r	/forceset/addbrev_l	/forceset/addlong_l	/forceset/addmagDist_l	/forceset/addmagIsch_l	/forceset/addmagMid_l	/forceset/addmagProx_l	/forceset/bflh_l	/forceset/bfsh_l	/forceset/edl_l	/forceset/ehl_l	/forceset/fdl_l	/forceset/fhl_l	/forceset/gaslat_l	/forceset/gasmed_l	/forceset/glmax1_l	/forceset/glmax2_l	/forceset/glmax3_l	/forceset/glmed1_l	/forceset/glmed2_l	/forceset/glmed3_l	/forceset/glmin1_l	/forceset/glmin2_l	/forceset/glmin3_l	/forceset/grac_l	/forceset/iliacus_l	/forceset/perbrev_l	/forceset/perlong_l	/forceset/piri_l	/forceset/psoas_l	/forceset/recfem_l	/forceset/sart_l	/forceset/semimem_l	/forceset/semiten_l	/forceset/soleus_l	/forceset/tfl_l	/forceset/tibant_l	/forceset/tibpost_l	/forceset/vasint_l	/forceset/vaslat_l	/forceset/vasmed_l	lambda_cid35_p0	lambda_cid36_p0	gamma_cid35_p0	gamma_cid36_p0
0	-0.1918641152663523	-0.1016278240956703	0.5235987606364281	1.684939270161433	0.9132585782841848	-0.04236486957608747	0.5649037449082623	0.1577453385260693	0.4721122930683052	-0.110531426341593	-0.03320780970232814	0.4365575357508164	0.1581656933011113	0.02529638670471722	-0.5520994233603146	0.3506407933195085	0.3506407933195166	0.4388626258051114	0.4388626258049341	0.04171599199623417	-0.05594960963186334	2.468775657708162	0.1909442037057854	-0.2410479551200395	2.07436414388791	0.4689820494964684	-0.3326249354466549	0.1956873853837551	0.8723240653921194	-0.1454558261562737	0.5723397943437761	1.065673375736121	1.931370957298133	0.4247533697210468	-0.7663426136330983	-1.025036964550512	0.3942615110372685	-0.8978449802556364	2.770093585881201	-0.3865110911469353	-0.0761444480604223	-0.6560160111946594	0.6603602139009035	-4.084325304856026	1.671652101336985	0.1199307950370455	-7.22205339299515	1.137770017477316	-0.7072282109311819	0.6064454020835995	1.592847754975004	1.592847754975005	1.522935264773684	1.522935264773598	-1.427242813998249	0.3666187555080343	5.619347221218822	-2.55949938060073	1.721152184085929	-1.811306516976497	-1.352789268391735	0.2767204083174623	-3.57138815961055	-5.3279425825363	-1.486651687536975	3.079278677559844	0.8053089103173645	0.6506817725432951	-3.477837109521249	-2.136917731521838	0.01000738965298585	0.01000712122265842	0.09999554865085328	0.1446531337103061	0.01002062717727668	0.0100053703164901	0.1582820795976958	0.01000059096266023	0.1984242679658314	0.1574195799115786	0.1157988435411278	0.01531867260151511	0.01000003820397667	0.01000002029014356	0.212932380351339	0.2409495679026068	0.1637238520337575	0.2295091643762178	0.1994779086885516	0.1895546994461995	0.09304652525614442	0.09751102089938664	0.1145883501951871	0.01000049184737096	0.01000185118380328	0.06163598806965232	0.03349633723488712	0.1019817375277442	0.01000292910349647	0.01000575114458408	0.01000053569393535	0.2004241520303117	0.102150870753094	0.01000001005122361	0.0102431405771659	0.3459892653407384	0.01000017119547792	0.201558259183199	0.3469436293740323	0.2378695685618656	0.3087071038018126	0.4154145706953073	0.163406238739774	0.01000093697975574	0.256512922622495	0.2664919438631059	0.08031727370006024	0.1089648563640642	0.01835389002699122	0.01000023680148169	0.01012064321012103	0.01029509747763435	0.01009345490002908	0.01013592437091728	0.07580428975228791	0.06761799120650454	0.1633058844329726	0.01001687073489163	0.0100100709896478	0.07729163395340749	0.02301642581408279	0.08236600772494278	0.08991535975906964	0.2308792238185155	0.2049966272127841	0.09450063216035968	0.1018928232160556	0.1256954835302277	0.2567660937193481	0.1469956471461487	0.1075328648906593	0.01000029963840038	0.1102732301799108	0.01012596249856659	0.07371548849070959	0.2652168139046227	0.01003332376742542	0.01000004649000149	0.0100000083486948	0.01000003070503567	0.1239065213648868	-0.1442463866581977	0.1063281172099919	-0.08456054543400396	-0.02031085328343259	0.0450681666003216	0.05167738319536849	0.002063725189624672	-0.08216747350577766	-0.05353410995781642	-0.05364801331471863	0.09654630598649822	-0.001698293933107813	0.01000006188636873	0.01000002964729604	0.1140911142482187	0.1638693115703543	0.0100003540882414	0.01000011222165251	0.1576353069602717	0.01000056014898636	0.1760769595271379	0.1445307956346323	0.095621520834996	0.01000109660171486	0.01000003904059749	0.01000002019522596	0.2241973518553896	0.2506147937953989	0.1727761176340711	0.276405136064986	0.2314880467553993	0.2156692005903898	0.1142574098436501	0.1135324060619272	0.1322159992359597	0.01000033887815314	0.01000005886340137	0.01000218697082068	0.01000040505009132	0.1159176441156112	0.01000003665703283	0.01000003866920371	0.01000018488016516	0.2005595896226983	0.1079193440299449	0.01000000834619034	0.01000018308041646	0.3224858582782743	0.01000018219752697	0.2352389808182386	0.4083181960458188	0.276519709995377	0.3229503268651934	0.4217842179868233	0.1842931430509304	0.01000085953237	0.278820487108259	0.2811715845618749	0.1442734113996271	0.1172485498412665	0.03400255985066414	0.01000028084666799	0.0100003585722139	0.01000030804252687	0.01000001245737005	0.01000000174572724	0.06219644569690978	0.04018079904103539	0.2091908907168842	0.01000002052268502	0.01000009753109045	0.0100022589765702	0.01000013936169222	0.01000168664566539	0.06337073476089629	0.2391279282019817	0.1824174721736596	0.07159005277769094	0.06121229738991944	0.08932715304972029	0.2572384352488191	0.01000029852004185	0.1135092028772656	0.01000055013127218	0.1423932325938011	0.009999993951743844	0.01000053405545959	0.2499673460314226	0.01000001437914941	0.01000003272851722	0.01000000388427833	0.01000002088604402	-12.93814375852759	-0.8658267338740171	6.577661605495149e-12	-6.479400293975216e-12
0.006435659104614581	-0.1979545856798899	-0.1009624062492677	0.5144288678941814	1.702696261512094	0.9110615633449841	-0.04253143915754983	0.5620947583442306	0.1661560121974338	0.4472610574624325	-0.09848453950378261	-0.03381464862981774	0.3870277031616118	0.1655715602228243	0.02374655174836753	-0.5450780350043259	0.3631673849933452	0.3631673849933545	0.4503175747532749	0.4503175747531549	0.03337408365389669	-0.05414566103145313	2.506833305020339	0.1744718227018827	-0.2288117313675982	2.061775016103157	0.4599087388665169	-0.3299520613154452	0.1730560644325143	0.8350926535684553	-0.1616054779786999	0.5907329173887474	1.069685180627438	1.936442459036823	0.4039712194958471	-0.7783567001588724	-0.8505502685377369	-0.1018014826500585	-1.875335488523642	2.747341570477409	-0.2949281794879627	0.01504752913993734	-0.3653665784970133	1.792004085037889	-3.601992587335128	2.015512040026367	-0.2256569280517995	-8.01603362825594	1.102694023469122	0.1399628598939929	1.509782819975316	2.095678176657572	2.095678176670509	2.057652509305708	2.057652509304534	-1.164332278577765	0.2045258494705075	6.203838866297145	-2.552501538981427	2.057887496467378	-2.10461925297363	-1.337838433214632	0.5907076295511785	-3.44974183499225	-6.203294495614061	-3.374464964669662	2.556630594929012	0.4614742175440388	0.9023828514056118	-2.732496551569502	-1.53857356905473	0.01000379777267267	0.01000364678986833	0.1057414872435255	0.1518281150291435	0.01001068568257688	0.01000278894022003	0.1572396931655808	0.01000054776520891	0.1874660286966437	0.1511204528785748	0.1046708276763012	0.01273567490597367	0.01000003625956956	0.01000001869092762	0.2150437406809898	0.2420044463763852	0.1652382256491514	0.2496469183892239	0.2126613353117714	0.1991847550331251	0.1053399489467228	0.1067723261120153	0.1229157339647014	0.01000040077224205	0.01000097005330127	0.03813755967646785	0.02237974128938604	0.1064583724370959	0.01000151031249418	0.01000295104380196	0.01000035350121669	0.2008420290318798	0.1053005697172185	0.01000000854050886	0.01012422638085539	0.3358061781929153	0.01000038811207185	0.2126186260315203	0.3647745391124493	0.2501392240872166	0.3134645380234168	0.4170439202787588	0.1726055315018585	0.0100008538827651	0.2647578761384086	0.2717841826328898	0.1106478615080731	0.1133758494294992	0.02277521713331558	0.01000024384041003	0.01006174560058788	0.01015082518151256	0.01004771321428587	0.01006939296803073	0.06356922124523183	0.05163758283690571	0.180629404973766	0.01000861895876072	0.01000517879299202	0.04729655000587541	0.0167647503344847	0.05032056736692768	0.07213840117527952	0.2338742244414269	0.1964550472528916	0.08477301280115729	0.08637585825440447	0.1114048822270246	0.2582578614434006	0.09091732322454321	0.1113339849146282	0.01909360709833364	0.1251592361494424	0.01006430266983827	0.04518070124410713	0.2583282997504948	0.01001701554664592	0.01000003701395937	0.01000000527555675	0.01000002392340503	0.1190392581226143	-0.1446527135872485	0.1214575966160413	-0.07767805304852454	-0.01699528804674418	0.04347905579993734	0.05928844016619637	0.003361752686853032	-0.07388657488731219	-0.05960502892249273	-0.05212690445613298	0.1064750907275977	-0.00551996615248545	0.01000004521650505	0.01000001982799493	0.1131961381793155	0.161682944767466	0.01000029155949498	0.01000008522330769	0.1538643158021234	0.01000045413678892	0.1633550341471893	0.1387035958561239	0.08345466301120484	0.01000077689834621	0.01000003016349921	0.01000001433969663	0.2137547091597084	0.2379163654383281	0.1630714169190785	0.2934915768804518	0.2379307828949205	0.214624822835605	0.1287848657735094	0.1245788654011849	0.1369788982662784	0.01000027784389613	0.01000004507759127	0.0100012591077099	0.01000025705092046	0.1097276277102231	0.01000002638267003	0.01000002572118071	0.01000014549979816	0.2024090570625623	0.1111147678928678	0.01000000579703451	0.01000014115236253	0.3084863390515825	0.01000097989453629	0.2278100179202586	0.3951694318461772	0.2681691425101025	0.3226586738420157	0.4195292829709897	0.1895951513672178	0.01000068915173927	0.2808628348878054	0.2820290454090636	0.1572245480090418	0.1215449924148046	0.0220016721656024	0.01000022607385112	0.01000028419596027	0.01000025560663761	0.01000000916745407	0.01000000016843138	0.03609829709561601	0.02509044289812042	0.2070863870266034	0.01000001100971122	0.0100000616926403	0.01000118917921299	0.01000008826498717	0.01000092560469803	0.03668614892755377	0.2391835073769096	0.1818272326937013	0.07201567636987626	0.06902252525170739	0.09237661945502842	0.2643194939623769	0.01000016656431255	0.1193440830780234	0.04462872460386175	0.1496122497137791	0.009999993155651619	0.01000031307754403	0.2417609428755109	0.01000000852523779	0.01000002240036114	0.01000000053753374	0.01000001344001178	-13.88695752952195	-0.7648067868598277	2.058466126693288e-12	-1.032030289825619e-11
0.01287131820922916	-0.2025912169305763	-0.1018354686234983	0.5004458034532452	1.720289875911424	0.9094795018897808	-0.04229130757248476	0.558290401376906	0.1787332599216662	0.4262217995291316	-0.08531801388298839	-0.03504579077398367	0.3353656794468854	0.1715730768175307	0.02599578011942636	-0.5335134347527976	0.3749847582878781	0.3749847582878842	0.4656144149928685	0.4656144149927928	0.0267401465261552	-0.05318150279800352	2.548576643109703	0.1581814776792994	-0.2148639030403811	2.047228304066162	0.4534236224883423	-0.3245483040673375	0.1514387461285932	0.7929829135122467	-0.1868600104915707	0.6042160899010653	1.071871106418476	1.94268979614664	0.3927759572262223	-0.7853981556555009	-0.5732295784486584	-0.08384964784130307	-2.393627035288981	2.719321178655989	-0.1954029310059328	0.05024545568813529	-0.9653457576359908	1.955200100035362	-2.899682793242834	2.019600545523633	-0.07408296522924558	-7.884671193157737	0.7013422001991139	0.4734009240581422	2.0183324599615	1.372445038172357	1.37244503817234	2.716873982398331	2.716873982398585	-0.8964591951725114	0.1056383802999517	6.764743743574952	-2.502928334768057	2.253064935426798	-2.419661998754668	-0.5484600728838824	1.125392797207682	-3.256268099018471	-6.843973233976604	-4.316161620618368	1.553420819972338	0.2378832370560183	1.016094343315059	-0.4985345144173384	-0.5915807435886326	0.01000199262816409	0.01000190382244024	0.108617893793622	0.1551999189398995	0.01000568110498804	0.0100014841382448	0.1551088683523569	0.01000047317525826	0.1756865695023735	0.1449609208215356	0.0929124587539385	0.01142640909648525	0.01000003085045508	0.01000001496456056	0.2124699402455771	0.238065681832998	0.1623219541988974	0.2683148885117396	0.223162126310076	0.2046855688703476	0.1183600707897572	0.1166646551005098	0.1296745347736249	0.01000032471076756	0.01000052239026475	0.02501350824067446	0.01650723748647164	0.1063660840055264	0.01000079544515985	0.01000154384724031	0.01000024268128262	0.2018004890393553	0.1084554443254921	0.01000000651081818	0.01006468435385436	0.324263623041072	0.01000089528135799	0.2166668330570284	0.37226478002001	0.2548737650988547	0.3164892302467393	0.4174414441674061	0.1801916530020221	0.01000072716463402	0.270748784532073	0.2754921715887305	0.1324726075534391	0.117711438286485	0.01911853793371919	0.01000021998808	0.01003223696638928	0.01007857584938404	0.01002482467750405	0.01003609959793213	0.0446434667619304	0.03563674895101988	0.1901421047955806	0.01000448621186933	0.01000271357789544	0.03008200258655854	0.01353828406219791	0.0317759088309062	0.04974436539959862	0.235788273198959	0.1908643515091455	0.0793908252683386	0.08079225378517903	0.1042091422115549	0.2617370893217885	0.05547637677589411	0.1159709540657193	0.04029160424925324	0.1365972492058788	0.01003344821852846	0.02890263058842342	0.2509234301542513	0.01000885401474129	0.0100000271120608	0.0100000020656794	0.01000001680972982	0.1141719948803417	-0.1450590405162993	0.1365870760220907	-0.07079556066304513	-0.01367972281005578	0.04188994499955308	0.06689949713702427	0.004659780184081387	-0.06560567626884674	-0.06567594788716903	-0.05060579559754733	0.1164038754686972	-0.009341638371863048	0.01000002854664386	0.01000001000869678	0.1123011621104122	0.1594965779645778	0.01000022903074933	0.01000005822496552	0.1500933246439751	0.01000034812459151	0.1506331087672408	0.1328763960776156	0.07128780518741364	0.01000045719497751	0.01000002128640098	0.01000000848416739	0.2033120664640272	0.2252179370812573	0.1533667162040859	0.3105780176959176	0.2443735190344415	0.2135804450808201	0.1433123217033686	0.1356253247404424	0.1417417972965971	0.01000021680964185	0.01000003129178683	0.01000033124459912	0.01000010905174959	0.1035376113048349	0.01000001610831204	0.01000001277316061	0.01000010611943715	0.2042585245024263	0.1143101917557906	0.0100000032478788	0.01000009922430862	0.2944868198248907	0.01000177759154535	0.2203810550222786	0.3820206676465355	0.259818575024828	0.3223670208188379	0.4172743479551563	0.1948971596835051	0.01000051877110852	0.2829051826673519	0.2828865062562523	0.1701756846184566	0.1258414349883426	0.01000078448054029	0.01000017130103421	0.01000020981970687	0.01000020317074845	0.01000000587753894	0.009999998591136868	0.01000014849432226	0.01000008675520549	0.2049818833363226	0.01000000149673897	0.01000002585419239	0.01000011938185579	0.01000003716828213	0.01000016456373068	0.01000156309421125	0.2392390865518375	0.1812369932137429	0.07244129996206161	0.07683275311349544	0.09542608586033656	0.2714005526759347	0.01000003460858334	0.1251789632787813	0.07925689907645125	0.1568312668337571	0.009999992359561873	0.01000009209962848	0.2335545397195991	0.01000000267132737	0.01000001207220507	0.00999999719078914	0.01000000599397955	-13.40979932001392	-0.6987946531647149	-2.460729352108574e-12	-1.416120550253716e-11
0.01930697731384374	-0.2053341760573678	-0.1018522185038978	0.4837531223945467	1.737718538935258	0.9085294878649013	-0.04188705128136465	0.5495888411071582	0.1913698423760839	0.407846656291727	-0.07262900671586076	-0.03460333906517736	0.2859841300035444	0.1745329291183587	0.02952990026678078	-0.5191863893925295	0.3823174966915535	0.3823174966915848	0.485085614375836	0.4850856143758895	0.02179566296869477	-0.05273736059387758	2.593786658196089	0.1422514639451694	-0.1999371174409831	2.030553849108529	0.4487129202015859	-0.315525625622483	0.1312499576008768	0.7472598961488486	-0.2156262772122018	0.6108652387659816	1.073050688229473	1.949375563106968	0.3869073128055193	-0.7853981514787205	-0.2869595147161886	0.09664202332870878	-2.782370804959074	2.696934971858127	-0.1015668386406738	0.07408812860265934	-1.747308373463481	1.931647442580246	-2.725242045300063	1.921162149481603	0.2331158510233472	-7.434839695936549	0.2180104565541738	0.5962821884605859	2.425815550611639	0.8505707933906425	0.8505707933909733	3.323698105082122	3.323698105082197	-0.6413075246931496	0.03513067554533447	7.273170876348618	-2.445740231084074	2.378177892594751	-2.76958083770921	-0.7633229484448756	1.665480048030681	-3.009261153464849	-7.344157603787044	-4.535338180491016	0.5147535539887091	0.1546245098800336	1.063341883973836	-1.077914346354069	0.6268924206962326	0.01000103044551003	0.01000097629369948	0.1089384405423369	0.1558601486831072	0.0100030084293979	0.01000078567506706	0.1523444636060305	0.01000041863689015	0.1641250944566159	0.1387916490985	0.07790076129852365	0.01072976446542361	0.01000002789976501	0.01000001267919294	0.2080598125228142	0.2321304006886596	0.1570137942837559	0.2854865480121879	0.2318554282286292	0.2079709732002952	0.1311105401602551	0.1265673936752243	0.1355225914009758	0.01000027028715593	0.01000028346195273	0.01782354004637102	0.01335203935685564	0.1046113210374873	0.01000041435212423	0.01000079423491544	0.0100001781490842	0.202678657111057	0.1111763455013939	0.01000000608913715	0.01003307331706459	0.3113299125115285	0.02545838623823212	0.2164704039309024	0.3729787913081907	0.2549610022553321	0.3179598615867861	0.4164969347496485	0.1864861987056612	0.01000065733800084	0.2748772459218673	0.277777961458882	0.1484788473567429	0.122160881546503	0.01471431978420941	0.01000019003846252	0.01001657812290507	0.01298545406254936	0.01001267530870198	0.01001842695722066	0.02850730237422931	0.02354407108427232	0.1935957982885341	0.01000229021736726	0.01000139596878485	0.02053438657785265	0.01181511947370818	0.02144796826769725	0.03136281455839932	0.2369445783785347	0.1882813995918782	0.07827912321117518	0.08317553374557879	0.1024508286731342	0.266610479028775	0.03460736888256264	0.1211263866135029	0.06524468223390707	0.1459176470301899	0.01001706987797403	0.01990053660252923	0.2443167761716975	0.01000452058612745	0.01000001942419663	0.009999999579289383	0.01000001128244528	0.1104130091270454	-0.1466987316060172	0.1464210875435814	-0.06416291615410753	0.00105419725475338	0.03853711835731562	0.07326890014697723	0.006195658228713641	-0.05781167234668754	-0.07071962473828675	-0.04876845933422917	0.1223039279738074	-0.01016938273063094	0.01000002621547921	0.01000000863058456	0.1068485546475551	0.1545814935848918	0.01000021585751547	0.01000005682323171	0.1463479534953796	0.01000037332720506	0.1414780644289042	0.1266165008758766	0.04685450138473345	0.01000040652802303	0.01000002781647711	0.01000001183010692	0.1980942771744527	0.218397907083106	0.1447185529490515	0.3240265626943755	0.2494392942506579	0.2134818645780206	0.1548779252665522	0.1452145674071288	0.1461751206489182	0.01000021078378412	0.0100000369542726	0.0100002464486394	0.01000008572817964	0.1010163345400656	0.01000001780977774	0.01000001263423799	0.01000011488764902	0.2040630804262116	0.1155454584615825	0.01000000768179474	0.01000011901805908	0.2778266207114124	0.06928849853661816	0.2123737437098015	0.367694396502884	0.2509439081130375	0.319526558908853	0.411879738853031	0.1983039638025407	0.01000064018966698	0.2823168006414917	0.281350360748376	0.1741767796504604	0.1308414140562968	0.01000051297062209	0.0100001482457095	0.01000028572407686	0.0211419959535019	0.01000000916838674	0.01000000084408213	0.0100000935697744	0.01000005423978302	0.1942582671960594	0.009999999988704289	0.01000001918197104	0.01000007671094096	0.01000002888800376	0.01000011160356324	0.01000086395786449	0.2387836546206347	0.186481168460147	0.08062443000759356	0.09441017899629439	0.1040094389185132	0.2793608561566118	0.01000002261372135	0.1313237342568929	0.108711398900781	0.1624859703683047	0.009999992484151113	0.0100000656946194	0.2313185604046131	0.01000000236911291	0.01000001084756773	0.009999996814544197	0.01000000511842431	-12.90044972524425	-0.676736210873826	-1.81169389852848e-13	-1.023346060340586e-11
0.02574263641845832	-0.2063846952108654	-0.1003599040952217	0.4647818323780201	1.755002688428976	0.9081498664616454	-0.04135438371317279	0.5356910458359758	0.20307863054799	0.3922447175887535	-0.06062334255725251	-0.03176812639749299	0.2400133902158953	0.1743730300988876	0.03330246899596379	-0.5023961290691423	0.3852149161235906	0.3852149161236451	0.5082601190735471	0.5082601190737179	0.0184705228632349	-0.05269401023034472	2.64203834564682	0.1267257440224749	-0.1843505608082345	2.011485571601279	0.445557082423622	-0.3032798819483863	0.1128151218418119	0.6987260466516315	-0.2441011951472773	0.6108651817338693	1.074195092562063	1.956398425448611	0.3820853814879356	-0.7768747326790706	-0.0472725804164277	0.3851199671533569	-3.101746877117504	2.674410928287355	-0.01814288265749971	0.09015163322559851	-2.580171811480867	1.666870881578196	-2.037858232794339	1.807239077944037	0.6695117199940166	-6.824699062591853	-0.2681781760843091	0.547503227688748	2.783822029933368	-0.005912298720894234	-0.005912298720894241	3.867744547076271	3.867744547076109	-0.3932182920196792	-0.01891509090403574	7.70999964272054	-2.377286561339544	2.458100975928027	-3.163586594107168	-0.06525719350969192	2.127019889826014	-2.711194863369085	-7.717491263861412	-4.225619599742348	-0.5129427910340243	0.2269511854087521	1.120852962497769	-0.1732490726197835	2.057227859675912	0.01000054796164921	0.01000051162138848	0.1068052932834524	0.1542958971980561	0.0100016648640219	0.0100004355782337	0.1491768020726508	0.01000040395013776	0.1533563399552082	0.1325350374485992	0.05824829653501146	0.01038001404982463	0.01000002968721729	0.01000001320814812	0.2033248188698771	0.2258347003156514	0.1503342980967186	0.3011193665369358	0.2391515736344712	0.2099772707848966	0.1431630843636189	0.1362095979227531	0.1407495496788253	0.01000024005106075	0.01000016677163184	0.0140958528950534	0.01174833998023521	0.1025242500456469	0.01000022456638548	0.01000041918247348	0.01000015024987607	0.203151130039415	0.1132597702359967	0.01000000809410738	0.01001726773723323	0.296983440822455	0.06101305621789932	0.2133651305785452	0.3687872954316909	0.2518368592185931	0.3179679328072297	0.4141405616914223	0.1916303736332647	0.01000068308865415	0.2773357278713059	0.2787206936994027	0.1593740360425135	0.1268115690973926	0.01246172944506474	0.01000016353436029	0.01000878234056847	0.01993525618649903	0.01000659904918204	0.01000958682959195	0.01978335818200614	0.0171267130742858	0.1916275351571865	0.01000119094036603	0.01000073351690507	0.01552805809771412	0.01094555541018751	0.01601238256013916	0.02132379046153945	0.237513088188852	0.1886905737383128	0.08128189392317405	0.09219032429433413	0.1051065218462126	0.2725514331252071	0.02308433119199318	0.1266559759461802	0.09120940146004167	0.1536573322170242	0.01000887625350228	0.01519252326923987	0.2392518651368727	0.01000235265874262	0.01000001496641809	0.009999998147473307	0.01000000807992587	0.1066540233737492	-0.1483384226957351	0.156255099065072	-0.05753027164516995	0.01578811731956254	0.03518429171507816	0.07963830315693023	0.0077315362733459	-0.05001766842452834	-0.07576330158940446	-0.04693112307091098	0.1282039804789175	-0.01099712708939885	0.01000002388431839	0.01000000725247698	0.1013959471846981	0.1496664092052058	0.01000020268428281	0.01000005542150151	0.1426025823467841	0.01000039852981861	0.1323230200905675	0.1203566056741375	0.02242119758205333	0.01000035586106865	0.01000003434655324	0.01000001517604643	0.1928764878848782	0.2115778770849547	0.1360703896940171	0.3374751076928334	0.2545050694668743	0.2133832840752211	0.1664435288297358	0.1548038100738151	0.1506084440012394	0.01000020475792662	0.01000004261676424	0.01000016165267969	0.01000006240460969	0.09849505777529638	0.01000001951124933	0.0100000124953194	0.01000012365586341	0.2038676363499969	0.1167807251673745	0.01000001211571068	0.01000013881180955	0.2611664215979342	0.1285752194816911	0.2043664323973245	0.3533681253592325	0.2420692412012471	0.3166860969988681	0.4064851297509057	0.2017107679215764	0.01000076160822544	0.2817284186156316	0.2798142152404997	0.1781778746824642	0.1358413931242511	0.01000024146070397	0.01000012519038465	0.01000036162844732	0.03228378873625672	0.0100000124592346	0.01000000309702712	0.01000003864522652	0.01000002172436052	0.1835346510557962	0.009999998480672364	0.01000001250975367	0.01000003404002611	0.01000002060772539	0.0100000586433958	0.01000016482151773	0.2383282226894319	0.1917253437065509	0.08880756005312543	0.1119876048790932	0.1125927919766898	0.2873211596372888	0.01000001061885936	0.1374685052350046	0.1381658987251107	0.1681406739028522	0.009999992608739882	0.01000003928961032	0.2290825810896273	0.01000000206689992	0.01000000962293039	0.009999996438299267	0.01000000424286909	-11.85734092481874	-0.6553666995318902	2.38769931457554e-12	-5.975134959448514e-12
0.03217829552307291	-0.2059103881688532	-0.09698672295785242	0.4437960282261061	1.772157735170756	0.9082776481580702	-0.04070924274577199	0.5167451600015647	0.2131242022008455	0.3793595255469239	-0.04940079472708956	-0.02615678108783299	0.197935446067891	0.1711440321859647	0.03658395368851618	-0.4833251873967978	0.3840907058353726	0.3840907058353947	0.534543674745189	0.5345436747453902	0.01673311879212257	-0.05296001386929152	2.692864341966569	0.1116850419671216	-0.1683425318248263	1.989745619710781	0.4438307921580451	-0.2884395262898152	0.09644678275751625	0.6481342052770631	-0.2684107995426629	0.6048798573898864	1.076211226168783	1.963776667416111	0.373614772341337	-0.7584088631395044	0.1891383726810229	0.6627028174405916	-3.407433006442819	2.656638450374875	0.0560611607052476	0.1093961144522205	-3.301910489985911	1.434414119303929	-1.901067835154786	1.687721512057405	1.074399268486117	-6.245461143772861	-0.7264207940091663	0.4617158696958829	3.13072038679378	-0.390365429335544	-0.3903654293381214	4.287188347702251	4.287188347697001	-0.1475794410908228	-0.0621733272739512	8.072933021612336	-2.29372057965375	2.513717503144864	-3.598324301008994	-0.3458343960087317	2.464856220030942	-2.369095425695097	-7.986421935296963	-3.303848158564399	-1.312656230359282	0.4103393209499437	1.166352637439916	-2.227006569517541	3.721013485008912	0.01000029049843082	0.01000026430004085	0.1009377112970602	0.1506097437616076	0.01000093832634455	0.01000024793716512	0.1451879218805671	0.01000040113035271	0.1429529054419811	0.1262741837332893	0.04037094049052635	0.01019424320333899	0.01000003453911801	0.01000001544230343	0.1993279972894828	0.2202161648068951	0.1422243159328006	0.3150971213447837	0.2452543939435287	0.211266135287653	0.1543324287347947	0.1454167465714261	0.1455017266542593	0.01000021464271633	0.01000010701985635	0.01210284250684326	0.01089464495457103	0.1010323419152612	0.01000012458631046	0.01000022056112864	0.01000013802872213	0.2023834074006002	0.1136535490973533	0.0100000122917287	0.01000892971520842	0.2820787908645442	0.09259243806598724	0.2086063854215281	0.3615342833830052	0.2468106827320564	0.3168184449856235	0.4106511157601766	0.1953168248134818	0.01000069009450766	0.2783915060926582	0.2785821071925689	0.1653860770828583	0.1312961956790734	0.01126106624378385	0.01000014453678336	0.01000467647033573	0.0279444562439739	0.01000337511997088	0.01000489545963269	0.0150623119558664	0.01367424775103216	0.1819596988105051	0.0100006069421516	0.01000037975100813	0.01284374824755355	0.0104832946448848	0.0130949860981963	0.01587169983940915	0.2375855542053899	0.1919178522753057	0.08538575458404148	0.1022856765147017	0.09669432397675612	0.2790709314422892	0.01680061061376647	0.1323752409968321	0.1110407368693666	0.1593504847882829	0.01000452708036061	0.01266989925024995	0.2355186153645458	0.01000120178210636	0.01000001196136762	0.009999997189751055	0.01000000592128174	0.1022768635914571	-0.1509310451144225	0.1628312430560487	-0.04981369491323458	0.02231195040957022	0.03107921977127218	0.08426884280828881	0.00796394389067768	-0.04161523612926132	-0.0795879272076139	-0.04395065879584249	0.1324647587090012	-0.01218956458647088	0.01000002053671149	0.01000000576448384	0.08546543154839809	0.1408407812527928	0.01000016236654385	0.0100000496685274	0.136110713431432	0.01000039790329357	0.1225854831769316	0.1143167384529828	0.01621105470130096	0.01000033880530191	0.01000004404128486	0.01000001996804479	0.1923806066470032	0.2094174400307824	0.1245876957552201	0.3467555016725495	0.2576571185096892	0.2135334059108749	0.1755283611657088	0.1629861648938127	0.1544152916227478	0.01000017410008832	0.01000004650656449	0.0100001209997586	0.01000004771178797	0.09941672251983948	0.0100000210573471	0.01000001431608917	0.01000012666757149	0.1986425057560915	0.1119685753828025	0.01000002052049847	0.01000031859689298	0.2466948222425254	0.1363275895694757	0.1970555192256379	0.340185578126814	0.2338340327748612	0.3126314366410819	0.3999800320563353	0.2011544794666584	0.01000064306338024	0.2791784197806841	0.2769915581793855	0.1717565228107078	0.1395671496817446	0.01000031707023871	0.01000012434048023	0.01000042443577336	0.04046470093960988	0.0100000150086205	0.01000000509254125	0.01000002705039488	0.01000001410505174	0.1507901944650939	0.009999997728330965	0.01000000957406749	0.01000002315729277	0.01000001708722022	0.0100000443549503	0.01000011078200654	0.2371707662435733	0.2020750992339452	0.09241472720013261	0.1193395891901246	0.06130690240845354	0.2948500992871777	0.01000000786445109	0.1435518459363951	0.1377852070886068	0.16812605626775	0.009999992570270596	0.01000003174405669	0.228686430084851	0.01000000173796365	0.01000000815591054	0.00999999598216746	0.01000000318650907	-11.24231759630558	-0.6613942443121684	1.995760666391649e-12	2.571736202331853e-12
0.03861395462768748	-0.2040214634380124	-0.09183590925427511	0.4210851688123642	1.789194573257343	0.9088483789100432	-0.03995843281043251	0.493264495463457	0.2212767705715563	0.3686170659831804	-0.0388055833991347	-0.01793813940810845	0.1597076581290154	0.1651372286287124	0.03910940220825312	-0.4622554398408784	0.3795866228375939	0.3795866228375817	0.5632723982710086	0.5632723982712279	0.01655981761963567	-0.0534739632174359	2.745790798821358	0.09724332551455458	-0.1520339610382694	1.965095494985335	0.4427196083409603	-0.2718118576629081	0.08240506443325077	0.5961675700999131	-0.286301834043646	0.5944129971054991	1.079614935023611	1.971337304634327	0.3564088537326922	-0.7284702790796229	0.3923460081799616	0.9375521385252925	-3.63783967852901	2.637675403979102	0.1195117222193104	0.1229902179065566	-3.989438097273306	1.078585128868574	-1.371964514116357	1.612282667875713	1.479777250819277	-5.628191868728788	-1.131432614481904	0.3125510144912141	3.404987896311848	-1.0562702041852	-1.056270204185205	4.62762564603184	4.627625646030547	0.09285558873487372	-0.0959688022777221	8.3627565717259	-2.191140715746274	2.551499894294119	-4.067976582345587	0.1258985032032244	2.682460423587965	-1.988154465171547	-8.144733843061099	-2.230930389033436	-1.905662902875642	0.658165836307492	1.177535656995744	-2.887907919465159	5.622585924918651	0.01000016003337926	0.01000013983767762	0.09065759060722978	0.14483529561727	0.01000055473670195	0.01000015119748745	0.1401633521638767	0.01000039940667932	0.1326798440150378	0.1200517211906681	0.0275362322477045	0.01010121753775703	0.0100000418112895	0.01000001895477577	0.1966415088440207	0.2158486555285204	0.1326493763208553	0.3273336669622335	0.2502588790118688	0.2121278826813897	0.1645211060752381	0.1541048527208012	0.1498447016418762	0.01000018661088346	0.01000007907396377	0.01109572139793072	0.01046572926941931	0.1005733517489848	0.0100000753455239	0.01000012211381879	0.0100001334204337	0.1999303699478129	0.1118500719240278	0.01000001859193888	0.01000484842263104	0.2671313282497189	0.1125333368647899	0.2028629541941577	0.3522922874323766	0.240598994882237	0.3146817055482694	0.4061942251118802	0.1973769658984959	0.01000063435474885	0.2781835120533856	0.2775032551540692	0.1664629337961539	0.1354429844845178	0.01065681168807745	0.01000013460875035	0.0100026539187394	0.03592093233853742	0.01000176364860875	0.01000254961802777	0.01264403293049392	0.01191686245654454	0.1631442825739144	0.01000031442953481	0.01000020131777768	0.01148260076952397	0.01025150841625695	0.01161391846650352	0.01306887386252349	0.2372105133804767	0.1978416223307092	0.08924665018854715	0.1110685301047179	0.06914402933733403	0.2859053761758659	0.01355712373468276	0.1381998925487422	0.1218525096325188	0.1627454512971544	0.01000235140896338	0.01139177598747197	0.2329897738193805	0.01000062590669273	0.01000000972496893	0.00999999648270565	0.01000000431351918	0.09789970380916493	-0.1535236675331099	0.1694073870470253	-0.04209711818129921	0.02883578349957789	0.0269741478274662	0.0888993824596474	0.008196351508009458	-0.03321280383399429	-0.0834125528258233	-0.04097019452077399	0.1367255369390849	-0.0133820020835429	0.01000001718911521	0.01000000427650423	0.06953491591209811	0.1320151533003797	0.01000012204880817	0.01000004391556185	0.1296188445160798	0.01000039727676853	0.1128479462632957	0.1082768712318281	0.01000091182054856	0.01000032174953513	0.01000005373601649	0.01000002476004319	0.1918847254091283	0.2072570029766101	0.1131050018164231	0.3560358956522657	0.2608091675525041	0.2136835277465287	0.1846131935016819	0.1711685197138104	0.1582221392442563	0.01000014344225009	0.01000005039637524	0.01000008034683753	0.0100000330189663	0.1003383872643826	0.01000002260345852	0.01000001613686797	0.01000012967927982	0.1934173751621861	0.1071564255982305	0.0100000289252863	0.01000049838197657	0.2322232228871165	0.1440799596572602	0.1897446060539514	0.3270030308943956	0.2255988243484753	0.3085767762832957	0.3934749343617648	0.2005981910117405	0.01000052451853504	0.2766284209457368	0.2741689011182714	0.1653351709389514	0.1432929062392381	0.01000039267977376	0.01000012349057604	0.01000048724309959	0.04864561314296233	0.01000001755800814	0.01000000708805739	0.0100000154555632	0.01000000648574291	0.1180457378743916	0.00999999697599758	0.0100000066383918	0.0100000122745594	0.01000001356671505	0.01000003006650478	0.01000005674249535	0.2360133097977147	0.2124248547613394	0.09602189434713986	0.1266915735011562	0.01002101284021717	0.3023790389370666	0.01000000511004284	0.1496351866377855	0.1374045154521029	0.1681114386326479	0.009999992531805724	0.01000002419850304	0.2282902790800745	0.01000000140903186	0.01000000668889068	0.009999995526035586	0.01000000213014903	-10.26651719492941	-0.6617790009588579	1.340639142420004e-12	1.149981141014092e-11
0.04504961373230207	-0.2008926001000225	-0.08508057885293045	0.3971189914216751	1.806113272914723	0.9097920683861306	-0.03912475975055021	0.4658157934506641	0.227164402598178	0.3595239910131437	-0.02849659467938691	-0.007292705741605052	0.125455994030946	0.1567570459390623	0.04062447334473715	-0.4396733885854133	0.3720064490060409	0.3720064490060169	0.5939492692821203	0.5939492692822257	0.01790494404161852	-0.05416274730640822	2.800328511764149	0.08351939554843607	-0.1355352755858487	1.937308317295358	0.4416839500653384	-0.2540995679407912	0.07091580328990875	0.5435314237744037	-0.2974208249799722	0.5809765709474679	1.084825342754839	1.978913048098464	0.3276001270214002	-0.6855963813069661	0.5698180938763957	1.153966646304999	-3.789391745042931	2.619551507824867	0.1715728121812481	0.1344754246575996	-4.525565404927279	0.7343204413804547	-1.422720043778005	1.611901007282539	1.823837614526412	-5.005525197066345	-1.454718999584049	0.1538570555436105	3.590913588588782	-1.343262852679611	-1.343262852679932	4.9061748439191	4.906174843917803	0.3223806622970122	-0.1159633069612098	8.570618912242223	-2.070696899287314	2.573913323440652	-4.570968121999659	-0.3160228841106776	2.826990310757441	-1.578635114665097	-8.194577482135022	-1.216401400838203	-2.272956407354414	0.9724958418378571	1.177293540808317	-5.778178888676707	7.646723712216675	0.01000008971069092	0.01000007336631483	0.07455555778972145	0.1371392871886545	0.01000033657157909	0.01000009753798133	0.1334287763804597	0.01000039863063938	0.1230075964587966	0.1142585719245338	0.01916888765509625	0.01005184295307511	0.01000005280678532	0.01000002467360003	0.1951400301730509	0.2126770876659753	0.1217462430238126	0.3377380684381361	0.2540700527193475	0.2125143035641761	0.1736755818204247	0.1621592803896082	0.1536122163215404	0.01000016008586039	0.01000006590701728	0.0105601908415335	0.01023789142539803	0.1004846703568595	0.01000005020088739	0.01000007269794355	0.01000013527586957	0.1953486880620496	0.1078587669931658	0.01000002927375037	0.02311683036030832	0.2535607020916687	0.1277353829241276	0.1965414348574999	0.3415790383707873	0.2336178710419456	0.3115425388233143	0.400535171486698	0.1975938485133975	0.01000054151676286	0.276885029712596	0.2755469656232155	0.1634931478087343	0.1390520455189623	0.01454858931110318	0.0100001339061772	0.01000165184310833	0.03701422933251493	0.01000091002739738	0.01000130561432977	0.01135466177594668	0.01098108714952736	0.1338614741557649	0.01000015899998306	0.01000010582833855	0.01075835976334242	0.01012842843896809	0.01082569144650361	0.01157328591979671	0.2362947967026518	0.2054736711521546	0.09200116459373682	0.1175928102630927	0.04250324493734853	0.2925681727394976	0.01182481887505734	0.1440408879533067	0.1267698675322924	0.1637582961050755	0.0100011965615774	0.01071181731398782	0.2314667892006135	0.01000032029631557	0.01000000806738513	0.009999995964985992	0.01000000312358056	0.09678367109605528	-0.1560782793933597	0.1716522274692041	-0.03454589607322143	0.03328403900352155	0.0210215648330503	0.09244794222995088	0.008433747251385118	-0.02644000446957229	-0.08588710818569238	-0.03628523985319139	0.1388380161083061	-0.01333846620754844	0.01000001572000043	0.01000000388480288	0.03976766223358124	0.1200260301285287	0.01000009817123839	0.01000003962837027	0.118039616605708	0.01000039828254634	0.1054970736597417	0.1040702821885068	0.01000095190562636	0.01000037501533617	0.01000007318520639	0.01000003560836744	0.1933084814000831	0.2072115988759576	0.0996131396828359	0.3609599575141466	0.2611557753300572	0.2127257164978545	0.191252388420934	0.1776581585454506	0.1603805363869337	0.01000012311315853	0.01000005368827699	0.01000006016512747	0.0100000244868367	0.1003855429350183	0.01000002515509472	0.01000002544354111	0.01000014358330563	0.1826682868788939	0.09806079551829637	0.01000005012958491	0.06016687080659135	0.225271601241932	0.1540407611413828	0.1826074188948424	0.3130671681299257	0.2172914301971001	0.3024908716004475	0.383678407790693	0.1956242387330417	0.01000037720088594	0.2724927509270158	0.2698207582305362	0.1531162506326577	0.1453786565462582	0.02596641650884846	0.01000014136772517	0.01000070850355117	0.02932441917345615	0.01000002216158939	0.01000000992925809	0.01000001091222437	0.01000000345733426	0.06402291646557962	0.009999996930861219	0.01000000596293404	0.01000000824378983	0.01000001260259262	0.01000002517982878	0.01000004231134043	0.2334752978402335	0.2234423439357416	0.09535449955911682	0.1268520108335913	0.01001053695557264	0.3078839598701329	0.01000000512665838	0.1555222628051991	0.1307425839206016	0.1629123481602248	0.009999992526266873	0.01000002263990494	0.2292090652787711	0.01000000189334201	0.0100000060432848	0.00999999533989873	0.01000000167378186	-9.707873435964487	-0.6802231776138261	3.885751906066913e-13	8.04409984186027e-12
0.05148527283691665	-0.1968182864319129	-0.0770835550786006	0.3725771522192178	1.822904296129422	0.9110286309074314	-0.0382483268435696	0.4352099914069217	0.2305123989527961	0.3507058092886011	-0.01779475353236027	0.005477198457585626	0.09541665085658685	0.1466466277865789	0.04103274743456078	-0.416317379138174	0.3617326009691318	0.3617326009690952	0.6264264318120517	0.6264264318120371	0.02067341406473997	-0.05493927312239161	2.855909974567233	0.07063097856822921	-0.1189282207945859	1.906215213941009	0.4403474590088651	-0.2353600315393767	0.06213371068440773	0.4909286655369756	-0.3018542643024623	0.5651184176773009	1.092279372917452	1.98649740654034	0.2857270206361574	-0.6307489492618494	0.6861621707618005	1.32343130107573	-3.816737225105395	2.597997589730565	0.2105274334474054	0.1362786306488729	-4.970565276463527	0.289346410733168	-1.286536359235686	1.734368820838965	2.139995731371487	-4.319135292024401	-1.669135260717751	-0.03140662117929081	3.645509707514022	-1.893379243894461	-1.893379243894477	5.187099506502972	5.187099506501187	0.5351859171792587	-0.1232361659918118	8.68712112961534	-1.931489614593469	2.585177668578549	-5.095354075938653	0.03240915660582541	3.001696313987232	-1.146851812326487	-8.134357876493395	-0.1532716722335866	-2.65825935896069	1.355412969401996	1.180212920255075	-6.947905343774039	9.343582967178781	0.01000005379864367	0.01000003991927062	0.05176800862141274	0.1275976617934349	0.01000021550462598	0.01000006855307015	0.1246308749641306	0.01000039874508638	0.1141793589588966	0.1090892276597484	0.01480614979552907	0.01002716447957097	0.01000006802712977	0.0100000329559619	0.1947490390445685	0.2106629993749529	0.1095860362155422	0.3462390578431357	0.2566288767811147	0.2123988131952772	0.1817563094500545	0.1695194803076845	0.1567206074823886	0.01000013665733999	0.01000006096565491	0.01029155751765687	0.01012378226977389	0.1004543122654563	0.01000003889790864	0.01000005262957793	0.01000014315275746	0.1883866678676958	0.1016631643620119	0.01000004521431821	0.05342352056961663	0.2422016361276675	0.1404851871190746	0.1898639815907625	0.3297035164501006	0.2261010960711721	0.3073900220800845	0.3935297713710328	0.1958393582266837	0.0100004214518278	0.2745890561823204	0.2727463906974878	0.1568432820756162	0.1420255183385892	0.02432700164437452	0.01000014248907243	0.01000126114552612	0.02830503365252656	0.01000048531590946	0.01000068473738335	0.01070542915979085	0.01051074313262627	0.09281604598711528	0.01000008122618487	0.01000005772364229	0.01039472814534697	0.0100668204541685	0.01042980436218815	0.01081942732886121	0.2347868250269901	0.2143090725058075	0.09325825737094594	0.1214005245051244	0.02741970578684092	0.2987942152288068	0.01095060623144264	0.1498566304643624	0.1268644120352705	0.1623163787514494	0.01000061886158174	0.01037049719863462	0.2308354981688495	0.01000016766139301	0.01000000691555115	0.009999995612979427	0.01000000230025434	0.09566763838294561	-0.1586328912536094	0.173897067891383	-0.02699467396514363	0.0377322945074652	0.0150689818386344	0.09599650200025435	0.008671142994760777	-0.0196672051051503	-0.08836166354556148	-0.03160028518560879	0.1409504952775272	-0.01329493033155397	0.01000001425090507	0.01000000349312895	0.0100004085550644	0.1080369069566778	0.01000007429367393	0.01000003534118932	0.1064603886953361	0.01000039928832415	0.09814620105618764	0.09986369314518544	0.01000099199070419	0.01000042828113729	0.01000009263439629	0.01000004645669167	0.194732237391038	0.207166194775305	0.08612127754924864	0.3658840193760275	0.2615023831076102	0.2117679052491802	0.1978915833401861	0.1841477973770908	0.1625389335296111	0.010000102784067	0.01000005698018257	0.01000003998341741	0.0100000159547071	0.100432698605654	0.01000002770674696	0.0100000347502288	0.01000015748733151	0.1719191985956016	0.08896516543836219	0.01000007133388353	0.1103332432312061	0.2183199795967474	0.1640015626255054	0.1754702317357334	0.2991313053654558	0.2089840360457249	0.2964049669175993	0.3738818812196211	0.1906502864543428	0.01000022988323685	0.2683570809082949	0.265472615342801	0.140897330326364	0.1474644068532784	0.04193244033792304	0.01000015924487423	0.01000092976400361	0.01000322520395037	0.01000002676517334	0.0100000127704609	0.01000000636888553	0.01000000042892561	0.01000009505676771	0.009999996885744289	0.01000000528749763	0.01000000421302026	0.0100000116384702	0.01000002029315278	0.01000002788018551	0.2309372858827523	0.2344598331101438	0.09468710477109372	0.1270124481660262	0.01000006107096032	0.3133888808031992	0.01000000514327389	0.1614093389726127	0.1240806523891003	0.1577132576878018	0.00999999252073226	0.01000002108130681	0.2301278514774678	0.01000000237766246	0.01000000539767889	0.009999995153761763	0.01000000121741464	-8.857356536859276	-0.6974758815287656	-6.049225883473174e-13	2.860418025753172e-12
0.05792093194153122	-0.1922016686947235	-0.06824908438738503	0.348205820620633	1.839552552329576	0.9124703954381241	-0.03737793158372677	0.402365083829719	0.2310340641239461	0.341038539282708	-0.005855244674536626	0.02006676238588575	0.06984138907802498	0.135569133243832	0.04028610274016346	-0.3930030467949092	0.3488809917153429	0.3488809917153339	0.6607716194527886	0.6607716194527501	0.02474352723760851	-0.05571354324911713	2.911888543357006	0.05869579836286376	-0.1022862505806861	1.871722164565966	0.438401876414682	-0.2152571555412379	0.0561885466279633	0.4390578281510643	-0.2999378839558821	0.5465987407624544	1.102299440986274	1.99411724411133	0.2303176908907549	-0.5669172848921099	0.7384049069552027	1.413703659197428	-3.740868010242732	2.575665502878916	0.2355532786526656	0.1327805597737531	-5.223092978746747	-0.1349050542130834	-1.709219609381563	1.991422738998342	2.3862450143623	-3.628508588216207	-1.756070351902996	-0.1986244296539677	3.582653805239277	-2.148288649962625	-2.148288649957742	5.482887684498801	5.482887684498048	0.7261261993220758	-0.1152792952514182	8.684403475151351	-1.774013428687884	2.584871277462374	-5.616584963253093	-0.5795360054395829	3.243634503190969	-0.6981499608690472	-7.969029655742648	0.8135456791468367	-3.099265192565169	1.752042829743502	1.186464048173334	-10.10388744545144	10.39106426925594	0.01000003416179131	0.01000002207646302	0.03250367078079262	0.1135399360409279	0.01000014285655356	0.01000005137721055	0.1139308621106102	0.01000040224530111	0.1005273118714799	0.1053594639258235	0.0132720636904113	0.0100142890676551	0.01000011019463767	0.01000004576183876	0.1952356961162675	0.2094311058323895	0.09104138701528447	0.352862532519958	0.257931185599392	0.2118785138767497	0.1887917993056448	0.176095441885631	0.1588339537629004	0.01000011689774967	0.01000005947271214	0.01014889672009295	0.01006319905063492	0.1002949571748108	0.01000003376055571	0.01000005074077437	0.01000015839915703	0.1792242448195048	0.08861373400806519	0.02357068702330651	0.08462210258433515	0.2339113197816033	0.1510389941408384	0.1825490301500016	0.3165018526052573	0.2177381548543464	0.3023327783476042	0.3852684303515594	0.1919037472128272	0.01000031359518496	0.2714809112091437	0.269186685830588	0.1420724082571442	0.1443113721437161	0.03914686244635647	0.01000016364332735	0.01000121625682795	0.01958121369000025	0.01000026323339205	0.01000035698354875	0.01036043319340504	0.01026088555345634	0.05662944926994637	0.01000004009094098	0.01000003213988366	0.01020159391957212	0.01003411578431426	0.01021952660387727	0.01041875699703636	0.232673522437638	0.2229497803585878	0.0935620213358782	0.1234649628825503	0.01910610981751315	0.3040945655405569	0.01048587364009199	0.1554025332580902	0.1141253338165145	0.1582998210270949	0.01000031222788115	0.01018922144101628	0.2305236541753335	0.01000008711769436	0.01000000612796617	0.009999995381726367	0.01000000174215854	0.09704883053851499	-0.1603305433119991	0.1722152478625134	-0.0184620483806404	0.04119926207290815	0.001271969765609471	0.09855513366906539	0.005880864273769748	-0.01970560365050664	-0.08964257048317817	-0.02240542458375479	0.1411171229228962	-0.01204856206603653	0.01000001321303946	0.01000000345759434	0.0100002609400606	0.08068335195361259	0.01000006103955881	0.01000003188640262	0.09186158040146422	0.01000041148497965	0.0671973407993175	0.1004545285994013	0.01303863113580681	0.010001233273057	0.01000020622090993	0.01000006982331851	0.1971985043666815	0.2074783101322463	0.04806183685549438	0.3668981079424551	0.2592603053747359	0.2103015808826505	0.2023400571108801	0.1886974299030494	0.1617251582105952	0.01000009080665505	0.01000005870831134	0.01000002948735413	0.01000001078416603	0.09976990260426273	0.0100000289949008	0.01000006063691876	0.0100001885179158	0.1575956213500586	0.05551607761930549	0.06193944115644084	0.1350544421348641	0.2198269846526757	0.169543231972303	0.1662806786207962	0.2821552901835323	0.1980859867307042	0.2889588783285158	0.3620435522217289	0.1807382425451921	0.0100001768251845	0.2632647864127439	0.2599329886718814	0.1008616522089538	0.147992160461407	0.0676346480186711	0.01000020808431677	0.01000137229351494	0.0100018461791288	0.01000003586407721	0.01000001738914932	0.01000000428403244	0.009999999051914316	0.01000005938930996	0.009999997473338674	0.01000000561833111	0.01000000247839188	0.01000001190722585	0.01000001852814062	0.01000002309419936	0.2271611911983302	0.2408535875695208	0.09334765361971777	0.1259212389360533	0.01000004044029371	0.3152478066202032	0.01000000739879682	0.1660744626640871	0.07125903682794181	0.1470788798477839	0.009999992549193686	0.01000002251748417	0.2298389545443734	0.01000000379271572	0.0100000052299623	0.009999995129505512	0.01000000111195326	-8.319523465617088	-0.7349385217820829	7.919648898281829e-12	-3.629089451955464e-12
0.06435659104614581	-0.1874444566776868	-0.05899467307706097	0.3246362340638108	1.856055345593613	0.9140351007531402	-0.03655770057910175	0.3681557107760861	0.2286771961537427	0.3288156515601075	0.008035295431751297	0.03609174660966941	0.04871735583405856	0.1242667542283221	0.0385019650638099	-0.3704252386033551	0.3334661375720238	0.3334661375720424	0.6969544738913317	0.6969544738912733	0.02997391246659196	-0.05639599750639544	2.967369841013083	0.04784309924403254	-0.08568005560954334	1.834017782771634	0.4336281533392111	-0.1936360438228643	0.05318065192274689	0.3885682732449567	-0.2905497836277632	0.5251985661678856	1.114747253876298	2.001751664967713	0.1578349384121769	-0.4983179875520718	0.729854441292214	1.453935609014764	-3.567580136241394	2.552792294049548	0.2487335541300607	0.1206891613066526	-5.394598139455804	-0.6052109586294114	-2.080741790007374	2.340687837373707	2.586079114991329	-2.935833764047616	-1.739022266751719	-0.3538267384433178	3.416621215217173	-2.689954962997657	-2.689954962997582	5.758188423585673	5.758188423586117	0.8957619008356412	-0.09470268817722513	8.532584934251869	-1.595088612892941	2.574059850796284	-6.093334969623969	-0.8464877590938363	3.473516120485705	-0.2340410800081229	-7.705098819375231	2.168703393488727	-3.553427242403889	2.10987953776322	1.184744946280906	-12.25378697193128	10.8252130270959	0.0100000238200807	0.01000001313310828	0.02194146909090804	0.09348212543819757	0.01000009989152782	0.01000004105868217	0.101404970185774	0.01000041009167783	0.07900315509360492	0.1034555199803481	0.01400264236380987	0.01000825021095579	0.01000018805475811	0.01000006384559414	0.1964743645406347	0.2087760250406213	0.06320128429395488	0.357606102597857	0.2579675622351261	0.2110043960526249	0.194784296622616	0.1818361747861836	0.159780735880381	0.01000010102740861	0.01000005958955669	0.0100774756808757	0.01003288130063871	0.09991923743036743	0.01000003183446623	0.01000006273320053	0.01000018153391697	0.1679462941470226	0.06616883243451932	0.0549040481396031	0.1115877891179268	0.2291398976092739	0.1594568970874211	0.1744439778678663	0.301872786588618	0.2083545824094181	0.2964325368934835	0.3758040350750584	0.1856590249833014	0.01000023312485637	0.267663597496696	0.2649148877480837	0.11652979402004	0.1458806056569036	0.05864273132956301	0.01000019863362848	0.0100014149622017	0.01502411903358414	0.01000015668734711	0.01000019533791552	0.01018754932962095	0.01013573808745812	0.03534235394337441	0.01000001980728752	0.01000001950733379	0.01010488542655526	0.01001775319808166	0.01011422464292519	0.01021791551653646	0.22994689324622	0.2306882093418794	0.09315249378233173	0.1242127970245995	0.01477252274514041	0.308194999091105	0.01025284795911136	0.1605604499391413	0.08376708921242979	0.1516204582711754	0.01000015885326213	0.01009845788353566	0.2302201201945248	0.01000004753414061	0.01000000565016891	0.009999995253922854	0.01000000141027301	0.09843002269408438	-0.1620281953703889	0.1705334278336437	-0.009929422796137174	0.04466622963835108	-0.01252504230741546	0.1011137653378764	0.003090585552778719	-0.01974400219586298	-0.09092347742079487	-0.01321056398190078	0.1412837505682652	-0.01080219380051908	0.01000001217519525	0.01000000342210151	0.01000011332505682	0.05332979695054741	0.01000004778544905	0.01000002843162081	0.07726277210759235	0.01000042368163515	0.03624848054244736	0.1010453640536171	0.01607627028090944	0.01000203826497681	0.01000031980742357	0.01000009318994533	0.1996647713423249	0.2077904254891876	0.01000239616174013	0.3679121965088826	0.2570182276418617	0.2088352565161208	0.206788530881574	0.1932470624290079	0.1609113828915793	0.01000007882924312	0.01000006043644021	0.01000001899129094	0.01000000561362516	0.0991071066028715	0.01000003028305774	0.010000086523615	0.0100002195485001	0.1432720441045155	0.02206698980024878	0.1138788109789981	0.1597756410385222	0.2213339897086039	0.1750849013191006	0.157091125505859	0.2651792750016088	0.1871879374156835	0.2815127897394322	0.3502052232238367	0.1708261986360414	0.01000012376713216	0.258172491917193	0.2543933620009618	0.06082597409154363	0.1485199140695357	0.09333685569941921	0.01000025692375938	0.01000181482302653	0.01000046715430706	0.01000004496298704	0.01000002200784366	0.01000000219917939	0.009999997674903076	0.01000002372185224	0.009999998060971946	0.01000000594919893	0.01000000074376355	0.01000001217598161	0.01000001676312846	0.01000001830821322	0.2233850965139081	0.2472473420288978	0.09200820246834182	0.1248300297060805	0.01000001980961667	0.3171067324372073	0.01000000965431971	0.1707395863555615	0.01843742126678331	0.1364445020077661	0.009999992577670204	0.01000002395366151	0.2295500576112789	0.01000000520778991	0.01000000506224565	0.009999995105249109	0.01000000100649181	-7.511302004633426	-0.7778103294281223	1.830140463185405e-11	-1.037339218070832e-11
0.07079225015076039	-0.1829449097903492	-0.04964976975327006	0.3023393874929595	1.872417509502338	0.9156453217161622	-0.03582320453348951	0.3333649818805382	0.2234497415338646	0.3128446570288559	0.0244181444409152	0.05322478498517048	0.03184163862572232	0.1134111718956622	0.03580536990032517	-0.3490984008120639	0.3152777800709708	0.3152777800707768	0.7347538853536524	0.734753885353674	0.03622265907946078	-0.05688761460674944	3.02150130262531	0.03820693446908657	-0.06919359390883321	1.793514290939416	0.4234220332467805	-0.1706958405832644	0.05320031654325763	0.3400723109274664	-0.272116719723513	0.5011296213593482	1.129432577454221	2.00918575680479	0.06498254435883258	-0.4286046105604742	0.6629385099537362	1.447635900203035	-3.358026433749385	2.532404381351651	0.2502818843564526	0.1071024386334926	-5.406182771553302	-1.018450391716653	-2.864814945508947	2.752697704445457	2.733944770276707	-2.32059545646303	-1.626467941383308	-0.481379551310591	3.207693887286296	-2.982424071681139	-2.982424071689914	5.977705469366672	5.977705469361276	1.04397108703071	-0.05477568386085032	8.281024516277238	-1.395822597532908	2.545846031078447	-6.463871974363167	-2.220189670678368	3.642892780459086	0.2423466290627506	-7.353530188668432	3.784179216756656	-3.913534058674506	2.456981877386642	1.098002735195395	-16.17846095003485	10.79297632032061	0.01000001787307628	0.01000000831396404	0.01619712540356706	0.07101807178117717	0.01000007260636233	0.01000003433430379	0.0833651474723365	0.01000040609298978	0.05693276356013665	0.1013797896328318	0.02352223625021812	0.02246753385731315	0.02601901179963393	0.02385987603058657	0.1972469057488135	0.2081851138985496	0.03904134430471912	0.3605381186730626	0.2569393416147465	0.2099161451144833	0.1998265494390276	0.1866176182656455	0.1591207811129762	0.01000008874485019	0.01000006082246941	0.01003955780489731	0.01001678624343434	0.0989410585431645	0.010000031406266	0.01000014591032488	0.01000021572207816	0.1555043300242762	0.04478681884561754	0.09452945976854814	0.1345069009642091	0.2253003791534833	0.1656468867514382	0.1646098427084187	0.2828371253111723	0.1966616304148831	0.2898891770884718	0.3654186324161918	0.1776879724846656	0.01000017396478213	0.2631997869199764	0.2600370827727566	0.08732652489310588	0.1467890062060715	0.07590862004423492	0.01000026130054253	0.01000169458234425	0.01258288386324191	0.01000010591963244	0.01000011283673034	0.01009575614423605	0.01006929610486218	0.02338354002359569	0.01000000945678855	0.01000001296303966	0.01005354422862993	0.010009068175562	0.01005832065131294	0.01011127245085128	0.2266514415611807	0.2368422745382515	0.09241162945898046	0.1242528338641984	0.01245249519448114	0.3108803094702779	0.01012911274983467	0.1651169807057214	0.05392160577285101	0.1433038465831427	0.01000007748794525	0.01005027521795941	0.2296267360073453	0.01000002747406803	0.01000000542587357	0.00999999521250978	0.01000000126186756	0.1009470803506149	-0.1628822859322234	0.1662969580483362	0.000198792030381043	0.04737182075234679	-0.01649144772192557	0.1028169676092897	0.003048217617972396	-0.02575487545452102	-0.09121233615531674	0.00190093850231691	0.1397648304308204	-0.01008187275392939	0.01000001124774019	0.01000000317758688	0.01000008667566274	0.0316650438195568	0.01000004109051784	0.01000002638587188	0.04363292627919076	0.01000038351219869	0.02312429019227989	0.09635724078317055	0.04879890620945079	0.05764017399415593	0.07148083234374294	0.06306362409933548	0.197535694220277	0.2066434631690941	0.01000129329625266	0.3654265438003901	0.2533132603185995	0.2073774288272348	0.2094886559365417	0.1954104929176164	0.1556265073314264	0.01000007349347521	0.01000006352232626	0.01000001404442509	0.01000000298802239	0.09631282173990058	0.01000003153255402	0.01000035626875956	0.01000027829143037	0.1297245516701663	0.01603367128774068	0.1718648785822039	0.1739240003125827	0.2161313974694263	0.1755076089126851	0.1419176944690244	0.229309669638402	0.1679587686529041	0.2735595698808527	0.3377625740466623	0.1594157023881183	0.01000010256835723	0.2520426590021265	0.2480481353529584	0.03541304394182763	0.1478514433800597	0.1009148157362899	0.01000038562917799	0.01000213106460794	0.01000035484562301	0.01000005978288998	0.01000003089652306	0.01000000123384792	0.009999997055171175	0.01000001667741185	0.009999999177261637	0.01000000630167844	0.01000000001932276	0.01000001341247214	0.01000001652422629	0.01000001663574273	0.2186418808666129	0.2481268298375648	0.09091116318247648	0.1238582812958655	0.01000001418425346	0.3152762014745569	0.01000001623238265	0.1735548380424785	0.01421876130229731	0.125636406882733	0.009999992725570945	0.01000002833218498	0.2277275706254986	0.01000000770393157	0.01000000530184658	0.009999995223561126	0.01000000119231237	-6.928187368748491	-0.8270222203223044	2.147981071452173e-12	-1.493892404011145e-12
0.07722790925537497	-0.1789826704029572	-0.04039425379617648	0.2814597074748619	1.888655257157982	0.9172386611503597	-0.03518515701672599	0.2987136395387408	0.2155795535629859	0.2921698503522154	0.04349333341901105	0.07122478655051205	0.01869392890391333	0.1034360016615944	0.03234215036369966	-0.3291816733010843	0.2948208427035411	0.2948208427031345	0.7737542022296996	0.7737542022297972	0.04338313071989369	-0.05705854803993565	3.073845013778066	0.02992471162694034	-0.0529575700774832	1.751205390216152	0.4064036848089302	-0.1469104615187976	0.05632821763787826	0.2940780896064348	-0.2389532182545276	0.4749923680959183	1.14641208169487	2.015530012030029	-0.04495411503747906	-0.3599970687680249	0.5628762052468811	1.426156833346947	-3.127169441552363	2.514127644107141	0.2434873069956198	0.09071599872099177	-5.351281191451318	-1.426489185685344	-3.542538337558399	3.177382238479698	2.855503948209994	-1.777286544528345	-1.465417936489664	-0.5920694302929613	2.978403387488323	-3.394958079977535	-3.394958079977287	6.131391973208532	6.131391973208405	1.179097302254396	0.004955687436255861	7.977008440317297	-1.17432613680944	2.49623165501257	-6.654399146473158	-2.963513609776513	3.736170127768613	0.7319008458088715	-6.927636572100754	6.746459091565175	-4.19619231767495	2.822838575657574	0.8460580795182563	-17.56303815348246	10.48155430246203	0.01000001443468512	0.01000000578109065	0.01323984023709802	0.04809136216454774	0.01000005561147957	0.01000002994814536	0.05774000721710977	0.01000038401748772	0.03824076633658775	0.09817396448000466	0.04393620381566735	0.05130650315303037	0.06282516872846418	0.05584206871381008	0.1969174670359337	0.20738521526078	0.02550949665283455	0.3616857399013593	0.2549533352937096	0.2086881909507802	0.2039570707292966	0.1903701996433889	0.1566215362985839	0.01000007993404474	0.01000006298143256	0.01002058384837302	0.01000873297477676	0.09717851280607692	0.01000003181652365	0.01000032232732852	0.01000026218181408	0.1424206090380187	0.02994572492925132	0.1395982414788898	0.1532003989664781	0.2209423230105527	0.1695269165945694	0.1525314012586906	0.2575274744752444	0.181922217167087	0.2828187038331993	0.3542833484684877	0.1682974653812786	0.01000013377637601	0.25812454179597	0.2546131165685593	0.05848963687421401	0.1470609853668253	0.08844717279526498	0.01000035697107827	0.01000199250461891	0.0113464491596017	0.0100000879303604	0.01000007600905697	0.01004981605792435	0.01003604797696763	0.017041201517755	0.01000000483699389	0.01000000986554108	0.01002785451873161	0.01000472405748939	0.01003034746814695	0.01005789606363613	0.2228111350845254	0.2410434096574733	0.09151501406411541	0.1238726122016218	0.01127821809470726	0.3120217716404748	0.01006718035151025	0.1689644442598888	0.0346927252226328	0.1338799102988615	0.0100000368600758	0.01002616886562798	0.2285820296584178	0.01000001868681802	0.01000000543341666	0.009999995250921328	0.01000000128049603	0.1034641380071455	-0.163736376494058	0.1620604882630288	0.01032700685689926	0.05007741186634249	-0.02045785313643567	0.104520169880703	0.003005849683166072	-0.03176574871317907	-0.0915011948898386	0.0170124409865346	0.1382459102933757	-0.009361551707339696	0.01000001032029172	0.01000000293309381	0.01000006002626867	0.0100002906885662	0.01000003439558936	0.01000002434012389	0.01000308045078918	0.01000034334276223	0.01000009984211241	0.09166911751272404	0.08152154213799213	0.1052783097233351	0.1329613448800623	0.1161271550087256	0.1954066170982291	0.2054965008490007	0.01000019043076518	0.3629408910918975	0.2496082929953373	0.2059196011383488	0.2121887809915093	0.1975739234062249	0.1503416317712735	0.0100000681577073	0.01000006660821239	0.01000000909755946	0.01000000036242011	0.09351853687692965	0.01000003278205054	0.01000062601390417	0.01000033703436064	0.1161770592358171	0.01000035277523257	0.2298509461854097	0.1880723595866432	0.2109288052302487	0.1759303165062696	0.1267442634321898	0.1934400642751952	0.1487295998901249	0.2656063500222731	0.3253199248694878	0.1480052061401952	0.01000008136958228	0.2459128260870601	0.2417029087049551	0.0100001137921117	0.1471829726905837	0.1084927757731606	0.01000051433459658	0.0100024473061894	0.01000024253693908	0.01000007460280218	0.0100000397852137	0.0100000002685166	0.009999996435439466	0.01000000963297155	0.01000000029361395	0.01000000665417965	0.009999999294882168	0.01000001464896309	0.01000001628532421	0.01000001496327232	0.2138986652193178	0.2490063176462318	0.08981412389661111	0.1228865328856506	0.01000000855889307	0.3134456705119064	0.01000002281044557	0.1763700897293954	0.01000010133781129	0.1148283117576999	0.009999992873507597	0.01000003271070847	0.2259050836397184	0.01000001020010743	0.01000000554144746	0.00999999534187301	0.01000000137813288	-6.177023025009197	-0.8535315279829379	-2.080933461560967e-11	1.139171057921164e-11
0.08366356835998955	-0.1757223181194292	-0.03133667655835696	0.2620107156135301	1.904787065346465	0.9187637742113821	-0.03464358730494028	0.2648194315145356	0.2054029340004902	0.2667561416312489	0.06527705013001935	0.08988254135253557	0.008656608155550432	0.09459621703846681	0.02826142516875549	-0.3106894020245266	0.2729311173646473	0.2729311173644709	0.8135276704651856	0.8135276704651625	0.05137368899808364	-0.0567713547403542	3.124068485984043	0.02310670987980283	-0.03713882806602164	1.708203109985704	0.3840008635705939	-0.1227359484382372	0.06263463068724921	0.2510264350585528	-0.1853300730778628	0.4473990405529186	1.165896589538176	2.019624636754539	-0.1600348479070487	-0.293870715326802	0.4501515413463159	1.381666908661094	-2.929341062422301	2.49954246443517	0.2297518132378051	0.07960232026944117	-5.169741262972368	-1.696862458308869	-4.257320695603246	3.589868314197302	2.925883410142225	-1.370413141986715	-1.280778429179269	-0.6660678069136509	2.780514936679088	-3.357640192106168	-3.357640192105578	6.220804766546071	6.220804766547052	1.302674242188291	0.08816362651053891	7.622539439295015	-0.9450889506800468	2.413265638850483	-6.693237410579047	-3.519323548938659	3.768885384461915	1.227864984470227	-6.443881694733076	9.615592091351548	-4.361544115017101	3.249829267940608	0.3900438994815208	-17.20349931740995	10.05794546913001	0.0100000124696709	0.01000000441878589	0.01166133464585159	0.03043375516710224	0.01000004475222181	0.01000002724052452	0.03590047089708558	0.01000118950315963	0.02496861384166992	0.08602669999879729	0.06301314799112757	0.08049440819888944	0.1027889383536982	0.09794229683682158	0.1954943087482109	0.2023627556757494	0.01808724960448999	0.3615020014438889	0.2526395138954947	0.2074064591172375	0.2075012827769199	0.1930687682986606	0.1536789700547412	0.0100000745390735	0.01000006501222565	0.01001051104616284	0.0100044576446831	0.09639843829947366	0.01000003302434118	0.01000039897928459	0.01000040137957336	0.1343546501423873	0.02046120202200269	0.1833345482203288	0.1680610425974206	0.209625307853874	0.1739309488047571	0.1297595151534593	0.217122203874558	0.1548101199032616	0.27525122852685	0.3425283676056579	0.1530152308629937	0.01000010478263248	0.2522698983872246	0.2486155969310339	0.03632858556553845	0.1467334563247794	0.09806747259534294	0.01000060026849001	0.01000403747879683	0.01068869132640555	0.01000008469267418	0.01000006073107682	0.01002542916127426	0.01001839890755577	0.01362972863358681	0.01000000291187552	0.0100000084563309	0.01001421784347463	0.01000241924133865	0.01001549912563515	0.01002956146848443	0.2183401259983669	0.2431218462404196	0.09037378444904684	0.1225884239145613	0.01065362644812193	0.3114368401888737	0.01003431310278123	0.1720041655101741	0.02302977729887908	0.117408207716889	0.01000001543220624	0.01001337662488567	0.2269673274899909	0.01000001514306242	0.01000000563693977	0.009999995358256561	0.01000000143809336	0.1045824175483853	-0.1646039733259198	0.1559043039887487	0.005339254664232742	0.05313758946210794	-0.0230459160740344	0.1057268953806474	0.004343697587771947	-0.03780513347608058	-0.09150907068802382	0.01712370585666462	0.135537391157494	-0.01164733979145241	0.01000001050618154	0.01000000305382746	0.01000005062768502	0.01000021104067267	0.0100000326137564	0.01000002448313337	0.01000172329950559	0.01000345599044682	0.01000006665496835	0.05083484395982579	0.08951716631026463	0.1264459887915728	0.1733554972465803	0.1828203590599727	0.191117076783825	0.1836160487252902	0.010000125942165	0.3594888051315317	0.2473686979415714	0.20462156242914	0.2146404553352377	0.1974732672633284	0.1480934973526452	0.01000006955457099	0.01000006757065598	0.01000000832390078	0.009999999956466591	0.09692027600735303	0.01000003555425256	0.01000035440197655	0.01000072376587279	0.1276258430587096	0.01000045673009507	0.2696708376088226	0.1938180626352559	0.1717815672478497	0.1853323922114954	0.06837218989532996	0.1017200452749658	0.07936483855412711	0.2568249794236978	0.3122517205220053	0.1126753212373467	0.01000006878642902	0.23771864849752	0.234171111187385	0.01000007732135107	0.1454103482938646	0.1130446244069941	0.01000114130094155	0.01000931943354508	0.0100002161755298	0.01000008699915467	0.01000004904842737	0.00999999993733308	0.009999996267395591	0.0100000069169839	0.01000000142212411	0.01000000726888463	0.009999999333224881	0.0100000175958283	0.01000001782267365	0.01000001557548573	0.2076622097863339	0.2449219413462436	0.08802261955943197	0.1188709063918341	0.01000000753720526	0.3074667126165709	0.0100000536806727	0.1772283503718534	0.0100000706777791	0.07499894227265552	0.00999999327666647	0.01000004363443979	0.2225724022600462	0.01000001250485234	0.0100000061095001	0.009999995578725111	0.01000000179218528	-5.404713476517762	-0.862430123159311	-1.51132483385536e-11	5.885092140028941e-12
0.09009922746460414	-0.1731910332796832	-0.02270029539603045	0.2435959199621294	1.920832974212686	0.9201866288856385	-0.03413462778795421	0.2323296588165562	0.1942435221436566	0.2386328880892387	0.08966823910935491	0.1086678201826703	0.0006891439902994419	0.08696266608662355	0.02389799566475425	-0.293236995524755	0.2522476475629488	0.2522476475630009	0.8537193419684043	0.8537193419682615	0.0601317036700748	-0.05587397079797712	3.171850000404914	0.01775251204018891	-0.02197892611201435	1.665262044705131	0.367273976598637	-0.09849803350531618	0.07213157621345112	0.2112343893301515	-0.1190792859767568	0.4190775071830612	1.188466877216641	2.02008215416745	-0.2535540637389896	-0.2306730284690416	0.3363050240878242	1.295262368521986	-2.805773859006143	2.487432842209839	0.2117086234622166	0.08058177822518127	-4.914826959199003	-1.731910052867897	-4.384579468013044	3.987702432278267	2.895134395642732	-1.134040361693875	-1.090558532284294	-0.6799250177963643	2.655246193220085	-3.020091880036815	-3.020091880037051	6.261356366776614	6.26135636677719	1.417598560403631	0.1945837059382645	7.218124930595407	-0.7194220212863539	2.291484932263011	-6.635375471643884	-1.199612149865282	3.755873426058681	1.723417776805139	-5.91465289304958	10.67073217059429	-4.422495737940907	3.781801685955199	-0.2842402320377274	-10.86239829411117	9.571417036006986	0.01000001157960812	0.01000000379766605	0.01086535056459523	0.02082155984833972	0.01000003842953993	0.01000002595754746	0.02378972278198107	0.0100031480188715	0.0178866027198725	0.06071765570177629	0.07653175228663958	0.1049219393591926	0.1406916460225061	0.1477605194241916	0.1929771591145109	0.1909012912849548	0.01423482088507911	0.3602451616920295	0.2503472593796426	0.2061168300709846	0.2106228532900843	0.1946931806835341	0.1510035455882249	0.01000007253841419	0.01000006650909699	0.01000547164249272	0.01000231872975579	0.09742253746124872	0.01000003501398211	0.0100003015816944	0.01000066428555797	0.1342011832464212	0.01548951903451365	0.2234484928771798	0.1791084167902176	0.187589273749939	0.1802513731927272	0.09101965096509283	0.15487757438825	0.1091504495895323	0.2672045903124747	0.3302330582102762	0.1292496573922591	0.0100000839903034	0.2455403260987142	0.2420291688326422	0.02402308036704717	0.1458229118217099	0.1053832711694739	0.01000103530931372	0.01000849485621145	0.01035854014419197	0.01000008926836211	0.01000005771796007	0.01001322832211618	0.01000956936394841	0.01189356631823593	0.01000000251290465	0.01000000805861636	0.01000739585939734	0.01000126775317458	0.01000807168512759	0.01001538579547156	0.2131910606570355	0.2429662158309541	0.08894671591135012	0.1201627872863508	0.01034018768743418	0.3090124010984504	0.01001788445373064	0.1741820804535658	0.01685289581551016	0.09049368110639798	0.01000000491461481	0.010006982552222	0.2247174454597862	0.01000001452221529	0.01000000602264146	0.009999995530319484	0.01000000172385756	0.1057006970896252	-0.1654715701577817	0.1497481197144686	0.0003515024715662184	0.05619776705787339	-0.02563397901163313	0.1069336208805919	0.005681545492377821	-0.04384451823898208	-0.09151694648620901	0.01723497072679464	0.1328288720216123	-0.01393312787556513	0.01000001069207241	0.01000000317456358	0.01000004122910138	0.01000013139277914	0.01000003083192425	0.01000002462614308	0.010000366148222	0.0100065686381314	0.0100000334678243	0.01000057040692752	0.09751279048253712	0.1476136678598106	0.2137496496130984	0.2495135631112199	0.1868275364694209	0.1617355966015797	0.01000006145356483	0.3560367191711659	0.2451291028878054	0.2033235237199311	0.2170921296789661	0.1973726111204319	0.1458453629340168	0.01000007095143469	0.01000006853309955	0.01000000755024268	0.009999999550514361	0.1003220151377764	0.01000003832645462	0.01000008279004891	0.01000111049738494	0.1390746268816021	0.01000056068495756	0.3094907290322355	0.1995637656838687	0.1326343292654507	0.1947344679167213	0.01000011635847021	0.01000002627473648	0.0100000772181294	0.2480436088251224	0.2991835161745228	0.07734543633449828	0.01000005620327574	0.2295244709079799	0.226639313669815	0.01000004085059046	0.1436377238971455	0.1175964730408275	0.01000176826728656	0.01001619156090067	0.01000018981412055	0.01000009939550881	0.01000005831164984	0.009999999606149949	0.009999996099352228	0.01000000420099634	0.01000000255065782	0.01000000788359165	0.009999999371568121	0.01000002054269488	0.01000001936002339	0.01000001618769936	0.20142575435335	0.2408375650462554	0.08623111522225287	0.1148552798980176	0.01000000651551719	0.3014877547212355	0.01000008455089986	0.1780866110143114	0.0100000400177469	0.03516957278761113	0.00999999367989924	0.01000005455817121	0.219239720880374	0.01000001480960981	0.01000000667755271	0.009999995815577135	0.01000000220623766	-4.117304680720319	-0.8436313523562384	-1.241668298917871e-13	-5.586571084798755e-12
0.09653488656921873	-0.1714534764439963	-0.01482230892853725	0.2255377591213302	1.936801513633907	0.921481403023709	-0.03355701606396268	0.2018606888350653	0.1837708526371863	0.2118808845901501	0.1166767959651106	0.1268267270014846	-0.006495188484903016	0.08062613102749418	0.01970706486402416	-0.2761646430528642	0.2348680568945512	0.2348680568945753	0.8940365829164579	0.8940365829164156	0.06963346489962609	-0.05423291088753186	3.216988371396829	0.01382773097231742	-0.007706526060983774	1.62298359674561	0.3639283632958861	-0.07448786383313466	0.08484581995775448	0.1749405589605813	-0.05141466792429433	0.390738095314019	1.214076585069646	2.015714774899153	-0.3048054192063427	-0.1707372355592926	0.1872109780830458	1.160075409002978	-2.828801713674193	2.474698331119164	0.1884987540409154	0.1007766272195406	-4.537321840551999	-1.527142976674722	-3.858743115190234	4.418593764424491	2.7479713362386	-1.128317832501775	-0.8634246144362324	-0.6293336107963932	2.674051777177602	-2.428179654821113	-2.428179654819375	6.253318987464985	6.253318987470276	1.532762303457936	0.3175340143235398	6.819669677979117	-0.506395157824824	2.139754287799456	-6.494811164995614	-0.06258892142684661	3.697898794525481	2.228142301183489	-5.361779886431196	10.24702214666538	-4.365723650497375	4.082359444045489	-1.072960925140699	-5.348981647222559	9.064353914321073	0.01000001276861375	0.01000000453094656	0.01044226072663619	0.01560746366755725	0.01000003596519559	0.01000002685844045	0.01717415778267154	0.02486831836304946	0.01407027846325563	0.03760806543404921	0.08606622107105874	0.1237032659791885	0.1782020505602903	0.199792500238494	0.1728045225982074	0.1643152627476574	0.01217456688038377	0.3576763899452143	0.2464672273651181	0.2008073696608733	0.2134850374664628	0.1945259357162851	0.1475523735874239	0.01000007884564411	0.02551788499169109	0.01000279728931946	0.01000118374198682	0.08833208521869795	0.01000004696424246	0.01000018495059172	0.01967556342668043	0.1444328906070259	0.02441118101742242	0.2614150257244095	0.1862323848100936	0.1538186312558255	0.1870996632872493	0.05553721451116454	0.0961012199665042	0.06670047623872534	0.2576831472299297	0.3164591168609214	0.1003036404586117	0.01000006742059413	0.2362265271969268	0.2339821031855859	0.01729769165201429	0.144434081075664	0.1106414845077823	0.01467083668681512	0.01469595465881583	0.01018319922447156	0.01000009928950729	0.01000006057721625	0.01000675206939379	0.01000488263524273	0.01096913108304179	0.01000000314870832	0.01000000877188743	0.01000377511420394	0.01000065964830512	0.01000413128603104	0.01000786282730511	0.2068290970242585	0.2405799396225277	0.08681799517125814	0.1170268337213071	0.01017372830259789	0.3045497927774249	0.02723951872606011	0.1757058563919855	0.0135317512580209	0.06338244714995916	0.009999999624951473	0.01000360668270969	0.2218450960201672	0.01000001556872286	0.01000000662786513	0.009999995781995631	0.01000000216807442	0.1044456693735088	-0.1605918917395493	0.1473349357919963	0.009941354124499445	0.05561416055269483	-0.02951382843598064	0.1080607309963414	-0.004019229517370135	-0.04536263984344505	-0.08821984033653429	0.01747481233907373	0.127872775991329	-0.01297469372072086	0.01000001681449707	0.01000000709021607	0.01000003849217288	0.01000011402377987	0.01000003556557773	0.01000003048154907	0.01000029119546695	0.06697843425568463	0.01000002600457496	0.01000034255900411	0.09920245133807624	0.1521885810915087	0.2558555100842869	0.3110967262929295	0.09841396430788582	0.08586782820647419	0.01000004031437082	0.3490632729889285	0.2344100418679601	0.1817363653011045	0.219506503850439	0.1914940137761933	0.1391928390538606	0.0100000976664058	0.06952381290217989	0.01000001024260906	0.01000000114561293	0.05516147152180135	0.01000007727626065	0.0100000469026625	0.04686757304821991	0.1776607111295203	0.05443856821186959	0.3463585530236341	0.1962023606860559	0.07131722417744116	0.2013069513409724	0.01000006612261824	0.01000001252102397	0.01000004286970158	0.2330402644993805	0.2798487630203216	0.04367276622158329	0.01000004501860296	0.2107182583879181	0.2134413995559373	0.01000002929105997	0.1412009451346734	0.1182336537214921	0.027697774211742	0.02776687397256629	0.01000020910275992	0.01000011848913211	0.01000006799815556	0.009999999918131419	0.009999996272936715	0.01000000266330319	0.01000000487866064	0.01000001089653677	0.01000000072351062	0.01000002996442464	0.01000002607002232	0.01000002166255377	0.1911829121050351	0.2322894987316567	0.08208007734400197	0.1105615882769964	0.01000000947893353	0.2907763236509203	0.0762235524244575	0.1781957942039636	0.01000002789422147	0.02258484930267696	0.009999994474302188	0.01000011442598698	0.2147267961855973	0.01000001822551384	0.01000000775078706	0.009999996238018349	0.01000000299083348	-2.830761684103411	-0.8055277156855845	3.058616299096788e-12	-6.651766943495129e-12
0.1029705456738333	-0.1709932674706744	-0.007677107623186154	0.2068937411529091	1.95268061555844	0.9225849562629519	-0.03281362490671973	0.1741426104680938	0.1745295482302219	0.1898713634694291	0.1467072512640445	0.1440364160455459	-0.01421599610101208	0.07604505447458566	0.01570948119757026	-0.2585127440952524	0.2203857005276887	0.2203857005276846	0.9340192057046489	0.9340192057047048	0.07982836367145002	-0.0517594989295659	3.259759576381415	0.01115578017667254	0.005508822181512664	1.581776244649883	0.3636046363969412	-0.05100200644785242	0.1008155171547982	0.1422539810489429	0.01139399677834434	0.3631265680447787	1.239795513659995	2.006272281746061	-0.3260589160496662	-0.1138790784841008	-0.06065442962014845	1.067535837780218	-2.98783978911571	2.459638487189003	0.1522831953449955	0.1321008008915524	-4.059936552403346	-1.349240592786218	-2.910765426859992	4.926813218780596	2.600147430064586	-1.300759927401588	-0.5450173608969449	-0.6198388231894318	2.835350974850681	-2.119722777833721	-2.119722777833408	6.157367589542625	6.157367589542558	1.633003861632948	0.4532524870342865	6.482484348380853	-0.3300818614323772	1.962986548626074	-6.302512640156904	-0.2605051016200426	3.592933694223584	2.73511009990993	-4.793632528988049	9.161654931685161	-4.196292147235946	3.815744048619805	-1.861425661577976	-1.540009317996163	8.614984825705058	0.01000001642316432	0.01000000685466421	0.01023015808879515	0.01293013393476012	0.01000003709815087	0.0100000302354193	0.01375382208932718	0.05909841824913521	0.01212416283725082	0.02472307958353517	0.09204140498553035	0.1361651868640698	0.2158526910936596	0.2524594768407929	0.1243863999969549	0.1165488364184908	0.01113312394081375	0.3536515094102033	0.2400971661448192	0.1892649169611603	0.2161718787649193	0.1921813324137728	0.1427918655997004	0.01000009535192003	0.06120782964307341	0.01000146081431461	0.01000061677642772	0.06292276739604141	0.01000007240789322	0.01000010867223434	0.04219986215877601	0.1658122866463214	0.0500024538798222	0.2976902646364399	0.1892785654129791	0.1070303404346675	0.1937893146656066	0.0347217205540282	0.05862559354049469	0.04112655025228887	0.2461073732902718	0.3006340620679538	0.06797027948156574	0.01000005354212982	0.2233403400438297	0.2239776814141366	0.01381875326228157	0.1426184893097525	0.113911034694236	0.02567101382499427	0.02573104704507995	0.01009541877265872	0.01000011384475769	0.01000006684850492	0.01000351247667453	0.01000253820511409	0.01050451432710981	0.01000000463022378	0.010000010634455	0.01000196453667735	0.01000036016128173	0.01000216347825738	0.0100041021745554	0.1989579786745038	0.2359471222922578	0.08379332305470576	0.1133899253631004	0.01009039034053528	0.2979240245713881	0.06673377314182075	0.1766770953128709	0.01184231444473486	0.04182489975728614	0.009999997375879682	0.01000194784839177	0.2183564844976617	0.01000001779937769	0.01000000746698355	0.009999996119013959	0.01000000278240038	0.1031906416573924	-0.1557122133213169	0.144921751869524	0.01953120577743267	0.05503055404751627	-0.03339367786032815	0.1091878411120909	-0.01372000452711809	-0.04688076144790801	-0.08492273418685956	0.01771465395135283	0.1229166799610457	-0.01201625956587659	0.01000002293692198	0.01000001100586933	0.01000003575524442	0.0100000966547806	0.01000004029923137	0.0100000363369551	0.01000021624271192	0.1239502998732379	0.01000001854132568	0.01000011471108073	0.1008921121936154	0.1567634943232067	0.2979613705554753	0.3726798894746392	0.0100003921463507	0.01000005981136862	0.0100000191751768	0.342089826806691	0.2236909808481148	0.1601492068822778	0.2219208780219118	0.1856154164319548	0.1325403151737045	0.01000012438137691	0.1290475572712602	0.01000001293497681	0.01000000274071456	0.01000092790582626	0.01000011622606666	0.01000001101527604	0.08373403559905489	0.2162467953774387	0.09887657573878164	0.3832263770150326	0.1928409556882431	0.01000011908943159	0.2078794347652235	0.01000001588676627	0.009999998767311455	0.01000000852127374	0.2180369201736387	0.2605140098661204	0.0100000961086683	0.01000003383393014	0.1919120458678564	0.2002434854420596	0.01000001773152953	0.1387641663722012	0.1188708344021567	0.04539378015619743	0.04551755638423197	0.01000022839139939	0.01000013758275551	0.01000007768466145	0.01000000023011384	0.009999996446522471	0.01000000112561012	0.01000000720666415	0.0100000139094824	0.01000000207545432	0.01000003938615686	0.01000003278002199	0.01000002713740866	0.1809400698567203	0.223741432417058	0.07792903946575105	0.1062678966559751	0.01000001244235017	0.2800648925806052	0.1424470202980151	0.1783049773936159	0.01000001577069601	0.01000012581774279	0.009999995268834104	0.01000017429380301	0.2102138714908207	0.01000002164141808	0.01000000882402138	0.009999996660459469	0.01000000377542927	-1.863291636741316	-0.7542876811062366	1.518880076216146e-12	-3.554375855739053e-12
0.1094062047784479	-0.1725433601757318	-0.001001859102621124	0.186663458007702	1.968452230165693	0.9234030108850955	-0.03182175893879033	0.1502225715245691	0.1664036716374832	0.1750202177175435	0.1804099559503384	0.1602060382766583	-0.02376685462372932	0.0739367712632896	0.01165979797261306	-0.2392355925347506	0.2086538237552616	0.2086538237552585	0.9730969645455901	0.9730969645456573	0.09059167188000547	-0.04838491472074889	3.300434040925889	0.009471849193215746	0.01753754531798267	1.541968634437493	0.3607409864934076	-0.02822566881216251	0.1200313594596711	0.1132239624770167	0.06536794378842053	0.3371097519383711	1.262531398533889	1.99179158908219	-0.3244092387458523	-0.05941189707228121	-0.4172639788304783	1.008888451808885	-3.313332612152891	2.441549386714876	0.1019880058630681	0.1771265626106503	-3.375626020402341	-1.177541226884326	-1.654647478210829	5.540108638996944	2.407545265182625	-1.681996645421541	-0.1143573092391457	-0.6336314929777989	3.170612141400074	-1.538929429762692	-1.538929429760688	5.974945072373272	5.974945072370931	1.711737518338087	0.5955426075962352	6.148834106216679	-0.1969971523870968	1.774883229080339	-6.060460822054961	-0.6099280589900331	3.494104874889441	3.235747369541442	-4.230492522738143	7.6162211320532	-3.842562146078095	3.242345590416621	-2.632468184262571	2.07290683468774	8.335062112619704	0.01000002200895208	0.01000001030528774	0.01011753463412655	0.01150189155447773	0.0100000404735658	0.01000003504569067	0.0119263839581961	0.08845633644211953	0.01108751260545714	0.01766915307232589	0.09540547021303239	0.144268854841803	0.2467123741688839	0.2962683017646237	0.07630899369805708	0.07134129794241005	0.01057931708601157	0.3485756501920356	0.2337959130493272	0.1760062135979139	0.2166169048072198	0.1883760129060479	0.1384076878847661	0.01000012010440857	0.09649749232377788	0.01000075589040179	0.01000031859664943	0.03887983864279757	0.01000012566577377	0.01000006035393993	0.06184166452756746	0.1886828818851522	0.07612726945506813	0.3290420997131978	0.1885124364607722	0.06537950929560861	0.1985825934112241	0.02304552392415898	0.03640645319582568	0.02655721917860698	0.2343359180922281	0.2846789455964079	0.04181065776447072	0.01000004301938904	0.2089602008783185	0.2137229245990949	0.0119597604676532	0.1403038678794707	0.1161309006851322	0.03784422847760162	0.03715756909555253	0.01004884422415604	0.01000012388727136	0.0100000695255847	0.01000179317758578	0.01000129393517481	0.01025770224912284	0.01000000667954983	0.01000001344107341	0.01000100447310168	0.01000020842658793	0.01000112377534223	0.01000211001011658	0.1905467346962182	0.2294276458677682	0.07762861472463313	0.0996133528146551	0.01004615126278796	0.2898626434298828	0.1043616761063755	0.1766914335726083	0.01094283693091599	0.0269432707458644	0.009999996490555997	0.01000281910353792	0.2147042131397616	0.01000002162941113	0.01000000867723662	0.009999996592717905	0.01000000367156303	0.09950853817030064	-0.1386382745412929	0.1498166888412408	0.02616402415203422	0.0514385336027425	-0.03819339290441835	0.1101615942703338	-0.01542499806777311	-0.04523063965857426	-0.0782068459575733	0.0195204574521025	0.115691292968882	-0.01055583138531932	0.01000003197552603	0.01000001635439745	0.0100000368762888	0.01000010053611333	0.01000004711828333	0.01000004321207935	0.01000030489467743	0.1267454648149467	0.01000001716415077	0.01000009095491746	0.09906367046287058	0.1559824581138247	0.3031121400438193	0.3819416064398809	0.01000022672256591	0.010000041900356	0.01000001538101681	0.3346197262055074	0.221597706242591	0.1494019482954433	0.2133660159327606	0.1790206300016463	0.1312393455618477	0.01000016413015514	0.1526564995399769	0.01000002772387918	0.01000001193138165	0.01000051502151694	0.01000023616766748	0.01000000909953716	0.08642640558151633	0.233275111329684	0.1162984096088841	0.3967902872059239	0.1823297596840129	0.01000007441012036	0.2053687786604827	0.01000001237629672	0.009999997598863714	0.01000000608196865	0.2090422482171315	0.2481378656725454	0.01000007282004834	0.01000003053754707	0.1773276466311192	0.1921997323215525	0.01000001470375664	0.1351519159298213	0.1196083380699793	0.05670436574304723	0.05373701291508092	0.01000031043852318	0.01000013162827566	0.01000006777421384	0.01000000099896427	0.009999996859923295	0.01000000084925001	0.01000001017815711	0.01000001844703519	0.01000000474429667	0.01000005940713214	0.01000004572482417	0.01000003793832045	0.1727226897687067	0.2127381018638012	0.06247446863863073	0.0581384776630121	0.01000001930089591	0.2692467455053275	0.1627905693885531	0.1753164598819824	0.01000001197926895	0.01000009576965697	0.009999995820621006	0.01000673426902829	0.2068221569240189	0.0100000289915225	0.01000001088258759	0.009999997447205254	0.01000000529517945	-1.316858365262872	-0.733839157435617	8.546612850614677e-13	-2.730108993935276e-12
0.1158418638830624	-0.1763150739928957	0.00533394038506165	0.1640635202988614	1.98410486495124	0.9238982633699936	-0.030521072641985	0.1306685175801219	0.1593535338394603	0.1692155699630547	0.2179280155320273	0.1748018145694892	-0.03605408491861735	0.0745192368051398	0.007618726184554911	-0.2175067301615149	0.2004134803746928	0.200413480374689	1.010772446743992	1.010772446744072	0.1018586798114016	-0.04409304193236644	3.338787037874423	0.008571689426909536	0.02835032788651205	1.503872800097093	0.3560050357586751	-0.005914093182540671	0.1424532886049836	0.08776965470475093	0.109482396218344	0.3142643406297567	1.281432153753194	1.97246937900545	-0.2991174888726172	-0.006295119625453211	-0.7510642463247197	0.9620457791546603	-3.724253736554612	2.422663308791225	0.05196646582591125	0.228072425211186	-2.703126030747772	-1.014934884126002	-0.09939898947326933	6.112505261257851	2.11104572028332	-2.151138025364517	0.2911825395208549	-0.6171626617445097	3.597265417988896	-1.034664253657549	-1.034664253657608	5.721584208708764	5.721584208709355	1.789537858750591	0.7383168651389104	5.761045392482563	-0.08651047119221551	1.585110546096615	-5.770546656109854	-0.8423571832979772	3.44850031187979	3.731460834182636	-3.682414317028096	6.097634786690974	-3.210719497479444	2.623906634072244	-3.366016670847609	5.807201647066564	8.195321839651159	0.01000002932033203	0.01000001470441528	0.01006116469526547	0.01078223256984263	0.01000004556998562	0.01000004088790047	0.01100376324134999	0.1050899097978191	0.0105662006162181	0.01401443746714207	0.09650893381111482	0.1487089838560964	0.2674868188979762	0.3267031396940843	0.04674708282556773	0.04382893062838741	0.010301498700083	0.342686596956952	0.2289959141441137	0.1635239275844717	0.2137111102826224	0.1834812439100809	0.1352579202955826	0.01000015235149528	0.125065471710151	0.01000041065320057	0.01000017402992219	0.02542060545474327	0.01000021224974063	0.01000003522595125	0.07322348488937089	0.2087575938353307	0.09740209432322498	0.353726210818632	0.1839994965649619	0.04036158821483025	0.2005867860506634	0.01686125542379305	0.02406559940916874	0.01873645605434476	0.2234453627958334	0.2697582293494318	0.02703468972232077	0.01000003610811886	0.1942779280950054	0.2041854813448878	0.01102101351939783	0.137453578392991	0.117722328606891	0.04935628162302241	0.04684871276450012	0.01002558149785582	0.0100001259350702	0.01000006591187856	0.01000093350250763	0.01000067171176726	0.01013408265891168	0.01000000918974254	0.01000001711275021	0.01000052554813386	0.01000014252944584	0.01000061014718828	0.01000111884952775	0.1821294358096638	0.2212119382942145	0.06722875672287154	0.07032840626674486	0.01002401979849789	0.2807854916761555	0.1327781088262148	0.1755382233171854	0.01049081990763433	0.01894341981239012	0.009999996323553176	0.01000653335015308	0.2111350698081646	0.01000002721864992	0.01000001031144582	0.009999997222868991	0.01000000487587056	0.09582643468320891	-0.1215643357612689	0.1547116258129576	0.03279684252663576	0.04784651315796872	-0.04299310794850854	0.1111353474285767	-0.01712999160842813	-0.04358051786924053	-0.07149095772828705	0.02132626095285217	0.1084659059767183	-0.009095403204762058	0.01000004101413009	0.01000002170292554	0.01000003799733324	0.01000010441744608	0.0100000539373353	0.01000005008720361	0.01000039354664294	0.1295406297566556	0.01000001578697578	0.01000006719875414	0.09723522873212583	0.1552014219044428	0.3082629095321633	0.3912033234051226	0.01000006129878112	0.01000002398934336	0.01000001158685684	0.3271496256043239	0.2195044316370671	0.1386546897086087	0.2048111538436093	0.1724258435713378	0.1299383759499909	0.01000020387893336	0.1762654418086935	0.01000004251278257	0.01000002112205063	0.0100001021372076	0.01000035610926831	0.01000000718379823	0.08911877556397779	0.2503034272819292	0.1337202434789865	0.4103541973968152	0.1718185636797828	0.01000002973080911	0.202858122555742	0.01000000886582719	0.009999996430416004	0.01000000364266357	0.2000475762606243	0.2357617214789703	0.01000004953142838	0.01000002724116397	0.1627432473943821	0.1841559792010456	0.01000001167598381	0.1315396654874414	0.1203458417378018	0.06801495132989706	0.06195646944592984	0.01000039248564697	0.01000012567379594	0.01000005786376646	0.01000000176781699	0.009999997273327397	0.01000000057288998	0.01000001314965021	0.01000002298458796	0.01000000741314163	0.0100000794281133	0.01000005866962785	0.01000004873923321	0.1645053096806931	0.2017347713105445	0.04701989781151046	0.01000905867004926	0.01000002615944187	0.2584285984300496	0.1831341184790911	0.1723279423703489	0.01000000818784187	0.01000006572157115	0.009999996372459402	0.01001329424425381	0.2034304423572172	0.01000003634162746	0.01000001294115373	0.009999998233950801	0.0100000068149295	-0.9921598082182994	-0.7711497351742753	6.149357941375587e-13	-3.007962968956857e-12
0.122277522987677	-0.1819135636282799	0.01129151742564039	0.1386805052713246	1.999637043295166	0.9241037432162215	-0.02887919830994674	0.1152094108063939	0.1535302616016406	0.1735839336612845	0.2587366674203019	0.1869678720621577	-0.05142363808668596	0.07737545702081554	0.003941179144542155	-0.1928898837208232	0.1957426174602578	0.1957426174602515	1.046659700527087	1.046659700527196	0.113667957632063	-0.03888763639708374	3.374442051307229	0.008349581468823197	0.03794380391216521	1.467689130973995	0.3494584104571658	0.0162864507200731	0.1680528402028629	0.06579254613144836	0.1430593505282124	0.2965728515857456	1.296474651671762	1.948565608055497	-0.2502685850593104	0.04608524946958258	-0.9697118792941088	0.8928379598234325	-4.1555604501632	2.404552498353437	0.01384829039325405	0.2812607016310126	-2.130258750734255	-0.8002173122204893	1.424335182505691	6.542269918855932	1.661368858433895	-2.60653335141809	0.5750110383211438	-0.52376739787212	4.044268775315026	-0.4408221899705364	-0.4408221899699473	5.426798335507399	5.426798335507601	1.881607563815103	0.8797500764092597	5.307803536213305	0.01510489602566185	1.394999973219719	-5.482949528255606	-1.165170974064564	3.448864486372328	4.221790184995363	-3.149232676281733	4.393538907530082	-2.267769537854158	2.084680630625358	-4.055413884411754	9.334890577660254	8.053774855565447	0.01000003388404728	0.01000001723713143	0.01003124080998615	0.01039976768575263	0.01000004840662997	0.01000004396809297	0.0105132407859302	0.1140615125309026	0.01028924353785833	0.01206077225810625	0.09866363746103325	0.1536388903231259	0.2801450412537443	0.3461017764262515	0.02968089064746916	0.02805426943710449	0.01015396362654518	0.3390815359456778	0.2278483426229785	0.1560388545305033	0.2106699028477589	0.1800761229080478	0.1345758840837937	0.01000016679737955	0.1438332339751859	0.01000023913171153	0.01000010473551983	0.01803992145639133	0.01000025991898081	0.01000002196631987	0.07865109747708997	0.222631971810818	0.1105602246635626	0.3729178975613247	0.1798843296159409	0.02613510040543659	0.2022150970182348	0.01353608862889453	0.01732021654596956	0.01451413315845758	0.2150832341842536	0.2575265937461021	0.01890037916660066	0.01000003213074644	0.1821578764835627	0.1969023106624606	0.01052191482559455	0.133864961242545	0.1188237570599357	0.05883053634897123	0.05454264264838983	0.01001332209235631	0.0100001213344302	0.01000005917014115	0.01000047762016649	0.01000034172205931	0.01006845261860435	0.01000001126242068	0.01000002037101083	0.01000027270843313	0.0100001132678281	0.01000034271952207	0.01000059728068622	0.1744918478090171	0.2120323109260972	0.0536807870012958	0.04319254512893649	0.01001227450760484	0.271561836857961	0.1520343635994919	0.1731236005348821	0.01025070558801462	0.01462240791337257	0.009999996438490049	0.01000869268238842	0.2075572553532159	0.010000035379517	0.01000001267037926	0.00999999812305208	0.0100000066167721	0.09345821234249554	-0.1273726666130571	0.156584974348134	0.03056762772713472	0.0524933839862275	-0.04610251276617752	0.1123248417315815	-0.01476756150903085	-0.04743411377010324	-0.07016328970238467	0.01577011138280706	0.1011935551510588	-0.009280736976731154	0.01000003663491982	0.01000001833319843	0.01000003632236011	0.01000010615958022	0.01000004918656561	0.01000004471890267	0.01000027872567029	0.1239011290170997	0.01000001483720417	0.01000005967219258	0.1053459696191458	0.1663949202731194	0.2997717048178876	0.3796477824450131	0.01000005710735049	0.01000002088753605	0.01000000971757059	0.3358642688195946	0.2314167591513838	0.1493368363661592	0.2060449522115025	0.1764091575356405	0.1367264982280912	0.01000016322445796	0.1669971379913851	0.0100000753633735	0.0100000421105385	0.01000008293422878	0.01000027027725028	0.01000000895270785	0.08251776043892839	0.2429087097180864	0.1240543139953134	0.4147253312777525	0.1744135632935646	0.01000002537746657	0.2067907621279931	0.01000000954232015	0.009999996669258005	0.01000000418695418	0.2010749133873601	0.2340763097818863	0.01000004936968437	0.01000002861254145	0.1617572383159955	0.1851235241133101	0.01000001164136727	0.1259489935732152	0.1204303959206022	0.07209382145563589	0.06518439012839455	0.01000066423927174	0.01000010880679591	0.01000004729874776	0.01000000279378032	0.009999998023416314	0.01000000142585869	0.01000001365501569	0.01000002443103186	0.01000001053036402	0.01000008558005174	0.010000068332467	0.0100000575285985	0.1601170522735137	0.1913229225348125	0.02851019111554543	0.01000459580380346	0.0100000299310744	0.2504424215211637	0.178660937222219	0.1665681007796845	0.01000000706319242	0.01000005781791017	0.009999996715668102	0.0100089552340934	0.1997339078230481	0.01000005027385812	0.01000001698185232	0.00999999976192913	0.01000000980007199	-0.8292463918086123	-0.8633745306381214	4.282968294364422e-13	4.705895276924644e-12
0.1287131820922916	-0.1885512426981736	0.01687043253916469	0.1106844436889984	2.015058542664899	0.9241017123794967	-0.02691258523850266	0.1028736728831246	0.1489833695769941	0.1871288617945513	0.3017846840492271	0.1960775403487502	-0.06936289451574974	0.08164455918881305	0.0009020636597113756	-0.1655624273960741	0.194431513817559	0.1944315138175511	1.080567859269288	1.080567859269425	0.1260928192200727	-0.03276446638801998	3.406956089222937	0.008735457350736464	0.04628986323514802	1.433187357981249	0.3413547168347472	0.03845334013212586	0.1967639119617658	0.04721101062503087	0.1667604512945523	0.285325737763371	1.308700474880586	1.920362345968865	-0.1794620696024108	0.09699339711681768	-1.074011566906559	0.8443695877446409	-4.536306242885098	2.388267772165281	-0.01252131369941609	0.3289909897677385	-1.732481440792648	-0.6182761449495217	2.752387994277335	6.808429237762064	1.161216290963177	-2.949720802501454	0.7302617159078515	-0.4187582578304376	4.439637531758145	0.009443028788195524	0.009443028788195595	5.10654385154197	5.106543851541726	1.980841890534375	1.023529136019616	4.784929205044345	0.102431743354789	1.19745275244816	-5.247866353740731	-1.32624493845644	3.438041556183957	4.698423225541972	-2.627177232830494	3.028530789716013	-1.208010806078497	1.748572915421904	-4.702162998393889	12.63093521952319	7.737801813988249	0.01000003397841348	0.01000001682002099	0.01001626873970319	0.01020807283979764	0.01000004745136076	0.01000004282603567	0.01026719260682474	0.1167837458714129	0.01015050371119354	0.01107374506817559	0.1033650702855288	0.1610269405773338	0.2852856307333342	0.3549873539992922	0.02041532133549982	0.01953977514469866	0.01008010500721707	0.3395738306599423	0.2314865218259404	0.1557252880794532	0.2092191348615135	0.1795180015046806	0.1369465793391364	0.01000015370611267	0.1508709607423706	0.01000016974831318	0.0100000805613952	0.01420985780756666	0.01000024086916624	0.01000001621740664	0.07869656809108577	0.2284805430669648	0.1138459620277589	0.3870584261645288	0.1783497603254475	0.01851038258115096	0.2047087554183445	0.01184457822252074	0.01383060178968547	0.01235664618931188	0.2101538795103647	0.2489368394145076	0.01466387857585221	0.01000003082648471	0.1741915246810577	0.1927018366923247	0.01027161231442249	0.1294353695208796	0.1194983655431834	0.06570402509307684	0.06008998335312261	0.01000732494071406	0.01000011060351091	0.01000005051766722	0.0100002500845404	0.01000017702457902	0.01003561166111745	0.01000001255181289	0.01000002272379131	0.01000014778712987	0.01000010170472557	0.01000021377207577	0.01000034076614069	0.1680567859787426	0.2022990968814715	0.03747951748865329	0.02780006446591221	0.01000640064615824	0.2626994902377692	0.1613941058684121	0.1693932868412217	0.01013044435081753	0.01241341059909678	0.009999996667529104	0.01000760441709097	0.2039209506506988	0.01000004642470146	0.01000001586979764	0.009999999336984032	0.01000000897949983	0.09108999000178218	-0.1331809974648454	0.1584583228833104	0.02833841292763368	0.05714025481448626	-0.04921191758384649	0.1135143360345864	-0.01240513140963357	-0.05128770967096595	-0.0688356216764823	0.01021396181276194	0.09392120432539935	-0.009466070748700248	0.01000003225570955	0.01000001496347134	0.01000003464738722	0.01000010790171439	0.01000004443579593	0.01000003935060174	0.01000016390469767	0.1182616282775439	0.01000001388743268	0.01000005214563105	0.1134567105061658	0.177588418641796	0.2912805001036118	0.3680922414849037	0.01000005291591983	0.0100000177857287	0.01000000784828441	0.3445789120348652	0.2433290866657004	0.1600189830237096	0.2072787505793958	0.1803924714999433	0.1435146205061915	0.01000012256998255	0.1577288341740767	0.01000010821396901	0.01000006309903634	0.01000006373124992	0.01000018444523224	0.01000001072161743	0.07591674531387897	0.2355139921542436	0.1143883845116403	0.4190964651586898	0.1770085629073464	0.01000002102412402	0.2107234017002443	0.01000001021881312	0.009999996908100037	0.01000000473124482	0.2021022505140959	0.2323908980848023	0.01000004920794035	0.01000002998391892	0.1607712292376089	0.1860910690255745	0.0100000116067508	0.120358321658989	0.1205149501034025	0.07617269158137469	0.06841231081085927	0.01000093599289664	0.01000009193979588	0.01000003673372914	0.01000000381975016	0.009999998773514146	0.01000000227882753	0.01000001416038103	0.01000002587747575	0.01000001364759379	0.01000009173199541	0.01000007799531096	0.01000006631796706	0.1557287948663343	0.1809110737590806	0.01000048441958039	0.01000013293755718	0.01000003370270744	0.2424562446122779	0.1741877559653469	0.1608082591890201	0.01000000593854294	0.01000004991424917	0.009999997058875739	0.01000461622393291	0.1960373732888791	0.01000006420608837	0.0100000210225508	0.01000000128990712	0.01000001278521431	-0.7362670359968714	-0.9664896143113689	2.724822993163022e-13	1.706010255429825e-11
0.1351488411969062	-0.195540504832405	0.0222568668790161	0.08047902151079553	2.030381854079056	0.9239620401501899	-0.02466452283297785	0.09256555637815533	0.1454083563893645	0.20822691058628	0.3460526910189057	0.2019760201222988	-0.08905213100751085	0.08654932737843868	-0.001527100261585289	-0.135935016578241	0.1957598598263126	0.1957598598263006	1.112366405147027	1.112366405146982	0.1391650281865554	-0.02571079488471564	3.435909719680112	0.009631264016344742	0.05334174783848416	1.399912930028458	0.331965281515446	0.06048880816127509	0.2284785941224891	0.03195554554139537	0.1820879608455737	0.2809843869632616	1.319351080455917	1.888720131459972	-0.09490621606714002	0.1451785103808555	-1.088611478616709	0.8339596888483317	-4.836003226328232	2.374118548753204	-0.02985145938770041	0.3680672468366157	-1.490292160803475	-0.504191304575446	3.746035654507899	6.931228780037461	0.6784658316848217	-3.144150044318398	0.7838741324047339	-0.3409163202738759	4.752957816746991	0.3822905093813976	0.382290509381188	4.774625539256757	4.774625539258833	2.080347215794045	1.166861137864804	4.20679044484479	0.1731583323443784	0.9944383089599104	-5.118008676862688	-1.566716006800308	3.406727031135858	5.151074236683602	-2.116030153624309	1.813063320869027	-0.1497950480145583	1.583462302605641	-5.034479144097434	12.61892512500489	7.220655756879321	0.0100000327064395	0.01000001557391714	0.01000832086063804	0.01010628876914272	0.01000004543368134	0.01000004064121468	0.01013650509930673	0.1165541617618055	0.01007684461608444	0.01054893192719965	0.1086856450517989	0.1687003076053822	0.2874116108224946	0.3595878595310435	0.01539395629325287	0.01493462694366679	0.0100408957582387	0.3417248870900695	0.2366958266018803	0.1585730186473882	0.2084237439572779	0.1798891222215509	0.1397670161808617	0.01000013559037858	0.1534284522800862	0.01000015609984803	0.01000008252499124	0.01216167897014485	0.01000021114930191	0.01000001367107251	0.07700375053863168	0.2293268352946796	0.1125748053038147	0.3992861967627209	0.1776537713002384	0.01439596691308948	0.2069576493854015	0.01094399699652226	0.01196586452390787	0.01120692710565267	0.2070155280188569	0.2423550308659279	0.01239632170806432	0.01000003100891948	0.1682363840808328	0.1901068651527226	0.01013869721456932	0.124385642314097	0.1196726004088649	0.07094655945599407	0.06408036890874444	0.01223166221291448	0.01000009890406108	0.01000004235862856	0.01000013018649087	0.01000009023732094	0.01001817950739781	0.01000001375007161	0.01000002506354713	0.01000008391769159	0.01000009772032993	0.01000015056073329	0.01000021067372884	0.1619510557202505	0.1922167852139966	0.02455142638337016	0.01930965101091621	0.01000328514306542	0.2539330625195416	0.1653165016752498	0.1647345651023731	0.01006659721589908	0.01123611880030785	0.009999996963925438	0.0100056968498112	0.2005834905099939	0.01000006419871431	0.01000002003906581	0.01000000091823145	0.01000001205803212	0.08883788492233356	-0.1355181796709068	0.1596373355966922	0.02675891044595563	0.05960442708044524	-0.0524314239738822	0.1135656182160716	-0.01109461150917596	-0.05334069632855111	-0.06645096023622293	0.005592869918451851	0.08419678391493077	-0.0008690071640325315	0.01000003063948893	0.01000001369191783	0.0100000337105654	0.0100001041995536	0.01000004239436892	0.01000003752789079	0.01000013111402957	0.1144599762232945	0.01000001614502067	0.01000005766154247	0.1182786113525783	0.1834988288083554	0.2916175522164466	0.3699720149411682	0.0100000488708959	0.01000001584089879	0.01000000680394805	0.3474430693870616	0.2481916765644197	0.1655683302068548	0.2068884895160897	0.180573040569749	0.1443518192526576	0.01000011173830514	0.1570037010931505	0.01000017035144892	0.01000010274369184	0.01000006083638748	0.01000017654032856	0.01000001126563477	0.07388256191033116	0.2266430368883589	0.1076558267536186	0.4310291913593649	0.1761150447316619	0.01000001730704463	0.2107912353981862	0.01000001107246183	0.009999997187591285	0.01000000536679969	0.201305719377037	0.2288017321056103	0.01000005235147173	0.01000003222745735	0.1569919771741594	0.1855870997216291	0.01000001274280529	0.1141730251568111	0.119404772915636	0.07866839923221536	0.06949027886608679	0.01842050246206254	0.01000008227759876	0.01000003141355753	0.01000000633605838	0.01000000058432495	0.01000000387496201	0.01000001570933504	0.01000002887847834	0.01000002044335599	0.01000009511859114	0.01000009029558171	0.01000008242356962	0.1493888713008672	0.1705213421343796	0.01000032385044824	0.01000009684718945	0.01000003962458537	0.2337310454311801	0.1690428697803789	0.1543776464301383	0.01000000585577158	0.01000004819843721	0.00999999745410813	0.01000293942467654	0.1940274142098383	0.01000009840489632	0.01000002723206354	0.01000000364738557	0.0100000173684081	-0.691379226033872	-1.053123098660427	-6.820358667175964e-14	1.116866619457836e-11
0.1415845003015208	-0.2024418683238656	0.02766116586712149	0.04862641846218264	2.045621522101943	0.9237307801882537	-0.02219526583984628	0.08344276978073799	0.1423461798415046	0.2345963621400436	0.3907742177799166	0.2048955049397783	-0.1095114549386261	0.09160390420197423	-0.003547336309097188	-0.1045744182644222	0.1990808396086898	0.1990808396086765	1.142013076052684	1.142013076052459	0.1528536517165124	-0.01776690115645082	3.461023790687741	0.01092821427062544	0.05909458419335694	1.366987075429352	0.3215105369396837	0.08226172980531835	0.2629823151869891	0.01994544167985995	0.1911046264230269	0.283286330056405	1.329366985348815	1.856807401634417	-0.03026429580857386	0.1897273693393896	-1.04669543854254	0.8499213573144793	-5.048198138562999	2.362274042551182	-0.04098389417967887	0.3977312956420156	-1.364118267394406	-0.4589026814887858	4.390573819570158	6.949368892825555	0.235438555395031	-3.18903970464797	0.7768175166423026	-0.2916763641228289	4.978257575775252	0.6286907984608285	0.6286907984608241	4.437808937164692	4.43780893716504	2.172404107873751	1.300182144290507	3.591715150100746	0.2270945273518562	0.7937495018804552	-5.139540744683077	-1.657309478428296	3.356450414546604	5.565168607722511	-1.618621255919911	1.06731939748538	0.8565155433370054	1.551327949060083	-4.786230633273832	6.442312500773689	6.607768591385883	0.01000003126242354	0.01000001431509444	0.01000434443179975	0.01005534458196302	0.01000004340413372	0.01000003863736307	0.01007107071725708	0.1148231700385985	0.01003998509484719	0.01028570167540141	0.1137553454069871	0.175615302938694	0.2889126098580868	0.3632808045999814	0.01281803921749954	0.01257706813130608	0.01002127750899888	0.3441096654254047	0.2417524541690231	0.1624803256563166	0.2077796101704369	0.1801863465217809	0.1417718498360017	0.01000012111494994	0.1546672021694463	0.01000018032655787	0.01000010332027057	0.01112641183395899	0.01000019233175673	0.0100000126691837	0.07515423793491734	0.2266024835686304	0.1089891212828156	0.4113281185101548	0.176880517088602	0.01229473860577841	0.2083829519700821	0.01049142510673799	0.01102419110800988	0.01062842457668265	0.204747105405476	0.2368179342167408	0.01124890659255534	0.01000003222141893	0.1630956486033192	0.1883051683207245	0.01007216398353014	0.1188270346764418	0.1193099361294837	0.07491663669506528	0.06672583391768049	0.01751039161356193	0.01000008822275567	0.01000003561835252	0.01000007146691738	0.01000004772831414	0.01000945937324638	0.01000001512359499	0.01000002773377003	0.01000005536429094	0.01000009741972254	0.01000012508751218	0.010000153646047	0.1557062204352198	0.1819007523964064	0.01766393644917839	0.01488009906606499	0.01000172959720846	0.245108492990218	0.1656507138584861	0.1593480279375268	0.01003464825010249	0.0106436585696983	0.009999997309719965	0.01000390460481561	0.1977366532696557	0.0100000901812442	0.01000002522797403	0.01000000288741087	0.01000001588853952	0.08658577984288496	-0.1378553618769682	0.1608163483100741	0.02517940796427759	0.0620685993464042	-0.05565093036391792	0.1136169003975569	-0.009784091608718353	-0.05539368298613629	-0.06406629879596357	0.0009717780241417666	0.07447236350446219	0.007728056420635185	0.01000002902326831	0.01000001242036432	0.01000003277374425	0.0100001004973929	0.01000004035294191	0.01000003570517984	0.01000009832336156	0.110658324169045	0.01000001840260861	0.01000006317745382	0.1231005121989909	0.1894092389749148	0.2919546043292815	0.3718517883974327	0.01000004482587196	0.01000001389606887	0.01000000575961191	0.3503072267392579	0.2530542664631391	0.17111767739	0.2064982284527836	0.1807536096395548	0.1451890179991236	0.01000010090662772	0.1562785680122242	0.01000023248893215	0.01000014238835138	0.01000005794152502	0.01000016863542486	0.01000001180965209	0.07184837850678336	0.2177720816224742	0.100923268995597	0.4429619175600399	0.1752215265559774	0.01000001358996524	0.2108590690961281	0.01000001192611058	0.009999997467082609	0.01000000600235461	0.2005091882399782	0.2252125661264183	0.0100000554950031	0.01000003447099576	0.1532127251107099	0.1850831304176836	0.01000001387885985	0.1079877286546332	0.1182945957278695	0.08116410688305603	0.07056824692131428	0.02684006893122846	0.01000007261540182	0.01000002609338625	0.01000000885237949	0.01000000239515334	0.0100000054710967	0.01000001725828896	0.0100000318794809	0.01000002723913271	0.01000009850518701	0.01000010259585846	0.01000009852917814	0.1430489477354003	0.1601316105096786	0.01000016328131596	0.01000006075682158	0.01000004554646433	0.2250058462500823	0.1638979835954108	0.1479470336712564	0.01000000577300022	0.01000004648262523	0.009999997849342598	0.0100012626254202	0.1920174551307975	0.01000013260370445	0.01000003344157625	0.01000000600486391	0.01000002195160183	-0.666426243207683	-1.124664185245957	-5.363869594652839e-13	-7.305972673481734e-12
0.1480201594061353	-0.2089685199858048	0.03323170800143677	0.01567893929186354	2.060791776088722	0.9234412681665962	-0.01956552441689777	0.07491226385213651	0.1393434230830654	0.2640891470460908	0.4353765939552165	0.2051318456934877	-0.1298134368344256	0.09651327354909349	-0.00534177006181536	-0.07203234910910353	0.2038455822875841	0.203845582287578	1.16948772804825	1.169487728048163	0.1670872717408684	-0.009021036917562479	3.482115800678227	0.01251755404116847	0.06357626147733397	1.333585799395041	0.3102915116774165	0.1036487346041959	0.299977235866188	0.01107154673818694	0.1963540733688609	0.2917642291574007	1.339549784014356	1.828098028790175	-0.01257578509143375	0.2302414216002054	-0.9812480249382954	0.8832866875907274	-5.176715203977303	2.352608728014438	-0.04878819234353368	0.4179437553196036	-1.291119870755906	-0.4843430473487373	4.74439703792903	6.906060608041767	-0.1501771433727202	-3.099362215422118	0.7498495987630527	-0.270264352581616	5.121104362007238	0.839258556307607	0.8392585563077516	4.100517652849018	4.100517652849732	2.24636360800051	1.413605700089991	2.966069643511696	0.2635181113183379	0.6005714687042665	-5.242588830773617	-1.810109319036469	3.288484618143899	5.918500427525117	-1.14402597917528	0.6225270557157842	1.757514012705852	1.625498681363507	-4.07872251463168	-0.2011302627158631	5.993559359719411	0.0100000296297559	0.01000001304731357	0.0100022333436547	0.01002829815114029	0.01000004121998849	0.01000003669494022	0.01003632238314565	0.1122084392269904	0.01002041934295208	0.01014591862616409	0.1190307594514663	0.1827932649172017	0.2901875149395833	0.3665869560146971	0.0114441822461544	0.01132022804184261	0.01001086345806155	0.3463271046554422	0.246301266905532	0.1669121713290599	0.2072559423883497	0.1802919688401251	0.1430745715847093	0.01000010879260933	0.1554702039130244	0.01000021634641514	0.01000013151416971	0.01057590095630519	0.01000018045914069	0.01000001251871858	0.07382246974074398	0.2202729976953335	0.09939996266703899	0.4231129197764767	0.1762662095305297	0.01117512278074759	0.209670036583126	0.01025101742206128	0.0105235346626111	0.01032105402595891	0.2029829208975347	0.231860557360336	0.01063863813532353	0.01000003468287002	0.1594305843377565	0.1870319616950916	0.01003684556186302	0.1126647942780476	0.1185141383843535	0.07794456845752384	0.06824358510625705	0.02478648074267685	0.01000007855006041	0.01000002999317611	0.01000004204528858	0.01000002651045306	0.01000483189217683	0.01000001663896967	0.01000003058345923	0.01000004362510652	0.01000009907036452	0.01000011566958506	0.01000012969115469	0.149364791414043	0.1713424382792041	0.01395420596251997	0.01250817434868756	0.01000090729668783	0.236153594042264	0.1633594579853474	0.1532017217537658	0.01001768920249161	0.01032886410513671	0.009999997687179608	0.01000255421772536	0.1952942767088014	0.01000013401730905	0.0100000319635653	0.01000000544849613	0.01000002085845853	0.08580188420099708	-0.1406267655690553	0.1603037935543096	0.008353301827180462	0.06382800686769509	-0.05796431120003402	0.112366914032057	-0.008841633534386155	-0.05738964453400991	-0.06182274749902076	0.005294476840187621	0.06495805774192129	0.01418677288114952	0.01000002700032714	0.01000001113755473	0.01000003195490549	0.0100000911458147	0.01000003774953469	0.01000003379361043	0.01000007709546924	0.106675196417959	0.01000001771919115	0.01000006015342404	0.1294616884295136	0.1987251903688085	0.2932222677824756	0.3749128826936606	0.01000004262991201	0.01000001242273853	0.01000000484972686	0.3513340711007723	0.2557185283596821	0.1762777406693781	0.2062523320372921	0.180207076842406	0.144889628269624	0.01000009174714579	0.1570823488322786	0.01000027201961331	0.01000017658153375	0.01000006157653867	0.01000016761152186	0.01000001282912155	0.07235878267106256	0.2017085253884341	0.07341368007022969	0.4540467490251306	0.1753302931870955	0.01000001157350953	0.2127402716668618	0.01000001330760204	0.009999997911818144	0.0100000070007392	0.1995657193503615	0.22118487184031	0.01000006840899494	0.01000003960010338	0.1541417110077828	0.1848228601461681	0.01000001669057166	0.1004215359878414	0.1165840370884642	0.08239456075492697	0.06977384435583432	0.03763551130028185	0.01000006495353969	0.01000002246560384	0.01000001350200827	0.01000000607645754	0.01000000870741109	0.01000001903176736	0.010000034971982	0.01000003489538216	0.01000010272590955	0.0100001086050363	0.01000010995200346	0.1366520135408419	0.1492905615807474	0.01000013229926492	0.0100000495856063	0.01000005372335447	0.2158021592884981	0.156136113330501	0.1399884736379948	0.01000000654616244	0.01000004884238643	0.009999998276513614	0.01000104786099764	0.1905300615840479	0.01000021959165679	0.01000004367788931	0.01000000990740726	0.01000002949979893	-0.654753975576889	-1.18328600378799	-5.176438207510324e-13	-1.121789359492885e-11
0.1544558185107499	-0.2150675229239075	0.03905673359541234	-0.01782292684132706	2.075908438188904	0.9231053748046311	-0.01683593133765185	0.06676996386598912	0.1359822574279944	0.2952709831749706	0.479592458778513	0.2031145909477495	-0.1491364267288609	0.1012681979290642	-0.007081177522843831	-0.03883522983785064	0.2097186761193107	0.2097186761193115	1.194793054242373	1.194793054242423	0.1817081978537108	0.0003746375747000767	3.499240311726217	0.01427751205256867	0.06684477057245979	1.299481457048926	0.2984578942768326	0.1245699154255875	0.3389914933370145	0.005156987102217184	0.1998701338818058	0.3056422619705602	1.350448047938147	1.805042724813988	-0.02327490897217423	0.2670118719426591	-0.9137956944757329	0.9290067955995071	-5.220484132655788	2.345619373408687	-0.05539775284039906	0.4287620431676987	-1.243476097479108	-0.570284870220947	4.915477702008531	6.829253346582954	-0.4649078930150189	-2.884799847552009	0.7288208890994762	-0.2745759276811418	5.181826505094763	0.9731314000988748	0.9731314000988753	3.763650854654178	3.763650854654246	2.292766632676567	1.502122689849481	2.358741533372894	0.2801172990212905	0.4167350678830448	-5.35803159473399	-1.848305344127283	3.211687004415601	6.192714835422631	-0.6989531212206767	0.5286375298154975	2.534706891102872	1.773672000206302	-3.029124243679456	-2.379669600245046	5.444375110365972	0.01000002780204375	0.01000001177202188	0.01000117688501111	0.01001476206268491	0.01000003882631137	0.01000003476793681	0.01001892638923938	0.1090044798913476	0.010010630569208	0.01007594294095538	0.1247196419244718	0.1907322580485395	0.2914585348842753	0.3698056425935463	0.01075211429536072	0.01068748133829832	0.01000565326427009	0.3481463539963826	0.2501518998398591	0.1716055906755278	0.2068362686265729	0.1801452585665768	0.1437266733261134	0.01000009805095023	0.1562727109372636	0.0100002541208991	0.01000016270631066	0.01029974431054761	0.01000017400831602	0.01000001295294418	0.07331224224064004	0.2102745781932696	0.08182923851251191	0.4345981658758206	0.1759325825486856	0.01061185186483292	0.2111775542697203	0.01013061032453387	0.01027244917215436	0.01016705591921766	0.2015251259993955	0.2272194897871667	0.01033241621757063	0.01000003847751882	0.1575740654229467	0.1861459864574319	0.01001917630469427	0.1058521875396802	0.1173342029633716	0.08016141695415563	0.06871499603141973	0.03366027336495254	0.01000006988230601	0.01000002536622488	0.01000002965130589	0.01000001773633783	0.01000251863169044	0.01000001828333511	0.01000003355449695	0.01000004157911319	0.01000010200544435	0.01000011396162132	0.01000012341685577	0.1429494524885125	0.1605380251952833	0.0120634370594774	0.01130731125032544	0.01000050003878413	0.2270273629935699	0.1588947948367721	0.1462789316542077	0.01000920536227077	0.01017114117078547	0.009999998089484373	0.01000177136864393	0.193208948468384	0.0100001994191177	0.01000004044868995	0.01000000867999333	0.01000002711690716	0.08501798855910918	-0.1433981692611423	0.1597912387985451	-0.008472804309916666	0.06558741438898598	-0.06027769203615014	0.1111169276665571	-0.007899175460053956	-0.05938560608188352	-0.05957919620207792	0.009617175656233476	0.05544375197938036	0.02064548934166385	0.01000002497738598	0.01000000985474515	0.01000003113606863	0.01000008179423675	0.01000003514612748	0.01000003188204102	0.01000005586757719	0.102692068666873	0.01000001703577412	0.01000005712939435	0.1358228646600362	0.2080411417627021	0.2944899312356697	0.3779739769898884	0.01000004043395206	0.01000001094940819	0.01000000393984247	0.3523609154622867	0.2583827902562252	0.1814378039487562	0.2060064356218007	0.1796605440452573	0.1445902385401245	0.01000008258766386	0.157886129652333	0.01000031155029417	0.01000021077471578	0.01000006521155231	0.01000016658761887	0.01000001384859097	0.07286918683534178	0.1856449691543941	0.04590409114486241	0.4651315804902214	0.1754390598182136	0.01000000955705382	0.2146214742375955	0.01000001468909351	0.009999998356553635	0.01000000799912379	0.1986222504607448	0.2171571775542018	0.01000008132298677	0.01000004472921097	0.1550706969048556	0.1845625898746526	0.0100000195022836	0.0928553433210496	0.1148734784490589	0.0836250146267979	0.06897944179035435	0.04843095366933522	0.01000005729167765	0.01000001883782161	0.01000001815166121	0.01000000975779597	0.01000001194372621	0.01000002080524567	0.01000003806448307	0.01000004255164333	0.01000010694663216	0.01000011461421497	0.01000012137483177	0.1302550793462834	0.1384495126518162	0.01000010131721379	0.01000003841439082	0.01000006190024703	0.2065984723269138	0.1483742430655911	0.1320299136047332	0.01000000731932487	0.01000005120214761	0.009999998703685039	0.01000083309657507	0.1890426680372984	0.01000030657960926	0.01000005391420233	0.01000001380995047	0.01000003704799596	-0.6475858922683688	-1.228746279742881	-1.021457467341451e-13	-3.263896189506058e-12
0.1608914776153645	-0.2207585287847048	0.04518673307392639	-0.05133998655543016	2.090989856122881	0.9227278695700059	-0.01406437530527897	0.0589282821317177	0.1319471627851165	0.3270039291047816	0.5232567715792281	0.1992942326414169	-0.1667090458710344	0.1059489624870453	-0.008904119669936535	-0.005506020754605215	0.2163042031410618	0.2163042031410617	1.217937951926679	1.217937951926718	0.1965322066571746	0.0102565227188519	3.512592270398311	0.01607643028198618	0.06900271853939324	1.264636190742673	0.2860743818521066	0.1449898184051443	0.3794997183821239	0.001885500726149986	0.2029689063646822	0.3240984149512519	1.362328104012408	1.789422147419766	-0.04259765724373209	0.3005508868118573	-0.858340723802354	0.9759228440911761	-5.182368794936819	2.341865352594665	-0.06207936134022105	0.4312545018730666	-1.190407602410948	-0.6867339771628609	4.921391026278795	6.740328194651399	-0.7095144534420854	-2.560019570238715	0.7313432186337112	-0.2936967677736967	5.163164176725568	1.066753286755843	1.066753286755915	3.429095499509812	3.429095499508517	2.308361015465115	1.56498106717323	1.803174174321415	0.2759587551261993	0.2617619001642329	-5.466192542295335	-1.987654608109769	3.135309928634615	6.381240324671449	-0.3417200044239623	0.4676288202227512	3.175481197921834	1.899192327486108	-1.834353239450807	-3.540379086784733	4.990084195262484	0.01000002610397547	0.01000001066465824	0.01000061601674541	0.01000757249325112	0.01000003648310755	0.0100000330774935	0.01000968503103141	0.1055753940134089	0.01000543404858542	0.01003879400873186	0.1304828535376851	0.1990025716596874	0.2930265125536595	0.3732632920680964	0.01038432884953746	0.01035125649363796	0.01000288731982266	0.3491574782706376	0.2530623131807533	0.1761593429824873	0.2062513857488421	0.1796336475587042	0.14379824325696	0.01000008909604526	0.1578736056399589	0.01000027911161736	0.01000018515652358	0.01015309710987043	0.01000017681172869	0.01000001401110803	0.07407288962722026	0.1952652957547545	0.06174117952400172	0.4456910713114337	0.1758387535659662	0.01031258105204167	0.213454487571063	0.01006668674381387	0.01013911806389188	0.01008529394911796	0.2000804332444047	0.2226306074428104	0.01016980355626704	0.01000004427937605	0.1574140795894387	0.1853796310406634	0.01000979932336291	0.09836956748209351	0.1158235341488302	0.08175237809649438	0.06875505514814984	0.04111624988144078	0.01000006191979355	0.01000002139883637	0.01000002520756051	0.01000001493935824	0.01000129360373648	0.01000002018870081	0.0100000366564846	0.01000004334369852	0.01000010670236127	0.010000115743467	0.01000012376571914	0.1366043800660105	0.1495952837725889	0.01105637022655233	0.01066854506416852	0.01000028852464557	0.2177048142692493	0.1530032285698759	0.138495924478096	0.01000470273363438	0.01008740262343877	0.009999998479618943	0.01000129157788405	0.1914645227279178	0.01000033842516637	0.01000005323616871	0.01000001353396046	0.01000003654006986	0.08672343580311477	-0.1452888755979539	0.1574997908059557	-0.02180665150721254	0.06628176808432062	-0.06144345596939764	0.1080028026783918	-0.009335628763281196	-0.06134407199522312	-0.0567782092904604	0.01068830662172982	0.01923755591920943	0.02079779439759275	0.01000002378878093	0.01000000921850742	0.0100000313699994	0.01000007191657695	0.01000003310415631	0.01000003083524916	0.0100000443173344	0.09918986059506509	0.01000001526048389	0.01000005238065641	0.1414960909207233	0.2168310140959102	0.2974108609931891	0.3827738629572129	0.01000003916078811	0.01000000986021135	0.01000000320988067	0.3502113854000568	0.2583125244296037	0.1851809240039214	0.2046031105909269	0.1780566568526765	0.1433079300721124	0.01000007736666095	0.1625065809273011	0.01000029976492936	0.01000020669133712	0.01000007650665889	0.01000019085975255	0.01000001618544714	0.07691107327025391	0.1561437494757892	0.0279521605469996	0.4749932250395582	0.1759070620671482	0.01000000818659941	0.2197525946941814	0.01000001647776068	0.00999999891992041	0.01000000927079731	0.1968064355546597	0.2123730701935962	0.01000011894773024	0.0100000550664614	0.1589996086668793	0.1837453642873486	0.01000002501998137	0.08400226133001074	0.1126451708541217	0.08398198727429759	0.06865556843643431	0.05064577024028321	0.01000005050950853	0.01000001592936866	0.01000002262505058	0.01000001394051849	0.01000002017206849	0.01000002333452318	0.01000004143588878	0.01000004741061968	0.01000011553655343	0.01000012012892716	0.01000012646060967	0.124392854204477	0.1276920565108851	0.01000009107595608	0.01000003458736021	0.0100000731677519	0.1969594081897461	0.1399931207014437	0.1222411054809817	0.01000000902198471	0.01000005741063295	0.00999999904096539	0.01000075602128213	0.1881741213725478	0.01000063294021803	0.01000007727646851	0.01000002264360222	0.01000005424849022	-0.6423215808801581	-1.262343674893847	6.168789380864248e-14	1.03794856429294e-12
0.1673271367199791	-0.2261612078682666	0.05161710469501275	-0.08435703617014478	2.106059768132511	0.9223042671812745	-0.01130179493895295	0.05148728428767726	0.1271039748430035	0.358297456881231	0.5663505186295348	0.1941472741980514	-0.1818787799352937	0.1107527279241822	-0.01088409214140768	0.02745832986959594	0.2233630940666254	0.2233630940666251	1.238930570082073	1.238930570082101	0.2113463899406097	0.02046813472082012	3.522611047000284	0.01779122392758082	0.07031534989744932	1.22918338546539	0.2730343478848659	0.1649400920876046	0.4209369460699076	0.0004497105592430931	0.2063173045156099	0.3461879269200971	1.374647537945971	1.781315123899678	-0.06775209245060551	0.3313900201865006	-0.8241928197310625	1.022352989287406	-5.065096753101604	2.342043694774294	-0.06972329541951819	0.4259726890480857	-1.118956174415483	-0.8214147963844755	4.778920389784816	6.6519394941723	-0.8771734018094818	-2.138058902296757	0.7670456850965995	-0.3233760028049751	5.068439995392687	1.120237981424153	1.120237981424138	3.09479021683427	3.094790216834122	2.289713171058573	1.604591404872422	1.322893607142215	0.2539740302782322	0.1540373114058817	-5.546835557170692	-2.052331543327134	3.065741020994088	6.481419576153714	-0.1284766037628966	0.606213318489124	3.663840342144522	1.910216789766134	-0.6941485237479508	-4.191974089811557	4.605337039636873	0.01000002466051841	0.01000000979274625	0.01000033556747757	0.01000397095747632	0.01000003429044885	0.01000003170872379	0.01000505619886839	0.1020980052362986	0.01000283361623435	0.01002020494913122	0.1361648651245986	0.2073935917435604	0.2950598023558063	0.3771494199452233	0.01020000380779929	0.01018277600082784	0.01000150331614133	0.3491215813643684	0.2548976309680455	0.1803745907589424	0.2053584199631779	0.1786985612213479	0.1433218480467041	0.0100000820072085	0.160668843738198	0.01000028572299421	0.01000019434621447	0.0100796898707205	0.01000019034442559	0.01000001570831569	0.07629623010872731	0.1744022950013507	0.04197042727516946	0.4563355646113156	0.1759633848270098	0.01016264607944216	0.2167879389591032	0.01003470044697167	0.01007237616273964	0.01004437738388652	0.1984928959648525	0.2179475964511475	0.0100884103826547	0.01000005234785759	0.1588782961288364	0.1845930256707267	0.01000511117158914	0.09020845172128146	0.1140076812109511	0.08279498146694879	0.06863101738895899	0.04601557270864589	0.01000005454717396	0.0100000179606657	0.01000002522031695	0.01000001563062617	0.01000068491154248	0.01000002240587481	0.01000003989311754	0.01000004665476644	0.0100001133448607	0.01000011939087483	0.01000012648194849	0.1304041142466832	0.1385736536729903	0.01055000665864052	0.01034796838671283	0.01000018834905914	0.2081723328486481	0.1460664824967681	0.1298093009526944	0.01000245116500427	0.01004549893401819	0.009999998843339691	0.01000101304891708	0.1900515313508108	0.01000057106417896	0.01000007130854103	0.01000002037682896	0.01000004985005962	0.08842888304712035	-0.1471795819347655	0.1552083428133662	-0.03514049870450841	0.0669761217796553	-0.06260921990264513	0.1048886776902265	-0.01077208206650843	-0.06330253790856273	-0.0539772223788429	0.01175943758722616	-0.01696864014096145	0.02095009945352165	0.01000002260017587	0.01000000858226968	0.01000003160393491	0.01000006203891793	0.01000003106218514	0.0100000297884573	0.0100000327670924	0.09568765252325713	0.01000001348519477	0.01000004763191862	0.1471693171814105	0.2256208864291184	0.3003317907507085	0.3875737489245374	0.0100000378876242	0.01000000877101456	0.01000000247992089	0.3480618553378267	0.2582422586029822	0.1889240440590866	0.2031997855600531	0.1764527696600956	0.1420256216041003	0.01000007214565805	0.1671270322022692	0.01000028797956464	0.01000020260795855	0.0100000878017655	0.01000021513188624	0.01000001852230333	0.08095295970516603	0.1266425297971842	0.01000022994913677	0.484854869588895	0.1763750643160828	0.01000000681614504	0.2248837151507672	0.01000001826642798	0.009999999483287317	0.01000001054247094	0.1949906206485746	0.2075889628329907	0.01000015657247371	0.0100000654037118	0.1629285204289029	0.1829281387000446	0.01000003053767943	0.07514917933897187	0.1104168632591845	0.08433895992179728	0.06833169508251426	0.05286058681123121	0.01000004372733953	0.01000001302091591	0.0100000270984501	0.01000001812325626	0.0100000284004114	0.01000002586380059	0.01000004480729446	0.01000005226959582	0.01000012412647466	0.0100001256436394	0.01000013154638751	0.1185306290626705	0.116934600369954	0.01000008083469825	0.01000003076032938	0.01000008443526188	0.1873203440525784	0.1316119983372962	0.1124522973572301	0.01000001072464525	0.0100000636191183	0.009999999378246331	0.01000067894598919	0.1873055747077973	0.01000095930082684	0.01000010063873468	0.01000003147725392	0.01000007144898446	-0.6370954869516695	-1.283192057954268	-1.607632178370036e-14	1.833726772533177e-12
0.1737627958245937	-0.231428134305642	0.05833782201544907	-0.1163762613334032	2.121144913792037	0.9218271469860511	-0.008596182438739742	0.044597274988756	0.1213688144607308	0.3882390736593072	0.6089024339434049	0.1881723939842947	-0.1940565855327929	0.1159103373468978	-0.01307322341593554	0.05958070225974711	0.2306930678355353	0.2306930678355361	1.257767583750951	1.257767583750956	0.2259262973298574	0.03086526467677584	3.529790838423678	0.01931332904218545	0.07105805064183206	1.193359736380982	0.2592993940476001	0.1844767383465631	0.4627376107215657	4.930825636106872e-08	0.2105228402297104	0.3709080867253325	1.38667693122175	1.780123129510436	-0.0967044194493959	0.3599279868421411	-0.8189174453845088	1.066703010471702	-4.874028586340218	2.346803357645439	-0.07893197450956047	0.413812671928653	-1.015699603815054	-0.9614157031220074	4.507518067930915	6.57565931764011	-0.9654207008873472	-1.635729883230955	0.844295854355256	-0.3575739569407583	4.903553507092365	1.153175157532651	1.153175157532888	2.757906697313553	2.757906697312709	2.234781346491091	1.62379016530122	0.9209385653866946	0.216206377613959	0.07992489896756434	-5.572146373891631	-2.207824693432495	3.008001100365333	6.495225092356135	-0.0230960842458056	0.723512057804691	3.990137557256668	1.811594895541635	0.2759149295291684	-4.764076871092674	4.26740320052185	0.0100000235477465	0.01000000919260553	0.01000018720864491	0.01000205542125956	0.01000003231946043	0.01000003069285223	0.01000259520314258	0.0987177582389739	0.01000145254219866	0.01001033575936416	0.1418963124020727	0.2159526191818589	0.2976034180290773	0.3813926773360568	0.01010213453127166	0.01009332174799433	0.01000076843706763	0.3478673801449191	0.2556103200785793	0.1840931682826149	0.2040913080530048	0.1774240639038616	0.1423755889676486	0.01000007648943331	0.1647314145821524	0.01000027501299633	0.01000018881234317	0.01004073134054825	0.01000020503525164	0.01000001871338174	0.0797626065163804	0.1435732567392092	0.02702382310742189	0.4665050204274646	0.1764136337968448	0.01008304080281869	0.2213416138936083	0.01001772236916738	0.0100369462758095	0.01002265829805566	0.1966039864448808	0.2131196554183972	0.01304930928251313	0.01000006520430377	0.1615041681940134	0.183626033288176	0.01000262681255562	0.08029432086635636	0.1122387899887507	0.08340152186358371	0.06786987534430951	0.04814686113135613	0.01000004787128032	0.01000001498563221	0.01000002708104899	0.01000001789839506	0.01000036907118995	0.01000002512444973	0.01000004328736368	0.01000005042724024	0.01000012269161729	0.01000012473464675	0.01000013016389626	0.1245429553069741	0.1277309541800222	0.01028099638454718	0.01017771465160747	0.01000013923016914	0.1985459466724237	0.1385082429867106	0.1202840497534935	0.01000125724777606	0.01002325951241212	0.009999999182015863	0.01000084351533758	0.1887609094191443	0.01000083572399164	0.0100000933227581	0.01000002888121367	0.010000066035208	0.09278399237634884	-0.1480551560019509	0.1510344799411176	-0.04342524067867032	0.06688908716760253	-0.06246268757168229	0.09967232297955511	-0.01162491972037405	-0.06584965831642366	-0.05317542826290398	0.01437445256460579	-0.03417849435558594	0.01727398698144178	0.01000002220767417	0.01000000855389949	0.01000003331743038	0.01000005512076134	0.01000002958952278	0.01000002950276298	0.01000002649868966	0.09273283570252837	0.01000001193474565	0.01000004406242837	0.1532801027174568	0.2349077708416492	0.3044469415405882	0.3928300668274202	0.01000003817926394	0.01000000817006678	0.01000000207570738	0.3428256073199858	0.2557293425096868	0.19117888384743	0.2008510930024805	0.1744210475152146	0.1400176432277352	0.01000006954429879	0.1745511724975895	0.01000024342518958	0.01000016648629006	0.01000011838550099	0.0100002247690268	0.01000002465939798	0.08704978484799619	0.06832133594583417	0.01000015949406117	0.4935903622209031	0.1778047104456465	0.01000000575379618	0.2330318087110776	0.01000002056822863	0.01000000017158118	0.01000001213492289	0.1920986182100491	0.2023662125254472	0.02136540475802053	0.01000008978238039	0.1679221079024307	0.1812800354223383	0.01000004177155428	0.06047384446155611	0.1091710269305097	0.08406718858600468	0.06569733160061912	0.04876294451248805	0.01000003852783269	0.01000001092170476	0.01000003064801136	0.01000002207328126	0.01000004941097907	0.01000002973166247	0.01000004853460421	0.01000005612968459	0.01000013946858424	0.01000013425144588	0.01000013608124872	0.1138287498138651	0.1072338792951952	0.0100000797981542	0.01000003038398873	0.01000009105293515	0.1778902274453287	0.1232647037074708	0.1013224413353001	0.01000001396651983	0.01000007535993645	0.009999999667866603	0.01000065644855362	0.186051836817278	0.01000124058338063	0.01000012950604341	0.01000004305411007	0.01000009260804767	-0.6313962131965871	-1.290813307751812	4.941447130856167e-14	2.251267708548665e-12
0.1801984549292083	-0.236783044289544	0.06535301379941495	-0.1469449534174695	2.136277280748338	0.9212834000931733	-0.005988785763699894	0.03849809496499458	0.114722550219543	0.4160773935334106	0.6510368944278255	0.1819039430283495	-0.2027951936412895	0.1217295806281522	-0.01549473877462196	0.09043673943029511	0.238147907298486	0.2381479072984885	1.274412334555442	1.274412334555423	0.2400275509229049	0.04133346126762481	3.534626652468997	0.02053750618222733	0.07138468783572284	1.157641158133219	0.2447227224191095	0.2036875135629896	0.5043629193576942	1.381816237502017e-07	0.2159230340560321	0.3971824029969906	1.397752201749556	1.784251272669237	-0.1285389158515587	0.3863691212105475	-0.8515353326321649	1.113866371632117	-4.614316793203455	2.356718585284733	-0.0904287731237727	0.3954503064073425	-0.8731913600683725	-1.104557158465595	4.125282006489703	6.52220769041316	-0.9684059348260551	-1.069264726213547	0.9726606338022284	-0.3955936527456282	4.674902924544157	1.159042306807587	1.159042306807542	2.41350401801064	2.413504018010722	2.140962658844695	1.626676675530978	0.5944593187634798	0.1613874067648274	0.02473787460580558	-5.514182852743058	-2.313910905023796	2.964470573037618	6.426924454882183	0.01129155709682762	0.9774754035426364	4.146823184893999	1.613705512974708	0.9591825378428578	-5.087661497328378	3.953707656919757	0.01000002279493936	0.01000000887821477	0.01000011385078999	0.01000109373808363	0.01000003059751725	0.01000003004189663	0.01000136098125253	0.09550438795842929	0.01000076090232371	0.01000539682233904	0.1477384539279873	0.2247043326031753	0.3006822435902363	0.3859518592862139	0.01005315265653587	0.01004855293961146	0.01000040062220295	0.3452913504507832	0.2551690946079174	0.1872333388366784	0.2024146299240612	0.1758533907399882	0.1409973317438676	0.01000007242917636	0.1700935055129146	0.0100002473888165	0.01000016799180716	0.01002125436122173	0.01000021720042451	0.01000002328372226	0.08437055469835862	0.09984034504326589	0.01898663589519162	0.4761815112152395	0.1772440337658784	0.01004320281236778	0.2271983973074106	0.01000922977150818	0.0100192201789345	0.01001179326385622	0.1943295819375785	0.2081191409820122	0.02013491265479167	0.01000008381913748	0.1650558803576703	0.1823952488626311	0.01000138965025509	0.06808956014564523	0.1106866357900401	0.08362062934099303	0.06626067489859383	0.04736298951785311	0.01000004193323133	0.01000001244830313	0.01000002978580635	0.01000002100690368	0.01000022157719488	0.01000002841739644	0.01000004684806288	0.01000005424350306	0.01000013503463293	0.01000013170966581	0.01000013427210255	0.1191181848813772	0.1172038391831306	0.01014624284602932	0.01009247367863004	0.01000011796652061	0.1888911160508835	0.1305506982439052	0.1099553628598543	0.01000066162635845	0.01001213920040315	0.009999999496176169	0.01000074746493301	0.1874825355977111	0.01000110869112752	0.01000011876190141	0.01000003892110869	0.01000008470613926	0.09713910170557734	-0.1489307300691363	0.146860617068869	-0.05170998265283223	0.06680205255554977	-0.06231615524071945	0.09445596826888371	-0.01247775737423965	-0.06839677872428461	-0.05237363414696503	0.01698946754198542	-0.05138834857021048	0.01359787450936192	0.01000002181517246	0.01000000852552925	0.01000003503093549	0.0100000482026069	0.01000002811686044	0.01000002921706865	0.01000002023028915	0.08977801888179961	0.01000001038429997	0.01000004049293871	0.159390888253503	0.24419465525418	0.3085620923304679	0.3980863847303031	0.01000003847090379	0.01000000756911917	0.01000000167149954	0.3375893593021448	0.2532164264163914	0.1934337236357734	0.1985024004449079	0.1723893253703335	0.1380096648513701	0.01000006694293953	0.1819753127929097	0.01000019887081451	0.01000013036462158	0.01000014896923649	0.01000023440616733	0.01000003079649263	0.09314660999082636	0.01000014209448419	0.01000008903898559	0.5023258548529111	0.1792343565752103	0.01000000469144736	0.2411799022713879	0.01000002287002969	0.01000000085987551	0.01000001372737522	0.1892066157715236	0.1971434622179038	0.03273065294356734	0.01000011416104896	0.1729156953759585	0.1796319321446321	0.01000005300543006	0.04579850958414035	0.1079251906018349	0.08379541725021206	0.06306296811872397	0.04466530221374489	0.01000003332832593	0.01000000882249375	0.01000003419757232	0.01000002602330567	0.01000007042155089	0.01000003359952428	0.01000005226191393	0.01000005998977356	0.0100001548106938	0.01000014285925235	0.01000014061610999	0.1091268705650597	0.09753315822043633	0.01000007876161007	0.01000003000764793	0.01000009767061365	0.168460110838079	0.1149174090776453	0.09019258531337013	0.01000001720839667	0.01000008710075472	0.009999999957487253	0.01000063395111804	0.1847980989267587	0.01000152186593456	0.01000015837335214	0.01000005463096623	0.0100001137671109	-0.6245845785064343	-1.285948936943181	2.768457090008083e-13	2.241236075962267e-12
0.1866341140338229	-0.2424720796109257	0.0726923674536038	-0.1756415769407376	2.151491761485093	0.9206585671411081	-0.003517171805306486	0.03344514629103229	0.1071519128542435	0.4411457583472731	0.6928981947927971	0.1758957554922655	-0.2077256778690849	0.1285432837147661	-0.01817051260501922	0.1196393298981761	0.2455821072814345	0.245582107281434	1.28878638830788	1.288786388307865	0.2533940149003484	0.05177436168819689	3.537586878147565	0.02135223432911881	0.07138791721290867	1.122569132468091	0.2292120676260795	0.2226819324551985	0.5452860894282948	6.939030251672788e-05	0.2228710238271903	0.4239180580627689	1.407309466355506	1.791753096608847	-0.1624413917679287	0.4108318603235862	-0.9124601294453994	1.169409231273326	-4.296714769365185	2.372771789021107	-0.1032250787710665	0.3720280073154317	-0.7023213538154155	-1.251189873090981	3.656858013859771	6.475303593581187	-0.8807809656481292	-0.4594741652921723	1.141931781949181	-0.4397103029137151	4.393990342946431	1.147323822823071	1.14732382282297	2.039716684528736	2.03971668453391	2.008335345090974	1.616309987642548	0.3345163303887293	0.09041839873315653	-0.02488183566680808	-5.370614534268949	-2.501524892901493	2.944679739309628	6.278417282146849	0.00984940858549504	1.196028873733835	4.134651968488924	1.352569848622925	1.309781611041374	-5.424897227661655	3.638830317271625	0.01000002234045019	0.01000000877676901	0.0100000755907077	0.01000058103186366	0.01000002914438868	0.01000002971544146	0.01000070383922518	0.09266938386098773	0.01000039320006331	0.01000277390862326	0.1535838055778131	0.2334550831416407	0.3042414293608678	0.3908302099130702	0.01002715214556142	0.01002478803179308	0.01000020536129941	0.3411088046020287	0.2533889658387267	0.1894916000676021	0.2003087220906297	0.174035751935865	0.1391365538320574	0.01000006956954569	0.1765625176722797	0.0100002141164476	0.01000014243801148	0.01001096872700314	0.01190288930342985	0.01000003060190324	0.08974936540541976	0.06092997961076741	0.0146450266021195	0.4850588489045455	0.1784001094843896	0.01002205517200142	0.2340537126340472	0.01000472302152553	0.01000981129239785	0.01000602680781308	0.1914374900262348	0.2029038131044291	0.03711316317811162	0.01000012055483889	0.1687540540427342	0.1806189920181933	0.01000074380354758	0.05376695165888991	0.1097620316153862	0.08350365947245174	0.06448491915304012	0.04181278991229577	0.01000003656282989	0.01000001022366582	0.01000003302866037	0.01000002475989256	0.01000150227023613	0.01000003246690495	0.01000005077681561	0.01000005816940624	0.01000015046460645	0.01000014017254411	0.01000013899093364	0.1142224800900303	0.1070215215982022	0.01007470191860078	0.01004722248018208	0.01000010833765738	0.1790979070508754	0.1225660599146445	0.09736270572509496	0.01000034811582644	0.01000624547537263	0.009999999768842582	0.01000068430069992	0.1860898390541375	0.01000115995244506	0.01190709368527371	0.01535824643283594	0.01252959789582811	0.1032704666574991	-0.1483972037544213	0.1410302446387942	-0.06033528969017306	0.06594615615903521	-0.06128947105751589	0.08594114975017784	-0.0120365062938458	-0.07184301955729713	-0.05384252019291827	0.01870473144260388	-0.05156888744712874	0.007924666705611684	0.01000002191012489	0.010000008794105	0.01000003626876368	0.01000004504278223	0.01000002721684034	0.01000002950879572	0.01000001742546918	0.08806655135155382	0.01000000937741278	0.01000003821509041	0.1652234796834577	0.2528809343401207	0.3134665573405615	0.4040113916343177	0.01000004172887099	0.01000000766297768	0.0100000018815647	0.3281146777815745	0.2474137489616476	0.1929848236111656	0.1952480136642925	0.1700143794206929	0.1349139183049915	0.01000006628785535	0.1911895565852303	0.01000016297303729	0.01000010346735125	0.01000032520726682	0.01718957247758269	0.01000004452368651	0.1000335550267415	0.01000008791516079	0.01000006957801675	0.5080978711263112	0.181162789378961	0.01000000380543372	0.2504757905564642	0.0100000253848266	0.01000000147475421	0.01000001531893003	0.1844027301980529	0.1913795428069391	0.07589662297783985	0.01000019667638405	0.1760441723831347	0.1760763504176123	0.01000008521545165	0.02789970461763663	0.1089424462821059	0.08296692307775885	0.06159914723543389	0.0273332330717603	0.01000002896268286	0.01000000712726038	0.01000003828153736	0.01000003091473584	0.0100051790925791	0.01000003930318231	0.01000005708238095	0.01000006418577727	0.01000017648735625	0.01000015418883103	0.01000014669875646	0.1056640177510217	0.088532584542326	0.01000008598409391	0.01000003292826198	0.01000009883041816	0.1584475844459879	0.1075392258043037	0.07122805762948323	0.01000002467812865	0.01000011194457021	0.01000000013405353	0.01000060532520832	0.1829417975380554	0.0100009523644902	0.01720574753343523	0.03032135304867491	0.01956432820946149	-0.6169997111203935	-1.666397073942855	4.103122897658548e-13	8.715894212493147e-13
0.1930697731384374	-0.2484764146374457	0.0804362043504409	-0.2021595652310474	2.166834834128252	0.9199615086932297	-0.001208293150899779	0.02939116261983263	0.0985790669861781	0.4630389178937546	0.7342324897876171	0.1707984081327689	-0.2086641796071984	0.136390527543317	-0.02120275763846204	0.1469114365434681	0.2528646498180828	0.2528646498180773	1.300488782850988	1.300488782850975	0.2658185532896805	0.06211541300180237	3.539048557046862	0.02168347021344982	0.07104965537378791	1.088700681345169	0.2125864123376677	0.2416703015294622	0.5850162422563567	0.0001220166531635964	0.2315014084348851	0.4500517058722038	1.415112374360293	1.800307152393388	-0.1980650792988702	0.4330806800624644	-0.9495205447413462	1.239567012195032	-3.937265631195956	2.396680896741001	-0.1128741808108291	0.3448773032129675	-0.5627445261697159	-1.41601197104233	3.138528293401517	6.358431033078303	-0.6853455186151178	0.1713176078229138	1.293852521627862	-0.5063736644638042	4.07496939932382	1.111911946263337	1.111911946263338	1.583236546327003	1.583236546326979	1.848241874439598	1.595646719910153	0.1287582129258198	0.01113325035977341	-0.08138683138110858	-5.140149820955221	-2.660417911593906	2.962590481567783	6.056172299231493	0.006124791756250628	1.500310691944823	3.959738302943465	1.068506777795419	1.286183029218426	-5.622559815788412	3.265691296491333	0.01000002216055202	0.0100000088602466	0.01000005707033671	0.01000032297892681	0.01000002796768362	0.01000002969793136	0.01000037371158885	0.09031158415016918	0.01000020875933513	0.01000146068207154	0.1593813847484093	0.2421062395642948	0.3082503482636587	0.3960298880240319	0.01001414570638432	0.01001289862122201	0.01000010779002498	0.3351471216073215	0.2501621550495208	0.1907087045719119	0.197762822162771	0.1719966650176302	0.1367675393457428	0.01000006781166745	0.1840436371435391	0.01000017953199319	0.01000011621279459	0.0100059113065442	0.01641710006506865	0.01000004112307571	0.09573907610494954	0.0377987861210155	0.01242526757465876	0.4929512523685846	0.1798537654445997	0.0100114748184029	0.2417493357045358	0.01000246979698066	0.01000510472894515	0.01000314294107754	0.1878038448438623	0.1974509832557064	0.06569585199063961	0.01000018016952735	0.1722129740934177	0.1781497284910764	0.01000043682540407	0.03740651040537322	0.1096591317715867	0.08307310508284746	0.06284588466775654	0.0305789829963543	0.01000003169457036	0.01000000826360569	0.01000003669187215	0.01000002908183392	0.01000469603343934	0.01000003734309704	0.01000005515121456	0.01000006223029618	0.01000016901644654	0.01000015006809466	0.01000014439135048	0.1098986802502029	0.09719614666183185	0.01003890523905748	0.01002458251860691	0.01000010410062312	0.1691059317837084	0.1147473258151024	0.08173769523273487	0.01000019502005625	0.01000330956061021	0.00999999999348237	0.01000063839744021	0.1845165622709588	0.01000090097937617	0.01643143681377974	0.02795931671817591	0.0185211002432275	0.1094018316094209	-0.1478636774397064	0.1351998722087193	-0.06896059672751388	0.06509025976252063	-0.06026278687431232	0.07742633123147198	-0.01159525521345198	-0.07528926039030966	-0.05531140623887151	0.02041999534322236	-0.05174942632404696	0.002251458901861372	0.01000002200507736	0.01000000906268084	0.01000003750660409	0.0100000418829625	0.01000002631682023	0.01000002980052281	0.0100000146206548	0.08635508382130808	0.01000000837053462	0.01000003593724373	0.1710560711134124	0.2615672134260615	0.3183710223506551	0.4099363985383321	0.01000004498683838	0.0100000077568364	0.01000000209164353	0.3186399962610042	0.2416110715069038	0.1925359235865577	0.191993626883677	0.1676394334710524	0.131818171758613	0.0100000656327712	0.2004038003775509	0.01000012707526007	0.01000007657008091	0.01000050144529736	0.0243789105489981	0.01000005825088051	0.1069205000626567	0.01000003373583737	0.01000005011704792	0.5138698873997116	0.1830912221827117	0.01000000291942054	0.2597716788415403	0.01000002789962418	0.01000000208963275	0.01000001691048531	0.1795988446245824	0.1856156233959745	0.1190625930121124	0.01000027919171917	0.1791726493903108	0.1725207686905926	0.01000011742547459	0.01000089965113291	0.1099597019623769	0.08213842890530565	0.06013532635214378	0.01000116392977576	0.01000002459703985	0.01000000543202712	0.01000004236550256	0.01000003580616622	0.0100102877636074	0.01000004500684023	0.01000006190284791	0.01000006838178094	0.01000019816401866	0.01000016551840968	0.0100001527814029	0.1022011649369836	0.07953201086421563	0.01000009320657774	0.01000003584887601	0.01000009999022317	0.1484350580538968	0.1001610425309622	0.05226352994559631	0.01000003214786492	0.01000013678838606	0.01000000031062022	0.01000057669929859	0.181085496149352	0.01000038286304577	0.02441133669351834	0.05064265146638364	0.02912854265181211	-0.6094797399212333	-2.566863068425192	4.184926612946371e-13	-2.310877262965659e-12
0.199505432243052	-0.2544881970910134	0.08869575527034256	-0.226267288705532	2.182362138757636	0.9192259051673926	0.0009167170387597778	0.0259639496045264	0.08883382588949131	0.4815050331547298	0.7743618437115046	0.167362949851155	-0.2055327795445081	0.1449917799277744	-0.02479394301371751	0.1720406830037112	0.2598470168339591	0.2598470168339464	1.308821099332924	1.308821099332927	0.2771575069779491	0.07229602082117122	3.53932883582182	0.0215103119971906	0.07032657086863274	1.056521706071882	0.1946743830024636	0.2609245473293183	0.623093080344551	0.0001440606544570409	0.241873156772781	0.474597898467651	1.421095442305422	1.807817028469901	-0.2351290201208353	0.4526447667461811	-0.8894145159539233	1.335449053941872	-3.554081872315789	2.430875749120839	-0.112933769868789	0.3152673770183453	-0.5340385014014546	-1.630880470273204	2.600868560149583	6.060634576285084	-0.351110593608234	0.7958802578030264	1.35058197907014	-0.6283461872743165	3.733638230129974	1.051347236015153	1.051347236015097	0.9531909765306272	0.9531909765254541	1.675688171303003	1.567303509296471	-0.03689958297587879	-0.06113079572492845	-0.1449396037707996	-4.856981878341911	-2.905147885409621	3.026850543686481	5.764796568658737	0.0006377865295691895	1.731991097467012	3.664924012377555	0.7997909640315579	1.033761695713885	-5.883478447333647	2.782291173071604	0.01000002241307803	0.01000000936200972	0.01000004738817987	0.01000018539817689	0.01000002705011056	0.01000003007905032	0.01000019791013713	0.08884846728103507	0.01000011057130742	0.01000076298397234	0.1648578559411611	0.2503197634827444	0.3125632349604328	0.4014904120027861	0.01000724479796319	0.01000658797444162	0.01000005638882259	0.3269004353448353	0.2449665095383962	0.190178707480454	0.194632496236432	0.169605042466316	0.1337633962217619	0.010000067718675	0.1922751570478029	0.01000014888878943	0.01000009337963329	0.01656667578844626	0.03361317964884721	0.01000009226495785	0.1020171844324778	0.02472619720076316	0.01124221124332794	0.499275655678815	0.1812991198477154	0.01000585831829473	0.2495291421044365	0.01000127479666311	0.01000260663843178	0.01000161272484143	0.1827073587327143	0.1911199094973074	0.09109686823362569	0.01969286205707414	0.1743367492077549	0.1742127435742983	0.01000030464581325	0.02451160661816705	0.1104383392335483	0.08242323728178599	0.05582046511007707	0.0208024206665625	0.01000002745569894	0.01000000659472934	0.01000004165092732	0.01000003506259616	0.02805764942384124	0.01000004299704905	0.01000006062785729	0.01000006724515517	0.01000018956258267	0.01000016036895359	0.01000015085310692	0.1054999122898817	0.08817330977923338	0.01001991157457347	0.01001256813548741	0.01000010326411679	0.1592048901590232	0.1071715320806653	0.06375841227462931	0.01000012028646616	0.01000177497233097	0.01000000025347356	0.0100005904508266	0.1825252999720798	0.01000061902280792	0.03302340853488484	0.0578853002612929	0.03859505208582076	0.1163721351191664	-0.1456553101474368	0.1275786109801958	-0.07719696821501684	0.063444504127342	-0.05876869649118647	0.06594162761161539	-0.01003609376947855	-0.07927192868046072	-0.05632287697468899	0.02079909649053641	-0.05370667837100633	0.0009241622917998721	0.01000002324441316	0.01000001058113037	0.01000003711361849	0.01000004202263223	0.0100000259044395	0.01000003104834549	0.01000001462356987	0.08737955243413205	0.01000000805943814	0.01000003526363139	0.1754661353486677	0.2682380605247011	0.3233832543815595	0.4161614483092084	0.01000005373996012	0.01000000885381746	0.01000000339717177	0.3028712646353981	0.2302278831296333	0.1864602160512498	0.1871575546343505	0.1641942618460342	0.1271431172057439	0.01000006930481269	0.210479931135029	0.01000010836405383	0.01000006365365517	0.03492546087607384	0.07655034736263437	0.01000021948925774	0.1136825658089177	0.01000002546920279	0.01000004342084605	0.5139073132131889	0.1841168781565949	0.01000000205713403	0.2668464400325027	0.01000002974690679	0.01000000216772124	0.01000001768900813	0.1698025867730273	0.176209105220394	0.1275465768185104	0.04693583927590853	0.176450099091441	0.1638268992685554	0.01000020865156798	0.01000059555497461	0.112886277455596	0.08108996485184668	0.03615261332732966	0.01000070142953068	0.01000002171553679	0.01000000436628511	0.01000005059171083	0.01000004594548291	0.07945045114846008	0.01000005217936993	0.01000007009068752	0.01000007593620527	0.01000022183225767	0.01000017583906329	0.01000016165930388	0.09695015085683636	0.07310140821662824	0.01000011838318558	0.01000004580121436	0.0100001044244454	0.1394616798306811	0.0934339399217053	0.03113201588650427	0.01000005102115892	0.01000020737369646	0.01000000070556191	0.0100005097971252	0.1777027270862045	0.01000027613958391	0.07415825557457593	0.1290144771961863	0.08813987917745442	-0.601419731087272	-4.913181532284966	2.816520719948659e-13	-4.542059643513664e-12
0.2059410913476666	-0.2595467404013055	0.09773084160685155	-0.2478979076464737	2.198151208685234	0.9185438703070836	0.002846505051969189	0.02210919189706768	0.07735092765303879	0.4965246667970935	0.8115731756645821	0.1666804287463146	-0.1984966402926933	0.1534066463735384	-0.02953100013764865	0.1949583700458581	0.2663114039523021	0.2663114039522889	1.312075507099131	1.312075507099148	0.2873886792093842	0.08227758275925381	3.538634837306083	0.02094573483488432	0.06916331009130622	1.026224559856016	0.1752052782150489	0.2807048757084403	0.6590608728244646	0.0001290931068081349	0.2539114085035744	0.497178793657818	1.425521921364021	1.813434270632257	-0.2736353192070891	0.4684815953864476	-0.6532838646160261	1.480578976012014	-3.167459620678996	2.47802930042484	-0.0962267283321232	0.2842084041831336	-0.6956119371110842	-1.956021039364014	2.06747043735545	5.451601779864033	0.1701805847228913	1.384787470500447	1.235929646331991	-0.8624744875349948	3.387686440862008	0.9509401274540663	0.9509401274540363	0.005182572601480909	0.005182572601480861	1.503978315427206	1.533789534213887	-0.1740164601588185	-0.1105074201706594	-0.2181797424880833	-4.555336663856108	-3.144307881870408	3.12608036585606	5.400747401475973	-0.005377231563509517	2.018207417146201	3.348985814143606	0.584768015109891	0.6980120636973313	-6.070799301998526	2.107376978779575	0.01000002315877581	0.01000001037187601	0.01000004234844824	0.01000011664534583	0.01000002638501426	0.01000003089331634	0.01000010996963248	0.08846953045559332	0.0100000612987896	0.01000041363377165	0.1698793821801592	0.2579172540869064	0.31709887580265	0.407176885967341	0.01000379698168302	0.01000343162107157	0.01000003132861049	0.3160582829177456	0.2375001451663646	0.1875233241543565	0.1908402766047433	0.1667928869411583	0.1300600313047717	0.01000006950730957	0.2011307393602775	0.01000012420876201	0.01000007550249492	0.03195590655014285	0.06648885298711789	0.01000019842902527	0.1084444110095574	0.01775713153723311	0.01064683022136948	0.5036739139316077	0.1825800260449297	0.01000304824271063	0.2569988989542785	0.01000067793645941	0.01000135703182164	0.0100008476418006	0.1757582847214832	0.1835617603482608	0.1082911828119447	0.04225796989654126	0.1745676014471858	0.1683957364870826	0.01000028411658597	0.01764277684177546	0.1121243146318612	0.08159669264108357	0.04076961432090168	0.01567024787301588	0.01000002389519089	0.0100000052272776	0.01000004824278695	0.01000004312165283	0.06937327961530726	0.01000004940993067	0.01000006745945742	0.01000007352919652	0.01000021166903089	0.01000017067970496	0.01000015852236431	0.1007080657105718	0.08016921634485165	0.01001042195654482	0.01000656273747545	0.0100001050617369	0.1495524410008842	0.09987615860003639	0.04376991255564096	0.01000009233437336	0.01000104258883979	0.01000000058090841	0.01000053303091782	0.1799915243200191	0.01000042464127133	0.0645202290129884	0.1076851410905529	0.07579630635298575	0.1233424386289118	-0.1434469428551672	0.1199573497516723	-0.08543333970251979	0.06179874849216337	-0.05727460610806064	0.05445692399175881	-0.008476932325505079	-0.0832545969706118	-0.05733434771050649	0.02117819763785043	-0.0556639304179657	-0.0004031343182614942	0.01000002448374895	0.01000001209957983	0.01000003672063617	0.0100000421623112	0.01000002549205879	0.01000003229616817	0.01000001462649648	0.08840402104695598	0.01000000774836159	0.01000003459002332	0.179876199583923	0.2749089076233404	0.3283954864124637	0.4223864980800849	0.01000006249308228	0.0100000099507992	0.0100000047027266	0.2871025330097919	0.2188446947523627	0.1803845085159418	0.182321482385024	0.1607490902210159	0.1224680626528749	0.01000007297685415	0.2205560618925069	0.01000008965284763	0.0100000507372295	0.05985042030685025	0.1287217841762706	0.01000038072763415	0.1204446315551786	0.01000001720256813	0.01000003672464415	0.513944739026666	0.1851425341304781	0.01000000119484843	0.2739212012234652	0.01000003159419241	0.01000000224581285	0.01000001846753394	0.1600063289214722	0.1668025870448134	0.1360305606249084	0.0838713993600978	0.1737275487925713	0.1551330298465182	0.01000029987766461	0.01000029145881632	0.1158128529488151	0.0800415007983877	0.01216990030251556	0.01000023892928562	0.01000001883403379	0.01000000330054321	0.01000005881791908	0.01000005608479959	0.1488906145333128	0.01000005935189959	0.0100000782785271	0.0100000834906296	0.01000024550049666	0.01000018615971689	0.01000017053720486	0.09169913677668907	0.06667080556904083	0.01000014355979343	0.01000005575355277	0.01000010885866774	0.1304883016074653	0.08670683731244845	0.01000050182741225	0.01000006989446183	0.01000027795900742	0.01000000110050387	0.01000044289495181	0.174319958023057	0.01000016941612209	0.1239051744556335	0.2073863029259889	0.1471512157030967	-0.5933014362705393	-8.671071331364534	-8.416898177103952e-14	-5.271214176166414e-12
0.2123767504522812	-0.262485710067436	0.1078657971116528	-0.2670613253741557	2.214285250186138	0.9180270177247347	0.004574563289798009	0.0165940211603197	0.06337770825777003	0.508160992673739	0.8437920743749759	0.1699683323259514	-0.1878211444850308	0.1605140547074682	-0.03618775860427617	0.215662908514249	0.2720171059773159	0.2720171059773138	1.30805678006519	1.308056780065242	0.2964957421202112	0.09200766038547266	3.537143378912496	0.02014892227318745	0.06749549655220762	0.9978756536949235	0.1539048227310496	0.3011374749224695	0.6923472344474066	8.161417509834214e-05	0.2675939941817481	0.5177549990268487	1.428722800914167	1.816891677210715	-0.3136558332073359	0.4790533641017973	-0.2589148199681623	1.671906254802447	-2.790529613262363	2.536736331440024	-0.0641037785727134	0.2531032978668997	-1.018871767729545	-2.392987279779011	1.549484838764996	4.549355793528358	0.8616359442070116	1.930560453000367	0.975090994126636	-1.213010104092483	3.049504772385094	0.8160234735390575	0.8160234735404086	-1.280273215878576	-1.280273215881956	1.317750173798356	1.48598593404629	-0.2846413860825242	-0.1378252117898052	-0.3007692442407304	-4.25917036955005	-3.479722964157681	3.209169440682722	4.919031226540969	-0.008619984902659666	2.248340129832158	3.023376604431741	0.4155790310253825	0.4024826101547342	-6.356095465675193	1.13389975832118	0.01000002470134393	0.01000001108474809	0.0100000397308322	0.01000008053732447	0.01000002682794696	0.01000003294332184	0.0100000638913802	0.08957842274413051	0.01000003503270997	0.01000022823038601	0.1739526315821502	0.2643956849046797	0.32175127283125	0.4124606375043988	0.01000197281523096	0.01000175702842006	0.01000001883655526	0.3021366193896239	0.2275742055956065	0.1824060708301733	0.185949810183091	0.1632236968895222	0.1257004482985913	0.0100000723638535	0.2100558020684504	0.01000010567155651	0.01000006258815169	0.04771434260671682	0.09888307592582223	0.02703384282391248	0.1146194174244978	0.01400273930993384	0.01033048032362684	0.5057948175581387	0.1828555674169635	0.01000155623980814	0.2630312147475212	0.01000036152393771	0.01000069358379887	0.01000044153526332	0.1666148225279968	0.1743390941678412	0.1203155300718253	0.06639831419041921	0.1719019447736169	0.1602511353023645	0.01000055534229594	0.01394322842036517	0.1142597313375304	0.08072233719060967	0.02710617306820001	0.01291755573521042	0.01000002113381874	0.01000000422357904	0.01000005582912453	0.01000005150576401	0.1047191495545115	0.01000005777572534	0.01000007756049414	0.01000008326322947	0.01000024096321675	0.01000018601329642	0.01000017240906288	0.09551011949588116	0.06753549004905404	0.0100054117990171	0.01000338504971541	0.0100001126351254	0.1359243594545715	0.09285323370045932	0.02802166042113412	0.01000008847700876	0.01000071704195586	0.01000000112644459	0.01000047869111788	0.1771762793965578	0.01000029142942278	0.09177621956683299	0.1507182462927662	0.1081198311371148	0.1297512698010672	-0.1373927008184971	0.1111438942185628	-0.09312610891058014	0.05835069187420645	-0.05560307297722569	0.01007614721400785	-0.006946452101635782	-0.08732767990176962	-0.05747047787400432	0.02114918929662463	-0.05690589408102461	0.002165645267156274	0.01000002785469969	0.01000001159815195	0.01000003723963068	0.01000004350893488	0.01000002881098551	0.01000003743692376	0.01000001688712862	0.093333396922276	0.01000000756334951	0.01000003522075281	0.1809189743653728	0.2775533208805799	0.3332682030821611	0.4252890887571782	0.01000007810359619	0.01000001208804299	0.01000000675181988	0.2638467269041501	0.2022220240871922	0.168490099729272	0.174047522680798	0.1548656609770933	0.1166458064790017	0.01000007734355799	0.2291562679758266	0.01000008354544973	0.01000004775838726	0.07093610124333596	0.1513433606997395	0.07545184004895825	0.1257135235121357	0.01000001490034271	0.01000003579327689	0.5078126435031094	0.1816842840812277	0.01000000026005499	0.2742696652339757	0.01000003167295973	0.01000000157260218	0.01000001785228886	0.1450956088039122	0.1529839738247226	0.1382533593149219	0.1052591461687785	0.1623046438455834	0.1407383786580079	0.01000129359375164	0.01000022884193429	0.1185229639721218	0.07919427397803433	0.01108515693718992	0.01000017578271547	0.01000001776469999	0.01000000307269622	0.01000006790255796	0.01000006376910223	0.1524005794532575	0.01000007254489164	0.01000009639593138	0.01000010180742096	0.01000029351082424	0.01000021540437469	0.01000020072298656	0.08564792490694333	0.03833637775837655	0.01000022585067582	0.01000008571424454	0.01000013040854215	0.1022833773153974	0.08046332166738801	0.01000033318784643	0.010000096777499	0.01000046197725756	0.01000000219847642	0.01000040438609552	0.1711570506507964	0.0100001382658468	0.1289045137455826	0.2173753632933368	0.154087665429981	-0.6962704860342191	-11.1497854598122	-2.18018850414626e-13	-3.721653178305355e-12
0.2188124095568958	-0.2628646363112314	0.1192872975747381	-0.2838492067250627	2.230812827433423	0.9177225155252595	0.006107955068308663	0.008987986758222792	0.04646543444127067	0.5164782579362894	0.869979294284663	0.1779000437959445	-0.1736768674821021	0.1659864697565117	-0.04523122789011297	0.2342464989812791	0.2767350443822049	0.2767350443822088	1.295259513868556	1.295259513868642	0.3042409746694061	0.1013523609861804	3.535033429913325	0.01916262458183639	0.0652837100827324	0.971344722451717	0.1303584697322005	0.3218237356252082	0.7220589971120583	2.789564257425201e-05	0.2830362582619476	0.5358095190380182	1.430943238298044	1.818949943228977	-0.355315107507185	0.482508809494506	0.1422969389795454	1.880396597073433	-2.429217789765353	2.600327806336059	-0.03023492258015024	0.2237122043935345	-1.345386461155818	-2.869386515252963	1.03601101258174	3.577146124962441	1.613329706402705	2.462775332204478	0.727825268101512	-1.604188981471623	2.728562652423672	0.6439743263726234	0.6439743263726313	-2.722910702191957	-2.722910702192102	1.080764363431837	1.414026501596958	-0.3662238458657668	-0.1693934262126449	-0.3872293835212119	-3.990367360961545	-3.842262042243347	3.204910360711725	4.289874715620691	-0.00731630243707886	2.56505999988185	2.565325489626788	0.2800774933454018	0.2632032781206902	-6.580074349692675	-0.1041520031789652	0.01000002715767092	0.01000001119075677	0.01000003868078861	0.01000006314785963	0.01000002870819684	0.01000003653797165	0.01000004197123886	0.09234855729152139	0.01000002180104225	0.01000013580042489	0.1768276401518626	0.2694797796752634	0.3264612006003642	0.4169723438154858	0.01000106809817613	0.01000092040125638	0.01000001361168311	0.2848234115261638	0.2150665089079794	0.1746279242507457	0.1797254670863018	0.1587219269379363	0.1207059768029274	0.01000007597511991	0.2187753114554947	0.01000009334631548	0.01000005463921005	0.06090480526024658	0.125660154430525	0.0660955812048795	0.1203618312832921	0.01208879709010204	0.01017197516261817	0.5054137720330329	0.1816896972522338	0.01000080941643759	0.2670162615433564	0.01000020328274597	0.01000036136699487	0.01000023807907228	0.1550803648968089	0.1632085732127942	0.128077397232899	0.08840026314241173	0.1657906565450634	0.1495255850453349	0.01000118764197462	0.01205772795506917	0.1166301938809313	0.07985880807477322	0.01925639358460963	0.01152122902850786	0.01000001921806602	0.01000000360762308	0.01000006416425846	0.01000005954013596	0.1249285665230444	0.01000006855397778	0.0100000916678195	0.01000009728661238	0.01000027961104566	0.01000020829913109	0.0100001944414483	0.08990057924161871	0.04738195135338415	0.01000294660873161	0.01000181040960534	0.01000012719345328	0.1159781801472253	0.08609674930172441	0.01952235620117932	0.01000009998264396	0.01000064615767026	0.01000000194806882	0.01000043226303857	0.1742164097712263	0.01000020922422044	0.1083973234649317	0.1784415747609593	0.1283712180468867	0.1361601009732225	-0.1313384587818268	0.1023304386854533	-0.1008188781186405	0.05490263525624951	-0.05393153984639071	-0.03430462956374317	-0.005415971877766558	-0.09140076283292745	-0.05760660803750216	0.02112018095539887	-0.0581478577440835	0.004734424852573877	0.01000003122565041	0.0100000110967241	0.01000003775862552	0.01000004485556791	0.01000003212991221	0.01000004257767933	0.01000001914777985	0.09826277279759603	0.01000000737836989	0.01000003585149123	0.1819617491468226	0.2801977341378193	0.3381409197518585	0.4281916794342715	0.01000009371411134	0.0100000142252889	0.01000000880094842	0.2405909207985082	0.1855993534220217	0.1565956909426022	0.1657735629765721	0.1489822317331708	0.1108235503051285	0.01000008171026183	0.2377564740591464	0.01000007743805177	0.01000004477954492	0.0820217821798217	0.1739649372232084	0.1409032993702831	0.1309824154690928	0.01000001259811728	0.01000003486190963	0.5016805479795529	0.1782260340319772	0.009999999325265005	0.2746181292444863	0.01000003175173437	0.01000000089939814	0.01000001723705122	0.1301848886863523	0.1391653606046317	0.1404761580049355	0.1266468929774593	0.1508817388985955	0.1263437274694976	0.01000228730983888	0.01000016622505226	0.1212330749954285	0.07834704715768095	0.01000041357186426	0.01000011263614532	0.01000001669536624	0.01000000284484933	0.01000007698719677	0.01000007145340482	0.1559105443732022	0.01000008573788365	0.01000011451333562	0.01000012012421229	0.01000034152115181	0.01000024464903248	0.01000023090876823	0.07959671303719758	0.01000194994771226	0.01000030814155846	0.01000011567493661	0.01000015195841654	0.07407845302332947	0.07421980602232758	0.01000016454828064	0.01000012366053955	0.01000064599550916	0.01000000329644916	0.01000036587723922	0.1679941432785359	0.01000010711557147	0.1339038530355317	0.2273644236606848	0.1610241151568653	-0.9327538211891871	-11.68628418242821	8.478292352497363e-14	2.117254700522864e-12
0.2252480686615103	-0.2608489335382906	0.1320511458450494	-0.2984001800647863	2.247754198802546	0.9176217115163166	0.007463236268585595	-0.0005236939352453178	0.02649683853123952	0.5215101833915612	0.8899978258508346	0.1906387610680349	-0.1561014947141407	0.1701194102755033	-0.05677742196512182	0.2508601279276986	0.2802581530133741	0.2802581530133665	1.273000339622255	1.2730003396223	0.3102969769452649	0.1101743671942586	3.532491770526524	0.01791988712347152	0.06251147872550046	0.9464798940898397	0.1041778542354658	0.342156629167358	0.7473704477646791	7.940712468640431e-08	0.3005435295288806	0.5502565407304192	1.432302077370555	1.820481380505186	-0.3985721778020145	0.4774221284746032	0.488861529963211	2.08112645340532	-2.108120232166803	2.664346746109069	-0.001073956851086572	0.1990244818793754	-1.615713204899305	-3.331814911529329	0.5404788005243897	2.632344057255739	2.331074321325863	2.998191124828788	0.5511707509129283	-1.97994799173906	2.447225932889276	0.4500791277214899	0.4500791277203263	-4.192762723473528	-4.192762723470715	0.8010184112705486	1.325982660900724	-0.4205490587330122	-0.2156571270868336	-0.4731511260354702	-3.738165804749512	-4.298863013914244	3.103430358353204	3.571456801479598	-0.001418994764923332	2.88815821719319	1.875024226979672	0.1341866419047326	0.2200882711268434	-6.853333399954721	-1.470005583412293	0.01000004559057742	0.01000024459220485	0.01000004016660227	0.01000005523038121	0.01000003090011138	0.01000004803357557	0.01000003210994597	0.09633760778180508	0.01000001449801045	0.01000008646683949	0.1784643444674142	0.2731785445397233	0.3291193921206331	0.4190418983306415	0.01000059773022627	0.01000047801104601	0.0100000120979268	0.2642715885203238	0.199772291720153	0.1648374014011959	0.1720247332427066	0.15348678191458	0.115829537116123	0.01000015005781654	0.2263406905025573	0.01000008613786755	0.01000004916461023	0.07252579494655402	0.1494819202233627	0.09721297455608995	0.1249823094602845	0.01106935076431495	0.01008782074090973	0.5009667128411316	0.1787896515463617	0.01000041257841408	0.2678460757722134	0.01000011869645378	0.01000018466324073	0.010000129566169	0.1392867501616366	0.1463150568821767	0.132028571537215	0.1051907342833283	0.1562081814668328	0.1343952124764133	0.02073256561113529	0.01105346746657406	0.1188750745372428	0.07921402106933841	0.01478635465128482	0.01077820488606415	0.01000001794266283	0.01000000331333218	0.01000016832123276	0.01641007493567884	0.1381996486970868	0.01000009814855915	0.01000012944631036	0.01000013177470989	0.01000038107873805	0.01000025449674896	0.01000023451611615	0.07734459782060588	0.03003679947396752	0.01196802857492356	0.01000191469612545	0.01000014782365331	0.09113335516062451	0.07577462733393274	0.01492556132569398	0.01000016162806967	0.01000088887590938	0.0100000030680001	0.01000039738741065	0.1716848167329658	0.01000015498367363	0.1198327076066173	0.1985313770793067	0.142706213577709	0.1420280670057325	-0.1215970574074543	0.0921980669560694	-0.1081626762593475	0.05033601465867889	-0.05249519180964059	-0.05523413729793122	-0.005807140103751703	-0.09588441736427783	-0.05719408081874616	0.02116873189700328	-0.05690460714608113	0.005424259906401451	0.010000093227188	0.01000089144590332	0.01000004506426796	0.01000004876993217	0.01000003407854979	0.01000007477786238	0.0100000240974993	0.104668937949713	0.01000000646571569	0.01000003433937446	0.1803359859238081	0.2799734427261679	0.3311186179903344	0.4193880209803328	0.01000011885390576	0.01000001894395139	0.01000001197426308	0.2123079085984327	0.1633640898478491	0.1428960645318591	0.1542965644016901	0.1422642487921598	0.1071963596187165	0.01000035049359069	0.2409890664733861	0.01000007962460355	0.01000004233752421	0.09130086582220115	0.1941404501105833	0.1338683046116549	0.1321712930259765	0.01000001396627174	0.01000004189503451	0.480633942029062	0.1704719939051422	0.009999998430646667	0.2647278180516431	0.01000002945579469	0.01000000004134679	0.01000001575137261	0.1023110837105267	0.103724706177371	0.1354484629112516	0.1287579409094348	0.1328260667525539	0.0988722182431402	0.05094169563913604	0.01000014333047437	0.1227892253781047	0.07840847849434746	0.01000030652997587	0.01000008956279116	0.01000001654318346	0.01000000314330513	0.01000044609735069	0.03433826613045124	0.1590669139986328	0.01000016561608086	0.01000021480111709	0.01000020801827561	0.01000060986419773	0.01000035175395834	0.01000031470677651	0.04480374039739477	0.01000107205890654	0.01743089719605077	0.01000363781694487	0.01000018403492536	0.04203929308980231	0.0521593956482991	0.01000012735579972	0.01000031241573497	0.01000156160739626	0.01000000503039004	0.01000035692130694	0.1673370674344601	0.01000009108538693	0.1376532944218584	0.2348765653388296	0.1662996857350047	-1.10367700508555	-11.14613372766742	-1.053578305352109e-13	5.078095167812511e-12
0.2316837277661249	-0.2565113135745542	0.1460087691106763	-0.3111811212834726	2.265104298201771	0.9177089217673576	0.008689716100466666	-0.01187490533592246	0.003637331210932533	0.52359873273336	0.9037112301366244	0.2077188535086355	-0.1350978495283828	0.1730113665561074	-0.07066355969114113	0.2659102288328893	0.2825176316540536	0.2825176316540424	1.241315994357126	1.241315994357129	0.3145481533280517	0.1183990106950129	3.529660242274189	0.0164016747038074	0.05920832551683388	0.9232125046017075	0.07496188664045515	0.361634061449809	0.767968250951194	8.461462713756079e-06	0.3203716836415936	0.5593086198816115	1.432567166502112	1.821877619632045	-0.4434039271880626	0.4636731407335022	0.8638756156179188	2.251384238193598	-1.879147597162598	2.727347595092674	0.02819398316631225	0.1836847988786661	-1.917054623583127	-3.767790660916427	0.1213024906720129	1.617711301442116	2.962492270313258	3.528174341256978	0.3421664822653268	-2.331369714001376	2.242667418895804	0.2512779551487451	0.251277955148725	-5.651956776815152	-5.651956776815209	0.5198813637294252	1.228385000919961	-0.4563059528122335	-0.2550023612955077	-0.5522231605356819	-3.493933709510072	-4.785553797182515	2.939059964721786	2.825021656535724	0.003932985529293049	3.286317235127544	0.8887473996969452	-0.05982551324960582	0.2211879551361018	-7.06943497862689	-2.796123899805428	0.01000008579749922	0.01000080131408037	0.01000004456095594	0.0100000532260584	0.01000003297044491	0.01000006987657454	0.01000002965070588	0.1013426553907411	0.01000001038869028	0.01000006103279111	0.1788334819918847	0.2754865822356825	0.3285190939378829	0.4176665442897998	0.01000037499956966	0.01000025907014997	0.01000001292663048	0.2405455532641995	0.1815541653014426	0.1533742007484188	0.1627668149728822	0.1476215502161543	0.11144662124199	0.01000032144475906	0.2322594097697555	0.01000008362469842	0.01000004520558306	0.08289643342780836	0.1711541718559501	0.1106508140253201	0.1281543015795339	0.01055673639365055	0.01004570925242907	0.4914625563567855	0.1739919829431866	0.01000021361904562	0.2648798981573348	0.01000007523605818	0.01000009584108982	0.01000007454178896	0.1181473582836549	0.1213979832297141	0.1322710265720313	0.1153753414992318	0.1430983540873683	0.1138022781101278	0.04565802303179348	0.01054851573586983	0.1208253754868749	0.07888187104861927	0.01249943792690154	0.01040509738676772	0.01000001722860441	0.01000000331527467	0.01000040489208465	0.03144638013749107	0.147149142154628	0.01000015287305493	0.01000019846465981	0.01000019295315819	0.01000056594457216	0.01000033113360444	0.0100002964421069	0.05439405397064797	0.0206075155541852	0.01663195924491302	0.01000372709581128	0.01000017417430079	0.06208551972839151	0.0599575610886992	0.01257235808098384	0.01000028679832693	0.01000146788144513	0.01000000449479145	0.01000037546549416	0.1698791679255005	0.01000011983927676	0.1279002629778936	0.2134575919158344	0.1531371119371018	0.1478960330382425	-0.1118556560330818	0.08206569522668553	-0.1155064744000545	0.04576939406110828	-0.05105884377289049	-0.07616364503211921	-0.006198308329736777	-0.1003680718956282	-0.05678155359999015	0.02121728283860766	-0.05566135654807877	0.00611409496022918	0.01000015522872561	0.01000177179508234	0.01000005236991053	0.01000005268429842	0.01000003602718741	0.01000010697804546	0.01000002904723111	0.11107510310183	0.01000000555308176	0.01000003282727137	0.1787102227007935	0.2797491513145163	0.3240963162288104	0.4105843625263937	0.01000014399370256	0.01000002366261701	0.01000001514758533	0.1840248963983571	0.1411288262736764	0.129196438121116	0.142819565826808	0.1355462658511487	0.1035691689323045	0.01000061927691956	0.2442216588876258	0.01000008181115535	0.01000003989550354	0.1005799494645806	0.2143159629979582	0.1268333098530264	0.1333601705828604	0.01000001533442653	0.01000004892815958	0.4595873360785714	0.1627179537783072	0.009999997536038053	0.2548375068587999	0.01000002715986858	0.009999999183312305	0.01000001426570978	0.074437278734701	0.06828405175011026	0.1304207678175678	0.1308689888414103	0.1147703946065123	0.07140070901678282	0.09188110396843324	0.01000012043589649	0.1243453757607808	0.07846990983101394	0.01000019948808747	0.01000006648943701	0.01000001639100079	0.01000000344176118	0.01000081520750466	0.05867646080749761	0.1622232836240634	0.01000024549427805	0.01000031508889856	0.01000029591233895	0.01000087820724364	0.0100004588588842	0.01000039850478478	0.01001076775759199	0.01000019417010082	0.02486148625054309	0.01000715995895347	0.01000021611143419	0.01000013315627518	0.03009898527427061	0.01000009016331882	0.01000050117093039	0.01000247721928352	0.01000000676433126	0.01000034796537464	0.1666799915903842	0.01000007505520238	0.1414027358081851	0.2423887070169743	0.171575256313144	-1.160119004472982	-9.963583160691897	-1.412834981394897e-12	1.515316168948208e-12
0.2381193868707395	-0.2496194419584294	0.1608565304462307	-0.3229103374692461	2.282846741812689	0.9179859275729814	0.009859816423527085	-0.02527540050193405	-0.02178437677905331	0.5234022565816314	0.9106123042353936	0.2283758268682465	-0.1106687908531034	0.1743625499092055	-0.08661560147880802	0.2799783893036816	0.2836298885120685	0.2836298885120577	1.200405895636714	1.200405895636713	0.3170412047777736	0.125946114426244	3.526607685459536	0.01467998065632507	0.05544383193838377	0.901493018838265	0.04224905607832029	0.3798294667836838	0.7837507228977882	3.999073236868812e-05	0.3424971726164238	0.5608057525718523	1.431565364755762	1.823413545840237	-0.4898752445045758	0.441819736212675	1.245968002910998	2.325808846420544	-1.788819087727156	2.78327116657044	0.05511535556958674	0.1827230937131393	-2.201155231272051	-4.065888337533055	-0.1420556099927279	0.5477494644578923	3.389714532791875	4.086040088197953	0.0979752463344056	-2.572334567030101	2.148733843745747	0.1382589650844097	0.1382589650798758	-7.025413183130772	-7.025413183134165	0.2542001238521217	1.109037179295218	-0.4953126734733819	-0.2821826529070467	-0.6101346332449218	-3.255898527020418	-5.399672937589088	2.703101883942767	2.083496345389654	0.005346154644782883	3.566180567736968	-0.5032646244319683	-0.2394264480605015	0.2597932227461308	-7.38724053173887	-3.93953108862505	0.0399383690391549	0.05868210974215293	0.01000005243349408	0.0100000555584737	0.0147572411609596	0.03213360307504646	0.01000003215921477	0.1053705542946647	0.01000000757354862	0.01000004534269416	0.1777247273378116	0.2761693329880974	0.3261788597474187	0.4130144054764989	0.01000026854894919	0.01000014532080405	0.01000001480332619	0.2122579058579128	0.1626846850604468	0.1424615496195686	0.1529619589740766	0.1426655737326333	0.1094327513209782	0.03222313479304454	0.2360840729251603	0.01000010778830149	0.01000011356714035	0.09545247718061342	0.1900626980168875	0.1240662583422237	0.1292616479282801	0.01028440583880507	0.01002336342250603	0.4723759995589177	0.1690712640964422	0.01000010761871477	0.2570708716804008	0.01000005178990724	0.01000004863773902	0.01000004527255239	0.09256879957615496	0.09264734021494352	0.1298999909172052	0.1214347037613349	0.1273760248664029	0.08897137723646126	0.06866624827352268	0.01028025175554697	0.1224585978215358	0.07900771008549699	0.01128039911479982	0.01020692060283719	0.01000001690065339	0.01000000357401554	0.03118144053247175	0.06150801072955218	0.1519678204765089	0.0251077006313733	0.02265400629380777	0.02190466675797427	0.01752113111305412	0.01708066191256571	0.01533271310389345	0.03399535401386657	0.01549497915634474	0.02646808126823812	0.02283565749320577	0.01222941747150682	0.03839609390353288	0.04391688093773463	0.01131784059445782	0.0223359230630993	0.01249328794537416	0.01000000609490923	0.01000041042314468	0.169249813559232	0.01000009440616049	0.1332327647919322	0.224142815448189	0.1603527878234787	0.1518678051413032	-0.07579238309816751	0.07292804307947932	-0.1221719663716592	0.02751368371914674	-0.0499325911703836	-0.08792627726596783	-0.005132342979500406	-0.1046552606534457	-0.05517575790159467	0.02124441255075226	-0.05158967867527097	0.006514314446408201	0.1267820996511223	0.2041487210933736	0.01000006764080991	0.01000006248026107	0.02803029565514463	0.09555143118997311	0.01000003962122699	0.1107443242893386	0.01000000386463427	0.01000002573257218	0.1735019560672419	0.2754057422606496	0.3191703990861626	0.3959234648491113	0.01000016905006042	0.01000002932122528	0.01000001812439869	0.1436588816528814	0.1250223240889398	0.1229456790601807	0.1333148050567251	0.1348503733066817	0.1092512127351467	0.09590552158008944	0.2416275273519849	0.01000017628219584	0.01000030749587326	0.122058541612398	0.2260273447490109	0.157275636054741	0.1287040571803388	0.01000001829955698	0.01000007476126878	0.40044954421185	0.1599353318744026	0.009999996739238803	0.2318815727232858	0.01000002750230953	0.009999999628236384	0.01000001517264655	0.04221874606526762	0.03914209184998315	0.1229436343150719	0.1293260011181016	0.09479158509372938	0.04070048279541029	0.1003542255647691	0.01000011258159627	0.1251966652936833	0.07977389208860008	0.01000016216630776	0.01000005515567515	0.01000001670067382	0.0100000041839717	0.09177922808012691	0.1298418575754434	0.1567247959265652	0.06792295603770564	0.05838025433195965	0.05547682388972636	0.0385899826951679	0.03690331129929422	0.03022316837334131	0.01000551149142434	0.01000014217297338	0.04761477733024442	0.05907222561963427	0.01842638670249226	0.01000008864541456	0.02004980261508796	0.01000007754122816	0.057146841256072	0.01942201187190153	0.01000000860842804	0.0100005305647716	0.1696297723245359	0.01000006182624194	0.1406912500819394	0.2427070355318475	0.1714043919456699	-1.233840957669331	-8.467916501457937	-2.236131679341363e-12	-4.98317847533218e-13
0.2445550459753541	-0.2408850807844365	0.1754684582515219	-0.334500282696603	2.300887820241596	0.9183826068341541	0.01107735445830698	-0.03961148358086512	-0.04783895464762116	0.5222890743314101	0.9110295260760639	0.2504823296133744	-0.08221638517064678	0.1745329079703733	-0.1030818674754327	0.2938177470902766	0.2848620330065449	0.2848620330065353	1.15135559781666	1.151355597816654	0.3178112873552538	0.1325710708291828	3.52324655632901	0.01274210891248229	0.05145198581062215	0.8813035030326485	0.005215005759561304	0.3962669846994963	0.7948348047225425	7.05912002844367e-05	0.3659718524253027	0.5518040811885868	1.429640872271756	1.82526865783242	-0.5386786523154955	0.4136830419433801	1.436463295330523	2.178094610110216	-1.835866573554652	2.82015388359941	0.06538472096687975	0.1984269445044195	-2.207805857786281	-3.96446667116407	-0.1635808709888939	-0.3972656123823523	3.412960314123849	4.778503776012283	-0.02479679921612337	-2.491174389547846	2.171562756944719	0.2885352531982454	0.2885352531982207	-8.181674082535361	-8.181674082535226	-0.0155630544262255	0.9418106767764439	-0.5522005023275418	-0.3221835754236816	-0.6228771666501336	-3.018467270516752	-6.128452693189225	2.392763963505367	1.364910098011188	0.003644343052961949	3.705603220412293	-2.373949983998984	-0.3465687113247201	0.3203808363619939	-7.7941751970729	-4.748772309385758	0.1071302887768917	0.1654464405538117	0.01000006400346435	0.01000006162090509	0.02596154668194679	0.08242644204527179	0.01000003869857524	0.1075205431175563	0.01000000532150237	0.01000003394830123	0.1750207071208456	0.2750872002005054	0.3229626458354055	0.4051635875506583	0.0100002278209999	0.01000009124746078	0.01000001722982641	0.1784675066222891	0.1444794933547057	0.1332977812033004	0.1431558267593341	0.1394087070685755	0.1106724689436615	0.08271093402678209	0.2375578358876137	0.01000016708899774	0.01000028150096763	0.1115832852961005	0.2058457693122513	0.1441990412301325	0.1279880607987206	0.01014798880728773	0.01001219691213459	0.4406909535843431	0.164962237232158	0.01000005419547616	0.2437554277829234	0.01000004023249145	0.01000002524733512	0.01000003108433783	0.06298698659502686	0.06242986021195496	0.1254091972464446	0.1242830988686374	0.109521745588178	0.06052167250336666	0.08438587904846315	0.01014586914804081	0.1237630621060284	0.07965580542740669	0.01066678261603017	0.01010767980354487	0.01000001689136379	0.01000000407437718	0.07938885017555027	0.1081602149941325	0.1526292490508398	0.05988204253193772	0.05192570688028768	0.04948632539256809	0.0351160279149434	0.03366284961797539	0.0278738487841056	0.02275254344622162	0.01287109109967574	0.04228331642538213	0.05250562354095937	0.01751384319502289	0.02515498375136792	0.03028764128749027	0.0106862649865131	0.05089050273190908	0.01839520532585583	0.01000000781695897	0.01000051916671675	0.1700220809622517	0.01000007507223815	0.1360542588556826	0.2309038995557572	0.1645875373263748	0.1558395772443639	-0.03972911016325314	0.06379039093227308	-0.1288374583432639	0.009257973377185199	-0.04880633856787669	-0.09968890949981649	-0.004066377629264089	-0.1089424494112633	-0.05356996220319919	0.0212715422628969	-0.04751800080246316	0.006914533932587121	0.2435640440735191	0.398295670391665	0.0100000829117093	0.0100000722762239	0.04606055528310202	0.1811027554019009	0.01000005019522347	0.1104135454768472	0.01000000217618908	0.01000001863787902	0.1682936894336903	0.2710623332067829	0.314244481943515	0.3812625671718295	0.0100001941064218	0.01000003497984347	0.01000002110121208	0.1032928669074057	0.1089158219042032	0.1166949199992455	0.1238100442866421	0.1341544807622148	0.114933256537989	0.1818104238832594	0.2390333958163439	0.0100002707532364	0.01000057509624318	0.1435371337602155	0.2377387265000635	0.1877179622564557	0.1240479437778172	0.01000002126468737	0.01000010059437803	0.3413117523451284	0.157152709970498	0.009999995942460744	0.2089256385877717	0.01000002784476202	0.01000000007319032	0.01000001607960378	0.01000021339583426	0.01000013194985607	0.1154665008125759	0.1277830133947929	0.07481277558094644	0.01000025657403779	0.1088273471611049	0.01000010472729609	0.1260479548265859	0.08107787434618624	0.01000012484452809	0.01000004382191338	0.01000001701034684	0.01000000492618221	0.1735576409527491	0.2010072543433892	0.1512263082290671	0.1258456665811331	0.1067601935750206	0.1009533518671137	0.06717908718309212	0.06380616373970419	0.05044593824189781	0.01000025522525667	0.01000009017584594	0.07036806840994575	0.1081372912803151	0.02685255729355031	0.01000004413455395	0.01000061995590533	0.01000006491913752	0.1042931813412136	0.02884154652451955	0.01000001045252479	0.01000071316416855	0.1725795530586875	0.01000004859728152	0.1399797643556936	0.2430253640467208	0.1712335275781958	-1.381879136552451	-6.972445039592659	-1.718620969220442e-12	1.777988087199514e-12
0.2509907050799686	-0.2317793786248544	0.188254340723029	-0.3467362413947156	2.319093141703243	0.918773728536844	0.01244404373778308	-0.05283230611952647	-0.07164941303656862	0.5218143125630038	0.9059289123779836	0.2712594198695474	-0.04868486226898765	0.1744618384043362	-0.1177280921057304	0.3081122088667274	0.2880576830601962	0.2880576830601955	1.095720090664438	1.095720090664418	0.3168051168704797	0.1379354270960087	3.519457088730065	0.01047622285519698	0.04755237933852981	0.8626509042071332	-0.03708464258090206	0.410590831938283	0.8013788482661034	7.93737989702389e-05	0.3893872116858657	0.5294622658580015	1.427242610043098	1.827546912015191	-0.5906808832462398	0.3817380971340502	1.380576405243289	1.77021107257122	-1.963145222038082	2.83633271446275	0.05420424456244474	0.2266104338363396	-1.900985412659894	-3.40195664336021	0.009935838081789702	-1.191364315437856	3.014800621959235	5.674417943636263	0.001356250185938694	-2.029939588378481	2.265492679515816	0.6966817045926175	0.6966817045932943	-9.080769570506002	-9.080769570501928	-0.2949062305703469	0.7206136419302338	-0.6294538543626296	-0.3823543421826109	-0.5845862648141095	-2.777961084185747	-7.026052341437655	2.065813386124153	0.674658659696927	-0.0007944443546421551	3.55754737905515	-4.58797622843614	-0.3904070714122136	0.3878191557360893	-8.327662875267727	-5.08847514069361	0.1682729023267989	0.2559912630008724	0.01974732285678937	0.01000008666838668	0.06003592124682233	0.1326579390228278	0.010000047137061	0.1043350541662397	0.01000000323422475	0.01000002440262292	0.1727563125763952	0.2749693976357648	0.2930828164731557	0.3665580316101571	0.02151806679984904	0.01000033398014732	0.01000007881268546	0.1393783131937394	0.1201488655207628	0.1288449325052122	0.1333031292527627	0.1381068215159384	0.1151323388192611	0.1283607133339994	0.2356429158043212	0.0348676537910376	0.04635239860988546	0.1309448954308703	0.2175832839958768	0.1748353311018566	0.1225554306144953	0.01007556289992838	0.01000628141751167	0.3823277972187484	0.162273959665672	0.01000002575860732	0.2120706281985974	0.01000004168772343	0.01000001540002555	0.01000002928786054	0.03891670959103619	0.03859483999947098	0.1208133220176107	0.1258389383080996	0.08745047004831881	0.03749519865075977	0.09918476489455384	0.01007452119289193	0.1249548097759642	0.08087309023424862	0.01034072308108686	0.01005499067566068	0.01000001676941615	0.01000000457059056	0.123439195944293	0.1498432738929983	0.1522391302971925	0.09249620807658548	0.0802990957171453	0.07761391758815621	0.05222719042965794	0.0511645213786828	0.04203134905847409	0.01662531881825404	0.01147149721453481	0.05475592497118396	0.0774080823877842	0.03137109418058168	0.01789862560793646	0.02064529156650572	0.01035065930285238	0.08268862563799106	0.02837665365232469	0.01000000905568859	0.0100008257918145	0.1723901423910747	0.01000005951755205	0.1376004437661872	0.2355234026313996	0.1672488269204015	0.1615647376140155	0.02901405850902311	0.0415795624837832	-0.1357198563559872	-0.01604374892213153	-0.04767269115118835	-0.1095676689157369	-0.003486226627029486	-0.1140063513418837	-0.05192767538335005	0.02141586717912035	-0.04298650327201698	0.006939183348579113	0.2699920280054545	0.4133674358102412	0.04714601804184643	0.01000014706016243	0.146082905707905	0.2195641369601836	0.01000006079206526	0.09081706135883201	0.01000000011186409	0.01000001090687187	0.1698730808358993	0.2780226980016912	0.1621222795930877	0.1956312982291604	0.05398084211942188	0.01000105422694641	0.01000024618752706	0.0566464928767763	0.06291712438707385	0.1271732543721878	0.1141029103802828	0.1379194982238434	0.1270196451601152	0.1982647640429599	0.2262172628606143	0.1064261412054911	0.1528792064184347	0.171805627157047	0.2374242696844079	0.2527327451012576	0.1065506603686612	0.01000001933128441	0.01000012497704578	0.1756558766981715	0.158850500397439	0.009999996253308909	0.1094628344522979	0.01000005620316088	0.01000000941559536	0.01000003700718483	0.01000013709420258	0.01000008636127703	0.1130853231112577	0.1283520019441055	0.04240698735980328	0.0100001704088976	0.1276504610952093	0.01000010210310552	0.1272200158308888	0.08363412142256901	0.01000011022223256	0.01000003785486753	0.01000001633080416	0.0100000052248215	0.1911252717648865	0.2178177683902974	0.1520040691125112	0.1409397658514641	0.1229087923272609	0.1219529507004084	0.07632998279768244	0.07798330193220131	0.06458907207760121	0.01000019892012891	0.01000007027513447	0.06865176728680704	0.1079747074629473	0.06339731521325379	0.01000003297153709	0.01000042718372976	0.01000005811320791	0.1377101403831772	0.04817755087399869	0.01000001025803415	0.01000151131043438	0.1792917813577792	0.01000003881797055	0.1398170190627767	0.2442604471700309	0.1716111377789988	-1.615457513644665	-5.656118156931413	-7.492936617770006e-13	3.104520067195463e-12
0.2574263641845833	-0.2232790367641672	0.1979297772468215	-0.3597230045098499	2.337380314288324	0.9190550677398925	0.01399816367689189	-0.06408194150166409	-0.091200366234509	0.5223383946292343	0.895649790448946	0.2889121831880451	-0.008762356060740016	0.174532932197086	-0.1288176640071639	0.3229105296330076	0.2937276856336037	0.293727685633624	1.034825746439983	1.034825746439952	0.3140439883946877	0.1417864856168074	3.515093076606369	0.007815916994377213	0.04398436983388083	0.8455502033625996	-0.08533677675360644	0.4229491045522228	0.803594315308566	6.191722244681352e-05	0.4115870623810897	0.492508872668432	1.424723017722313	1.830262852316889	-0.6453670354413266	0.3493490963586296	1.248336394913223	1.211466049755706	-2.06919292170168	2.845590632718259	0.03126778020033864	0.2566744857692355	-1.595223019610847	-2.640746715313307	0.1468283076892485	-2.006582745586945	2.442017979746468	6.764619946535542	0.01938309188374021	-1.385878825712981	2.328146250088638	1.057486028158014	1.057486028158696	-9.815954887975602	-9.815954887975455	-0.5609486823249544	0.4715254356373095	-0.730750831010094	-0.4447568182077902	-0.5198272808746952	-2.536186293299065	-7.978297667363358	1.781925325647744	0.01972495634464748	-0.004509965549381883	3.327861470209599	-6.914767836228722	-0.3842742796565686	0.4563998863213896	-8.628253329302996	-4.886770906177674	0.2117302851931893	0.312416052336943	0.04243680540752694	0.01000013657233762	0.1209657415519415	0.1749369384252964	0.01000005665421586	0.09405956463244104	0.01000000115842208	0.01000001576386038	0.1719870431019932	0.2773346882511479	0.2182450629475515	0.2767542718712142	0.04822598419867343	0.01000096478604573	0.01000022210860605	0.09495489325886139	0.08559214355950087	0.1305200433357684	0.1233799566322481	0.1388668574125001	0.1227504674947703	0.1594705650158927	0.2297371977862886	0.09111632774819023	0.1272214413433502	0.1534167018893982	0.2247222451780037	0.2174367991919239	0.1120128660020886	0.01003931862767207	0.01000333438171924	0.2853081468799122	0.1613119993242926	0.01000001168886807	0.1527563091070921	0.01000005658820241	0.01000001514309725	0.01000003884807868	0.02544076314293192	0.02526403880306754	0.1171153455358608	0.1269830224103634	0.05994329747884097	0.02466122044109794	0.1153743292269112	0.01003881619379106	0.1261364642120693	0.08267924719408344	0.01017733803123799	0.01002862370545213	0.01000001636880281	0.01000000496806359	0.1541303852321916	0.1795790109308043	0.152316240890148	0.1160927581439463	0.102145871226512	0.1014342947489175	0.06521533422043466	0.0666399030843301	0.05584015491798505	0.01346499671374163	0.01076636390955916	0.06046778524857053	0.09034646579548954	0.05551886800724658	0.01413534701384636	0.01558693392335807	0.01018248672938423	0.1136737011481588	0.04262816360997487	0.01000000957814702	0.01000137806067354	0.1764428881068344	0.01000004684918837	0.1384469946893603	0.2388904784396607	0.1690055396432182	0.1672898979836671	0.09775722718129935	0.01936873403529333	-0.1426022543687105	-0.04134547122144826	-0.04653904373450003	-0.1194464283316573	-0.002906075624794848	-0.1190702532725041	-0.05028538856350092	0.02156019209534378	-0.0384550057415708	0.006963832764571154	0.2964200119373899	0.4284392012288175	0.08429195317198364	0.010000221844101	0.2461052561327078	0.2580255185184662	0.01000007138890707	0.07122057724081683	0.009999998047540237	0.0100000031758664	0.1714524722381083	0.2849830627965994	0.01000007724266044	0.01000002928649131	0.09796149013242196	0.01000207347405011	0.01000047127384195	0.01000011884614684	0.01691842686994447	0.1376515887451302	0.1043957764739235	0.141684515685472	0.1391060337822415	0.2147191042026605	0.2134011299048847	0.2028520116577458	0.2957578377406261	0.2000741205538784	0.2371098128687522	0.3177475279460596	0.08905337695950519	0.01000001739788163	0.01000014935971378	0.01000000105121459	0.16054829082438	0.009999996564200142	0.01000003031682402	0.01000008456156334	0.01000001875804212	0.01000005793477599	0.01000006079257093	0.01000004077269801	0.1107041454099395	0.128920990493418	0.01000119913866014	0.01000008424375742	0.1464735750293137	0.01000009947891504	0.1283920768351918	0.08619036849895181	0.01000009559993702	0.0100000318878218	0.01000001565126163	0.01000000552346107	0.2086929025770239	0.2346282824372056	0.1527818299959553	0.1560338651217952	0.1390573910795012	0.142952549533703	0.08548087841227277	0.09216044012469843	0.07873220591330461	0.01000014261500117	0.010000050374423	0.06693546616366833	0.1078121236455795	0.09994207313295725	0.01000002180852025	0.01000023441155418	0.01000005130727834	0.1711270994251408	0.06751355522347784	0.0100000100635439	0.0100023094567002	0.1860040096568709	0.01000002903865966	0.1396542737698598	0.245495530293341	0.1719887479798018	-1.911426996871038	-4.528038688092354	1.780854618235214e-12	1.15001474900981e-12
0.2638620232891978	-0.2156495329966555	0.2037920060728389	-0.3732130561098204	2.355722834278394	0.9191591198053268	0.01573615113198079	-0.07374958947086606	-0.1057543949734564	0.5231913692050539	0.8799074298877974	0.3027153475917929	0.03871022913925843	0.1745329341259606	-0.1355661568251657	0.3379068538425163	0.3011758110842408	0.301175811084246	0.9695699078888534	0.9695699078888245	0.3096513253986137	0.1440109927715626	3.509988457833628	0.004767631359801225	0.04086896741122024	0.8299830654682236	-0.1405327252713356	0.4336405573582833	0.8017548492700296	2.711882257122116e-05	0.4322757139616827	0.4404741540608694	1.422603886992612	1.833502164794193	-0.703397868255348	0.3201329754570073	1.112458367440036	0.613886665923786	-2.132642431645802	2.852575312973175	-0.001592278519235192	0.2840423639472733	-1.389618725403993	-1.884311895959571	0.1080844124066535	-2.873068994550735	1.823225605119833	7.987177800514393	-0.01280110060184185	-0.709271513876735	2.343163222059754	1.285721211142911	1.285721211146111	-10.45577743785541	-10.45577743785573	-0.7993686614051034	0.2212042962029671	-0.8616528989901383	-0.5018811641377451	-0.4482886661927095	-2.304900220030627	-8.954342110537716	1.560901584068291	-0.5809898123365465	-0.005547482060312255	3.274503945206282	-9.224463369591131	-0.2339482955086898	0.5618748191190134	-9.029762024487942	-4.065733656690004	0.2445919108618589	0.3530434423080367	0.06961370925569875	0.01000021199929525	0.1715491076756724	0.2077899078638394	0.0100001440032601	0.09089575224115551	0.01000000050601014	0.01000000986938457	0.1550984820941371	0.2631123467828269	0.1392504165846533	0.1809592880195193	0.06024362132753821	0.01000124109159891	0.01640965430669015	0.05793397967456305	0.0545169766774268	0.1254830584541847	0.1152902327125844	0.1401285528898542	0.1301581885805151	0.1835206048946525	0.2266308162681532	0.1399346009947042	0.1920601242976481	0.1722158798312656	0.2320019942572268	0.2311396093746115	0.1051401421106147	0.01002009547872334	0.02571154157919604	0.1871749614269141	0.1590587514905045	0.0759466071240132	0.09470162505614919	0.01000006039955554	0.01000001397223316	0.01000004110772337	0.01805062681876374	0.01795661313928117	0.1118181662329684	0.1255481014283239	0.03716302158568788	0.01763628992882895	0.1263361698903106	0.01001986335382254	0.1280978943446487	0.08561344880936753	0.0100905864029114	0.01001462569119278	0.01000001549079644	0.01000000502330982	0.1769010501654184	0.2020106169856099	0.1514216588705006	0.1301079597442835	0.1162626028664092	0.1183060423189097	0.07240371222900195	0.0762175032609137	0.06446229732320845	0.01177738733621105	0.01039162156341021	0.06287629461603653	0.09810623665690535	0.07475802391796522	0.0121231778333247	0.01287441222696309	0.01009319585202421	0.1310386001212035	0.04701159550113557	0.01000000907414489	0.01000210719402477	0.1828986558984385	0.01000003654789891	0.138704060617494	0.2414195650138077	0.1700243583862146	0.1688636859081852	0.1146319008452885	-0.01884163578784558	-0.1461161170576091	-0.04576362530034781	-0.04649971782936709	-0.1242408308370062	0.001138242929147812	-0.121740197137022	-0.04811315914973011	0.02130282362423642	-0.0343651389324383	0.00796877466471484	0.3065518012713029	0.4392276721921288	0.1180565849729909	0.01000034885457009	0.2474660221016302	0.26463631391452	0.01000037358548937	0.09984949532908093	0.01000000133062313	0.01000000418757971	0.09072656682256673	0.1931059854003981	0.01000003890188687	0.01000001282302562	0.0539808048774782	0.01000106856204721	0.03433600673215841	0.0100000853702767	0.01345927913874592	0.1010821326623755	0.1031400329508079	0.1422946835733339	0.142430709117311	0.2276245601763688	0.228023157503899	0.2123478686469685	0.2858640438604552	0.2027164993605221	0.2515331323295716	0.1974290007877033	0.1011355291907942	0.01000008024905851	0.07027355690860992	0.009999997101579675	0.1511713703915278	0.2783770957720985	0.01000001589328458	0.0100000472894893	0.01000000766873069	0.01000003121784685	0.01000004394033611	0.01000002921226312	0.09881551079809955	0.1187136227197042	0.0100006997976543	0.01000006619922804	0.1380077265754975	0.01000010264965031	0.1331705254380677	0.0922724938667326	0.01000009217300453	0.01000002909268521	0.0100000136649721	0.01000000470641407	0.2158762074182543	0.2424619996736148	0.1476631959475754	0.1450031732092183	0.1330038591253562	0.1406405098264279	0.07785886153717127	0.08490777561820669	0.07173559894788278	0.01000011580281902	0.01000004438585958	0.06489165876450398	0.1091101287607536	0.09722331194681835	0.01000001939623546	0.01000039212567099	0.01000005452676075	0.1421685937676811	0.03875721938106328	0.01000000726676465	0.01000333952025536	0.19975101747625	0.01000002307386915	0.1385911502101458	0.2463238561394627	0.1713309449887284	-1.993872060831781	-3.788141559595214	3.322400022646634e-12	-4.144496470177602e-13
0.2702976823938124	-0.2090917055386595	0.2058770882395494	-0.3872958774081384	2.374069546025938	0.9190003275939457	0.0176619521274709	-0.08171642238477417	-0.1154812987082415	0.5235987479645285	0.8588314972191049	0.3120661499836691	0.09402789318771107	0.1744528763467081	-0.1379202987920422	0.3532107429196056	0.3106442765578968	0.3106442765578788	0.9003455447563975	0.9003455447563711	0.3038166345692106	0.1446519926636378	3.503924607890898	0.001364708647701527	0.03821498505704119	0.8158404857232853	-0.1977525643780746	0.4433007426393976	0.7962498561446441	2.548006439636159e-07	0.4559607846074015	0.374183563143608	1.422230978195247	1.837644209757688	-0.7567505793044991	0.2986516933575998	0.9152931772338025	0.03764792324772945	-2.253407060752715	2.84689329876286	-0.05041593644879964	0.3150410142961221	-1.066663309608326	-1.140628414380148	0.008351174054403519	-3.664088843791463	1.058364204317645	9.202623179022986	-0.005496942002156566	-0.02025309048963723	2.423727717466376	1.685344026818182	1.685344026817602	-11.04924724073989	-11.04924724073985	-1.009085480553987	-0.02057871011505961	-1.028849643775754	-0.5549668436594565	-0.3764324673798081	-2.093478522189647	-8.60725907199569	1.461439884320155	-1.119405326346265	-0.002044210772097339	4.25905406768262	-11.34504360912889	0.1583964562364688	0.736940689431084	-7.174440536607337	-2.483026803046201	0.2683004895644093	0.3827397267535194	0.09853453062439751	0.01000031320579736	0.2002088362100997	0.2297722482460756	0.01000033872523921	0.1014375487925659	0.01000000182041686	0.01000000742637633	0.1113865976524693	0.220422007065356	0.08580031811904454	0.1134886701686709	0.04607939207488424	0.01000087709213978	0.03144440161659522	0.03608535757446802	0.03487091752777257	0.1071260716320682	0.1099964199123158	0.1411235386208843	0.1358188270634392	0.2026701363500272	0.2300220842821693	0.1700341181553237	0.2241401303073836	0.1843408805973299	0.241827261451492	0.1944616892994503	0.1062804648273451	0.01001050987131996	0.06182867723328109	0.117717540073014	0.1539609716026143	0.2183959386915593	0.05777273050013445	0.01000004367891074	0.01000000784450022	0.01000002888593699	0.01421548422498471	0.01416591300050771	0.1036748639090877	0.1204583733722813	0.02447951807810652	0.013997112072936	0.1291129408987073	0.01001038316444939	0.1312146975503022	0.08991102409156006	0.01004716933638924	0.01000762151116943	0.01000001405891086	0.01000000464261642	0.1930804499191238	0.2184416675799665	0.148830215363885	0.1335761637240977	0.121676573562211	0.1268141733921649	0.07287854909595951	0.07817195114602334	0.06588802105895668	0.01092590884545798	0.01020380089092533	0.06325006593166524	0.1030064487480382	0.08370384661642109	0.01110629666982783	0.01149884810680116	0.01004851075004628	0.128919286743434	0.0356926587882804	0.01000000742429699	0.01000298671983224	0.1921011044795347	0.01000002841383417	0.1384232469464961	0.2433267248638665	0.170385586658335	0.1704374738327032	0.1315065745092776	-0.05705200561098451	-0.1496299797465077	-0.05018177937924737	-0.04646039192423414	-0.129035233342355	0.005182561483090441	-0.1244101410015399	-0.04594092973595931	0.02104545515312905	-0.0302752721233058	0.008973716564858514	0.3166835906052159	0.4500161431554402	0.1518212167739981	0.01000047586503918	0.2488267880705527	0.2712471093105738	0.01000067578207174	0.128478413417345	0.01000000461370618	0.01000000519929522	0.01000066140702519	0.1012289080041971	0.01000000056111325	0.00999999635955991	0.0100001196225344	0.01000006365004384	0.05867154219047494	0.01000005189440654	0.01000013140754735	0.06451267657962087	0.1018842894276924	0.1429048514611959	0.1457553844523805	0.2405300161500772	0.2426451851029134	0.2218437256361913	0.2759702499802844	0.2053588781671656	0.2659564517903911	0.07711047362934693	0.1132176814220833	0.0100001431002349	0.1305469644575061	0.009999993151944629	0.1417944499586756	0.5467541949799973	0.01000000146974504	0.01000001001741347	0.009999996579400374	0.01000000450091279	0.01000002708810132	0.01000001765182826	0.08692687618625961	0.1085062549459904	0.01000020045664845	0.01000004815469868	0.1295418781216812	0.01000010582038584	0.1379489740409436	0.09835461923451337	0.0100000887460721	0.01000002629754899	0.01000001167868251	0.01000000388936703	0.2230595122594846	0.2502957169100239	0.1425445618991956	0.1339724812966413	0.1269503271712111	0.1383284701191527	0.07023684466206975	0.07765511111171496	0.06473899198246094	0.01000008899063689	0.01000003839729622	0.06284785136533963	0.1104081338759276	0.09450455076067946	0.01000001698395074	0.01000054983978783	0.01000005774624326	0.1132100881102215	0.0100008835386487	0.01000000446998509	0.01000436958381053	0.2134980252956291	0.01000001710907844	0.1375280266504318	0.2471521819855844	0.1706731419976549	-1.761576997439293	-3.460922312701814	4.701548688325631e-13	-2.45398833453981e-13
0.276733341498427	-0.2039914546473479	0.2042877761452637	-0.4024894108309603	2.392328693003154	0.9184864125953294	0.01981681115997321	-0.08707805989516171	-0.1202387415977287	0.5235935219509625	0.8329168926753897	0.3157884749928166	0.1569527161706253	0.174532934419069	-0.1357472637489466	0.3693862506092948	0.3237669468043441	0.3237669468043337	0.8273104008669682	0.8273104008669426	0.2967264602890618	0.1437801176168106	3.496735581505555	-0.002347523948669376	0.03602260821002978	0.8029786740360443	-0.2451246741890941	0.4529596580588704	0.7874678080758544	2.448555201566774e-07	0.4865869998385426	0.2952945174951369	1.424339988211813	1.843092576001139	-0.7853981716335618	0.2902095653116105	0.6793410673248492	-0.5287192852116831	-2.480327295622058	2.82734823991021	-0.1085408796166038	0.3561640221719715	-0.6206146494810244	-0.3466570861608169	-0.004986265631895751	-4.398244778950384	0.07440934913272915	10.34095804308717	0.01829763714810385	0.6891787155868644	2.614152948299922	2.367890988700132	2.367890988698306	-11.6621591762902	-11.66215917629014	-1.192147120314903	-0.2453693930492978	-1.199235218910721	-0.5972958321772565	-0.3068166318119058	-1.909419930639857	-6.138541441831467	1.583567931332801	-1.603906126142713	0.002315622936432488	5.028229250395534	-13.10910137423198	0.4085323318256081	0.9606101517872825	-1.977010128941311	0.01875193324607064	0.2834730101270063	0.4015482611867345	0.1196296134563072	0.01000036218298005	0.217548704225619	0.2433648697981703	0.01000042512580812	0.1086792005954983	0.02176236324347944	0.01000001522594745	0.06809828852200289	0.1666608937381098	0.05238159541241766	0.06941590267326685	0.02930782077721651	0.01000047371525551	0.03811382624492607	0.02378886048200301	0.02312678271556565	0.0827582355508229	0.1064307381974649	0.1404337959958846	0.1382795901581943	0.2142395705132922	0.2352250025978581	0.1867148052748262	0.240787316862249	0.1896308957035201	0.2508453745659478	0.16972779854237	0.1073543897105084	0.01000542113151464	0.07901813058416662	0.07207871316483261	0.149528326818609	0.309191954227562	0.03591810705959652	0.01000003045141899	0.01000000337203639	0.01000001930348428	0.01216456619479573	0.01213895986201107	0.09574455190123909	0.1147270529097528	0.01753987867596967	0.01205181939719604	0.1329050441513649	0.01000535345162846	0.1358442097331607	0.09558405902283999	0.01002412468795886	0.01000390335855457	0.01000001231652291	0.01000000390559949	0.2055471261754132	0.2320020071077875	0.1486444711422341	0.1309977492630681	0.1224481851266949	0.1308554401762348	0.06820853687398122	0.07538102575953681	0.06430704378072014	0.01047327184822833	0.01010407217955605	0.06235790792093464	0.1059307313248198	0.08726815734160878	0.01056557937526695	0.0107670612678087	0.01002479206795755	0.1250456722627674	0.02357507525784647	0.01000000535879182	0.01000314708833718	0.2046171182804406	0.0100000222710325	0.1389074728316703	0.246661876282827	0.1715662621766069	0.1725273803297868	0.1293290681190232	-0.003385639190557733	-0.1446923999612098	-0.04303465486431313	-0.04852353928529513	-0.1159875796853294	-0.004172748948168585	-0.1227400786545914	-0.04602440562428345	0.01792934770366509	-0.02964596762995874	0.008713104576565621	0.3075483600311996	0.4339159870363542	0.1461292726740268	0.01000036025697343	0.2451631640275222	0.2640130765677166	0.01000037932406769	0.1099978974406256	0.05492662418072462	0.01000003872377122	0.01000036604922913	0.05561447251047358	0.01000000143008	0.009999996634199747	0.01000008114213239	0.01000004427671941	0.03433583154325181	0.01000004180889151	0.01000009837714894	0.03725640750795181	0.1011090516292574	0.1363404676144737	0.138574345638111	0.2278543319276851	0.2459616639982843	0.2059657372249557	0.264737256255013	0.1920000282104596	0.2680583239128599	0.1733193119123963	0.1050318905742187	0.01000009220519859	0.07360749756287575	0.009999992890539386	0.1435576706076473	0.4000426051264283	0.01000000129448625	0.01000002228207679	0.01000000051129131	0.01000001338488501	0.01000002049877009	0.01000001258799594	0.08319722559402977	0.104894207598353	0.01000016195271299	0.01000004038330159	0.146224428928591	0.01000011242404285	0.1467697529389273	0.1073447517042927	0.01000010104457574	0.01000002720315663	0.01000000950242958	0.01000000250068313	0.2292498240344756	0.2603261924839114	0.1534345595847119	0.121308581026618	0.1205942333809746	0.1353474174989252	0.05549733041761469	0.06674876722339992	0.06028238003139496	0.01000008020635627	0.01000003174490421	0.059889229578694	0.109562673762257	0.08971999684250451	0.01000001454788286	0.0100009632017262	0.01000006164853798	0.124780630750066	0.0100013480464038	0.01000000213511636	0.01000242127472868	0.2360630390006321	0.01000001481517365	0.141461112778665	0.257541425252613	0.1758721475205412	-1.62055592338136	-3.349811126985634	-1.865743664160982e-12	-8.096681202208226e-14
0.2831690006030416	-0.2002236492481532	0.1991082866744973	-0.4193762268343367	2.410459625474435	0.9176129396457644	0.02226611005618805	-0.08997549252847403	-0.1200567858015763	0.5235987830145937	0.8021058457960787	0.3127148852318588	0.2269820156798555	0.1745329205871462	-0.129131845774277	0.3870004717307167	0.3408019515809351	0.3408019515809341	0.750053019613664	0.7500530196136402	0.2885000614829642	0.1415581626211304	3.488566586016738	-0.00630548527589545	0.03424104139280509	0.7911884011633276	-0.2770731361187763	0.4642409517902635	0.7756810540048991	3.359313423830889e-05	0.5177154413546368	0.2062512487396559	1.426350408620872	1.850064780766499	-0.7853981700914355	0.3009431016517047	0.5012111171956353	-1.078066043503229	-2.77962591546195	2.807048271651076	-0.1621552145305895	0.4065436432612065	-0.3008661060080304	0.3943810071187898	0.01161022726546508	-5.185748787909559	-1.053591900194339	11.41047055382847	-0.0303807661003513	1.360299501395327	2.870834504763092	2.901174280543574	2.901174280543581	-12.36138552905068	-12.36138552905055	-1.362188249759598	-0.4401410042621329	-1.333393152577992	-0.6313315877699878	-0.2487656585059449	-1.760478033950677	-3.814075466021445	1.96562392501763	-2.053173244742995	0.00832247343474511	4.415130173361479	-14.50065609086964	0.1277579133593974	1.21050167135458	1.728328674079718	3.476165280409241	0.2899960477715501	0.4089949937950657	0.1290108343208968	0.01000032890647662	0.2268200763801654	0.2492688171757267	0.01000032018767392	0.1048990552011298	0.04902305459860992	0.01000003588189195	0.04193815719580472	0.1125404397497913	0.03293600688092062	0.04270494410582357	0.02021426946950159	0.01000026224903959	0.0298663605791955	0.01725714154785803	0.01690453656442119	0.05612671902600198	0.1040375610639376	0.1373503051411328	0.1367992247123671	0.2166488723211591	0.2397150052182594	0.1906096823729012	0.2470873309623734	0.1877434193090691	0.2573111788337402	0.1909989255614551	0.1044800285993463	0.01000285006921091	0.06237163805035652	0.04426042951502158	0.1475634448742496	0.3115750477749615	0.02379889129526913	0.01000002996397954	0.01000000309977537	0.01000001894988021	0.01112789846534872	0.01111452984489795	0.08954852275499395	0.1098451936094338	0.01394636069454118	0.01106906350513667	0.1419300847604056	0.01000284065359892	0.1421501977519621	0.1026350668957367	0.01001260175873675	0.01000204382956126	0.01000001035730485	0.01000000284290269	0.215501170444781	0.2440965957470811	0.1528975886361632	0.124236705191056	0.1202466829743533	0.1319881282009811	0.05891427224914383	0.0689334589584496	0.06141219554566923	0.01024631958840608	0.01005415574406923	0.06052127919294712	0.1072387642010531	0.08715711526651708	0.01029434610104053	0.01039983470733283	0.01001292768888827	0.1275459792909608	0.01714398311160223	0.01000000315866798	0.01000225362092422	0.2207102910210224	0.01000001805176966	0.14079353244034	0.2525215161673661	0.1743127736546773	0.1746172868268704	0.1271515617287688	0.05028072722986903	-0.1397548201759118	-0.0358875303493789	-0.05058668664635612	-0.1029399260283037	-0.01352805937942757	-0.1210700163076429	-0.04610788151260757	0.01481324025420114	-0.0290166631366117	0.008452492588272726	0.2984131294571831	0.4178158309172684	0.1404373285740556	0.01000024464890768	0.2414995399844916	0.2567790438248592	0.01000008286606354	0.09151738146390624	0.09985324374774333	0.01000007224824769	0.01000007069143306	0.01000003701675002	0.01000000229904692	0.009999996908839856	0.01000004266173042	0.01000002490339499	0.01000012089602867	0.01000003172337652	0.01000006534675056	0.01000013843628278	0.1003338138308224	0.1297760837677516	0.1313933068238415	0.2151786477052931	0.2492781428936552	0.1900877488137201	0.2535042625297417	0.1786411782537536	0.2701601960353287	0.2695281501954459	0.09684609972635415	0.0100000413101635	0.01666803066824534	0.009999992629134632	0.145320891256619	0.253331015272859	0.01000000111922753	0.01000003454674033	0.01000000444319029	0.01000002226885789	0.01000001390943893	0.01000000752416368	0.07946757500179995	0.1012821602507157	0.01000012344877758	0.01000003261190455	0.1629069797355007	0.01000011902770047	0.155590531836911	0.116334884174072	0.01000011334307946	0.01000002810876516	0.01000000732617661	0.01000000111199921	0.2354401358094667	0.270356668057799	0.1643245572702282	0.1086446807565947	0.114238139590738	0.1323663648786977	0.04075781617315963	0.05584242333508489	0.05582576808032898	0.01000007142207569	0.01000002509251228	0.05693060779204839	0.1087172136485864	0.08493544292432956	0.01000001211181501	0.01000137656366453	0.01000006555083288	0.1363511733899107	0.01000181255415892	0.009999999800247635	0.01000047296564681	0.258628052705635	0.01000001252126865	0.1453941989068983	0.2679306685196416	0.1810711530434275	-1.727181223105781	-2.94406186292643	-1.10356247223124e-12	5.575245661851587e-14
0.2896046597076561	-0.1973036005226311	0.1905308015066634	-0.4383622852074075	2.428475520181695	0.9164188136334309	0.0250615784433381	-0.09154154949603616	-0.115614637491681	0.5235987836306897	0.7660052953022349	0.3020830047308283	0.303726376892717	0.1739174312208105	-0.1184656149784512	0.4064086199708999	0.3600586562525039	0.3600586562525103	0.6679338602451201	0.6679338602451115	0.2792113805711425	0.1381787067178558	3.479574211098287	-0.01047400894662643	0.03277933258531009	0.7802980759491891	-0.297848298597108	0.4789993422999806	0.7611026109772809	0.0001146602536903085	0.5419209019360345	0.1094795537696696	1.425581725641156	1.858587243913344	-0.7731067524900972	0.3375678572549476	0.4262851221183198	-1.600197498488577	-3.117440611729764	2.792174438903987	-0.2070784186098854	0.4625163689998975	-0.234969029194548	0.9800438512013552	-0.01129970528541112	-6.045027420474017	-2.272651530825492	12.42247236088845	-0.1955233158232262	1.952608103196088	3.1531879534579	3.044008723468707	3.044008723469697	-13.1555402501992	-13.15554025019531	-1.515064107325036	-0.60923958197261	-1.47080810131972	-0.6592700452814957	-0.20362529033181	-1.620940942496395	-2.637096092709007	2.685414664339788	-2.463458877482521	0.01362693515956287	3.149267234193367	-15.46010270615387	-0.3377107349040011	1.420789296908484	1.955856369985814	8.117004980875912	0.2936769653854577	0.4121419759722815	0.1373384242711094	0.01346561294542238	0.2334860434199088	0.2527870499686324	0.01000022480470252	0.09920436063087545	0.07391370122606157	0.01000005551395332	0.02700591177967141	0.06882097920789687	0.02207572673627688	0.0274305071207776	0.01528838676649787	0.01000014830837212	0.03482088250916221	0.01374216918037959	0.01355863049450819	0.03497801040937334	0.0922112785072278	0.1310172299158259	0.1318144597069085	0.2170364365087184	0.2416049375551527	0.1867741256229836	0.244012953137913	0.1825323115169081	0.2614134407927846	0.2157474044332013	0.09965462404487838	0.01000148145867192	0.05052439635621878	0.02829412298344722	0.1423059448180975	0.2978651056536994	0.01717885890290272	0.01000003333874166	0.01000000412947089	0.01000002138216977	0.01057663886823439	0.01056979040973345	0.08571566907501245	0.1075521396166133	0.01202565657649097	0.01054652272382131	0.1534869306642181	0.01000151175259845	0.1535613216113926	0.1145667171657288	0.02137782807669335	0.01000106244598034	0.01000000804837974	0.01000000141834015	0.2239591948898186	0.2550403258027511	0.1600189770900153	0.1197385004172178	0.1199100070705907	0.1340274136776228	0.04689667461856645	0.06190078309773468	0.06067698014937505	0.01012580527632121	0.01002765557467194	0.05942665518215625	0.1050220639401147	0.08655510241947756	0.01015030980248799	0.01020473449535232	0.01000663124619247	0.1377368745704656	0.02301996281230216	0.01000000099531522	0.01000135134244474	0.2475029536056841	0.01000001649253904	0.145986242260064	0.2633816400596	0.1806144387574677	0.1665982152996041	0.1344227888436931	0.02824473957401225	-0.1331618156892611	-0.03413920537636007	-0.05276473393560525	-0.09099008610870427	-0.01131947682772027	-0.1176229764747148	-0.04083166595420957	0.0149475896814099	-0.02786179901472154	0.006707247945821302	0.3027992002494653	0.420009335649977	0.1575695024252041	0.0231159486115507	0.2484768082947716	0.2612901692242059	0.0100001613174552	0.09128284235769875	0.1081472026425317	0.01000007914195022	0.01000007519836596	0.01000004529982448	0.01000000051365611	0.009999995851998672	0.01000004396801176	0.01000003341667583	0.06604531244999796	0.01000002333557874	0.01000005049033332	0.01000010631671549	0.05516896852409745	0.1146061310435202	0.1184096668204887	0.2199334248964625	0.2411640346809878	0.1720046742890197	0.2251101603554385	0.1699669303503184	0.2678545841030929	0.2459427590867599	0.08974726881452125	0.01000006576499028	0.05227986957892755	0.009999992241232342	0.124790597953529	0.2866908156860024	0.009999999762810045	0.01000003881244282	0.01000000584601535	0.01000002531364552	0.01000001072333316	0.01000000486514845	0.08165944656842189	0.1070161618626219	0.01000010153935884	0.01000002768044753	0.1780856021231318	0.01000013236342716	0.1842389600669724	0.1440438881393525	0.05341455670790459	0.01000004870689891	0.0100000042151735	0.00999999893549405	0.2413443007680043	0.2787874597212856	0.1768721096637877	0.1172693804937233	0.1239305597033957	0.1410895420458369	0.0253804506499657	0.05082467229683996	0.06315122741947304	0.01000006633666402	0.01000002043148924	0.0590744152504037	0.09608275484143351	0.0864738444011533	0.01000000981135389	0.01000084499776926	0.01000006717698658	0.1669752116858747	0.0457643689924848	0.009999997842462803	0.01000035787628943	0.3268295572556323	0.01000001685181582	0.1611320352505012	0.2968751507823377	0.1992459879537827	-1.794659869359359	-2.339580428407612	-3.826698786662769e-13	-6.347737678750428e-14
0.2960403188122707	-0.1944788934631243	0.1783487938366399	-0.4594605832396363	2.446404389607549	0.9149715479107817	0.0282233798191374	-0.09363253030879348	-0.107520263081991	0.5234573352754399	0.7241456820327612	0.2831772485496475	0.3866595575835571	0.1715705519262755	-0.1040226406863489	0.4274906742269956	0.3794778800720239	0.3794778800720386	0.5807640408557662	0.5807640408557726	0.2691198822267113	0.1337273582400033	3.469511079880671	-0.01472880946388272	0.03164408286630938	0.7703627357034615	-0.310950471070598	0.4996372136284207	0.7441518537368732	0.0001672391031614559	0.5587925857318052	0.008711666564533456	1.422375988656932	1.868130542671229	-0.7619690727842532	0.4081400165963286	0.4715819324703875	-2.19823802337243	-3.436043424613748	2.780003557196036	-0.2408230577923658	0.5203883893799949	-0.4639958925239339	1.529377760787516	-0.032347654708047	-6.975483973007098	-3.624851671258844	13.33376058140622	-0.5684421824624897	2.533992338088053	3.391031733811801	2.951680108839335	2.951680108839329	-13.93097146573312	-13.93097146573332	-1.611678603431311	-0.773251430959094	-1.666150460036474	-0.6581437124204899	-0.1473124635954989	-1.463698807599922	-1.429552021917688	3.792781240099148	-2.790413728104335	-0.0005307824412048336	2.136023506132715	-15.7425466776552	-0.6296016560688873	1.527745202669837	1.369783298763862	14.02594834012806	0.2975897580945325	0.414980437470662	0.1491346026098047	0.02165386386118505	0.2402210232756107	0.2566487505090302	0.01000021629778399	0.09581936126885228	0.09053841977825698	0.01000006877984567	0.01897701030802752	0.04235847948328576	0.01634561446316978	0.01920476784480937	0.01276264157025384	0.01000009556570943	0.06341815813174245	0.01195240908433668	0.01185638625222342	0.02328623540440889	0.06526591072246185	0.1209615742808087	0.1234846692356214	0.2190440785226148	0.2398630128536389	0.1774142276913829	0.231710535601387	0.1759468086626949	0.2632238450681125	0.2219359949620884	0.09381173488512734	0.01000080904994165	0.06029841387005457	0.01966868633211091	0.1307610097008987	0.3001918436058127	0.01375617745948731	0.01000003715876277	0.01000000534564359	0.01000002412056283	0.01030010220172196	0.0102965338652965	0.08450920928073424	0.1086607652331139	0.01105543568812693	0.01028443005935689	0.1663113887135624	0.01000085365124306	0.1716085331755365	0.1328413951652737	0.04775138679661629	0.01000058181629237	0.0100000053386053	0.009999999617984243	0.2314063567796021	0.2649778497918845	0.1692144892041218	0.1206925937201402	0.1237492227446478	0.1387896226182073	0.03302935958230417	0.0557115435546633	0.06361239283697012	0.01006548025647513	0.01001439516538378	0.05981197581801977	0.09832650181654855	0.08689077195512677	0.01007820378150006	0.0101067757044252	0.01000348226280156	0.1560091248408932	0.04309414009807007	0.009999998934698209	0.01000084247049217	0.288249304781589	0.01000001787680523	0.1553681344042603	0.2804985739336187	0.1914278853516416	0.1585791437723377	0.1416940159586175	0.006208751918155492	-0.1265688112026103	-0.03239088040334125	-0.05494278122485437	-0.07904024618910478	-0.009110894276013011	-0.1141759366417866	-0.03555545039581157	0.01508193910861866	-0.02670693489283138	0.004962003303369887	0.3071852710417474	0.4222028403826857	0.1747016762763526	0.03623165257419374	0.2554540766050515	0.2658012946235525	0.01000023976884681	0.09104830325149126	0.11644116153732	0.01000008603565261	0.01000007970529887	0.01000005358289898	0.009999998728265087	0.009999994795157089	0.01000004527429303	0.01000004192995636	0.1220905040039672	0.0100000149477809	0.01000003563391602	0.01000007419714813	0.01000412321737253	0.09943617831928879	0.105426026817136	0.2246882020876318	0.2330499264683204	0.1539215997643194	0.1967160581811352	0.1612926824468831	0.2655489721708572	0.2223573679780739	0.08264843790268835	0.01000009021981771	0.08789170848960977	0.009999991853329145	0.1042603046504389	0.3200506160991461	0.009999998406392409	0.01000004307814522	0.01000000724883939	0.01000002835843299	0.01000000753722742	0.01000000220613326	0.08385131813504383	0.1127501634745281	0.01000007962994011	0.01000002274899055	0.1932642245107628	0.01000014569915527	0.2128873882970337	0.1717528921046331	0.09682900007272922	0.01000006930503306	0.01000000110417037	0.009999996758988963	0.2472484657265419	0.2872182513847722	0.1894196620573471	0.1258940802308519	0.1336229798160534	0.1498127192129762	0.01000308512677173	0.04580692125859504	0.07047668675861711	0.01000006125125244	0.0100000157704665	0.06121822270875901	0.08344829603428067	0.08801224587797704	0.01000000751089286	0.01000031343187413	0.010000068803141	0.1975992499818387	0.08152692543081067	0.009999995884677898	0.01000024278693207	0.3950310618056294	0.01000002118236281	0.176869871594104	0.3258196330450339	0.217420822864138	-1.724301499247466	-1.957398344246128	-2.511695071136382e-14	-2.435059308203726e-12
0.3024759779168853	-0.1909738321486931	0.161236656538979	-0.4826561295975954	2.464239734442681	0.9133412585672755	0.03180556045228972	-0.098572723946491	-0.09510809016784859	0.5235987820675283	0.6759532864512483	0.2536844659981441	0.4762658004455911	0.1656143873318362	-0.08515894668489211	0.4500081592347188	0.397786506424535	0.3977865064245719	0.4897949632692181	0.4897949632692647	0.2587957235701233	0.128203073638725	3.457931667742694	-0.01881436316637504	0.03103417582253453	0.761524201125634	-0.3166358906314598	0.5235987839680394	0.7258311415209426	1.125046678884264e-07	0.5697872036145493	-0.09062455571558264	1.417901076077752	1.878097568213203	-0.7558297236605865	0.5093835297013398	0.565372063816552	-2.952771391672452	-3.637689420493684	2.766657393237536	-0.2667385833098893	0.5704700523197314	-0.9483948152537059	2.167367487072241	-0.1037251569224871	-7.615829066157906	-5.131609369593901	12.57606687910449	-1.155417455642119	3.18105357728	3.501395372576789	2.726928470000044	2.726928470005484	-13.20527243600781	-13.20527243600781	-1.617350738600831	-0.9363052068083253	-1.934918436901511	-0.6239887758730355	-0.06104117780764581	-1.277937195155681	-0.4205058741835899	2.369504595398924	-2.936193934238791	-0.03189969609489988	1.429320917693268	-13.85354825482219	-0.7297278937756171	1.565099069309364	0.5240258836248511	13.20378870345784	0.3023971460320372	0.417782033767762	0.1617236940429009	0.03558655141068497	0.248123924670507	0.2614269495781353	0.01393504230403573	0.09319534511938932	0.0897046587823299	0.01000007622728562	0.01463999197795171	0.02723858127156428	0.01326800588138471	0.01475915174733288	0.01141569177779653	0.01000008335575787	0.09890753417529917	0.0109993354710419	0.01095006846395857	0.0169074568579496	0.04023810825253984	0.1090810235540036	0.1135425295291223	0.2221504025887848	0.2348385525948399	0.1677244800729076	0.2182225592496155	0.1672256230730327	0.2632848476543409	0.2220785207673391	0.08805841141203785	0.01000046161291404	0.07514575436108042	0.0150021751321287	0.1162907578944449	0.3026731923065458	0.01192746938238121	0.01000004134709876	0.01000000669192289	0.01000002712562944	0.01015324895439983	0.0101514232813296	0.08522353701569636	0.1132311654490116	0.01053956998856849	0.01014525069215976	0.1729099375899102	0.01000052210200409	0.1919731677721719	0.1515852102431404	0.07392004622157301	0.01000036000216037	0.0100000052660253	0.009999999592857484	0.2371357194365396	0.2723194314305432	0.176983944659418	0.1303667133908703	0.1344832684873952	0.1487581577073414	0.02212847076471048	0.05379767270490051	0.07198887031712317	0.010033457901375	0.01000735554594096	0.0660112931059977	0.0943366309716975	0.09025748083180005	0.01003992539150748	0.01005463858218684	0.01000181477791611	0.1694515534454384	0.06077197534342912	0.009999998642202503	0.01000054722942165	0.3270262364571275	0.0100000272092533	0.1713119416836014	0.3064834618972597	0.2090384006921255	0.150383058725668	0.1464775516986523	-0.03107878058702673	-0.1180930176584064	-0.02850203674813369	-0.05732649331137182	-0.02784072900064033	-0.006999151683784952	-0.1101600641845596	-0.02977765387586738	0.01838587345502035	-0.01865547139673388	0.004779578139074044	0.3157355238344451	0.4254122924798147	0.1866961873828211	0.06375929120776525	0.2683888038773712	0.2740938058825576	0.024900371170524	0.08847148512716928	0.0641625197776155	0.01000008226249678	0.01000008357945948	0.01000006026483116	0.009999998595931878	0.009999994687848363	0.01000007914963123	0.01000009490873253	0.1644859865571791	0.01000001367660308	0.01000003729565774	0.01000010125580634	0.01000217531063333	0.08605706573478972	0.0941023333331695	0.2300445101266461	0.2195598603691502	0.1507791303111926	0.1927721383710931	0.1463566404581822	0.2614849963742648	0.2222983776803823	0.07843274642320604	0.01000010713172095	0.09867814417471223	0.009999991830809006	0.08771785895630795	0.2962248003645724	0.009999998517015451	0.01000004794419686	0.01000000881204401	0.01000003186672716	0.01000000841652464	0.01000000253026483	0.08815330855665601	0.1255961595470804	0.01000007962458064	0.01000002517427188	0.1745569519621996	0.01000020244176169	0.2354657861651676	0.1864933061637263	0.1136583710002473	0.01000017903958726	0.01000000864816559	0.01000000194256739	0.2472795690121813	0.2848258166089235	0.1892984509899953	0.1604337126023315	0.1645227676356677	0.1759398502010461	0.01000569541222426	0.05632554808098378	0.09281233124358576	0.0100000691689048	0.01000001591170469	0.08436341198925787	0.09365827994889039	0.1005067993780241	0.01000000816141667	0.01000022276770463	0.01000008258525269	0.1839776989254027	0.08199023687139601	0.01000000041265919	0.01000023655698607	0.408697643190875	0.01000005027295722	0.2132496187596101	0.3833995268378958	0.2570770668287534	-1.606313324643497	-2.217693691366474	2.983420386316888e-13	-4.368616330523988e-12
0.3089116370214999	-0.187875090151275	0.142491001476772	-0.5045485222462167	2.482066376073587	0.9115264407365854	0.03527814497385746	-0.1042581773664501	-0.08169009357637901	0.5198050321412665	0.6310800717978973	0.2223906051067922	0.5235987784287592	0.1583351186014802	-0.0649728891632939	0.4712029306707885	0.4144337168036397	0.414433716803696	0.4253918572716253	0.425391857271711	0.2480372166647521	0.1217687668812807	3.444573273782987	-0.02292088801743438	0.03061624460555824	0.7539796683595278	-0.3174339416148531	0.5136063216058565	0.7059330266935198	7.731356371833359e-06	0.579102041075039	-0.1531976279450747	1.413386715881517	1.88821631144471	-0.7554057447419487	0.5235987410510188	0.3453106971132631	-2.705883856052515	-3.031064326891791	2.777298875758197	-0.2981686954486891	0.4863293722285204	-0.6955991449873274	1.841956053653495	-1.255282757361291	-5.943987159701916	-4.184570047877912	0.1965622966632115	-0.9796212450390006	2.944941238645092	2.979974047486135	2.435364389574448	2.435364389574573	-5.675104845456901	-5.675104845456964	-1.746660348372187	-1.05605763349129	-2.219001936918166	-0.664660883533515	-0.08765242612637719	-1.061563832834043	0.08928808430318511	-6.759061899857796	-3.280620739750385	0.05377459148261522	1.614000695826618	-4.317718405046308	-0.641860732091642	1.574894278748656	-0.406373613237172	-13.01970474709651	0.3084664014199049	0.420708301038378	0.1738872376509892	0.05553029940222869	0.2577696005493945	0.2674298312284488	0.0232215711498973	0.09058154605049432	0.06589711546699457	0.0100000780670801	0.01242264205041205	0.01910180842665021	0.01170436016371381	0.01248505756229575	0.01073728835916171	0.01000010372475848	0.1354982990315489	0.01052025573044328	0.01049460087825345	0.01361339216084819	0.026167892667881	0.09635212677612563	0.1028709770802956	0.226076145079681	0.2266855113798562	0.1605067065709134	0.2081083260884814	0.1559476928676757	0.2618805445202572	0.2221465660591959	0.08293080720770531	0.01000029626475173	0.08786112848491423	0.01261247970233231	0.1006386629524224	0.2960971308800296	0.01100415792335154	0.01000004587413395	0.0100000081466141	0.01000003038219236	0.01007973329433622	0.01007878038435193	0.08750989846029092	0.1212374356209864	0.01028083656312317	0.01007558014750208	0.1695597379307219	0.01000038460739303	0.212712367070738	0.168307660994631	0.09493566610497027	0.0100003038844314	0.01000000899993177	0.01000000217085071	0.240763218004776	0.2761923128126534	0.1816286297333728	0.1499999172338747	0.1532061898839877	0.1650191642037052	0.01637706904054394	0.05760082298275549	0.08642959801048496	0.01001744056593033	0.01000383403312527	0.07972022295152592	0.09646662996089422	0.09755999870766655	0.01002077382101981	0.01002850555571968	0.01000098752593904	0.1720949841413983	0.07015840839493984	0.01000000075880313	0.01000039642536342	0.3562933356530663	0.01000004641610329	0.1948222184061555	0.3425834491166276	0.2344588751060799	0.1421869736789982	0.1512610874386872	-0.06836631309220896	-0.1096172241142025	-0.02461319309292613	-0.05971020539788927	0.0233587881878241	-0.004887409091556862	-0.1061441917273326	-0.02399985735592317	0.02168980780142205	-0.01060400790063639	0.004597152974778187	0.324285776627143	0.4286217445769434	0.1986906984892897	0.09128692984133675	0.281323531149691	0.2823863171415628	0.03980050257220127	0.08589466700284731	0.01188387801791102	0.01000007848934097	0.01000008745362008	0.01000006694676332	0.009999998463598888	0.009999994580540069	0.01000011302496943	0.01000014788750867	0.2068814691103911	0.01000001240542523	0.01000003895739946	0.01000012831446453	0.01000022740389414	0.07267795315029064	0.08277863984920304	0.2354008181656604	0.20606979426998	0.1476366608580659	0.1888282185610509	0.1314205984694812	0.2574210205776725	0.2222393873826907	0.07421705494372373	0.01000012404362781	0.1094645798598147	0.00999999180828959	0.07117541326217694	0.2723989846299986	0.009999998627638547	0.01000005281024871	0.01000001037524915	0.01000003537502168	0.01000000929582187	0.01000000285439645	0.09245529897826817	0.1384421556196327	0.01000007961922115	0.01000002759955326	0.1558496794136364	0.0100002591843705	0.2580441840333015	0.2012337202228195	0.1304877419277658	0.01000028877414438	0.01000001619216011	0.01000000712614479	0.2473106722978206	0.2824333818330748	0.1891772399226434	0.1949733449738111	0.195422555455282	0.2020669811891159	0.01000830569767678	0.06684417490337251	0.1151479757285544	0.01000007708655731	0.01000001605294363	0.1075086012697568	0.1038682638635002	0.1130013528780713	0.01000000881194066	0.01000013210353551	0.01000009636736566	0.1703561478689666	0.08245354831198133	0.01000000494063902	0.0100002303270401	0.4223642245761209	0.01000007936355091	0.2496293659251161	0.4409794206307578	0.2967333107933688	-1.423333331750308	-5.943171387976387	9.902730259292124e-14	4.142085866266436e-13
0.3153472961261145	-0.1883705990779224	0.1291985650218334	-0.518959517712802	2.499919485349063	0.9094945639006027	0.03779003966241357	-0.1039369178505953	-0.07260645335867598	0.5050379071487427	0.6031117642976366	0.2037242679089965	0.505015551179849	0.1561971477796285	-0.04941013042384922	0.4860494768305903	0.4299961859756947	0.4299961859757501	0.4065230044299712	0.4065230044300228	0.2358445029169105	0.1149536190762685	3.429493149035104	-0.02745469863387739	0.02916305316452832	0.7478993877909493	-0.3166531190677571	0.4790548073605826	0.6821258131895711	0.0012662659515955	0.5902056895194737	-0.1611127414448833	1.409850108196514	1.898266570871123	-0.7608970424939989	0.4329037098029343	-0.4301415079211876	-1.454891580222769	-1.46373699281766	2.769545622605504	-0.3227998214673156	0.2999446153475819	0.7197242307861741	1.002696628016713	-3.250288637874725	-2.949043412143789	-1.697713833678912	-4.9240516028562	0.2390404952723649	1.878702379710814	1.638883736607404	2.408869098586121	2.408869098585451	-0.7236053153219917	-0.7236053153189818	-2.023659919558852	-1.059577651636432	-2.479504358501399	-0.724414927459499	-0.3724948255490502	-0.8178616827717045	0.1657084635407459	-4.027474555483861	-4.127989349840766	0.3527070442260164	1.756701467953454	0.4280573538010091	-0.4433901584871517	1.525639253345579	-1.21486725868161	-14.14179598647366	0.3148605733940517	0.4240211704230739	0.1850997117453251	0.07203102997996569	0.2676313001330993	0.2738124868373466	0.04161982988291926	0.08890050396167748	0.04607289987717055	0.01000008469492254	0.01124088400484431	0.01470529287497641	0.01087205918387122	0.01127291712776403	0.01037679256232753	0.01000020450585402	0.1674203648006354	0.01026575382459662	0.01025265271424992	0.01185388972593128	0.01843791981343457	0.0789127144032972	0.08907069878342781	0.2303080491499329	0.2172767006628665	0.1517540078234272	0.1959293562017408	0.1437699211963706	0.2603680294065633	0.2210480453872127	0.07963066506385769	0.01000021175949364	0.09929301671067596	0.0113384257543363	0.08097720774810285	0.2870395422972937	0.01051328032462801	0.01000004913669901	0.01000000919577841	0.01000003273771748	0.01004070793395375	0.01004021776190734	0.09218058493430967	0.1307214945034236	0.01014344836746991	0.01003859739589305	0.1651925559197392	0.01000032440848825	0.2216889363747441	0.175591439992169	0.0982234264988877	0.01000027910517251	0.01000001262505364	0.01000000453457805	0.2448291948061609	0.2798620484416627	0.185640593485792	0.1724655601906251	0.1724479618837436	0.1815897139593838	0.02167603805650092	0.06492580707782432	0.1003179455569966	0.01000894255172728	0.01000196527575796	0.08510717765059658	0.08927287728109895	0.1065255671905405	0.0100106083323557	0.01001460575355902	0.01000055199618424	0.1728191211192862	0.07672863194519421	0.01000000224320611	0.01000031004009168	0.370325728741831	0.01000006222540143	0.2176274789643446	0.3776876459039424	0.2592156332980226	0.1368564035418539	0.1517404527313293	-0.08555539049503773	-0.1015786690783764	-0.01719923525464064	-0.06016893365518828	0.05101005254894497	-0.004922232052039638	-0.1028580210876074	-0.02410701477591115	0.02583971766413525	0.01450675521284875	0.001715029609269752	0.3302015306513231	0.4336736096942617	0.2071078722359325	0.09326562025951564	0.2897753024993326	0.2886591568461711	0.08163645106962852	0.08733220773664989	0.03022534192486963	0.01000010270386205	0.01000009543108128	0.01000007112648628	0.009999999355805691	0.009999995061467598	0.01000015629373102	0.01000044640676675	0.2238059484341491	0.01000001027984718	0.010000035784075	0.01000012227382979	0.01000016378909164	0.04133933981672325	0.05976122474860229	0.2397820579688764	0.1963561003401216	0.1299973560589021	0.1636269649191856	0.1197166739425525	0.2577251013817716	0.2164013996541265	0.0763014640370298	0.01000012332753346	0.1190434435494815	0.009999991965890877	0.0405879313712999	0.2671951641939967	0.009999999392662043	0.01000005230803061	0.01000001021717592	0.01000003504002011	0.01000001293407281	0.01000000452964163	0.1035126198736782	0.1496733411744984	0.01000010290101973	0.01000003439738818	0.1604223410548152	0.01000026372978349	0.2183582715128128	0.1746524654643719	0.07808829379202901	0.01000022322777656	0.01000001658433318	0.01000000689137615	0.2563768165188127	0.2906331448870429	0.194792644542123	0.2182733960542537	0.2086025414094918	0.2131353030800542	0.04208617280156327	0.08001911445454887	0.1221098599765813	0.01000008654851618	0.01000001765099944	0.07860898341054633	0.05855586016535985	0.1238181712937956	0.01000000974956872	0.01000009654313298	0.01000009923175449	0.1771453110462592	0.08733812818373816	0.01000000281784469	0.01000021121547008	0.3785643880915807	0.01000007815338007	0.2617165884000062	0.457986679692897	0.3098023674393069	-1.279934281242877	-11.48555121246172	-1.201256005055292e-13	5.008535000371893e-12
0.321782955230729	-0.1925214269879416	0.1233797101458254	-0.5235987831097821	2.517696842599277	0.9075064055120778	0.0392116314994586	-0.09596889417300407	-0.06850419720076391	0.4790453895698752	0.5905301992970329	0.1994913912223796	0.4737036327973267	0.1604315176491023	-0.040955895988267	0.4923621284129707	0.445540831536627	0.4455408315366794	0.4091936797665056	0.4091936797665293	0.2222319089508116	0.1081601819977675	3.412503313451763	-0.03198905744983704	0.02571180916706717	0.7435831489253736	-0.3151422036867275	0.4611365284029265	0.6526706382619805	0.004745352275127412	0.6006838910055551	-0.1660925769178792	1.407857521272677	1.907560215735409	-0.7699450039510006	0.3547509912194439	-0.7906472327559106	-0.3833302682364536	0.00568137973509059	2.753757533904966	-0.2845823797202879	0.1474976118374558	1.680774141538372	0.2938989066234944	-4.743780951451436	-1.162272577874648	0.3008945381342517	-3.759113691354087	1.000701389839821	0.7358359471457002	0.3279085958989714	2.429825377884129	2.429825377884117	1.018701583809725	1.018701583809621	-2.187914365762456	-1.049310624344018	-2.812479870859246	-0.6648312455910212	-0.7085841819443235	-0.5133552753739231	0.3161779238197936	-1.589976653347786	-5.035829127910105	0.7438520745941958	1.419631495149381	-3.405526516776202	-0.1620277464103228	1.339762321022925	-1.511672587979447	-9.121949307558246	0.3210603401390751	0.4278754371909815	0.1951008555568446	0.08165478074974053	0.2769090323183585	0.2801204603493085	0.07019393300141316	0.08857828186284125	0.04353671557341441	0.0100001001119478	0.01064616752184039	0.01245686298076702	0.01045394540511166	0.01066281319277666	0.01019614982773355	0.010000404109222	0.1923389731736403	0.01013827674444122	0.01013147083650256	0.01096582671258497	0.01441980519154683	0.05464672686787515	0.07087073724338147	0.2345764986174292	0.2076604070099856	0.1393071201879601	0.1785706930805689	0.1315917064266711	0.2595002435503873	0.2181919704325671	0.07870259930466145	0.01000016912922118	0.1097456643726071	0.01069695783870341	0.05572391427693444	0.279255952195696	0.01026711146775283	0.01000005051776107	0.01000000964160908	0.01000003374861417	0.01002118404869613	0.01002092446496303	0.09957625171992741	0.1407993146553337	0.0100746855052456	0.01002009726802752	0.1643263191658192	0.01000029656665878	0.21249267166425	0.1695856368804509	0.0770313471707143	0.0100002339521971	0.01000001463446516	0.01000000559967152	0.2506793933367982	0.2851002142322973	0.1902486933100044	0.19466223201876	0.1889145018372851	0.1957400234483623	0.039758712468649	0.07479201882790586	0.1109809078665244	0.01000469609998702	0.01000103124957229	0.07524877302757303	0.06493958113574062	0.1161580321721118	0.01000552341423613	0.01000763433372929	0.01000033556042182	0.175904457429143	0.08248562509452689	0.01000000192486284	0.01000025727573751	0.3653152457027	0.01000006952898615	0.2359570483243958	0.4061545253724916	0.2792837554603049	0.1315258334047096	0.1522198180239714	-0.1027444678978665	-0.09354011404255032	-0.009785277416355155	-0.06062766191248727	0.07866131691006582	-0.004957055012522416	-0.09957185044788225	-0.02421417219589912	0.02998962752684844	0.03961751832633388	-0.001167093756238667	0.3361172846755032	0.4387254748115803	0.2155250459825754	0.09524431067769454	0.2982270738489742	0.2949319965507794	0.1234723995670558	0.08876974847045248	0.04856680583182828	0.01000012691838314	0.01000010340854249	0.01000007530620923	0.01000000024801239	0.009999995542394896	0.01000019956249261	0.01000074492602476	0.240730427757907	0.01000000815426916	0.01000003261075058	0.01000011623319507	0.01000010017428913	0.01000072648315586	0.03674380964800152	0.2441632977720924	0.1866424064102633	0.1123580512597383	0.1384257112773202	0.1080127494156238	0.2580291821858707	0.2105634119255622	0.07838587313033588	0.01000012261144294	0.1286223072391483	0.009999992123491706	0.01000044948042285	0.2619913437579949	0.01000000015768553	0.01000005180581239	0.01000001005910247	0.01000003470501835	0.01000001657232385	0.01000000620488697	0.1145699407690881	0.1609045267293641	0.0100001261828183	0.0100000411952232	0.164995002695994	0.01000026827519778	0.1786723589923241	0.1480712107059242	0.02568884565629191	0.01000015768140873	0.01000001697650654	0.01000000665660793	0.2654429607398049	0.2988329079410109	0.2004080491616026	0.2415734471346963	0.2217825273637017	0.2242036249709926	0.0741640399054497	0.09319405400572525	0.1290717442246082	0.01000009601047547	0.01000001924905717	0.04970936555133583	0.01324345646721944	0.1346349897095199	0.01000001068719733	0.01000006098273104	0.01000010209614708	0.1839344742235518	0.09222270805549498	0.01000000069505098	0.01000019210390008	0.3347645516070405	0.01000007694320943	0.2738038108748963	0.4749939387550362	0.3228714240852449	-1.139440773035613	-14.13367583614583	-1.291510522468414e-12	5.549332506620444e-13
0.3282186143353436	-0.1970528159467826	0.1224361285121254	-0.5209465214067427	2.535387724769397	0.9059556208906362	0.03992929868038819	-0.08474152680186912	-0.06777662136092664	0.4469774205155368	0.5834388828616129	0.2045538942689218	0.4484286709393506	0.1668095666493341	-0.03871275580481574	0.4920396064004918	0.4610879166808584	0.4610879166809042	0.416772661853616	0.4167726618536052	0.2079852375929105	0.1012799720824918	3.393048737722457	-0.03588989451442388	0.02034780596019378	0.7414294792281717	-0.3119320513352427	0.4504611701266859	0.6179760542790809	0.01076993258303503	0.6077660530253887	-0.1919829399089907	1.407764584430603	1.915421418155741	-0.7792099052746172	0.2908091658133526	-0.610137953741683	0.01916352826904723	0.7736404869006585	2.743504138956126	-0.1965617751024793	0.08205083812560128	1.767555963703167	0.008895923193009646	-5.130060760791915	-1.150897462855072	1.144942427446115	-3.928035826127958	0.9380214669377533	0.03167047421903493	-0.3922336871782793	2.415738678054623	2.415738678048258	1.157071172280448	1.157071172264674	-2.233525218574134	-1.091823996923601	-3.244295129174417	-0.5477107955060785	-0.9473007850204839	-0.1501895308845609	0.6963986735365777	-1.58976194841639	-5.716769469150374	1.125591534169988	0.7861453639382505	-4.611980986020675	0.1130713603026242	1.119901524483182	-1.284077583974335	-10.3738548922329	0.3261560545286013	0.4318071567119261	0.2037984203794279	0.08944094688950778	0.2844916398126511	0.2855260084130242	0.0979810418718465	0.08980589874884433	0.04105982018308962	0.0100001211743568	0.01033018963375045	0.01125848837977322	0.01023185543693897	0.01033863400938435	0.010100230832326	0.01000051151935393	0.2118349645989869	0.01007059681378326	0.01006713218095174	0.01049370803572424	0.01227015900110149	0.03413555111686725	0.05236856696308115	0.2385496691405937	0.1992341623035981	0.123821906688284	0.1563122071053744	0.1229649848989199	0.2599461366456741	0.2008755639376451	0.07940274973443621	0.01000019267127516	0.1201141569974749	0.01035609421635426	0.03474852212397841	0.2715587089660749	0.0101363926050728	0.01000004933073704	0.01000000926981331	0.01000003290053871	0.01001082102050597	0.01001068342348436	0.1060785291797559	0.1488021058401282	0.0100381901695652	0.01001027814947171	0.1644160582004123	0.0100002800891154	0.1973052237157742	0.1601035034534893	0.05501900157432218	0.01000020539667531	0.01000001539362593	0.01000000577895848	0.2540258282664364	0.2877230986484014	0.1925351169727734	0.216540613284434	0.2030595363638928	0.2063709776366713	0.06016627080274657	0.08597319803702892	0.1197714574453409	0.01000244483229112	0.01000053596835618	0.0591613883024534	0.04113186608213037	0.1227666824430737	0.01000282437638471	0.01000392235996154	0.01000022110399348	0.1806849826357384	0.08853412190156243	0.01000000146127503	0.01000022178388274	0.3544389516746977	0.01000009553886019	0.2478333375596491	0.4252088284860039	0.2925245018439181	0.1257276851871226	0.1526215488887861	-0.1177898346425621	-0.08510630243570562	0.002538976142825753	-0.06018541609618976	0.08730501464837291	-0.007606311452670738	-0.09642306702186888	-0.02467487642853241	0.03445307771679872	0.04647622523214539	0.001298663224390928	0.3364587034166091	0.4420532000616909	0.2207979286533692	0.1034786635731237	0.2993181416952958	0.296503058485146	0.1433984429074393	0.09373635320712646	0.02928364095128771	0.01000015685578169	0.01000016121563162	0.01000016660170468	0.0100000019681107	0.00999999645212689	0.01000014495831803	0.01000052075505779	0.2477559123730932	0.01000000481692992	0.01000002411717693	0.01000008049931703	0.0100000716350681	0.01000042801419889	0.02337208841467764	0.2468788042992928	0.1835807101552822	0.09125315649557973	0.1058941451574851	0.1124625835441309	0.2631938125130577	0.1365411535735523	0.08196315722395459	0.01000029727296381	0.1400609638316496	0.009999992351519407	0.01000027154012153	0.2527334932606743	0.0100000016708139	0.01000004495142833	0.01000000788624785	0.01000002974112945	0.01000001557275456	0.01000000514580944	0.1153453891683177	0.1607970758691803	0.01000013772740874	0.01000003953966764	0.1641726767985532	0.01000025836975135	0.1653607121575084	0.1426563420502538	0.02884516991978414	0.01000019080926659	0.01000001551543428	0.01000000538137447	0.2553517368930251	0.2872497518633067	0.1926797107794075	0.2638500402861836	0.2307009488571427	0.2241188549955523	0.09311976934643615	0.1067149410993211	0.1348842243181635	0.01000009906643353	0.01000001988743502	0.02985484753456113	0.01162178338081834	0.130025739284708	0.01000001008125394	0.01000004482497202	0.01000010150056951	0.1922931458771559	0.1001512605838147	0.01000000121732951	0.01000017858293399	0.3292777757536464	0.01000016134013461	0.2647737147317493	0.4589844376422682	0.3129544005426909	-1.039629898057249	-14.838906751756	-2.462895444431298e-12	-3.898668499047804e-12
0.3346542734399582	-0.2002791027179328	0.1227133905720333	-0.5142191573680065	2.553002833000309	0.9049865753366106	0.0403516563644231	-0.07374303449588611	-0.06740262978507056	0.4141972625560958	0.5743083500306317	0.2125881249811767	0.4253007329402574	0.171946813239821	-0.03964199659294838	0.4877757031575301	0.4768150289840491	0.4768150289840898	0.4217758463960283	0.4217758463959849	0.1935604246759882	0.0940685825219483	3.3706045829552	-0.03904248369282051	0.01366138975077338	0.7417239943063418	-0.3059860485412724	0.4424482020061473	0.5794664970541187	0.01919708165544967	0.6108652258945981	-0.2250892901428947	1.409054512892546	1.92218913097414	-0.7853981599425811	0.2260564066765485	-0.3850626066092743	-0.003930528344666149	1.272094737366786	2.730209381973778	-0.1037962135359762	0.05572472828703236	1.609646984364227	0.1840160591325969	-4.965106813495086	-1.795996757643721	1.224413831247269	-3.091886348521115	0.6150991078817621	-0.2500400677964289	-0.8969484574057994	2.485772143873003	2.485772143873084	0.2182249007231548	0.2182249007231557	-2.243275145796793	-1.15223081963769	-3.741546805140755	-0.4322993865517017	-1.119548461671512	0.2474633849673045	1.166394009989926	-0.7625897080580265	-6.221402563412419	1.490494720552082	0.1818440082140552	-5.648027908199651	0.2677232026727511	0.9999402187228738	-0.55554778204128	-9.373961949724407	0.3296333799740983	0.4355413018850763	0.2111298735190453	0.09733051892770993	0.2897691475025824	0.2895745670864777	0.1213349751009095	0.09265817844046007	0.03054177364005126	0.01000014667215495	0.01017190047304673	0.01065540035089113	0.01012063330167571	0.01017620049145269	0.01005219807903777	0.01000045321743877	0.2263122161891263	0.01003672763869685	0.01003493297448991	0.01025695089842447	0.01118303698860461	0.02282769003874457	0.03570189657534455	0.2420511753390423	0.1927698547308137	0.1056254606393424	0.1292269783048238	0.1196938158113108	0.2620701036973074	0.1611421134350794	0.08137516300669213	0.01000029173736797	0.1307784929514331	0.01018528589273008	0.02316126699274477	0.2632557595362217	0.01007095967479608	0.01000004531137211	0.01000000799791413	0.01000002999552876	0.01000563630781944	0.01000555970947887	0.1100901539936509	0.153475787514327	0.0100199363238138	0.01000536521886916	0.1641461431294101	0.01000026689613255	0.1825779726353672	0.1521322978328394	0.04396554062410541	0.01000020766829435	0.01000001504319515	0.01000000523132911	0.2525466239517154	0.2853998435385086	0.1909915014352143	0.2380700930792849	0.215032177520328	0.2128710299715805	0.07925227005571885	0.09798136025127506	0.1272196998592187	0.01000132018587369	0.01000028853027161	0.04087191388102612	0.02700106924783977	0.1246568274763074	0.01000147390456513	0.01000205739415276	0.01000016355131728	0.1868167762143477	0.09534411889739491	0.01000000149038763	0.01000019727227098	0.3452627808365435	0.01000015072847426	0.2520617125246048	0.4330147183764306	0.2976232249930553	0.1199295369695355	0.1530232797536007	-0.1328352013872577	-0.07667249082886092	0.01486322970200666	-0.05974317027989224	0.09594871238668001	-0.01025556789281907	-0.09327428359585553	-0.0251355806611657	0.038916527906749	0.0533349321379569	0.003764420205020511	0.3368001221577147	0.4453809253118019	0.2260708113241631	0.1117130164685528	0.3004092095416174	0.2980741204195125	0.1633244862478228	0.09870295794380043	0.01000047607074704	0.01000018679318022	0.01000021902272077	0.0100002578972001	0.01000000368820902	0.009999997361858885	0.01000009035414358	0.01000029658409083	0.2547813969882793	0.01000000147959081	0.01000001562360342	0.010000044765439	0.01000004309584706	0.01000012954524191	0.01000036718135374	0.2495943108264931	0.180519013900301	0.0701482617314212	0.07336257903765002	0.116912417672638	0.2683584428402447	0.06251889522154236	0.08554044131757331	0.01000047193448564	0.151499620424151	0.009999992579547276	0.0100000935998202	0.2434756427633537	0.01000000318394229	0.01000003809704429	0.01000000571339331	0.01000002477724057	0.01000001457318588	0.01000000408673259	0.1161208375675473	0.1606896250089964	0.01000014927199932	0.01000003788411266	0.1633503509011125	0.01000024846430492	0.1520490653226927	0.1372414733945834	0.03200149418327659	0.0100002239371252	0.01000001405436188	0.01000000410614076	0.2452605130462452	0.2756665957856025	0.1849513723972124	0.2861266334376709	0.2396193703505837	0.2240340850201121	0.1120754987874226	0.1202358281929169	0.1406967044117189	0.01000010212239296	0.01000002052581842	0.01000032951778645	0.01000011029441728	0.1254164888598961	0.01000000947531233	0.01000002866721452	0.01000010090499715	0.2006518175307601	0.1080798131121343	0.0100000017396077	0.01000016506196786	0.3237909999002526	0.01000024573705993	0.2557436185886024	0.4429749365295002	0.3030373770001371	-0.8985656648821506	-13.96642361130882	1.361284227818377e-14	-2.452344388378383e-12
0.3410899325445728	-0.2019146760420576	0.1221743316350081	-0.5045957153481008	2.570554032679092	0.904614797542129	0.04063484207586943	-0.06424524237282028	-0.0652534199428805	0.3831834569298381	0.5603406700623027	0.2205796890194758	0.4040237254383713	0.1745328659192649	-0.04171009889797341	0.4804745721431622	0.4930836193636395	0.4930836193636561	0.4218205644562372	0.4218205644562033	0.1791347937189472	0.08644593778567787	3.344760786600741	-0.04148173153996539	0.006022784759221126	0.7447313446266013	-0.2971136456247843	0.4363048858937795	0.5381820508229007	0.02994503766482938	0.6108652434382084	-0.2609899701873156	1.410923165827848	1.928334569609253	-0.7853981557212262	0.156618563817538	-0.1276575347569377	-0.1888779595991341	1.712665317711129	2.723752600719167	-0.01277248076008512	0.03333825625320324	1.339714787194696	0.5175814414374678	-4.655514134622674	-2.55995274320483	1.217227899916953	-3.333590932026254	0.1789439923958835	-0.3620545646529007	-1.370014903758491	2.586762234185637	2.58676223418548	-0.2696743324636554	-0.2696743324630942	-2.235344669136135	-1.213858703911326	-4.298792462463883	-0.3255495676236091	-1.250072120311033	0.6991668853996108	1.568939386108304	-0.9789938217088635	-6.584784299548617	1.847959144091134	-0.1717287010715544	-5.476280678709596	0.2869452194823456	0.900216594879375	0.6580384796509222	-11.69819901329227	0.3318627621173476	0.4379589836311266	0.2174419352457067	0.1049697052906328	0.2932680697964671	0.2924281543250309	0.1413238637254131	0.09762967083973099	0.02078212464440112	0.01000015729884514	0.01008793142315493	0.01973467806159484	0.01006158693284972	0.01008995854727796	0.01002668194131561	0.01000034537278475	0.2358639217347507	0.01001874787926217	0.01001783786589222	0.01013122017446336	0.0106048878594544	0.0166649746639667	0.02357971180552858	0.2451905642639044	0.1890597232070983	0.09187767798477051	0.1088082380430954	0.1163069111016683	0.2659346729024842	0.1160601840190166	0.08498687378980024	0.02771921359938197	0.1421071397645747	0.01009459576598716	0.0168413365136943	0.2556656981632945	0.01003622470367877	0.01000003920149119	0.01000000604214353	0.01000002558165025	0.01000288330985765	0.01000283939855831	0.1114814437652424	0.1554146947979219	0.01001024331364339	0.0100027556503526	0.1630081945346871	0.01000025548726837	0.1672252429847779	0.143644835360951	0.0414975529464105	0.01000023922878731	0.01000001556615355	0.01000000515398238	0.2488642911909094	0.2807183381040858	0.1871138456789574	0.2591259474186301	0.2256781801943778	0.2171278275338345	0.09758428780630578	0.1105374613124824	0.1341458111803603	0.01000072327744476	0.01000015776297064	0.02641674590319527	0.01888244036528521	0.1242734981345087	0.01000075682103959	0.01000106340888395	0.01000013233365849	0.1921458369938355	0.1011160503605342	0.01000000244940537	0.01000018363576443	0.3344929092733965	0.0250809366658523	0.2520872134084649	0.4339569638581162	0.2981181386415529	0.1145855342389683	0.1545480813496343	-0.144688509422072	-0.06845083796172349	0.01629632403950066	-0.05746196086898391	0.1027578219272823	-0.01306004699062967	-0.09059515982230167	-0.02575535863455978	0.04468054556886621	0.05984604624580756	0.003998141774394197	0.3359237705963047	0.4414552326073707	0.2301877714512819	0.1185944251342071	0.2995789783324675	0.2977289026528442	0.1767839741899182	0.1091878762002264	0.0100003300342813	0.01000015279499598	0.010000447377959	0.04582615810886822	0.01000000515016314	0.009999998280054163	0.01000006234571232	0.01000017907298149	0.250751912253262	0.009999999615724181	0.01000001072620576	0.01000003050453769	0.01000003234510322	0.010000089139369	0.01000022750100427	0.2519142708289511	0.1850581845778737	0.07565649980530161	0.08476411901408033	0.106771414066934	0.2772656276185409	0.03625945790552928	0.09329582048473344	0.0781387970881883	0.165313680720058	0.009999992590394982	0.01000006468150805	0.2401301277569286	0.01000000301868931	0.01000002837545406	0.01000000255576073	0.01000001776627749	0.01000001172900101	0.01000000245243955	0.1110802014334232	0.1563831035024351	0.01000012652844507	0.01000003240224822	0.1593620013366202	0.01000023946985943	0.1343005284127748	0.125072257787633	0.04423676509526583	0.01000031291842224	0.01000001785208279	0.01000000589180628	0.2394489360001554	0.2684234628146688	0.1770349979031551	0.3067959925809461	0.2480353756785334	0.2247818106724184	0.1301966223212443	0.134370874156293	0.1473920993563141	0.01000009995462356	0.01000002218969535	0.01000021707974688	0.01000007639528771	0.1222426636971827	0.01000000896416789	0.01000002575517524	0.01000009884026861	0.2011119463406854	0.1096787418741101	0.01000000489602217	0.01000017310498627	0.3026136778674517	0.06781858045865898	0.2489269251715832	0.4297859722491901	0.2955365200688261	-0.7960872035542353	-13.41864120934912	2.566118904168335e-12	-8.831051556177352e-13
0.3475255916491874	-0.2019793142748876	0.1199568185951594	-0.4922508686449033	2.588056000941016	0.9048088951072444	0.04079437883244271	-0.05652813387558191	-0.06030702898544734	0.3544998074246811	0.5411622914755909	0.2277163440437176	0.3847966898817253	0.1741262290742199	-0.04390817165171338	0.4701675225508103	0.5103259113599399	0.5103259113599323	0.4174636879893208	0.4174636879892957	0.164845375085959	0.07848050866557338	3.315158877342578	-0.04323025953687903	-0.002374406931654251	0.7508781722029902	-0.286073995567609	0.4320040494352403	0.495016921662086	0.04296122997928147	0.6087849782959298	-0.2951580370101017	1.412412578160531	1.933651873690633	-0.7756091637737474	0.08201004781042399	0.1031345059309477	-0.5255411588719575	2.117821530062264	2.714909809545333	0.07206001179509844	0.01729853072086055	1.056266635513662	1.053291777835096	-4.240967737698761	-3.415317648228574	0.958735056173888	-2.454819680078038	-0.3149344687302108	-0.2904307860854106	-1.83109320164284	2.788367914378342	2.78836791437819	-1.149651938599449	-1.149651938599463	-2.200944648425136	-1.258757402045073	-4.909449840963717	-0.2176454292002492	-1.355293297289395	1.223113957939931	1.839906110068854	-0.1900051094035784	-6.805859538168361	2.195391071169119	-0.464642279730374	-5.109586322434435	0.1498671767853825	0.7425821012894545	2.486561055835654	-10.98084418851765	0.3330476156768578	0.4383871335877952	0.222900122814096	0.1122040991581298	0.2952613487558279	0.2941690635395885	0.1581845066015828	0.1049266339733095	0.01565940108791025	0.01000014562365892	0.01004602331052324	0.04147919318764404	0.01003204175316002	0.01004679884720331	0.01001390224006793	0.01000023269714182	0.2403890752664033	0.01000975203545215	0.01000928311751813	0.01006827786405695	0.01031481879246965	0.01348580504178238	0.01714575336299576	0.248025026923304	0.1884948888238128	0.08627575127028564	0.1014085872791272	0.1100522941139182	0.2715660801255462	0.07624944205659105	0.09039042941795766	0.06830000815430146	0.1542693188343965	0.01004920847042799	0.0135785698312329	0.2495439931502083	0.01001884592523596	0.01000003128661009	0.01000000348572581	0.01000001986984413	0.01000150472600082	0.01000147777100886	0.1101484663658188	0.1548583071879878	0.01000538293330129	0.01000144749847755	0.1607410086980046	0.01000024528505109	0.1506283923211656	0.1335603472601364	0.0459261471727305	0.01000029948610741	0.01000001772571885	0.01000000600770125	0.2444008733860819	0.2751198658867209	0.1816626682925745	0.2796381587904189	0.2353926829589149	0.2200647124529502	0.1153402219418121	0.1235333141545406	0.1409146318082284	0.01000042359924738	0.01000009318021217	0.01866127048480734	0.0146544092706311	0.1227297823787349	0.01000039785473849	0.01000056472577687	0.01000011568565594	0.1955892057253854	0.1050559736048599	0.01000000450660186	0.01000018083389451	0.3201320968712917	0.05979551190545081	0.2496551506846657	0.4304598538556884	0.2958567643913097	0.109241531508401	0.1560728829456679	-0.1565418174568864	-0.06022918509458609	0.01772941837699465	-0.05518075145807558	0.1095669314678846	-0.01586452608844025	-0.0879160360487478	-0.02637513660795385	0.05044456323098341	0.06635716035365824	0.004231863343767887	0.3350474190348947	0.4375295399029394	0.2343047315784008	0.1254758337998614	0.2987487471233176	0.2973836848861759	0.1902434621320136	0.1196727944566523	0.01000018399781561	0.01000011879681176	0.01000067573319723	0.0816520583205364	0.0100000066121174	0.009999999198249586	0.01000003433728142	0.01000006156187212	0.2467224275182448	0.009999997751858017	0.0100000058288086	0.01000001624363646	0.01000002159435939	0.0100000487334961	0.0100000878206548	0.2542342308314091	0.1895973552554463	0.08116473787918198	0.09616565899051063	0.09663041046122997	0.2861728123968371	0.0100000205895162	0.1010511996518936	0.146277122241891	0.179127741015965	0.00999999260124286	0.01000003576319591	0.2367846127505035	0.01000000285343658	0.01000001865386385	0.009999999398128154	0.01000001075531446	0.01000000888481831	0.0100000008181489	0.1060395652992991	0.1520765819958738	0.01000010378489148	0.0100000269203858	0.1553736517721277	0.01000023047541398	0.116551991502857	0.1129030421806826	0.05647203600725493	0.01000040189971909	0.01000002164980373	0.01000000767747188	0.2336373589540655	0.261180329843735	0.1691186234090978	0.3274653517242214	0.2564513810064831	0.2255295363247246	0.148317745855066	0.1485059201196691	0.1540874943009092	0.01000009778685756	0.01000002385358392	0.01000010464170732	0.01000004249615818	0.1190688385344692	0.01000000845302862	0.0100000228431396	0.01000009677554212	0.2015720751506105	0.1112776706360859	0.01000000805243668	0.01000018114800472	0.2814363558346508	0.1256369151802578	0.2421102317545641	0.4165970079688802	0.2880356631375151	-0.7055150782028042	-12.21250260369318	1.542413129461733e-12	-6.518848808364404e-13
0.353961250753802	-0.2004072061251006	0.1154050090798975	-0.4773869933986383	2.605513565163135	0.9055373341900886	0.04084522998316523	-0.05075318558138939	-0.05180899150377984	0.328503359185878	0.5165744697802719	0.233159949314649	0.367906586003963	0.1703329884605215	-0.04543955669471803	0.4569462090564752	0.5290384219195962	0.529038421919594	0.4091637507506897	0.409163750750684	0.1508650698374461	0.07029188133420464	3.28145196626927	-0.04426438404224243	-0.01138642679858729	0.7606130755700661	-0.2737380250734712	0.4294885937743627	0.450864605870237	0.05818273776173315	0.6052862246263691	-0.3233909406717957	1.412663083630975	1.93787514674008	-0.7517473693894876	0.003199343821287534	0.3816135868113572	-0.8902451637419818	2.489493513808574	2.70973188551857	0.1527888521977659	-0.0005468227397036484	0.7508818326921818	1.593249566992366	-3.829645679147328	-4.22402428655814	0.7098883514383171	-2.64960120138408	-0.8583638270478638	-0.1743943307645035	-2.265740806315846	3.036964654887798	3.036964654889557	-1.489502337451931	-1.489502337448637	-2.14095036032425	-1.279451188596352	-5.571718552403926	-0.10354464028833	-1.445868738587416	1.810589497575887	1.989170736709376	-0.4605861479893004	-6.895172345400974	2.534173196322458	-0.6367409591162313	-3.665861665615955	-0.07802682630397285	0.5771865075939449	4.957228653339592	-12.99087778183248	0.3332431738623803	0.4371102410301951	0.2271842847800398	0.1178918231099329	0.2959450531101737	0.2948917488185119	0.1707439237665101	0.1129114571215399	0.01291194273096277	0.01000013239539944	0.01002385719861072	0.05674868562279121	0.0100163593514316	0.01002388880637499	0.01000711046171756	0.01000014414988066	0.2404469757264093	0.01000497640795261	0.01000474063786041	0.01003486058011683	0.01016077277024405	0.01178807109452573	0.0136841881444661	0.2503385116015194	0.1910941631063129	0.08536051007982233	0.101607540733391	0.09461331767863175	0.2784498728990296	0.0466779570039231	0.09695617792227089	0.1052152361349665	0.1652190546439562	0.0100251153135248	0.01183588888010154	0.2447696806388348	0.01000962092022604	0.0100000240247324	0.01000000113659767	0.0100000146308854	0.01000077184401454	0.01000075438591257	0.1038152133654456	0.1518810083642007	0.01000279236290602	0.01000075088597224	0.1571995746287191	0.01000023694004791	0.1330259542334678	0.1237042101490452	0.0524911900019172	0.01456944788909894	0.01000002199523994	0.01000000827334142	0.2398546491949497	0.2692850907205191	0.1744538679297397	0.299154189302299	0.2440258764007381	0.2218921739258711	0.1323019824740976	0.1365651203786852	0.1474399121742016	0.01000026221215685	0.01000005981146744	0.01447486353989313	0.01239141661064401	0.1204951783787405	0.01000020733098137	0.01000030018956074	0.0100001069360322	0.197052490563267	0.1068746155982664	0.0100000090194246	0.01000023895625575	0.3045610383143779	0.09474255298466625	0.2452076819505344	0.4230660909417611	0.2912200384934425	0.1044641283994502	0.1594155956162699	-0.1648467537853128	-0.05167208497362384	0.009899367146111686	-0.05060178121882931	0.1133456892404573	-0.01588357137748636	-0.08530789193326156	-0.02629983899908386	0.05678055171721907	0.07071963512497878	0.006287777103547297	0.3323756135353517	0.4313498636525354	0.2349625668416511	0.1262973827924535	0.2959365872840483	0.2953000928711534	0.1905147873731693	0.1277945439507505	0.01000026647784372	0.01000011844027792	0.01000080188204462	0.06866653678249994	0.01000000845367834	0.01000000051872807	0.01000002481340281	0.01000004359675208	0.2350704052952234	0.009999996873790792	0.01000000355193228	0.0100000108588992	0.01000001733343234	0.01000003664197436	0.01000006127717014	0.2547815622413287	0.2004470791833384	0.08673348061788182	0.1068182863373978	0.05331528331839134	0.2959640191000995	0.01000001330707674	0.1098346981067289	0.1594980947596557	0.1849095016020814	0.009999992560477408	0.01000002755561097	0.2355768952684343	0.01000000230026203	0.01000001459159881	0.009999998085992617	0.01000000782622905	0.0100000067897827	0.009999999664650485	0.08548129197844105	0.1431361927769046	0.01000008098333648	0.01000002264794293	0.1484813070985585	0.01000022634762004	0.09787786488215122	0.1062003798891373	0.06353336797366524	0.02731421702331923	0.01000003050577256	0.0100000131386117	0.2299911232650759	0.2558666097678214	0.1573161288880736	0.3442586617817674	0.2620360046465736	0.2246434812892504	0.1639849163484277	0.1617466719064783	0.1600351102390668	0.01000009070767013	0.01000002601036648	0.01000006909999031	0.01000002739276547	0.1157413884895764	0.01000000889762956	0.01000002569525709	0.01000009869239608	0.1976459179958776	0.1077434453468515	0.01000001852424776	0.01000039975203218	0.2671116653320785	0.1512029618789688	0.2327955678672969	0.3979424123457918	0.2771945176493184	-0.6682504626947392	-11.65451692250407	2.854761480205882e-13	-5.079267120103157e-13
0.3603969098584165	-0.1971165300466587	0.1084823915559808	-0.4603610881329804	2.622925854859886	0.9067558340136791	0.04079955244788097	-0.04670270499075967	-0.03972748062045513	0.3053135787592598	0.4868164166478757	0.2365565045854625	0.3525526189163223	0.1631490219024329	-0.04601022839842519	0.4411580511785453	0.5495453168054849	0.5495453168054892	0.3975221838662221	0.3975221838662337	0.1373238303372492	0.06209670417484785	3.243364705461839	-0.04456065718296959	-0.02099121207564569	0.7742909952252695	-0.2605293614764282	0.4277635539052124	0.4065258861455299	0.07556907527792701	0.6004080433152571	-0.3423624782714124	1.41133092820448	1.941175094464351	-0.7114388877007879	-0.07850451869229992	0.6372112474594116	-1.262313560408158	2.789712309974938	2.700839914335674	0.2243554432386776	-0.01269954210869851	0.5203564262907505	2.166922357336534	-3.368743852519191	-5.022062614862008	0.3225764369036608	-1.977436780394652	-1.368665214834277	0.008128640089507855	-2.62878752661325	3.3460060018743	3.34600600187424	-2.18812510859582	-2.188125108595811	-2.064496853731047	-1.260792882209772	-6.270724470523406	0.01165551666821514	-1.539506102663271	2.448479135187219	2.111111619565135	0.05563120608752763	-6.863788003976486	2.868151917917545	-0.893324912109549	-2.231445663073217	-0.3419739452353919	0.4556416923755001	7.597673072407944	-11.87994665654748	0.332478115139803	0.4342955402044218	0.2301191663084368	0.121503042172802	0.2954221985876375	0.2946450258042574	0.1783345866004693	0.1208643867089524	0.01151837965667983	0.0100001255999551	0.01001283072763761	0.05867963922282782	0.01000851477324164	0.01001242774444219	0.01000370810587845	0.01000009087699708	0.2362468537662266	0.01000258697985752	0.01000246714466451	0.01001813857440001	0.01008365093897423	0.01093144806760643	0.0119220812995164	0.2520129310694839	0.1968262125285622	0.08728724502532358	0.1062697981203495	0.06636818365517132	0.2863064098007377	0.02973646015797261	0.1044094252552527	0.1303041588532394	0.174001826517369	0.01001306159475552	0.01095638973217713	0.2412642184937852	0.01000500576555346	0.01000001836190473	0.009999999305721168	0.01000001054631743	0.01000040418315092	0.01000039194630167	0.09127038641007762	0.1464943464259486	0.01000148505890379	0.01000040028026607	0.1523043793726374	0.01000023070265443	0.1145540839187628	0.1150349605424242	0.05921242757192439	0.02533577572869554	0.01000002855690089	0.01000001213597619	0.2356155397913439	0.2636039702608196	0.1653811506995277	0.317427788481856	0.2514895820974846	0.2227138259767391	0.1483605043280298	0.1494601776548874	0.1536796004868169	0.01000017794284582	0.01000004419717057	0.01233609080182577	0.01124632829927036	0.117796410529564	0.01000011224661015	0.01000016928473894	0.01000010351714717	0.1964670604603993	0.106410384636128	0.01000001651033306	0.01000037728150308	0.2892206814827211	0.123957824609901	0.2389772104736585	0.4120744017657162	0.2844091157568348	0.09968672529049948	0.1627583082868718	-0.1731516901137393	-0.0431149848526616	0.002069315915228727	-0.04602281097958305	0.1171244470130299	-0.0159026166665325	-0.08269974781777534	-0.02622454139021385	0.06311654020345472	0.07508210989629933	0.008343690863326704	0.3297038080358087	0.4251701874021313	0.2356204021049014	0.1271189317850456	0.293124427444779	0.2932165008561309	0.1907861126143251	0.1359162934448488	0.01000034895787184	0.01000011808374406	0.01000092803089212	0.05568101524446342	0.01000001029523955	0.01000000183920676	0.01000001528952523	0.01000002563163192	0.2234183830722021	0.009999995995725042	0.01000000127505745	0.01000000547416216	0.01000001307250534	0.01000002455045262	0.01000003473368547	0.2553288936512483	0.2112968031112306	0.09230222335658167	0.1174709136842849	0.01000015617555265	0.305755225803362	0.0100000060246372	0.1186181965615643	0.1727190672774205	0.1906912621881978	0.009999992519712142	0.01000001934802602	0.234369177786365	0.01000000174708813	0.01000001052933371	0.009999996773856906	0.01000000489714355	0.01000000469475331	0.009999998511159043	0.06492301865758296	0.1341958035579354	0.01000005818178348	0.01000001837550562	0.1415889624249893	0.01000022221982611	0.07920373826144539	0.09949771759759204	0.0705946999400756	0.04462803214691943	0.01000003936174145	0.01000001859975162	0.2263448875760863	0.2505528896919077	0.1455136343670494	0.3610519718393135	0.267620628286664	0.2237574262537761	0.1796520868417893	0.1749874236932874	0.1659827261772244	0.01000008362848854	0.01000002816716531	0.01000003355827326	0.01000001228937265	0.1124139384446836	0.01000000934224237	0.01000002854738111	0.01000010060925028	0.1937197608411446	0.1042092200576171	0.01000002899605901	0.01000061835605956	0.2527869748295062	0.17676900857768	0.2234809039800296	0.3792878167227033	0.2663533721611216	-0.6432286572886328	-10.56117284243785	9.032529115889738e-13	-6.354639977879668e-13
0.3668325689630311	-0.1921663212577168	0.09932585399721996	-0.4416650779163736	2.640283637809911	0.9084043542726112	0.04068112392266853	-0.04392523416021497	-0.02413848886422571	0.2851518760179865	0.4523135598568496	0.2374691678809983	0.3384510983484654	0.1528334812556092	-0.04537579976887159	0.4233356769377944	0.5720832528073242	0.5720832528073146	0.3827200476779059	0.3827200476779255	0.1243114332927092	0.05414383749764601	3.200669197656612	-0.04412381078118052	-0.03121404821774692	0.7921973931676539	-0.2464264403554264	0.4257444536879011	0.362768992171585	0.09509988246616149	0.5936390750676621	-0.3506816105145508	1.408377816165922	1.943957839788939	-0.654553947641547	-0.1588647024967891	0.893724970620704	-1.575284583432794	3.005424160660008	2.692685562466519	0.2860306892465409	-0.02291507709420288	0.3616336754561795	2.674157645722434	-2.890259642167172	-5.688808781529025	-0.05661619107311908	-2.311298719100244	-1.822005364661571	0.1928176222123022	-2.892524003754026	3.662695166208388	3.662695166209069	-2.47557499109855	-2.475574991099031	-1.977176715107534	-1.203421732900117	-7.000637340037095	0.1242348821376333	-1.640214708273478	3.117431175442669	2.292390868536789	-0.6344462301621457	-6.716732624042189	3.2020278757959	-1.243905689768471	-0.3092511662997093	-0.5525864712754085	0.4373444401131122	9.965078157447504	-12.70370343915875	0.3304243001174826	0.4301495609237468	0.2314836260302913	0.1225450761079635	0.2937193002630195	0.293280062775122	0.1817423734760301	0.1279990315817501	0.01857225966370518	0.01000012832767956	0.01000703459667225	0.05175226571900946	0.01000435175879441	0.01000634479704411	0.0100018992219417	0.01000005736220563	0.228141356271987	0.01000131840393772	0.01000125966328191	0.01000926071354108	0.01004270850960601	0.01047607637209785	0.01098377816582017	0.2527688653259375	0.2043873633547025	0.08931816256374564	0.1111243067164576	0.04087730254732432	0.2941643254871592	0.0203484442073164	0.1122418064135342	0.1471236303495506	0.1801779475109653	0.01000666339720103	0.01048883941886514	0.2389532572900721	0.01000255586515544	0.01000001408325206	0.009999997925696689	0.01000000746164275	0.01000020832707907	0.01000019916655098	0.07343399543623602	0.138890957117305	0.01000078325926335	0.01000021275774382	0.1464654866417196	0.01000023043898806	0.09186942739223319	0.109294039906019	0.06667446005865996	0.04271825773577932	0.010000060631101	0.01000002271213176	0.2315572995144188	0.2578170528224072	0.1550875245795513	0.3336728814465887	0.2572052072901169	0.2224444908892855	0.1633285418301241	0.1616518119135463	0.1589741455603675	0.01000012941985452	0.01000003657370696	0.01119637592277344	0.01063729132446585	0.1144856861803045	0.01000006232941931	0.01000010311409273	0.01000010448373573	0.1948358623128508	0.1041541566523191	0.02902355953796388	0.02437804753172754	0.2771256016225035	0.1479501199916881	0.2305731167021807	0.3972902231425046	0.274964084226211	0.0964650087201914	0.1665592747756622	-0.1770315839586555	-0.03348508060978354	-0.01081812382691731	-0.0403477305242999	0.1192623073315542	-0.01230042816647081	-0.08033286423681836	-0.0262278962201796	0.06903132406889982	0.07857005520457724	0.01221453040863597	0.3232470506781601	0.4172074961747754	0.2323477731622293	0.1213544866033762	0.2880501632268849	0.288371653554204	0.1841194848029635	0.1403463566528068	0.03967910459822598	0.01000014224679255	0.01000104505638019	0.03284081890426583	0.01000001226304239	0.01000000321959859	0.01000001159626243	0.01000001970211149	0.2053307820165273	0.009999995630242986	0.01000000031334294	0.01000000333012512	0.01000001143202617	0.01000002027797079	0.01000002728348091	0.2530904989090596	0.2221254423551373	0.09174516692980821	0.118220683467207	0.01000009436604204	0.3122398062237482	0.01000000432249011	0.1270352568383028	0.1714504799518295	0.189559230593484	0.00999999246204817	0.01000001692852831	0.235225134720721	0.0100000014798519	0.01000000885485807	0.009999996244056782	0.01000000369421789	0.01000000365307353	0.009999997894855742	0.03746165716851047	0.1215850686458494	0.01000004597728578	0.01000001629686086	0.1340516424129862	0.01000023688669508	0.0446019784926275	0.102711917174139	0.08043783770316922	0.07758967740989327	0.01000014036792025	0.01000004654969719	0.2226325009060373	0.2441454453053853	0.1333802226947097	0.3704507978794603	0.2676096775176865	0.2204009605422091	0.1922505382543736	0.1851694579128505	0.1681579348471959	0.01000007477037517	0.01000002901362144	0.01000002158671891	0.01000000642403551	0.1075191579924981	0.01000001108571593	0.0100000388461556	0.01000010962296949	0.1907184340756294	0.09829000020934524	0.08326574140013847	0.0650788753112465	0.2553066602836437	0.1889801095975645	0.2087507939038011	0.3527073671991966	0.2488825670612133	-0.6504335604654632	-9.955170934276429	1.734065327999335e-12	-7.938530397705901e-13
0.3732682280676456	-0.185708779402304	0.08830892400645389	-0.4218703124234495	2.657574918467795	0.9104126873479306	0.04051991218352141	-0.04180551090704215	-0.00535243224544113	0.2681973125051532	0.4137423417377767	0.2356003853864473	0.3240075596893743	0.1398914372803692	-0.04347968277284893	0.4041503933549879	0.5967485107781002	0.5967485107780789	0.3648388472381666	0.3648388472381879	0.1119028811735694	0.04670085638863842	3.153219384721904	-0.04295988755705297	-0.04213879140299279	0.8144314553210117	-0.2307560718579536	0.4202236830463554	0.3203010564734524	0.1167913820782276	0.5839642351648553	-0.3457685371049106	1.4045166882957	1.947167221354511	-0.5846591961218649	-0.2370011759741873	1.105642851821543	-1.840464892254648	3.131170824438717	2.680173098048768	0.3361739254791996	-0.02599521668282734	0.31594921315831	3.16046935722025	-2.372066061286021	-6.286381081034479	-0.541809247976664	-2.083725229198593	-2.184899662800796	0.4002216178583564	-3.052336798737424	4.00711062141595	4.007110621416233	-3.145001228433594	-3.145001228433681	-1.876840883303951	-1.102336518546459	-7.748212649407181	0.2376080765160785	-1.757636687953693	3.793380764109819	2.598224857849099	-1.032577600276867	-6.463220399302344	3.539627018948526	-1.796378229528372	1.880706767722482	-0.6241566447860123	0.5882267881486788	11.64071241382691	-11.18888755319443	0.3268873938005163	0.4247915573394327	0.2311487734261774	0.1207486640463013	0.2908472272999945	0.2907089747286979	0.1812448797432172	0.1339536359219296	0.03644133669182986	0.01000014176799821	0.01000419356849846	0.03724195490113818	0.01000227021672892	0.01000330249551872	0.01000099250262929	0.01000003763352962	0.216275089684238	0.01000068363242779	0.01000065515573332	0.01000481843315464	0.01002222261149796	0.01024775205944171	0.01051215531385602	0.2524507144333679	0.2131101963260627	0.09021398679256547	0.1142146677447469	0.02651959786339955	0.3014976285122049	0.01542956315651171	0.1202332756811334	0.1563496111473662	0.1834889715330449	0.01000346266822878	0.01025439516585975	0.2377883070471822	0.01000133019290629	0.01000001110607224	0.009999996970582839	0.01000000531739755	0.01000010983249948	0.01000010242343798	0.05065638437707402	0.1291548005208124	0.01000042609456041	0.01000011791366075	0.1398939624060946	0.01000023763705721	0.06302994528134366	0.1073112574776941	0.07511533131702296	0.06675047347669738	0.01000012715499357	0.01000004197107592	0.2276093168147546	0.2517766230675985	0.143919109724148	0.3474406642280407	0.2608500801614507	0.2210337773992237	0.1770998719287082	0.1728743260177451	0.1629999662412804	0.01000010072002839	0.0100000331832362	0.01062292995688244	0.01033167993336509	0.1104902986481805	0.01000003823044506	0.01000007516022927	0.0100001094719897	0.1926795814633089	0.1003202825554547	0.07248760571600384	0.05752038675641428	0.2700438331040855	0.1665423023573838	0.2197639471428214	0.3785644115846887	0.2626014561847601	0.09324329214988332	0.1703602412644526	-0.1809114778035718	-0.0238551763669055	-0.02370556356906335	-0.03467265006901676	0.1214001676500784	-0.008698239666409108	-0.0779659806558614	-0.02623125105014535	0.07494610793434493	0.08205800051285517	0.01608536995394524	0.3167902933205114	0.4092448049474192	0.2290751442195571	0.1155900414217069	0.2829758990089908	0.2835268062522772	0.1774528569916019	0.144776419860765	0.06935786023858009	0.01000016640984104	0.01000116208186855	0.01000062256406827	0.01000001423084613	0.01000000459999117	0.01000000790300249	0.01000001377259097	0.1872431809608525	0.009999995264765063	0.009999999351632458	0.01000000118608883	0.01000000979154719	0.01000001600548897	0.01000001983327635	0.250852104166871	0.2329540815990439	0.09118811050303471	0.1189704532501291	0.01000003255653145	0.3187243866441344	0.01000000262034296	0.1354523171150414	0.1701818926262386	0.1884271989987701	0.009999992404385281	0.0100000145090306	0.2360810916550769	0.01000000121261768	0.01000000718038236	0.009999995714256431	0.01000000249129213	0.01000000261140911	0.009999997278570634	0.01000029567943799	0.1089743337337634	0.01000003377279318	0.01000001421822856	0.1265143224009832	0.01000025155356406	0.01000021872380964	0.1059261167506859	0.09028097546626283	0.1105513226728671	0.01000024137409893	0.01000007449964256	0.2189201142359883	0.2377380009188629	0.1212468110223699	0.3798496239196072	0.267598726748709	0.2170444948306422	0.2048489896669578	0.1953514921324135	0.1703331435171673	0.01000006591226596	0.01000002986008251	0.01000000961516458	0.01000000055869841	0.1026243775403126	0.01000001282921171	0.01000004914494098	0.01000011863668876	0.1877171073101142	0.09237078036107335	0.1565314538042177	0.1201571322664335	0.2578263457377812	0.2011912106174489	0.1940206838275726	0.3261269176756898	0.231411761961305	-0.6549636565802438	-8.84339598791956	7.812049401290092e-13	9.973229395063529e-13
0.3797038871722602	-0.1779877706365316	0.07578489042884172	-0.4015061281675871	2.674784258477879	0.9127037366171926	0.04034630960050568	-0.03968540622701751	0.01637809464539225	0.2545477825242279	0.3718843876866119	0.2306381586788994	0.3083899951316987	0.1248969927900405	-0.04024737119666146	0.3842409538103346	0.623642684006477	0.6236426840064658	0.3437584472015379	0.3437584472015573	0.1001864734204812	0.04003541935601908	3.101063490546431	-0.04106515391631239	-0.05385248566850043	0.8410138779142923	-0.2127177538548862	0.4079005235831309	0.2798137322151225	0.14066793866557	0.5702244629899275	-0.3249278344854341	1.40062617084394	1.951855444136555	-0.506981232116119	-0.3097744028805794	1.288918562528957	-2.045236433453244	3.188163175278061	2.667518359044766	0.3740065741852176	-0.02721491247541552	0.3538914048569153	3.586610601526647	-1.87467053705406	-6.706445557677491	-1.006945839740935	-2.696777360464531	-2.464330433436572	0.6047417016288444	-3.123644987355902	4.349040103975718	4.349040103976551	-3.437784272528822	-3.437784272523046	-1.758513378415583	-0.9627823764214171	-8.434256565121288	0.3533651989071624	-1.884751490050294	4.464389195346562	3.00469991906825	-2.651744301349197	-6.10168073176327	3.881288083463143	-2.481769098200261	4.714300500537218	-0.5640215887661538	0.8925379875836361	12.3835599433644	-11.15872989319691	0.3220216964836507	0.4178683355686136	0.229150885288142	0.1147505474258664	0.2869932267432806	0.2870204519510821	0.1775905672623799	0.1386266789048485	0.05684621453905257	0.010000174127584	0.01000270369994024	0.0244213955680945	0.01000116650150847	0.01000168836817815	0.01000051014002352	0.01000002531678472	0.2007106428005022	0.01000034661655901	0.01000033404464306	0.01000245982695778	0.01001134800695054	0.01012651078487254	0.01026161663318525	0.2510460846171045	0.2216168446993244	0.09064553950003652	0.1166237086982584	0.0186253914568304	0.3076704673503804	0.012792685501164	0.1279610776021497	0.1600730824510239	0.184348305311017	0.010001763711569	0.01012990366954668	0.2369595070275006	0.01000067957276443	0.01000000902235621	0.009999996308647553	0.01000000382004096	0.01000005730458145	0.0100000509154102	0.03187611666565276	0.1168918754168746	0.01000023256103073	0.01000006700316616	0.1330071734722874	0.0100002368472608	0.0389415388022705	0.1025896370413317	0.08351619715151222	0.09039550446544917	0.03185887843022015	0.0317256067123452	0.2234912130124506	0.2457664477588543	0.1281661750792963	0.3584028064556063	0.262364003556483	0.2188209590900405	0.1894404292558063	0.182700420746213	0.164959766817546	0.01000008190366268	0.01000003172594125	0.01031824505778787	0.01016937741421664	0.1066319326383736	0.01000002621583285	0.01000006558087582	0.01000011961177296	0.1907321247639649	0.09565687873297518	0.1227703291231426	0.09098898274327918	0.264392330563492	0.1806559512557508	0.2063154376893442	0.3534705841952895	0.2466928643485539	0.09066124213921056	0.1726471005498926	-0.1815927073125423	-0.001189447000337384	-0.02847475268323463	-0.0171677746252994	0.1222962116200246	-0.002490488491680658	-0.07519018207473015	-0.02775447462967354	0.07987102427009753	0.08485099032045373	0.01904797269489548	0.3083107882076107	0.3967909202112949	0.222591289383493	0.09807257243821432	0.2766410214120332	0.2768013004503134	0.1666225055542363	0.1462116964714305	0.09063440613489268	0.01000024294609284	0.01000114045620745	0.01000040148006203	0.01000001708856662	0.01000000624238421	0.01000000667024195	0.01000001137775432	0.1627253586139038	0.00999999523511471	0.00999999918042456	0.01000000037853687	0.01000000941749639	0.01000001449352771	0.01000001738987148	0.2464010750158697	0.2391814851556015	0.09124690392608631	0.1209490366574247	0.01000002413601478	0.3205376116707892	0.01000000287693751	0.1422669632053245	0.1620145806900256	0.1833855156601149	0.009999992377320938	0.01000001444342215	0.2349572887686726	0.01000000127124083	0.01000000657021772	0.009999995537502582	0.01000000206225862	0.01000000247925414	0.009999997159313941	0.01000019602437523	0.09075093824706439	0.01000002825818716	0.01000001367632371	0.1195436358190309	0.01000022288223372	0.01000012953487422	0.08752555318026527	0.09788203133476976	0.1296005481173818	0.09446231774991835	0.09393464752366126	0.2139724993283018	0.2323517643567674	0.0904750823496835	0.3818395107876475	0.2629756777909454	0.2131733547987418	0.2135188406247244	0.2012444444800248	0.1660069803181261	0.01000005921728623	0.01000003049982883	0.01000000631589283	0.009999998801169075	0.1000760033895679	0.01000001441777446	0.01000006105078033	0.0100001399545512	0.1873389631874937	0.08669818567780688	0.2200077703681955	0.1447964475378558	0.2503925684280902	0.2048188920243619	0.1737527598480723	0.2784523141944146	0.2053584519884985	-0.6807793586080034	-8.078992841897264	-4.68934248454754e-13	3.113426422326552e-12
0.3861395462768748	-0.169181571501528	0.06206607116620805	-0.3809530279025005	2.691903874498151	0.9152034071230284	0.04017914619985231	-0.03710914895252646	0.04073367963258324	0.2440048530982236	0.3276185570070358	0.2225540523934438	0.2902353678450057	0.1083083140668059	-0.03568990354997414	0.3640896960715662	0.6527043718874906	0.6527043718874893	0.3201825052899525	0.3201825052899636	0.08934232529538068	0.03438952373032132	3.044993250442152	-0.03838394118820001	-0.06642558785095265	0.8718527242538924	-0.1921178673457588	0.3879627967957514	0.2419868382926151	0.166759409534148	0.5519142884480649	-0.2835656484752794	1.39752563661633	1.958961865377624	-0.4267542572282021	-0.3771791275130592	1.442885816340625	-2.211766620334605	3.189879966800218	2.652289710177067	0.4010068300454336	-0.02399412170722306	0.4577070597246896	3.976254670327573	-1.406632527141001	-7.034673241026284	-1.511991018173272	-2.872164371718578	-2.68033741380481	0.8120383504675018	-3.127486272259896	4.680705854417904	4.680705854417969	-3.920536985261056	-3.920536985260838	-1.605770083713931	-0.7854951839129165	-8.964667985428376	0.4820209876152894	-2.024713581169662	5.116143103416131	3.394279610266483	-3.398945120844886	-5.636442506571476	4.227952564472399	-3.216715229461041	8.258136963083777	-0.3786547578167885	1.339726648682709	12.43286465068281	-9.520526266057212	0.3159137138489698	0.4091619396405556	0.2254995941800158	0.1038054290503448	0.2822621579419531	0.2822622053226488	0.1711222543059896	0.1419560934118146	0.07696821380862644	0.01000022856505259	0.01000194760232195	0.01759456651089879	0.01000061581073795	0.01000088174102341	0.01000026822916382	0.01000001795864872	0.1814427269505048	0.01000017801464953	0.01000017332812473	0.01000127955425743	0.01000590767128385	0.01006582345592105	0.01013612704674072	0.2485442358586005	0.2292102208005138	0.09091442808383747	0.1188443919561437	0.01451868621130136	0.3123261731931155	0.01145591296666472	0.1352337850954131	0.1590636485538904	0.1829324476549268	0.01000091381489	0.01006758915062145	0.2360225875195183	0.0100003541386859	0.01000000767506749	0.009999995889188091	0.01000000285659328	0.01000003096223925	0.01000002508967695	0.02160143112221711	0.1018785499999945	0.01000013299284666	0.01000004126515483	0.1260220384099641	0.01000022212329221	0.02545439208439869	0.09191947245190756	0.09145999150795127	0.1112499360697369	0.08155068074518236	0.08112602181432757	0.2190486505567063	0.2399471576306645	0.105733472982067	0.3663383672750917	0.2616947919353462	0.2159870582064946	0.2002145434114753	0.1909068799360702	0.1644375425185837	0.0100000691451541	0.01000003131667998	0.01016559245873853	0.01008811998326186	0.10331144233438	0.01000002099964077	0.01000006673909541	0.01000013533795306	0.1893808450357416	0.09052227874678308	0.1750332241736472	0.1190638758597236	0.2580772747487798	0.1905122396795739	0.1900766846238847	0.3203667134770235	0.2268339158750624	0.08807919212853779	0.1749339598353325	-0.1822739368215128	0.02147628236623074	-0.03324394179740591	0.0003371008184179549	0.1231922555899708	0.003717262683047785	-0.07241438349359888	-0.02927769820920173	0.08479594060585009	0.0876439801280523	0.02201057543584572	0.2998312830947099	0.3843370354751708	0.2161074345474289	0.08055510345472176	0.2703061438150756	0.2700757946483496	0.1557921541168708	0.147646973082096	0.1119109520312053	0.01000031948234465	0.01000111883054688	0.01000018039605579	0.01000001994628971	0.01000000788477942	0.01000000543748881	0.01000000898291776	0.1382075362669552	0.00999999520547557	0.009999999009227236	0.009999999570987178	0.01000000904344611	0.01000001298156655	0.01000001494646669	0.2419500458648683	0.245408888712159	0.09130569734913789	0.1229276200647203	0.01000001571549822	0.3223508366974439	0.0100000031335321	0.1490816092956077	0.1538472687538125	0.1783438323214596	0.009999992350260055	0.01000001437781377	0.2338334858822683	0.01000000132986955	0.01000000596005308	0.009999995360748767	0.01000000163322511	0.0100000023471295	0.009999997040096659	0.01000009636931248	0.07252754276036537	0.01000002274359169	0.01000001313444027	0.1125729492370786	0.01000019421090338	0.01000004034593877	0.06912498960984464	0.1054830872032768	0.1486497735618965	0.178924394125738	0.1778692205476802	0.2090248844206152	0.2269655277946719	0.0597033536769971	0.3838293976556876	0.2583526288331819	0.2093022147668414	0.2221886915824909	0.2071373968276361	0.1616808171190849	0.01000005252230751	0.01000003113957547	0.01000000301662061	0.009999997043638863	0.09752762923882319	0.01000001600635762	0.0100000729566248	0.01000016127241363	0.1869608190648732	0.08102559099454043	0.2834840869321736	0.169435762809278	0.2429587911183993	0.2084465734312751	0.1534848358685719	0.2307777107131395	0.179305142015692	-0.7034886629023217	-7.066428154996731	2.922956857267496e-12	3.431755309694408e-12
0.3925752053814894	-0.1594214879645796	0.04740896191622124	-0.3605271675629074	2.708932207611863	0.9178377211380545	0.04002974820712817	-0.03375306392927283	0.06739020254152843	0.2362541534360443	0.2817018511785788	0.2115581309827606	0.2690705118515606	0.09049285052765661	-0.02982192881548356	0.3441124183083999	0.6838022690610713	0.6838022690610008	0.2950242194746704	0.2950242194746789	0.07956872485494533	0.02993257106815894	2.986158297054766	-0.03483859860633991	-0.07990042170467952	0.9068034743932724	-0.1692549342642684	0.3636393737924162	0.2074077739179846	0.1950932639674384	0.5291774341197196	-0.2248874856821247	1.395520555698532	1.969281259064787	-0.3477215425375098	-0.4358591234112272	1.579609784908941	-2.323787735375964	3.164087906623781	2.639194390380162	0.4155520357705586	-0.0242509935419096	0.6083107016108064	4.283019306677777	-1.031200806536855	-7.203044286236664	-1.865120264463909	-3.557781384667653	-2.837236199415793	0.9976176169877661	-3.084543003377136	4.985373982342329	4.985373982342918	-3.858684258348272	-3.858684258345559	-1.427755028932778	-0.599379955385363	-9.273262964302713	0.6230486556906811	-2.163527873827765	5.7394488332652	3.691278068322574	-3.66034012525457	-5.104420287687512	4.576557030075402	-3.821120976420775	9.827208454948824	-0.2973912636162492	1.871924745717664	12.09293203374382	-7.946368754610765	0.3083297472437722	0.3982204013431385	0.2194651499625032	0.08583496813412853	0.2763697245252698	0.2762095777733279	0.1612930406834196	0.1440482280129468	0.09319709748478314	0.0100003049450727	0.01000150567907321	0.01391805061874921	0.01000032638461007	0.01000045512550904	0.01000013982512805	0.01000001338139684	0.1514581004828944	0.01000008866892914	0.01000008827671765	0.01000065302293562	0.0100030202496637	0.01003360769174617	0.01006950365748027	0.2447190174917098	0.2351775629514419	0.09108120684068136	0.1207098732494267	0.0123212338971868	0.3150163340540408	0.01074467791496584	0.1421171877798301	0.1518101419688686	0.1787039208277961	0.01000046270996244	0.01003451035740657	0.234421980526817	0.01000018169642285	0.01000000682313719	0.009999995634680911	0.01000000225313801	0.0100000173439128	0.01000001159346699	0.0160178945034308	0.08214535575354945	0.01000007911410339	0.01000002791183625	0.1186746769936566	0.01000108235876937	0.01805786999776944	0.07516446025127474	0.09733640503909302	0.1279668239920577	0.1315804780491872	0.1363654457763674	0.2112872200865801	0.2281619863314807	0.08039574368414221	0.3709230288312319	0.2590658596517005	0.2118325396637779	0.2095431601801535	0.196811516122406	0.1618333800840072	0.0100000615514222	0.01000003143960427	0.01008454388103292	0.01004498279156809	0.09648196101946339	0.0100000193698236	0.01000006272354577	0.01000015724269953	0.190902484212537	0.08918811192019213	0.2233377788353835	0.141741544813128	0.2430553376233603	0.1985239296470552	0.1614212338185824	0.2700796815418885	0.1927246966361818	0.08517768252501784	0.1804815893966523	-0.1780793072845308	0.02550962194825209	-0.04054344312029785	0.01593716144755473	0.1232669956531075	0.002541718653345662	-0.07063828611026063	-0.0278057644183507	0.08806256386315477	0.08996302341475082	0.02235265441345784	0.2876680056689941	0.3657918771129088	0.2026588541863628	0.04527764213441996	0.2607338335942628	0.2600663013355065	0.1370390421047944	0.14679099040607	0.1165514279578274	0.01000043966403945	0.01000098240143508	0.01000015188363074	0.01000002859941279	0.01000001242159103	0.01000000638941274	0.01000000829292832	0.07410384092841819	0.009999995783413479	0.01000000010636554	0.01000000001102844	0.01000001047692016	0.01000001414894901	0.01000001615925486	0.2341531010330275	0.2459462511559947	0.09130143750061244	0.1237611107291109	0.01000001557858579	0.3184871896327069	0.01000000568896226	0.1552174894496894	0.1290323003296648	0.1661538034802052	0.009999992431409236	0.01000001764721032	0.2295915480873227	0.01000000240239219	0.01000000591365302	0.009999995376597728	0.01000000161615607	0.01000000382151644	0.009999997930907164	0.01000007635969826	0.04126418462456238	0.01000002310798119	0.01000001471384652	0.1042277662756157	0.01000348976183356	0.01000002993150817	0.0395626046513307	0.104989178758257	0.1544274271765873	0.2186626243850653	0.2429881094765578	0.1881534999316587	0.1898238988319002	0.03485172599219341	0.3774921848066491	0.2505664955302351	0.2006499279770944	0.227987558061524	0.2060877453179209	0.1543155555753967	0.01000005457523682	0.01000003193011255	0.01000000320029647	0.009999997146133883	0.07820510705631574	0.0100000190789877	0.01000004633482058	0.01000019599618821	0.1990733295463589	0.09290901595823919	0.3209307821465632	0.1793717399681614	0.1915772074697485	0.214748024450574	0.08174245718776842	0.120388862928297	0.09465259594949481	-0.7446952989998324	-6.184596001380466	7.35930477920867e-12	3.345584913085474e-12
0.399010864486104	-0.1489867427456462	0.03240573335133368	-0.3401465444988393	2.725868828525177	0.9205250425807437	0.0398436176654609	-0.02898267453114511	0.09554343595749579	0.2303566092581628	0.2353145123306444	0.1990633077332982	0.2463395775089599	0.07203275252479006	-0.02302849080903974	0.3243396669667263	0.7168963075576393	0.7168963075574994	0.2710204637371662	0.2710204637371448	0.07101417062621289	0.02667735562148441	2.926227732648546	-0.03032215103526197	-0.09428189670995062	0.945649774642109	-0.1448575174709441	0.347280780058463	0.1763534149320805	0.2256559584374405	0.5030926124820556	-0.1590069362092826	1.393016539195292	1.983116616825661	-0.2715538061156224	-0.4695613489610188	1.652549399998554	-2.319329595437804	3.17582164390257	2.623788449114272	0.4174798676459202	-0.03540943985312082	0.8972282809022641	4.441385120982281	-0.8307302148079918	-7.18093114836381	-1.977802468367207	-3.358852165264219	-2.880669484628556	1.099643168004613	-3.06392590339708	5.30104365785504	5.301043657854815	-3.561745428682709	-3.561745428682308	-1.226928945935922	-0.4120331366920025	-9.305149358196212	0.7838098082140859	-2.306469073043244	6.326757292424678	3.871148781902247	-0.9237272334809815	-4.541075168652264	4.920605795687027	-4.257157943293295	10.49641173487522	-0.5337082106242687	2.432377461623886	11.54251970741417	-1.758222526265864	0.2991288367457269	0.3847576548487376	0.2106296833178326	0.0595340877492293	0.2691506501834847	0.268730657190746	0.1477726958922225	0.1449432874993415	0.10405772871782	0.010000403215556	0.0100012164309907	0.01204452037963356	0.01000018592812853	0.01000024398480265	0.01000007606873707	0.01000001074685739	0.1060080954252243	0.0100000442639299	0.01000004627937193	0.0100003398295994	0.01000157655840757	0.01001749020294396	0.01003616563611549	0.2394404149501188	0.2391341014304062	0.09117347003221569	0.1221405116775829	0.01120968279130866	0.3154752097096342	0.01038760328577934	0.1486379645856455	0.1373725662403111	0.1713518435912459	0.01000023709198212	0.01001796205844086	0.2318534776583238	0.0100000959708566	0.01000000637378158	0.00999999551528789	0.01000000194273722	0.01000001126841546	0.01000000528737531	0.01314566170628451	0.05655079779684564	0.01000005234420704	0.01000002202139623	0.1108310467309252	0.01000315967037082	0.01421929832926721	0.0520860897191192	0.1004222502877777	0.1398347975388863	0.1742615576535705	0.1916473007504712	0.1985191320572098	0.2067920039696886	0.05424611767094677	0.3719331158985137	0.2545881898256014	0.2059731113968046	0.2174640250716677	0.2000430753870159	0.1573312914581852	0.01000005877874692	0.01000003189617845	0.01004398393275605	0.01002339939917197	0.08411959671400504	0.01000002009014007	0.01000004741022748	0.01000018555392856	0.1964541159070614	0.0936008210614681	0.265368252563336	0.1586577856543614	0.2144146659865867	0.2058200946819263	0.1139036443531422	0.1950481144345719	0.1370354020338788	0.08227617292149789	0.1860292189579721	-0.1738846777475487	0.02954296153027344	-0.04784294444318979	0.0315372220766915	0.1233417357162442	0.001366174623643541	-0.0688621887269224	-0.02633383062749966	0.09132918712045941	0.09228206670144933	0.02269473339106995	0.2755047282432783	0.347246718750647	0.1892102738252966	0.01000018081411806	0.2511615233734499	0.2500568080226634	0.118285930092718	0.145935007730044	0.1211919038844495	0.01000055984573424	0.01000084597232351	0.01000012337120569	0.01000003725254035	0.01000001695840697	0.0100000073413511	0.01000000760293891	0.01000014558988113	0.00999999636137611	0.01000000120352412	0.01000000045107573	0.01000001191039567	0.01000001531633169	0.01000001737204319	0.2263561562011866	0.2464836135998304	0.091297177652087	0.1245946013935015	0.01000001544167348	0.3146235425679698	0.01000000824439247	0.1613533696037712	0.1042173319055171	0.1539637746389508	0.009999992512567904	0.01000002091660706	0.225349610292377	0.0100000034749273	0.0100000058672529	0.009999995392446521	0.01000000159908693	0.01000000529594284	0.009999998821779743	0.01000005635008403	0.01000082648875939	0.01000002347238568	0.01000001629327076	0.09588258331415277	0.01000678531276371	0.01000001951707758	0.0100002196928166	0.1044952703132372	0.1602050807912781	0.2584008546443925	0.3081069984054353	0.167282115442702	0.1526822698691283	0.01000009830738974	0.3711549719576105	0.2427803622272884	0.1919976411873474	0.2337864245405571	0.2050380938082058	0.1469502940317084	0.01000005662816645	0.01000003272064972	0.01000000338397297	0.009999997248630071	0.05888258487380826	0.01000002215162032	0.01000001971301478	0.01000023071996276	0.2111858400278445	0.104792440921938	0.3583774773609528	0.1893077171270448	0.1401956238210976	0.2210494754698729	0.01000007850696495	0.01000001514345462	0.01000004988329768	-0.7853494970418387	-4.7417348975479	2.190129770760558e-12	2.254276289999874e-12
0.4054465235907186	-0.1383876656536933	0.01791085836027171	-0.3193794297354021	2.742696022729255	0.9231781963408197	0.03952255857573234	-0.02173930333464605	0.1241105061420819	0.224936224963048	0.1899254981684592	0.1869230116320756	0.2266111037632311	0.05377454655074285	-0.0159493615228497	0.3044360860746488	0.7521067359740718	0.7521067359739961	0.2501122519262025	0.250112251926183	0.06382150711091539	0.02458504371323722	2.866909782186505	-0.02469701342505107	-0.1095899672318695	0.9882055727176751	-0.1196793081757822	0.344143686505009	0.1489911251816523	0.2584091904225449	0.4749007073020023	-0.09343700970287142	1.387986921390399	2.000311765413956	-0.1992577029549244	-0.4657233919875059	1.621569759493164	-2.18791741821595	3.287156693892549	2.604777590738893	0.403838418710439	-0.06499419810818194	1.376588667080714	4.438008187761914	-0.8762203095660246	-6.906167710714034	-1.807886103138296	-2.706520073686661	-2.773553075421728	1.108511315684686	-3.131836681939766	5.636392485850959	5.636392485850366	-3.000836397255358	-3.000836397256621	-1.006411259920934	-0.2442174471963707	-9.09919445179443	0.9677570808090993	-2.450419074564494	6.898625029204659	3.939794885094459	-0.225565630855035	-3.958450705360668	5.25827911041511	-4.474195794187019	9.776957086901989	-1.077695441024116	2.863541386211373	10.93681081993875	2.710156718167485	0.2878941744040779	0.3686263503397697	0.1969613628687959	0.03692762970825483	0.2601218884908392	0.2595279121520206	0.1242607831195484	0.1446515495370138	0.1113892441708008	0.01154740350787752	0.01312535724354779	0.01104667700253694	0.01000011764918408	0.01000013499826344	0.01000004387639134	0.01000000953966236	0.06474402666741476	0.01000002142308581	0.01000002544791464	0.01000017464157698	0.01000081203576156	0.01000893677388071	0.01001847145576177	0.2325569637323915	0.2405725279070831	0.08958005877346539	0.1204315043558994	0.01061852803112216	0.3135580120005699	0.01019795918569004	0.1545797469429601	0.1135551276113152	0.1605991749072288	0.01000011740373128	0.01000918286178905	0.2291155562575651	0.01000005174623382	0.01000000628861569	0.00999999552092639	0.01000000189619122	0.01000001023842026	0.0100000032213854	0.01161282776064344	0.03522018875905093	0.01000004023081659	0.01000002100808101	0.1042301445578433	0.02769040072366502	0.01216653324143187	0.03268342489261687	0.1023563970882108	0.1486958404193012	0.2136102521696866	0.2454958390621417	0.1708126240496673	0.172071743528374	0.03390766564011236	0.3695984141639332	0.2474858494449225	0.1944376353477649	0.2234612882855239	0.199764433398419	0.150362952143502	0.01000006595097479	0.02014665629763839	0.01002245457527834	0.01001194327916441	0.06729661016577108	0.01000002865391046	0.01000003156106257	0.01509051897653007	0.2066964960777981	0.1039646361304955	0.3020929738209672	0.1692742448733473	0.1735876110672915	0.2115272797371051	0.06967654865141441	0.1231748421490322	0.08443244671133208	0.07582861143506496	0.1700668529800806	-0.1776938132788989	0.04109735018210358	-0.04319449453092471	0.03705023188971889	0.1234306117263661	-0.00196484473137924	-0.05938467558315415	-0.03692097562562673	0.09417079720809933	0.09302175325856273	0.01755966522521293	0.2580393269547267	0.3232197427123826	0.1603735209615038	0.01000011370518601	0.2364986696133398	0.2357716357044396	0.06414312904324082	0.142704632234199	0.1218581968682599	0.01584352748180463	0.02182162234044707	0.01000014295092481	0.0100000542566411	0.01000002510443559	0.01000001282807898	0.01000000885488095	0.01000008649668406	0.009999998665941787	0.01000000586691884	0.01000000408452959	0.01000001752862121	0.01000002148060011	0.01000002563660849	0.2149903856718875	0.2401707976841483	0.0841417397633302	0.1122196614145619	0.01000002979196166	0.3054486400874892	0.01000002183069734	0.1656795792014785	0.05710874051410225	0.1346194673846341	0.009999992708429334	0.01000003646214215	0.2233605020391432	0.01000000746916942	0.01000000648124923	0.009999995640500706	0.01000000205801214	0.0100000124384011	0.01000000296793475	0.01000005066446401	0.01000054312214085	0.0100000310958779	0.0100000230474524	0.09433488300680803	0.07801481603905872	0.01000001567020813	0.01000014352866046	0.1054379725408726	0.1636105948167285	0.2960121158189086	0.3638178832818663	0.08864113366608495	0.08134116280859682	0.01000006270167186	0.3589238138702415	0.2273122704916867	0.1601751626928862	0.2338811450283402	0.1942285799851501	0.1332577221012775	0.01000008764564996	0.04868517170834295	0.01000000736741884	0.009999999564304238	0.03444136087293291	0.01000005064032994	0.01000001107976311	0.02929994812102498	0.2350713324640318	0.1295285226645362	0.3828549482359253	0.1828211638570934	0.07509785353080804	0.2213577734879035	0.01000004532882838	0.01000000634082522	0.01000002779681057	-0.8286475065370283	-3.297803455121788	-5.75959134911591e-12	8.720066013552511e-13
0.4118821826953332	-0.1283690810945536	0.004209641480632969	-0.2977179128269833	2.759385510227508	0.925681809382188	0.03899896582032996	-0.01097062693224338	0.1526876675707383	0.2187893325171647	0.1466595546376241	0.1756278127631032	0.2123476552968047	0.03658899437998876	-0.008655147092438101	0.2838954920671542	0.7893816162245674	0.7893816162245568	0.2315595120013266	0.2315595120012863	0.05808495255925839	0.02345639270211265	2.809492741520585	-0.01782141736994309	-0.1258171593982829	1.034449085029575	-0.09432285954494869	0.3421329135042342	0.1254519929168927	0.2933396809249467	0.4458874031127221	-0.03449933509515654	1.378522760224693	2.019359031587614	-0.1306284300329187	-0.4377772398976758	1.472150618271346	-2.072685672110998	3.453773641452542	2.580993545464138	0.3710073260287551	-0.09835051954376964	1.992782020809968	4.44452116361902	-1.056506050670684	-6.521147713813912	-1.715172887098301	-1.660494565589804	-2.547322493725605	1.166484852764485	-3.261889503189421	5.942610216307578	5.942610216307521	-2.829739005633377	-2.829739005633527	-0.7744161756261536	-0.1125577047933	-8.714406509980856	1.172412879108356	-2.592103109046498	7.472782643749053	3.926539948898812	-0.5737023043924326	-3.352958326258098	5.597229116493833	-4.512422865431778	8.435316898781936	-1.911824511353947	3.007957230147975	10.40298444731452	5.733844627949534	0.274371555627846	0.349721097265911	0.1772402410767915	0.02435056578387857	0.2489985617663219	0.2484241160454699	0.08675439022694367	0.1431706958744376	0.1158389789403408	0.01522111366200089	0.02051425559902946	0.0105449893148062	0.01000009199177275	0.01000008455054982	0.01000003051474711	0.01000000956145453	0.03999425344448056	0.01000001114901442	0.01000001735790436	0.01000009382469614	0.01000043240185532	0.0100046609517804	0.01000962355566148	0.223978207002411	0.2391953604601103	0.08554579032543461	0.1142422686248474	0.01032192680739883	0.3091651896371677	0.01010300764090513	0.1598354260774696	0.07872555664561222	0.1462586463756818	0.01000005762939273	0.01000479878131277	0.2266451586711626	0.01000003161973116	0.01000000655286553	0.009999995647715035	0.01000000210226117	0.01000001329276166	0.01000000426007517	0.01084005425725778	0.02341835924166175	0.01000003798124706	0.01000002387669841	0.09973393904932876	0.06819820864781211	0.01112892363283307	0.02203890451347739	0.1038611325173105	0.1552755141424491	0.2507225025764155	0.2972710851599864	0.1213315571339824	0.1208515960194485	0.02270366026661309	0.3640236278249034	0.237302621257544	0.1749174028098048	0.2272486548670702	0.1954893082104458	0.1406127364761749	0.01000008504019471	0.04374496007620631	0.01001168566567969	0.01000621336095626	0.04647641212516396	0.01000004717544398	0.01000001931814907	0.02706948376465597	0.2219030003256721	0.1202299131141607	0.333568545635976	0.1730720103228594	0.1207239967137621	0.2151873813836082	0.04285688316071248	0.07548502514224278	0.05157438205521125	0.06938104994863202	0.1541044870021891	-0.181502948810249	0.05265173883393372	-0.03854604461865964	0.04256324170274629	0.1235194877364881	-0.005295864086402024	-0.0499071624393859	-0.04750812062375381	0.09701240729573925	0.09376143981567613	0.01242459705935591	0.2405739256661751	0.2991927666741182	0.1315367680977109	0.01000004659625391	0.2218358158532297	0.2214864633862159	0.01000032799376352	0.1394742567383541	0.1225244898520704	0.02168649511787503	0.03364239870857062	0.01000016253064393	0.01000007126075118	0.01000003325047407	0.01000001831483007	0.01000001010682296	0.01000002740348693	0.01000000097054925	0.01000001053034735	0.01000000771799126	0.01000002314684925	0.01000002764486882	0.01000003390117394	0.2036246151425884	0.2338579817684663	0.07698630187457339	0.09984472143562227	0.01000004414224992	0.2962737376070088	0.0100000354170022	0.1700057887991858	0.01000014912268728	0.1152751601303174	0.009999992904316581	0.01000005200767741	0.2213713937859094	0.01000001146343356	0.01000000709524549	0.009999995888554677	0.01000000251693724	0.01000001958087314	0.0100000071141288	0.01000004497884398	0.01000025975552228	0.01000003871937966	0.01000002980163724	0.09278718269946332	0.1460228467653537	0.01000001182333869	0.01000006736450434	0.1063806747685079	0.1670161088421789	0.3336233769934248	0.4195287681582973	0.0100001518894681	0.01000005574806567	0.01000002709595405	0.3466926557828725	0.2118441787560849	0.128352684198425	0.2339758655161232	0.1834190661620946	0.1195651501708466	0.01000011866313351	0.08737031069603614	0.01000001135086503	0.01000000187997897	0.01000013687205771	0.01000007912904	0.01000000244651286	0.04859966552208723	0.258956824900219	0.1542646044071344	0.4073324191108978	0.176334610587142	0.0100000832405183	0.2216660715059341	0.01000001215069187	0.009999997538195939	0.01000000571032354	-0.8508126502895663	-2.13755613237118	-6.864812876426868e-12	-6.698184385373271e-13
0.4183178417999477	-0.1196446040131593	-0.008648743057850754	-0.2745984302510065	2.775912684333805	0.9279201116749205	0.03822227928876734	0.004204782581113892	0.1810567071316204	0.2107429136821172	0.1066869744116064	0.165089821232172	0.2052817283110839	0.02125266859556032	-0.001034902103367189	0.2621117238356915	0.828426451599598	0.8284264515995796	0.2154164493359266	0.2154164493359235	0.05386091392022536	0.02306107441069275	2.754976669562275	-0.009547444018868	-0.1429605219194183	1.084320773509041	-0.06920650987385667	0.3370225299155362	0.1058426857634984	0.3304676244478642	0.4175147002924851	0.01466842490156219	1.363209480581174	2.038460620738979	-0.0649279353281562	-0.3906409026543632	1.233999906467187	-1.917532270674816	3.739765117185835	2.555089772426302	0.323963168236463	-0.1436935212644123	2.72988418469576	4.350635565038021	-1.465965097795168	-5.889713263531649	-1.55808925926615	-0.4996686770718013	-2.21033994673623	1.193970065654195	-3.518518849500842	6.172859607678862	6.172859607666933	-2.2070799616418	-2.207079961641586	-0.5389818691810589	-0.01552888142382864	-8.221407256099027	1.403332880203011	-2.734064456672595	8.015920144106051	3.871778008955001	-0.9900417905620614	-2.741321338187057	5.939379810101419	-4.276647942436546	6.832892969689071	-2.828018786186911	2.886838969298111	10.02352007748451	8.91948796581779	0.2617625750188436	0.3314452518905732	0.1573192227260722	0.01747138115667248	0.2392052235354643	0.2381940559417311	0.0529565311032402	0.1407929876664148	0.1191573973455752	0.0244121228374004	0.0295866942981974	0.01027847398811986	0.0100000839272203	0.01000006057037675	0.01000002490040162	0.01000000975838718	0.0259326517702039	0.01000000657083601	0.01000001457881168	0.01000005272181224	0.01000023348656389	0.01000239336042417	0.01000492984772644	0.2155542765816092	0.2356089060689611	0.08102355396839513	0.1062499046928537	0.01016441829726422	0.303669685172505	0.01835284823320656	0.1636834575452363	0.04814774338363858	0.1242769345362126	0.01000002604854255	0.01000248047041451	0.2240260593724405	0.01000002327271332	0.01000000715582851	0.009999995894881184	0.01000000255150766	0.01000001613954007	0.01000000548803028	0.01042931831331868	0.01697744828686243	0.0100000373615878	0.01000002615273323	0.08729648261435702	0.09949570369361868	0.01057716331270543	0.01624849172524709	0.1062989617884558	0.1617402451779916	0.2773055587569155	0.3352933726605263	0.0743665485593115	0.07406204615754389	0.01659939284359308	0.3595591056081814	0.2300593396183093	0.1572120747152906	0.2296274674671618	0.191227030055891	0.1332517201687915	0.01000009675609592	0.07338937189307983	0.01000597228054011	0.01000317355585356	0.02952960078198958	0.01000006559956669	0.01000001151634122	0.03993753190638014	0.2342263671464888	0.1317463722913741	0.3577247566897471	0.1754316751445401	0.07398113300913774	0.2181682528033551	0.02751474225141209	0.04622551345819167	0.03239411367213994	0.06885268389445942	0.1526828578779103	-0.1854460469170697	0.05253208047723418	-0.04111278830192912	0.04457530955585581	0.1219362491329492	-0.003421618392479692	-0.04524781645310576	-0.05040429009139284	0.09647345443476066	0.097954762824685	0.006553863643856545	0.2362168880841272	0.2897920697278271	0.1207238023805531	0.0100000378238181	0.221336444601408	0.2183016200043895	0.01000020080847915	0.1352636060154069	0.1250399100146535	0.04509809377531587	0.04457647495663464	0.01000017133213395	0.01000007912313426	0.01000003753121949	0.0100000196666604	0.01000000984260016	0.01000002182724023	0.01000000249785814	0.01000001265554419	0.01000001168861	0.01000002860006399	0.01000003047011715	0.01000003801279538	0.1985943919495817	0.2251245550460481	0.07349733138335772	0.09093617902802621	0.01000005153219522	0.2899474972281216	0.04158333463119456	0.1694023049824439	0.01000009621703893	0.07118021520756174	0.009999993307807887	0.01000007304800884	0.2177537538415054	0.01000001719946113	0.01000000836771189	0.009999996375992313	0.01000000344549613	0.01000001870707244	0.0100000064756668	0.01000003846102124	0.01000020459320348	0.01000003501990414	0.01000002744600825	0.05139404576920421	0.1344577273214133	0.0100000105738394	0.01000005577289467	0.1125089416568658	0.1759181857652064	0.3193227413515396	0.4007818283433263	0.01000010687177017	0.01000004182072317	0.01000002010872131	0.3534973826892983	0.2219543565725294	0.1299612121833622	0.2336417630131071	0.1848156249497913	0.1246801021756509	0.01000010076933711	0.1285204053463669	0.01000001882065346	0.01000000625215972	0.01000009399135375	0.01000008961444472	0.01000000417406295	0.05943714313650719	0.2529174021634821	0.1431503602789983	0.4062672061099248	0.1817239602838694	0.010000060967703	0.2247417493166992	0.01000001183146297	0.009999997426513012	0.01000000558647498	-0.8624944605094086	-1.507394375561074	-5.498409550866961e-12	-2.269260688602778e-12
0.4247535009045623	-0.1125520593709865	-0.0203973532130996	-0.2494698098198788	2.792272350054898	0.9298436196402805	0.03714076102472764	0.02425188271757393	0.2084151849934028	0.1996385757226661	0.07099736097471825	0.1555939177422878	0.206375820218272	0.00824692151981796	0.006614007940028579	0.2384697956857897	0.8685971824572344	0.8685971824572087	0.2028932344362808	0.2028932344362894	0.0511385356869857	0.02318914551174795	2.703750432213241	0.000298676540013321	-0.160989520621839	1.137497812607094	-0.0445787394809794	0.3297038573031063	0.09016338922879005	0.3697669190128063	0.3912051907836088	0.05329995221986972	1.342367517668774	2.055983895612757	-0.001498452637522081	-0.3229093144113682	0.9649974555592108	-1.727802771519362	4.078150361755328	2.528937219251721	0.2731791715571082	-0.1930826140587785	3.506749912297926	4.130470438017454	-2.006810931709713	-5.190136633934199	-1.39132476713999	0.8753821115246839	-1.82305209119082	1.175393045545814	-3.839347039601873	6.292503045797353	6.292503045797437	-1.70480441449499	-1.704804414494942	-0.3077474528737212	0.05009522143780628	-7.692029608913803	1.660986677924615	-2.867330919151474	8.499981434916279	3.774704909460479	-1.259968923927591	-2.131634898542527	6.272016579916015	-3.871247414635563	5.16098787925001	-3.629965009044879	2.517466901929708	9.697225495387793	12.13419946891558	0.251955702000669	0.3159127532521532	0.1405721995180218	0.0139102285888569	0.2327061331596122	0.2304337700502436	0.03326059006790649	0.1376614536291961	0.1221257079513674	0.04024866379003663	0.03939984910914861	0.01014497681198019	0.01000008382243221	0.01000005071406089	0.01000002276753858	0.01000000972485081	0.01840201736668326	0.01000000504401661	0.01000001425074782	0.01000003414511274	0.01000013670759281	0.01000126043300515	0.01000258389405198	0.2083239056099356	0.2301274363953508	0.07692838457112777	0.09777122444832738	0.01008556747055107	0.2978639156975431	0.03771303952143608	0.1657597553824478	0.03055753225302681	0.09213048945119433	0.01000001045226239	0.01000133127390491	0.2210309627472035	0.01000002196394424	0.01000000809338477	0.009999996262125619	0.01000000324029676	0.01000001712691283	0.01000000578322725	0.01022341993365853	0.01365024965010892	0.01000003520276081	0.01000002611403373	0.06158615864694512	0.1111287893473563	0.01030037572566913	0.01326682502063288	0.1102940747128037	0.1691127912332734	0.2890059357708141	0.3533501322886549	0.04560293090164796	0.04542391154711899	0.01345128986144025	0.3587846726361982	0.2291278020346948	0.1468669870597225	0.231006634841718	0.1891095501336753	0.1309484408095757	0.01000009367414843	0.1066919548165023	0.01000311790094517	0.01000165510359832	0.02033377586883278	0.01000008005620706	0.01000000847696145	0.0515720211560202	0.2397171313144427	0.1338030770989161	0.3732143385226191	0.1789605656710998	0.04537636544268343	0.2211749714234102	0.01924999090272026	0.02948419987703286	0.02188199632543456	0.06832431784028684	0.1512612287536315	-0.1893891450238903	0.05241242212053463	-0.04367953198519862	0.04658737740896533	0.1203530105294102	-0.001547372698557358	-0.04058847046682563	-0.05330045955903186	0.09593450157378207	0.1021480858336939	0.0006831302283571936	0.2318598505020794	0.2803913727815358	0.1099108366633953	0.01000002905138219	0.2208370733495863	0.2151167766225631	0.01000007362319478	0.1310529552924596	0.1275553301772367	0.06850969243275672	0.05551055120469867	0.01000018013362399	0.01000008698552016	0.01000004181197777	0.01000002101850138	0.01000000957837733	0.01000001625099338	0.01000000402521237	0.01000001478075482	0.01000001565925153	0.01000003405328607	0.01000003329536699	0.01000004212441763	0.1935641687565751	0.2163911283236299	0.07000836089214205	0.08202763662043015	0.01000005892214071	0.2836212568492346	0.07316663384538719	0.1687988211657019	0.01000004331139057	0.0270852702848061	0.009999993711356488	0.01000009408834106	0.2141361138971016	0.01000002293550987	0.0100000096401782	0.009999996863429656	0.01000000437405489	0.01000001783326951	0.01000000583719888	0.01000003194319853	0.01000014943088468	0.01000003132042759	0.01000002509037886	0.01000090883894515	0.1228926078774728	0.01000000932434021	0.01000004418128498	0.1186372085452238	0.1848202626882339	0.3050221057096544	0.3820348885283553	0.01000006185407229	0.01000002789338078	0.01000001312148866	0.3603021095957241	0.2320645343889739	0.1315697401682994	0.2333076605100909	0.186212183737488	0.1297950541804551	0.01000008287554073	0.1696704999966977	0.01000002629044249	0.01000001062434155	0.01000005111064985	0.01000010009984942	0.01000000590161355	0.07027462075092714	0.2468779794267451	0.1320361161508623	0.4052019931089518	0.1871133099805969	0.01000003869488768	0.2278174271274643	0.0100000115122341	0.009999997314830155	0.01000000546262647	-0.8418767599748189	-1.099338341286232	-1.387525065494772e-12	-1.809078695675527e-12
0.4311891600091769	-0.1072231871838528	-0.03082039025031458	-0.2220500461615826	2.808466062552517	0.9314432856007397	0.03573036071645742	0.04932339660129559	0.2339011080821066	0.1847408550397752	0.04004349959732998	0.147271601304723	0.2160312273085183	-0.002177814288220498	0.01397799830522109	0.2126105606317239	0.9091360309290724	0.9091360309290548	0.1942347242519846	0.1942347242519998	0.04987864944532954	0.02363461586270972	2.655990988925065	0.01188430410297232	-0.1798045515174576	1.193531431609933	-0.02062714722892796	0.3203496387373043	0.07839455605364661	0.4111289941410245	0.367945850929781	0.08112011319082758	1.31673992400661	2.070512011427808	0.05998139456849498	-0.2321956001607247	0.6930414749654648	-1.516343655678902	4.438661796869599	2.503895043213843	0.2245788200219835	-0.2445919418684379	4.274746972069219	3.777907826015039	-2.618106668087544	-4.441036268053547	-1.204751300445811	2.084438845295451	-1.418749331645667	1.114348454933348	-4.194130409341521	6.2837415047172	6.283741504730475	-1.015286000994541	-1.015286000994593	-0.08680489637687548	0.0821255616573337	-7.151590299005889	1.94086611954464	-2.971961943674877	8.895632171240027	3.670548676597301	-1.61012433686696	-1.527298443116456	6.575066162607949	-3.320451431771501	3.540040830380351	-4.315557916391429	1.9811598177218	9.41043393201843	15.58375664770395	0.2440273559356696	0.3024071126564253	0.1195392875772207	0.01200696746130373	0.2280219662000337	0.2241935963161337	0.02225172626468067	0.1339518668968045	0.1246593812334843	0.05420876678221956	0.04773940686279945	0.01007411059127527	0.01000008439425287	0.01000004540209062	0.01000002201584847	0.01000000969626776	0.01433934528235873	0.01000000479044625	0.0100000149178445	0.01000002619818272	0.01000008848972223	0.01000066108330305	0.01000134127132274	0.2016463411368694	0.2232673668069503	0.06966681582606805	0.0827276994906138	0.01004371173629119	0.2915578019035183	0.06879452129869962	0.1665610339563963	0.02079044302774683	0.0617496396157363	0.01000000245604044	0.01000073902647128	0.2177290400358745	0.01000002433764111	0.01000000948709698	0.00999999679549904	0.01000000426127476	0.01000001730808632	0.01000000567816207	0.0101140900265931	0.01187290124187496	0.01000003280322823	0.01000002536909664	0.03810838614588837	0.1157707127463197	0.0101533894978318	0.01167522995730242	0.116018509494603	0.1776846985199647	0.2937979726271072	0.3621254546676261	0.0290418958316584	0.02894204420299359	0.01177026554110362	0.3600891902725206	0.2315472146434095	0.141095821900754	0.2313882477958829	0.187791070158826	0.1306154573784349	0.01000008638831239	0.1318608863646425	0.01000160814093512	0.01000085230649249	0.01535112916899364	0.01000009030184795	0.01000000741046364	0.06011550460751668	0.2412551026584205	0.1312562608111918	0.3850984681034998	0.1818623758913171	0.02891553727330419	0.2236573732288907	0.01478283693178975	0.02021282773764016	0.01616572247404193	0.06766389583328543	0.1558158820244348	-0.1899878083205032	0.04950975644531549	-0.04800777047801989	0.04659041921805655	0.1181979342769253	-9.200521503280241e-05	-0.03814675032185901	-0.05250701657040761	0.09274166158776403	0.1049225770244461	-0.003461403051872751	0.2277472861017839	0.2718715879274724	0.07030840353637956	0.01000002445320309	0.2188286336017017	0.2116027735853384	0.0100000537306475	0.1261969991803995	0.1289601731987017	0.07239802702199533	0.05909903654179122	0.01000020823200541	0.01000008330222466	0.01000003821549737	0.01000002141297983	0.01000000974101017	0.01000001358512097	0.01000000495000288	0.01000001631795807	0.01000001982002555	0.01000004174342545	0.01000003867454263	0.01000004876957305	0.1875273587837317	0.2067093022741807	0.05218992588664422	0.04601420917098342	0.0100000659602921	0.2756548037016494	0.134525705348407	0.1669652449831747	0.01000003053842652	0.01854270121171809	0.009999994464712933	0.01000014480143098	0.2101419050360011	0.01000003009325694	0.01000001204025193	0.00999999776468021	0.01000000613107324	0.01000001721240016	0.01000000534135182	0.01000002854118651	0.01000012387615948	0.01000002943925736	0.01000002417105785	0.01000052827095756	0.1217735142608785	0.01000000996342697	0.01000004369003446	0.1287867944876754	0.1970966394401511	0.3011419832682634	0.3786033360901837	0.01000005055303611	0.01000002168475445	0.01000000975032177	0.365018167323904	0.2391118841267631	0.13310403746299	0.2309561607583303	0.185111541644694	0.1304179047774051	0.01000007533669913	0.1655063985733302	0.01000004066421642	0.01000001929279947	0.01000004006187497	0.01000010173196657	0.01000000663443064	0.07055018278523144	0.2414494966793661	0.1235684732097878	0.4145593255020496	0.1860580758892545	0.01000003020851884	0.2281034585937748	0.01000001120267648	0.009999997237606693	0.01000000532991799	-0.7922960160422325	-0.8929373613276064	3.934159931559285e-12	-4.402389484868083e-13
0.4376248191137915	-0.1036060440892339	-0.03997898777672775	-0.1923948366216156	2.824505115471473	0.9327423827724061	0.03400069305176528	0.07914557844260454	0.2568893996038185	0.1660021882809185	0.01368492433554477	0.1399615250582645	0.2326804646757439	-0.01004156698181542	0.02097317156850324	0.184521304201487	0.9491946705279798	0.9491946705279684	0.1894480566827978	0.1894480566828056	0.0499823782491621	0.02416618414123594	2.611680855654639	0.02529826517927638	-0.1991418615849552	1.251766327363026	0.002689919574637155	0.3094544253048795	0.07048508209408465	0.4543072774947999	0.3489373189200206	0.0995780095598738	1.287061619126129	2.081274826730887	0.1196476129966183	-0.1284140472994647	0.4330460084353024	-1.334854825243837	4.77285648095015	2.480873897203543	0.1797718658985356	-0.2923008452127757	4.983107772679543	3.354285270823206	-3.200455905822014	-3.762066555001541	-1.076752419999505	3.048844122855515	-1.027179262172828	1.060776314077154	-4.53236739367531	6.143269266598279	6.143269266598032	-0.5015577716325189	-0.5015577716325054	0.1160211226257207	0.07685174363273585	-6.620092777520709	2.229175105244509	-3.029638823819375	9.184068868308874	3.577514400846143	-1.73886155365599	-0.9322677001278276	6.836436850726862	-2.550230318831951	2.251491134654761	-4.888798378991631	1.347330185073806	9.133606833358691	16.19527185660506	0.2374224905256053	0.2904714877583953	0.08987664598386737	0.01104565084784009	0.2243004599582754	0.2189218281304408	0.01643914248557325	0.1297523575616993	0.1267167017163449	0.06324120858288249	0.05375838979395955	0.0100386620928114	0.01000008283953709	0.01000004094748845	0.01000002183698282	0.01000000976324712	0.01226507485785073	0.01000000512580205	0.01000001601979855	0.01000002430229292	0.01000006821276372	0.01000036395561377	0.01000072298626106	0.1951627137965322	0.2153117585093169	0.05750406848363367	0.05782091223459166	0.01002277311335174	0.2846410790254835	0.1115492760970025	0.1663253036429757	0.01566370199406041	0.04005421167915734	0.00999999883249505	0.01000046810781794	0.2141581097114059	0.01000002910224955	0.01000001138375188	0.009999997512723423	0.01000000565009873	0.01000001708842859	0.0100000053778003	0.01005936724010756	0.01097574052097569	0.01000003066275607	0.01000002453700923	0.02499731098397748	0.1179672579371497	0.01007980709653471	0.01087259677291163	0.1235438350457994	0.1875987355689824	0.2955762558350373	0.3668495647321233	0.02007104107572621	0.02001727019134876	0.01092214951401839	0.3625121826342309	0.2356503320862157	0.1382549723485106	0.2307689687223062	0.1865542302832388	0.1306758015667839	0.01000007897603333	0.1442555456687406	0.01000086008534593	0.01000045505065767	0.01279555849486692	0.01000009624276371	0.0100000072431986	0.06477913954851768	0.2402643194837916	0.1262549635479742	0.3960785303653101	0.1832279547796067	0.02000300410606074	0.2253239993147206	0.01249748186476155	0.01535776238287088	0.0132233059912731	0.06700347382628406	0.1603705352952381	-0.190586471617116	0.04660709077009635	-0.05233600897084115	0.04659346102714777	0.1160428580244405	0.001363362268491753	-0.0357050301768924	-0.05171357358178336	0.089548821601746	0.1076970682151984	-0.007605936332102708	0.2236347217014884	0.263351803073409	0.03070597040936399	0.0100000198550239	0.2168201938538172	0.2080887705481137	0.01000003383810016	0.1213410430683393	0.1303650162201666	0.07628636161123394	0.06268752187888377	0.01000023633038687	0.010000079618929	0.0100000346190177	0.01000002180745839	0.01000000990364299	0.01000001091924839	0.0100000058747949	0.01000001785516107	0.01000002398081585	0.01000004943357668	0.01000004405372168	0.01000005541473042	0.1814905488108884	0.1970274762247315	0.0343714908811464	0.01000078172153668	0.01000007299844371	0.2676883505540643	0.1958847768514267	0.1651316688006475	0.01000001776546242	0.01000013213863004	0.009999995218181491	0.01000019551452249	0.2061476961749007	0.01000003725100432	0.01000001444032558	0.009999998665930548	0.01000000788809151	0.01000001659153135	0.01000000484550637	0.01000002513917459	0.0100000983214343	0.01000002755808761	0.01000002325173697	0.01000014770297	0.1206544206442843	0.01000001060251367	0.01000004319878382	0.1389363804301271	0.2093730161920683	0.2972618608268723	0.375171783652012	0.01000003925200011	0.01000001547612837	0.01000000637915504	0.3697342250520839	0.2461592338645523	0.1346383347576806	0.2286046610065697	0.1840108995519	0.1310407553743552	0.01000006779785754	0.1613422971499626	0.01000005503799158	0.01000002796125955	0.01000002901310023	0.01000010336408368	0.01000000736724784	0.07082574481953574	0.236021013931987	0.1151008302687133	0.4239166578951474	0.1850028417979122	0.01000002172214991	0.2283894900600854	0.01000001089311894	0.009999997160383483	0.01000000519720963	-0.754715432647216	-0.7688254964808924	3.847192870929797e-12	5.671304296596537e-14
0.4440604782184061	-0.101592498770091	-0.04808470414105452	-0.1606931194399021	2.840402593142088	0.9337689458058128	0.03197631409276735	0.113286965284628	0.2769409848027074	0.1436902672524867	-0.008530380173764819	0.133310058404704	0.2541571020205819	-0.01546340999916818	0.02765542733039876	0.1543347205128764	0.9879663393134959	0.9879663393134868	0.1878753588432668	0.1878753588432758	0.05133251258654351	0.02454917327636578	2.570689474794126	0.04057453930156311	-0.2186721776859371	1.311498166882896	0.02548403066961245	0.2974020536439976	0.06637530269814021	0.4990070682983487	0.3357813250063839	0.1107415266438184	1.254354839570133	2.087780331687032	0.1773843057379304	-0.05166697060708624	0.198740041995235	-1.190881336948098	5.06853218284023	2.459784422111329	0.140212946628358	-0.3355595823020517	5.61117500428114	2.87245424686123	-3.714266006578981	-3.158421770887017	-1.001703485243527	3.577272002298566	-0.6651224841994986	1.01778363612681	-4.838953305603527	5.89727603758501	5.897276037585188	-0.007796328077206843	-0.007796328077829834	0.300969028595641	0.03768656617227501	-6.130621058897535	2.516390808426132	-3.030344764319039	9.360785352071373	3.507448353552987	-1.966843548776656	-0.3470364420327256	7.045801040712039	-1.525492114155024	1.315094535661518	-5.210130802386861	0.6760919342422279	8.780164081945566	7.759147854622435	0.2320138155406873	0.280054140876161	0.06156827100677821	0.01053453082354019	0.2210882497662716	0.2144758513061871	0.01331661772103881	0.1250228663823898	0.1283507181189245	0.0699707480180967	0.05831638666938439	0.01001986988067366	0.01000007904053412	0.01000003642341553	0.01000002186735847	0.01000000979251524	0.01115988255895726	0.0100000057615642	0.01000001741836336	0.01000002494647233	0.01000006048801982	0.01000021013474782	0.01000039969960732	0.1887135184283155	0.2068967026001557	0.04396367678761508	0.03594595143716381	0.01001166195462681	0.2774671702489339	0.1468380926652249	0.165201429943844	0.01291406907693636	0.02596572099744787	0.009999997233632074	0.01000036395859385	0.2106416529931198	0.01000003668718578	0.01000001406235842	0.009999998519621595	0.01000000761719341	0.01000001669128878	0.01000000502039077	0.01003031668286078	0.01049877872916555	0.01000002868168211	0.01000002370175052	0.01781485498315074	0.1180706134850412	0.01004074572413721	0.01044597124359794	0.1307993749499349	0.1968591014113944	0.2962060023090262	0.3699911869253177	0.01521321296029401	0.01518498858604086	0.01047130937337197	0.3653064799732695	0.2402056414156556	0.1374251850599799	0.2296290281242957	0.1852733340946239	0.1305553391634634	0.01000007219834887	0.1519896129085528	0.01000047439870452	0.01000025155678799	0.01143260861098559	0.01000010091146793	0.01000000756544208	0.06845560844671125	0.2358921165546864	0.1162693208928679	0.4074521462282026	0.1838961274024286	0.01517750639709134	0.2260180788986161	0.01127931164394637	0.01275547705737	0.01165279371735075	0.06502612003948587	0.1623419848195373	-0.1907317210769247	0.04323392183034153	-0.05498085080901641	0.04645646311935689	0.1134986347826357	0.007371202618068229	-0.03302818748203341	-0.04884343504349033	0.08446993483952109	0.1085552596710635	-0.009778607923444583	0.2213482874754921	0.2574053742905508	0.02035308960506195	0.01000001773720807	0.2143331821555797	0.2056866906616557	0.01000002657467384	0.1153661084544768	0.1310385367452794	0.0801420559428515	0.06480937315183517	0.01000030812226046	0.01000007123855554	0.01000002924217079	0.01000002197652323	0.01000000975481294	0.01000000993614578	0.01000000688950977	0.0100000197407778	0.01000002700365404	0.01000005497377547	0.01000005459534909	0.01000006876464125	0.175027841425847	0.1885415044498247	0.02218594890954585	0.01000045124874896	0.01000008015300105	0.2604963605579509	0.1994047499093247	0.161943321394475	0.01000001293040933	0.01000009602285853	0.009999995861948061	0.01000030602977898	0.203280779494039	0.01000005080999539	0.01000001889844754	0.01000000033394488	0.01000001117432792	0.01000001601126888	0.01000000448042068	0.01000002266872167	0.01000008222967178	0.01000002581920947	0.01000002247480848	0.01000010551714721	0.1160960109513188	0.01000001224811662	0.01000004706123637	0.143402122921459	0.2145628777565185	0.2975605798088539	0.3777864559860074	0.0100000346221179	0.01000001257831501	0.01000000453109409	0.3723526849273415	0.2502137284475215	0.1375445367961886	0.22675477555088	0.1824497398609084	0.1298022027251884	0.01000006287606329	0.1657997783751764	0.01000008688414135	0.01000004907469777	0.01000002780275397	0.01000010782260043	0.01000000835343125	0.07494993837827732	0.2210863787068361	0.09050834244147624	0.4391095644026019	0.184965431723108	0.01000001721158452	0.2262043073197386	0.01000001143184743	0.009999997340702435	0.01000000562416745	-0.7653815265051587	-0.7122832641892559	8.868794046560773e-13	9.047466418403099e-14
0.4504961373230206	-0.1009702598339409	-0.05539388884557103	-0.1272913696502211	2.856168658196085	0.9345594824535181	0.02969772336210355	0.1511656351808426	0.29380167720215	0.1184407865814578	-0.02718271658679376	0.1269216800693376	0.2781049703117836	-0.01869735219058845	0.03409817217727019	0.1223626803717454	1.024991401830413	1.024991401830407	0.1890824402991826	0.1890824402991831	0.05382292183942432	0.02459356244110662	2.53261870942149	0.05766412444788774	-0.2380251061371538	1.372021336195882	0.0478517691662281	0.2846507331487745	0.06599105228614162	0.5448795629705571	0.3294662797307026	0.1177576006340916	1.220840954745114	2.089999111182272	0.2322869738197994	-0.02720693668676309	0.0006718409388446886	-1.087317893125991	5.301173031373338	2.440034998096764	0.106422304706454	-0.3713018512121376	6.144537543633275	2.362656367024381	-4.113356851085963	-2.654808373677725	-0.9949928630369754	3.816824809856853	-0.347248651130701	0.9863438725922095	-5.087230981853892	5.600479089677808	5.600479089677792	0.3623100243812339	0.3623100243812005	0.4703826255010916	-0.02837445477636632	-5.712457541503259	2.792695017222774	-2.974512333287804	9.429989227542627	3.445011235303281	-1.956072817561597	0.2255092800920241	7.200876250726628	-0.4242791059348835	0.9625965420248713	-5.13962125762743	0.01515102782044785	8.252881297709362	-0.0538929651173449	0.2277207979656237	0.2711119704449659	0.04032350541069205	0.01027818276795766	0.2181340719898932	0.2107720744891	0.01172979192991591	0.119743616844923	0.1295849531865813	0.07534250451502894	0.0617272308465391	0.01001050434833859	0.01000007295193084	0.01000003147316268	0.01000002196704746	0.01000000973277607	0.01060390916053929	0.01000000658671699	0.01000001906034026	0.01000002677943417	0.01000005939265844	0.01000013845658836	0.01000024465216997	0.1822115535628601	0.1983778558667086	0.0307475533026274	0.02381421750673265	0.01000610703489276	0.270241305020065	0.1679432348520723	0.1632616825753052	0.0115193449824654	0.01841974106175989	0.009999996755658732	0.01000036709116903	0.2073554030589556	0.0100000472577396	0.01000001763030201	0.009999999856921349	0.01000001024354716	0.01000001620263105	0.01000000465914528	0.01001578121513382	0.01025959697610217	0.01000002682164917	0.01000002289564322	0.01409121974327032	0.1162186085571244	0.01002120282152818	0.01023209555337571	0.136842423207438	0.2044872047454152	0.2967212581917363	0.3729543585159529	0.01272319477280777	0.01270837778906579	0.01024526360658257	0.3680379622092038	0.2445593819524553	0.138117853146694	0.228227229902289	0.1838826400238232	0.129974313411572	0.01000006634817046	0.1583432673966963	0.01000029738031782	0.01000016031387741	0.01074607344098166	0.0100001054751273	0.01000000821949895	0.07231159612372451	0.2276328329245095	0.09991355058257352	0.4199610749398869	0.1842920361897133	0.01270445445143781	0.2256518067678966	0.01066615403497283	0.01143646971485633	0.01086087729219702	0.06304876625268771	0.1643134343438364	-0.1908769705367334	0.03986075289058669	-0.05762569264719168	0.04631946521156602	0.110954411540831	0.0133790429676447	-0.03035134478717443	-0.04597329650519729	0.07939104807729613	0.1094134511269285	-0.01195127951478645	0.2190618532494957	0.2514589455076927	0.01000020880075969	0.01000001561939216	0.2118461704573421	0.2032846107751978	0.01000001931124742	0.1093911738406143	0.1317120572703922	0.08399775027446907	0.06693122442478659	0.01000037991413417	0.01000006285818223	0.01000002386532443	0.01000002214558835	0.01000000960598285	0.01000000895304294	0.01000000790422544	0.01000002162639485	0.01000003002649223	0.01000006051397761	0.01000006513698325	0.010000082114556	0.1685651340408057	0.1800555326749179	0.01000040693794528	0.01000012077596123	0.01000008730755881	0.2533043705618375	0.2029247229672229	0.1587549739883025	0.01000000809535618	0.01000005990708699	0.009999996505791036	0.01000041654503775	0.2004138628131773	0.01000006436898664	0.01000002335656942	0.01000000200195895	0.0100000144605642	0.01000001543100632	0.01000000411533474	0.010000020198269	0.01000006613790927	0.01000002408033128	0.01000002169787998	0.01000006333132445	0.1115376012583533	0.01000001389371998	0.01000005092368905	0.1478678654127909	0.2197527393209686	0.2978592987908355	0.3804011283200027	0.0100000299922358	0.01000000968050183	0.01000000268303325	0.3749711448025991	0.2542682230304906	0.1404507388346966	0.2249048900951903	0.1808885801699167	0.1285636500760217	0.01000005795426906	0.1702572596003901	0.01000011873029358	0.01000007018814031	0.01000002659240782	0.01000011228111718	0.01000000933961467	0.07907413193701891	0.2061517434816852	0.06591585461423918	0.4543024709100564	0.1849280216483037	0.01000001270101917	0.2240191245793917	0.0100000119705759	0.009999997521021329	0.01000000605112525	-0.8354958759775548	-0.6805216923716537	5.657233124403481e-13	2.19097214153725e-14
0.4569317964276352	-0.101488076175739	-0.06214518966313273	-0.09261980810855537	2.871810925206841	0.9351513620295336	0.02721499447993576	0.1921586603892353	0.3073208478596193	0.09104007208318139	-0.04288303476935519	0.1203991515079295	0.3029542235943344	-0.02004538983602638	0.04035335041375939	0.08900901188252593	1.060050918223049	1.060050918223002	0.1924937251688529	0.1924937251688536	0.05735975644693728	0.02413914736935299	2.497018544418791	0.07647486619606825	-0.2568420467100594	1.432655398378427	0.06984607217053745	0.2715836788506428	0.06923833504868673	0.5915714435370045	0.3301529788953044	0.1233958582797958	1.188971337966157	2.088067875169684	0.2831650523366318	-0.0341152482144269	-0.156023961491812	-1.014319259618335	5.460291698577135	2.421432596165994	0.07827533969983225	-0.3989071480380607	6.578374829554551	1.839039873589719	-4.377529064616651	-2.237377861939024	-1.035788325133142	3.8817828869687	-0.07840230359313366	0.9574239385521406	-5.265127638170662	5.29587698156036	5.295876981555717	0.6788430789328764	0.6788430789322941	0.6257626610173658	-0.1157552565901666	-5.361314497180873	3.046947377860421	-2.865021412304853	9.397033841054556	3.390947143910648	-2.083764195755581	0.7791704963696234	7.299561274987095	0.6152319133367878	0.8220433829419701	-4.709680365777754	-0.603240105101535	7.535870434264721	-1.93903421236825	0.2243297461756884	0.2634058747607482	0.0261140757041271	0.01014205496873614	0.2148672362348738	0.2076363655003539	0.01088511263773976	0.1138739901299973	0.1302722552345697	0.07942094098470667	0.06408235073143106	0.01000559058538614	0.0100000663732019	0.01000002687113373	0.01000002189514878	0.01000000963210377	0.01030851983099611	0.01000000757342446	0.01000002084475196	0.0100000289883101	0.01000006128906841	0.01000010558921955	0.01000016958216545	0.1754495439237948	0.1901955989258777	0.02089300576541985	0.01718703004305723	0.01000316077466687	0.2631677223728062	0.1816523858192757	0.1606707050611294	0.010777193494077	0.01434862270634823	0.009999996728833194	0.01000042586997264	0.2043600097030166	0.01000006203529478	0.01000002246405724	0.01000000166729115	0.01000001380372566	0.01000001574031192	0.01000000435734083	0.01000806468893184	0.01013258316525536	0.01000002511287274	0.01000002218388555	0.01210040872692892	0.1136076722636873	0.01001082930524465	0.01011853045677979	0.1418208575499175	0.2111629965917265	0.2973553406974216	0.3760187044394632	0.01139538316745338	0.01138775231347857	0.01012523327924768	0.3702136718939519	0.2482126785597313	0.1394178350972707	0.2266680562280671	0.1823793620026411	0.1290687391863361	0.01000006143721262	0.1644881166442571	0.01000021856130046	0.01000012248293116	0.0103812326632087	0.01000011439608786	0.01000000925612933	0.07661259850061153	0.2154486963362041	0.07887273797294082	0.4326460786037186	0.1847687854054466	0.01138573584215615	0.2252092028461283	0.01034035050100267	0.01073470940222247	0.01043995551718113	0.06511064156302113	0.1663181570444356	-0.1896947679649848	0.03354135409412572	-0.05970511202784795	0.04605772929012435	0.1077780892660495	0.01842821511622672	-0.03186556102964806	-0.04209766444393356	0.0718635028858913	0.1078995292454359	-0.01261440111012895	0.2178118874517348	0.2469604328519811	0.01000016044077563	0.01000001463089695	0.2069399026862296	0.2014301896231977	0.01000001583811734	0.1021976060585589	0.1308962867296046	0.08522951910795543	0.06703853876180388	0.01000054146828409	0.01000005668457322	0.01000002055647128	0.01000002154482792	0.01000000946042715	0.01000000854741632	0.01000000919276584	0.01000002361804688	0.01000003236155781	0.01000006559534137	0.01000007655652919	0.01000009910155055	0.1609929212421882	0.1735757281132331	0.0100002948707933	0.01000009285151425	0.01000009042790168	0.2471167076498546	0.2040409059949158	0.1547547441686341	0.010000005850916	0.01000004747941336	0.009999996866041361	0.01000054690260603	0.1983000115123486	0.01000008850515163	0.01000003101307944	0.01000000486878763	0.01000002010072603	0.01000001511215533	0.01000000398120239	0.01000001834711479	0.0100000553248571	0.01000002269748154	0.01000002122512259	0.01000004666295742	0.1085126683821341	0.01000001294479349	0.01000004758541929	0.1504339267308085	0.2248861863655864	0.2992210497388051	0.3842974665653361	0.01000002680744467	0.01000000767788842	0.01000000145853554	0.37456973318343	0.2552598168634228	0.1421422593015906	0.2230791209439675	0.1790970568074199	0.127034613054833	0.01000005493166264	0.1774069000785461	0.01000015132684947	0.01000009391773434	0.01000002751775715	0.01000013335740287	0.01000001118084632	0.08470225277200027	0.1837721940967203	0.03795804506638138	0.4660710690448851	0.1860889123912758	0.01000001065325415	0.224804896122811	0.01000001278820491	0.009999997779262909	0.01000000664910908	-0.9449729974397036	-0.6702271762281804	1.916033557128024e-12	-1.114620452115446e-13
0.4633674555322498	-0.1029068152891471	-0.06849515205478494	-0.05718222695439318	2.887340115984021	0.93557677312756	0.02458057292983336	0.2356265442007973	0.3174772312113134	0.06241018046643916	-0.05614833204869083	0.113541002350008	0.3277628490374351	-0.01979303120351313	0.04641962141531353	0.05475971906357931	1.093168720421391	1.093168720421303	0.1975759185513271	0.1975759185513256	0.06183880838804839	0.02306616063753204	2.463478140843742	0.09680328214871596	-0.27479644326613	1.492765905181848	0.09150831245526063	0.2581001305079718	0.07596242553815667	0.6387067622967345	0.3370961430978758	0.1287560205616379	1.160926131830963	2.082390078152341	0.3289932938820406	-0.05018321730923734	-0.2793065596864953	-0.9625945608149833	5.539227785363393	2.404894468832404	0.05468914864509561	-0.4184431513683965	6.913645591258285	1.317608067507248	-4.495346359331244	-1.898080625131459	-1.099293165944192	3.804198957461313	0.150104068183224	0.9276374596560109	-5.365562796719988	4.99705551878221	4.997055518782264	0.8815757269875855	0.8815757269876655	0.7631940747305402	-0.2206070295535056	-5.072348613639197	3.264340323716167	-2.706460840165305	9.267284719805309	3.341816608410618	-2.085506046459702	1.305991534372114	7.338682865351084	1.520033026124243	0.8761732694644295	-3.951114973784462	-1.149162043312927	6.683551137065368	-2.900425860863023	0.2217175030427904	0.2567876389435164	0.01849915395580243	0.01007391136408811	0.2109771815988302	0.2049716334768505	0.01046075163204227	0.1073943415553973	0.1303399276844094	0.08221535672750206	0.06540893601263027	0.01000321322871738	0.01000005999693734	0.01000002291538811	0.01000002155894429	0.01000000950899996	0.01016053288677051	0.01000000871097755	0.01000002273273501	0.01000003126025297	0.01000006477721358	0.01000009485494458	0.01000014051909043	0.1683162251272516	0.1825918412548531	0.01571815719802158	0.01376051638292299	0.01000168849226299	0.2563636370212981	0.1903099957917274	0.1575118954964067	0.01040453629120829	0.01226994829909286	0.009999996895486212	0.01000052042135163	0.2016873648325021	0.01000008148994324	0.01000002870852246	0.01000000400564	0.01000001840340396	0.01000001534969315	0.01000000413933331	0.01000420354300663	0.01006899990322103	0.01000002356698274	0.01000002159157167	0.01109442220620635	0.1108121987451454	0.01000563937085008	0.01006168670309637	0.1457919094531592	0.2172171867612518	0.298239715089878	0.3793472406299201	0.01072666542751601	0.01072267847220374	0.01006515259943998	0.3715458447925175	0.2508963513211707	0.1408747311349647	0.2250082532333949	0.1807620948429519	0.1279046053948849	0.01000005746998419	0.1709815299001682	0.01000019542395908	0.010000115417837	0.01019838726454244	0.01000012939183578	0.01000001069487018	0.081472772149216	0.1992705810976913	0.05395930250868813	0.4449551183368151	0.1855084393515173	0.01072162868603808	0.2252188462001814	0.01017710167968822	0.01038240738244489	0.01022894377100345	0.06717251687335458	0.1683228797450348	-0.1885125653932362	0.02722195529766474	-0.06178453140850423	0.04579599336868267	0.1046017669912679	0.02347738726480873	-0.03337977727212169	-0.03822203238266982	0.06433595769448647	0.1063856073639432	-0.01327752270547143	0.2165619216539738	0.2424619201962696	0.01000011208079147	0.01000001364240165	0.2020336349151172	0.1995757684711976	0.01000001236498709	0.0950040382765035	0.130080516188817	0.0864612879414418	0.06714585309882118	0.01000070302243424	0.01000005051096427	0.01000001724761834	0.0100000209440674	0.01000000931487131	0.01000000814178934	0.01000001048130628	0.0100000256096989	0.01000003469662368	0.01000007067670518	0.01000008797608138	0.01000011608855086	0.1534207084435708	0.1670959235515483	0.0100001828036413	0.01000006492706722	0.01000009354824567	0.2409290447378717	0.2051570890226088	0.1507545143489657	0.01000000360647574	0.01000003505173969	0.009999997226291841	0.01000067726017436	0.19618616021152	0.0100001126413166	0.01000003866958931	0.01000000773561587	0.01000002574088762	0.01000001479330439	0.01000000384707021	0.01000001649596135	0.01000004451180499	0.01000002131463184	0.01000002075236523	0.01000002999459038	0.105487735505915	0.01000001199586761	0.0100000442471496	0.1529999880488262	0.2300196334102042	0.3005828006867746	0.3881938048106696	0.01000002362265364	0.01000000567527517	0.01000000023403801	0.3741683215642608	0.2562514106963548	0.1438337797684847	0.2212533517927446	0.177305533444923	0.1255055760336443	0.01000005190905624	0.1845565405567021	0.01000018392340959	0.01000011764733494	0.01000002844310658	0.01000015443368855	0.01000001302207797	0.09033037360698166	0.1613926447117555	0.01000023551852357	0.4778396671797138	0.1872498031342479	0.01000000860548925	0.2255906676662302	0.0100000136058339	0.009999998037504381	0.01000000724709288	-1.046408297492531	-0.6619813702002831	5.99414242206935e-13	-4.893989052587481e-13
0.4698031146368644	-0.1050459939984427	-0.07456119924209829	-0.02148809711673018	2.902770630941456	0.9358617624093072	0.02184487241121838	0.2809689692798633	0.3243169455945998	0.03348385662693715	-0.06739180181031044	0.1062386161867212	0.3516498863094507	-0.01815832029521501	0.05228414703406478	0.02010694362274361	1.124398468670677	1.124398468670627	0.2038264049786341	0.2038264049786338	0.06712627297786605	0.02127336138467077	2.431668143599851	0.1183815003349501	-0.2915777860206996	1.551750942460044	0.1128586338265891	0.2441435664514394	0.08595220598785748	0.6858797183055468	0.3492973029773621	0.1347050764644049	1.138464710745541	2.073580358841565	0.3690470453609208	-0.07166724984248815	-0.3889992254080326	-0.9250382833131324	5.540146161628219	2.39099295841919	0.03383270359134864	-0.4304772602492513	7.170792917410407	0.814349911661603	-4.47128840252913	-1.596212083357199	-1.171089715645401	3.604485061815161	0.3616060260164537	0.8947258089484061	-5.391106973693407	4.710329227213357	4.710329227213745	1.049380885392478	1.049380885390008	0.8730876202825343	-0.3377722803889839	-4.812796221063254	3.429986507418542	-2.501442441559894	9.050161948589118	3.293590670589662	-2.23468611954752	1.787988174617622	7.307987549563217	2.24106464432729	0.987931824548732	-3.029831424014622	-1.553246716367127	5.764841760121781	-3.704452510641032	0.2196184371664533	0.2508970861477505	0.01439013045154577	0.01003773675346963	0.2063216924017347	0.2026098535628704	0.0102353389963629	0.1002541602165408	0.1298347506651478	0.08412188269095662	0.06619408029539381	0.0100020835458719	0.0100000541195258	0.01000001954614093	0.01000002099483592	0.0100000093703904	0.01008196261472678	0.01000001006344258	0.0100000247000003	0.01000003332844065	0.01000006995537228	0.01000009373916503	0.01000013101054708	0.1606680058381113	0.1756028075152617	0.01294238392878349	0.0119297376496883	0.01000090767260281	0.2497747740878346	0.1952089644811137	0.1538071392754248	0.01020660579973248	0.01116239683944765	0.009999997139815621	0.01000064964098725	0.1993416564455741	0.01000010568159496	0.0100000376450631	0.01000000737516805	0.01000002500315734	0.01000001512779916	0.01000000405811724	0.01000215338618242	0.01003524264859564	0.01000002224174704	0.01000002120484441	0.01055950437889589	0.1078992130205794	0.01000288407209437	0.01003151003939791	0.1492168989100868	0.2229268455585076	0.2996433174005013	0.3831646757876783	0.01037130336514958	0.01036925547894231	0.01003325843716828	0.3718778603670955	0.252710985701256	0.1428359320863818	0.2231590109128067	0.1790919134721518	0.1267429577053227	0.01000005440468783	0.1780747539501124	0.01000018910434328	0.01000011633193316	0.0101013051769622	0.01000014712900712	0.01000001296153199	0.08679087074002573	0.1696277247833394	0.03374484004652658	0.4568357578971074	0.1865104722703292	0.01036871992798673	0.2261894500938494	0.01009042679142851	0.01019529566137866	0.01011690038521976	0.07329327443833113	0.1691531073650642	-0.1855799140751344	0.001590608141743696	-0.06331430608660947	0.0461266406851513	0.1005695950923719	0.02338470533223768	-0.03887333906568215	-0.01716514859819851	0.0559381689568355	0.1024179813233953	-0.01075553286154161	0.2154639723648281	0.2381020168472594	0.01000009572936098	0.01000001349623765	0.1952040951432809	0.1977908209084379	0.01000001043361537	0.08645687985319114	0.1282384899051686	0.08673800732425573	0.06719370513248051	0.01000107729735216	0.01000004585999041	0.01000001500588266	0.01000001995196902	0.01000000915056682	0.01000000815458494	0.01000001231313943	0.01000002771689819	0.01000003615162202	0.01000007931218707	0.01000009646849222	0.01000012533568847	0.1444728965798718	0.1618675818682281	0.01000015475204663	0.01000005596480158	0.0100000936418346	0.2349641400104671	0.2016576072687737	0.1457586660899113	0.01000000243486003	0.01000003017743514	0.009999997536951143	0.01000087499884006	0.1947222572600794	0.01000014635760123	0.01000005397964774	0.01000001355600504	0.01000003708245181	0.01000001498374193	0.01000000408038132	0.01000001539634119	0.0100000376647233	0.01000002047540274	0.01000002084334745	0.01000002250052705	0.1024044386564367	0.01000001088849708	0.01000004135767959	0.155642535134279	0.2352650565003513	0.3039419613426161	0.3939604465785946	0.01000002183383876	0.01000000441513541	0.009999999407638299	0.3711423191708516	0.2557896229913247	0.1474721326724036	0.2187708504925803	0.1755895726400904	0.1246624697454178	0.0100000506162868	0.1936789653688158	0.0100001813247162	0.01000011697860065	0.01000003198749658	0.0100001750891695	0.01000001727329656	0.09670107854566931	0.08569644652797327	0.01000015674823144	0.4884627769560404	0.1889374526337065	0.01000000714677609	0.2299135306634921	0.01000001479997299	0.009999998406348885	0.01000000809622761	-1.131711336933894	-0.6577980536085851	-2.717402242420697e-12	-1.050759585371163e-12
0.4762387737414789	-0.107959009765833	-0.08043374845102878	0.01395638540216824	2.918122680515395	0.9360116804527445	0.01905584045180286	0.3278396914716539	0.328041240020335	0.005151690704704162	-0.07669595997930408	0.09845425812280262	0.3739687032186718	-0.01509114502116562	0.05793403709919515	-0.01447235195006969	1.153824711888176	1.153824711888165	0.2109348450929436	0.2109348450929444	0.07298784087658959	0.01870270537998626	2.401536253512906	0.1408036680082214	-0.3069005143289966	1.609082955220125	0.1339063191105752	0.2295564627691655	0.09884066563049448	0.7326003271339249	0.3655472446294744	0.1416692718382431	1.121919909257069	2.062853059507995	0.4032066269770161	-0.09694176554984367	-0.5197907317872458	-0.9024614832713739	5.461645265362661	2.380509901296948	0.01271326470879318	-0.4350168819573264	7.388592168082906	0.3494337380424515	-4.310700803457011	-1.295403715030377	-1.249074838939113	3.316845505065712	0.5952688496531563	0.8609354896173128	-5.342727568904475	4.436583001149774	4.436583001149901	1.148200669315143	1.148200669315493	0.9416072855360748	-0.4623403892731311	-4.550845803190764	3.526613220552101	-2.253169446173297	8.753576803158472	3.247766851359358	-2.281457880309807	2.206809662692255	7.198107619219491	2.778266784380896	1.191646622602674	-2.112416092581551	-1.745085472766101	4.851828925390238	-4.078388555988509	0.2178860645724293	0.2455247389400294	0.01229171346622635	0.01001963756663548	0.2008227755089132	0.2004598937178118	0.01012244912466611	0.0924294553822278	0.1287778206016354	0.08530647179553098	0.06664462749098281	0.01000170548459209	0.01000004885504301	0.01000001674038332	0.01000002021683349	0.01000000921893885	0.01004264332412192	0.01000001165547853	0.01000002673719952	0.01000003509017892	0.01000007686137643	0.0100000974252447	0.01000013087547835	0.1524289701442367	0.1692440484950908	0.0115342042203498	0.01100536645560673	0.01000051712524354	0.243369402551078	0.1968907664200301	0.1495675573585727	0.01010749353995275	0.01060522805398019	0.009999997417299331	0.01000081310389454	0.1973241860129991	0.01000013463330918	0.01000004976685532	0.0100000119695462	0.01000003397269448	0.01000001511197382	0.01000000413409097	0.01000112726778892	0.01001834978819695	0.0100000211593999	0.0100000210568592	0.01029118559116366	0.1049014422998212	0.01000150520527175	0.01001641087491867	0.1523134226408182	0.2284322087176493	0.3017171191637693	0.3876017541372421	0.0101932156225716	0.01019214150611882	0.01001730088141863	0.3711152086662778	0.2537069013096053	0.1454701053719797	0.2210721904264367	0.1774007079456469	0.1257114185509508	0.01000005222523653	0.1858920209553313	0.01000018464439462	0.01000011645503704	0.01005271910022463	0.01000016632464369	0.01000001622000285	0.0925249669576212	0.1200198304954498	0.02261518234215601	0.4682549394304659	0.1877744676458982	0.01019186401680929	0.2283909466847486	0.01004705046337871	0.01010160673394931	0.01006082081686942	0.07941403200330772	0.1699833349850935	-0.1826472627570326	-0.02404073901417735	-0.06484408076471469	0.04645728800161993	0.096537423193476	0.02329202339966663	-0.04436690085924262	0.0038917351862728	0.04754038021918455	0.09845035528284733	-0.008233543017611821	0.2143660230756823	0.2337421134982492	0.01000007937793038	0.0100000133500737	0.1883745553714446	0.1960058733456782	0.01000000850224355	0.07790972142987879	0.1263964636215202	0.08701472670706967	0.06724155716613985	0.01000145157227064	0.01000004120901663	0.01000001276414715	0.01000001895987055	0.01000000898626217	0.01000000816738023	0.0100000141449727	0.01000002982409752	0.01000003760662034	0.01000008794766907	0.01000010496090334	0.01000013458282699	0.1355250847161729	0.1566392401849078	0.01000012670045193	0.01000004700253586	0.01000009373542632	0.2289992352830625	0.1981581255149386	0.1407628178308569	0.01000000126324439	0.0100000253031306	0.009999997847612041	0.01000107273750579	0.1932583543086389	0.01000018007388591	0.01000006928970608	0.01000001937639388	0.01000004842401583	0.01000001517417948	0.01000000431369243	0.01000001429672327	0.01000003081764187	0.01000001963617366	0.01000002093432967	0.01000001500646375	0.09932114180695835	0.01000000978112857	0.01000003846820989	0.1582850822197318	0.2405104795904982	0.3073011219984576	0.3997270883465199	0.01000002004502403	0.01000000315499592	0.009999998581239037	0.3681163167774423	0.2553278352862947	0.1511104855763225	0.216288349192416	0.1738736118352578	0.1238193634571912	0.01000004932351737	0.2028013901809295	0.01000017872602288	0.01000011630986607	0.01000003553188667	0.01000019574465051	0.01000002152451534	0.1030717834843569	0.01000024834419108	0.01000007797793932	0.4990858867323669	0.190625102133165	0.01000000568806298	0.2342363936607539	0.01000001599411232	0.009999998775193938	0.01000000894536264	-1.202104663210861	-0.6511947902407375	-4.163045339271792e-12	-9.045236348852703e-13
0.4826744328460936	-0.1118381539347757	-0.08620412312643495	0.04864718696070505	2.933419600682612	0.9360202926175804	0.01626048032442166	0.3760581050405688	0.3289145608660116	-0.02173634523935242	-0.08398222000334125	0.09017361146764558	0.3941669407639313	-0.01038125995990439	0.06334982310414353	-0.04851900630373913	1.181528087767372	1.1815280877674	0.218581881906115	0.2185818819061179	0.07915553068836559	0.01531224805710865	2.373152412786707	0.1635844218866542	-0.3205080013001023	1.664235245988645	0.1546747978231836	0.2142608931456313	0.1142322487453063	0.7783497505020962	0.3846800735344452	0.1500108076688823	1.111009720592977	2.051509845040214	0.4316510400136048	-0.1248469356386593	-0.6883081541343621	-0.8929980753280365	5.308708459450006	2.374123642315519	-0.01005727899409096	-0.4327492373138573	7.589217932723065	-0.06829353635072245	-4.027127925586232	-0.9685782398675937	-1.322718462706674	2.953936831974475	0.8709775798745073	0.8210662608571644	-5.228798043074923	4.172030322485031	4.172030322486378	1.22235093655015	1.222350936550697	0.970292674493942	-0.5916280638162486	-4.261049366606954	3.538514632459396	-1.972731887785319	8.37112047887997	3.208104376829549	-2.458340583999668	2.568129732927005	7.00699413237246	3.141165463950401	1.407355887775708	-1.318619903649502	-1.754790843757145	4.004697223111268	-4.551914875180525	0.2162944932711151	0.2403949963407925	0.01117359983522943	0.0100100305707187	0.1948744682897077	0.1983557466081314	0.01006251580812439	0.08359076760963312	0.1273677787037448	0.08591431100210276	0.0668288220326448	0.01000165068169999	0.01000004406222501	0.0100000143306566	0.01000001945973836	0.0100000091576602	0.01002177171347071	0.01000001362986694	0.01000002891147114	0.01000003659511019	0.01000008625291891	0.01000010394741725	0.0100001341982898	0.1434684236972741	0.1632859194865024	0.01078486769076925	0.0105139217970431	0.01000030977926235	0.2369374633472618	0.1964760644320427	0.1447107041194352	0.01005487617882162	0.01030920177091285	0.009999997710132429	0.01000103676881365	0.1954967761836118	0.01000016389566418	0.01000006568805937	0.01000001784846032	0.01000004559047373	0.01000001533599789	0.01000000439409285	0.0100005823668543	0.01000938042336532	0.01000002031732315	0.01000002116431577	0.01014869628245316	0.101960222618263	0.01000077284283261	0.01000839491092866	0.1554042315090602	0.2340212300389503	0.3043961608805266	0.3923047355988589	0.01009865877104596	0.01009810191025471	0.01000883016838165	0.3692231526725498	0.2539970510302633	0.1487680562579239	0.2187119317756067	0.1757200126338191	0.1248128305168403	0.01000005082682502	0.1939938287158153	0.01000017631860291	0.01000011245725963	0.01002693070246041	0.01000108612251399	0.01000002157536044	0.09836958211093258	0.0735349203455021	0.01655267277507035	0.4793511008634214	0.1891111711144232	0.01009796131968811	0.2319106314682602	0.01002402555290555	0.01005186956615473	0.01003105177343693	0.08761770362044941	0.169731355499354	-0.1779385508702379	-0.03559555022749225	-0.06597976426817033	0.04707170280194727	0.09148430008024655	0.01951264225782837	-0.05168299909033056	0.02322616537521336	0.02841825742476499	0.09051340933312271	-0.006899312872604175	0.2128315528491001	0.2289217586665925	0.0100000765686557	0.01000001436847198	0.1819163336478722	0.1938019008436324	0.01000000754087086	0.06670268205360294	0.1243739421994695	0.08645192406073741	0.0669015892280464	0.01000171368999078	0.01000003725118304	0.01000001101789304	0.01000001842543616	0.01000000918474644	0.01000000898212446	0.01000001699438909	0.01000003232434911	0.01000003863592602	0.01000010289616456	0.01000011564406574	0.0100001402689037	0.124886760835983	0.1514866029943944	0.01000011971358986	0.01000004470156935	0.01000009349178888	0.222282698562918	0.1936940491119594	0.134356663047256	0.01000000072052868	0.01000002332329742	0.009999998157458216	0.01000143685549381	0.1917460944357533	0.01000020653117357	0.01000009328631097	0.01000002787155718	0.01000006555523324	0.01000001590414626	0.01000000496259618	0.01000001422943984	0.01000002674447023	0.01000001927284924	0.01000002156577328	0.0100000112384675	0.09669887197457117	0.0100000088754199	0.0100000361254408	0.1617869004451096	0.2468278930674028	0.31165839476591	0.4046583448831506	0.010000019479932	0.01000000245070962	0.009999998057488838	0.3627042028990478	0.2538137203804993	0.1560868960461004	0.2131553341763385	0.1722705238660848	0.1232464746003151	0.01000004940721187	0.2112799374653504	0.01000015825551801	0.01000010150199756	0.01000004379478884	0.01000361005402795	0.01000003192668813	0.1089823517776586	0.01000014009180779	0.01000005951850957	0.5095793040577417	0.1919023814668721	0.01000000453829947	0.2415188374150457	0.0100000176014962	0.009999999252144445	0.01000001006114622	-1.259423862148712	-0.6446269323786986	-3.953419670012857e-12	-1.323368188700918e-13
0.4891100919507081	-0.116851691513756	-0.09195624359808212	0.08215190497663129	2.94869150199907	0.9358819674459641	0.01349793396458249	0.4254334362074644	0.3272875738032001	-0.04644945731126427	-0.08915823058841216	0.08144934452279204	0.4119100482730664	-0.003847531336257565	0.06848867811270498	-0.08165672803709788	1.207514939678326	1.207514939678392	0.2265920900513407	0.2265920900513425	0.08541470010129765	0.01108353824438026	2.346805587418124	0.1861635091341648	-0.3322551471567726	1.716638575538201	0.1752205094659688	0.1980892027242198	0.1317893123161298	0.8226302696842325	0.4056377653130036	0.1598702424038303	1.104426331385759	2.040591424218543	0.4549698735083113	-0.1549936118679905	-0.8723244458435212	-0.8967886549712581	5.093047887843589	2.372734830821696	-0.03295022862079849	-0.4248193974261695	7.748125691296427	-0.4275831480575207	-3.634803019764827	-0.6396047005174461	-1.38693804297983	2.553868467264642	1.162061939026183	0.774874067695475	-5.060259961643251	3.903141457841412	3.903141457841232	1.261062884476145	1.261062884476121	0.9700362627735541	-0.7228428416400372	-3.917805636278054	3.463941589299459	-1.675034065896265	7.899286302638767	3.17853786773793	-2.553728607473356	2.879772732946911	6.74161849941254	3.345376645561317	1.663361753804167	-0.7677832005598498	-1.613072997491152	3.258960361830259	-4.77497801220372	0.2147215054597703	0.2353519167589203	0.01061108908204304	0.01000522509811451	0.1886915447221333	0.1962088012785147	0.01003252546627958	0.07357613552357893	0.1257014230134018	0.08600787776005568	0.0667759079293602	0.01000175426467426	0.01000003968670202	0.01000001225250987	0.01000001881392059	0.01000000922620093	0.0100113303187816	0.01000001604156278	0.01000003124865573	0.01000003786234102	0.0100000984216244	0.01000011254910634	0.01000013870218926	0.1337180568499892	0.1576036063388721	0.01040858647853623	0.0102674663036089	0.01000020593586773	0.2303603203627212	0.1945211947918434	0.1391942611790499	0.01002854784037252	0.01016089444802761	0.00999999801146889	0.01000133062684863	0.193785605513083	0.0100001917561485	0.01000008564505442	0.01000002503488002	0.010000059963668	0.01000001581287384	0.01000000484845397	0.01000030975449761	0.01000489140116829	0.0100000197145095	0.01000002153364207	0.01007736451667824	0.09914342829260818	0.01000040603625155	0.01000438371828375	0.1586465685407835	0.2398441738279118	0.3076434372881525	0.397067577350148	0.01005133508691584	0.01005103715634479	0.01000459238505496	0.366178386018505	0.2536409806317207	0.1527248522432525	0.2160588161416741	0.1740662043063656	0.124048371702823	0.01000005016911595	0.202165429984191	0.0100001619233422	0.01000010305700099	0.01001403289901709	0.01000325258287336	0.01000002945293289	0.1041924989433952	0.04511429790566451	0.01342673671350162	0.4902041358572061	0.1904231103084894	0.01005096488881736	0.2367905435829315	0.01001250715884667	0.01002698326157964	0.01001615857938121	0.09582137523759113	0.1694793760136145	-0.1732298389834432	-0.04715036144080717	-0.06711544777162595	0.04768611760227459	0.08643117696701708	0.01573326111599012	-0.0589990973214185	0.04256059556415392	0.009296134630345409	0.08257646338339811	-0.005565082727596472	0.2112970826225178	0.2241014038349359	0.01000007375938093	0.01000001538687061	0.1754581119242996	0.1915979283415867	0.0100000065794982	0.05549564267732709	0.1223514207774188	0.08588912141440515	0.06656162128995295	0.01000197580771109	0.0100000332933495	0.01000000927163905	0.01000001789100168	0.01000000938323056	0.01000000979686857	0.01000001984380559	0.01000003482460071	0.01000003966523169	0.0100001178446601	0.01000012632722826	0.01000014595498045	0.1142484369557932	0.146333965803881	0.01000011272672776	0.01000004240060278	0.01000009324815656	0.2155661618427736	0.18922997270898	0.127950508263655	0.0100000001778132	0.01000002134346431	0.009999998467304268	0.01000180097348185	0.1902338345628678	0.01000023298846127	0.01000011728291582	0.01000003636672065	0.01000008268645075	0.01000001663411308	0.01000000561150004	0.01000001416216214	0.01000002267129925	0.01000001890952484	0.01000002219721693	0.01000000747047137	0.09407660214218398	0.01000000796971677	0.01000003378267247	0.1652887186704875	0.2531453065443074	0.3160156675333626	0.4095896014197813	0.01000001891484012	0.01000000174642351	0.009999997533739492	0.3572920890206533	0.252299605474704	0.1610633065158784	0.210022319160261	0.1706674358969118	0.1226735857434391	0.01000004949090641	0.2197584847497714	0.01000013778501317	0.01000008669412912	0.01000005205769122	0.01000702436340502	0.01000004232886102	0.1148929200709604	0.01000003183942466	0.01000004105907991	0.5200727213831164	0.1931796608005791	0.01000000338853629	0.2488012811693374	0.01000001920888014	0.009999999729094562	0.01000001117692973	-1.304862285173019	-0.6379273601285881	-2.600609091543894e-12	2.354946518655684e-14
0.4955457510553227	-0.1230461366147577	-0.09776366329824576	0.1140976330387558	2.963971733553254	0.935599840627151	0.01080142155170963	0.4756476864760226	0.3235475107165544	-0.0683278603310237	-0.0922470254456494	0.07236450846369678	0.4269892804712003	0.004547434840594252	0.07330186038387944	-0.1135608416207868	1.231733557008262	1.231733557008298	0.2348291475150093	0.2348291475150144	0.09159826660532523	0.006015604786240517	2.322846773044163	0.20799939455592	-0.3420709535775222	1.765749492556737	0.1956133514862914	0.1809133362127893	0.1511936428011937	0.8649963792810028	0.4274341816892951	0.1712902461588863	1.100528821452422	2.030935196870443	0.4738693229136307	-0.187042976219435	-1.054239646227106	-0.909811161123007	4.82908296478484	2.376655060526577	-0.05477929926941102	-0.4126791797963841	7.851657474868606	-0.7233464331675555	-3.153768058741683	-0.3173930573606334	-1.433017605896233	2.134573292393972	1.448083346813025	0.7200727102427087	-4.850244727771961	3.620893776339875	3.620893776335723	1.30136574676795	1.301365746766722	0.948185685824762	-0.8507446149532714	-3.518332535210668	3.30881825891189	-1.377691921144354	7.350593897130913	3.160287635535547	-2.77397577045448	3.141608128939535	6.416022945364701	3.405803257093786	1.886103948003892	-0.4958700667466567	-1.381303638270934	2.63444837889683	-5.1576405716401	0.2129065062221356	0.2301787287853598	0.01031222522692742	0.01000267547471131	0.1828171740333762	0.1937826548711946	0.01001660572801993	0.0600981691553426	0.1240922995572249	0.08570061509835096	0.06618132464287109	0.01000176525395517	0.01000003561278424	0.01000001040108304	0.01000001846953638	0.01000000952963113	0.01000578880587506	0.01000001911148304	0.01000003392733859	0.01000003918312915	0.01000011416680917	0.0100001232928202	0.01000014427202727	0.1230643593834638	0.1520392696077118	0.01020873038247349	0.01013659460922597	0.01000015056364446	0.2234069521346973	0.1911424628614721	0.1325775763573245	0.01001457217243684	0.01008215368657554	0.009999998322599381	0.01000170983227516	0.1920455718590414	0.01000020929267433	0.01000026403570673	0.01000010770362799	0.01000020513864524	0.01000001656333098	0.01000000550888064	0.01000016543097473	0.01000250723940919	0.01000001936120887	0.01000002219908239	0.01003949620359549	0.09647297625852105	0.01000021104150464	0.01000225368632774	0.1620889881355666	0.245897937726551	0.3112024293909184	0.402021663303165	0.01002621403978302	0.01002605327558022	0.01000234280240977	0.3616636956488385	0.2525263576306296	0.1570685499441965	0.2129227573167985	0.1722883662538723	0.1232512562612012	0.01000005027037438	0.2098080011198552	0.01000014522211168	0.0100000915129462	0.01000719428059363	0.02443507644807233	0.01000004935117604	0.109724507132146	0.02876946805764962	0.01175762356574046	0.5001533141106554	0.1913676374596146	0.0100260169881537	0.2425242480848871	0.01000639394439218	0.01001377341914471	0.01000825369422706	0.103756075603109	0.167905008490097	-0.1668455850566329	-0.05512896660314946	-0.06786607352529056	0.04762435167725947	0.07928348350669118	0.01072091075259383	-0.0666366918431332	0.04993326675737337	-0.0153916797093847	0.07352587673882183	-0.006087225451395784	0.2084684855037695	0.2183200359014337	0.01000008303561605	0.01000001880647227	0.1712390471346418	0.1881287881629794	0.01000000642637497	0.03274860088621445	0.1212573004393205	0.08478485791327074	0.06447468512828809	0.01000160823289888	0.01000002973383166	0.01000000779311234	0.01000001829621331	0.01000001023757641	0.01000001224955587	0.01000002440093312	0.01000003832413737	0.01000004131749183	0.01000014136176577	0.01000014140516029	0.0100001535690318	0.1016826846399841	0.1409534427292954	0.01000011710922571	0.01000004419632524	0.01000009248254126	0.2073854507986873	0.1823138571005919	0.1182643416378246	0.01000000014147821	0.01000002126033855	0.009999998799028775	0.01000236262617623	0.188226613643752	0.01000022299611294	0.01000073159776813	0.01000032719596198	0.01000058820143733	0.01000001794795722	0.01000000669327065	0.01000001563796465	0.01000002053917461	0.01000001906338086	0.01000002348153903	0.010000005509515	0.09179171330783886	0.01000000755109482	0.0100000321934936	0.1693367876947378	0.2599362934407724	0.3200984729803241	0.4154318976808251	0.01000001967458036	0.01000000150194302	0.009999997274798467	0.3477658940781916	0.2488975874663	0.1661104909773629	0.2053470363237053	0.1683823617354827	0.1216055635557961	0.01000005112488595	0.2253351881951461	0.01000011936806613	0.01000007337008124	0.01000007439812156	0.06528993733323357	0.01000009359486718	0.1195497336740743	0.01000002227342716	0.01000003390593854	0.525872718761402	0.1926991222213527	0.01000000239140918	0.2562485024395714	0.01000002099377865	0.01000000017671047	0.01000001233321196	-1.339482430240126	-0.6315171707008019	-5.698089931453035e-14	-4.625439715468988e-13
0.5019814101599372	-0.1304407846458287	-0.1036903548383435	0.1442365595645797	2.979292167918968	0.9351761983208365	0.008192547888670401	0.5264273903169532	0.3181234229783659	-0.08690685591529941	-0.09320614086213543	0.06304731671769617	0.4394143172149378	0.01480735620238276	0.07774616964696161	-0.1440305763228409	1.254090398063905	1.254090398063911	0.2433759868759972	0.2433759868760002	0.09757487876350709	0.0001509225355007463	2.301642366700047	0.2285831672846594	-0.350017240218605	1.811092801248865	0.2159152493255208	0.1625133656953308	0.1721117372125029	0.905104694158164	0.4491858621166148	0.1841531743200449	1.097368986338391	2.022895560385428	0.4891368385654222	-0.2210276821376879	-1.245309682188059	-0.933854589267431	4.531550922593269	2.385228597292828	-0.07692878092533839	-0.3975840366049584	7.923850836032538	-0.950924924764359	-2.60945118905819	0.0222325490973464	-1.459146870179683	1.72902816702117	1.741631223769611	0.6602399708905646	-4.614500217773935	3.324560072577561	3.32456007257712	1.357333346463632	1.357333346463344	0.9057213761329134	-0.9704472538582926	-3.061822438510004	3.074824432166069	-1.094046244447172	6.728432388086609	3.150275282808167	-2.934141573459164	3.35020284699288	6.039967066230499	3.331474121864515	2.111777174711674	-0.5385371181909786	-1.110687512207884	2.130269828782364	-5.376421167004955	0.2107093084544522	0.2247547614953884	0.01016249978392507	0.01000140175885631	0.1775437385826888	0.1909517840096204	0.01000864141006292	0.04198459709819822	0.1226937941651616	0.08504307756625047	0.06490967466191296	0.01000158705139429	0.01000003179594511	0.01000000873601856	0.01000001849977248	0.01000001010838823	0.01000301790021019	0.01000002292465572	0.01000003701625438	0.01000004066957478	0.01000013379611732	0.01000013620261953	0.01000015086349041	0.1114489213623485	0.1465095540007965	0.01010865566609012	0.0100710852613826	0.01000012248194517	0.2159484128835198	0.1863946905147957	0.1246327549525663	0.01000758055143548	0.01004274899347802	0.009999998644022082	0.01000218021770775	0.1902000077833929	0.01000021307127301	0.01000066028514938	0.01000029440336573	0.01000053039829692	0.01000001759534882	0.01000000637988054	0.01000009397292581	0.0100013135206356	0.0100000192613669	0.01000002317381753	0.01002054854211376	0.09395887292403581	0.01000011328917668	0.01000118736615608	0.1657557136911536	0.2521815804198943	0.314929409735115	0.4072439510613656	0.01001364640536921	0.01001355377259661	0.01000121734247046	0.3554866245673087	0.2505895487723565	0.1616677503163292	0.209200580414294	0.1703083658754817	0.1223405322138558	0.01000005113763081	0.2166183275029577	0.01000012766342973	0.01000007907931658	0.01000378441641386	0.05769567769230787	0.01000008492588999	0.1148440145401665	0.01992438231108384	0.01091556567263633	0.5088003183624986	0.1917669683457135	0.01001353511170523	0.2488441217500366	0.01000333670338133	0.01000716518519551	0.01000429982036679	0.1116907759686268	0.1663306409665794	-0.1604613311298227	-0.06310757176549175	-0.06861669927895518	0.04756258575224433	0.07213579004636528	0.005708560389197548	-0.07427428636484787	0.05730593795059281	-0.04007949404911481	0.06447529009424557	-0.006609368175195109	0.2056398883850212	0.2125386679679315	0.01000009231185111	0.01000002222607511	0.167019982344984	0.1846596479843721	0.01000000627325199	0.01000155909510189	0.1201631801012222	0.08368059441213634	0.06238774896662323	0.01000124065808664	0.01000002617431389	0.01000000631458577	0.01000001870142488	0.01000001109192214	0.01000001470224359	0.01000002895806074	0.01000004182367406	0.01000004296975196	0.01000016487887147	0.01000015648309235	0.01000016118308317	0.08911693232417504	0.1355729196547097	0.01000012149172364	0.01000004599204765	0.0100000917169302	0.1992047397546011	0.1753977414922038	0.1085781750119943	0.01000000010514373	0.01000002117721291	0.00999999913075336	0.01000292427887062	0.1862193927246361	0.01000021300376464	0.01000134591262031	0.01000061802520248	0.01000109371642346	0.01000001926180149	0.01000000777504154	0.01000001711377904	0.01000001840705184	0.01000001921723694	0.01000002476586121	0.01000000354855887	0.08950682447349381	0.01000000713248654	0.01000003060431684	0.1733848567189883	0.2667272803372374	0.3241812784272857	0.4212741939418683	0.01000002043432073	0.01000000125746263	0.009999997015859676	0.3382396991357298	0.245495569457896	0.1711576754388474	0.2006717534871496	0.1660972875740535	0.1205375413681532	0.01000005275886557	0.2309118916405209	0.010000100951119	0.01000006004603314	0.01000009673855209	0.1205728503030624	0.01000014486087326	0.1242065472771883	0.01000001270742977	0.01000002675279725	0.5316727161396876	0.1922185836421262	0.01000000139428283	0.2636957237098054	0.01000002277867731	0.01000000062432516	0.01000001348949402	-1.360061643977278	-0.6266888545983438	-3.483757144647084e-12	-2.017789157435835e-12
0.5084170692645519	-0.1390768317493819	-0.1098416327285528	0.1724001463250021	2.994684202219867	0.9346111836364892	0.00568681862144967	0.5775360129074546	0.3114922691097388	-0.1018349306938964	-0.09193492287408349	0.05357860345006177	0.4492780275817385	0.02697194290932061	0.08183129603890532	-0.1729417061647227	1.274364607660132	1.274364607660145	0.2523582575081873	0.2523582575081837	0.1032147736284617	-0.006453483133487958	2.283512796052212	0.24743672956541	-0.3561571924209419	1.85232186887391	0.23618071046045	0.1427230516095173	0.194199845823484	0.9425574836414277	0.4701534206657686	0.1983967474002381	1.093061515553007	2.01664538812135	0.5015799427537232	-0.2569455725248052	-1.428977069075038	-0.9940202812788144	4.223665946884241	2.399877879832318	-0.09732627246526414	-0.3810056099184277	7.929646181972992	-1.080521763676132	-2.028171183707441	0.360456411901351	-1.50438686315735	1.341921314393004	2.034068018279606	0.6267681224109013	-4.373354391257657	2.915763804616465	2.915763804577081	1.420768165593825	1.420768165579459	0.8435924744903229	-1.08166230744	-2.57058985151536	2.774189646148276	-0.8088624197195278	6.088574128564173	3.148226110859536	-3.210550576169959	3.504628407688231	5.575827343558272	3.207824217307147	2.328121996889565	-0.8301770669077202	-0.8349793985630168	1.744424314641163	-5.757945136546626	0.2072630744652866	0.2183783714035345	0.01008301689815275	0.01000072934989078	0.172722484423973	0.186844185552228	0.0100044141115095	0.02703214041193856	0.121848451889128	0.08410717994486061	0.06304172865816192	0.01000133595420449	0.01000002815631955	0.01000000718790079	0.01000001913223697	0.01000001116109994	0.01000154955583343	0.01000002826221895	0.01000004117742047	0.01000004285785305	0.01000016007066101	0.01000015244630188	0.01000015901242231	0.09912202607841994	0.140471222394206	0.0100555335351007	0.01003631166347022	0.01000010768875625	0.2073405709467284	0.1800158786257249	0.1156604458588441	0.01000386952880439	0.01002183228741946	0.009999998996047189	0.01000273677813692	0.188075916970136	0.0100002058133629	0.02576817225940902	0.03725635058758933	0.02894705006499119	0.0100000190288788	0.01000000764910198	0.01000005701334673	0.01000067936227367	0.01000001934640215	0.01000002448022523	0.01001049025727383	0.09205119677734321	0.01000006131301992	0.01000062089353958	0.1692521398841149	0.2582486812688254	0.3189485731404129	0.4128285732750082	0.01000697620666234	0.01000691896668983	0.01000061991082498	0.3467035314171549	0.2468456564652854	0.1649351998475198	0.2043742472581221	0.167579990129283	0.1207086136802895	0.01000005295319041	0.2224839723230286	0.01000011173938127	0.01000006801575316	0.01000200686504619	0.08914744479299931	0.02683387194570559	0.1194826007924976	0.01513625873423047	0.01046794969146782	0.5158047835358774	0.1909425954246947	0.01000690920844545	0.2549864703378859	0.0100017147052074	0.01000365767027416	0.01000220155425055	0.1189167430867982	0.1632129019319957	-0.1518529027469258	-0.07041938864537613	-0.06874055214548773	0.04704306961873831	0.06468047619266593	0.002655859224836314	-0.08191194754195905	0.06423444485084795	-0.04507514163563537	0.02342680870827385	-0.005066169749201123	0.1976602965605475	0.2026749099291186	0.01000012501365035	0.01000003344842217	0.1632155242065146	0.1760775834569642	0.01000000704080885	0.01000094124910371	0.1210429369726365	0.08219001317969275	0.05930115166059759	0.01000093326760035	0.01000002282777723	0.01000000494701433	0.01000002071420201	0.0100000132459576	0.01000002202925328	0.01000003794742741	0.01000004864019594	0.0100000469752844	0.01000020657659973	0.01000018029705738	0.01000017286109856	0.07598517195468596	0.1277200266204708	0.01000014034389479	0.01000005294856697	0.01000009272992358	0.1868144325530228	0.1645751932108634	0.09781780226165912	0.01000000063574779	0.01000002297968045	0.009999999559653808	0.01000364941852309	0.1831461616104633	0.01000018575824746	0.07049894698972373	0.1159844309610648	0.08296272632148508	0.01000002159111569	0.01000000998560027	0.0100000196359912	0.01000001801878853	0.01000001961938575	0.01000002675316272	0.01000000258589456	0.08948463569501518	0.01000000711595394	0.010000030036069	0.1759827776132857	0.2716128030803258	0.3293089711055361	0.4282343488206328	0.01000002275454364	0.01000000143657847	0.009999997053607674	0.3200678125728161	0.2352579821995564	0.1690701737984049	0.192242492823182	0.1607703274461766	0.1164807582831589	0.01000005661232773	0.2341305917861357	0.01000009021712133	0.01000005346412403	0.01000020171592589	0.1359743647280026	0.07466900001002703	0.1276780580831307	0.0100000092862391	0.0100000237923247	0.5325862658392118	0.1872610171555329	0.01000000044174449	0.268303870456122	0.01000002433261828	0.01000000079537237	0.0100000142646529	-3.683155694946323	-0.7353970555314664	-1.423784792698764e-11	-4.885175126379286e-12
0.5148527283691665	-0.1487110107304508	-0.1166938853783232	0.1986375430400064	3.010204250688433	0.9339406474204692	0.003289945428254601	0.6281133043643651	0.3045929019725295	-0.1129921065992844	-0.08872575245380911	0.04341414217803791	0.4567589401618294	0.04092837268331695	0.08603848650324782	-0.200362429499621	1.290844477842933	1.290844477842954	0.2614918915839117	0.261491891583904	0.1083894215907929	-0.01376722968893055	2.26857719851651	0.2641609172192884	-0.3603614999960147	1.889516275170943	0.2564452405601607	0.1212603169912131	0.2170992043775123	0.9765723702686101	0.4907739440211164	0.2142922365023764	1.086296240422633	2.012105665950168	0.5116898836123426	-0.2947824367088881	-1.555497612601343	-1.151695448426933	3.932951766625616	2.425011366216065	-0.1097215458398143	-0.3637549999750427	7.758729869010311	-1.034277157755446	-1.437574674722427	0.6244870817180466	-1.675363418943329	0.9885297204878813	2.298479576384443	0.6981736348573866	-4.151328851364439	2.145398978331325	2.145398978331314	1.404372322068547	1.404372322068643	0.7611373018490181	-1.190888043252134	-2.069236268048288	2.413081913866341	-0.4925089056051185	5.474586819047627	3.149985946192018	-3.453877175167792	3.60231375889926	4.971575221540179	3.223626521036378	2.625140610694906	-1.302345239640078	-0.579133536686804	1.405196205197482	-5.972777737761642	0.2020965542533399	0.2106591045624229	0.01004325704565519	0.01000039859544633	0.1682717040148216	0.1809919884131045	0.01000229981115951	0.01899131974906413	0.1217209235211813	0.08292552786695803	0.06061209135378162	0.01000105672361892	0.01000002466316928	0.01000000573001381	0.01000002045453132	0.01000001276421276	0.01000081869636467	0.01000003542482082	0.01000004666563679	0.01000004595432888	0.0100001940531485	0.01000017247333469	0.01000016892506148	0.08621723856094426	0.1336433000193079	0.01002896224258596	0.01001891711323582	0.01000010079496295	0.1972226370316372	0.1718590884055681	0.1058156028968578	0.01000201337926782	0.01001136882284869	0.009999999386491888	0.01000337758729285	0.1855821186391236	0.01000018856637431	0.0620141373069473	0.09867538426629312	0.07224074639754326	0.01000002091008964	0.01000000938877047	0.0100000397854142	0.01000036193964543	0.01000001958991947	0.01000002612691922	0.01000545802200808	0.09095891895728572	0.01000003530448015	0.01000033723986886	0.1723825768985658	0.2638614525719155	0.3233299486069792	0.4188320365140007	0.01000364059253772	0.01000359998854518	0.01000032107317793	0.3347361466638949	0.240738993397908	0.1660818410896942	0.1981601460431736	0.1638190955112672	0.1180588392504575	0.01000005578722003	0.2273394999011831	0.0100000984091318	0.01000005919195822	0.01000117012895599	0.1122672845696858	0.06545208652011472	0.1236055159256658	0.01268281348449924	0.01024352359011556	0.5209532463007507	0.1885352776678555	0.01000359411835904	0.2605463750109163	0.01000090409650005	0.01000190314628011	0.0100011523064205	0.1261427102049698	0.1600951628974119	-0.143244474364029	-0.07773120552526051	-0.06886440501202028	0.04652355348523229	0.05722516233896658	-0.0003968419395249128	-0.08954960871907021	0.07116295175110306	-0.05007078922215592	-0.01762167267769787	-0.003522971323207149	0.1896807047360737	0.1928111518903057	0.01000015771544962	0.01000004467077089	0.1594110660680452	0.1674955189295563	0.0100000078083668	0.01000032340310553	0.1219226938440509	0.08069943194724917	0.05621455435457198	0.0100006258771141	0.01000001948124055	0.01000000357944283	0.01000002272697911	0.01000001539999302	0.01000002935626367	0.01000004693679419	0.01000005545671787	0.0100000509808168	0.01000024827432801	0.01000020411102245	0.01000018453911394	0.06285341158519685	0.1198671335862319	0.01000015919606593	0.01000005990508625	0.01000009374291759	0.1744241253514446	0.1537526449295231	0.08705742951132393	0.0100000011663534	0.01000002478214838	0.009999999988554066	0.01000437455817558	0.1800729304962905	0.01000015851273035	0.1309965480668271	0.2219682438969276	0.1559243589265469	0.01000002392042979	0.01000001219615885	0.01000002215822263	0.01000001763053002	0.01000002002153451	0.01000002874046419	0.01000000162323058	0.08946244691653649	0.01000000709944854	0.0100000294678264	0.1785806985075832	0.2764983258234142	0.3344366637837865	0.4351945036993975	0.0100000250747671	0.01000000161569497	0.009999997091361899	0.3018959260099024	0.2250203949412167	0.1669826721579625	0.1838132321592144	0.1554433673182996	0.1124239751981647	0.01000006046578986	0.2373492919317505	0.01000007948312345	0.01000004688221456	0.01000030669330043	0.1513758791529428	0.1393378551591803	0.131149568889073	0.01000000586504816	0.01000002083185205	0.5334998155387357	0.1823034506689395	0.009999999489207491	0.2729120172024386	0.01000002588656093	0.01000000096642033	0.01000001503981299	-8.835563052717701	-0.966208204395345	-2.254496944703018e-11	-5.789488117216275e-12
0.521288387473781	-0.1589262847620425	-0.1249258030354091	0.2230758043398219	3.02592367347339	0.9332231839851033	0.001006125261717852	0.6769206653888564	0.2986304539242224	-0.1203696475254803	-0.08410681038013683	0.03164097750924413	0.4620964052889651	0.05648935740243046	0.09111869854339373	-0.2264383952538599	1.300899871753282	1.300899871753303	0.2702225835437871	0.2702225835437715	0.1129455382096378	-0.02176486353026432	2.256826358279505	0.2783761812731582	-0.3624245313679639	1.922851973908025	0.2767028488166965	0.09789114753069547	0.2403600699989505	1.006261581238178	0.5121337631069505	0.2322861227012675	1.076240524390487	2.009030244964643	0.519460139887735	-0.3343932572237517	-1.615217982220762	-1.413821868641649	3.662234666030187	2.461036043026467	-0.1126894375721815	-0.3459020552920502	7.394475179406307	-0.8014877599567458	-0.8569847690906575	0.8088622824804219	-1.991737980368194	0.682687832702139	2.538536802495089	0.8886095549627007	-3.954830946250291	0.942595051936465	0.9425950518759597	1.303701518318346	1.303701518312254	0.6485256804280367	-1.290214496483164	-1.591267448141548	1.998621428511941	-0.147537300833063	4.890900344378908	3.140106336462559	-3.80575608608407	3.605031577044716	4.241900503819554	3.4039100383902	2.967549164412122	-1.80134121079055	-0.3967820750620848	0.9673808522187852	-6.323073743090837	0.1945132841927658	0.2010954161044774	0.01194463239790134	0.01000024119873999	0.1632912519907937	0.1730992808547032	0.01000117850404532	0.01464757486407041	0.1220442988466463	0.08155973699622941	0.05420819724737618	0.01000080916226303	0.01000002163084882	0.01000000449366932	0.0100000230788333	0.01000001537343124	0.0100004387899247	0.01000004289157714	0.01000005420830744	0.01000005145486214	0.01000023032501544	0.01000019382757183	0.01000018468392723	0.06980579668075509	0.1266365372542363	0.01001487759872703	0.01000969091091772	0.01000010144642402	0.1854661276782665	0.1619618132690432	0.08908341508270044	0.01000102874946208	0.01000581674744594	0.009999999901496921	0.01000410772260637	0.1827445560445577	0.01000016909781855	0.09433769589782393	0.1522720276373383	0.11066574342496	0.0100000232687915	0.01000001087544179	0.01000003199146946	0.01000019404521966	0.01000002067650128	0.01000002876029475	0.01000278669934854	0.0906360146640804	0.01000002137351495	0.01000018647004778	0.174812206546696	0.2687163764456377	0.3272911099579685	0.4237711739145473	0.01000187124333203	0.01000183845553535	0.01000016262183794	0.3188590872025437	0.2314655678152101	0.1642337200904231	0.1901361980255409	0.1585347348726525	0.1140604363049873	0.0100000602200634	0.2309997859506319	0.01000008975913474	0.01000005300455054	0.01000099627411284	0.1320689469315524	0.1019522990979049	0.1267944339021184	0.01137460226484537	0.0101243536930877	0.5230662596157776	0.1840857189909789	0.01000183399987285	0.2635308364970915	0.01000047457352921	0.01000097186027089	0.01000059566813735	0.1319643119591978	0.1532196244694811	-0.1333723129636031	-0.08417105764344189	-0.06792718281517103	0.04563523736244553	0.03059443802375349	0.001102707777195805	-0.09648008370132402	0.07597927838689275	-0.0544937354740504	-0.04545985041596868	-0.004263677058546561	0.174931364005752	0.1779214538649048	0.01726467935726225	0.01000010454149733	0.1519779882420309	0.1541713965727728	0.01000001082076537	0.01000024685496196	0.1230180362095067	0.07898785236379868	0.0380267046816681	0.01000048774059705	0.01000001761311079	0.01000000288752186	0.01000002842798473	0.01000002037332514	0.01000005400084315	0.01000005384086742	0.01000006767043904	0.01000006244374908	0.010000284954127	0.01000022622937047	0.01000021514004893	0.03642772127896848	0.1133486961490139	0.01000021964648116	0.01000008093115532	0.01000010921930702	0.1586681510927875	0.1398360515315582	0.04852924961195312	0.01000000304652005	0.01000003082161465	0.01000000081913807	0.01000528734371555	0.1764059214451174	0.01000014058095194	0.139531217410895	0.2343039162356605	0.16600840046552	0.01000002725752486	0.01000001261945232	0.01000002531057108	0.01000002016090576	0.01000002332226252	0.01000003384594643	0.01000000154026799	0.0908481678901373	0.01000000663773656	0.01000002912064544	0.178786484174833	0.2787889026613377	0.3358677142116014	0.4340278339118878	0.01000002776075316	0.01000000212430755	0.009999997703544958	0.2737690033630799	0.2060961985122754	0.1563668071487412	0.1706655507631603	0.1457755873748802	0.1048970492365157	0.01000006854471267	0.2374891766221117	0.01000008180490411	0.01000004627552531	0.01000124517308394	0.1682906534650459	0.157817740960145	0.1316211955556466	0.01000000487449248	0.01000002072130772	0.5230756459113688	0.1719737212864965	0.00999999842026658	0.2655678867343944	0.01000002749698288	0.01000000086513009	0.01000001556514021	-12.81572715225495	-1.145216640263429	-2.730398553674056e-11	-3.847345289798962e-12
0.5277240465783956	-0.1694511885797309	-0.1349855556220587	0.2457823469380979	3.041893208526921	0.9324973169991446	-0.00116121109503029	0.7231022275423395	0.294497775662022	-0.1240464712359424	-0.07834130118650284	0.01767007859282925	0.4657069449412439	0.07361752567794626	0.09757920600359218	-0.2512994161606932	1.302501896910109	1.302501896910131	0.2782059612850781	0.278205961285071	0.1166565562946358	-0.03031851595467508	2.247983341704382	0.2898091909787334	-0.362246612470637	1.952543298535029	0.2967938947709189	0.07231084877089915	0.2632252855493968	1.031003955328355	0.5344526090076074	0.2524982511420343	1.063384932657816	2.00673892116369	0.5235985196542098	-0.3759892662434453	-1.651720796400004	-1.719728928804778	3.394788175074646	2.502738376706252	-0.1123331036891594	-0.3275555035694046	6.942714346567702	-0.465642388208878	-0.2875084084335943	0.980803997301224	-2.358349951055699	0.4518557180382105	2.785510836422383	1.127125939661015	-3.773762287462416	-0.4816415822063332	-0.4816415822063186	1.172130597113665	1.172130597117214	0.4985073122497873	-1.363681092901304	-1.16557632755482	1.548444955369968	0.2039078031687405	4.342030215539736	3.098223633459411	-4.141026467107479	3.479358187104016	3.434254242536621	3.521661827911341	3.314500388979424	-2.172458356051763	-0.3354608461504824	0.2765234638483303	-6.589711748168686	0.1841171335753379	0.1894010790237918	0.01649526764477589	0.01000019238473951	0.1573074516247642	0.1629961210560721	0.01000061909042259	0.01242667222536918	0.1226888698280134	0.08003803651909308	0.04221960546113607	0.01000061628731609	0.01000001918034866	0.01000000352940807	0.01000002724075944	0.01000001916414722	0.01000026106392386	0.01000005007712474	0.0100000640853988	0.01000005993518513	0.01000026680074559	0.01000021556368235	0.01000020786031632	0.0483300491694281	0.1197660022911677	0.01000786168224036	0.01000508594102767	0.01000010950685212	0.1719951958873706	0.1503384226162786	0.06211157007865435	0.01000053714136153	0.01000304235015798	0.01000000057421676	0.01000492913828717	0.1795769440823644	0.01000015039728717	0.1150085795917925	0.186154154116691	0.1352739417996526	0.01000002611645882	0.01000001183067566	0.01000002966812515	0.01000011132322976	0.01000002286963306	0.01000003262913953	0.01000145035336049	0.09105717923067513	0.01000001417402734	0.01000011087627641	0.1763700075094495	0.2726461421500844	0.3303899535289123	0.4267692799070723	0.01000098748910837	0.01000095752317835	0.01000008366495382	0.2985952938580148	0.2185437007379898	0.1589100811068012	0.1800643412641169	0.1514649570404512	0.10854579173993	0.01000006647508545	0.2333592726791462	0.01000008659243395	0.01000004960618441	0.01000137832361296	0.1501861673126833	0.1290047267260366	0.1288472279833428	0.01071582217971067	0.01006470450912811	0.5214061477114971	0.177337241148027	0.01000095298669523	0.262840221656253	0.01000026051590178	0.01000050594655206	0.01000031748050484	0.1377859137134259	0.1463440860415503	-0.1235001515631771	-0.09061090976162331	-0.06698996061832178	0.04474692123965877	0.003963713708540404	0.002602257493916505	-0.1034105586835779	0.08079560502268245	-0.05891668172594488	-0.07329802815423948	-0.005004382793885954	0.1601820232754304	0.1630317558395039	0.02452920099907509	0.01000016441222892	0.1445449104160166	0.1408472742159892	0.01000001383316537	0.01000017030681844	0.1241133785749626	0.07727627278034818	0.0198388550087642	0.01000034960408	0.01000001574498115	0.01000000219560111	0.01000003412899027	0.01000002534665716	0.01000007864542614	0.01000006074494066	0.01000007988416019	0.0100000739066813	0.01000032163392602	0.0100002483477185	0.01000024574098392	0.01000203097274028	0.106830258711796	0.01000028009689637	0.01000010195722434	0.0100001246956965	0.1429121768341304	0.1259194581335932	0.01000106971258228	0.0100000049266887	0.01000003686108139	0.01000000164972209	0.01000620012925553	0.1727389123939443	0.01000012264917359	0.1480658867549627	0.2466395885743931	0.1760924420044929	0.01000003059462	0.01000001304274586	0.01000002846292815	0.0100000226912907	0.0100000266229905	0.01000003895142862	0.0100000014573065	0.09223388886373812	0.01000000617605714	0.01000002877347584	0.1789922698420828	0.2810794794992612	0.3372987646394164	0.4328611641243786	0.01000003044674028	0.01000000263292111	0.009999998315742484	0.2456420807162573	0.187172002083334	0.1457509421395197	0.1575178693671063	0.1361078074314608	0.09737012327486659	0.01000007662363536	0.2376290613124728	0.01000008412668447	0.01000004566883533	0.01000218365286705	0.1852054277771491	0.1762976267611097	0.1320928222222201	0.01000000388393652	0.01000002061076329	0.5126514762840015	0.1616439919040535	0.009999997351329087	0.2582237562663505	0.01000002910740978	0.01000000076384324	0.01000001609047188	-14.41364049468419	-1.237193803042997	-2.049530894561728e-11	-6.584604531209379e-12
0.5341597056830102	-0.1801533405901936	-0.1470442069308249	0.2667618155564662	3.058141158782906	0.9317784665149931	-0.003209957624741411	0.766190567539227	0.2927102410103352	-0.1240831279862393	-0.07146887653444291	0.001335844930178245	0.4680647822813708	0.09233654824655112	0.105608342296522	-0.2750343816224742	1.29458770570844	1.29458770570845	0.2853480194051714	0.2853480194050462	0.1192975974838416	-0.0392424833848395	2.241711863735266	0.2982837343422546	-0.3598317843407937	1.978823179587009	0.3165198845010258	0.04418685100930472	0.2848630763792795	1.050409554598694	0.55692776455591	0.2748190836636303	1.048617900984214	2.004473805485293	0.5223143236544406	-0.4198359020969904	-1.649506607896916	-2.021789550528664	3.127819694101783	2.547312693366833	-0.1094203107703147	-0.3094257413738141	6.411085929311633	-0.08099161607432728	0.2784182007883913	1.127687990723749	-2.717031444689568	0.2953612946920781	3.004477324684293	1.370121827002597	-3.603288462970889	-1.988860927296047	-1.988860927250398	1.042608106824716	1.042608106746864	0.3225772268136093	-1.402898591100504	-0.7903544584056952	1.091464927064216	0.5417196859436436	3.833221594554746	3.031746947488203	-4.60540934211	3.224554369032178	2.599326109248164	3.416537441144211	3.613269832402567	-2.386619699790959	-0.3862996008414623	-0.7063088154234439	-7.032026759099233	0.1677501460077479	0.1711656098281157	0.03212104918669535	0.02443899501711356	0.1491604957648892	0.1461316866000566	0.01000032494870757	0.01124298652866785	0.1230585935083194	0.0784085770473688	0.03053572874008556	0.01000047046974471	0.01000001732052267	0.01000000284750166	0.01000003858176909	0.01000003019221452	0.01919187239426622	0.01000037393114585	0.01000011648284302	0.01000008118897486	0.01350460806807359	0.01000056656056627	0.01000028748393177	0.0305682471454929	0.1036080358248492	0.01000421385503469	0.01000266138777548	0.01000012322882417	0.1467885260622738	0.1355406698441317	0.03841145207052842	0.01000027816764091	0.01000157521637578	0.01000000144225282	0.01152381251458443	0.1763673713803296	0.01000013375590238	0.1292385054281976	0.2101398720317161	0.1525131714232942	0.0100000494243012	0.01000009198996897	0.01000003071697919	0.01000007017333938	0.01000002632640485	0.01000004381219801	0.01000074153696245	0.09295637628184668	0.01000001000611741	0.01000007005829777	0.1765918675965962	0.2751076700774599	0.3322625445357925	0.4280096440811065	0.01000051935984241	0.01000049030653814	0.01000004250400855	0.2733679203325604	0.1998418872326861	0.1437582497014477	0.1679807525462083	0.1425674266579209	0.1016668895771675	0.01000009445886515	0.2344673677737625	0.01000009523513256	0.01000007090022675	0.01000283804942622	0.1666904368867782	0.1421826701392104	0.1296111156160504	0.01036574864554636	0.01003304169451333	0.5169927373082827	0.168159807943334	0.01000048493093585	0.2605209586584526	0.01000014675250504	0.01000025844252716	0.01000016960646378	0.1414262665565972	0.1350608259699616	-0.1104418819732647	-0.09676134395363209	-0.06327259657463069	0.04473483011505392	-0.02816747832979414	0.005030422463377716	-0.1099405163821506	0.08383128925845332	-0.06148802840803462	-0.08502186537161779	-0.005972207954490133	0.1250021059512784	0.1228014206337372	0.0703625554506241	0.06531692420897142	0.1297366847940478	0.1020089454345828	0.01000002204470844	0.01000014386985009	0.1231348316766341	0.07546358735818129	0.01491978288133972	0.01000029207044949	0.01000001507388192	0.01000000208658407	0.01000006417962516	0.01000005552007741	0.04500721333624277	0.01000126232940242	0.01000024831103377	0.01000012826191695	0.02326414462802037	0.01000151145880615	0.01000047607188935	0.01000119843202532	0.05841683866553361	0.01000052104029919	0.01000016028681531	0.01000014840037701	0.07645626173959529	0.1022336731555616	0.01000059953715342	0.01000001090633033	0.01000005298296846	0.01000000293753471	0.01574078879268396	0.169842026970999	0.0100001111223656	0.1509273795146683	0.252881103251935	0.1803393731425142	0.01000011022261046	0.01000031309179308	0.01000003464335011	0.01000003114679676	0.01000003272921749	0.01000006945126681	0.01000000344442958	0.09831212301595638	0.01000000522469974	0.01000002642632388	0.1751507054635427	0.2785032738297232	0.3348828440392924	0.4288294580672792	0.01000003201217908	0.01000000366671867	0.01000000066886728	0.2069552884300334	0.1510084999739586	0.0984864128687597	0.1408466897268881	0.1229225411181712	0.08766109702004943	0.01000016341618261	0.2353622384690653	0.01000012127129985	0.0100001332395779	0.01000620161258283	0.1983616419828383	0.1484915190359608	0.1295319665183397	0.01000000575610939	0.01000002747791061	0.5011910358878712	0.1463748225883817	0.009999996596335591	0.2544880954219726	0.01000002732984853	0.01000000008944428	0.01000001488088647	-14.50322389163526	-1.238707371095087	6.235505040275953e-12	-1.738083400226791e-11
0.5405953647876247	-0.1903650531844135	-0.1609323219203835	0.2860781963598444	3.07468949399014	0.9311100764990476	-0.005147730422840932	0.8051490073419144	0.2935695453370681	-0.1204332377072492	-0.06417709760277585	-0.01729161197834011	0.4696949528853732	0.1119377987864831	0.1152408055241066	-0.2976909941338863	1.276760775960686	1.276760775960683	0.2915640766156275	0.2915640766153836	0.1208128260791851	-0.04828932786418962	2.237720942360902	0.3039387301476688	-0.3553360698693937	2.001988656681391	0.3358133174647812	0.01295099353008529	0.3044665791885134	1.064498444244256	0.5778310979946903	0.2988920019738563	1.033052773306804	2.001537190409532	0.5141122740885403	-0.4664439082703725	-1.499307687781592	-2.288268582602338	2.877952905465422	2.596088551639641	-0.09665158026420018	-0.29306836642337	5.659271544772553	0.3569117348764824	0.8581541995430965	1.111126097935984	-3.071011454952174	0.22571981422908	3.05967949015268	1.625389419116313	-3.438644186300343	-3.562208275925394	-3.562208275925322	0.8843587073183234	0.8843587073186455	0.1486402422600337	-1.40186740858309	-0.4568512196373938	0.6722184441847311	0.8505816908243883	3.37417163132971	2.963798625820589	-5.108094393800779	2.847165589894015	1.781988472227861	3.033189061125813	3.858993407618174	-2.42048143881758	-0.544141693716849	-1.873327375816642	-7.447858602582155	0.1435158498686167	0.1437240878786	0.06138572676352692	0.05771840510656025	0.1382268156964571	0.1198179235394341	0.01000018191264855	0.01064727697604221	0.1228672901811359	0.07669346715506216	0.02189537800101759	0.01000036877322221	0.01000001605477987	0.01000000245190594	0.01000005927316805	0.01000005078843211	0.04061468433219215	0.01000113644199302	0.01000022686755208	0.01000011898565958	0.02178419737925986	0.01000137339788573	0.01000044242550845	0.02089444872451728	0.07282675129913117	0.01000250946667874	0.01000147767954503	0.01000014193978883	0.1034145000625362	0.1167488827441341	0.02516354029872923	0.01000015160843386	0.01000084935780989	0.01000000252007898	0.01513001632343975	0.1732674410426077	0.0100001196705969	0.1385458550479633	0.2269419512403174	0.1642291098961065	0.01000010087891029	0.0100002820421723	0.01000003433041598	0.01000005381452692	0.01000003110727861	0.010000064649081	0.01000038795473748	0.09665865901731611	0.01000000744575143	0.01000004846672549	0.1752333709866316	0.2757951098202244	0.3326956308908686	0.4275896579145703	0.01000028596746519	0.0100002571050017	0.01000002308988083	0.2427401447242774	0.1740098045624517	0.1149714285142157	0.1538971029350632	0.1318122457655446	0.09349521159595371	0.01000015183312283	0.2343428415438607	0.01000011812204814	0.01000012531693668	0.01000557628026236	0.1815667870197686	0.1384788298445363	0.1290030852260027	0.01019031776390387	0.0100172037480012	0.5104445962985347	0.1564666168745714	0.01000025041566311	0.2576924384457931	0.01000008895578996	0.01000013429539681	0.01000009503027235	0.1450666193997685	0.1237775658983729	-0.09738361238335229	-0.1029117781456409	-0.05955523253093958	0.04472273899044905	-0.06029867036812867	0.007458587432838983	-0.1164704740807234	0.08686697349422416	-0.06405937509012434	-0.09674570258899609	-0.006940033115094272	0.08982218862712639	0.08257108542797047	0.116195909902173	0.1206336840057141	0.114928459172079	0.06317061665317632	0.01000003025625646	0.01000011743288173	0.1221562847783057	0.0736509019360144	0.01000071075391528	0.01000023453681902	0.01000001440278269	0.01000000197756704	0.01000009423025998	0.01000008569349756	0.08001434802705942	0.01000246391386467	0.01000041673790751	0.0100001826171526	0.03652796762211477	0.01000277456989393	0.01000070640279482	0.0100003658913103	0.01000341861927126	0.01000076198370233	0.01000021861640679	0.01000017210505751	0.01000034664506028	0.07854788817752997	0.01000012936172456	0.01000001688597801	0.01000006910485671	0.0100000042253474	0.02147537745611239	0.1669451415480537	0.0100000995955576	0.1537888722743738	0.259122617929477	0.1845863042805356	0.01000018985060053	0.01000061314083951	0.01000004082377225	0.01000003960231656	0.01000003883544435	0.01000009995110497	0.01000000543155427	0.1043903571681746	0.01000000427335186	0.01000002407918844	0.1713091410850027	0.2759270681601853	0.3324669234391682	0.4247977520101793	0.01000003357762214	0.01000000470052113	0.01000000302201688	0.1682684961438096	0.1148449978645835	0.05122188359800062	0.1241755100866699	0.1097372748048817	0.07795207076523233	0.01000025020872998	0.2330954156256578	0.01000015841591493	0.0100002208103205	0.01001021957230011	0.2115178561885274	0.1206854113108124	0.1269711108144592	0.01000000762828163	0.01000003434505767	0.4897305954917419	0.1311056532727099	0.009999995841349829	0.2507524345775939	0.01000002555229737	0.009999999415058905	0.01000001367131149	-13.47369849277448	-1.163792974105189	2.36756200276923e-11	6.431462694887143e-12
0.5470310238922393	-0.1989447445375562	-0.1762693706454226	0.3038866336851606	3.09156562974232	0.9305683199646225	-0.006992660871863806	0.8382930979726155	0.2973286155211419	-0.1129426474336992	-0.05775875234787008	-0.03806162895544046	0.4712311066838737	0.1311053783821887	0.1264851407347386	-0.3192997748186497	1.248681276517003	1.248681276517036	0.2967111839607391	0.2967111839606	0.1213014966441038	-0.05719616061495072	2.235785179091001	0.3071000196363814	-0.348984176465897	2.022373844208678	0.3547040921810342	-0.0220335114297912	0.3213617706117836	1.073448978158852	0.5952611690203101	0.3240545132541366	1.017803993666188	1.997208397897172	0.4980538001418136	-0.5162309659259882	-1.1488040984541	-2.429262144572736	2.662576634788646	2.647870215791098	-0.07066316216997229	-0.281921469174079	4.594467473666929	0.7778246163649971	1.496667007989488	0.8523527318598313	-3.324028941028841	0.2896865835284126	2.857162686040796	1.828461523568949	-3.272552073206304	-5.140308237514279	-5.140308237464432	0.7283689712999388	0.7283689716660467	0.009480775127476792	-1.354434571357289	-0.1442927195751277	0.3220512373699383	1.108558196674928	2.968610287610922	2.912416790930048	-5.779855360564537	2.395259159580651	1.013339298963179	2.327274993620322	3.876711573476617	-2.296258608942557	-0.8204820864223742	-3.102080093756803	-8.033188048367593	0.1130169091122389	0.1109504218026135	0.08840539025798927	0.09239279854348391	0.1249769603867887	0.09008153562171237	0.01588272882977363	0.01033074646489211	0.1219719712496675	0.07498718212560235	0.01617307623747557	0.01000029595591888	0.01000001523731181	0.01000000228928869	0.03082331963945559	0.03466456326947181	0.07039932707918696	0.0335273709075152	0.0278809697493442	0.02390815750591655	0.0375071496379128	0.02213136912835563	0.0184359559004439	0.01564589171355645	0.04465806025005802	0.01290168868595748	0.01020413345728173	0.010006332599239	0.0631360009008891	0.0929976541135583	0.01790321012878749	0.02479154856911559	0.01322194050543496	0.0100000037033742	0.01924241020229503	0.1707346405597183	0.01000010706897513	0.1439460252963491	0.2377915010892234	0.1714925414053968	0.03998816198740803	0.05514805798085962	0.01000005916405393	0.01000005559128718	0.02371812820219359	0.03206811199831917	0.01000020219198155	0.09524568150497176	0.01000000544918967	0.01000003492477693	0.172986828609782	0.2753386565820364	0.3235311984464066	0.4140317381502797	0.01000016665513371	0.01000013546758439	0.01000001568918261	0.2003185337045939	0.1398710307917782	0.08335707089687995	0.136673719085761	0.1195085445267388	0.08548600344424681	0.0278249242176542	0.2312321002793867	0.02999924583221006	0.0427374297961127	0.01881122902063561	0.1932427288864848	0.1427889086276866	0.1237525846254626	0.01009717332153976	0.01000880157489077	0.4791335390948321	0.1437046722229477	0.01000012552351469	0.2376252796595502	0.01000007068508769	0.01000007139737176	0.0100000640536053	0.1459043139765341	0.08378075099893549	-0.08592281853223779	-0.1082104959097407	-0.05320459126911509	0.04631919898492963	-0.07042392344109909	0.009706400190033415	-0.1219677286717274	0.08779886350739288	-0.06540636648987577	-0.1070813079173735	-0.00854119472420134	0.04991117043935745	0.04628559866000217	0.1282705627490683	0.1500757200185723	0.09732144993394054	0.03658538323328361	0.03232292523703894	0.01000010973782449	0.1194053368112647	0.072070771369225	0.01000055028547063	0.01000020776705014	0.0100000143699984	0.0100000022400583	0.09036439355117468	0.1056162960743049	0.1290783693228609	0.1010824810922702	0.07877381463050398	0.06325121190633483	0.07088808396892003	0.05635031492795174	0.04210048179915341	0.01000031246716977	0.01000176410314478	0.02097034384761549	0.01076693121119761	0.01002346192824827	0.01000019345863937	0.04427408639069635	0.01000009497858727	0.06669056476719644	0.02218965920654815	0.01000000553934249	0.02547444515205692	0.1664834518658699	0.01000008913681826	0.1504636905427624	0.2548994282764964	0.1814931439673231	0.1269831067956836	0.1893062375127815	0.01000012248518466	0.01000007254173634	0.06251253503158709	0.09529178959283476	0.01000001113096717	0.08373348686248273	0.01000000260114675	0.01000001803644829	0.1677136360125087	0.2731958444832285	0.2806625246940448	0.3476822207362191	0.01000004961097882	0.01000001199280811	0.01000001216343987	0.08913432455166199	0.062422588729924	0.03061102255583293	0.09878306651646508	0.09466208845274898	0.07215655193926584	0.07855372777516756	0.2192147136758374	0.08711001352724501	0.1381224234688679	0.04352402562973205	0.2130153187840334	0.1739673330597213	0.106695191080278	0.01000000921928304	0.0100000469421267	0.3306628618165884	0.1181800492254286	0.009999994865788025	0.1570900495116818	0.01000007370946921	0.01000001124172223	0.0100000470632193	-11.75163024223945	-1.159811148501526	2.195366833075078e-11	1.016238446139848e-10
0.553466682996854	-0.2049175999905742	-0.1915727720192744	0.3204292369393924	3.108763192989934	0.9302140132501954	-0.00879758666558169	0.8636886352644573	0.303150445589935	-0.1008218679591939	-0.05360701464924255	-0.05930877803702043	0.4739129468781105	0.1482004882777289	0.1382537891993843	-0.3397598728524246	1.210903371433753	1.210903371433822	0.301108648075206	0.3011086480752018	0.1210153999506528	-0.06557259499018744	2.235869243048139	0.3082363578220075	-0.3412583253762519	2.040297798575727	0.3733715003554635	-0.06164760831740027	0.3351928733516013	1.077718874308079	0.607062149465011	0.347709066149183	1.00378135453131	1.990727167531993	0.4743782571851621	-0.5699548758584272	-0.6891852544345877	-2.277812040554962	2.48457156359622	2.695978086796883	-0.03839808393828426	-0.2806361800566392	3.251265394145111	0.9979524891227004	2.297071065513152	0.4067359013330993	-3.219289072978915	0.5817629850275584	2.415621226915103	1.78832944813119	-3.081669814306306	-6.576167055269175	-6.576167055269349	0.6513932164634157	0.6513932164673019	-0.09213300358280829	-1.237036311720253	0.1708474166947855	0.04292740117778074	1.277564434881559	2.609297941501418	2.894383344864051	-6.54682562797924	1.894943403399916	0.3273937810717362	1.283845136406753	3.39036750502596	-2.039435617120697	-1.213051533895107	-4.240472338515803	-8.671308173428374	0.07701417411450245	0.07503063319448532	0.1079194163301014	0.1231033791466553	0.1096495340789689	0.06037708586536682	0.02969941882121613	0.01017214726587534	0.1203014916474812	0.07333271140956374	0.01322738749096434	0.0100002461514808	0.01000001481199987	0.01000000233912457	0.07824640507579583	0.09047253859295805	0.1072157604126475	0.08685841409095144	0.06881999104939859	0.05599846673580912	0.06144652853542808	0.05022106295521565	0.03812986550341405	0.012950393527985	0.02861243547813665	0.01976380164328558	0.01068833522538922	0.01002106855668616	0.03906672516658521	0.0636476591267294	0.01413778703245293	0.05885972611025346	0.02083859170392529	0.01000000495198778	0.02326814039671953	0.1690055761275066	0.01000009553828887	0.1457849475013329	0.2430593203225576	0.17465458126729	0.1072868926967798	0.154535645134365	0.01000011239814542	0.01000007294205244	0.05538249215020727	0.08221777922929759	0.01000011211541539	0.08542533308697689	0.010000003614735	0.01000002513068897	0.1702069860450981	0.2740830503034905	0.2997580802584416	0.3799651298064489	0.01000011498390681	0.01000007826479075	0.01000001655570424	0.1411959222524295	0.09635927580897706	0.05515703177926624	0.1156480924646362	0.1058180310101638	0.0783574929235912	0.06864042816972142	0.2241517213346994	0.07561199328811978	0.1159189207669601	0.03934873831484032	0.2009064147472727	0.1665648453260406	0.1121558873707493	0.01005055792659899	0.01000460463731909	0.4073825790465591	0.1306622949706795	0.01000006256062978	0.1894980761738922	0.01000008561270262	0.0100000458441346	0.01000006524610599	0.1467420085532997	0.04378393609949811	-0.07446202468112323	-0.1135092136738406	-0.04685395000729061	0.04791565897941028	-0.08054917651406948	0.01195421294722773	-0.1274649832627315	0.0887307535205616	-0.06675335788962719	-0.1174169132457508	-0.01014235633330847	0.01000015225158843	0.01000011189203376	0.1403452155959636	0.1795177560314304	0.07971444069580212	0.01000014981339089	0.05464582021782122	0.01000010204276727	0.1166543888442237	0.07049064080243561	0.0100003898170259	0.01000018099728121	0.01000001433721424	0.01000000250254982	0.1707286928720892	0.2012325064551122	0.1781423906186623	0.1921624982706755	0.1475472125231003	0.1165022411955169	0.1052482003157253	0.1026978552860095	0.07420025719551193	0.01000025904302923	0.01000010958701825	0.03193992571152869	0.01153364380598853	0.01004675175143881	0.01000004027221837	0.01000028460386276	0.01000006059545002	0.1233811126484144	0.03437924930823941	0.01000000685333792	0.02947351284800145	0.1660217621836861	0.01000007867807895	0.147138508811151	0.2506762386235156	0.1783999836541105	0.2439660237407673	0.3686118618847246	0.01000020414659676	0.01000010548115998	0.1150250312277295	0.1805834792345645	0.01000001683038709	0.06307661655679139	0.01000000092894443	0.01000001199371621	0.164118130940015	0.2704646208062721	0.2288581259489216	0.2705666894622588	0.01000006564434127	0.01000001928510019	0.01000002130489511	0.01000015295951424	0.01000017959526393	0.01000016151366387	0.07339062294626028	0.07958690210061627	0.06636103311329936	0.1471072053416049	0.2053340117260171	0.1642198686385743	0.2662446261274137	0.07703783168716309	0.2145127813795395	0.2272492548086288	0.08641927134609692	0.01000001081028602	0.01000005953919651	0.1715951281414333	0.1052544451781472	0.009999993890238038	0.0634276644457715	0.01000012186664752	0.01000002306838002	0.01000008045513578	-9.770117575407784	-1.298067147083797	6.390078122432178e-11	8.993217413231821e-11
0.5599023421014685	-0.2078092448901594	-0.2047422816492319	0.335924479894008	3.126246510513305	0.9300685451461054	-0.01062747101590926	0.8797024469727609	0.3095157271802265	-0.08285017975796424	-0.05276041139617912	-0.07841748526091748	0.4790877197092089	0.1617860110648171	0.148700085912588	-0.3588379356292093	1.164611839741403	1.164611839741437	0.3053930886762345	0.3053930886764289	0.120153948173742	-0.07290932881127198	2.23802215152301	0.3077803860080362	-0.332796582967892	2.056000109336723	0.3919407463803722	-0.1066630102275839	0.345599955469357	1.077909274754979	0.6108651054821346	0.3667674075493151	0.991857058544242	1.981927743751074	0.4439167968860889	-0.6287455376105006	-0.2073150195350224	-1.779695528566043	2.33741786780247	2.735334462230796	-0.00848313368623157	-0.2885307284461237	1.711970320290043	0.954790274173372	3.30825554210246	-0.1500020165088506	-2.685021733106537	1.003183557851546	1.781397527812423	1.427120910221102	-2.842722598519289	-7.763664114381572	-7.763664113731555	0.7044335799690635	0.7044335791844378	-0.1714174579539011	-1.030956702709461	0.5015238560625701	-0.1732947069418264	1.334692995416521	2.270874765730849	2.854728920581868	-7.414228884053626	1.331781205590256	-0.2445954789863443	-0.2023428752650374	2.6092350766962	-1.640881636501144	-1.454202148338087	-5.180874634252002	-9.56462415458879	0.0471312453421437	0.04595689316372942	0.118915104329831	0.1433100159621029	0.0890678840953117	0.03741199058840752	0.0524757098002234	0.01008794051086989	0.1185292347485953	0.07214991924827592	0.01165506427024542	0.01000020808985571	0.0100000148472781	0.01000000268078526	0.1214847677360492	0.1392783087188351	0.1322591511460643	0.1314685860254716	0.1046158218964131	0.08710068613185891	0.08196187475682669	0.07508403919920681	0.05628215451706882	0.01151238249627035	0.01974486615877193	0.02871765676903693	0.02112649729295097	0.02157801271318491	0.02542222287849062	0.039298845847325	0.01212445617940367	0.09774147155130544	0.03579414679985631	0.01000000623319428	0.03090338603341012	0.1686589569086426	0.01000008409068379	0.1451475266829588	0.2442638109682014	0.1748603415702347	0.1690126021780716	0.2411479162828556	0.02939178280620749	0.01000026408075362	0.09794301690010263	0.132645610499405	0.01000016273461839	0.08162053329553515	0.01000000305498826	0.01000001834555981	0.1626671811341027	0.2687162191661948	0.2553031578138504	0.3219981464713434	0.01000009697614927	0.01000005612839739	0.0100001465270398	0.08713203901152711	0.05879291489437119	0.03442469618354829	0.09332098967703605	0.09555781080492858	0.07615428724087452	0.1114694903874877	0.2180850122701565	0.1142935799541377	0.1704605042515123	0.06543718565471733	0.2085316210988275	0.167955031328023	0.1023257522362056	0.01002583417228227	0.02365398319831883	0.3176995817419226	0.1175249277642275	0.05524190279322795	0.1350254933360422	0.01000008991459578	0.01000003160306296	0.01000006362366178	0.1425638429492743	-0.03912760856579494	-0.008167241781439512	-0.1191484963233372	-0.02665277958545066	0.05069394872136708	-0.09221790979054027	0.01493305735489068	-0.1333229058336988	0.08876829248974473	-0.06800409521266272	-0.1271823096663687	-0.002857134685393336	0.01000010373292123	0.01000007789255544	0.1290306193558874	0.1669036658773036	0.04485747169289166	0.01000010966343166	0.09960140166143797	0.01000010529560379	0.1154294457768211	0.07078266011441141	0.0100003169491886	0.01000015775294621	0.01000001534681135	0.01000000348926185	0.1874758423928392	0.2123483771324637	0.1583453671250902	0.1930705165297376	0.154450195633895	0.1345297450920227	0.1099514054631435	0.1079596204304237	0.08047190222445437	0.01000020489267675	0.01000009334416455	0.04413029747080532	0.04983742346191796	0.05413301232460804	0.01000003247598983	0.01000023143675796	0.01000005589366086	0.1685991022512895	0.06781631311686168	0.01000000817455616	0.04776823915699872	0.169940311358959	0.01000006663593714	0.1416012306357397	0.2426499079314786	0.1723662905336903	0.272826160019479	0.3941324231456532	0.08471532527671116	0.01000076620591239	0.1848457902905785	0.2204877848941164	0.01000038363770346	0.08820145986707442	0.01000000377666955	0.01000001066029135	0.1390742467813687	0.2482063958321704	0.1194290658833554	0.1402833443708938	0.01000008882801568	0.01000004469719092	0.01000050266873549	0.01000009319656002	0.01000011916599449	0.01000012424248701	0.05302475608773831	0.08315239563610977	0.07927716550740732	0.1860857798870444	0.2094946382545705	0.1668914095273999	0.2365673699117996	0.1134924167054828	0.2274647615961511	0.1186246622116896	0.09056485929485379	0.01000009015537494	0.06225418578620515	0.09079756147209551	0.09270622592621486	0.1896996377796272	0.03671383512209274	0.01000007115678134	0.01000001141365884	0.01000004625775761	-7.905974165105674	-1.379234557970969	2.150205555941648e-10	-1.889696273512379e-10
0.5663380012060831	-0.2075585783142813	-0.2140272323192998	0.3505992748089512	3.143945435207029	0.9300832734027119	-0.01251774844123793	0.8855520897962869	0.315113102629665	-0.05797906824650696	-0.05561964789521581	-0.09342998168779246	0.4865265049873041	0.1708084955016531	0.1562246147253263	-0.3762919488321503	1.111568376757406	1.111568376757405	0.3104891519934995	0.3104891519936121	0.1188625966074657	-0.07868749127113434	2.242367186987242	0.3061517148508234	-0.3243028401731503	2.069531963037594	0.4098372938959702	-0.1567140738221024	0.3522385237561747	1.074874729628789	0.6031662655524803	0.3822827880277525	0.9829876942893661	1.972876293178034	0.4082742575111082	-0.6926220381219826	0.2873461196844354	-1.070613541397603	2.229602183326242	2.762981996929768	0.01138589492995206	-0.2994044445468873	0.09256206974654385	0.7593114502049952	4.441194362495104	-0.7449222634789887	-1.946315849225656	1.285346660183408	0.9975727098267803	0.8803360665903829	-2.576966401191724	-8.674454481416353	-8.674454481416205	0.903620051542102	0.9036200515346554	-0.2257323014813369	-0.7526814531749226	0.8520913906153393	-0.3215105840299293	1.287509140594665	1.934788299665721	2.685329850047125	-8.111750593113625	0.7238080844813496	-0.674817651203346	-2.290550513163871	2.28932693874357	-1.090059125857194	-1.291373517486285	-5.85058840836516	-10.2518267176628	0.02998944895880292	0.02933456548970398	0.1204275992676067	0.1497743673391581	0.06139197370902277	0.02461563769809987	0.08437303171268315	0.01004580092701661	0.1169819994662002	0.07162661450301727	0.01086219041145787	0.01000017743337303	0.01000001536948601	0.01000000334482029	0.151408202426895	0.1700078954879108	0.138143355138621	0.1557999660412526	0.1264805228028543	0.111157815105427	0.09494092707404375	0.09036826445250173	0.06849698612354274	0.01078773655256592	0.01511019397741073	0.03907247048268962	0.04466218575029419	0.04835246804037962	0.01812899764123195	0.02565075580668939	0.01110698076003847	0.1371258308168112	0.05896300213281761	0.01000000753439828	0.04348953848398984	0.1699835487962337	0.01000007234595094	0.1425265114337479	0.2421268877961235	0.1726329750828153	0.2137082630070254	0.298824394639346	0.07366728185018981	0.0100006899012416	0.1492666346399368	0.1755964258980651	0.01000037137311051	0.09047227444496664	0.01000000419817311	0.01000001428500839	0.1480599877844276	0.2573195242428552	0.1844501910917253	0.2355740633097443	0.01000009955446439	0.01000005775509368	0.01000045211153485	0.05319358054839705	0.0365755850586621	0.0229846569191413	0.07109883474026431	0.09115119406372123	0.08065271894725162	0.1502050577942645	0.2157804589045388	0.1360038700472582	0.1888398318028493	0.09503027025437859	0.218079426615328	0.1246709031016954	0.09836644298669425	0.01001350459884881	0.0551681905518283	0.2244195789375176	0.1043931547713854	0.1548266416011076	0.08833849540410162	0.01000006672363902	0.01000001865459521	0.01000004572148641	0.1383856773452491	-0.1220391532310879	0.05812754111824425	-0.1247877789728339	-0.006451609163610737	0.05347223846332382	-0.103886643067011	0.01791190176255378	-0.1391808284046661	0.08880583145892788	-0.06925483253569827	-0.1369477060869864	0.004428086962521835	0.01000005521425386	0.01000004389307694	0.1177160231158113	0.1542895757231768	0.01000050268998108	0.01000006951347234	0.1445569831050549	0.01000010854844041	0.1142045027094184	0.07107467942638722	0.01000024408135134	0.01000013450861125	0.01000001635640835	0.01000000447597362	0.2042229919135893	0.2234642478098152	0.1385483436315183	0.1939785347887997	0.1613531787446898	0.1525572489885286	0.1146546106105617	0.113221385574838	0.08674354725339684	0.01000015074232429	0.01000007710131073	0.05632066923008193	0.08814120311784734	0.09821927289777738	0.01000002467976111	0.01000017826965307	0.01000005119187168	0.213817091854165	0.1012533769254841	0.01000000949577404	0.06606296546599597	0.1738588605342321	0.01000005459379536	0.1360639524603284	0.2346235772394418	0.1663325974132702	0.3016862962981902	0.4196529844065811	0.1594304464068258	0.01000142693066499	0.2546665493534276	0.2603920905536682	0.01000075044502044	0.1133263031773572	0.01000000662439738	0.01000000932686955	0.1140303626227217	0.2259481708580675	0.01000000581778855	0.009999999279528309	0.01000011201169481	0.01000007010929385	0.01000098403257416	0.01000003343360573	0.01000005873672535	0.01000008697131061	0.03265888922921623	0.08671788917160317	0.09219329790151526	0.225064354432484	0.2136552647831234	0.1695629504162266	0.2068901136961875	0.1499470017238032	0.2404167418127622	0.01000006961475495	0.09471044724361044	0.01000016950045858	0.114508312033212	0.009999994802757728	0.08015800667428254	0.3693992816690136	0.01000000579841191	0.01000002044691367	0.009999999758972363	0.01000001206037811	-6.292106967344111	-1.224566931320278	2.5244028130393e-10	-3.260866853155304e-10
0.5727736603106977	-0.2042081896337296	-0.2183412158825339	0.3647648949707821	3.161772456945934	0.9301751827244049	-0.01448434799914772	0.8810805866366704	0.319042037133865	-0.02564374901896076	-0.06208806633499519	-0.1033187543213647	0.4951602263369475	0.1745329331563234	0.1598629371841306	-0.3920862484423001	1.053584131034554	1.053584131034526	0.3176455823980792	0.3176455823981862	0.1173170751842499	-0.0825267784820851	2.249007095570518	0.3037839744642882	-0.3164005627387257	2.080933413898748	0.4260774063030167	-0.2090155383551838	0.3549655556942401	1.069535635773949	0.5802899530583053	0.3997780062524915	0.9779469859706904	1.965663597322876	0.3693345154933444	-0.752050381207191	0.6992856519702272	-0.2907803522895069	2.181739100355022	2.774754048950018	0.01191891657605158	-0.312387023536757	-1.410285813924761	0.4383345671827529	5.594791845571213	-1.193163136261179	-1.130294213682938	1.381442776955855	0.2246123224876378	0.250621255773064	-2.352674367606569	-9.332650870852826	-9.332650871479338	1.34415548858912	1.344155489008026	-0.2649624266587601	-0.4469528597733002	1.204993076183759	-0.4251157251253114	1.17205050375953	1.608515052477089	2.335176653129836	-7.889497965083165	0.1290094917613849	-0.9861049251635509	-4.813333233627717	3.159243788926263	-0.4791112833218159	-0.9612637035595099	-6.184348946328222	-7.712301868389643	0.02048455645299452	0.02013244428974715	0.1161730586145499	0.1479948353895014	0.03799635587019717	0.01761208222454912	0.09785597925750882	0.01002343383867762	0.1165078597077484	0.07211493341109117	0.0104407326475648	0.01000015063356789	0.01000001619706971	0.01000000435131997	0.1686399497349631	0.187018525710314	0.1348193306409138	0.1674199387991281	0.1377900174232513	0.125432928490443	0.1010456822839793	0.09790990898380444	0.07417505725699035	0.01040260108019669	0.01262728686635584	0.0478842784925082	0.06611969661750551	0.06746354397849534	0.01419677334575928	0.01816248808681993	0.01056594854079969	0.1554561740734141	0.06705395651699947	0.01000000894097056	0.05396859822502429	0.1728057688306295	0.01000006058655611	0.1391609035497756	0.2384582247067786	0.1693733586682139	0.2431840439291968	0.3379220934474292	0.1026555811298735	0.01000088407433078	0.1850306237400707	0.2049748607835221	0.01000047343765713	0.09869423372855282	0.01000000907853669	0.01000001359197557	0.1231624730743085	0.2257103480569274	0.1159325804694667	0.1514426380021348	0.01000011955918732	0.01000006528137732	0.01000060088140209	0.03331038887869794	0.02405668428077555	0.02265399223928061	0.0641860272377526	0.09618457577460078	0.09247989163966035	0.1772261845242915	0.2174415257285189	0.1549402708687426	0.2042477554367647	0.1246571171291157	0.2273950700794141	0.1026970497379705	0.0984016400712933	0.01000696088449747	0.06942412072255975	0.1435770494011117	0.1037447653113045	0.2386025512160825	0.0539123234958117	0.01000004529043248	0.01000000979118139	0.01000003011371049	0.1508541401305012	-0.1184611720099443	0.0453703993866324	-0.1256881951932993	-0.01550867385543863	0.05216030269789655	-0.09863544645359545	0.01721570761177913	-0.1392107536092022	0.08684411572087843	-0.06710554337859788	-0.1311845351686013	0.002961766674900107	0.01000005006772061	0.01000003854212843	0.1035041034364977	0.137396229882247	0.01000040002135033	0.01000006646259485	0.08995155454759768	0.01000011337581816	0.1172508503178819	0.07416089563469588	0.01000020248751462	0.01000011269303206	0.01000001765521552	0.01000000618320515	0.1873410983258921	0.2060951014785902	0.1223288459815499	0.1779451147410743	0.1481231347065353	0.1395393388911559	0.104627025533363	0.1034493014904039	0.07663819401254925	0.01000013397400799	0.01000007921049057	0.05968450511745587	0.09511077881109939	0.08375036663493975	0.01000002629871397	0.01000034817029178	0.01000005688953891	0.1551946201557483	0.05562699346181775	0.01000001117893569	0.0665702321674931	0.1803079159889313	0.01000004302260297	0.1324295627608867	0.2294883649191956	0.1623112295009669	0.2879690772666956	0.4100687467305058	0.1234540940296332	0.01000079845394878	0.2281786626546103	0.2461922945312445	0.0100004354884421	0.1065604256685056	0.01000002054927542	0.01000001586722146	0.06201526670470479	0.1179742503673436	0.01000000492380831	0.009999998763118828	0.01000016445238427	0.01000007568307631	0.01000056301168358	0.01000005529009156	0.0100001242970295	0.03264901149047514	0.07471398441796739	0.116932078597943	0.1217774691791096	0.2139687696936581	0.2261657257346403	0.1956682896155598	0.2501071179221763	0.1796389624535857	0.2463516289981497	0.122123735678478	0.101681592044237	0.01000011179935634	0.06225495600554101	0.009999994262644354	0.1222944893813554	0.3791050908320187	0.01000000433263068	0.01000002505771482	0.01000000121999932	0.01000001534812717	-4.975199571792817	-1.153038122238587	-6.071514302151855e-11	-2.603411742878725e-11
0.5792093194153123	-0.1992601535223049	-0.2180369588519238	0.3787984295238031	3.179630053387394	0.9301690119075759	-0.01654674561181833	0.8683250231045342	0.320454592008082	0.01386837338544766	-0.07004927140622214	-0.1080232953699583	0.5040977075111273	0.1745329342469234	0.1594540627069624	-0.4068477454899704	0.9916066575183631	0.9916066575183049	0.3280963150458445	0.3280963150458862	0.1153183785526309	-0.08452408996672268	2.257794790826442	0.3005408118372362	-0.3091683400376085	2.0902368535983	0.4395541828856653	-0.2550136138231872	0.3539678046933353	1.06216037177652	0.5412812235641569	0.4230958336730999	0.976786442105175	1.960359935116008	0.3295269941285943	-0.7853981698391049	0.7838445767435684	0.3645900553150102	2.188554142472471	2.772483650180721	-0.01909432272606877	-0.3291754603940991	-2.481862750827779	-0.02270001429283971	6.671518581564619	-1.208833294905553	-0.335220083399688	1.379745723410564	-0.1598647673124645	-0.3774051627969265	-2.256003923670275	-9.915423822007421	-9.915423822007748	1.927385354044186	1.927385354045223	-0.366564874769165	-0.1802534591069718	1.519555789419311	-0.593564225291965	1.079277252746679	1.282792559318453	1.826572175465934	-6.152855932761343	-0.4337370489232708	-1.307595154334513	-7.303997224422702	4.098810351068896	0.1157736851523578	-0.6981060318491463	-6.120266876431391	-2.146812297855737	0.01550166297807703	0.0153152323204388	0.1076795299982982	0.140090928433657	0.0249359046784662	0.01398436200783942	0.08129655370636843	0.01001224619317782	0.1175097422641295	0.07376592489614303	0.01022943047400312	0.01000012632469407	0.01000001726015416	0.0100000057080207	0.1721712563356559	0.1905343150829362	0.126162727795093	0.1680220483332067	0.1389385581530143	0.1281476344560311	0.1001713480673671	0.09790812107601916	0.07274107266621686	0.01020955583319395	0.01136954193969124	0.05403978605507734	0.08037797239244845	0.07088421917212405	0.01219040584224909	0.01427466732200972	0.01029456089751338	0.1424003833122906	0.05036104947152074	0.01000001048577262	0.05968873566192216	0.1770297155072441	0.01000004892121712	0.1356706741146771	0.234241875126301	0.1658015899476966	0.2562900351828474	0.359741697408282	0.1026367534590809	0.01000066711739293	0.195531550394144	0.217139610683015	0.01000036709051065	0.1003770751693155	0.01000001847902733	0.01000001651393323	0.08566334480839427	0.1635842953199167	0.07090974717463851	0.09376238585983031	0.01000015577424598	0.01000007183190086	0.01000046489063496	0.02237913384642041	0.01739997255425115	0.03340745964408538	0.07912879814008168	0.1119122582657712	0.1116870029241756	0.1887096894333452	0.2231143152578214	0.1762526486210729	0.2297152968235265	0.1531436422796076	0.2353863187493562	0.1359275591474037	0.1014164852648659	0.01000365854955214	0.05293962429040087	0.08861214353694814	0.121113181508829	0.2890973981303449	0.03380063715925116	0.01000003687307488	0.01000000608757338	0.01000002394923561	0.1633226029157533	-0.1148831907888008	0.03261325765502063	-0.1265886114137648	-0.02456573854726648	0.05084836693246935	-0.09338424984017993	0.01651951346100436	-0.1392406788137384	0.08488239998282894	-0.06495625422149751	-0.1254213642502161	0.001495446387278395	0.01000004492118706	0.01000003319117962	0.08929218375718409	0.1205028840413171	0.01000029735271947	0.01000006341171718	0.03534612599014045	0.01000011820319611	0.1202971979263454	0.07724711184300453	0.01000016089367783	0.01000009087745277	0.01000001895402313	0.01000000789043756	0.1704592047381951	0.1887259551473651	0.1061093483315813	0.161911694693349	0.1348930906683809	0.1265214287937833	0.09459944045616435	0.0936772174059699	0.06653284077170167	0.01000011720569163	0.01000008131967033	0.06304834100482985	0.1020803545043515	0.06928146037210213	0.01000002791766664	0.01000051807093044	0.01000006258720619	0.09657214845733159	0.01000060999815128	0.0100000128620981	0.06707749886899025	0.1867569714436306	0.01000003145141055	0.1287951730614451	0.2243531525989493	0.1582898615886636	0.2742518582352013	0.4004845090544307	0.0874777416524406	0.01000016997723235	0.201690775955793	0.2319924985088209	0.01000012053186377	0.09979454815965418	0.01000003447415465	0.01000002240757407	0.01000017078668926	0.01000032987662266	0.01000000402982889	0.009999998246710419	0.01000021689307435	0.01000008125685894	0.01000014199079324	0.01000007714657723	0.01000018985733371	0.05529793600964052	0.1167690796067186	0.1471462680242829	0.1513616404567039	0.2028731849548323	0.2386761866861574	0.221773628814892	0.2933241221481636	0.2093309231833678	0.2522865161835375	0.2342474017421974	0.1086527368448636	0.01000005409825804	0.01000159997787118	0.009999993722532704	0.1644309720884282	0.3888108999950241	0.01000000286685129	0.01000002966851382	0.01000000268104288	0.0100000186358746	-4.004967601606793	-1.380271226788348	-2.806506836556408e-10	1.771403531681722e-10
0.5856449785199268	-0.1950295478171294	-0.2143009314759843	0.3930221408518203	3.197445988135126	0.9298560560967238	-0.01872603015829781	0.8503500149690957	0.3185853025512704	0.05990319881762259	-0.07655778309661582	-0.1081115795599771	0.512428304461481	0.1737628919203816	0.1552563349530748	-0.4214818297678769	0.9256927557254462	0.9256927557254129	0.3420823517799015	0.3420823517798399	0.1123397443581424	-0.08502349712233474	2.268457495047412	0.2958397206676011	-0.3022998617079146	2.097421257795585	0.4494929087000606	-0.2887517080601999	0.3494155379358594	1.052455288814564	0.4869072901483585	0.4496339214781031	0.9793505695268635	1.956406192300086	0.2917849249380978	-0.7853981704405451	0.5294269672880908	0.7769575406118225	2.237089737497195	2.764983019051071	-0.07865759184446811	-0.3485239165035106	-3.097078818281893	-0.5590365061620416	7.631276837184781	-0.8234367641205891	0.2744167831017943	1.178685193235359	-0.06893965943593586	-0.9095422344408461	-2.299938159351744	-10.57922206558679	-10.57922206561456	2.368697617308817	2.368697616998401	-0.5615944973981961	0.01780080274010068	1.794791944180581	-0.8696807607342649	1.060926222503255	0.9538378862074405	1.297244407175579	-4.391586784534068	-0.9736321794762852	-1.710842960132357	-9.573282799781067	4.035872626390128	0.6640061722428416	-0.5638469706520015	-5.456967813549506	1.745985644927669	0.01283007208340122	0.01273345756362972	0.10010806587181	0.1317631733318216	0.01778229411730723	0.01204524531410334	0.07266635656466497	0.0100063119675043	0.1197149049073727	0.0767099116330468	0.01011722161678833	0.01000010692487456	0.01000001759562103	0.01000000662138797	0.1731331930811121	0.191996231726345	0.1201552594725158	0.1633865628530843	0.136268707572293	0.1275018791892481	0.09583486082996519	0.09449868610195845	0.06913364936667228	0.01010705004360699	0.01070044849343791	0.057296477951937	0.08973886635394411	0.07074166226219263	0.01112153610975975	0.01219534915404016	0.01015044523554852	0.131506392626049	0.03595040114833337	0.01000001082715291	0.05725993628509049	0.1835010745859012	0.01000003859320553	0.1319471902151252	0.2296088785358943	0.161889111135014	0.2626181825395427	0.3722751817572706	0.09757068454333045	0.01000043138707181	0.1985992202721328	0.222679637210768	0.01000024107662538	0.098929573957237	0.02278134957036252	0.01000002732205261	0.05229920319825466	0.1018790912852363	0.04353036774021021	0.05720604402189201	0.01000017247260098	0.010000072139211	0.01000030292948224	0.01642802687432935	0.01381664716822832	0.04185506942409359	0.09482504324269313	0.1257106039708936	0.1269625503582613	0.1938525136821881	0.2294941383813084	0.1892205981906128	0.2470476512573962	0.1727971737803492	0.2421541649377056	0.1795886314386207	0.1038631466218719	0.01000189117049104	0.0331668361589741	0.05407804939710849	0.1384191044052934	0.3119929340657861	0.0225447067940801	0.01000003589905859	0.01000000526945933	0.01000002320134391	0.1605647906678365	-0.1158478062416018	0.02148522511359002	-0.1235608736875307	-0.02808054209956285	0.04984743794674066	-0.08677400049298663	0.01481518233500883	-0.1350501563309962	0.08037076675786391	-0.06243228367156208	-0.1151869380739923	-0.002118931331077545	0.01000003666095899	0.010000025751271	0.08999058462602616	0.1184591847425454	0.01000025288319685	0.0100000557294616	0.08354104644215175	0.01000013042059672	0.1250811266384407	0.08325299099646699	0.01000015209748608	0.01000008316265634	0.01000001709183825	0.01000000730559198	0.1783571422929654	0.1994038752353939	0.1161346396379801	0.1509870233353089	0.1300392704070682	0.1265982654968194	0.08593050489931478	0.08662209510458756	0.06288991199410154	0.010000110922333	0.01000006727578117	0.05966256566775653	0.1018990358425122	0.07166241700338234	0.0100000248688339	0.01000040849299912	0.01000006405446885	0.1312938114765882	0.0266236695760242	0.01000000976224711	0.04328355963889941	0.2002903537841567	0.01000002475680089	0.124419437339431	0.2188446076067522	0.1535295880745086	0.2742035634005054	0.3963880953783917	0.09338362050606408	0.01000019884967802	0.2054870930418165	0.232491172943288	0.01000010052493885	0.09450128154630477	0.05887475527818757	0.01000005228485926	0.01000013288719162	0.01000019291412012	0.01000000303151436	0.009999997516222544	0.01000016702504184	0.01000006501522642	0.01000012736708735	0.01000007548889933	0.01000017781545322	0.04818691732170964	0.1142150781401057	0.1436501283998566	0.146253204802347	0.2018390012062936	0.2423718576732455	0.1998691788697268	0.2637667877358204	0.1980419295846263	0.2558999732371533	0.2573379040312173	0.1059668723925947	0.01000004378168612	0.01000091250168521	0.009999993255360004	0.1627945452964127	0.3263141184496591	0.01000000184397926	0.01000003929664042	0.01000000588512457	0.01000002562516101	-3.437091609194029	-1.615552501107136	-1.370286778935755e-10	2.490244334960451e-12
0.5920806376245414	-0.1924646174353513	-0.2082873783623339	0.4076617486510875	3.215229786252987	0.9291502122762987	-0.02103845395362651	0.8285532356052607	0.3132484975877912	0.1120494953585235	-0.08077193616134341	-0.1049206720350539	0.5188769301576186	0.1737807446811316	0.1479732568170128	-0.4365556243988834	0.8553006223649282	0.85530062236492	0.3579366783630611	0.357936678362907	0.1080578192392989	-0.08438832137046505	2.280905336631077	0.2893173469230685	-0.2954394944216548	2.10256476986609	0.4567041624288478	-0.3123076239004067	0.3415302449780209	1.040108622044603	0.4183233463107808	0.4735945764437685	0.9851133618230749	1.952674453949006	0.2612426299696792	-0.7680841978716019	0.2662051890795317	1.072373273799733	2.317801645497888	2.762496599784287	-0.1411915321817722	-0.3705509419135182	-3.669548795381004	-1.100294533540425	8.570771181366821	-0.4958189859057969	0.6838493452554681	0.7948884244077358	0.08498818666332919	-1.336234815932357	-2.392652028231851	-11.30711703573043	-11.30711703573058	2.507990887524937	2.507990887525088	-0.7715866162832606	0.1723391469883339	2.074320215775419	-1.159561443305423	1.076756595683282	0.6485476153030385	0.9789598192759669	-2.988555790213658	-1.469536537258196	-2.128516139192371	-11.72002057756893	3.297825401275356	1.109817906913012	-0.6291140409758119	-3.882803982952269	3.233824791665566	0.011475461704817	0.01142497704345508	0.09602106616860057	0.1259390685914879	0.01407412938940063	0.01106564008697231	0.08900601571304875	0.01000334948144025	0.1229877836228193	0.08099765360988881	0.01006105434423763	0.01000009336480488	0.01000001683278135	0.01000000678600274	0.1767930177202825	0.1969620747658919	0.1207921275065221	0.1562280895934149	0.1326943549042381	0.1271543781959238	0.08958546842183081	0.08948459514125888	0.06548919691238993	0.01005574316203376	0.01036459469621286	0.05748585790125753	0.09482595541993195	0.0717320769684972	0.01058393291767242	0.0111441238995569	0.0100783013302716	0.1391091687251974	0.03598671415587973	0.01000000944873041	0.04487596595428924	0.1926294039606543	0.01000003008103599	0.1279361102814906	0.2246320408630172	0.1576213550002552	0.2666497686533295	0.3792986960246074	0.09720221831767215	0.01000032789543576	0.2019320360949825	0.2263305596806959	0.01000016804107441	0.09581887135384554	0.05234028788804693	0.01000004766024205	0.03288957857023922	0.06216645871165	0.02798625077509394	0.03567049308784642	0.01000015590350033	0.01000006417596682	0.01000021460220325	0.01336121050088198	0.01199146017143324	0.04285372898770386	0.1023123178273215	0.1321249254627763	0.1335392956060961	0.1966173851170319	0.2348516864515013	0.1886418906627162	0.2471882811530322	0.179979019865171	0.2477387095970557	0.213266633186764	0.1041087204819498	0.01000100190349027	0.02230135431748603	0.03389452544907959	0.1476754537247325	0.3052860045801261	0.01659483405491753	0.01000004022361047	0.01000000646150449	0.01000002632021414	0.1578069784199197	-0.1168124216944028	0.01035719257215943	-0.1205331359612967	-0.03159534565185924	0.04884650896101193	-0.08016375114579331	0.01311085120901336	-0.1308596338482539	0.07585913353289886	-0.05990831312162666	-0.1049525118977685	-0.005733309049433513	0.01000002840073101	0.01000001831136249	0.0906889854948683	0.1164154854437738	0.0100002084136743	0.01000004804720608	0.1317359668941632	0.01000014263799779	0.1298650553505361	0.08925887014992943	0.01000014330129446	0.01000007544786002	0.01000001522965299	0.01000000672074574	0.1862550798477358	0.2100817953234228	0.126159930944379	0.1400623519772688	0.1251854501457556	0.1266751021998555	0.07726156934246518	0.0795669728032052	0.05924698321650143	0.01000010463897444	0.01000005323189199	0.05627679033068321	0.1017177171806729	0.07404337363466257	0.01000002182000112	0.01000029891506782	0.01000006552173152	0.1660154744958448	0.04324672915389707	0.01000000666239554	0.01948962040880857	0.2138237361246829	0.01000001806219112	0.120043701617417	0.2133360626145551	0.1487693145603536	0.2741552685658096	0.3922916817023526	0.09928949935968753	0.01000022772212365	0.20928341012784	0.2329898473777551	0.01000008051801364	0.08920801493295528	0.1077494760822161	0.01000008216214317	0.01000009498769378	0.0100000559516158	0.01000000203320048	0.009999996785735672	0.01000011715700918	0.01000004877359404	0.01000011274338119	0.01000007383122159	0.01000016577357284	0.04107589863377868	0.1116610766734928	0.1401539887754304	0.1411447691479901	0.2008048174577547	0.2460675286603335	0.1779647289245615	0.2342094533234771	0.186752935985885	0.2595134302907692	0.2804284063202386	0.1032810079403258	0.01000003346511565	0.01000022502549858	0.009999992788189653	0.1611581185043972	0.2638173369042943	0.01000000082110825	0.01000004892476639	0.01000000908920876	0.01000003261444653	-3.16751356668607	-1.736816240335213	-1.477878172499407e-11	-1.110908167176368e-10
0.598516296729156	-0.1911451150104884	-0.2004371432788412	0.4229156495397631	3.23302348178597	0.9280709801097834	-0.02350463661817166	0.8025917845730576	0.3044033544228244	0.1703984483483428	-0.08370701477296498	-0.09957800203468649	0.5225533536119118	0.1743318684845071	0.1381885032037994	-0.452243382695543	0.7801589432411036	0.7801589432410947	0.3737004097282347	0.373700409728106	0.1025006328005627	-0.08283534391185206	2.295229082985915	0.281028184280478	-0.2884652214444353	2.105815967760017	0.4628347145029397	-0.3278715103265811	0.3306151561966443	1.025161130554321	0.3362606970378339	0.4916241732037911	0.9934173258352684	1.948172237384929	0.2442379637417006	-0.7481402769725606	0.1527899105073812	1.372700069411003	2.430992521304636	2.767216702005646	-0.193617028861683	-0.396938241502942	-4.403067814056603	-1.672567143919315	9.565830733227047	-0.4351791686281959	0.9726603062141439	0.3572395175124861	0.07236144133264959	-1.706561205862303	-2.488436471001386	-12.03691814158782	-12.03691814156957	2.370427943294136	2.370427943827498	-0.9527661964635554	0.3081739160184919	2.382265043181337	-1.412988001508241	1.088385942803364	0.3609264590071966	0.9816623946113541	-1.87824777674402	-1.915536416105378	-2.509546469846008	-13.71733654182742	2.342952557395209	1.457270260398914	-0.7554070227370734	-1.222949839136487	2.847342248948459	0.01075470798829306	0.01072882825329812	0.09159260635497704	0.1205519435774728	0.01209164777999766	0.01054477711332258	0.1083033848874377	0.01000178856422422	0.127278933705856	0.08644188536527153	0.01003128143332432	0.01000008577451168	0.010000015392462	0.01000000629499346	0.1809896239653329	0.2026990711371826	0.1229553572766737	0.1493463764917382	0.1295091383974209	0.1270762452588757	0.08309571614643313	0.08432722266334411	0.06260513248751313	0.01002850394700913	0.01018621906325602	0.05545963035141775	0.09677814679268106	0.07266078594023866	0.01029831208245758	0.01058507427168527	0.01004000522485037	0.151160577074758	0.04147724751073122	0.01000000728310078	0.03188104421212017	0.2044997791000353	0.01000002362522225	0.1244878297072312	0.2208336687048925	0.1539565687181454	0.2702447553678193	0.3846101133571369	0.09974039766868918	0.01000028291212927	0.2055493704278094	0.2295783833896028	0.0100001273040944	0.0934646718876937	0.07461456451962969	0.01000006665472059	0.02205061055559347	0.03844274426773872	0.01940926775783778	0.02356243908512264	0.01000013329660669	0.01000005607031986	0.01000016407420675	0.01172386987086496	0.01101944689052151	0.03846924456568786	0.1057824275612799	0.1353132466892141	0.1365292351489064	0.1991992937310131	0.2392249682770713	0.1814833756436778	0.2382137589277375	0.1823748194256356	0.2526186360581705	0.2373056362508051	0.1040228544701798	0.01000052854445478	0.01638702955551658	0.02259573211141388	0.1527790132607625	0.2938217979861547	0.01339752077933938	0.01000004425533587	0.01000000767795969	0.0100000292180697	0.1598764233502501	-0.1212277870211467	-0.008266399823532706	-0.1187269487800346	-0.03298702244029547	0.04818915510036568	-0.07290506363471143	0.01202422220369383	-0.1278630012744452	0.07017999292528196	-0.05878929270726058	-0.09570038258368013	-0.004526407157631317	0.01000002308911722	0.01000001383163697	0.08128964207626403	0.1096395733339589	0.01000016311801131	0.0100000414861559	0.1366674616071006	0.01000017683726798	0.1366295913815095	0.09727119510832444	0.01000031287360551	0.010000079902906	0.01000001275782588	0.01000000498958999	0.1890704903600965	0.2142456860802532	0.1259691044011604	0.1376545457775771	0.1245374693064571	0.12721331152893	0.0721975601029296	0.07575634775925674	0.05884060045758502	0.01000009638734785	0.01000004648839092	0.05019607799184151	0.0974036894114669	0.07366045803591295	0.01000001991024412	0.01000024807305311	0.01000007232871845	0.1721882863720346	0.05165842743356277	0.01000000363982841	0.01474514700218545	0.2335426546810158	0.01000001590626076	0.1190014629793999	0.215004307746087	0.1478850107720871	0.2793917594238841	0.3990284505150737	0.1065612233676807	0.01000024302855229	0.2137245686028536	0.2372871119116109	0.01000008848252886	0.09123505465217238	0.09674566460319441	0.01000009009367206	0.01000009573044613	0.0100000618907978	0.0100000008031559	0.009999996004906777	0.01000010343925295	0.01000004664276181	0.01000011025228948	0.010000059932895	0.01000013928367261	0.02685348270960753	0.1095883435190654	0.1398777193597197	0.1407672508791227	0.2058874783763425	0.2478131591400298	0.1626154876647149	0.2113753395405855	0.1858127273183046	0.2631821182266178	0.2777396903892761	0.1044452074161917	0.01000003634795879	0.01000025206251043	0.009999992489715151	0.1600220332964703	0.2784170743364504	0.01000000013816868	0.01000004806445184	0.0100000088252413	0.01000003192193629	-2.77420662611535	-1.758182233954289	-2.060947223027029e-12	8.830699210541636e-11
0.6049519558337706	-0.1903830003262456	-0.1905485423171371	0.4390594644241833	3.250847430326198	0.9266656070419298	-0.0261614391930345	0.7718205349402849	0.2914105414110256	0.2352205090162504	-0.08661612423413388	-0.09245046922378007	0.5235987838174208	0.1745329337404532	0.1259817830962838	-0.4686600922920084	0.7004678301958632	0.7004678301958553	0.3881839667120524	0.3881839667119601	0.09582851442795533	-0.08044879009181867	2.311635369735015	0.2711748768622698	-0.2814593860119419	2.107198839546512	0.4700530356370602	-0.3368697802520638	0.3169647703078016	1.007899437167963	0.2426014219146911	0.504237326126022	1.003696303680405	1.943139624849052	0.2478025362535363	-0.7329381971386049	0.09298664647086521	1.705833130330478	2.594358863086792	2.771898281120397	-0.2425458447573907	-0.4297896015447361	-5.164282595783021	-2.389259579500341	10.58240901860428	-0.4877485889543653	1.238528436299283	-0.02274135116351182	-0.02379896971422406	-2.088905652785881	-2.619187114398	-12.72093770693041	-12.72093770693021	2.110153032404992	2.110153032406548	-1.118072319783974	0.4313884036593078	2.721508128780291	-1.645648338654925	1.086565214611697	0.06793075031283562	1.317004157272025	-0.9481691093161443	-2.319580663023449	-2.84769714712068	-15.32388636072435	1.614565409301746	1.723589954574955	-0.7939443910888898	2.509467082448502	1.760210068384578	0.01039283305675178	0.01037935096718466	0.08495718360275518	0.1145416382667869	0.01108989772714595	0.010283527405079	0.1210430094141478	0.0100010248255194	0.1325635118652452	0.09296039606829752	0.01001647048156767	0.0100000842040403	0.0100000134366323	0.0100000051842037	0.1846333198423026	0.2078088598446314	0.1241340825782657	0.1442093152606334	0.1273583543283308	0.1272530148497008	0.07717306940624369	0.0797242105030125	0.06083799350023703	0.01001487194436354	0.01009690482141536	0.05155042730872818	0.09601761663478739	0.07300071951730018	0.0101552254186789	0.01030459474675297	0.01002084786315861	0.1606910180727973	0.04828381379919017	0.01000000468920477	0.02258877675235818	0.2191467246742181	0.01000001931833364	0.1220242984678445	0.219045310943024	0.1513877461802224	0.2744061036558216	0.3903644591880501	0.1042956271821098	0.01000026805942348	0.2094616386865629	0.2331996444237178	0.01000011090633891	0.09300444586611892	0.08135586728118398	0.01000008012034211	0.01633231877653272	0.02518056808696691	0.01493271207782915	0.01713647818243067	0.01000011513218196	0.01000005095066904	0.01000013755331011	0.01089797008662633	0.01053078713637488	0.02933488177108951	0.1068759747628967	0.1370729877509957	0.1381339527523606	0.2027186490743797	0.2426270105452601	0.171075887325166	0.2240764103095926	0.1834776138252005	0.25704290396295	0.2511209772094061	0.1044708356099281	0.01000029319430663	0.01333974655709476	0.01662196827426669	0.1553594713556218	0.2912651100154163	0.01177209084373571	0.01000004584219774	0.01000000815455703	0.01000003032159192	0.1619458682805804	-0.1256431523478906	-0.02688999221922486	-0.1169207615987725	-0.03437869922873171	0.04753180123971944	-0.06564637612362953	0.0109375931983743	-0.1248663687006364	0.06450085231766507	-0.05767027229289452	-0.08644825326959175	-0.003319505265829102	0.01000001777750352	0.01000000935191158	0.07189029865765977	0.1028636612241439	0.01000011782234837	0.0100000349251058	0.141598956320038	0.01000021103653908	0.143394127412483	0.1052835200667194	0.01000048244591655	0.01000008435795192	0.01000001028599897	0.0100000032584346	0.1918859008724574	0.2184095768370837	0.1257782778579419	0.1352467395778854	0.1238894884671587	0.1277515208580044	0.06713355086339404	0.07194572271530827	0.05843421769866861	0.01000008813572149	0.0100000397448899	0.04411536565299981	0.09308966164226092	0.07327754243716332	0.01000001800048715	0.01000019723103843	0.01000007913570544	0.1783610982482244	0.06007012571322849	0.01000000061726178	0.01000067359556229	0.2532615732373486	0.01000001375033051	0.1179592243413827	0.2166725528776187	0.1470007069838206	0.2846282502819585	0.405765219327795	0.1138329473756739	0.01000025833498096	0.2181657270778671	0.2415843764454667	0.01000009644704394	0.09326209437138951	0.08574185312417412	0.01000009802520161	0.01000009647319837	0.01000006782997952	0.009999999573112166	0.009999995224079485	0.01000008972149663	0.01000004451192947	0.01000010776119769	0.01000004603456835	0.01000011279377229	0.01263106678543632	0.1075156103646381	0.1396014499440089	0.1403897326102553	0.2109701392949302	0.249558789619726	0.1472662464048684	0.1885412257576942	0.1848725186507242	0.2668508061624664	0.2750509744583133	0.1056094068920577	0.01000003923080596	0.0100002790995223	0.009999992191244179	0.1588859480885434	0.2930168117686062	0.009999999455229582	0.01000004720413739	0.01000000856127396	0.01000003122942618	-2.188878489257163	-1.706230599314368	8.543842330371552e-12	2.467160935934797e-10
0.6113876149383851	-0.1899344712021469	-0.1783453109533728	0.456401245316909	3.268692106518116	0.9249511817057643	-0.0290515538113154	0.7362107811293817	0.2731789989777553	0.3066299093439481	-0.09008424944268183	-0.08352329599441073	0.5224579848954862	0.1738967543067766	0.1111770248998225	-0.4860152253654961	0.6165595536193523	0.6165595536193373	0.4008005852476257	0.4008005852476049	0.0881357283444713	-0.07730202488141574	2.330341947787006	0.2599082228186606	-0.2745288460312352	2.10668356574526	0.4807858396470119	-0.340604769909818	0.3008420591413201	0.9886618932578388	0.1404847006435488	0.5132310079745239	1.015372257249648	1.938097889315884	0.2795019777051465	-0.7253295739332619	0.06269922695575782	2.104603373156832	2.790878207354096	2.773523683807636	-0.2886449329170188	-0.4686598908245005	-5.909190534061781	-3.304548504991071	11.59458166289135	-0.622689404113439	1.542978303814753	-0.3393798662693553	-0.2064981722737056	-2.516953921072874	-2.765906159656426	-13.3405231568731	-13.34052315687533	1.802300644341857	1.802300644332489	-1.26592392212977	0.5459186141413366	3.100470613540219	-1.843728474759749	1.060241763814455	-0.2267313780992895	2.098950631819432	-0.2585982467481889	-2.682810635642576	-3.109831259875308	-16.26151897531797	1.217603080451484	1.882837650059826	-0.7664322013929208	7.622417405292268	0.619455268467373	0.01020063189761653	0.01019373867991354	0.08101077599824291	0.1114043070542701	0.01055722997221509	0.01014479403468062	0.1349812734241364	0.01000064234347717	0.1423908219918037	0.1041298135207413	0.02820096202663765	0.01000010501827416	0.01000001084177527	0.01000000349181988	0.1887231305282415	0.2137128621174205	0.1287313366043185	0.1430205341469541	0.127918477397211	0.1290922841725812	0.07194516278259484	0.07591123058415637	0.06141851088181247	0.01000763421662735	0.01004948695437758	0.04838479279237286	0.09159250304751389	0.07357813470966031	0.01007925648166085	0.0101556201423148	0.01001068099727496	0.1740256882939429	0.06032788989721354	0.0100000020885275	0.01653894923350712	0.2435636248417281	0.01000001788458693	0.1228346387939507	0.2224559309225537	0.1523710138190869	0.2788267206986776	0.3958185884702574	0.1111583969651886	0.01000030933815038	0.2140275097537003	0.2371460948210053	0.01000011449569894	0.0935087485619069	0.079271223349645	0.01000009288005551	0.0132611492887443	0.0179122421175663	0.01253537424017668	0.01367932085384666	0.01000017767626215	0.01000006113992895	0.0207103747280025	0.01045895323418754	0.01027118833077928	0.03329696959983583	0.1036426044475413	0.1372071235538105	0.1389299501636578	0.2068979082875406	0.24294968839712	0.1593397199712087	0.2073687712587836	0.1848760805967221	0.25966306073828	0.2562149732545746	0.1043398292328769	0.01000017564187593	0.01692606593194749	0.01341162685472105	0.1546582816544496	0.2902318633757247	0.01090680155077241	0.010000046972914	0.01000000850491594	0.01000003108238007	0.1562938263490639	-0.1307784161267582	0.01434916130018308	-0.1128113005888588	-0.03256500481433564	0.0470176713770571	-0.05828498518399147	0.009110300668840761	-0.1190255853980254	0.05530198471623184	-0.05675566445749999	-0.05727460012073603	-0.003548997410374033	0.01000001502546308	0.01000000688698648	0.07924899127729507	0.1105512539427092	0.01000010749192242	0.01000003167553793	0.1671394906534634	0.01000027110634089	0.1688409694143997	0.1314373342519831	0.07999862524819037	0.01000016256589323	0.01000000631735638	0.01000000043171832	0.1985125840080106	0.2285110393080748	0.1437672572532944	0.1464380296692869	0.1329447854167314	0.1352683833948287	0.06366384636610603	0.07018367728663685	0.06530251194308556	0.01000008780003324	0.01000003261291321	0.04504284372669058	0.07921908205115419	0.07520341193189492	0.01000001546049597	0.01000013498235454	0.01000008173905508	0.209694113302874	0.0875231603562204	0.009999998327611883	0.01000042966204242	0.3159117463103015	0.01000001862332432	0.1292447484381854	0.2386824934638783	0.1598788412509392	0.2893628267466922	0.4089962906236428	0.1266333743280609	0.0100004319537966	0.2250507768220768	0.246400019300082	0.010000136677843	0.09498253144938305	0.06863736465171333	0.01000011308674483	0.01000010941839035	0.01000008014208296	0.009999999440169622	0.009999995084458342	0.01000037249390695	0.01000009482376274	0.05085988940272157	0.01000003765087452	0.01000011758436959	0.05894779390961415	0.09193975453134055	0.1354883367611127	0.1398744238731091	0.2165799865868365	0.2381716101059186	0.1352537859027835	0.1697767423901665	0.1891590445837671	0.2623424831087056	0.2569370602868469	0.1029012438029242	0.01000006480614365	0.0298210495100574	0.009999992174571228	0.1489242145507226	0.2840052615292465	0.01000000001102029	0.01000004895371542	0.01000000913161645	0.01000003242235492	-1.716207110642717	-1.616420495518559	4.005143085695711e-12	1.113727925141155e-10
0.6178232740429997	-0.1893662126406266	-0.1632271072805076	0.4749297227385932	3.286544522128697	0.922970942092282	-0.03219748061121079	0.6956702815812708	0.2485160000309202	0.3842675615416101	-0.0950512573094609	-0.07249733930452933	0.5191327351559585	0.1714555199155435	0.09352081671667475	-0.5041536678071155	0.5289454621810123	0.528945462180989	0.4112739142517418	0.4112739142517934	0.07962037496894236	-0.07342992903531308	2.351652742506543	0.2475973978851169	-0.2679026011710371	2.104297629525201	0.4981059221975258	-0.3407910089204483	0.2825369354774548	0.9681407412806626	0.03521531881568987	0.5203884976450074	1.02764656923057	1.933357470563267	0.3495260396178693	-0.7247700543932225	0.1301947809246932	2.61171465386778	2.963146730777487	2.774303448610019	-0.3251525432376288	-0.5092879640419687	-6.696602967089581	-4.387953548926766	12.51795338772714	-0.9535540696644285	1.890764193777192	-0.701599845507912	-0.5847531608232105	-2.975046438722514	-2.862614965812866	-13.87258815425777	-13.8725881542576	1.444086207311942	1.444086207311559	-1.373700305929782	0.6567983042953636	3.530816585359628	-1.970143737902578	0.9919998808868936	-0.5134121668178108	3.364122698321491	0.1546707416818527	-2.997805679100341	-3.246602074533611	-16.30363390114132	1.043934740170208	1.909540888738475	-0.7003046325508216	14.41955114363539	-0.4304291689726938	0.01010439056626386	0.01010079983218527	0.08203637604921178	0.1128244321990871	0.01029004142528614	0.01007534407421776	0.1533476994297077	0.01000048103325224	0.1583485242047799	0.1214273750018875	0.06982582496900501	0.01000015451579185	0.01000000756034994	0.01000000123253738	0.1937626040041897	0.2211376372943601	0.1387820233826126	0.1468292223072723	0.1319764515020495	0.1332609967786957	0.06746608550041291	0.07299242433603742	0.06485724151422941	0.01000401335729668	0.01002575761482714	0.04711382909204324	0.08299271207258374	0.07475758513992282	0.01004123821884832	0.01008101013958468	0.01000559622186929	0.1940726350494432	0.07905220100826151	0.009999999643289856	0.01341963483092998	0.2809858937330363	0.0100000196027206	0.1279835430277516	0.2326828574772375	0.1580925671318775	0.2833394391848422	0.4005392668872161	0.1204454897856258	0.01000041675560163	0.2194326100937654	0.241392558208352	0.01000013639711236	0.09453980615415106	0.07046140447830433	0.01000010679013832	0.01170083158933787	0.01414255284388783	0.01132149577867809	0.01191951000927984	0.01000035028239597	0.01000009138099085	0.04558883881784925	0.01023884547616103	0.01014115833894111	0.057011145558582	0.09507570013660054	0.1356058267820063	0.1391913467682608	0.211593855120962	0.2390254417024422	0.1473204244372407	0.1895734756835677	0.1873817408480157	0.2597380357835133	0.2529776844778157	0.1031070725869866	0.01000012961974223	0.02839233348335091	0.01177946530673089	0.1502486741156367	0.286427210715088	0.01047204318135075	0.01000004841291223	0.01000000896521474	0.01000003205913404	0.1506417844175473	-0.1359136799056256	0.055588314819591	-0.108701839578945	-0.03075131039993959	0.04650354151439477	-0.05092359424435338	0.007283008139307216	-0.1131848020954144	0.04610311711479859	-0.05584105662210548	-0.02810094697188028	-0.003778489554918983	0.01000001227342283	0.01000000442206161	0.08660768389693037	0.1182388466612744	0.01000009716149656	0.01000002842597021	0.1926800249868889	0.01000033117614463	0.1942878114163164	0.1575911484372467	0.1499967680504643	0.01000024077383462	0.01000000234871379	0.009999997605001993	0.2051392671435638	0.238612501779066	0.1617562366486469	0.1576293197606884	0.142000082366304	0.1427852459316531	0.06019414186881802	0.06842163185796543	0.07217080618750252	0.01000008746434563	0.01000002548093674	0.04597032180038135	0.06534850246004746	0.07712928142662649	0.01000001292050498	0.01000007273367075	0.01000008434240525	0.2410271283575237	0.1149761949992123	0.009999996037962039	0.01000018572852254	0.3785619193832543	0.01000002349631829	0.1405302725349881	0.2606924340501378	0.1727569755180577	0.2940974032114258	0.4122273619194908	0.139433801280448	0.01000060557261221	0.2319358265662865	0.2512156621546971	0.01000017690864194	0.0967029685273766	0.05153287617925195	0.01000012814828787	0.01000012236358264	0.01000009245418711	0.009999999307227508	0.009999994944837798	0.01000065526631723	0.01000014513559591	0.09171967104424539	0.01000002926718075	0.01000012237496696	0.1052645210337921	0.07636389869804304	0.1313752235782166	0.1393591151359628	0.2221898338787427	0.2267844305921112	0.1232413254006986	0.1510122590226386	0.1934455705168101	0.2578341600549449	0.2388231461153805	0.1001930807137906	0.01000009038148741	0.04964181992059236	0.009999992157899923	0.1389624810129018	0.2749937112898871	0.01000000056681203	0.01000005070329325	0.01000000970195873	0.01000003361528331	-1.511030692462753	-1.507322607817139	-3.141702826729325e-13	-1.472294037612862e-11
0.6242589331476143	-0.1879384137730774	-0.143767844167853	0.4946527323347831	3.304376808234005	0.9207893550166899	-0.03566023449779836	0.6494778201000305	0.2147360037294267	0.4711801332854712	-0.1033314714407081	-0.05842730795148639	0.5135807398492609	0.165371470845331	0.07226340873855831	-0.5228710551697208	0.4371113918729246	0.4371113918729166	0.4193112946082505	0.419311294608257	0.0706654838737087	-0.06881191176903198	2.375934429013638	0.234875220219261	-0.2620664608187842	2.100061711687666	0.5235987840954958	-0.3390329034642033	0.2625229998174233	0.9476132456953678	-0.06966303559668652	0.5268206723063936	1.039639922000443	1.929383687672531	0.468540734232163	-0.7300643328510239	0.2831226250118592	3.278263593051344	3.053221802398694	2.771768866563049	-0.3527501619498871	-0.5463780108523325	-7.338879724823367	-5.69716735528281	12.658336172386	-1.506299762996123	2.323900327954276	-1.192402564647878	-1.199021176976922	-3.487117973257428	-2.867799586965548	-13.5630416519813	-13.5630416519858	1.06834239866804	1.068342398542027	-1.414695017127383	0.7651343278158311	4.021069692228775	-2.000020263283499	0.8426037966162349	-0.8119029971374442	3.114441411593914	0.3627694471132855	-3.216423831520785	-3.170740620110707	-15.02723844538224	1.100955849746286	1.793939612883415	-0.499877890505855	18.04527036010511	-1.178351930058405	0.01005329747064422	0.01005146018527022	0.08474736616945898	0.1176187897406659	0.01014815244676192	0.01003847589293101	0.1646447247362718	0.01000042201423573	0.177478502799723	0.1398788176428918	0.1045880432031762	0.01173446404630444	0.0100000067716957	0.01000000066788805	0.1984642464328946	0.2274646804557927	0.1479651165128623	0.1596223856449066	0.1431453507600657	0.1427110126748194	0.06739456448854828	0.07416267778940809	0.07381398400635633	0.01000209477337351	0.01001315970297633	0.05150757132944675	0.07235345650564026	0.07834762812309468	0.01002105640941399	0.01004138392648393	0.01000289999420894	0.2071947282606051	0.09326361140634287	0.009999999088427853	0.01175402630408728	0.3172066670756258	0.01000003185227655	0.1401176432858404	0.2527138532771657	0.1712604279774123	0.2889223574334883	0.4051278558018016	0.1309875704297318	0.01000053320623468	0.2267683444492001	0.2467331847354128	0.01345525247698272	0.09675373301425194	0.05701368826728475	0.01000011858412331	0.01087031835373536	0.01212694467272957	0.01067579421010674	0.01098244108580283	0.02233143915092979	0.0183428644709252	0.07667956601254082	0.01012196686587255	0.01007212299511212	0.07784054670079518	0.07933644690043115	0.1304848015053449	0.1349709331127747	0.2167501785174958	0.232466593263475	0.1346924641196343	0.1699425562414202	0.1829460389421953	0.2587910821443814	0.2412928611484978	0.1023716089087043	0.01000011757407702	0.04661529239444104	0.01091058105365839	0.1415182925584098	0.2814810805776584	0.01024110517235083	0.01000004694784379	0.01000000848797367	0.01000003096435635	0.1421182996090514	-0.1401716012587875	0.06495468256140415	-0.102969221529074	-0.02666045299352545	0.04616273844151891	-0.02295211806205435	0.005155442044470441	-0.1053721846680657	0.009757379626461308	-0.05493003148504236	0.0242954612677713	-0.001835399724765179	0.01000001254070851	0.01000000428220836	0.08973904098660729	0.1297439074975609	0.01000009510081877	0.01000003000552335	0.1727344618748742	0.01000038528200482	0.2193454780950513	0.1748501144528255	0.1497502608121929	0.01655212160973305	0.01000000899646951	0.01000000217289842	0.2072818632118527	0.2383560366030627	0.1617274373189771	0.1981563224731832	0.175203979178598	0.168952240004668	0.07339475105265539	0.0818635060811094	0.09619675734983686	0.01000010039121259	0.01000002337670621	0.06591973331975272	0.05288427729490849	0.08797284219152825	0.01000001243251495	0.01000005017849681	0.01000009276772568	0.2184482520737666	0.1091357426037558	0.01000000060176778	0.01000015078775746	0.394142520398771	0.01000006250189761	0.1732398374410904	0.3132469075203435	0.2087183352215572	0.3043959419639929	0.4175310327422468	0.1521523875504036	0.01000069611936779	0.2462279118326617	0.2608488741871342	0.02307701379034781	0.1023658255843096	0.03076681183512871	0.01000013319247523	0.01000015518765135	0.01000013426799955	0.009999999335137693	0.009999994893301854	0.05712921198722772	0.04174411838141814	0.1347000643129035	0.01000002354721347	0.01000011468702658	0.1023031376550153	0.04318214857191976	0.115598008609407	0.1193959079792819	0.2285876329342401	0.2155377318591486	0.1092404832799825	0.1268541236986394	0.1600436066363401	0.2563573930034671	0.2036235351873475	0.1023742582515371	0.01000011739943576	0.08273211878434886	0.009999992088238962	0.1190001109695955	0.2694923569268893	0.0100000016792892	0.01000004094986495	0.01000000654205485	0.01000002661380316	-1.726258887088547	-1.384576591380188	-2.16539254258505e-12	-3.678353113875972e-11
0.6306945922522289	-0.1861133068987944	-0.123056801678634	0.5127752681566899	3.322276958328302	0.9184314293761423	-0.03896688299082861	0.6053239071382327	0.1804971308570594	0.5235987815414201	-0.1129800255892328	-0.04461751622914452	0.5016146159835015	0.1573992060660519	0.05049006897813563	-0.5399544691166854	0.3685747968858467	0.3685747968858523	0.4252136359985916	0.4252136359985558	0.0613406261406791	-0.06375156324745376	2.403485195498544	0.2216419671065001	-0.2567879733531013	2.093732485744247	0.5196091013017676	-0.3364939728693151	0.2412077381475539	0.9268394523090511	-0.14196125894501	0.5364381221033269	1.050432201772145	1.927370583545313	0.5235987263227542	-0.7394670168279982	0.2536655949754882	3.000728219566713	2.46576993601311	2.795393437368205	-0.3799530108633495	-0.4607753284919324	-6.063086346572409	-4.530557917163753	1.798329199696997	-1.378791018666354	1.809889903008924	-2.694908827680096	-1.171551089216615	-3.135381762960432	-2.354827538890457	-6.632467154464303	-6.63246715446445	0.7805833941484002	0.7805833941485106	-1.488674274409034	0.7942609152043238	4.546743601899022	-2.128969876099292	0.8186989416750191	-1.163946345202232	-5.7981229125925	0.3973265801740512	-3.402216784853937	-3.323143667825874	-6.178756073532829	2.033817855895015	1.536285258210175	-0.09098747341433532	-5.456176104704696	-1.707192105102275	0.0100277324303372	0.01002677252658078	0.0876314378851609	0.1251752771896439	0.01007712226540442	0.01002003049122317	0.1634656667983639	0.01000041953115981	0.1984554278454925	0.1574142318073024	0.1229131656935748	0.0158510014336808	0.01000000969948927	0.01000000266829919	0.2021741435638944	0.2313373792237467	0.1533501852542135	0.1830355021474437	0.162945722735515	0.1587372151862069	0.07328546318036806	0.08078093097501644	0.08928606806153382	0.01000114148335643	0.01000685634227908	0.06299911150254263	0.06070281583941847	0.08511741447548095	0.01001095949809204	0.0100215462615062	0.01000155544145016	0.2067272356794097	0.09851846682748316	0.01000000109169097	0.01091373755913166	0.3454747408493951	0.01000005747352127	0.1602998543096054	0.2838532923429387	0.1930060279117011	0.2961098438316996	0.4099332092883972	0.1422697217109807	0.01000063671104471	0.2365931094105426	0.2535883453670575	0.02161958626622192	0.1004445533363739	0.03982569205807378	0.0100001270048011	0.0104531222926907	0.01110833004711096	0.01035172741910353	0.01051144525625714	0.05087568772708265	0.03782456955933589	0.1114462552760879	0.01006346244126827	0.01003757314029997	0.0875294265630322	0.05525664974981764	0.1209038308128292	0.1242242939581029	0.2223384689668552	0.2241414324272596	0.1212807160204839	0.1480330815825566	0.1671871138981367	0.2576543736540074	0.2208412343208365	0.1028839089625802	0.01000012505106847	0.07107079158821933	0.01047400800236493	0.1280764935322757	0.276319148337465	0.01012544641907357	0.01000004134055586	0.01000000667003538	0.01000002691762454	0.1335948148005555	-0.1444295226119493	0.07432105030321727	-0.09723660347920293	-0.02256959558711131	0.04582193536864305	0.005019358120244686	0.00302787594963367	-0.09755956724071697	-0.02658835786187596	-0.05401900634797925	0.07669186950742289	0.0001076901053886517	0.01000001280799444	0.01000000414235543	0.09287039807628422	0.1412489683338474	0.0100000930401411	0.0100000315850767	0.1527888987628596	0.01000043938786591	0.2444031447737862	0.1921090804684044	0.1495037535739216	0.02310400244563151	0.01000001564422532	0.01000000674079498	0.2094244592801416	0.2380995714270594	0.1616986379893073	0.238683325185678	0.208407875990892	0.1951192340776829	0.08659536023649277	0.09530538030425334	0.1202227085121712	0.0100001133180805	0.0100000212724761	0.08586914483912411	0.04042005212976951	0.09881640295643	0.01000001194452524	0.01000002762332319	0.01000010119304688	0.1958693757900096	0.1032952902082993	0.01000000516557376	0.01000011584699236	0.4097231214142878	0.01000010150747704	0.2059494023471927	0.3658013809905491	0.2446796949250568	0.3146944807165599	0.4228347035650029	0.1648709738203593	0.0100007866661234	0.2605199970990368	0.2704820862195713	0.03615385067205378	0.1080286826412425	0.01000074749100577	0.01000013823666266	0.01000018801171998	0.01000017608181171	0.009999999363048052	0.009999994841766261	0.1042577687081382	0.07348809162724043	0.1776804575815616	0.01000001782724613	0.01000010699908621	0.09934175427623836	0.01000039844579641	0.09982079364059739	0.0994327008226009	0.2349854319897374	0.2042910331261859	0.09523964115926647	0.1026959883746402	0.1266416427558701	0.2548806259519893	0.1684239242593145	0.1045554357892836	0.01000014441738734	0.1158224176481054	0.009999992018578471	0.09903774092628913	0.2639910025638915	0.01000000279176643	0.01000003119643683	0.01000000338215127	0.01000001961232329	-4.520952255936969	-1.18768408069356	-3.93885531802488e-12	-5.645128913071006e-11
0.6371302513568434	-0.1869313876479272	-0.1081487300831181	0.5235987841528496	3.340284503149178	0.9158555552224127	-0.04128471459109567	0.5764143106606032	0.1607694897982359	0.5073202270433033	-0.1166636289673384	-0.03619366278423831	0.4763698656599214	0.1540669488403976	0.03398653570034168	-0.5507913820449399	0.3463739644070787	0.3463739644070779	0.4308437500068876	0.4308437500068127	0.05142947107962337	-0.05916254664637124	2.434404698791742	0.2069857706844185	-0.2503699345978422	2.08508986216341	0.4871434124126774	-0.3343654091042303	0.2187197440869096	0.9028073094493116	-0.1512577386340427	0.5527069008728671	1.059228867401079	1.928177487813108	0.4709930691779482	-0.7522134233267762	-0.4773458908743568	1.648546611002567	0.8693688734612882	2.796273805680352	-0.4112186266435985	-0.2617652294824784	-3.030716557842339	-1.683903039343652	-5.428642657275851	0.2121400228757931	0.8472112531836111	-5.102393174813424	0.09777029394264349	-1.975373376928842	-0.9782553286571001	-0.8300912851170026	-0.8300912851265246	1.014748762623762	1.014748762647574	-1.558039878750636	0.6190055560446177	5.067308935787954	-2.405344166112037	1.199350300638729	-1.513338091489695	-4.112256447844349	0.2823788444337159	-3.561457839188594	-4.190352418507777	1.509101441261259	2.9056413896433	1.190780134397272	0.3262727027277679	-9.285754674806137	-2.171005677150908	0.0100141669492059	0.01001367059397736	0.0924575228554661	0.1343590336154113	0.01003943808577029	0.01001024818796798	0.1597300823301045	0.01000047558993296	0.2077606470731762	0.1648175362341981	0.1268537717951821	0.0176494709407795	0.01000001974105718	0.010000008984448	0.2066901685453726	0.2353746976933987	0.1581048794723791	0.2077255937775316	0.1829723978366479	0.1752681569783306	0.08225660255774345	0.08910197609832171	0.1038740342102474	0.01000066929556384	0.01000351453059065	0.06824805934556813	0.04779028765732019	0.09325428129638726	0.01000560296571919	0.01001101443734163	0.01000085776660466	0.2027650101597468	0.1006747707585306	0.01000000484910129	0.01046706908939807	0.3569276520438386	0.0100001030735938	0.1817686575383232	0.316769831082004	0.2162808695775882	0.3030444043802663	0.4136241264299591	0.1532359604826816	0.01000076629546257	0.2468587615247075	0.2604427547401251	0.04310053399646416	0.1046584389043918	0.02584045032018025	0.01000016250380771	0.01023155348503824	0.01056672560548064	0.01017962135481167	0.01026124280003559	0.07149728750424626	0.05571019711438521	0.1413844358860223	0.01003240591045138	0.01001923614705297	0.08739312464983699	0.03448241621535001	0.1052059342989686	0.1088955332926797	0.2272426399585701	0.2148373518584863	0.1077623729744034	0.1251051630683931	0.1468766346919952	0.2568780244209215	0.1899125187153361	0.1046116279474948	0.0100001819085677	0.09328972368719977	0.01024210514930335	0.1062527941990787	0.270904644497122	0.010064045306837	0.0100000400967108	0.01000000626973028	0.01000002604521586	0.1287506680827211	-0.1443379546350735	0.09032458375660456	-0.09089857445660345	-0.02144022443527194	0.04544505098448233	0.02834837065780658	0.002545800569629166	-0.08986352037324732	-0.0400612339098462	-0.05383350983134894	0.08661908774696056	-0.0007953019138595526	0.01000003099411154	0.0100000143453526	0.1040613675494478	0.1534389417887368	0.01000018035206789	0.01000006322793253	0.1548586346270225	0.01000061413059501	0.2045542890412545	0.1623137131045877	0.1175773396073547	0.01655249167461469	0.01000004253646146	0.01000002304075554	0.2186135835650183	0.246412448029413	0.1687084680908766	0.2572726809403266	0.2204041446508434	0.2066536822931461	0.1000110287757677	0.1040689160973547	0.1263776405254633	0.01000023088729248	0.01000003801948242	0.0650875138579438	0.02521138078234888	0.1085526847914178	0.01000002341107037	0.01000003836309112	0.01000015507714226	0.1962442853845334	0.1038807205966647	0.01000001181377253	0.01000015589319545	0.3537545365084897	0.01000019217250065	0.2243936319181002	0.3930566787101149	0.2648905082581796	0.3180259896710121	0.4205630493003771	0.1742082867690496	0.01000099848935469	0.2693617781180341	0.2751891074655745	0.0939865910499816	0.112520335470179	0.0100019009575082	0.01000025136971969	0.01000029105214791	0.01000027673039593	0.01000000445602034	0.009999997473920852	0.08985438593662648	0.07938641274682857	0.1904126798561695	0.01000002347318546	0.01000012398949937	0.07666519209449424	0.01000031024114538	0.06859985780264732	0.07645448386141003	0.2365000933320032	0.1938008962573949	0.08293530177672935	0.08083525519470286	0.1055292521146744	0.2559664855357242	0.1101087404827005	0.1090967712684924	0.01000032307713648	0.1274886052169849	0.00999999289657187	0.0545226837848836	0.2578782538228951	0.01000000883460393	0.01000004523408701	0.01000000794273023	0.01000002980960396	-9.80944212740645	-1.023405294267588	-3.884970208365862e-12	-1.988747701167464e-11
0.6435659104614581	-0.1918641152663687	-0.1016278240956861	0.5235987606363999	3.358210637361239	0.913258578284208	-0.04236486957607527	0.5649037449082621	0.1577453385260726	0.4721122930683078	-0.1105314263416114	-0.03320780970231942	0.4365575357508141	0.1581656933011123	0.02529638670471717	-0.5520994233603146	0.3506407933195183	0.3506407933195077	0.4388626258050938	0.4388626258049762	0.0417159919962338	-0.05594960963186319	2.468775657708162	0.1909442037057848	-0.2410479551200396	2.07436414388791	0.4689820494964653	-0.3326249354466543	0.195687385383755	0.8723240653921196	-0.1454558261562721	0.5723397943437827	1.065673375736121	1.931370957298133	0.4247533697210489	-0.7663426136330966	-1.02503696455051	0.3942615110372628	-0.8978449802556332	2.770093585881207	-0.3865110911469383	-0.07614444806041726	-0.6560160111946597	0.6603602139009034	-4.084325304856026	1.671652101336984	0.11993079503705	-7.222053392995151	1.137770017477316	-0.707228210931182	0.6064454020836013	1.592847754975	1.592847754975009	1.522935264773693	1.522935264773588	-1.427242813998249	0.3666187555080344	5.619347221218822	-2.559499380600731	1.721152184085929	-1.811306516976497	-1.352789268391735	0.2767204083174623	-3.57138815961055	-5.327942582536299	-1.486651687536975	3.079278677559844	0.8053089103173645	0.6506817725432951	-3.477837109521249	-2.136917731521838	0.01000738965298783	0.0100071212226607	0.09999554865085333	0.1446531337103061	0.01002062717727736	0.0100053703164923	0.1582820795976959	0.01000059096266033	0.1984242679658313	0.1574195799115786	0.1157988435411281	0.01531867260151533	0.01000003820397651	0.01000002029014334	0.212932380351339	0.2409495679026067	0.1637238520337576	0.2295091643762172	0.1994779086885513	0.1895546994461993	0.09304652525614432	0.09751102089938653	0.114588350195187	0.01000049184737715	0.01000185118380828	0.06163598806965245	0.03349633723488736	0.1019817375277442	0.01000292910350043	0.01000575114458626	0.01000053569394387	0.2004241520303118	0.102150870753094	0.01000001005122309	0.01024314057716588	0.3459892653407384	0.01000017119547763	0.201558259183199	0.3469436293740321	0.2378695685618657	0.3087071038018128	0.4154145706953077	0.163406238739774	0.01000093697975572	0.2565129226224951	0.266491943863106	0.08031727370006023	0.1089648563640642	0.01835389002699142	0.01000023680148183	0.01012064321012119	0.01029509747763441	0.01009345490002959	0.01013592437091787	0.0758042897522879	0.0676179912065045	0.1633058844329726	0.0100168707348927	0.01001007098964939	0.07729163395340752	0.0230164258140828	0.08236600772494279	0.08991535975906967	0.2308792238185156	0.2049966272127841	0.09450063216035955	0.1018928232160553	0.1256954835302277	0.2567660937193482	0.1469956471461487	0.1075328648906593	0.01000029963840043	0.1102732301799108	0.0101259624985675	0.07371548849070962	0.2652168139046228	0.01003332376742655	0.01000004649000147	0.01000000834869464	0.01000003070503566	0.1239065213648868	-0.1442463866581976	0.1063281172099919	-0.08456054543400396	-0.02031085328343258	0.04506816660032161	0.05167738319536849	0.002063725189624669	-0.08216747350577765	-0.05353410995781642	-0.05364801331471863	0.09654630598649823	-0.001698293933107796	0.01000004918022953	0.01000002454835086	0.1152523370226114	0.1656289152436262	0.01000026766399495	0.01000009487078932	0.1569283704911853	0.0100007888733242	0.1647054333087227	0.132518345740771	0.08565092564078766	0.01000098090359793	0.01000006942869767	0.01000003934071619	0.227802707849895	0.2547253246317664	0.1757182981924459	0.2758620366949752	0.2324004133107948	0.2181881305086092	0.1134266973150427	0.112832451890456	0.1325325725387554	0.01000034845650849	0.01000005476649112	0.04430588287676343	0.01000270943492836	0.1182889666264055	0.01000003487761739	0.01000004910286029	0.01000020896124274	0.1966191949790571	0.1044661509850301	0.01000001846197135	0.01000019593939859	0.2977859516026916	0.01000028283752425	0.2428378614890077	0.4203119764296808	0.2851013215913024	0.3213574986254644	0.4182913950357513	0.1835455997177398	0.01000121031258598	0.2782035591370315	0.2798961287115777	0.1518193314279093	0.1170119882991156	0.01000305442400801	0.01000036450277676	0.0100003940925759	0.01000037737898017	0.01000000954899312	0.01000000010607625	0.07545100316511472	0.08528473386641668	0.2031449021307774	0.01000002911912523	0.01000014097991327	0.05398862991275011	0.01000022203649438	0.03737892196469727	0.05347626690021917	0.238014754674269	0.1833107593886039	0.07063096239419221	0.05897452201476546	0.08441686147347875	0.2570523451194591	0.05179355670608663	0.1136381067477012	0.01000050173688576	0.1391547927858644	0.009999993774566509	0.0100076266434781	0.2517655050818987	0.01000001487744202	0.01000005927173717	0.01000001250330903	0.01000004000688461	-12.93814375835367	-0.8658267341064235	-3.831085098706842e-12	1.667633510736141e-11
