inDegrees=no
num_controls=93
num_derivatives=0
num_input_controls=0
num_iterations=40
num_multipliers=2
num_parameters=0
num_slacks=2
num_states=150
objective=3.394344
objective_effort=0.516279
objective_met=2.875505
objective_power_lumbar_bend=0.002408
objective_power_lumbar_ext=0.000129
objective_power_lumbar_rot=0.000023
solver_duration=3577.644223
status=Maximum_Iterations_Exceeded
success=false
DataType=double
version=3
OpenSimVersion=4.6-2026-06-22-85aaf64
endheader
time	/jointset/ground_pelvis/pelvis_tilt/value	/jointset/ground_pelvis/pelvis_list/value	/jointset/ground_pelvis/pelvis_rotation/value	/jointset/ground_pelvis/pelvis_tx/value	/jointset/ground_pelvis/pelvis_ty/value	/jointset/ground_pelvis/pelvis_tz/value	/jointset/hip_r/hip_flexion_r/value	/jointset/hip_r/hip_adduction_r/value	/jointset/hip_r/hip_rotation_r/value	/jointset/hip_l/hip_flexion_l/value	/jointset/hip_l/hip_adduction_l/value	/jointset/hip_l/hip_rotation_l/value	/jointset/back/lumbar_extension/value	/jointset/back/lumbar_bending/value	/jointset/back/lumbar_rotation/value	/jointset/walker_knee_r/knee_angle_r/value	/jointset/patellofemoral_r/knee_angle_r_beta/value	/jointset/walker_knee_l/knee_angle_l/value	/jointset/patellofemoral_l/knee_angle_l_beta/value	/jointset/acromial_r/arm_flex_r/value	/jointset/acromial_r/arm_add_r/value	/jointset/acromial_r/arm_rot_r/value	/jointset/acromial_l/arm_flex_l/value	/jointset/acromial_l/arm_add_l/value	/jointset/acromial_l/arm_rot_l/value	/jointset/ankle_r/ankle_angle_r/value	/jointset/ankle_l/ankle_angle_l/value	/jointset/elbow_r/elbow_flex_r/value	/jointset/elbow_l/elbow_flex_l/value	/jointset/subtalar_r/subtalar_angle_r/value	/jointset/subtalar_l/subtalar_angle_l/value	/jointset/radioulnar_r/pro_sup_r/value	/jointset/radioulnar_l/pro_sup_l/value	/jointset/mtp_r/mtp_angle_r/value	/jointset/mtp_l/mtp_angle_l/value	/jointset/ground_pelvis/pelvis_tilt/speed	/jointset/ground_pelvis/pelvis_list/speed	/jointset/ground_pelvis/pelvis_rotation/speed	/jointset/ground_pelvis/pelvis_tx/speed	/jointset/ground_pelvis/pelvis_ty/speed	/jointset/ground_pelvis/pelvis_tz/speed	/jointset/hip_r/hip_flexion_r/speed	/jointset/hip_r/hip_adduction_r/speed	/jointset/hip_r/hip_rotation_r/speed	/jointset/hip_l/hip_flexion_l/speed	/jointset/hip_l/hip_adduction_l/speed	/jointset/hip_l/hip_rotation_l/speed	/jointset/back/lumbar_extension/speed	/jointset/back/lumbar_bending/speed	/jointset/back/lumbar_rotation/speed	/jointset/walker_knee_r/knee_angle_r/speed	/jointset/patellofemoral_r/knee_angle_r_beta/speed	/jointset/walker_knee_l/knee_angle_l/speed	/jointset/patellofemoral_l/knee_angle_l_beta/speed	/jointset/acromial_r/arm_flex_r/speed	/jointset/acromial_r/arm_add_r/speed	/jointset/acromial_r/arm_rot_r/speed	/jointset/acromial_l/arm_flex_l/speed	/jointset/acromial_l/arm_add_l/speed	/jointset/acromial_l/arm_rot_l/speed	/jointset/ankle_r/ankle_angle_r/speed	/jointset/ankle_l/ankle_angle_l/speed	/jointset/elbow_r/elbow_flex_r/speed	/jointset/elbow_l/elbow_flex_l/speed	/jointset/subtalar_r/subtalar_angle_r/speed	/jointset/subtalar_l/subtalar_angle_l/speed	/jointset/radioulnar_r/pro_sup_r/speed	/jointset/radioulnar_l/pro_sup_l/speed	/jointset/mtp_r/mtp_angle_r/speed	/jointset/mtp_l/mtp_angle_l/speed	/forceset/addbrev_r/activation	/forceset/addlong_r/activation	/forceset/addmagDist_r/activation	/forceset/addmagIsch_r/activation	/forceset/addmagMid_r/activation	/forceset/addmagProx_r/activation	/forceset/bflh_r/activation	/forceset/bfsh_r/activation	/forceset/edl_r/activation	/forceset/ehl_r/activation	/forceset/fdl_r/activation	/forceset/fhl_r/activation	/forceset/gaslat_r/activation	/forceset/gasmed_r/activation	/forceset/glmax1_r/activation	/forceset/glmax2_r/activation	/forceset/glmax3_r/activation	/forceset/glmed1_r/activation	/forceset/glmed2_r/activation	/forceset/glmed3_r/activation	/forceset/glmin1_r/activation	/forceset/glmin2_r/activation	/forceset/glmin3_r/activation	/forceset/grac_r/activation	/forceset/iliacus_r/activation	/forceset/perbrev_r/activation	/forceset/perlong_r/activation	/forceset/piri_r/activation	/forceset/psoas_r/activation	/forceset/recfem_r/activation	/forceset/sart_r/activation	/forceset/semimem_r/activation	/forceset/semiten_r/activation	/forceset/soleus_r/activation	/forceset/tfl_r/activation	/forceset/tibant_r/activation	/forceset/tibpost_r/activation	/forceset/vasint_r/activation	/forceset/vaslat_r/activation	/forceset/vasmed_r/activation	/forceset/addbrev_l/activation	/forceset/addlong_l/activation	/forceset/addmagDist_l/activation	/forceset/addmagIsch_l/activation	/forceset/addmagMid_l/activation	/forceset/addmagProx_l/activation	/forceset/bflh_l/activation	/forceset/bfsh_l/activation	/forceset/edl_l/activation	/forceset/ehl_l/activation	/forceset/fdl_l/activation	/forceset/fhl_l/activation	/forceset/gaslat_l/activation	/forceset/gasmed_l/activation	/forceset/glmax1_l/activation	/forceset/glmax2_l/activation	/forceset/glmax3_l/activation	/forceset/glmed1_l/activation	/forceset/glmed2_l/activation	/forceset/glmed3_l/activation	/forceset/glmin1_l/activation	/forceset/glmin2_l/activation	/forceset/glmin3_l/activation	/forceset/grac_l/activation	/forceset/iliacus_l/activation	/forceset/perbrev_l/activation	/forceset/perlong_l/activation	/forceset/piri_l/activation	/forceset/psoas_l/activation	/forceset/recfem_l/activation	/forceset/sart_l/activation	/forceset/semimem_l/activation	/forceset/semiten_l/activation	/forceset/soleus_l/activation	/forceset/tfl_l/activation	/forceset/tibant_l/activation	/forceset/tibpost_l/activation	/forceset/vasint_l/activation	/forceset/vaslat_l/activation	/forceset/vasmed_l/activation	/forceset/lumbar_ext	/forceset/lumbar_bend	/forceset/lumbar_rot	/forceset/shoulder_flex_r	/forceset/shoulder_add_r	/forceset/shoulder_rot_r	/forceset/elbow_flex_r	/forceset/pro_sup_r	/forceset/shoulder_flex_l	/forceset/shoulder_add_l	/forceset/shoulder_rot_l	/forceset/elbow_flex_l	/forceset/pro_sup_l	/forceset/addbrev_r	/forceset/addlong_r	/forceset/addmagDist_r	/forceset/addmagIsch_r	/forceset/addmagMid_r	/forceset/addmagProx_r	/forceset/bflh_r	/forceset/bfsh_r	/forceset/edl_r	/forceset/ehl_r	/forceset/fdl_r	/forceset/fhl_r	/forceset/gaslat_r	/forceset/gasmed_r	/forceset/glmax1_r	/forceset/glmax2_r	/forceset/glmax3_r	/forceset/glmed1_r	/forceset/glmed2_r	/forceset/glmed3_r	/forceset/glmin1_r	/forceset/glmin2_r	/forceset/glmin3_r	/forceset/grac_r	/forceset/iliacus_r	/forceset/perbrev_r	/forceset/perlong_r	/forceset/piri_r	/forceset/psoas_r	/forceset/recfem_r	/forceset/sart_r	/forceset/semimem_r	/forceset/semiten_r	/forceset/soleus_r	/forceset/tfl_r	/forceset/tibant_r	/forceset/tibpost_r	/forceset/vasint_r	/forceset/vaslat_r	/forceset/vasmed_r	/forceset/addbrev_l	/forceset/addlong_l	/forceset/addmagDist_l	/forceset/addmagIsch_l	/forceset/addmagMid_l	/forceset/addmagProx_l	/forceset/bflh_l	/forceset/bfsh_l	/forceset/edl_l	/forceset/ehl_l	/forceset/fdl_l	/forceset/fhl_l	/forceset/gaslat_l	/forceset/gasmed_l	/forceset/glmax1_l	/forceset/glmax2_l	/forceset/glmax3_l	/forceset/glmed1_l	/forceset/glmed2_l	/forceset/glmed3_l	/forceset/glmin1_l	/forceset/glmin2_l	/forceset/glmin3_l	/forceset/grac_l	/forceset/iliacus_l	/forceset/perbrev_l	/forceset/perlong_l	/forceset/piri_l	/forceset/psoas_l	/forceset/recfem_l	/forceset/sart_l	/forceset/semimem_l	/forceset/semiten_l	/forceset/soleus_l	/forceset/tfl_l	/forceset/tibant_l	/forceset/tibpost_l	/forceset/vasint_l	/forceset/vaslat_l	/forceset/vasmed_l	lambda_cid35_p0	lambda_cid36_p0	gamma_cid35_p0	gamma_cid36_p0
0	-0.1252906119307757	0.02092013591674773	0.2230030084857778	1.536765530664916	0.937631661508661	-0.02378211774758113	0.4193220744984349	0.01525873908620598	-0.200460844766697	-0.2209496185911792	0.04534578780320214	0.2688804662812354	-0.08403261585955316	0.001757742174711023	-0.02995147685843851	0.06776847322114729	0.06776847322116827	0.3060576586448848	0.3060576586448863	-0.7110193954829545	0.2260477751310098	0.238161267647781	0.3859496437246054	-0.3247918375846168	-0.1024447280308949	0.5599221446041354	0.2310024650770355	1.032663988341517	0.8869180216316086	0.04022323991860947	0.2094663906711925	1.392309335677632	1.600011013459754	-0.1517672868866349	-0.3835309491144092	0.3211885496023524	-0.05358216356441039	-0.8164282678854685	3.265017828157033	-0.401409124374564	-0.2113863068338319	-2.137628113698886	0.7668478603892194	2.147586315013179	0.8998540281545543	0.4878386284359378	-0.8736258755051143	0.4117882456314443	0.8161457836661574	0.1760629806375757	2.044601999180124	2.044601999180935	0.5626787946449366	0.5626787946448695	5.983518134370505	-2.051348139180674	-4.035997854304324	-4.255471230964829	1.682476641830998	1.37481247538683	-4.340887144179679	5.852758238823946	-11.44009674814517	-4.363299786177181	-0.6810160817672629	0.1124993183348482	2.199934846269303	0.6308096164429852	-1.935949712859775	0.9444839080672701	0.0113209947849411	0.01004869149120526	0.1140000626033975	0.2497694356294757	0.05792879860635794	0.0110404728077197	0.253314090758938	0.01100725533475527	0.03010051350058821	0.08610969621024532	0.03447713813649213	0.0118179968892106	0.01113724861057484	0.0117057876417555	0.06705240715997317	0.09889553258113232	0.2046224905582166	0.1131901777122644	0.02624436357456947	0.01039477496510957	0.01566193766951414	0.0103037562449649	0.01010755467035919	0.01622444083852006	0.010007126266725	0.01064693029896514	0.01027710210522377	0.01004425985034762	0.0100060680166843	0.01000174934957219	0.01002055830124053	0.3900393339237814	0.1259263609508929	0.01001407618739681	0.01000761180637964	0.2387550376857784	0.03491298397297075	0.01002314603565084	0.01000941482841248	0.01001350808786878	0.2259483717902876	0.7107754702401369	0.01010669255544321	0.01003347947423055	0.01165692262329259	0.06102789571340142	0.01001563409727129	0.01132675179901804	0.1404724728095837	0.0116830141860936	0.01785974472986332	0.01003835088450119	0.01001286647439066	0.01001372990129544	0.01004989408154539	0.01001370887806177	0.01001198592071169	0.01108317455108888	0.01075825226163025	0.01073100563447543	0.1513291553226979	0.1514962695820614	0.2484436851318209	0.02681661234865676	0.3488386811811001	0.04331539765546035	0.01189481383512529	0.1069961084939009	0.1047220190680487	0.1873159043796906	0.01314472167233319	0.01001414566747905	0.0100302498149857	0.01000767366889967	0.3565870019659409	0.4329501883557515	0.01000412256339457	0.01005999778333233	0.01001313288781776	0.01004357954959254	-0.003383076223601151	0.01620722609788931	-0.01093350353213119	0.1895844431483433	-0.1099293950860415	-0.167527223162488	-0.09958478025449025	-0.05548654462037758	-0.2044721122520398	-0.01467317069030332	0.06324071357542822	-0.07911837791540741	0.003672593099730683	0.0100746483450368	0.01006417115025692	0.1542171708301367	0.323493188498709	0.01106024499927961	0.01042663700525477	0.01009299102496217	0.01002251211919755	0.1695386441296765	0.3904941365244891	0.01007812500562145	0.01003996769601864	0.01001012544640401	0.01000565695777404	0.1402884220822437	0.1939430792943326	0.3497233367383004	0.1172937075819924	0.05069072835718166	0.01041507381260883	0.01064234314709091	0.01005461996358285	0.01002627932379471	0.01003063054555409	0.01000931075609694	0.01001801512143445	0.01000824729730843	0.01000479612541181	0.01000895970625853	0.01000122072764483	0.01002734728460978	0.01002216577793105	0.01003654104816813	0.01000670930374425	0.01000690532675242	0.09999611323937581	0.07684096666636846	0.01001036451716504	0.01000355867211745	0.01000855046688702	0.1941958844762779	0.4504276932627901	0.01009713114991227	0.0100251328357497	0.01170763320052995	0.06183175999711674	0.01001291146262796	0.01089615567568863	0.138625093697196	0.01303432410595054	0.06627894265024847	0.01002087866339782	0.01000071100777853	0.01000033323405042	0.01011004665225411	0.01001981785640817	0.01001064229866693	0.0111101407818876	0.01057247081523463	0.01065334687016157	0.02579423273445278	0.1142530149434595	0.2099230298688088	0.01579695501238957	0.1718729728611006	0.01001063205789726	0.01000347970397107	0.2717243852370331	0.06015863132317032	0.2035857573902684	0.01300977961405631	0.01001181361945265	0.01003098732293583	0.01000015127679493	0.2090362524508238	0.4009624974616787	0.01000495735402314	0.0100488859725577	0.01001290416439166	0.01003278973987322	-0.8206507068506853	-1.375833832272346	-4.521735850311991e-11	8.447461995040737e-11
0.004464838534311134	-0.1238196221025344	0.01987193931867911	0.2187037743141848	1.551290532052848	0.9358377782785678	-0.02468000886864723	0.4102949432747204	0.01938018646060512	-0.1896735538102425	-0.216412159610265	0.04674673466018345	0.2635782206818084	-0.08219871210305343	0.006325891759069069	-0.02861105544791063	0.07939314742440626	0.07939314742442417	0.3086360650737542	0.3086360650738399	-0.6838895776161085	0.2161843202435735	0.2204493605555983	0.3665958531306263	-0.3168544122218914	-0.09635411577373619	0.5414428949506626	0.2570470879907186	0.9814943687067514	0.8679825470695	0.03637580577219653	0.2120264903396535	1.400140865906694	1.602775251380035	-0.1624344953339074	-0.3802555461189365	0.3413571765503767	-0.4346404252680376	-1.12899365108053	3.238944174889971	-0.3976780809289957	-0.1873530858336046	-1.894357925776841	1.133371846658352	2.667814191099115	1.141668505583944	0.1211581520445814	-1.514568367681631	0.4003014125897927	1.248520018378955	0.4411792175629848	3.07026196963096	3.070261969539632	0.6053525410257014	0.6053525412076527	6.182105175130355	-2.37144518457801	-3.90141295156291	-4.410176583053743	1.881673280499429	1.336758484857967	-3.756652400399992	5.807726192513122	-11.48093520300737	-4.121829490699069	-1.098591648432552	1.026690216596333	1.464869817636502	0.6186514576588118	-2.617228579857727	0.5369452845005237	0.0108528438726567	0.01004861808028232	0.1217462610118633	0.2653326107529699	0.0417608123441974	0.01077355836377402	0.1882834180760279	0.01064104804473917	0.06450434500260487	0.158874860328734	0.02581126481643375	0.01117077815128478	0.01071934995378122	0.01107648284798126	0.1105107002812079	0.1469606569860491	0.2462694191483531	0.1338662451525243	0.05511603810687331	0.01072720054865189	0.01395978649690827	0.01020738397349427	0.010075731819797	0.01394824418252133	0.01000776769400408	0.0104129143992736	0.01017697898202448	0.01002937794239355	0.01000693536978412	0.01000151066406044	0.01002177386457663	0.2996702852598948	0.08992029290555263	0.01001149151307728	0.01000704350291923	0.204094291724785	0.05400776340393251	0.01001806976096537	0.01000714055793259	0.01001177872669193	0.225184800515509	0.6864177414839506	0.01009846404687029	0.01002855714679429	0.01200824628734142	0.06962005033012246	0.01001376162795298	0.01112037993594721	0.1391507628011091	0.01250615872476468	0.03527403155900669	0.01003141276297537	0.01000833476160958	0.01000874708968319	0.01006671970891298	0.01001507481177456	0.01001074596601124	0.01098518465701014	0.01063498246170607	0.01064000130778338	0.112431169127665	0.1323572756085116	0.2269284223325366	0.02378167094212561	0.3015778462722408	0.03162316580786358	0.01119504012296327	0.1446407685242524	0.0890035121329868	0.1848336891250078	0.01302346433277635	0.0100126607392385	0.0100294991724097	0.01000487652193479	0.3122068508665592	0.425184193095246	0.01000450836507102	0.01005197609309148	0.01001200576731548	0.01003691699520923	-0.000951795017508799	0.01720985719532356	-0.004867187290176722	0.1858210983028831	-0.1173628009091025	-0.1646726713859508	-0.08651611336591832	-0.0317548207023198	-0.20585037907175	-0.007061810145337459	0.05907308125455472	-0.06572847086581025	0.001825043019148341	0.01004073079567242	0.01003468284205191	0.1252785989866968	0.2962078496137969	0.01054109278967664	0.01022566919477546	0.01005701363418462	0.01001540033792528	0.0898400037436195	0.2476698337428204	0.01019883044790742	0.01009356036370781	0.01000785265750724	0.01000437794553372	0.25659285229372	0.3107081749295142	0.3657673294430815	0.2375820424133206	0.1603321522248474	0.01206486203610488	0.0113697461043893	0.01003457727674236	0.01001788869761734	0.01002008416258652	0.01000845113868141	0.01001349817180102	0.01000621541580799	0.01000359168892018	0.01000791500230289	0.01000100525721239	0.01002073684452259	0.01001487069416891	0.01002425235070317	0.01000746561252399	0.01000535366489875	0.1183099893100062	0.1012996956453676	0.0100086747778569	0.01000304562408182	0.01000911133666327	0.2492832839387072	0.7231751184141822	0.01007338371026267	0.0100158792567991	0.0134009715700399	0.1087959144968006	0.01000854036152817	0.01065725351077408	0.1337122788724372	0.01468363292994001	0.06603985122065839	0.01001856148303108	0.01000060424193526	0.01000027475642965	0.01008216756406634	0.01001524645180265	0.01000688361101355	0.0105615801094369	0.01029600359122884	0.0103372202247232	0.01792465488805255	0.0623865078072393	0.1278422857807813	0.02065489518987475	0.1385957074060689	0.01000731791942317	0.01000248493486445	0.1891970252722782	0.05069732337784082	0.1554898373038533	0.0126447706783235	0.01000867327265628	0.01002579201778902	0.01000012244873297	0.1395960105951403	0.3969787186990384	0.01000533919705637	0.01002913622096635	0.01000761859990809	0.01001932850561179	-0.9624386467039565	-1.331871214515704	3.246679692585492e-11	2.29580694568256e-10
0.008929677068622268	-0.1222100440061835	0.01687205315885394	0.2127464087203979	1.565666531236825	0.9341204669091732	-0.02542416985230129	0.4025102629840663	0.02586194300616234	-0.1767873192388496	-0.2106745855867454	0.04626204663199614	0.2552390393378385	-0.08054196745537616	0.01307082116785328	-0.02586180440837447	0.09436030784798398	0.09436030784800085	0.3115797785597086	0.3115797785597874	-0.6556993747677029	0.2048312396027025	0.2032920209712393	0.3466019181111722	-0.3079120953227689	-0.09065690068971653	0.5279850411838666	0.2828094532247548	0.9301440096014997	0.8500838451411064	0.02991158933858483	0.2185665999594596	1.406789551747482	1.605635703300935	-0.1731278684509028	-0.3786091283165188	0.3832683909691483	-0.9278308126732248	-1.559179131077602	3.198273108263791	-0.367109177753938	-0.14252373493896	-1.581079011653385	1.824135468113565	3.087796539451832	1.437438992166878	-0.3568212304160524	-2.234004698928256	0.3324308113143241	1.791222393255096	0.8071404401566793	3.541850385115623	3.541850385115711	0.7263161136839277	0.7263161136839571	6.458511724721504	-2.718617831658591	-3.787582375410758	-4.542220504053973	2.132612291110141	1.198592366397173	-2.091580046507411	5.72632245734695	-11.52105800673041	-3.898883151362998	-1.853189406212603	1.895323056363837	1.670086177430502	0.6739081481072446	-1.947669672757581	0.2147888772281434	0.01054707104989248	0.01003750154598844	0.1180441517436564	0.269540085377205	0.03070114067820783	0.01053121091638598	0.1370926140038479	0.01040926088313411	0.05801978834074276	0.1612077551536631	0.02021831608226387	0.01078535231285795	0.01045697051350932	0.0106817710793553	0.173128176744441	0.2117125252237497	0.2794843935456049	0.1831136335171049	0.1089989175196948	0.01155276154641671	0.01315767097518785	0.010139646680035	0.01005270777974115	0.01250708134427499	0.0100078449532816	0.01026489652295955	0.01011365381241332	0.01001963039910675	0.01000708426297303	0.01000128061355612	0.01002005075046002	0.2256140185168224	0.06380385179128159	0.01001016097412775	0.01000610569248257	0.182949104990679	0.0742726483977679	0.01001426495011423	0.01000552743433194	0.010010909483548	0.2394189131775495	0.7232629878155892	0.01008440842118758	0.01002200794820182	0.01286054524866194	0.09068869897362543	0.01001095061011244	0.01090172651719811	0.1367429087844107	0.0136359138689428	0.04589904783767345	0.01002620859987981	0.01000546429802048	0.01000561304236918	0.01006675983465456	0.01001421092837187	0.01000855998203631	0.01071832118240391	0.0104542121772079	0.01046452941294791	0.08121752076201288	0.1024292789985683	0.1880893651790854	0.02361184885117591	0.2559191838947217	0.02391410915069058	0.01075614448773811	0.1443915000219652	0.07494153981659098	0.1692564156846974	0.01281120152090817	0.01001055396492033	0.01002707933837413	0.01000311871686001	0.2597026354854872	0.4182528235013301	0.01000489249542562	0.01003955066716766	0.01000931690772978	0.01002770202903777	0.001479486188581125	0.01821248829276096	0.001199128951778573	0.1820577534574231	-0.1247962067321642	-0.161818119609413	-0.07344744647734662	-0.008023096784263928	-0.2072286458914612	0.0005495503996289673	0.05490544893368106	-0.05233856381621288	-2.250706143314935e-05	0.01000681324631307	0.0100051945338446	0.09634002714325743	0.2689225107288851	0.01002194058007222	0.01002470138429639	0.01002103624340704	0.01000828855665688	0.01014136335756132	0.104845530961153	0.01031953589018887	0.01014715303138705	0.01000557986861772	0.01000309893330526	0.3728972825051958	0.4274732705646953	0.3818113221478628	0.3578703772446481	0.2699735760925127	0.01371465025959325	0.01209714906168575	0.01001453458990248	0.01000949807144097	0.01000953777961882	0.01000759152126718	0.01000898122217533	0.01000418353432389	0.01000238725245658	0.01000687029834862	0.01000078978679467	0.01001412640443458	0.01000757561040747	0.01001196365323865	0.01000822192130605	0.01000380200304601	0.136623865380635	0.1257584246243662	0.01000698503856061	0.01000253257611638	0.01000967220645353	0.3043706834011357	0.9959225435655732	0.01004963627061108	0.01000662567784806	0.01509430993954678	0.155760068996484	0.01000416926042909	0.01041835134585663	0.1287994640476792	0.01633294175392826	0.06580075979106899	0.01001624430267192	0.01000049747627645	0.01000021627911654	0.0100542884758784	0.01001067504719899	0.01000312492336031	0.01001301943698547	0.01001953636722404	0.0100210935792862	0.01005507704165673	0.01052000067102176	0.04576154169275413	0.02551283536736042	0.1053184419510363	0.01000400378096074	0.01000149016579153	0.1066696653075238	0.04123601543251042	0.1073939172174398	0.01227976174258928	0.01000553292586288	0.01002059671264082	0.01000009362118522	0.07015576873945648	0.3929949399363986	0.01000572104007745	0.01000938646938031	0.01000233303543917	0.01000586727135771	-1.004541204763425	-1.244892392404566	1.101509523548298e-10	3.746867691861046e-10
0.0133945156029334	-0.120358595533151	0.01167171875146014	0.2048467760715101	1.579822113055805	0.9326041073193496	-0.02595292969844688	0.3962375974502164	0.0355468066243073	-0.1620639231450982	-0.2034830490302715	0.04370383135432204	0.2441462441080528	-0.07939262164329465	0.02222959955288291	-0.02152204281412552	0.111355765486405	0.1113557654864377	0.3154317065070779	0.3154317065072271	-0.6260852549603165	0.1918850402119112	0.1867046291469097	0.3261080190335007	-0.2978116047310539	-0.08568831894582987	0.5196024573703968	0.3080498529759436	0.8785911642823242	0.8331131355500664	0.01821826402772512	0.228221872097207	1.41551782236636	1.608793991372691	-0.1833805801515592	-0.3784308391000915	0.4532642438666024	-1.371468081420014	-1.954137299674509	3.142032492985483	-0.309928624173158	-0.09639700264721095	-1.25631653687768	2.472759427708067	3.470083707904169	1.776310974480675	-0.7583292972114519	-2.676568067584749	0.164125444867899	2.278396535465055	1.10721534721368	4.038252688456336	4.038252688682337	1.017763509075809	1.017763509846442	6.806563051883941	-3.075485189300931	-3.631097364040914	-4.632312448111526	2.381954084778631	1.034763820594707	-1.671144005664832	5.573729596612863	-11.56262611580845	-3.701823227741031	-3.205827064669008	2.366914621569688	2.194680510285946	0.7349086220173752	-2.48730051273185	-0.1362909788222633	0.01034660173994716	0.01002535959581907	0.1044856019969777	0.2645883960578178	0.02328942301421195	0.01034220320469438	0.09819976630121489	0.01026056990713176	0.04159208276041211	0.1373762519422128	0.02181998017777103	0.01384174487822382	0.0102896092462945	0.01043022635198913	0.2300282267559173	0.2683903007728285	0.2984536803454102	0.245174948008614	0.1743598727850006	0.0226966750108727	0.01318462725263655	0.01009319639429479	0.0100368518222241	0.01158416245476777	0.01000764448764845	0.01017026837603542	0.01007316092492284	0.01001332484399739	0.01000695460576933	0.0100011096987073	0.01001783902123526	0.166273451336775	0.04552008511311247	0.0100093490578521	0.01000525358821408	0.1712946201701208	0.1075764964518698	0.01001098985704333	0.02061957240230316	0.01001033556544058	0.2585626392809847	0.7662800739758441	0.01006787247767529	0.01001620672655592	0.01361965813275927	0.1148323686820167	0.01000845133494638	0.01071713406575803	0.132396677690449	0.01437830235090651	0.04911973195484103	0.01002396267368642	0.01000366252690192	0.01000362674149321	0.01005993283353062	0.01001256597765656	0.01000650154132265	0.01045625387196207	0.0102922780489814	0.01029944866202298	0.05765773470278963	0.07289515307514723	0.1452866022657671	0.02689599608725125	0.2124611640145967	0.01887291703983471	0.01047648531118113	0.1358676561733045	0.06200709784820626	0.1438315434901009	0.01254553986178373	0.01000869349813232	0.01002609220779429	0.01000200181195402	0.2054319584103649	0.4117819363534518	0.01000543727251553	0.01002761250069998	0.01000655982876674	0.01001915451278971	0.001505864061776831	0.01592682569622616	0.004262338375630975	0.1809837651968188	-0.1314916513974423	-0.155104942595582	-0.06184460817572961	-0.0162824471136607	-0.2043846779471721	0.009222837084443734	0.0548220749723754	-0.04524475120025778	1.277393165966171e-05	0.01000598777171422	0.01000443019686354	0.05457488581174268	0.2332345077440595	0.01001714146580511	0.01001859088496023	0.01001901627214408	0.01000831609608065	0.01009921418029586	0.05766723667477143	0.03721056771748449	0.02691381402568691	0.01000565892788122	0.01000314617196977	0.3797202519639547	0.4185345839506887	0.3284117079255216	0.4550576855614031	0.3775696010307609	0.06694680629984912	0.01423127964504142	0.01001440956111087	0.01001042732713697	0.01000914711343026	0.01000705425960037	0.01001049144606258	0.01000480673160633	0.0100028627634721	0.01000661763462678	0.01000084698747047	0.01001406294265183	0.01000732098407819	0.01001125961694651	0.01000775509543145	0.0100038181320267	0.146619013055375	0.2244823363356935	0.01000391977541384	0.06436195869982639	0.01000907910240518	0.319115814677408	0.8740159729066255	0.01003120977961657	0.01000615901964705	0.01476471079620968	0.1771598851736005	0.01000425953168757	0.01039035286072139	0.116397293718728	0.01505047224492953	0.04569637238730444	0.01002359968333668	0.01000070709032813	0.01000029928197623	0.01004313886352604	0.01000898955108548	0.01000291697116687	0.01000977325504049	0.01001574866719953	0.01001781559843501	0.01004332469654258	0.01031138669776877	0.03192570785563483	0.03912053009832213	0.0792566800962133	0.01000421699558452	0.01000161070732015	0.1239421990792757	0.0313825670653983	0.0587021586387633	0.01192515532783547	0.01000554950240323	0.01002779327579642	0.01000012241600955	0.04039516819264165	0.3874578153080345	0.01000692205294161	0.01000562891890238	0.01000149686060888	0.01000362746903665	-1.45334700655446	-1.152674716327325	-2.72135177932762e-10	5.810433412659691e-11
0.01785935413724454	-0.1180983691091743	0.004894626163266962	0.1955223433460156	1.593718421248588	0.9313726137988726	-0.02630340946539427	0.3910453987954768	0.04757331660366527	-0.1461344252414224	-0.1948810987839695	0.03976533673696152	0.2318595036098139	-0.07923967449659826	0.03312143380477337	-0.01623919733338721	0.1301266414150837	0.1301266414151127	0.3208344326292754	0.3208344326294351	-0.5949226067963763	0.1774134791176979	0.1709706452314631	0.3052868466474604	-0.2867303555990607	-0.08134796984020477	0.5129926879687997	0.3325252752331852	0.8269750288208882	0.8170387399085119	0.002882510374117813	0.2391417023103145	1.425985376388732	1.612145326317959	-0.193930664866233	-0.3798383587085243	0.5663782583352426	-1.634130962176144	-2.197410486923104	3.082132902048622	-0.2395049744975312	-0.06266415528670082	-1.09708977550715	2.873063078290056	3.628063316512024	2.069226077302711	-0.975109774197113	-2.768825920703135	-0.1139005624898478	2.567535247891372	1.229589650803729	4.337139394334025	4.337139394335184	1.420987778696996	1.420987778697785	7.152166534963296	-3.401895255948672	-3.405302990612275	-4.688820792500702	2.571937728157357	0.9171790105628128	-1.297457461214229	5.383654951928732	-11.54940847802565	-3.497384211194475	-3.484795151826288	2.461774829036553	2.4491886426353	0.7603824419042075	-2.080876364823945	-0.4955654528538647	0.01022097274094082	0.01001749037959431	0.0814749115036871	0.2515637273085879	0.01849465322147777	0.01022176247204527	0.06971663631208166	0.01016765005081851	0.03052330065553315	0.1054404590736906	0.0325649095197047	0.02193312353340545	0.01018502885352048	0.01027295003810865	0.2702481333043149	0.305211482975634	0.2988419834647913	0.312513329044833	0.2463219138967478	0.04854081063170942	0.01399675708463668	0.01006413665556911	0.010027300391749	0.0110050354193819	0.01000731761563813	0.0101117088935365	0.01004810044747859	0.01000956560769576	0.01000677886361041	0.01000102456218367	0.01001643423188182	0.1201787714249505	0.03312270885875657	0.0100086667552456	0.01000472770691223	0.1657414985220691	0.1590930576855318	0.01000814717007607	0.04660053774278695	0.01000976647895884	0.276207246092266	0.7752183373929603	0.01005062651371661	0.01001240892692392	0.01397224569191191	0.1372827685972086	0.01000692469694021	0.01059119100584086	0.1255589940616533	0.01436628378198541	0.04416403034047697	0.01002532260553709	0.01000261600710394	0.01000241739004941	0.01005148346675989	0.01001090594610579	0.0100051381471848	0.01029116397303459	0.01018964427084232	0.01019503874313255	0.04133452094644023	0.05188883632739164	0.1088302743539798	0.03387265826119083	0.1717148185133803	0.01564819959230025	0.0103016336121887	0.1350545586245657	0.04983599985104895	0.1102860712731809	0.01224650138984835	0.01000753819009009	0.01002817802054918	0.01000131506487163	0.1546589246730759	0.4055016919017633	0.010006228501305	0.01001874727650492	0.01000452415634063	0.01001297663329754	0.001532241934975179	0.01364116309968887	0.007325547799484233	0.1799097769362139	-0.1381870960627202	-0.148391765581752	-0.05024176987411302	-0.02454179744305537	-0.2015407100028829	0.01789612376925879	0.05473870101107023	-0.03815093858430287	4.80549247519873e-05	0.01000516229712327	0.01000366585988488	0.01280974448022772	0.1975465047592331	0.01001234235153893	0.01001248038562413	0.01001699630088078	0.01000834363550865	0.0100570650030283	0.01048894238839123	0.06410159954478672	0.04368047502000025	0.01000573798714955	0.01000319341064299	0.3865432214227134	0.4095958973366816	0.2750120937031795	0.5522449938781577	0.4851656259690059	0.1201789623400946	0.01636541022839652	0.01001428453232113	0.01001135658283346	0.01000875644724259	0.01000651699793272	0.01001200166995408	0.01000542992889805	0.01000333827450371	0.01000636497090446	0.01000090418815485	0.01001399948086919	0.01000706635774805	0.01001055558065425	0.01000728826955196	0.01000383426100815	0.1566141607301174	0.3232062480470208	0.01000085451231061	0.1187213848235945	0.01000848599836841	0.3338609459536802	0.7521094022476781	0.01001278328861903	0.01000569236144662	0.01443511165287557	0.1985597013507173	0.01000434980294543	0.01036235437558486	0.1039951233897763	0.01376800273593084	0.02559198498354094	0.01003095506400446	0.01000091670447377	0.01000038228500973	0.01003198925117083	0.01000730405497244	0.01000270901897424	0.01000652707310123	0.01001196096717879	0.01001453761758833	0.01003157235142748	0.01010277272451402	0.01808987401851568	0.05272822482928391	0.0531949182413901	0.01000443021021042	0.01000173124886246	0.1412147328510278	0.02152911869828605	0.01001040006007889	0.01157054891308088	0.01000556607894332	0.01003498983895136	0.01000015121116301	0.01063456764582795	0.3819206906796707	0.0100081230658079	0.01000187136840703	0.01000066068574454	0.01000138766668555	-2.404521821338037	-1.041273466439944	-6.671982606013693e-10	-2.713027817572817e-10
0.02232419267155567	-0.1152032309113255	-0.002602312025119103	0.1855286655720678	1.607354354796678	0.9304705328883723	-0.02654175974402614	0.386007523164354	0.06073902368216522	-0.1302158905891451	-0.1851801250400629	0.03529406827389106	0.2199065617529029	-0.08055965789781648	0.04481084041311313	-0.01085804814878372	0.1498418601275705	0.1498418601276408	0.3281754701430022	0.3281754701430609	-0.5623212318026805	0.1616037975513328	0.1563304397067239	0.2842733683006525	-0.2749541977752702	-0.07738795773535403	0.5069819702817588	0.3561372964134919	0.7756474056507991	0.8019196763398302	-0.01082065687494265	0.2497944595866522	1.436296780629137	1.615582548423425	-0.2022889889754005	-0.3828021824768396	0.7349329397149469	-1.705618295090398	-2.246346627227866	3.02826683555192	-0.1648713647550401	-0.04723676479432974	-1.225896552654726	2.997321669878722	3.478003631315711	2.263773733857123	-1.01312016261702	-2.549592671389484	-0.4784758279168619	2.647981751017275	1.150423893054679	4.377403701692337	4.37740370031896	1.865220397509599	1.865220396901593	7.433993173346812	-3.670398114955876	-3.152403155886334	-4.722859253547319	2.696660134225608	0.8660834320736289	-1.446572368576981	5.196267989246312	-11.417603881585	-3.276470774215514	-2.589077312381546	2.293113063021299	1.958384538825485	0.7938607619335076	-1.694754338108567	-0.8119738275114851	0.01014097925280561	0.01001243835180525	0.05851687804695465	0.2243806576444875	0.01539196695985608	0.01014431531880189	0.0496077524222748	0.01010909272277143	0.0231846213130136	0.08425607774643912	0.03871132597559396	0.02658425439663701	0.01011860099326264	0.01017291540718808	0.2825717020644598	0.3107003506964902	0.2755066552015501	0.3740708629582817	0.317109739578358	0.1051701127005611	0.01839950517078278	0.01004575176979175	0.01002164536575539	0.01063612892083105	0.01000675312952658	0.01007490777348084	0.01003250437922527	0.01000739839899825	0.01000645536173124	0.01000097314374734	0.01001548832776539	0.08568206782694711	0.02487352139423862	0.01000784800502447	0.01000437504242225	0.1705178023970463	0.1902409204196647	0.04469020407844015	0.1040854954671483	0.02341538397121759	0.2912216392749888	0.7603166416350857	0.01003676601248825	0.01000995016871263	0.01460297701209156	0.1579439804787492	0.0100065105642602	0.01053214791156177	0.1168336831970136	0.01386826927647504	0.03859120370328031	0.01002729590036202	0.01000204483735224	0.01000169192713699	0.01004238010775303	0.01000908812249187	0.01000421583394454	0.01018555709943805	0.01012397896322959	0.01012873373516947	0.03030974041722698	0.03741624623005407	0.08023298470683446	0.04670870539177682	0.1349568917296216	0.01357424837675034	0.01019048857320101	0.1466537434050708	0.03950495649928192	0.0784539321430424	0.01197518779070351	0.01000791717711509	0.01003527022541275	0.01000089031251572	0.1115305771260734	0.3974218433344894	0.01000655863692575	0.01001243134794594	0.01000306793442412	0.01000863408691833	-0.003016373335092138	0.01510002669825988	0.006629022961936409	0.1805294014710933	-0.1407961589962531	-0.1505801468822252	-0.03316822805595374	-0.06167662405397114	-0.1929157576672625	0.02398974903825184	0.05571334276557022	-0.03336267798202601	0.00279357821965208	0.01000548588731671	0.01000406673871032	0.01141359311884506	0.1038246482974573	0.01001098783459214	0.01001344450965206	0.01001467387664289	0.0100111003873504	0.0100433900468881	0.06327501946224419	0.03717024684573644	0.02686125921305332	0.01000616748772352	0.01000330894002994	0.2540781633495757	0.2497043724155354	0.1425258385968611	0.5749749481607828	0.5536033468953402	0.3106810759780399	0.034520427852314	0.01001486815431549	0.01001268624207819	0.01000960438972288	0.01000516261892029	0.01001297607506597	0.01000663241890268	0.01000406566102804	0.01000550473005813	0.01000086943266499	0.0100137857474442	0.01000725095498499	0.01001035309551223	0.01000573123672289	0.01000372748248022	0.2055529217294833	0.2144665965798606	0.1922192606577098	0.3124277051889721	0.07884921836401085	0.3362958067757428	0.6548985744296212	0.01001370797998349	0.0100058643981409	0.01679202629305864	0.2145740484402922	0.01000709571622267	0.01049326463865036	0.09081610513578774	0.0123462751346515	0.03048200293404598	0.01003035174087634	0.01000121742294498	0.01000053286201961	0.01002250981013473	0.01000486532731972	0.01000260383448609	0.01000638126478979	0.01001324516260424	0.0100178784951	0.01002738847581334	0.01008579791763388	0.01935361447172024	0.08634479017627258	0.03872332835167962	0.01000551576707843	0.01000218155122918	0.2033566235486857	0.01869864261973134	0.01000690102695887	0.01146074121338394	0.01001119938441852	0.01005814081615902	0.01000018740401477	0.01036125101137231	0.3602393318775219	0.01000622769935646	0.01000160706380174	0.01000054770133573	0.01000118021083322	-4.986069657010503	-0.9385297152325043	-6.694124964312678e-10	-1.777197853927475e-10
0.0267890312058668	-0.1114959217175016	-0.01017112634225413	0.1757565879133781	1.620780028717604	0.929897739038713	-0.02675319684654778	0.3795065245510493	0.07409624554827457	-0.1152962339043606	-0.1747779342136255	0.03084932139810709	0.2094124716863238	-0.08352210114381775	0.05658231096250826	-0.006238128243855485	0.1681726203520869	0.168172620352141	0.3374708730354337	0.3374708730354171	-0.5286952499526648	0.144723439708475	0.1428233263296948	0.2631238907824016	-0.2627078045077291	-0.07353021420317059	0.4996148337048426	0.378953481662562	0.7252420021089521	0.787768826119011	-0.01966216350177085	0.2594670492813226	1.441585706978939	1.619364247903912	-0.209346141115149	-0.3869096325667168	0.9301858781537878	-1.666327491628618	-2.098145921329968	2.987948253876024	-0.09200263088202572	-0.05060855017523439	-1.752487756875784	2.958851089090859	3.180621361278771	2.383332339869647	-0.9632295998312437	-2.115341256275913	-0.8496315310283538	2.604295363924425	0.8886011962839956	3.716978805199092	3.716978805199311	2.296435044614613	2.296435044614598	7.611133583237242	-3.881498814238848	-2.8977406743956	-4.749740837140072	2.782577161839122	0.8713683947973569	-1.905058076230387	5.027164586303036	-11.13630521647334	-3.063678318267791	-1.307040794922125	2.022714126709311	0.1993971572218797	0.9146891961977337	-1.498023505459489	-1.007846564092057	0.01009112247349413	0.01000943399717902	0.04213951585801694	0.1777191376721504	0.01342471842676218	0.0100962910749967	0.03586966853763005	0.01007354555225607	0.01843494638587812	0.08654544032233615	0.03298317503814362	0.02337131653852433	0.01007726143095975	0.01011045186236331	0.2572320442329523	0.2741937360310869	0.2226924976289777	0.4238209277272161	0.3832304975965818	0.1971027521463105	0.02777895301775739	0.01003448897159269	0.01001861428697684	0.01040563415375415	0.01000589218703284	0.01005228455369714	0.01002321430869916	0.01000631878843996	0.01000593036610242	0.01000092795501412	0.01001481736157306	0.06079551750841073	0.01951823023351886	0.01000675226437142	0.01000411477748059	0.1878645172066529	0.1804881010336274	0.1254322543847389	0.1974605742746154	0.05599191282531112	0.3028574211646142	0.7285446172242677	0.0100284570750069	0.0100084792823185	0.01587385828064827	0.1767050370393164	0.01000728304390434	0.01054433778510753	0.106594040719813	0.01302527149414918	0.03668264036711685	0.01002830000629966	0.01000180102124413	0.01000129536891791	0.01003313530351423	0.01000703714696531	0.01000360037892235	0.01011951404146205	0.01008343738945166	0.01008856419290784	0.02306156894170675	0.02775276280058397	0.06032913770886182	0.06635360751035914	0.1031865939578171	0.01226637891853631	0.01012120468429512	0.1728451771765872	0.03165589649936761	0.05570508805041319	0.01176413220843443	0.01001026912588144	0.01004839140208275	0.01000063861817548	0.07941422504141751	0.3861087214653184	0.01000605388450226	0.0100083880787216	0.01000211611774334	0.0100058445889544	-0.007564988605157774	0.01655889029683091	0.005932498124388754	0.1811490260059728	-0.1434052219297862	-0.152768528182697	-0.01609468623779419	-0.09881145066488903	-0.1842908053316421	0.0300833743072445	0.05668798452006962	-0.02857441737974873	0.005539101514552902	0.01000580947751922	0.01000446761753578	0.01001744175746064	0.01010279183568068	0.01000963331764597	0.01001440863368138	0.01001235145240521	0.01001385713919678	0.0100297150907477	0.1160610965361	0.01023889414668786	0.01004204340610634	0.01000659698830585	0.01000342446943389	0.1216131052764389	0.08981284749439057	0.01003958349054138	0.5977049024434071	0.6220410678216913	0.5011831896159942	0.05267544547623041	0.01001545177631124	0.01001401590132384	0.0100104523322049	0.01000380823990628	0.01001395048018382	0.01000783490891812	0.01000479304756377	0.01000464448921116	0.01000083467717142	0.01001357201401862	0.01000743555222177	0.0100101506103705	0.01000417420389907	0.01000362070395264	0.254491682728848	0.1057269451127006	0.3744376668030613	0.5061340255542824	0.1476899507296451	0.3387306675978053	0.5576877466115638	0.01001463267134713	0.01000603643483584	0.01914894093323153	0.2305883955298671	0.01000984162950108	0.0106241749017143	0.07763708688179957	0.01092454753337102	0.03537202088454981	0.01002974841774602	0.01000151814146165	0.01000068343917381	0.01001303036910079	0.01000242659966125	0.0100024986499989	0.01000623545648435	0.01001452935803283	0.01002121937261534	0.01002320460019987	0.01006882311075478	0.02061735492492449	0.1199613555232616	0.02425173846196882	0.01000660132395047	0.01000263185361069	0.2654985142463436	0.01586816654117631	0.01000340199383203	0.0113509335136857	0.01001683268989388	0.01008129179336665	0.01000022359721926	0.01008793437691477	0.3385579730753724	0.01000433233289976	0.01000134275917702	0.01000043471688442	0.01000097275494775	-9.175784166629926	-0.8614561552080126	-6.491782267275258e-10	-5.996592547116111e-11
0.03125386974017794	-0.1069366811760455	-0.0175449124402344	0.1668490028746557	1.634055690067363	0.9296261133461766	-0.02701528105497617	0.3699430401699997	0.0872372004802463	-0.1017224076012791	-0.1639187994434608	0.02665027116595287	0.2009675737710315	-0.08804127741697272	0.06814587286742481	-0.002832927287274932	0.1822552469455458	0.1822552469454985	0.3486023334607302	0.3486023334605801	-0.4968705245039783	0.1262468144615909	0.1298794965071099	0.2419055588020673	-0.2500282709964151	-0.06947806287759606	0.4884086999492633	0.4011724298250994	0.6835203555280643	0.7745285077290078	-0.02387289160999634	0.2678850791762039	1.439817785701037	1.623765728782826	-0.2187539978772518	-0.391435508675721	1.086763955203185	-1.632625653609594	-1.903869992611979	2.95938336018652	-0.03316890566893126	-0.06675408706663029	-2.504076960339658	2.919739354064598	2.928810459028175	2.503910696201611	-0.9066457256335932	-1.688939656998509	-1.145585515325818	2.566632767708234	0.6554148870821985	2.600058392475319	2.600058391168531	2.687398843149974	2.687398843017196	6.510828620597962	-4.426811091053968	-2.946523441773739	-4.754894339097572	2.89941762137854	0.9525312069308923	-2.973962347298633	4.925381696794008	-7.157971079675667	-2.868685530044927	-0.5551571079536746	1.74649518191259	-0.7556142770489455	1.039086492655878	-2.522830209438288	-1.006473530428026	0.01005968255549772	0.01000793719969627	0.0308403018351767	0.1289802909894306	0.01216479085811492	0.01006640707273461	0.02668177689831206	0.01005751044587372	0.01535877214655301	0.08773676439858304	0.02484420825948327	0.0185331005189551	0.01005204227400271	0.01007112832882497	0.2136824667894994	0.2207087532258261	0.1639766478526453	0.4653678917974018	0.4306191339068657	0.2697676977777109	0.04955458936140519	0.01002876104065512	0.01001774042233427	0.01025955769340243	0.01000512791778946	0.01003749710731684	0.01001730678652769	0.01000594143809349	0.01000531401343486	0.0100009108698509	0.01001368447611337	0.04345220621990493	0.01604657033464974	0.01000618380503209	0.0100040350069854	0.225708851605843	0.152042351018412	0.1916222732575831	0.2679808294719994	0.08533141050704744	0.3130664778968119	0.6911140120905204	0.0100238711785539	0.01000752426948336	0.02632903204886958	0.1949317830460293	0.01000799658933981	0.01058882287078942	0.09589997284377917	0.01218685931279233	0.03566717438837744	0.01002890946889914	0.01000179877859685	0.01000112966796565	0.0100247025659532	0.01000523879679762	0.01000315411428519	0.01007748361327117	0.01005783399991339	0.01006381032003706	0.01832946019839339	0.02138417270602203	0.0458860178694745	0.09093312987614567	0.07867765408132513	0.01143320118564434	0.01007790493410405	0.1997227547570934	0.02833416778433684	0.03997409296524532	0.01159054178015431	0.01001568559806124	0.01006834916964591	0.01000049690829038	0.05639809554027188	0.3701289516364965	0.01000535262568395	0.01000574655890028	0.01000148271403315	0.01000401668127125	-0.008444535235116679	0.01599368011751573	0.006657491140116756	0.1830875233815722	-0.143837557496806	-0.1558488193614294	-0.007016616699731946	-0.0768703608203811	-0.1765476087890328	0.03501568786744774	0.05957525062662818	-0.02384380411294555	0.001955826116035673	0.01000689789655742	0.01000622518559187	0.0100132628426166	0.01005998034328659	0.01000943180744804	0.0100169333667755	0.0100101711589026	0.010044856706539	0.01002073450521109	0.06672795868723506	0.01013510605566407	0.01002590341301263	0.01001167068265872	0.01000538086746109	0.06583096991515534	0.04991403742778248	0.01002381998631864	0.6138865408716849	0.5521555910511827	0.4293653897960476	0.1227221970812431	0.01002222879238999	0.01001823435668065	0.01001283616592331	0.01000385512605366	0.01001109689269544	0.01000681855934982	0.01000574657383895	0.01000393951868121	0.01000092328114811	0.01001017074218277	0.0100068744371315	0.0100091353537394	0.010006142308163	0.01000414599322881	0.3891173232224022	0.0593565551259581	0.324208770572998	0.4094115608009119	0.1402190541843929	0.3485171499656828	0.5347691873341486	0.01001739122235631	0.01000579148997129	0.06719617998559652	0.2509853509478955	0.01000864420047735	0.01069979078754985	0.06823184976629251	0.01060309662312293	0.03241068425654842	0.01003011828359604	0.01000203825407862	0.01000099436324877	0.01000810458133139	0.01000198480546606	0.01000230943827027	0.01000622997522377	0.01001435598403654	0.01002241645011048	0.01002286609254349	0.0100653236477624	0.01566856414295175	0.1603078955983328	0.02843831599049678	0.01001748607001596	0.01000614432022388	0.2700042785491104	0.02802760686540626	0.01000259053080324	0.01124516473509429	0.01003194837752604	0.01012060124504788	0.01000028595752312	0.01006193770057988	0.2993084815763878	0.01000401134510785	0.01000120796099616	0.01000038733557246	0.01000087295991758	-11.76149456186886	-0.7961807290423368	3.169914684386546e-10	-5.921492236989279e-11
0.03571870827448907	-0.1020177253159944	-0.0247133893919765	0.1586492733252369	1.647211471980775	0.9295703124786497	-0.027348962468341	0.3573901177229835	0.1000986714928145	-0.08888295545531515	-0.1522138535705944	0.02285208505511239	0.1941393781098051	-0.09349174405385764	0.07942198135148169	-0.0002187252309364467	0.1914688961020762	0.1914688961020606	0.3614466598878812	0.361446659887674	-0.471749990232217	0.1049094220755969	0.1160997536923022	0.2206642265996905	-0.2367966968880227	-0.06494618884104356	0.4743147725547473	0.4229327823125489	0.6648482386603246	0.7621395658316774	-0.0244054529302259	0.2750483930144118	1.436943161951565	1.628483617004022	-0.2301476943789195	-0.3957808419479821	1.091318365911634	-1.574360420975247	-1.781065884095778	2.934248923268612	0.004674918160647688	-0.0826801336872898	-3.09159023279777	2.833657807278859	2.851662418090891	2.762208801410189	-0.7836647401129819	-1.391148266485421	-1.266797894026484	2.47553221671096	0.534277555616105	1.535946870577039	1.535946870576806	3.06370398509591	3.063703985095753	4.608027828878618	-5.16296377416056	-3.272183303714536	-4.760043672853918	3.029860700042211	1.086257569211704	-3.198629421113639	4.821739152267968	-0.8113945168891218	-2.6823088708765	0.340574100593271	1.460670917022429	-0.296344166624207	1.05642213323602	-2.387569806942624	-0.9269733819873968	0.01004045260028955	0.01000766237372101	0.02340320888602932	0.0921614715045167	0.01137303393302545	0.01004868842610775	0.02069106534947368	0.01005913295279328	0.01340563801011329	0.07222388855577125	0.01952402892543238	0.01543499783858302	0.01003819452865018	0.01004729863118352	0.1644017866029072	0.1677508639852144	0.1184317085535659	0.5003145190590712	0.44978259220039	0.300215459867481	0.08665750118875644	0.0100277280837087	0.01001877730130655	0.01016915502963315	0.01000466826522288	0.0100271890651434	0.0100132352183049	0.01000606270427591	0.01000466453326642	0.01000093345342261	0.01001170005700933	0.03173849478476214	0.01384165814945714	0.01000656773811074	0.01000418234957572	0.2875107131021301	0.1169766244298982	0.2202521843913635	0.290478521677116	0.1014428522483283	0.3230836283261724	0.6563911319958732	0.01002204153548712	0.01000683561998787	0.04985970458194871	0.2133720539913656	0.01000799250749522	0.01064498292263903	0.08544025801100535	0.01154036331109184	0.03395402555785179	0.01002942820982304	0.01000199272216991	0.01000114296176945	0.01001758627853437	0.01000394986676832	0.01000280427656037	0.01005122657914852	0.01004177633458057	0.01004879700639464	0.01530654788378349	0.01728359432199659	0.03442569398330596	0.1195467034414363	0.06281603321163597	0.01091481084139161	0.01005217519468612	0.2196020754788647	0.03058016892669876	0.02942116188549832	0.01144227371674788	0.01002474393859888	0.01009557042603313	0.01000043182223704	0.04048031600203916	0.3483841158686011	0.01000479257609341	0.01000404637922085	0.0100010693747706	0.01000283774685537	-0.009324081865090957	0.01542846993819915	0.007382484155841701	0.1850260207571719	-0.1442698930638252	-0.158929110540163	0.002061452838329929	-0.0549292709758715	-0.1688044122464224	0.03994800142765097	0.06246251673318762	-0.01911319084614291	-0.001627449282482799	0.01000798631560733	0.0100079827536502	0.01000908392777457	0.01001716885089291	0.01000923029725113	0.01001945809987184	0.01000799086540042	0.01007585627388476	0.01001175391967706	0.0173948208383695	0.01003131796463696	0.01000976341991695	0.01001674437702045	0.01000733726550479	0.0100488345538678	0.01001522736116934	0.0100080564820999	0.6300681792999618	0.4822701142806394	0.3575475899761032	0.192768948686254	0.01002900580846998	0.01002245281203806	0.01001521999964502	0.01000390201220465	0.01000824330521078	0.01000580220978681	0.01000670010011731	0.01000323454815386	0.01000101188512107	0.01000676947034741	0.01000631332204143	0.01000812009710994	0.01000811041242728	0.01000467128250687	0.5237429637159577	0.01298616513921559	0.2739798743429409	0.3126890960475477	0.1327481576391857	0.3583036323335604	0.5118506280567334	0.0100201497733649	0.010005546545107	0.1152434190379642	0.2713823063659238	0.01000744677145351	0.01077540667338445	0.05882661265078561	0.01028164571287242	0.02944934762854855	0.01003048814945066	0.01000255836669915	0.01000130528735454	0.01000317879355723	0.010001543011269	0.01000212022654169	0.01000622449397495	0.01001418261004346	0.01002361352760644	0.01002252758488806	0.01006182418477038	0.0107197733609811	0.2006544356734046	0.03262489351902518	0.01002837081608371	0.01000965678685049	0.2745100428518773	0.0401870471896365	0.01000177906776627	0.01113939595650181	0.01004706406516134	0.01015991069672801	0.01000034831794358	0.01003594102424591	0.2600589900774043	0.01000369035730918	0.01000107316278668	0.01000033995419835	0.01000077316483975	-12.00702987702381	-0.7605034324741707	1.366626054086815e-09	-6.878770075277013e-11
0.0401835468088002	-0.09756693491126869	-0.03145514800038125	0.1508144004299629	1.660256173671853	0.9296501552219544	-0.02772268370997761	0.3430581494363827	0.1123366966778944	-0.0759791652557575	-0.1388588704357686	0.01982922887008389	0.1882633024623097	-0.09890994950524511	0.08996915188761032	0.001920337275913385	0.1969364217656183	0.1969364217656066	0.3759474258413706	0.3759474258412713	-0.4525078049312172	0.0812302695722962	0.1011313820317732	0.1992795203368219	-0.2230775755156418	-0.05988189162062698	0.4611540781399224	0.4440020675544462	0.6666431566878859	0.7505420134146155	-0.02067961941549161	0.2810871958027229	1.43518347452996	1.63313894116457	-0.2380628281976224	-0.3998885320214475	0.8933406090162757	-1.440792356277905	-1.741357682761547	2.909346984809349	0.02996144354758471	-0.08286145267137042	-3.297011371598232	2.644961990008204	2.950735173656301	3.221999234879194	-0.5693389758370855	-1.268411177140996	-1.148854943802941	2.24052799825846	0.4308241325797603	0.9537763870175319	0.9537763899831638	3.416810082977609	3.416810082890032	4.146691067535757	-5.395839495000297	-3.415962193399169	-4.821559863325566	3.11169266458318	1.179171689017571	-2.620834097293272	4.609539957392429	1.20649371844464	-2.513939631947078	1.311445015662903	1.262104257574385	-0.5492889229697683	1.027866523181528	-1.040303081563453	-0.911096418468902	0.01002866529444159	0.01000793291930612	0.01854452651012894	0.06540223414471227	0.0108682854643111	0.01003816316464424	0.01679818496223905	0.01007351673699486	0.0121528256919286	0.05319008795205399	0.01609088167998214	0.01344479533025582	0.01003447829397039	0.01003417308587406	0.1187867908093568	0.1213288002628546	0.08440071815699032	0.523340287592424	0.4492744932791784	0.3099997220101203	0.1293753886456608	0.01002865345228558	0.01002090474476796	0.0101127039095318	0.01000444660310699	0.01001999522903598	0.01001028086041269	0.01000630493434192	0.01000418175968698	0.01000098587899979	0.01001013886166493	0.02396408153011278	0.01242833895644715	0.0100112087463063	0.01000449333084229	0.3322894064988647	0.08892291723062458	0.2228624985697442	0.284107312243055	0.1042339451462539	0.325588395006665	0.6172566824090447	0.0100205956064468	0.01000626187630401	0.06900551271780028	0.2246082654542055	0.01000760878560545	0.0107033996745271	0.07581796073627342	0.01107107155015347	0.03237696011058921	0.0100301944779602	0.01000244204330739	0.01000135042481914	0.01001215807038402	0.01000303445279336	0.01000251405303798	0.01003472432895898	0.01003163957708787	0.01003880633881983	0.01336391935186493	0.01463953491997496	0.02597221825351489	0.1446845653263037	0.05262225676115229	0.01068373438200515	0.01004429997496195	0.2273416819714538	0.03392128203833777	0.02244752213046457	0.01130299289296872	0.0100332765312253	0.01014632953337191	0.01000041567779813	0.0297439098212548	0.3237121296966277	0.01000440368989983	0.01000293601158204	0.01000079553831069	0.01000206608190541	-0.009525593792504292	0.01316867665145774	0.006018269880347523	0.1876512313736542	-0.1424389297033372	-0.1632013773865744	-0.001536351430876904	-0.04650440701317173	-0.1631734924008113	0.04455596432839164	0.06550766823648047	-0.01548612866219304	-0.00238994184513552	0.01000930450701595	0.01000875237973618	0.01000829200493295	0.01001636963866796	0.01001001809699169	0.0100210863125091	0.01000728563868853	0.01011733259991767	0.01000808305721997	0.013704783996802	0.01019931706327942	0.01003208883577114	0.01003826332388695	0.01001596935849786	0.01005105278773671	0.01001547853148579	0.01000795378287114	0.5817748699183045	0.4151485404841242	0.3225137765412345	0.249299256988927	0.01003128823656891	0.01002632476510704	0.01001854677621634	0.01000422010958485	0.01000741929311366	0.01000481011819182	0.01000673102451633	0.0100034773101689	0.01000112991386009	0.01000813077008436	0.01000576948792398	0.01000767268492022	0.0100287428250821	0.01000532815351491	0.411098397686893	0.0400608381687099	0.1890031937088049	0.2213217367003058	0.08982950878252773	0.3100821032284903	0.4280839231639946	0.01001638008023842	0.01000506474905896	0.0979330827481123	0.2393475669122658	0.01000652800705048	0.01082632111599657	0.05330019943068044	0.0102643432258594	0.02955659741326496	0.01003238615282867	0.01000377111570509	0.01000205127656948	0.01000276838536395	0.01000143100435961	0.01000193664310172	0.01000722066881549	0.01001470668942376	0.01002034842394321	0.01002480209637042	0.01007529014598026	0.01065548258081597	0.2039634323146774	0.03277735782135345	0.01052270718577121	0.01004973283889267	0.2239516041223617	0.03979099732073395	0.01000169721978016	0.01100103452573694	0.01004832473497108	0.01029632406541479	0.01000042354388494	0.01003614137698482	0.2339830668604665	0.01000379632740777	0.01000103848864004	0.01000032418809446	0.01000074577424553	-11.32771987053193	-0.741963085097893	1.888218403811314e-09	-7.90575865618927e-10
0.04464838534311134	-0.09412128206872787	-0.0375365069958093	0.1429848966673379	1.673193618689997	0.9298277788097166	-0.02807223586873638	0.3282285973168989	0.1236875347992761	-0.06233546789906919	-0.123425325293861	0.01777760942448782	0.1825681705590622	-0.1036488232678782	0.0993533831452805	0.003690190176352226	0.2003481331657008	0.2003481331657171	0.3918235024665044	0.3918235024666067	-0.4335133042985412	0.05715622308467603	0.08574682141160754	0.1775874557744975	-0.2090446821010806	-0.05444420347578664	0.451588417567234	0.4640356224606711	0.6719702744831867	0.7396802804361196	-0.01284601548240794	0.2864768718986582	1.431525708996332	1.637652861019797	-0.2383865261403458	-0.403899250421899	0.6410724016660704	-1.278537971394275	-1.778660880304067	2.886203885961116	0.04847530855924951	-0.07185371909291437	-3.31448007865886	2.436247170539728	3.183099870417432	3.693289351797877	-0.348604467051798	-1.310095512221639	-0.962494874192917	1.954599839111542	0.3688922187202128	0.6150561780890453	0.6150561780889173	3.679766853029885	3.679766853029777	4.497078815572915	-5.339854353355884	-3.458612757039399	-4.897723145065055	3.170413105747459	1.253515980251257	-1.58825345388984	4.357789426556765	0.77083510457101	-2.3527025980384	2.180627335986377	1.169898245058947	-1.146577860162877	0.9930808516575916	1.012972835664341	-0.8835354673030598	0.01002179795596312	0.01000839097365588	0.0154388969732694	0.04663601107550139	0.01055256842681553	0.01003220047776216	0.01432101123632775	0.01009807097185576	0.01136425817628342	0.03889006157335231	0.01397336361958114	0.01219816092557978	0.01004023764186685	0.01002921704741427	0.08465972011175174	0.08651316887926458	0.05989017621128936	0.5305261158447618	0.4336048586704168	0.3085017251687662	0.1736686901537926	0.01003008948003954	0.01002368833968059	0.01007868572578089	0.0100044276806611	0.01001519317931438	0.0100080634710843	0.01000646800832976	0.01000397139668038	0.01000106294292272	0.01000967494667471	0.01892775928230051	0.01153944075122188	0.01002185647749658	0.0100049343108123	0.3367727956341808	0.07775265061312103	0.2013608451961267	0.2556796929218074	0.09236060143398302	0.3155341229309931	0.5682032232632205	0.0100182777372819	0.01000572276473188	0.07537520883768102	0.2239728101820592	0.01000702414561194	0.01075950076124094	0.06741075418790227	0.01077073840330765	0.03140066731313975	0.01003138654903819	0.01000317808225035	0.01000176010212358	0.01000861412067449	0.01000242071123118	0.0100022639124543	0.01002479104093778	0.01002550516452766	0.01003134106554556	0.01214007469693093	0.01297199307405969	0.0204514570319164	0.1625310928208916	0.04584763771430583	0.01072461753068866	0.01005442739332506	0.2191845186770169	0.03590701674558625	0.01794659604673935	0.01116401819274405	0.0100390792628339	0.01022922875416079	0.0100004338365345	0.02269583338134994	0.2981887526518376	0.01000420116133938	0.01000222958318719	0.01000061860783892	0.01000157389861375	-0.009727105719912156	0.01090888336472598	0.004654055604850656	0.1902764419901368	-0.1406079663428502	-0.1674736442329853	-0.005134155700083776	-0.03807954305047239	-0.1575425725552009	0.04916392722913343	0.06855281973977244	-0.0118590664782428	-0.003152434407786858	0.01001062269843217	0.01000952200582154	0.01000750008209346	0.01001557042644427	0.01001080589673403	0.01002271452514738	0.01000658041197825	0.01015880892594965	0.01000441219476129	0.01001474715523233	0.01036731616192139	0.01005441425162572	0.01005978227075224	0.01002460145149764	0.01005327102160658	0.01001572970180443	0.01000785108364388	0.5334815605366462	0.3480269666876163	0.287479963106359	0.3058295652915998	0.01003357066466709	0.01003019671817564	0.01002187355279043	0.01000453820696332	0.01000659528101981	0.01000381802660028	0.01000676194891567	0.01000372007218276	0.01000124794260312	0.01000949206982014	0.01000522565380624	0.01000722527273286	0.01004937523772707	0.0100059850245216	0.2984538316578275	0.06713551119820545	0.1040265130746376	0.1299543773530023	0.04691085992577565	0.2618605741234197	0.3443172182712553	0.01001261038710958	0.0100045829530101	0.08062274645825865	0.2073128274586072	0.01000560924264896	0.01087723555860355	0.04777378621057607	0.01024704073884513	0.02966384719797992	0.01003428415620406	0.01000498386471756	0.01000279726579876	0.01000235797717211	0.01000131899744663	0.0100017530596585	0.01000821684366598	0.01001523076880669	0.01001708332028104	0.01002707660785409	0.01008875610719045	0.01059119180065033	0.2072724289559505	0.03292982212368253	0.01101704355546851	0.01008980889095597	0.1733931653928462	0.03939494745183192	0.01000161537178355	0.01086267309497049	0.01004958540478463	0.01043273743410044	0.01000049876986131	0.01003634172972416	0.2079071436435277	0.01000390229750193	0.01000100381446665	0.01000030842193151	0.01000071838360679	-9.883154897548552	-0.7165886354624242	2.345805634029916e-09	-1.598693168240634e-09
0.04911322387742247	-0.09179216858822344	-0.04291559290231963	0.1348011965367695	1.686029268485257	0.9300710782802173	-0.02835774051718837	0.3136370503712991	0.1341714891470659	-0.04745891041421643	-0.1060141870366774	0.01663158009572813	0.1763665776792261	-0.1075715333529537	0.1074955836208556	0.005372015136393665	0.20287329864779	0.2028732986477584	0.4086458303888651	0.4086458303888607	-0.4129732204096964	0.03334780767482898	0.07021946971847083	0.1555871149456858	-0.1947350747977244	-0.04867812948913586	0.4460191024757363	0.4829695866244074	0.6754070186164337	0.7295450187385001	-0.002172002026275396	0.291608546122746	1.426071366190309	1.642049603611232	-0.2305980467640699	-0.4076585160733855	0.4056525634465994	-1.127943361827928	-1.8891127870521	2.863742502306259	0.05947314436688585	-0.05577702591308335	-3.214142149599078	2.257158997875051	3.476428722416459	4.095159428574394	-0.1664332228720902	-1.47267030763366	-0.7977965183906385	1.690068206945839	0.3850033704002948	0.5243263852095661	0.5243263900204755	3.842360320786854	3.842360317348712	4.714792125861749	-5.322757525264389	-3.476689428203677	-4.956385914797341	3.23815978355656	1.326653046339791	-0.9511630369921624	4.123408195305082	0.7398908924289676	-2.18502361509533	2.554138644965165	1.126532523959854	-1.210867918281163	0.9858487241999094	2.401640014727419	-0.7925360749117245	0.01001785186594547	0.01000867973670596	0.01344203908053762	0.03384863968853287	0.01035212344368838	0.01002886512461756	0.01273171813839755	0.01011535424756858	0.010860744284181	0.02868021974652863	0.0149705574253868	0.01156315251999926	0.01004974002813694	0.01002837804262686	0.0600848455952963	0.06138695015795043	0.04283231451467919	0.5245535617828205	0.4123923064248516	0.3079357194808635	0.2047521405694218	0.01138253019604852	0.01002646065621722	0.0100583719589925	0.01000453951151975	0.01001218166609289	0.01000658974121412	0.01000653621675363	0.01000390266399199	0.01000115726225995	0.01001081472944964	0.01566674080084656	0.01097233131331702	0.01003777946875616	0.01000550460340997	0.3091436249007368	0.07472020744922857	0.1718021156896701	0.2193675644754654	0.07613193549076018	0.2965764529202286	0.5146124319119296	0.0100157393018648	0.01000522478595067	0.07098314212380712	0.2143096371961026	0.01000637351711008	0.01716258244375179	0.05978778676128314	0.01059303206362684	0.03113127725280997	0.0100335613548594	0.01000438919531992	0.0100022335370514	0.010006289240133	0.01000200118504169	0.01000205354178805	0.01001866222254587	0.0100209129606805	0.01002497676258035	0.01136061255796818	0.01191673853532896	0.01694321586950155	0.1742997868557581	0.04304411991725967	0.01299383612617091	0.0100702930411415	0.2034280729149723	0.0373454958799149	0.01503811596126442	0.0110625119800786	0.01003862633929257	0.01032396873410902	0.01000047189427627	0.01810267488132992	0.2746500457790031	0.01000422679626376	0.01000177725696388	0.01000050332017215	0.01000125794766925	-0.008644724044307592	0.009646154323304505	0.006396432462405024	0.1903708192740554	-0.1406629553343703	-0.1518109213932248	-0.003101660822695234	-0.01780874547972592	-0.1527826826702796	0.05439864052116777	0.07094520120933623	-0.009706647243657628	-0.002438532913955784	0.01001164123966368	0.01000885732846367	0.01000746796079502	0.01001517474610433	0.01001287352036267	0.01002365066085609	0.01000615389816669	0.0101321524142861	0.01000406255007618	0.01001289536189305	0.02225069477379315	0.01085557063311144	0.01007118194780634	0.01002902413293028	0.01003743660084828	0.0100164034103463	0.01000804581546524	0.4746318082780722	0.3339340717571376	0.3233905695236814	0.2630660879336932	0.01689483390798236	0.01003199749025391	0.01002575758478685	0.01000489661577608	0.01000750529410469	0.01000433472634572	0.01000655531612779	0.01000384409115689	0.01000137783795653	0.01001561620912873	0.01000479746972696	0.01000710288247948	0.01007833103086258	0.01000689852919085	0.1542347702443475	0.06975673869836981	0.08817577258650215	0.107359095437937	0.03800775002564941	0.2183384805534623	0.2943011530908053	0.01001040338225695	0.01000420391422464	0.04538691172903168	0.1708170855589407	0.01000497313997809	0.04336675793767102	0.04192752569386546	0.01033036136577328	0.0315119612143639	0.01003985904011867	0.01000772545884245	0.01000324535382709	0.01000234298819449	0.0100012653388288	0.01000164820194653	0.01000832704692691	0.01001128055281554	0.0100116448475671	0.01003604594603954	0.01013563510204523	0.01103187545824558	0.199754187167373	0.04204975445848323	0.02201683681224181	0.01010366812330418	0.1504289751850362	0.04051499970951904	0.01000174871844082	0.01091383741159339	0.01002751193880214	0.01053048561647203	0.01000056953804481	0.01005792112606032	0.2021605289300317	0.01000459525732097	0.01000101721291187	0.01000030763664441	0.01000072637968325	-8.360206331065916	-0.6958050203954805	5.359916982796588e-10	-5.02772768577531e-10
0.05357806241173361	-0.09046847363382998	-0.04758143731502056	0.1260984965072699	1.698768479696465	0.9303496015934428	-0.02856798911185201	0.2995950450597225	0.1438180231669119	-0.03133087510112443	-0.08695309326900419	0.01627640798590554	0.1693748709744518	-0.1108008816024132	0.1144220537142259	0.007132886050468915	0.2051038530384473	0.2051038530384375	0.426015392704543	0.4260153927045109	-0.3913130335232212	0.009645696047749456	0.05488050343526538	0.1333358834508531	-0.1801409008835737	-0.04262183944110536	0.4426959281046921	0.5008548257216828	0.6783205796967995	0.7201893378789216	0.009545492431901887	0.2965161309388426	1.421479191343821	1.646540403237846	-0.217603187492362	-0.4109060581261296	0.190700700774058	-0.9590453245463715	-2.011144080465335	2.843004746073781	0.06425364162589468	-0.03814317797766041	-3.06831590258655	2.061129308250645	3.743692511418203	4.432377867612286	0.00565572148761949	-1.664022642990874	-0.651907280744884	1.410020040467938	0.4043004809826197	0.4830867870543883	0.4830867870544801	3.924897495323207	3.924897495322491	4.998822884943423	-5.292236122606037	-3.374226615351474	-5.010108196328627	3.29788314047065	1.383516670497722	-0.5821071572132853	3.888018779976456	0.5364780490788608	-2.003493630334172	2.648048823516991	1.069518840727606	-0.7603744339968205	1.035213173563768	3.345142005171833	-0.6543117510746294	0.01001576969385627	0.01000861054072234	0.01218286007600073	0.02537817856833135	0.01022758855621616	0.0100271333872862	0.01173132961760105	0.01011614197429198	0.0105453763747625	0.02199291049030571	0.01998561610235518	0.01146492654967798	0.01005995252743667	0.01002951188326604	0.04298935510392751	0.04387670937749789	0.0313254081924434	0.5069800992562301	0.3925569191031385	0.3164557037904846	0.2143586108356805	0.01478434892077938	0.01002886869415207	0.01004714143153876	0.01000474403515271	0.01001064257890381	0.01000586321294939	0.01000650125424918	0.01000390639090766	0.01000126493679135	0.01001382606722133	0.01359787235008414	0.0106171212688052	0.01005858986394333	0.01000620386524333	0.2508612072320256	0.07355520597124698	0.1451453451121484	0.1853821123789751	0.06192172762747397	0.2710183632916712	0.460550565464465	0.01001332513767891	0.0100047714466593	0.05606060580628933	0.1971018391357163	0.01000572827890411	0.03294731752345936	0.05267235393322822	0.01051316378869503	0.03162339151900901	0.0100370135835125	0.01000617506110156	0.0100026974987814	0.01000483171463122	0.01000171904630145	0.01000188279286497	0.01001487564000206	0.01001656185081778	0.01001896030177064	0.01087530351165676	0.01127176422119198	0.01487639251239092	0.1803745430386298	0.04441574773597846	0.01848679331874083	0.01008541171536339	0.18535332125349	0.03866690179443696	0.01319618030210238	0.01101818730347546	0.01003005380103046	0.01041981866260462	0.01000052223253805	0.01517845464405061	0.2552136963217734	0.01000450281193516	0.01000149980820239	0.01000043102824654	0.01000106363607204	-0.00756234236868179	0.008383425281869644	0.008138809319972271	0.1904651965579732	-0.1407179443258896	-0.1361481985534638	-0.001069165945305944	0.002462052091019724	-0.1480227927853592	0.05963335381320072	0.07333758267889992	-0.007554228009072954	-0.001724631420125271	0.01001265978089817	0.01000819265110659	0.01000743583949925	0.0100147790657658	0.01001494114399368	0.01002458679656499	0.01000572738435611	0.01010549590261997	0.01000371290539292	0.01001104356855278	0.03413407338566676	0.01165672701459704	0.01008258162486401	0.01003344681436858	0.0100216021800894	0.01001707711888752	0.01000824054728794	0.4157820560194986	0.3198411768266655	0.3593011759410292	0.2203026105757754	0.02375609715129834	0.01003379826233145	0.01002964161678361	0.01000525502459015	0.01000841530719332	0.01000485142609843	0.01000634868333747	0.01000396811013171	0.01000150773332602	0.01002174034843737	0.01000436928564647	0.01000698049222814	0.01010728682401107	0.01000781203386116	0.01001570883086528	0.07237796619853457	0.07232503209833128	0.08476381352282833	0.02910464012560645	0.1748163869835051	0.244285087910356	0.0100081963774041	0.01000382487543811	0.01015107699980613	0.1343213436592742	0.01000433703730729	0.07585628031674228	0.03608126517715451	0.0104136819927002	0.03336007523074962	0.01004543392403735	0.01001046705296499	0.01000369344185502	0.01000232799921601	0.01000121168020809	0.01000154334423193	0.01000843725019328	0.01000733033682486	0.01000620637485551	0.01004501528422642	0.01018251409690049	0.01147255911584117	0.1922359453787961	0.05116968679328512	0.03301663006901526	0.01011752735564721	0.127464784977227	0.04163505196720746	0.01000188206508856	0.01096500172821617	0.01000543847281933	0.01062823379884055	0.01000064030621417	0.01007950052239658	0.1964139142165371	0.01000528821714076	0.01000103061133759	0.01000030685131408	0.01000073437572739	-6.999043292796872	-0.6768282008344285	-1.628103669653236e-09	8.906535220675747e-10
0.05804290094604474	-0.09004065040616928	-0.05142111979967053	0.1168385367870588	1.711419046534689	0.9306372764180739	-0.02869693200098234	0.2862624327012882	0.1525139232284243	-0.01415254593084225	-0.06654820883780255	0.01670455959873493	0.1614969336397467	-0.1134436140929858	0.1200268661062231	0.008982149842568713	0.2073490581853269	0.2073490581853563	0.4435821414404339	0.4435821414403978	-0.368427040472541	-0.01390150912457663	0.04013717730879608	0.1108665747295442	-0.165305851064144	-0.03632723093453747	0.439729023130478	0.5176895329089566	0.6804759134439864	0.7116673502391097	0.02077711048271936	0.301077789480315	1.419574005210468	1.651298905013623	-0.2024699423417354	-0.4134128630783291	0.007014207499236723	-0.7576877026443884	-2.133707863841646	2.824205463130808	0.06390933645248031	-0.0197917913013629	-2.907154825396066	1.829689636511948	3.933686559179721	4.69589940338142	0.1849831872054748	-1.864907650766661	-0.5367200090549242	1.098123083645802	0.4213038852651615	0.519369259395186	0.5193692554376208	3.933516986405484	3.93351698864601	5.246056003360044	-5.252291238855237	-3.227219314949629	-5.053008043856127	3.346095095168883	1.435940736623375	-0.7674639837267759	3.653906078999969	0.4450661146585848	-1.814645561257185	2.363047336431288	0.9636173530076735	-0.1438162248156485	1.0895887287377	3.392285141419732	-0.4609275741768669	0.01001473735400831	0.01000841514408079	0.0113788562906668	0.01982372963727922	0.01014994532938721	0.01002625860339093	0.01109285389917057	0.01010819042542667	0.01034456195539636	0.01763628822703674	0.02326120172640618	0.01144374710189876	0.01006184779472969	0.01002866085788021	0.03141540632291381	0.03200065740031939	0.02369443121163427	0.4809931292930065	0.3710780830070092	0.3308044749802379	0.2063221141759916	0.0277367230004575	0.0100318912904829	0.01004112581398021	0.0100049445628072	0.01001043661651433	0.01000594174629366	0.01000653190808365	0.01000392753255639	0.01000137693372323	0.01001866082137047	0.01227251905955201	0.01039095643896826	0.01006697936144657	0.01000697115036933	0.1863091000356867	0.06939925467794764	0.1225367769388076	0.156015493555882	0.0509440937473902	0.2404273500870781	0.406749235736548	0.01001126949240833	0.01000436800039782	0.04025952587959181	0.1740124175163922	0.01000512832311508	0.05210110485647199	0.04539557838996584	0.01050756740108293	0.03121180869569082	0.01004089075664579	0.01029492096794546	0.01005289897322076	0.01000390862508358	0.01000152859834171	0.01000174461689111	0.01001210153109297	0.01001304122553841	0.01001424296316926	0.01057526472139808	0.01093660593485246	0.01422905756681552	0.1816113152633564	0.04846028928531539	0.02677195001930142	0.01009167737205916	0.1698096411928568	0.03975533631609451	0.01201738582071022	0.01099741522661828	0.01002072665948389	0.01046238365125037	0.0100005906988894	0.0133404408425022	0.2394797861744204	0.01000497824696192	0.01000132980865982	0.01000038564719414	0.01000094437174543	-0.005215734082624915	0.006846567551699541	0.008309202957264084	0.1823179112759768	-0.1401278739490284	-0.1337568217232262	0.02583264144128257	-0.005034557916799928	-0.1444418695281924	0.06490703225523672	0.07585991225542875	-0.007552867927781572	-0.003237287944649467	0.01001327705738941	0.0100079881455298	0.0100087250838786	0.01001400109997114	0.01002121821398122	0.01002494267909304	0.01000559373305066	0.0100851932686903	0.01000373395371577	0.0100101318712749	0.02444286051076213	0.01118775144629305	0.01004960858716601	0.01002173212874183	0.01005012139327204	0.01001498332406189	0.01000857172138511	0.363632795829447	0.2834282520633001	0.3889859349941536	0.1524407919470919	0.07407790938408329	0.01003983731744797	0.01003206536959119	0.01000530891332062	0.01001156282882839	0.01000715487873543	0.0100067914518621	0.01000395823603266	0.01000161841857818	0.01003136321931403	0.01000408412771844	0.010007042409993	0.0100581985259234	0.01000867469332239	0.01001200252796594	0.05081336373274774	0.06744146618906746	0.08030766006226778	0.02997515006467931	0.1332911264654872	0.2018356219923409	0.01000742596243392	0.01000356158567484	0.0101070467607665	0.09705125163799939	0.01000391378611277	0.09839760462807236	0.02748358868432357	0.01057263450061622	0.02789783294998262	0.01004924136863709	0.01146724699673684	0.01025644049751131	0.0100023593396758	0.01000120102851289	0.0100014819267065	0.01000648641650917	0.0100068514226955	0.01000628846224887	0.01008361995059475	0.0105287436370797	0.01456464559727151	0.1779026083961777	0.06048566571329386	0.04876570710553503	0.01008879495279603	0.1332567077146985	0.04189009400951485	0.01000232364632945	0.01095946428813759	0.01000447077091934	0.01045200980044751	0.01000076525386078	0.01027034857452584	0.1941258306942706	0.01000622309527994	0.01000105175461631	0.01000031047827587	0.01000074932991738	-5.89302687639166	-0.6595278778786849	-1.740024871706712e-09	9.113384081404749e-10
0.06250773948035587	-0.09035160322563793	-0.05431848783478825	0.1070728246109813	1.723991812303707	0.9309140457486591	-0.02874629207218144	0.2736065167836239	0.1601167200433002	0.003638872871883114	-0.04512719488881452	0.01791798253519861	0.1527213874632398	-0.1156367434208788	0.1242055965174708	0.0108703140467444	0.2097124376267274	0.2097124376267205	0.4610465362072134	0.4610465362072234	-0.3445279587377679	-0.03722597469515187	0.02608700230847899	0.08823101025188114	-0.1502729684740349	-0.02980094171880858	0.4356591076222253	0.5334911530157995	0.6824384150439986	0.7039783350290931	0.03046773894617187	0.3050295347435445	1.41974157319925	1.656209866645462	-0.1876811087458299	-0.4149534990910358	-0.1402299843814001	-0.5369407456727214	-2.237693086933098	2.808154178858181	0.05936858277017865	-0.002494495589941071	-2.765193373848982	1.571479700220805	4.018322599509525	4.887547550745321	0.3574136919098037	-2.066101590821465	-0.4505100065830819	0.7712144548842941	0.4217256818297915	0.5360224061433967	0.5360224061431976	3.879048624506758	3.879048624506458	5.452630413736282	-5.192461159747684	-3.063733434052732	-5.084581544172206	3.386501270069057	1.487296774701846	-1.076194589374795	3.425253041370036	0.4500999925019577	-1.630368168092271	1.957770989191315	0.7963114066744874	0.1681044224307217	1.103506757807655	3.190864776052067	-0.2215216683708066	0.01001432430981523	0.01000821616687153	0.01087524239701508	0.01626181049047869	0.01010379035481274	0.01002584587912153	0.01069280837631528	0.01009560153032999	0.01021902940205687	0.0148579405819708	0.02176966938475273	0.01125486434715591	0.01005065173658061	0.01002373149455759	0.02379963188339736	0.02416449324677153	0.01875455775905924	0.4488028132210816	0.3456860312282659	0.3487318545549248	0.1813767529960738	0.05351145290407813	0.0100360468683103	0.01003827842512893	0.01000508998882123	0.01001149010856846	0.01000685586612312	0.01000671748387048	0.01000393700002951	0.0100014884672212	0.01002529357866147	0.01143935150415033	0.01024957242258011	0.01005379185946788	0.01000777425332299	0.1355581569817744	0.05930413495161937	0.1047292783593064	0.1329624398603418	0.04389485191611431	0.2058546200822462	0.3537798012754271	0.01000969632326541	0.01000401721339486	0.02963960097040087	0.1460551128925614	0.01000459472706072	0.07175481289945999	0.03755204547060451	0.01056370082498997	0.02897758001685589	0.01004474216808739	0.01102143629441485	0.01017914044923492	0.01000334392761938	0.01000140567529508	0.01000163528358634	0.01000963655604844	0.01001066277377776	0.01001132778703583	0.01040206900699018	0.01085659450231591	0.0149714360022235	0.1784013511021031	0.05429869779346419	0.03759716977865256	0.01008480002292799	0.1601715471906718	0.0405469356210798	0.01127713414848815	0.01098242269127598	0.01001453888288046	0.0104228760507675	0.01000068038369047	0.01225328347965596	0.2270985268745573	0.01000562616934363	0.010001231597386	0.01000035867047264	0.01000087551372308	-0.002869125796590308	0.005309709821533963	0.00847959659454472	0.1741706259939811	-0.1395378035721666	-0.1313654448929888	0.05273444882787036	-0.01253116792461785	-0.1408609462710252	0.07018071069727226	0.07838224183195842	-0.007551507846489982	-0.004749944469174388	0.01001389433387955	0.0100077836399509	0.01001001432826014	0.01001322313417751	0.01002749528397044	0.01002529856161997	0.01000546008175055	0.01006489063476074	0.01000375500204608	0.01000922017399927	0.01475164763585835	0.01071877587798871	0.01001663554945692	0.01001001744309707	0.01007864060646667	0.01001288952923677	0.01000890289548382	0.3114835356393968	0.2470153272999341	0.4186706940472903	0.08457897331841033	0.1243997216168687	0.01004587637256522	0.01003448912239791	0.01000536280205068	0.01001471035046467	0.01000945833137507	0.01000723422038816	0.01000394836193291	0.01000172910382784	0.01004098609018836	0.01000379896979523	0.01000710432776358	0.01000911022778854	0.01000953735278411	0.01000829622508296	0.02924876126695976	0.06255790027981833	0.07585150660182098	0.03084566000376357	0.09176586594746948	0.1593861560743261	0.01000665554746593	0.01000329829591328	0.01006301652172369	0.05978115961672491	0.01000349053492336	0.1209389289394026	0.01888591219149294	0.01073158700853188	0.02243559066921403	0.01005304881323263	0.01292402694051716	0.0105091875531619	0.01000239068013647	0.01000119037681966	0.01000142050918534	0.01000453558282497	0.01000637250856699	0.01000637054964337	0.01012222461696367	0.01087497317725895	0.01765673207870166	0.1635692714135598	0.06980164463330178	0.06451478414205654	0.01006006254994997	0.1390486304521699	0.04214513605182171	0.01000276522756254	0.01095392684805093	0.01000350306902561	0.01027578580205207	0.01000089020152368	0.01046119662665525	0.1918377471720019	0.01000715797341805	0.01000107289788753	0.01000031410522068	0.01000076428409482	-5.031515975332402	-0.6411522342184716	-1.454751073912561e-09	6.663314094574661e-10
0.06697257801466701	-0.09123016630713057	-0.05625217102959291	0.09689847728330511	1.736499160017124	0.9311634296102604	-0.02872310788810495	0.2615379112714056	0.1665696160302296	0.02153713727518253	-0.02300020921789536	0.01981759202333229	0.1430351336813378	-0.1175061419295742	0.1269728225064785	0.01272840106955519	0.2122220457506254	0.2122220457506389	0.4781511545069883	0.4781511545069051	-0.3198358315521406	-0.06024269754915829	0.0127048826911719	0.06553614859569618	-0.1350460733095568	-0.0230276461257047	0.4295676142997733	0.5482976325145655	0.6847249440286255	0.6969354101295341	0.03781802338180328	0.3081064780349289	1.420850176128121	1.660989535159318	-0.1749698272928555	-0.415334968225306	-0.2478037870867528	-0.3350608492869839	-2.314467665651187	2.794977861778757	0.05170887663492518	0.01230174620952558	-2.647164460350528	1.323884405204638	3.982533046337653	5.016294007794888	0.4836036622561759	-2.273055347769367	-0.389922525688321	0.4771266119457225	0.4079633136180095	0.5785696116459224	0.5785696088520457	3.778932169864824	3.77893217107921	5.588186328144588	-5.117117086009796	-2.942879025576642	-5.083758585810188	3.434937932202821	1.545861037915495	-1.655877700729852	3.206204303427526	0.6239438266481195	-1.514516971404453	1.317372198685784	0.5765001541269564	0.3228797509560355	1.026200611362196	2.49242123797084	0.05124567196273119	0.01001426202252176	0.01000773828894078	0.01055532404093199	0.01396758503450445	0.01007813475243638	0.0100258606351548	0.01043803470764972	0.01008443081945313	0.01013939909210666	0.01307390305771614	0.01876427312489932	0.01098727436360588	0.01003731586836343	0.0100183445454564	0.01902622042455379	0.01903796005731913	0.0155571791507772	0.4155154962956359	0.3204660228672194	0.3615040663875059	0.1535967545657438	0.08108237395425581	0.01004104736522391	0.0100375281769538	0.01000520463094099	0.01001518673662683	0.01000883546611548	0.01000721801848329	0.01000396345774988	0.01000158762915842	0.01003173800410656	0.01090791232224115	0.01015969784739836	0.01003682109428029	0.01000855877966107	0.09705290906099724	0.04730917412485957	0.09273044944628173	0.1147144093093035	0.03972728930754883	0.1708919678597114	0.3040872258039237	0.01000845398843051	0.01000370605615671	0.02261654506374447	0.1172683707720464	0.01000412286747556	0.0908353474117761	0.03022153132533338	0.01065167263165497	0.02659547394728291	0.01006757696601444	0.01238941682106085	0.01192347696901055	0.0100029965621353	0.01000132457573439	0.01000154401109281	0.0100077955869085	0.0100090977548276	0.01000951576908542	0.01033263709291149	0.01102482944067241	0.01922101329418409	0.1734454973002965	0.06040609293707822	0.04708081901698916	0.01031311673397632	0.1559658348994457	0.04128681622840193	0.0108053357411524	0.0118418741499664	0.01001038511102481	0.01034386858724694	0.01000077664258336	0.01177084233069441	0.2193653476819152	0.01000622900033792	0.01000117577213263	0.01000034293042657	0.01000083649756714	-0.0009076856764125605	0.003780766751460289	0.009484156068311942	0.1579469608497778	-0.1391807416926666	-0.1339888242208576	0.1150020841564241	-0.01513038681442054	-0.1348829932120799	0.07443038866205527	0.0801913694257616	-0.01497373541563204	-0.00816242757327665	0.0100143878668031	0.01000617494671593	0.01001344499472082	0.0100122564600405	0.01004094373778743	0.01002640295547356	0.01000541279791133	0.01006603284519817	0.01000489939396459	0.01001094008496608	0.01239458316510845	0.0103675296721233	0.01001302476965593	0.01000851029954413	0.01111128116205884	0.0100131960433599	0.0100081139196158	0.2931436872688178	0.2368811432739751	0.3862659133015104	0.08421486093380792	0.1459844587063407	0.01005271692199009	0.01003781572176266	0.01000543000219968	0.0100273931172105	0.01001459794964815	0.01000879880135313	0.01000406063483804	0.01000177843587836	0.01004413173627946	0.01000361113431848	0.01000743243849934	0.01000713198434394	0.01001019584954298	0.01000674858460778	0.01963578845944625	0.07056081852344109	0.07047402613128562	0.0329122932497195	0.070323351943347	0.1390081219742599	0.01000608027185962	0.01000307429838554	0.01008592752034342	0.04177499187932756	0.01000317652198704	0.13836660908444	0.01501429358143559	0.01086231587233685	0.02222899225242253	0.01015322836869792	0.01630557121073224	0.01875230721101267	0.01000242340209821	0.0100011844390327	0.01000136214821175	0.01000480005713268	0.01000651088244313	0.01000651188700798	0.0102964742770876	0.01169524653265462	0.03447205063216883	0.1586505529674092	0.07448350681677382	0.06494333149391339	0.01126503716736334	0.151746863626972	0.04312297625281718	0.0100031192421659	0.01537876750706066	0.01000320982100044	0.01015158730738122	0.01000098317607834	0.01137675936077989	0.204322427906733	0.01000733314515796	0.01000108855038336	0.01000031819784746	0.01000077578735109	-4.401050785280736	-0.6225181359950694	-5.93604596147103e-10	3.179888565561118e-10
0.07143741654897814	-0.0925151759874222	-0.05736243496982444	0.08645343901320052	1.748954831052779	0.9313701395409163	-0.02864160207389375	0.2499120058931876	0.1719816657357845	0.03905360666209399	-0.0004031435084256129	0.02214797975152389	0.1324214800080242	-0.1191458211943888	0.1285445609367714	0.01448979771061331	0.2147933873526217	0.2147933873526591	0.4947560007301622	0.4947560007300195	-0.2948048380715461	-0.08291449231982403	-0.0003005861842431503	0.04281414101689484	-0.1195944112562588	-0.01600496414843884	0.4208421027502344	0.5621123769796801	0.6884547791050731	0.6905430747271685	0.04207627888610968	0.3101284847027545	1.422574703974403	1.665272431436437	-0.165519808683765	-0.4144905251030432	-0.3222955122815883	-0.168094617657135	-2.358947547910461	2.785005896131686	0.04025302698593214	0.02363035103188567	-2.566888302286782	1.105238309002837	3.847299521419205	5.098117325148941	0.5503784183377133	-2.481525304964365	-0.3476085124394142	0.2357023776771702	0.3784136967862229	0.5636754902677886	0.5636754902670156	3.65517841159022	3.655178411590141	5.604423623193703	-5.037952582583076	-2.895014817493812	-5.096741423053238	3.487184406842061	1.59900808198677	-2.256088741938237	2.98101081384141	1.096621287244708	-1.338940195341326	0.5727135080463905	0.3237583193026445	0.4440046261730771	0.8809803062528824	1.7299997582624	0.3276190194479073	0.01001440843157283	0.0100068358626687	0.01035649398333925	0.01251846774962538	0.0100671575166834	0.01002628454754825	0.01027870068958091	0.01007788175756201	0.01009007679661745	0.01195070733189282	0.01598066591051237	0.01068818634218383	0.01002763171261473	0.01001441476089333	0.0163556988428599	0.01575734944416101	0.01352915001524475	0.3850279808817844	0.2984855947309895	0.363323763602879	0.133010692723614	0.1055035911190477	0.01004673973393553	0.01003830848775096	0.01000530135900457	0.01002225824530623	0.01001200208821399	0.01000811816632043	0.01000402207263385	0.01000166812524619	0.01003694360748037	0.01057507594243625	0.01010366491114942	0.01002547922885563	0.01000929595584245	0.06889037264226525	0.03588839623360161	0.08699972411340665	0.1000330635429334	0.03773553201815693	0.1383313910640593	0.2597309936290976	0.01000746217147903	0.0100034276380168	0.01809079877451079	0.09064952962579903	0.01000371029239266	0.1088155946071262	0.02404369159361285	0.01075566686979166	0.02499389605329429	0.01011944644898698	0.01450349136334757	0.01607852272499037	0.01000279193366385	0.01000127170922475	0.01000146510139558	0.01000674509134326	0.01000817232399719	0.01000843726922056	0.01035462337589063	0.01143717925582201	0.02801302452120784	0.1684691920515322	0.06596518679363687	0.05326269535462347	0.01090751900768918	0.1567097385159471	0.04210958575934143	0.01051013254349344	0.01402953283397742	0.01000768100034983	0.01024788823411208	0.01000087173566433	0.01181092622631512	0.2170832149606903	0.01000667158772348	0.01000114678821855	0.01000033463732258	0.01000081645080223	0.00105375444377283	0.002251823681383509	0.01048871554208442	0.141723295705575	-0.138823679813167	-0.1366122035487262	0.1772697194849779	-0.0177296057042251	-0.1289050401531341	0.07868006662683907	0.08200049701956413	-0.02239596298477356	-0.0115749106773776	0.01001488139972477	0.01000456625347769	0.01001687566118229	0.01001128978590611	0.01005439219160371	0.01002750734932604	0.01000536551408106	0.01006717505563477	0.01000604378589421	0.01001265999593558	0.01003751869435572	0.01001628346625172	0.01000941398985234	0.01000700315598619	0.01214392171764048	0.01001350255749294	0.01000732494375078	0.2748038388982396	0.2267469592480175	0.3538611325557089	0.08385074854920546	0.1675691957958127	0.01005955747141493	0.0100411423211264	0.01000549720234776	0.01004007588395474	0.01001973756791713	0.01001036338232033	0.01000417290774243	0.01000182776792329	0.01004727738237037	0.01000342329884988	0.01000776054924299	0.01000515374088578	0.0100108543463019	0.01000520094412984	0.01002281565193569	0.0785637367670509	0.06509654566071295	0.0349789264956565	0.04888083793922456	0.1186300878741937	0.01000550499625467	0.01000285030085882	0.01010883851896146	0.02376882414193033	0.01000286250905506	0.155794289229478	0.01114267497137852	0.01099304473614019	0.02202239383563229	0.01025340792416695	0.01968711548093617	0.0269954268688681	0.01000245612406091	0.01000117850124775	0.01000130378724076	0.01000506453144082	0.01000664925631925	0.01000665322437313	0.01047072393721092	0.01251551988804856	0.05128736918563612	0.153731834521259	0.07916536900024518	0.06537187884577007	0.01247001178477621	0.1644450968017741	0.04410081645381218	0.01000347325676226	0.01980360816607449	0.01000291657298154	0.01002738881271465	0.01000107615062692	0.01229232209490181	0.2168071086414655	0.01000750831689711	0.01000110420287315	0.01000032229045943	0.01000078729059812	-3.925438271474626	-0.6050138565650972	4.01912173611659e-10	-5.44653256628563e-11
0.07590225508328928	-0.09407551945448869	-0.05781886834786045	0.07586586135774712	1.76137256649556	0.9315156311184075	-0.02851551803915667	0.2385887824133026	0.1765024946449375	0.0557916574691921	0.02248358288611319	0.02463551251261861	0.1208579282920792	-0.1206314457001416	0.1291671756876344	0.01608965321617957	0.2172779055594303	0.2172779055594923	0.5107868462679888	0.510786846267885	-0.2700253035528145	-0.1052438333240565	-0.01327382718378895	0.01973348165202503	-0.1039546000158686	-0.008832325803629724	0.409017382803408	0.5748988996019352	0.6951678439621293	0.6858401521396258	0.04252549083292757	0.3109918926120829	1.425044714365189	1.669112570660139	-0.1602340339731159	-0.4124269574605037	-0.373574474089621	-0.04176897038133467	-2.380009276559913	2.777980922959031	0.02427603638339431	0.03245851289510038	-2.512279167609886	0.9260108419879716	3.642621855421376	5.149590347598049	0.5560374525917697	-2.697367436389628	-0.3191577864245113	0.05093564186731562	0.3373063817909501	0.5395471254902044	0.5395471267204764	3.525637765045069	3.52563776479136	5.474608951518855	-4.964253114069419	-2.929573321365757	-5.248846327752924	3.516922882049605	1.617035298652477	-3.010935347188626	2.747066860988947	1.966686458106691	-0.7468555246010623	-0.4267634661980001	0.06625253652381406	0.7095606361473185	0.840629921172226	0.6641112818871137	0.5957416179401278	0.01001448035650747	0.01000586901553368	0.01023170817264516	0.01159216899482968	0.01006321551846427	0.01002671885034417	0.01017731485708945	0.01007395083412464	0.01246521515336415	0.0142420874295658	0.01379502302686367	0.01043809558589479	0.01002108815998871	0.01001175171288964	0.01472733428407104	0.01364893965386669	0.01222998891429736	0.3606542622834508	0.2808783383816988	0.3548964281390113	0.1194452808830899	0.1266360249633166	0.01011126689440692	0.0100393215482274	0.01000535131294503	0.01002876538288209	0.01001445699665309	0.01000959450397621	0.01000408407615825	0.01000175834253073	0.01004387782350811	0.01036311926349836	0.0100681756786693	0.01001786327825496	0.01000997660531134	0.04903097110275055	0.02692973534222809	0.08529084184732111	0.09062979544521785	0.03812078886657836	0.1098148571725836	0.2208530604809393	0.0100066653488444	0.01000318473392001	0.01517654110179713	0.06799130823741181	0.0100033625888555	0.1252078204794276	0.01977079388674853	0.01087632601278193	0.02353739063880584	0.01025480845839141	0.01634514070247958	0.02175756578221274	0.01000267574866837	0.01000123914395294	0.01000139941268585	0.01000611590846188	0.01000762324661228	0.01000781608521718	0.01039836111373264	0.01182768899001304	0.03524751520624201	0.1643688771632357	0.06949748030023797	0.05369860120042214	0.01217099276610506	0.159300780504666	0.04240208174954421	0.01032236676360162	0.01834743741382355	0.01000587510634548	0.01016393560159052	0.01000097798525336	0.01195052153708108	0.2181157657052052	0.01000704842129465	0.01000113563355145	0.01000033135070543	0.01000080900479358	0.002793550871185182	8.357007464881986e-05	0.01193821932468162	0.1292651201294856	-0.1358041191949929	-0.1416732547014674	0.2192576047720048	-0.0114697352800984	-0.1269701712543508	0.08010739806051698	0.08565299813174307	-0.01269182157361012	-0.0129724502926923	0.01001435639463916	0.0100039349671303	0.01002278812168271	0.01001162186140173	0.0100584190659121	0.01002740791257751	0.01000535422958112	0.01006739273324291	0.02223710287521996	0.02534576216225203	0.01002370593379136	0.01001099859033186	0.01001051571262926	0.0100074458254538	0.01171712818526686	0.01002442009990224	0.01000656967556767	0.2877969944006115	0.2302420713692154	0.3040830751668657	0.09230649854192463	0.1791611542709718	0.01036274285260874	0.01004094688128943	0.01000538181075641	0.01003953326044152	0.01001762385739748	0.01001362354374081	0.0100042033398854	0.01000198390997833	0.01006299699079345	0.0100032643692023	0.01000823712335572	0.01000478131093081	0.01001137159032466	0.01000402670400808	0.01123596636506263	0.08453754570976785	0.07526070640050693	0.04226277250772926	0.04051598485965707	0.1058742390449662	0.01000514924119131	0.01000270585104515	0.01014466777335289	0.01872067165883166	0.01000269540026718	0.167244832339953	0.01320863905607698	0.01115915743699922	0.02001148802545842	0.0106880390630958	0.0193697791555206	0.03576918602797074	0.01000249900261429	0.01000118882793358	0.01000127449881757	0.01000503740141697	0.01000673168894748	0.01000686094843852	0.01047416468595605	0.01247272367391744	0.04565435712602915	0.154691454440038	0.07420154601708279	0.044816161287969	0.01595773045471578	0.1666402099531683	0.04192172047042332	0.01000390823297151	0.03111512083366213	0.01000272623949555	0.01001642980731366	0.01000122948509485	0.01209657268850903	0.2246123337371249	0.01000784406091787	0.01000112782583384	0.01000032889560474	0.01000080442617298	-3.654761807830198	-0.5902685202759194	5.306199380579187e-10	-2.145799678474309e-10
0.0803670936176004	-0.09582359706275888	-0.05778370016756544	0.06523367919713305	1.773766037787557	0.9315811739503763	-0.02835523799312274	0.2274157325211567	0.1803057292216541	0.07151142114321442	0.04554285185913742	0.02704301832179701	0.1083432251430547	-0.1220073054019773	0.1290685236979249	0.01749355951727555	0.219524716188387	0.2195247161883991	0.5262377939530105	0.5262377939529641	-0.2461042982919282	-0.1272427717433297	-0.02657945437816214	-0.004116480134150411	-0.08820425302633396	-0.001537686218558828	0.394221479156619	0.5866465914123469	0.7065187347632257	0.6840600974173897	0.03777185700456175	0.3107491364018413	1.429331775360601	1.672791851733652	-0.1593539653540958	-0.4091797023695573	-0.406389995726241	0.0521155926682204	-2.378927863022595	2.774136902659161	0.004440422597806091	0.03894826309713692	-2.499618889335076	0.7837958688559915	3.391163372723992	5.175406846037868	0.5145307642722129	-2.907588406015461	-0.2984399650555274	-0.08738509148307316	0.2906392952049647	0.4571956022775374	0.4571956022775358	3.39541634880221	3.395416348801922	5.219850116120445	-4.889950615344486	-3.04390538450455	-5.441346274023157	3.536698320956078	1.653657883728634	-3.587014351114294	2.515672110539652	3.17411018809654	-0.0296574167287651	-1.757872785958504	-0.171741837285437	1.257942511694451	0.8089248117816695	-0.2435122734144586	0.8578453350721859	0.01001432807298253	0.01000502819338735	0.01015594267677549	0.01101116928924148	0.01006226487717051	0.01002695268948786	0.01011395852902132	0.01007157780058069	0.01848162608787985	0.0213326824802059	0.01241037019435709	0.01027973123806824	0.01001741513595517	0.01001025490674316	0.01354100119959145	0.01232275890574953	0.0114132083326428	0.3448536036800774	0.2684198401577172	0.3363894023729607	0.1124781346414151	0.1442503928248109	0.01026535078753287	0.01003988092619247	0.01000533920023424	0.01003262515826175	0.01001519618643175	0.01001174056349747	0.01000413423530843	0.01000187329829677	0.01005411010282874	0.01023054576155472	0.0100461857717652	0.01001296678458829	0.01001059587520188	0.03547764677544279	0.02153319260424231	0.0860870563414252	0.08744872189518339	0.04095035293094416	0.08652161253040065	0.1875415896009295	0.01000603417376966	0.01000297881191692	0.01334390506964787	0.05048374470987217	0.01000308271110442	0.1397155042826579	0.01780128022953633	0.01101398909310392	0.02187368432540723	0.01050240777319146	0.01738114186079362	0.02849745815585058	0.0100026192979435	0.0100012226874757	0.01000134739826942	0.01000571280499431	0.01000731131549699	0.01000750617072311	0.01042697399105244	0.01205583844389305	0.03780549070178963	0.1617227954516013	0.07016047644185867	0.04683580631979271	0.01426012228583513	0.1617672210294461	0.04182329024911555	0.01020515394347862	0.02518624904512413	0.01000467585532116	0.01010736761670074	0.01000110190529223	0.01196466708314431	0.22099265140424	0.01000740963112712	0.01000113754162634	0.01000033177950673	0.01000081079092305	0.004533347298595802	-0.002084683532083075	0.01338772310727792	0.1168069445533967	-0.132784558576819	-0.1467343058542093	0.2612454900590324	-0.005209864855970379	-0.1250353023555667	0.08153472949419507	0.08930549924392285	-0.002987680162446962	-0.01436998990800835	0.01001383138955351	0.010003303680784	0.01002870058218394	0.01001195393690029	0.01006244594021903	0.01002730847582876	0.01000534294509239	0.01006761041085007	0.03446816196455704	0.04067886432857545	0.01000989317322954	0.01000571371441582	0.01001161743540625	0.01000788849492247	0.01129033465289486	0.01003533764230715	0.01000581440739013	0.3007901499029836	0.2337371834904132	0.2543050177780269	0.1007622485346439	0.1907531127461304	0.01066592823380568	0.01004075144145155	0.01000526641916521	0.01003899063692855	0.01001551014687861	0.01001688370516117	0.01000423377202854	0.0100021400520375	0.01007871659921577	0.01000310543956618	0.01000871369747633	0.01000440888097899	0.01001188883434746	0.01000285246388678	0.01244911707818562	0.0905113546524899	0.08542486714031555	0.04954661851981	0.03215113178008934	0.09311839021573827	0.01000479348612828	0.01000256140123163	0.01018049702774165	0.01367251917573307	0.0100025282914816	0.1786953754504285	0.01527460314077745	0.01132527013785784	0.01800058221528392	0.01112267020202092	0.0190524428301073	0.04454294518707403	0.01000254188116833	0.01000119915462039	0.01000124521039494	0.01000501027139375	0.01000681412157617	0.01000706867250467	0.01047760543469993	0.01242992745978548	0.0400213450664221	0.1556510743588174	0.06923772303392016	0.0242604437301682	0.01944544912465568	0.1688353231045628	0.03974262448703426	0.01000434320918043	0.04242663350124939	0.01000253590601301	0.01000547080192427	0.01000138281956116	0.01190082328211522	0.2324175588327849	0.01000817980493764	0.01000115144879008	0.01000033550073831	0.01000082156174117	-3.578727466187994	-0.579574846715789	4.202079769007319e-10	-3.161181851949318e-10
0.08483193215191152	-0.0976906559342432	-0.05739195038847417	0.05464605254592242	1.78614908160355	0.9315514368264493	-0.02817113757449518	0.2162185147389635	0.1835410686444763	0.08604721692326429	0.06867688029316543	0.02918126162423534	0.09491492136241361	-0.123288512660423	0.1284439798633804	0.01869477982131209	0.2213793507057762	0.2213793507058395	0.5411148190717504	0.5411148190717485	-0.2235111027855805	-0.1489239877957648	-0.04040291375869284	-0.02865976874481655	-0.07233007379195547	0.006027277083281067	0.3774023259735703	0.5973347084072795	0.7237471551099675	0.6849836588953672	0.02685435480462303	0.3095012554968204	1.436182162750989	1.675885201060113	-0.1620967223339999	-0.404848920670931	-0.427536601374033	0.1196822848679676	-2.360509690409299	2.773181620067169	-0.01783012168293108	0.04300800861426003	-2.521879853993142	0.6665108207500309	3.13976286007144	5.184881814299668	0.4396884669513039	-3.102114956129206	-0.2766414174937539	-0.1865812927520115	0.2466353146611099	0.3842141490146264	0.3842141498061426	3.271778480834239	3.271778480169223	4.892426915991122	-4.825169001869506	-3.13716086224481	-5.549739734321298	3.575866188917049	1.735256120505764	-3.761586810309774	2.25613659990819	4.565780101415703	0.4308893351715368	-2.923126664091199	-0.3900384121269863	1.767032238274427	0.5326002177198299	-0.7159674300253985	1.0511740232528	0.01001346167313871	0.01000434993121561	0.01010950966943919	0.01064110711460246	0.01006086534228327	0.01002606464516555	0.01007367661151823	0.01006930161150975	0.02783758195973506	0.02598556890535399	0.01152349012703568	0.01017828786473094	0.01002228307367061	0.01013515925963829	0.01267467683139058	0.01147612065129706	0.01089213447062004	0.3384513289374934	0.2627277529783791	0.3145330719736548	0.1133644468141254	0.1602130763010707	0.03069994550403805	0.01003955443506102	0.01000527872092333	0.01003595807592901	0.01001578620071015	0.01001502553132856	0.0100041605258339	0.01000198957997302	0.01006601010730934	0.0101461595198187	0.01003231760124053	0.01133804072707898	0.01001118330902274	0.02642032492515905	0.02176393699713937	0.09004001669925005	0.08927371204009275	0.04668021184248108	0.06947510718534836	0.1610754553260069	0.01000551953907434	0.01000280393361864	0.01217853271425482	0.03831107173154614	0.01000285853942316	0.152485209627226	0.01800848476328022	0.01110665227938858	0.02053614125397507	0.01094590887045984	0.02084357871470541	0.03924714035246344	0.01000259617365436	0.01000121652112505	0.01000130603139729	0.01000542594413091	0.01000711035247411	0.01000734273142042	0.01041705631046226	0.01203189086238507	0.03595870598215477	0.1612678304594805	0.06798295789387512	0.03890686509080237	0.0161008459242629	0.1616526539043242	0.04036864202701682	0.01013059755639433	0.03190360207167721	0.01000386167957394	0.01006967313199727	0.01000125341194289	0.01180945805441562	0.2280226127054998	0.01000786101678693	0.01000114619969986	0.01000033438837047	0.01000081734353152	0.005819635120208026	-0.004117487065794031	0.01601008438737921	0.1017270345648804	-0.1304030771114972	-0.1450061338536366	0.3069549576234787	-0.00877793830485997	-0.1305524867354662	0.08118434188018105	0.0893913919323016	0.03441900302998244	-0.02213837662346517	0.01001037327751421	0.01000311017111992	0.01003262038699384	0.01001242451717332	0.01005500441304752	0.01002213584005914	0.01000542786509189	0.0100635336838061	0.05309730428283122	0.02840411257586855	0.01001105460069603	0.01000670662175367	0.01004722042258246	0.01064594498681045	0.01110458260876828	0.01002928668498346	0.01000544655815222	0.3344890860292132	0.2578693346300615	0.2400938272479612	0.1283898391801239	0.2054562452881658	0.115671097889698	0.01003745701928597	0.01000509658179988	0.0100439050060479	0.0100179092587575	0.01002386168585966	0.01000417970064342	0.01000222690275562	0.01009276266826218	0.01000301192957778	0.0100088995638169	0.01674894886143756	0.01001243302174336	0.01000317371296163	0.03072236342519511	0.1053639885507186	0.09999301800578253	0.06442619657656999	0.03626709294620147	0.09547613869601573	0.01000451991131861	0.01000246077227281	0.01018942722364755	0.01683584002202492	0.01000243536498303	0.1864185225243689	0.02109946690230191	0.0112102201118612	0.01835172945597439	0.0122079572955005	0.03379895718093585	0.07151345434493794	0.01000257032234205	0.01000121218817673	0.01000122791667099	0.01000487840752645	0.01000673107680292	0.01000706332069375	0.01033195149321242	0.01160361976461176	0.02592236859458619	0.1642312150738539	0.05857984755098974	0.02384529516193266	0.01911542175007624	0.1545832658002377	0.03580912760690676	0.01000401885776663	0.0452821424132677	0.01000243518947845	0.01000604352927137	0.01000162178673543	0.01123057312088475	0.2604298254498457	0.01000902043033006	0.01000116917914316	0.01000034174837694	0.01000083451195768	-3.697235332269018	-0.5727850331148384	4.314951501434286e-10	-3.25775595533876e-10
0.08929677068622267	-0.09961982174462833	-0.05674787666375266	0.04418394707943029	1.798533241993552	0.9314213393951796	-0.02797574819598536	0.2048446689309374	0.1862668706261748	0.09972437049632103	0.09182009176062376	0.03093718908121839	0.08069084385974011	-0.1244880845808317	0.1274541549575911	0.01968873890707664	0.2230506039865848	0.2230506039866255	0.5554815141925931	0.5554815141926454	-0.2024899163670911	-0.1703579878240984	-0.05449437402334061	-0.05364755720904676	-0.0562567350895957	0.01395964391695909	0.3622877056773449	0.6066514085827112	0.7474907090706691	0.687796421496585	0.01353947526133219	0.3072412253286123	1.444721300865906	1.677153787951504	-0.1633441345111257	-0.400069258345815	-0.4342104630624423	0.1651427395906702	-2.322701337848325	2.774637065318299	-0.04051542778427795	0.0440050924931439	-2.578738459469575	0.5555513458639976	3.006539270734097	5.179520356287961	0.3432744891502314	-3.264050922765563	-0.2618718599110653	-0.2510107800263328	0.1977977669538464	0.3750509393442217	0.3750509393441622	3.166816841428709	3.166816841428826	4.515677385461122	-4.779211526724022	-3.163954879242648	-5.640457497757851	3.625910731088197	1.818234313071865	-2.823478194134211	1.901353468466454	6.092528319593331	0.8165997320921417	-2.831765002848208	-0.6251285756240562	2.014409171378045	-0.008467567634459558	0.4263194661225383	1.058918981725968	0.01001162207884383	0.01000385359047444	0.01008197346348784	0.01040974196430953	0.01005719721634835	0.01002356751463773	0.01004854530026753	0.01006634958055179	0.04033270769066614	0.02443440553179047	0.01096764178870761	0.01011527417234752	0.01003869086914809	0.01045256253980899	0.01206120137147062	0.01094290019990509	0.01056573625140521	0.3417815387770452	0.2647652857589762	0.2941909927481767	0.1225421520118817	0.1754816906977675	0.07930486225394076	0.01003811353703525	0.01000517713931428	0.01003988529677171	0.01001705551006526	0.01001969757026185	0.01000415660337208	0.01000209480590889	0.01007871549618462	0.01009339926511406	0.0100237252768036	0.01467966548583121	0.01001175452491953	0.02051916416747751	0.02855393752071517	0.0974761280340376	0.09520614429385416	0.05551497905704191	0.05911908904802748	0.1422437303647406	0.01000509546980763	0.01000265695560487	0.01144977168534165	0.03135444631227626	0.01000268366363492	0.1635586127650086	0.02028428350473019	0.01112149089599871	0.01981609748166877	0.0116292435818914	0.02838687229781742	0.0554244065370508	0.01000259241268445	0.01000121756780242	0.01000127371105787	0.01000519725887447	0.01000695364462287	0.01000723863165018	0.01035621218549084	0.01170782044616046	0.02970272664398645	0.1634490849029084	0.06292806239915567	0.03354240777554637	0.0171311039557649	0.157394482401347	0.03803085141436559	0.01008389453077299	0.03715644715169658	0.01000331541167493	0.01004634208075356	0.01000143775328988	0.01146141327715972	0.2406248197878098	0.01000845849001601	0.01000115826934614	0.01000033836515776	0.01000082630097573	0.007105922941820576	-0.006150290599505924	0.01863244566748189	0.0866471245763642	-0.1280215956461754	-0.1432779618530634	0.3526644251879251	-0.0123460117537503	-0.1360696711153657	0.08083395426616721	0.0894772846206798	0.07182568622241252	-0.02990676333892112	0.0100069151654733	0.01000291666145433	0.01003654019180349	0.01001289509744977	0.01004756288587475	0.01001696320428884	0.01000551278510585	0.01005945695676131	0.07172644660110195	0.01612936082315925	0.01001221602816756	0.01000769952910008	0.01008282340975368	0.01128400147871178	0.01091883056463896	0.01002323572765742	0.0100050787089233	0.3681880221554428	0.2820014857697102	0.225882636717896	0.1560174298256037	0.2201593778302028	0.2206762675455862	0.01003416259711956	0.01000492674443322	0.01004881937516612	0.01002030837063403	0.01003083966655846	0.01000412562925718	0.01000231375346805	0.01010680873730768	0.01000291841960754	0.01000908543016358	0.02349348884188572	0.01001297720913878	0.01000349496204129	0.04899560977220725	0.1202166224489439	0.1145611688712404	0.07930577463332437	0.04038305411231331	0.0978338871762926	0.01000424633650963	0.01000236014331504	0.0101983574195519	0.01999916086831662	0.01000234243848772	0.1941416695983096	0.02692433066382539	0.011095170085863	0.01870287669666586	0.01329324438898195	0.04854547153176402	0.09848396350280089	0.01000259876351637	0.0100012252217345	0.01000121062294876	0.0100047465436597	0.01000664803202984	0.01000705796888288	0.01018629755172447	0.01077731206943694	0.0118233921227515	0.1728113557888907	0.04792197206805896	0.0234301465936965	0.01878539437549585	0.1403312084959119	0.03187563072677867	0.01000369450635662	0.0481376513252861	0.01000233447294914	0.01000661625662782	0.01000186075390603	0.01056032295965261	0.2884420920669077	0.01000986105572216	0.01000118690949323	0.01000034799600724	0.01000084746216967	-4.005870308937605	-0.569489343353061	4.818999023003743e-10	-3.058998893343552e-10
0.09376160922053382	-0.1015405504030511	-0.05596486839326854	0.03393005973317651	1.810927917633489	0.9311936965430917	-0.02778075365468071	0.1931593199508767	0.1885434353998785	0.1132335098228867	0.1149062290133929	0.03220073691059273	0.06582541343618512	-0.1256519510436288	0.1262659549749451	0.02044854866903666	0.2250086916446447	0.2250086916446284	0.5694334502284655	0.5694334502284801	-0.1831375367737584	-0.1916164317598825	-0.06853589104001646	-0.07910566035641377	-0.03996288394022054	0.02223469218098608	0.3543022108795211	0.6141970078010984	0.7780526847808392	0.6924834874558723	0.002679125566347799	0.3038961503902027	1.45387325963018	1.675665188475775	-0.1549877781198862	-0.3956535456806397	-0.4229651927735214	0.182180234193145	-2.267275217208461	2.777792742019157	-0.06078095573944622	0.04320424169076935	-2.668632361735959	0.4676866822918704	3.050631155265447	5.157799969137485	0.2208978324601164	-3.384226937645509	-0.2624829258266174	-0.2769611528291614	0.1400587877197924	0.4695079627686236	0.4695079637568266	3.084079576454199	3.084079575841496	4.166911848530704	-4.742822325862986	-3.114734041284033	-5.776021248229967	3.668911768765588	1.886938933970604	-0.9181362885599674	1.494427948490092	7.564910384334135	1.318601101441663	-2.093061356415605	-0.8729373820416511	2.067809433526699	-0.6571840638599991	3.085927201092681	0.9297350722212889	0.0100096491906185	0.01000345660373758	0.01006459224166469	0.01026261000104541	0.01005224275217485	0.01002021190463285	0.01003265504433025	0.0100638105760337	0.04563019344237448	0.02084430083580827	0.01062558134816424	0.01008443702926023	0.01028695992007584	0.01140047165542815	0.01161980128103438	0.01060084434792086	0.01035782660056291	0.3558127135259587	0.2730166372247385	0.2803443388982972	0.1407489407608303	0.1939590182496583	0.149354597833403	0.01003612007188457	0.01000504937537414	0.0100435796085481	0.01001887711310418	0.01002346985239444	0.01000411729158648	0.01000220252441017	0.01009141061387249	0.0100598576887098	0.01001833776188244	0.04257899080203609	0.01001233852498395	0.01668727767064994	0.0408593488597943	0.1024156299125948	0.09921887543690849	0.06185733174489069	0.0554504416545922	0.1309204076138356	0.01000475280380464	0.01000253577474168	0.01099784407338298	0.03010355121043812	0.01000254717559531	0.1734800592638669	0.02492851206784864	0.01116664338179263	0.01933035635860174	0.01220729383985966	0.03596817063031227	0.07026304841937649	0.01000258761661384	0.01000122077670481	0.0100012486021408	0.01000498428467859	0.01000677241694101	0.01000708543184246	0.01028302373869182	0.01130407670136974	0.02313130568020726	0.1684811753588231	0.05564015103470962	0.03058065133406108	0.0176491196193491	0.1426683348795921	0.0353653962596398	0.01005405105992742	0.04121386791115774	0.01000294005118028	0.01003162989481206	0.01000174606594081	0.01108942716512916	0.2559732572622422	0.0100088817968206	0.01000117200717481	0.01000034293329674	0.01000083641693604	0.008171591637748417	-0.008731638115371948	0.02077159267693877	0.07851598841183434	-0.1248842794522314	-0.135714329623094	0.3677397431142188	-0.01147135180257705	-0.1410674936799947	0.07933915042749748	0.09290669877014894	0.104956015915257	-0.0331942214099347	0.01000577004427424	0.01000266788504514	0.01003388609353201	0.0100130628023466	0.01004056667364773	0.01001237818359324	0.01000590720259023	0.01005955184912687	0.040874741517316	0.01307759032773883	0.01007262315140636	0.01005373474951778	0.01125936666013345	0.01453601858065401	0.0108217836559935	0.01001646709881002	0.01000478987856378	0.429136615330685	0.3102854940535491	0.2516324655053542	0.20679981012142	0.259707313867754	0.3790360966454155	0.01003148895505835	0.01000475037981794	0.01005073392436775	0.01002342303244169	0.01002899166896884	0.01000398482481086	0.01000244716313615	0.0101183299044822	0.01000307020301482	0.01000931567088918	0.1538323421479681	0.01001363620299541	0.01000848742006023	0.076051889935269	0.1065850581695965	0.101719142062491	0.06962935905421012	0.05530529326160344	0.1102809380263661	0.0100041075347006	0.01000230469107441	0.01025565500754043	0.03475360684120671	0.01000229281452234	0.2015120742381654	0.03859390110999081	0.01137422344599362	0.01828704138618539	0.01310409571969363	0.0507115045821678	0.1002660618978606	0.01000256249547377	0.01000122707316619	0.01000120213525379	0.01000451551168044	0.01000630461411181	0.01000662130623167	0.01013468222012529	0.01047466073387911	0.01100486803420371	0.1882029073631773	0.03552601708793845	0.02677019744298548	0.01833739688773788	0.07720373421149261	0.02921004056339567	0.01000325628742078	0.04923200556324243	0.01000227764913935	0.01000676472865614	0.01000262763997674	0.01036485279815428	0.3084408275629649	0.01000936901958546	0.010001202638494	0.01000035304486266	0.01000085891137285	-4.254341475656738	-0.5691684925560047	4.410832639325812e-10	-2.466195363342945e-10
0.09822644775484494	-0.1033681525435616	-0.05515161867615963	0.02396645027063823	1.823340736854288	0.9308846123794472	-0.02759117451883631	0.180898713109837	0.1904740904140369	0.1270175421987308	0.1378419638958686	0.03289341860215602	0.05056553710953453	-0.1268588240989239	0.1250191612892203	0.02091712735252104	0.2269524467686726	0.2269524467686963	0.5830320890761607	0.5830320890761449	-0.1651575395824886	-0.2127047706772598	-0.0822085384501518	-0.1053386168858597	-0.02352953271654636	0.03079520507904141	0.3526196170093454	0.6201370043334565	0.8147515316893795	0.6998894902852777	-0.005686594970291015	0.2994492296776264	1.463031230026469	1.671295690529493	-0.1378500025080126	-0.3916718364163751	-0.3924949568322734	0.1786892373161778	-2.192672963817043	2.782764383769258	-0.0769966198875159	0.04157929447886249	-2.836422069234072	0.400602957312029	3.129676121899204	5.112148463096657	0.08755813314310519	-3.440740819650194	-0.2811364219900073	-0.2772575328403846	0.06734242196906252	0.3686307602435285	0.3686307602435645	3.008559331452589	3.008559331453357	3.900926218278002	-4.703013875551528	-2.998721738293971	-5.98754885754973	3.688399009084867	1.946106649720614	-0.0001281045692925613	1.182132601336046	8.84150606995868	2.034532684848364	-1.71430947823763	-1.118694349379781	2.017102058878302	-1.298950268592997	4.359908305894315	0.8645095129969415	0.01000798713654837	0.01000311527727091	0.01005273897092393	0.01017071509896951	0.0100465215065361	0.01001639474702768	0.01002287807759967	0.01006226053044925	0.03811638527884326	0.01742692278937868	0.01043423937589221	0.01008245649583907	0.01088314223109409	0.01320701764049129	0.01130692557458403	0.0103843147922681	0.01022773649083687	0.3809085675570781	0.2863412743190401	0.2764818914000894	0.1680967112517724	0.2178654286915705	0.2382044265226211	0.0100338711783547	0.01000490332163757	0.01004660396544755	0.01002118386563639	0.01002513295808103	0.01000403984978328	0.01000231989903712	0.01010366419809787	0.01003896287199404	0.01001505938643336	0.1031350981022408	0.01001295065647028	0.01425172757620059	0.05799632122129566	0.1014089984557847	0.09781496645998609	0.06269009431247921	0.05813538218420654	0.1266866715499383	0.01000448670540034	0.01000243928266774	0.0107363684176193	0.03459141272589931	0.01000244330979967	0.1825489271882461	0.03206679142122554	0.01129937122774665	0.01886998769519818	0.01249805651276416	0.04152377548100124	0.08040200898555686	0.01000257099945801	0.01000122347743236	0.01000122973599534	0.01000476455027913	0.01000653029272504	0.0100068257854998	0.0102179184877391	0.01093786987810281	0.01859073540948489	0.1764634441159889	0.04647905479232499	0.02987521464785546	0.01780964534896377	0.1127220741791688	0.03268615791534259	0.01003524499769987	0.04419851291874773	0.01000268430396868	0.01002249662924878	0.01000222654922123	0.01078331957282789	0.2723008233133029	0.01000896151913188	0.01000118649254009	0.0100003476824288	0.01000084703307075	0.009237260333677704	-0.01131298563123716	0.02291073968639426	0.07038485224730438	-0.1217469632582873	-0.1281506973931247	0.3828150610405124	-0.01059669185140359	-0.1460653162446233	0.07784434658882777	0.0963361129196184	0.1380863456081012	-0.03648167948094864	0.01000462492307616	0.01000241910863677	0.01003123199525901	0.01001323050724737	0.01003357046142019	0.01000779316289688	0.01000630162008678	0.01005964674149145	0.01002303643353093	0.01002581983232037	0.01013303027464666	0.01009976996993775	0.01243590991051414	0.01778803568258711	0.01072473674734513	0.0100096984699618	0.01000450104821537	0.4900852085059267	0.3385695023373878	0.2773822942928129	0.2575821904172361	0.2992552499053044	0.5373959257452462	0.01002881531299649	0.0100045740152024	0.01005264847356938	0.01002653769424941	0.01002714367137891	0.01000384402036438	0.01000258057280639	0.01012985107165577	0.01000322198644259	0.01000954591161795	0.2841711954540556	0.01001429519685184	0.01001347987807383	0.1031081700983298	0.09295349389025286	0.08887711525375237	0.05995294347510157	0.07022753241089338	0.1227279888764393	0.01000396873289172	0.01000224923883412	0.01031295259552791	0.04950805281409665	0.01000224319055879	0.2088824788780214	0.05026347155615663	0.0116532768061236	0.01787120607570427	0.01291494705040295	0.05287753763257218	0.1020481602929214	0.01000252622743142	0.0100012289245984	0.01000119364755922	0.01000428447970188	0.01000596119619413	0.0100061846435807	0.01008306688852605	0.01017200939832143	0.01018634394565521	0.2035944589374641	0.02313006210781767	0.03011024829227463	0.01788939939998003	0.01407625992707347	0.0265444504000124	0.01000281806849597	0.0503263598011988	0.01000222082533292	0.01000691320069272	0.01000339452604741	0.0101693826366557	0.3284395630590225	0.01000887698344801	0.01000121836749159	0.01000035809370915	0.0100008703605712	-4.185268348104273	-0.5711943436649091	3.664809253704405e-10	-1.727448697044046e-10
0.1026912862891561	-0.1050434952685511	-0.05435915701748872	0.01435982404542253	1.835778623483755	0.9305105559855835	-0.02740920146356845	0.1677428007040368	0.1921043693354612	0.141090361343794	0.1605453312214362	0.03302553997480227	0.03520955686885055	-0.1281635457455061	0.123777416879468	0.02104063332528618	0.2278503457134661	0.227850345713556	0.5962966727223996	0.5962966727223897	-0.1481672614960647	-0.2335887085544622	-0.0952769267716755	-0.1326841486302615	-0.007067100394453902	0.03958217647570555	0.3519534495531256	0.6249907970250302	0.8566679525878803	0.7109622201689211	-0.0132792079690207	0.2938846717611924	1.471857939128579	1.664349539110197	-0.1193264804156471	-0.3877131840327909	-0.3609883695877109	0.1802371492793712	-2.113473243920586	2.788603489442841	-0.09048813658071687	0.04020781035590144	-3.050171904259401	0.3254550273263622	3.174944159401837	5.060738071447064	-0.02177213416479308	-3.432992170425541	-0.3003434955187304	-0.283727032859325	-0.009626212806631835	0.04230375281266209	0.04230375350698414	2.933695245977363	2.933695245678301	3.724704366238567	-4.648806068615265	-2.853274955917241	-6.271620085546726	3.681797939048534	1.986493180025394	-0.2503896230813706	1.002615015492081	9.897776908588883	2.952051703004187	-1.681685932762685	-1.373420741998298	1.942095655396816	-1.755117855263094	4.03772856579196	0.9200458403190254	0.01000668843922164	0.01000282075272844	0.01004441264569282	0.01011248446266129	0.01004105146730335	0.01001301052487212	0.01001680206351253	0.01006200077592661	0.02817043922854422	0.0147153303184057	0.01035446748546289	0.0101196146238163	0.01178232087610424	0.01498478122555493	0.011034449332943	0.01024497167924725	0.01014491430569176	0.4151849832741964	0.3001240248459088	0.2740859113239036	0.2011232493472016	0.2450907906527068	0.3364236082822452	0.0100317702814163	0.01000476124324138	0.01005410929381398	0.01002635021928391	0.01032945507362954	0.01000394440039176	0.01000248249881925	0.01010702042856185	0.01002576799755275	0.01001305671413931	0.1649806435487782	0.01001384404652206	0.01268985788932451	0.07696497539417964	0.09590604594452355	0.09183527773568227	0.05910601540687661	0.06309329455073659	0.1254277637639999	0.01000428396525802	0.01000236425478336	0.01059726254884183	0.04082549631906806	0.01000236146225316	0.190923666684184	0.03836444302737622	0.01141574750623802	0.01886670044971561	0.01274911247258933	0.04641567946031439	0.08840293223504005	0.01000253366863347	0.01000122280118826	0.01000121530224624	0.01000454551419036	0.01000623398227796	0.01000646662784051	0.01016580858201851	0.01064566445887188	0.01550436534854778	0.185854116139434	0.0371474328791454	0.03074173636741069	0.01761044632555658	0.08119235499279064	0.02896988031096694	0.01002319442092391	0.04604241409048684	0.01000250529820904	0.01001679260892317	0.01000277526103364	0.01054820183619455	0.2880171002633181	0.01000877076240407	0.01000120176918001	0.0100003527042714	0.01000085823919102	0.009999044949667297	-0.01441138046339476	0.02338284645457838	0.06463647730301313	-0.1185201156174582	-0.118940642269866	0.38897538932551	-0.007974088422274187	-0.1537309979816605	0.07456173750510352	0.0996271089033083	0.1797013735223013	-0.03073285891493026	0.01000436794916451	0.01000223663393784	0.01002947988356047	0.01001421973942594	0.01003020331813807	0.01000682117272317	0.01000668399697944	0.01006324796120667	0.01002031305762648	0.01002665803537075	0.01029497139958058	0.0102556795754891	0.01408633145400774	0.01825454338491745	0.01043521730064617	0.01000758049828841	0.01000443376139144	0.5619164819635378	0.3430609692409486	0.2576876616368373	0.3093318200467229	0.3375120126792276	0.6952292525856056	0.01002767701810993	0.0100044738037577	0.01007933705584512	0.0100426640908093	0.01156735836227399	0.01000372889155519	0.01000291349883627	0.01009759145465108	0.01000356440932083	0.01000976673031056	0.3260552013717834	0.01001629399799485	0.01001072288824959	0.1251281808734723	0.07603343455884232	0.07023269931537753	0.04501232475935613	0.07512678290001525	0.1223904410074339	0.01000391610863794	0.01000222682052265	0.01040335672220464	0.05478917891153646	0.01000220503614251	0.2153939887781045	0.04951276822089121	0.01157900851089565	0.01973580771669923	0.01341057459401882	0.05799829641186382	0.1077240957750691	0.01000242121140512	0.01000121520726649	0.01000118846081176	0.01000407775722	0.01000552999119589	0.01000557021056375	0.01007250969291764	0.01012908965940591	0.01011884312052462	0.2150402993311531	0.01667350953596554	0.03425042547845154	0.01671204106998758	0.01205515668617493	0.01844741978238331	0.0100027267823861	0.04878444764459329	0.01000218580193058	0.01000731406856556	0.01000397866286287	0.01013087213814069	0.3386911537544571	0.01000806884501955	0.01000123581427307	0.01000036396922378	0.01000088326514901	-3.834593196849468	-0.5749673385807418	1.480769651578294e-10	-5.737855243492161e-11
0.1071561248234672	-0.1066186548440155	-0.05350691054809745	0.005067824490932848	1.848241035039258	0.9300772232358853	-0.0272296908836584	0.1537199296863621	0.1933426488602648	0.1553757165492726	0.1830598429838413	0.03275796055965568	0.01995372987061098	-0.1295143346655678	0.1224431363417765	0.02085252889341354	0.2274081234516828	0.2274081234517406	0.6092331171797056	0.609233117179708	-0.1317638256297067	-0.2541900884806225	-0.1076702493066971	-0.1614304508069331	0.009311484136795389	0.04850290664683374	0.3508113490608074	0.6291839520243361	0.902805547452754	0.7264880237335096	-0.02065819549056327	0.2871894728313243	1.480421037361994	1.65613581879972	-0.1009002935836158	-0.3833552307958142	-0.3476184531690616	0.2054695029043952	-2.051737650268863	2.793750190432381	-0.1035491381334254	0.04047624289042164	-3.224771449427245	0.2250089901721191	3.224880497900895	5.027551654022838	-0.09148564914045017	-3.395877649896357	-0.3017720190943652	-0.3187085820616317	-0.07224176186853642	-0.2316692183446228	-0.2316692183446958	2.861571202347329	2.861571202348708	3.638053411574045	-4.576443560332844	-2.696329675383673	-6.615016309303889	3.650839834395037	2.006023150531181	-0.2133196837112748	0.886203656019939	10.73235790024257	4.029262669624481	-1.618617138906492	-1.625158783588034	1.899019015117794	-1.866750831482657	4.316307407670789	1.043374159514083	0.01000578088695505	0.01000256833463817	0.0100385544569084	0.01007647795306236	0.01003637098816846	0.01001053212553469	0.01001315078271371	0.01006319068580149	0.02166321186887461	0.01299987884972881	0.01036536650893776	0.01020133901090977	0.01296039421886042	0.01626970596406714	0.01075543389165324	0.01015709010391082	0.01009314166746925	0.457361921449599	0.3114125540407612	0.2672107086689546	0.238021220175483	0.2744572802751024	0.4415262492489686	0.01003003076368638	0.01000463489822913	0.01006881910213971	0.01003563195187374	0.0110968142983116	0.01000384157411597	0.01000270912925034	0.01009700658602428	0.0100176552044294	0.01001188890656828	0.2164106851365915	0.01001515258727411	0.01170598027096872	0.0963352287955203	0.08665183688769348	0.08165858885928891	0.05158431306563725	0.06798854753221116	0.1244497500493019	0.01000413760189934	0.01000230898677416	0.01054418819833921	0.04665299836589194	0.01000229602568389	0.198692767405864	0.04209820110489421	0.01146073423559105	0.01955151809068668	0.01309130105890048	0.05134325322398693	0.09555052025022288	0.01000247092098781	0.01000121723062706	0.01000120434326879	0.0100043311231993	0.01000588703428214	0.01000601162452033	0.01012929132856769	0.01044678622392286	0.01352263653113245	0.1957168778064929	0.02868286765946235	0.03278288436963886	0.01704933543366397	0.05795783633762681	0.02363180753708028	0.01001563347559397	0.04669656055333632	0.01000238036221208	0.01001338064025346	0.01000333724185903	0.01038672911567982	0.302128804740006	0.01000834821362981	0.01000121786033459	0.01000035804727049	0.01000087008276749	0.01076082956565387	-0.01750977529555444	0.02385495322276327	0.05888810235872206	-0.1152932679766285	-0.1097305871466074	0.3951357176105075	-0.005351484993144347	-0.1613966797186977	0.07127912842137908	0.1029181048869981	0.2213164014365018	-0.02498403834891183	0.01000411097525354	0.01000205415924011	0.01002772777186048	0.01001520897160885	0.01002683617485553	0.01000584918255028	0.01000706637387966	0.01006684918092111	0.01001758968172427	0.01002749623842165	0.0104569125245143	0.01041158918103844	0.01573675299749827	0.01872105108725114	0.01014569785394333	0.01000546252662602	0.01000436647458204	0.6337477554211485	0.3475524361445094	0.2379930289808618	0.3610814496762093	0.3757687754531507	0.8530625794259665	0.01002653872322296	0.0100043735923127	0.01010602563812054	0.01005879048736876	0.01310757305317276	0.01000361376274593	0.01000324642486265	0.01006533183764429	0.01000390683221937	0.0100099875490043	0.3679392072895106	0.01001829279913772	0.01000796589843015	0.1471481916486181	0.05911337522742451	0.05158828337698319	0.03007170604359891	0.08002603338913696	0.1220528931384281	0.01000386348438439	0.01000220440221176	0.01049376084887997	0.06007030500897599	0.01000216688172757	0.2219054986781877	0.04876206488562553	0.01150474021566656	0.02160040935769449	0.01390620213763457	0.06311905519115506	0.1134000312572163	0.01000231619537882	0.01000120148993476	0.01000118327406459	0.01000387103473942	0.01000509878619803	0.01000495577754662	0.01006195249730942	0.01008616992049047	0.01005134229539435	0.2264861397248421	0.01021695696411508	0.03839060266462856	0.01553468273999471	0.01003405344527225	0.01035038916475458	0.01000263549629131	0.04724253548798776	0.01000215077853123	0.01000771493644346	0.01000456279967378	0.0100923616396254	0.3489427444498923	0.01000726070659051	0.01000125326105247	0.01000036984473268	0.01000089616972349	-3.33940225689491	-0.5794654152785582	-1.311661426761362e-10	7.554192472054388e-11
0.1116209633577784	-0.1081718120162817	-0.05248605521358105	-0.003986917586877394	1.860724142830924	0.9295866794809378	-0.02704622428361618	0.1390266644348982	0.1940556336660015	0.1698284694584214	0.205466071971257	0.03226424375359013	0.004904689863902746	-0.1308339507417227	0.1208891639972245	0.02041748772125022	0.2259230696043744	0.225923069604369	0.6218503116693358	0.6218503116693583	-0.1155487813657852	-0.2744303281548536	-0.1193506513670137	-0.1918097030948114	0.02548507233942636	0.05758590828957276	0.3501941218477967	0.6329300905327094	0.9521811672267527	0.7470834123617577	-0.02755399429990449	0.2794148806376601	1.488792962820519	1.647324944768713	-0.08052034666651829	-0.3783230210041381	-0.3480282072011278	0.2564329868979935	-2.003044859855733	2.797861107488532	-0.1158003057570593	0.04147216763410036	-3.35264340744618	0.08539537385533516	3.222685495985426	5.008994825628575	-0.1222519206043226	-3.340598978750057	-0.2890989598135486	-0.3819724597903379	-0.1239044752352731	-0.4317578766562533	-0.4317578771021929	2.788905024361239	2.788905024605465	3.639676875677645	-4.487181317653144	-2.53533281383761	-6.996418445038646	3.588470866682636	2.07726156022638	-0.08102603951281387	0.7950364579686824	11.35065567522272	5.203546318185382	-1.450953913695792	-1.85347672778009	1.838991550218258	-2.205635714948433	4.721426221995801	1.21283447769697	0.01000508026746172	0.01000234301383357	0.01003475721216381	0.01005413596188281	0.01003221043569639	0.01000872503717308	0.01001098109650931	0.01006636766036853	0.01742591984864708	0.01190163564894165	0.01086621996270542	0.01067744871355397	0.01429129548077096	0.02485845763580154	0.01051828851822834	0.0101008320713003	0.01006026381984596	0.5179207184842278	0.3205012663805013	0.2584957624646451	0.2765381832343569	0.3048322996391137	0.5369892668859134	0.01002759094031758	0.01000451692166121	0.01008305151504497	0.01004772261485403	0.0566106834825308	0.01000373911584149	0.01000301869795708	0.01008630156689394	0.01001267084867609	0.0100112524303291	0.2681184494676792	0.01001628395039862	0.01107777923812132	0.113024557705005	0.07344995223019216	0.06815981080392054	0.0423488895700368	0.07212600852052313	0.1225514915390866	0.01000404973639198	0.01000227651951757	0.01053887155899228	0.05112553613286924	0.01000225098490243	0.205578364984435	0.04646355152804237	0.01154376811592519	0.02061303019052718	0.01338421630770325	0.05581654085384321	0.1015709399503584	0.01000239807371571	0.01000121056481091	0.01000119999915682	0.01000412927805928	0.01000552677116479	0.01000552982575619	0.01010317296192009	0.01031072973927204	0.01223943305723259	0.205764476420761	0.02202682710193604	0.03566871549259518	0.01634574087950528	0.04151859974857369	0.01878571965091386	0.01001081968347276	0.0447611792119435	0.01000229969979062	0.0100113705026559	0.01000372323675064	0.01027397413478328	0.3142149982728823	0.01000791625619828	0.01000123706103651	0.01000036425189316	0.0100008840953508	0.01208444673391707	-0.01979108567451519	0.02523858417223383	0.05501238934432249	-0.1133302370103126	-0.1005187136766817	0.3920457193649168	-0.006162928814979277	-0.169265284505988	0.06782495938987457	0.1069995019697785	0.2613544542357057	-0.04622138614213092	0.01000370191507359	0.01000187981248906	0.01002884646500805	0.01001719743387811	0.01002368099965182	0.01000549976183284	0.01000751425093974	0.01007607552726637	0.01001361931081959	0.0100229811966387	0.01282805987092421	0.01243284042412954	0.01731091900047101	0.05859625579475661	0.01008894865632574	0.01000544101922435	0.01000467607788769	0.8167460415263271	0.3486644168857793	0.2294189481740676	0.4067752269583605	0.4107938402326209	0.8785590397022036	0.01002073876131517	0.01000426730062448	0.01010816931596177	0.01007652347658333	0.2518849060409551	0.01000352304992474	0.01000380437590183	0.01007064831503776	0.01000450255294514	0.01001033865286393	0.4491510949892386	0.01001811830104849	0.01000831050567308	0.1512014864265523	0.03459038399208657	0.03080928276938277	0.02019952449427038	0.08080502356233646	0.11479033586059	0.01000393433461125	0.01000223692177493	0.01056165736254442	0.05921862028433546	0.01000218176582954	0.2251379412311046	0.05990387585991903	0.01184435104259581	0.02323923915699064	0.01386768313640191	0.06559045935132168	0.1155129702167704	0.0100022380503982	0.01000119726612583	0.01000120096273005	0.01000371380677252	0.01000475571656819	0.01000449995921114	0.01005621276527157	0.01007435429440352	0.01003706950078257	0.2369955409378485	0.01012851670259583	0.04319081873614717	0.01476774285662985	0.01002522582999959	0.0101919619729443	0.0100026836235068	0.0356476139594639	0.01000217422985676	0.01000818434135175	0.01000421348779102	0.01007418759353889	0.3521549397415599	0.01000711700804177	0.01000128396664918	0.01000037910571292	0.01000091811168583	-2.761304097908204	-0.5852161538496526	-4.1088262033707e-10	2.547629059442019e-10
0.1160858018920895	-0.1097257071136104	-0.05117582911204661	-0.01280765215928202	1.873223883350295	0.9290466190877621	-0.0268614507190622	0.1238207781023891	0.1940250754485575	0.1839169294752556	0.2277867524638438	0.03173254804108239	-0.009835144022783364	-0.132093715874811	0.1189912785779236	0.01973474193126788	0.2235686918895337	0.2235686918895765	0.6341252849406542	0.6341252849407003	-0.09913508092323133	-0.2942334542012748	-0.1303054013610173	-0.2239349147716982	0.04130572543850904	0.06718258736607255	0.34992830860264	0.6363117462004498	1.003854939692832	0.7730184564356801	-0.0334418264201953	0.2706737987905339	1.496734162978357	1.635318604036087	-0.05955522898395692	-0.372506635097218	-0.3479489762333863	0.3350915296368738	-1.946915239046575	2.801200730739295	-0.1257298449981787	0.04106168935336178	-3.454397297171662	-0.1080570177506673	3.06169747480079	4.989230656757535	-0.1084981033377183	-3.257370400402634	-0.2749621479134982	-0.4727625418593968	-0.183199715449022	-0.6210781033865991	-0.6210781033866134	2.708275095970566	2.708275095970836	3.727040349288806	-4.380640876396651	-2.371277783296625	-7.397109275968232	3.492744468523699	2.236122129160599	-0.05590561234966278	0.7229355505607994	11.76180282732732	6.421132141390224	-1.167103931040569	-2.058092512923391	1.706077976703181	-3.298142666621529	4.578431435743185	1.394641545436315	0.01000448914906073	0.01000213685518529	0.01003280553164609	0.01004092698200338	0.01002842722989198	0.01000746529635167	0.01000979415499638	0.0100718159174408	0.0147240125877462	0.01121037147693691	0.01206636465108349	0.0117315783715551	0.01570892896308148	0.04444006683411013	0.01034870400383411	0.01006567862567647	0.01003984283302049	0.6034958301928832	0.3275532152637341	0.2497425695015757	0.3155141981678619	0.3355781288245133	0.6132226012835252	0.01002388935200869	0.01000440340023646	0.01009274430038708	0.01006193118540785	0.159833970317714	0.01000364111171878	0.01000342128401232	0.01008161161416237	0.01000978145072753	0.0100109867609678	0.3248317402390469	0.01001692490479479	0.01068436751895152	0.125390431970863	0.05609161972511907	0.05184008790066647	0.03272392873143844	0.07511641769112089	0.1189882044520321	0.0100040214862226	0.01000226846060114	0.01056101178530119	0.0537224912276137	0.01000222844781283	0.211402093099204	0.05314451913474937	0.01172280454507528	0.0218840558338568	0.01355342256507723	0.0595691846547871	0.106296967095835	0.01000232322909308	0.01000120481406106	0.01000120393049516	0.01000394416517134	0.01000517293717036	0.01000505775336933	0.01008470367162047	0.01022126139553371	0.01142766147103472	0.2158240678932254	0.01770388296546969	0.03921867906038011	0.01561764887186205	0.03045439677004715	0.01562915805387188	0.01000783125761192	0.03940922732887219	0.0100022581320942	0.0100102913388639	0.01000383314151818	0.01019669095383649	0.3239795394246759	0.01000759251124434	0.01000126058418566	0.01000037160412324	0.01000090108647955	0.01340806390218532	-0.02207239605347763	0.02662221512170435	0.05113667632992284	-0.1113672060439963	-0.0913068402067555	0.3889557211193261	-0.006974372636814333	-0.1771338892932784	0.06437079035836984	0.1110808990525589	0.3013925070349093	-0.06745873393535018	0.01000329285489424	0.01000170546573884	0.01002996515815359	0.01001918589615004	0.01002052582444789	0.01000515034111574	0.01000796212800312	0.0100853018736113	0.01000964893991578	0.01001846615485759	0.01519920721733468	0.01445409166722211	0.01888508500344298	0.09847146050226356	0.01003219945870766	0.01000541951183375	0.01000498568120906	0.9997443276315042	0.349776397627049	0.2208448673672732	0.4524690042405116	0.445818905012091	0.9040554999784337	0.01001493879940708	0.01000416100893631	0.01011031299380213	0.01009425646579561	0.4906622390287402	0.0100034323371036	0.0100043623269371	0.01007596479243016	0.01000509827368457	0.01001068975672399	0.5303629826889651	0.01001794380295911	0.01000865511292066	0.1552547812044876	0.01006739275676913	0.01003028216183682	0.01032734294496951	0.08158401373553617	0.107527778582752	0.01000400518483889	0.01000226944133938	0.01062955387620874	0.05836693555969486	0.01000219664993297	0.2283703837840216	0.07104568683421258	0.01218396186952407	0.02487806895628699	0.01382916413516856	0.06806186351148828	0.1176259091763247	0.01000215990541709	0.0100011930423165	0.01000121865139631	0.01000355657880666	0.0100044126469383	0.01000404414087488	0.01005047303323387	0.01006253866831685	0.01002279670617175	0.2475049421508551	0.01004007644107649	0.04799103480766619	0.01400080297326473	0.01001639821472306	0.01003353478113381	0.0100027317507361	0.02405269243093975	0.01000219768118567	0.01000865374626263	0.01000386417590803	0.01005601354745234	0.3553671350332276	0.01000697330949234	0.01000131467224465	0.01000038836668986	0.01000094005364593	-2.10339628754566	-0.5916547960437204	-6.90826315514948e-10	4.562081291205918e-10
0.1205506404264006	-0.1112710253582398	-0.04945528644877037	-0.02135376294203739	1.885736502508653	0.9284687792732221	-0.02668247173802186	0.1082335106576733	0.1930114550873488	0.1968829978675685	0.2500087639313558	0.0313590026931871	-0.02415067500804852	-0.1332934024601794	0.1166300768554372	0.01876450048555229	0.2204552173928778	0.220455217392734	0.6460139468600573	0.6460139468601027	-0.08213842574007192	-0.3135125746898615	-0.1405450799945893	-0.2578660583943684	0.05666178759735398	0.0775360515870822	0.3497262951815041	0.6394106804126928	1.056899494919589	0.8044195427636167	-0.03768081411820796	0.2610790923180925	1.503971332951015	1.617703619593932	-0.0409810606750485	-0.3658985806355422	-0.3450560912384957	0.4371990106609825	-1.882917469229233	2.803622888272129	-0.1327802515512191	0.03925779612739366	-3.521183195571655	-0.3479400356991436	2.738352270530852	4.965552014976526	-0.05657020703569512	-3.156053711223193	-0.2612010243154629	-0.5866995862139573	-0.2494087585949737	-0.7656877092553305	-0.7656877109077749	2.615552719253141	2.615552720308699	3.899483622514254	-4.251136674393268	-2.217641350708079	-7.801089404726707	3.386496911420952	2.394489777802558	-0.02890808062678105	0.6690239823102102	11.96593235084265	7.639578169626858	-0.7198932552556833	-2.232880432053508	1.531761845234765	-4.519435678258743	3.629280093158956	1.566414687300768	0.01000398754226544	0.01000195255104478	0.01003180688668202	0.01003302373988806	0.01002484546950182	0.01000653118538182	0.01000920151875628	0.0100830040550475	0.01298862592739063	0.01077038857501402	0.01958906156424633	0.02130436839379402	0.02734567304138069	0.07710549210306634	0.01022982649520104	0.01004348097789602	0.0100269952761966	0.687071373911992	0.3361746027375307	0.2460264712782728	0.3551687961324783	0.3688900405771284	0.6601103938374527	0.01001982401218496	0.01000431251211895	0.01009172271947636	0.0100673144200581	0.2486383741669254	0.01000356001820177	0.01000375306688303	0.01008207999591069	0.01000817501997468	0.01001100623123372	0.373101735145229	0.01412523671271554	0.01043404319901646	0.1308674019001783	0.04025502402989736	0.03735884326368867	0.02473797588155067	0.08003557088553943	0.1160709431311268	0.01000405591839663	0.01000228605082835	0.01060499388058887	0.05716316174640375	0.0100022281709463	0.2157248168380644	0.06018010596164749	0.01192712958265927	0.0236205925267281	0.01377546865898719	0.06196355971325204	0.109553384717336	0.010002251986651	0.01000120056862032	0.01000121795759639	0.01000377374461319	0.01000483986626611	0.01000462088524242	0.01007004289672277	0.01016089106115562	0.01090648864569701	0.2268572539009713	0.0148949292459721	0.04421164398929175	0.0150218872484711	0.02312665320255142	0.01357071525245076	0.01000594784477408	0.03268797539415164	0.01000224889304873	0.01000979559434721	0.01000385213984573	0.01014233561023373	0.3308952418017663	0.01000735060699312	0.01000129114550968	0.01000038099226579	0.01000092309214304	0.01441407528032566	-0.02575519144612792	0.02378518191106325	0.05119517558020886	-0.1080641065714299	-0.08464851585087038	0.3723726217063388	-0.007137871574843179	-0.1831832879442495	0.05992130709011104	0.1137178822117641	0.3362921815677995	-0.05938291302732338	0.01000300140920916	0.01000158309108713	0.01003024768003586	0.01002002226958953	0.01001723364449467	0.01000477111500521	0.0100084050355577	0.01011666447239735	0.01000934978278445	0.0100256291621036	0.04789999859919029	0.05850263789798404	0.07329236883668444	0.1791169738910838	0.0100246085500127	0.01000624197057052	0.01000542797443731	0.9998335022677456	0.3748829180837076	0.249016487511392	0.5003904104606552	0.4990554076160703	0.771691339699266	0.0100111688415371	0.01000415591674467	0.01007206742621203	0.0100607191204808	0.4599214975274526	0.01000341375659529	0.01000427467964917	0.01008896336942741	0.01000576494751239	0.01001134786255339	0.5167585228625364	0.03092745326952169	0.01000931883104201	0.1326097552075947	0.01004213716908592	0.01001814982370966	0.01039233494119001	0.09773973550370274	0.1113050883265844	0.01000421084003069	0.0100023570729798	0.01072386432288561	0.06868575572076102	0.01000225529163439	0.2262153697519524	0.07630731330973654	0.01235599972077347	0.02828090346241465	0.0144449512515959	0.06540725331691061	0.1158740334366696	0.01000210613060408	0.01000119363547453	0.01000126211970538	0.0100034223844369	0.01000415503875898	0.01000373689185281	0.01004054550214305	0.01005499899364273	0.01001716285109133	0.2648556070517699	0.01002858245519774	0.05842950251166146	0.01398924259769078	0.01001196946883868	0.01002392876782537	0.01000277688247274	0.01705013232424273	0.01000226498061523	0.0100092221777156	0.01000390193743906	0.01004503939814158	0.3492551787134562	0.01000691229422894	0.01000136780104348	0.01000040442836668	0.01000097828221884	-1.544983066840291	-0.5972871250045367	-6.568873028065282e-10	4.348737787504931e-10
0.1250154789607117	-0.1128139867794353	-0.04725764932978254	-0.029636226513439	1.898258118772665	0.9278638817858146	-0.02650957945271272	0.09243713933580998	0.1909006600573289	0.2082978308867234	0.2721324774809192	0.03124756696019535	-0.03802537070831132	-0.1344151720912572	0.1137363917251656	0.01752551231429241	0.216801876534823	0.2168018765344251	0.6574667378389505	0.6574667378390073	-0.06419817438971867	-0.3321572375808982	-0.1501270746223693	-0.2935865544622044	0.07155120631986951	0.08850061888302763	0.3497208619346007	0.6423199250084241	1.110409645145432	0.8411906753649254	-0.03976456493279456	0.2507967178087472	1.510376485259104	1.595612991196497	-0.0281513892369569	-0.3585099994756397	-0.3468932853143553	0.548803409557153	-1.828815929484614	2.805230935727715	-0.1378501864726713	0.03833518878617925	-3.54806418744416	-0.5995304421484502	2.366830048336527	4.945198678137074	0.008912501229983053	-3.059900659276916	-0.2400596314100789	-0.7112856143303286	-0.303583335244807	-0.862908276830207	-0.8629082768300518	2.513029079643138	2.513029079643817	4.149719085191409	-4.096439050595085	-2.076671826819488	-8.19863991504495	3.2837140828764	2.509862384072305	0.03215136441936223	0.6379651228802017	11.97036355238826	8.826614982078494	-0.2016773116179948	-2.366129643392131	1.333380214354302	-5.302982893793986	2.005215398451408	1.744274217260388	0.01000356487621108	0.010001791524763	0.0100312892103055	0.01002840131614252	0.01002137219884204	0.01000580545095107	0.010008997727254	0.01010176646607447	0.01189557339752018	0.01049769517236926	0.03608385844085814	0.04302289243581354	0.05376558550460316	0.1233281557124646	0.01015268866384615	0.01002992499104803	0.01001913687204942	0.7514705353836412	0.3487490631927003	0.2507214115306757	0.3956425221135406	0.4061315315976964	0.6688533170302393	0.01001586980192799	0.01000425388049199	0.01007672203697928	0.01005808465833105	0.2983051674673284	0.01000350242750533	0.01000392734474236	0.0100872534716742	0.01000742205879509	0.01001126552508213	0.4050907958538653	0.02437265965977818	0.01027776133057441	0.127711311418467	0.02961716209127097	0.02769161912705948	0.01958167168004359	0.08858610152441038	0.1152273959077756	0.01000415465754581	0.01000232994674966	0.01066784316325638	0.0629258352299381	0.01000225002417822	0.2182567264515831	0.06652829279834638	0.01211930039400574	0.02595788009532388	0.01414402646696741	0.06263302937737708	0.111221446946513	0.01000218730479915	0.01000119814008094	0.01000124304289562	0.01000361693192241	0.01000453513340403	0.01000423268983638	0.01005715874811301	0.01012034489197711	0.0105780537418648	0.2394561773496953	0.01311247152012505	0.051054922263382	0.01464263650617743	0.01838788825171172	0.01226871809197693	0.01000478845169424	0.0257766585806243	0.01000226840190355	0.01000969944606238	0.01000387816891922	0.01010425931703752	0.3345796591562464	0.01000717659739926	0.01000133018181417	0.0100003928861285	0.01000095118948291	0.01542008665846286	-0.02943798683877669	0.0209481487004228	0.05125367483049498	-0.1047610070988635	-0.07799019149498487	0.3557895222933514	-0.007301370512872253	-0.1892326865952206	0.05547182382185241	0.1163548653709691	0.3711918561006894	-0.05130709211929611	0.01000270996352492	0.01000146071643627	0.01003053020191629	0.01002085864302977	0.01001394146454214	0.01000439188889518	0.01000884794311387	0.01014802707118211	0.01000905062565658	0.01003279216935196	0.08060078998104514	0.1025511841287432	0.1276996526699267	0.2597624872799038	0.01001701764131959	0.01000706442932078	0.01000587026768035	0.9999226769039876	0.3999894385403657	0.2771881076555103	0.5483118166807984	0.5522919102200491	0.6393271794200972	0.01000739888366626	0.01000415082455247	0.01003382185862182	0.01002718177516632	0.4291807560261638	0.0100033951760865	0.01000418703237099	0.01010196194642281	0.01000643162134567	0.01001200596838279	0.5031540630361089	0.05183696273608731	0.01000998254916934	0.1099647292107015	0.01001688158140201	0.01000601748559292	0.01045732693740353	0.1138954572718692	0.1150823980704166	0.01000441649522298	0.0100024447046214	0.0108181747695605	0.07900457588182681	0.01000231393333723	0.2240603557198833	0.08156893978526089	0.01252803757202201	0.03168373796854236	0.01506073836802202	0.06275264312233297	0.1141221576970151	0.01000205235579091	0.01000119422863242	0.01000130558801473	0.01000328819006966	0.01000389743058045	0.01000342964283066	0.01003061797105279	0.01004745931896928	0.01001152899601351	0.2822062719526846	0.01001708846932113	0.06886797021565758	0.01397768222211665	0.01000754072295293	0.01001432275451846	0.01000282201421635	0.01004757221754568	0.01000233228004893	0.01000979060917023	0.0100039396989693	0.01003406524883125	0.3431432223936848	0.01000685127896418	0.0100014209298404	0.01000042049003816	0.01000101651078849	-1.182621522772756	-0.6014880900386784	-4.529284899930294e-10	2.928671593760457e-10
0.1294803174950229	-0.1143877260316228	-0.04456315511491544	-0.03772465102674276	1.910784935734917	0.9272395801383979	-0.02633550381614888	0.07661883559971074	0.1876927436031701	0.2180876457123706	0.2941855820916296	0.03141884386569167	-0.05151409499448408	-0.135414350443691	0.1102836071153017	0.01609885977008925	0.2128146349523937	0.2128146349522857	0.668446176355146	0.6684461763550125	-0.04498057298521243	-0.3500534700487014	-0.159103383648832	-0.331044122651007	0.08601638709218296	0.09982558911275154	0.3497852943926682	0.6451361101413705	1.163513651779087	0.8831100485111503	-0.03960214321020137	0.2400262633834098	1.515877739468501	1.571837511740446	-0.02339101662585678	-0.3503027261519674	-0.3620388869209676	0.6543559489967358	-1.801272082100479	2.805613003019308	-0.1415713664969069	0.04046425615024139	-3.523586739135635	-0.8287298018760703	2.029732819670195	4.937708889427992	0.05982914648533226	-2.98999761144922	-0.2038536250504188	-0.8317726010814205	-0.328077095890916	-0.9085632028048609	-0.9085632034592505	2.405469153089103	2.405469153505939	4.469986546415318	-3.915439235432227	-1.944497973356393	-8.574340008072143	3.201150524855126	2.547937232457124	-0.02663462075607288	0.6238736210566048	11.78680161085368	9.930744971699584	0.2538849016617819	-2.448375475487579	1.134976762230311	-5.092005988217744	0.2516789781049043	1.930809753275549	0.01000325195182207	0.0100016723999079	0.01003138455403342	0.01002595108841625	0.0100180067736976	0.01000528073302577	0.01000911294829917	0.01026764465957388	0.01119751922616405	0.0103249578324395	0.07049053046799744	0.08413045383998739	0.09871387299766707	0.2188132395709481	0.01010200980235794	0.01002148108039645	0.01001425956144499	0.8021259888662802	0.3569878564795225	0.2521547898093621	0.4320498791050173	0.4377772790024053	0.660534735911152	0.01001288706971282	0.01000430724620268	0.01005935567031143	0.01004558749513714	0.32373476593033	0.01000351103171381	0.01000386325442792	0.01025684146180136	0.01000733158506946	0.01001205880276948	0.4260680772312057	0.05401125444791657	0.01017843012098856	0.129255372955285	0.02258217780506695	0.02132374284960652	0.01621333241286209	0.09480559732526878	0.1107266901002644	0.01000426398512517	0.01000238527006158	0.01064560769345704	0.06526081447986493	0.01000228172260082	0.2191640444967278	0.07176986756568954	0.01228960518037476	0.02850002488785864	0.01458541264413318	0.06230031525604308	0.111833294210223	0.01000214095555637	0.01000120161386743	0.0100012742163385	0.01000352335354446	0.01000431406729614	0.01000393725040022	0.01004737715514879	0.0100926856335956	0.01036791114191822	0.2513933632505865	0.01196927199580757	0.05865294820536616	0.01471771529964477	0.01532212775128812	0.01143478157749758	0.01000405511211182	0.02009141531995239	0.01000230120174713	0.01000977981246289	0.01000391744977654	0.01007756694985894	0.3352066385226832	0.01000709636111657	0.01000137693930528	0.01000040707446475	0.0100009847977043	0.01624549739532198	-0.03238469042774971	0.01559181189393737	0.05428251566627554	-0.09832087152047636	-0.07120914782850875	0.3265159996489477	-0.005917821406602247	-0.1935624479782256	0.05047791012530191	0.1148494635995735	0.3938590823328993	-0.01355682327458347	0.01000273247342462	0.0100014792918878	0.01003244386662758	0.01002263151829766	0.01001086185946996	0.01000439191686063	0.01000971413288923	0.01090259950138844	0.0100077104698718	0.01003095790226908	0.1865502102469496	0.2212384958312417	0.2460829144639161	0.6298571722639223	0.0100152642619205	0.01000726428549445	0.0100061039568251	0.9997979113322206	0.3672371831493918	0.2368268705450744	0.5566069991652206	0.5349687472608362	0.61890668404784	0.01000821479691149	0.01000461442216087	0.0100265081423794	0.01002196495594885	0.3731408712396795	0.01000364001126589	0.01000337434813419	0.0109347197393217	0.0100078360764785	0.01001463519962051	0.4890883877737046	0.1594879001294832	0.01000993752999852	0.1532574019462248	0.01002361462811551	0.01001313855821424	0.01026348938446601	0.10258196802459	0.08773243234729414	0.01000447837113372	0.01000250949898774	0.01042225661859549	0.0616703886067714	0.01000235453774449	0.2193569976570176	0.08290072699971443	0.0126262287397795	0.03424762164981345	0.01559395565096521	0.06065376548878147	0.1123472610677141	0.01000207137195052	0.01000121916259942	0.0100013459661689	0.01000343286258133	0.01000397698404054	0.01000344314323976	0.01003096503738333	0.01004434291096979	0.01001094947579355	0.2868820494812872	0.01001373016993488	0.0772927400550141	0.01561392317154578	0.01000669646995335	0.01001128900095974	0.01000280377315343	0.01003428840557277	0.01000237870325597	0.01001002695479968	0.01000402301003475	0.01003079282483169	0.3316282106607061	0.01000705712051272	0.0100014871667474	0.01000044049162174	0.01000106396519211	-0.9542263349924298	-0.6052010708515286	-2.115434288685096e-10	1.419063477451794e-10
0.133945156029334	-0.1160824560177671	-0.0414486157744326	-0.04578282289709971	1.923307093547873	0.9266017575841176	-0.02614089503432782	0.06109830339072262	0.1835781360754085	0.2265233193403914	0.3162633771703289	0.03171055209792952	-0.0647938278081872	-0.1362028070163016	0.1063410577941714	0.01466197443631382	0.2088189998881835	0.2088189998883632	0.6789496441237159	0.678949644123409	-0.02418185425779704	-0.3670794033718052	-0.1674933260546857	-0.3700996622841979	0.100183472371604	0.1111175115899263	0.3492745558832944	0.6478939849850659	1.215389765621749	0.9296886922543514	-0.0376809443795446	0.2290233542098074	1.520548074614125	1.552421046660584	-0.02479212848818634	-0.3412802719740359	-0.401090450552907	0.7369603147834854	-1.815264413850912	2.803143897052752	-0.1439068058051953	0.04753289833579639	-3.41467903645808	-1.005677729019917	1.760249906170732	4.956258663861708	0.06285904340556274	-2.96628408127482	-0.1456679231107741	-0.9306730273724657	-0.3081670772280996	-0.8666681068586157	-0.8666681068587609	2.299820572571301	2.299820572571841	4.857971948821331	-3.706593310411328	-1.814012104204972	-8.914442461155961	3.150183835506274	2.495058808200401	-0.2254933553992057	0.6118453784241463	11.42033569857929	10.91370970419199	0.5861572391038781	-2.470256483812957	0.9611745628382172	-3.350386253566059	-0.754787776841895	2.109430011780309	0.01000306504077303	0.01000160501939614	0.01003216270398853	0.01002508649729245	0.01001474878280966	0.01000495311871098	0.01000951023563457	0.0106542520136144	0.01075956951799044	0.01021629232179396	0.1258186618120144	0.1467853228166599	0.1630572286542428	0.3760802058921133	0.01006969071686672	0.01001628200666524	0.01001130108452807	0.8420794859282249	0.3553057172009819	0.2425223546280484	0.4612649264500465	0.4576891212056302	0.6496724048700105	0.01001133071408004	0.01000451477010079	0.01004576445321753	0.0100358235426726	0.3285287281201807	0.01000360840227961	0.01000351803797329	0.0106750834737112	0.01000780257279728	0.01001354160729111	0.4387425621793706	0.1077300195768779	0.01011634512885564	0.1433975236855967	0.01804279725101118	0.01722780277409439	0.01400260653558122	0.09532700969441618	0.09894041665625974	0.01000435549596742	0.01000244415313392	0.01048321579774196	0.0609083955835685	0.01000231677000847	0.2185403391898814	0.07566376940822028	0.01243289456438107	0.03103744156467353	0.01506052482187793	0.06136668878945464	0.1116965838132991	0.01000211916114308	0.01000121314945356	0.01000130884955765	0.010003519249763	0.01000420591383554	0.01000375785938	0.01004139891610143	0.01007423959997662	0.01023631682916632	0.2612837247617829	0.01125006867876586	0.06642958532134177	0.01537275516690124	0.0133787686957817	0.01091070528995662	0.01000359023034965	0.01643867787115971	0.010002339120123	0.01000991872824885	0.01000397326876713	0.0100596662201563	0.3328614046478492	0.01000712356805999	0.01000143101799274	0.0100004234455505	0.01000102360880367	0.01707090813218107	-0.03533139401672273	0.01023547508745162	0.05731135650205597	-0.09188073594208968	-0.06442810416203276	0.2972424770045443	-0.004534272300332575	-0.1978922093612303	0.04548399642875181	0.1133440618281783	0.4165263085651096	0.02419344557012876	0.01000275498332435	0.01000149786733874	0.01003435753133751	0.01002440439356541	0.01000778225439659	0.01000439194482619	0.01001058032266638	0.01165717193159621	0.01000637031409209	0.01002912363518878	0.2924996305128543	0.3399258075337407	0.3644661762579051	0.9999518572479402	0.01001351088252681	0.01000746414167828	0.01000633764597904	0.9996731457604542	0.3344849277584178	0.1964656334346384	0.5649021816496422	0.5176455843016227	0.5984861886755831	0.01000903071015658	0.01000507801976806	0.01001919442613644	0.0100167481367308	0.317100986453195	0.01000388484644425	0.01000256166389723	0.01176747753222276	0.01000924053161486	0.01001726443085835	0.4750227125113008	0.2671388375228711	0.01000989251083759	0.1965500746817483	0.01003034767482366	0.01002025963077333	0.01006965183152065	0.0912684787773104	0.060382466624171	0.01000454024704507	0.01000257429335581	0.01002633846763289	0.04433620133171521	0.01000239514215428	0.214653639594152	0.08423251421416764	0.01272441990753587	0.03681150533108515	0.01612717293390903	0.05855488785522938	0.1105723644384121	0.01000209038811098	0.0100012440965679	0.0100013863443244	0.01000357753509642	0.01000405653750199	0.0100034566436493	0.01003131210371465	0.01004122650297111	0.01001036995557742	0.2915578270098897	0.01001037187055136	0.08571750989437035	0.01725016412097477	0.01000585221695196	0.01000825524740302	0.01000278553209169	0.01002100459360032	0.01000242512646897	0.01001026330043095	0.01000410632109768	0.01002752040083243	0.3201131989277282	0.01000726296206146	0.01000155340365253	0.01000046049320006	0.0100011114195924	-0.8185255071533322	-0.6086338767073652	5.262282688010759e-11	-1.450484178089696e-11
0.1384099945636451	-0.1179985459587477	-0.03804647142116394	-0.05401104695179361	1.935810011351089	0.9259585328641926	-0.02590252424993271	0.04626743877818903	0.1788318807640888	0.2339202958293934	0.3384730037945249	0.03185784309940871	-0.07808906219333726	-0.1366966014324315	0.1020409932603726	0.01343365651151705	0.2052777122076564	0.2052777122077975	0.6889891651132416	0.6889891651133719	-0.001503701948690455	-0.3831292475486683	-0.1752689074674286	-0.4105129602334869	0.1141444735776589	0.1223079599441633	0.3478173900809949	0.6505933780875368	1.265241211896499	0.9801806784120145	-0.03452641845140015	0.2180736513008972	1.524487098354218	1.541602849731636	-0.0290100324729031	-0.3314851229563797	-0.4568305419780294	0.7774613996311539	-1.873775948141017	2.797053533356863	-0.1436602677945315	0.0597243531420911	-3.223316856067015	-1.106525532632947	1.566187997614637	4.991347458715771	-0.01150321771669953	-2.992971771532778	-0.07708398219903834	-0.9847844338789035	-0.2376545204602719	-0.7073216804125614	-0.7073216801123843	2.198932502585842	2.198932502579109	5.310987626139668	-3.481406529491303	-1.662662408074936	-9.170328151467677	3.101428093664717	2.550739134630287	-0.4220264141177252	0.5981884038915939	10.88358248843455	11.65164495254363	0.8139499565170051	-2.416933650577066	0.8070072526583296	-1.787443800163842	-1.226881952278165	2.276894300813336	0.01000301837256372	0.01000159795929274	0.01003523469993017	0.01002658944344076	0.01001243915416502	0.0100048486725132	0.01001067436409065	0.01125142140085345	0.01048021461165836	0.01014591129630208	0.1836685897256099	0.2143523248465841	0.264440814710063	0.5210402246146679	0.01004909363880062	0.01001303993401013	0.01000970010884535	0.8450070883801117	0.3438458590676998	0.2239569731338993	0.4769116177195299	0.4635143015350122	0.6310530775813	0.01001158593229192	0.01000484222653798	0.01003670454882759	0.01002990554336454	0.3158890628835862	0.01000379519189508	0.0100030775252738	0.01119986321980219	0.01000966409046459	0.01001687659509458	0.4504091480693467	0.1621878488852594	0.01007630110447979	0.146150437048855	0.01510813367514226	0.01458422918265433	0.01254690982532368	0.08814169373894615	0.08234038198261603	0.01000438130056037	0.01000248939095791	0.01031186318287161	0.05221986692854654	0.01000234947550419	0.217604839502449	0.07761308532109315	0.01252864669658308	0.03281686741351642	0.01543527896937218	0.06076783451450716	0.1113123728893624	0.01000213427000732	0.01000123962660836	0.01000134233935839	0.01000368098907522	0.01000427849569001	0.01000373891929062	0.01004201355224049	0.0100657935158648	0.01015361600648302	0.268548619122062	0.01079077162084379	0.07122446519903089	0.01560273674688914	0.01213461392175852	0.01057611803522113	0.0100032838791748	0.01408267861907075	0.01000237570320328	0.01001001281841334	0.01000401424060406	0.01004777843921233	0.3298349405614894	0.01000739030504764	0.01000148821253497	0.01000044057192735	0.01000106489941781	0.01471083051714979	-0.03221787101222485	0.009989996063889029	0.06598378880148016	-0.08964589284241085	-0.05532330143187653	0.2565709341858765	-0.002106967215405639	-0.1912587646214263	0.04547342163365867	0.1202047358350078	0.4091557955475295	-0.01816289160312483	0.0100031016659848	0.01000166341371041	0.01004580805938589	0.01003331384908143	0.01000918181288993	0.01000491831220618	0.01001446849571583	0.01280428922846711	0.01000528027941213	0.01002431960416262	0.3477488896813896	0.4214112187918777	0.6821416314761751	0.9999708366096928	0.01001477784852889	0.01000761966655535	0.01000756109915273	0.7222980582225438	0.2827318213460077	0.1510392939428407	0.4994895089853292	0.4518543714801339	0.5248496180047305	0.01001465275770523	0.01000567634900445	0.01002326174986906	0.01002263800887222	0.239878665170858	0.01000431048430353	0.01000212902979802	0.01237811459463619	0.01001597067023528	0.01002716878867862	0.5042641863792584	0.30503003048037	0.01000711324867872	0.1121117191383329	0.01002030845819387	0.01001092526804829	0.01003786551808885	0.0563438782180237	0.03526631173577392	0.01000432367646649	0.01000255897427059	0.01001650887565033	0.02729440590000473	0.01000241358649919	0.2154897633503244	0.07922656603410397	0.01266379420606852	0.03535526135799268	0.01604027343637687	0.06051400983542807	0.1103607396813876	0.01000222114782208	0.01000132004132453	0.01000141030529188	0.01000428844091524	0.01000470587466894	0.0100039274443571	0.01005341116795461	0.01006051605277788	0.01001601580938231	0.2872995566079619	0.01000913539817655	0.07641006451700857	0.01489273876918874	0.01000715900399031	0.010007168754413	0.01000274654852822	0.01001808327682304	0.0100024490460903	0.01001009245847026	0.01000406348090053	0.01002773171682627	0.3207658106824773	0.01000835331281808	0.01000161298037371	0.01000047761998638	0.01000115548047714	-0.7432812715084155	-0.6115590302161479	1.355502818726228e-10	-5.98880979728665e-11
0.1428748330979563	-0.1201584029671381	-0.03459141798153059	-0.06254408318031128	1.94828016172194	0.9253239356556129	-0.02560328567733854	0.03236342328309975	0.173820950379933	0.240624985590782	0.3608249007528053	0.03147725655477999	-0.09155339535840328	-0.1369050669920401	0.09764309160160542	0.01257905626845082	0.2026127778598972	0.2026127778599613	0.6985997265989199	0.6985997265994982	0.02333646734341783	-0.3981543816693884	-0.1822836202361862	-0.4518257005749679	0.1278590964204961	0.1341903410815231	0.3455525171452452	0.6532432504115155	1.312337646087337	1.033267502648013	-0.03052823216272781	0.2075986967052495	1.527787585958144	1.533853376067383	-0.03657184361400512	-0.3209604771859546	-0.5102845823115013	0.760660645233444	-1.951803353573668	2.78846590721601	-0.1400421609990651	0.07479828822305704	-2.999502050557682	-1.124237473532626	1.450143836004773	5.019987877880182	-0.1736008146340288	-3.042030959648395	-0.01785640787984323	-0.9744986212504495	-0.1407623002987186	-0.4741104548958571	-0.4741104548958904	2.107670478915967	2.107670478914105	5.826435659390266	-3.247580091034199	-1.473185164248668	-9.317342735159427	3.039820016838225	2.805006300919957	-0.5873013891395855	0.5896628000513376	10.18624310827906	12.07605317379312	0.9640702975097297	-2.257595607020634	0.6751457987486327	-1.97576845492954	-2.252672844313395	2.436204092977441	0.010003119476813	0.01000165575733255	0.01004145257071157	0.01003087338018405	0.0100115224649535	0.01000498118148601	0.01001286175600843	0.01205356824625274	0.01030509734919431	0.01010013492043575	0.236848394281834	0.2807082146642813	0.4105976542707159	0.62394296039402	0.01003670407982272	0.01001107352847027	0.0100091596718718	0.7911857343693141	0.322418212990414	0.1975946817978239	0.474286136143435	0.4531623372340322	0.6007380918023084	0.01001385650670963	0.01000527153761469	0.01003257519920177	0.01002842167026858	0.2868669795434559	0.01000407175605905	0.01000263998325629	0.01175620317648476	0.01001335511802294	0.01002267874937941	0.4659720564063317	0.2082006642152806	0.01005024256134185	0.1223675031457891	0.0132455490757094	0.01290860890965645	0.01161941583860458	0.07168770543604858	0.06240756556408956	0.01000431607918668	0.01000251188697713	0.01020107118001482	0.04045884882039712	0.01000237682989922	0.2171522878383741	0.07725377890446625	0.01256595882479566	0.03343064044120268	0.0156383879750922	0.06103960031204966	0.1109820808487236	0.01000219281348403	0.01000128468345051	0.01000137225208833	0.01000404895990373	0.0100045676838742	0.01000390391668616	0.01005069664824932	0.01006776275546293	0.01010406470840048	0.272782881905173	0.01050281353050642	0.07126430466805729	0.01487143688900584	0.01135338662429197	0.01036640645668367	0.0100030779099189	0.01259338480922032	0.01000240753706246	0.01001000741403274	0.01000402376495459	0.01004043332510665	0.3277052529286815	0.01000796640580512	0.01000154630074434	0.0100004576986304	0.01000110723017377	0.01235075290212178	-0.02910434800772873	0.00974451704032725	0.07465622110090457	-0.08741104974273205	-0.04621849870172077	0.2158993913672083	0.0003203378695216281	-0.1846253198816222	0.0454628468385658	0.1270654098418373	0.4017852825299499	-0.06051922877637795	0.01000344834864565	0.0100018289600826	0.01005725858743281	0.0100422233045961	0.01001058137138294	0.01000544467958637	0.01001835666876584	0.01395140652533591	0.01000419024474248	0.01001951557313962	0.402998148849925	0.5028966300500142	0.9998170866944449	0.9999898159714448	0.01001604481453384	0.01000777519143733	0.01000878455232991	0.4449229706846317	0.2309787149335978	0.1056129544510432	0.434076836321016	0.386063158658645	0.4512130473338777	0.01002027480525457	0.0100062746782408	0.01002732907360133	0.01002852788101279	0.1626563438885209	0.01000473612216281	0.01000169639570144	0.01298875165704683	0.01002270080885594	0.01003707314649811	0.5335056602472157	0.3429212234378686	0.01000433398653403	0.02767336359491758	0.01001026924157969	0.01000159090537509	0.01000607920468925	0.0214192776587374	0.01015015684737813	0.0100041071058893	0.01000254365518751	0.01000667928367456	0.01025261046829532	0.0100024320308462	0.2163258871064969	0.07422061785404056	0.01260316850460053	0.03389901738489958	0.01595337393884318	0.06247313181562734	0.1101491149243643	0.01000235190753285	0.01000139598608093	0.01000143426626053	0.01000499934673654	0.01000535521183643	0.01000439824506434	0.01007551023219472	0.01007980560258516	0.01002166166319051	0.2830412862060342	0.01000789892580605	0.06710261913964712	0.01253531341740455	0.01000846579102622	0.01000608226142683	0.01000270756496405	0.01001516196004634	0.01000247296571695	0.01000992161651133	0.01000402064070504	0.01002794303282001	0.3214184224372261	0.01000944366357497	0.01000167255709342	0.01000049474676857	0.01000119954135919	-0.7046715603855094	-0.6141589766851593	9.490582725870384e-11	-2.957049052794416e-11
0.1473396716322674	-0.1225381204593086	-0.03138092713002674	-0.0714374292053815	1.960708098345032	0.9247153584435545	-0.02523160141620781	0.01949662987017515	0.1689603772172778	0.2470086022754916	0.383270228945203	0.03013614044719646	-0.1052470114533137	-0.1368881979761748	0.09348035829687922	0.01218769996986486	0.2011348852986845	0.2011348852987123	0.7078367651563239	0.7078367651570088	0.05057981793870288	-0.4121151185015586	-0.1883735302568305	-0.4936048587849821	0.1413050173395845	0.1474318346643333	0.3424617090148731	0.6558737822908063	1.356041100804578	1.087689297589054	-0.02611284022830694	0.1981214962156669	1.53054109743082	1.522572017517651	-0.04970328460152471	-0.3097613614557874	-0.5517175975502514	0.6722257485313847	-2.027170541414888	2.778849961851783	-0.1313114407530861	0.09142501512967043	-2.769038875474631	-1.048375730836627	1.403470829280726	5.02722836565052	-0.4305546333535853	-3.083364892273473	0.02103949573078755	-0.8841712073853619	-0.03870319273637463	-0.1895949993512644	-0.1895949992064297	2.02791583673044	2.027915836736052	6.378606025559602	-3.001449336492648	-1.251035119298776	-9.388698999998564	2.984054579958036	3.126468122996452	-0.805749705328544	0.5886403326521862	9.3768165546131	12.27535260322626	1.018451789409185	-1.984301604021721	0.560856688666725	-3.119648073185482	-3.542721184400536	2.568722807625564	0.01000324677534655	0.01000172516785707	0.01004593444186294	0.01003587998703213	0.01001120596028149	0.01000515883998871	0.01001475854548028	0.01266217272892244	0.01019337225294933	0.01007008685638929	0.2819722618720528	0.3664257898367503	0.5449223528879692	0.7027861167094137	0.01003269497793724	0.01001021454527115	0.01000928256445337	0.7421838918686769	0.3045877644345536	0.1760608382945197	0.4724619248211148	0.4429917299823226	0.5720119986811382	0.01001846157915866	0.01000573825560456	0.01002985876549309	0.0100271033963243	0.2591240279792305	0.01000434444219557	0.01000228967300572	0.01219981901758611	0.01001646916480897	0.01002704901117021	0.5021553055678589	0.2510049739237837	0.01003301143012267	0.09214664773366243	0.01205129762229863	0.01183520330498854	0.01102226298547137	0.06649823632155366	0.05091652755535164	0.01000423598352138	0.01000252799416313	0.01012910802163034	0.03635005128602199	0.01000240312099008	0.2173508104309788	0.07810829992955975	0.01272811212609477	0.03367129389452294	0.01562454972260599	0.06134030666453188	0.1103408019844597	0.01000226093806505	0.01000133425141534	0.01000140226774057	0.01000445613396082	0.01000490271894267	0.01000411305320492	0.01005899060839008	0.01007042476581171	0.01007487828062217	0.2795102518343213	0.01031928441964253	0.06998627666204799	0.0141694046910333	0.01085541158169897	0.01023277165717405	0.01000293289961731	0.01164076713984219	0.01000243492318824	0.01000997892683205	0.01000399250947864	0.01003538195927824	0.3267815264914105	0.01000964819813305	0.01000160620737075	0.01000047532442232	0.0100011512220638	0.01286680269790425	-0.02884733914308658	0.01274962493604619	0.07865325867761684	-0.08334633687896464	-0.03404670371284525	0.1827723301955504	0.001395717826643193	-0.182298868465589	0.04311557089829011	0.1322117791310308	0.3977700855575754	-0.06818361995806373	0.01000347435639155	0.01000185445242456	0.01005023997300824	0.01004625561463021	0.01001074721989717	0.01000547266857242	0.01001763002184218	0.01348010569727544	0.01000358449562943	0.01001884206274337	0.4142289545571627	0.7380394483431235	0.9996677517778034	0.9999882260411435	0.01003459784164293	0.01000962810011057	0.01001011467004119	0.6465727423821016	0.2675939646102134	0.1341171289963865	0.4956670887387448	0.4283250149360969	0.4779145400078756	0.01003154737324848	0.01000675020507307	0.01002342356014494	0.01002163876625897	0.1921609043767114	0.01000486671623067	0.01000169671207409	0.01292765651610063	0.01002088957749257	0.01003213913095282	0.7160599789084221	0.3886078879167221	0.01000334343482301	0.02317561288080103	0.01000849364457516	0.01000149739493068	0.01000545437166593	0.08631824881506373	0.04450083750857445	0.01000409458749406	0.0100025657572901	0.01000746028847267	0.04491378158275731	0.01000246150334082	0.2193049096555279	0.08489946422074204	0.01336037231238962	0.03429640692693316	0.01528905647292204	0.06144749205223188	0.1078175267313149	0.01000239788489081	0.01000143775498365	0.01000146973080501	0.01000527568596297	0.01000557190189047	0.01000452812735474	0.01007085613368088	0.01007062775426786	0.01002869082075383	0.3137253146368476	0.01000775612249099	0.06768734794117144	0.01333844648102597	0.01000820270206054	0.01000606391038412	0.01000266941055561	0.01001458718672669	0.01000248889665073	0.01000993908561421	0.01000386762791	0.01002583414960215	0.3262448257181889	0.01001519193162716	0.01000173861819396	0.01000051440446875	0.01000124883739496	-0.6936463954038359	-0.6184206347907835	6.870665734685097e-11	-1.848507814212714e-11
0.1518045101665785	-0.1250495292919497	-0.02863541047728977	-0.08060363243027101	1.973096980819309	0.924162575844201	-0.02478930569313207	0.007592766186796795	0.1645008534466744	0.2531049205154725	0.4056535092665818	0.02760209174293416	-0.1190101935801609	-0.1367562436595293	0.08980133902396592	0.0121963044295698	0.2009046532929944	0.2009046532929996	0.7166896542371586	0.7166896542379636	0.08030903814381724	-0.4249152223668047	-0.1934217276755192	-0.5355860301813404	0.1545133122951983	0.1621088689914003	0.3382811699760747	0.6584993554614991	1.395947578002849	1.142645447044161	-0.02139207152705827	0.1899095518601442	1.532818911666581	1.50562093701418	-0.06743242921731764	-0.298126693547925	-0.5692750321272112	0.5523779650847563	-2.074028270178904	2.770971816654005	-0.1150492728246183	0.1064283055389565	-2.568162915840894	-0.9445895464996716	1.321450078455092	4.992193896898917	-0.7079684889722272	-3.073192713147914	0.03369546454703706	-0.7578215221756159	0.03839795966233486	0.08477226505545357	0.08477226505544423	1.935592799330863	1.935592799330921	6.939967392175605	-2.727680962261833	-1.006555721066122	-9.407833420348583	2.933376809683427	3.44804891525613	-1.075440378706874	0.5874415792520663	8.485407805413585	12.31541430650618	1.100862141403765	-1.690831029696902	0.4620598236392036	-4.515489382927376	-4.31218891947165	2.631307299593904	0.01000333600017163	0.01000177805232336	0.01004609844006282	0.01004052074825643	0.01001107050820553	0.01000528024738896	0.01001566990292579	0.0128669313657684	0.01012332898939521	0.01005106537179657	0.3166700091473023	0.4820040265510816	0.6419100939401193	0.7637866888804911	0.01003715695629584	0.01001037394445448	0.0100098587334636	0.7440806417436993	0.3001555308085045	0.1683874771810363	0.4847946707680699	0.4446770816363602	0.5548848407155658	0.01002557003589178	0.01000620831837624	0.0100266956161518	0.01002369340491891	0.245698726129072	0.01000456373966667	0.01000207111373401	0.01245447046416135	0.01001773287716478	0.01002792529307949	0.5697732861404472	0.2927528550757214	0.01002187725232548	0.06896064202250746	0.01130044601780822	0.01116128935906129	0.01064799746040204	0.08447948851850103	0.05503185905377099	0.01000418127568072	0.01000254635799525	0.01008444335819739	0.0458783096757254	0.01000243061511852	0.2183083455345023	0.08219660038940242	0.01311224961453444	0.03396793182930932	0.01536923216909963	0.06118936823157319	0.1091674226692786	0.01000232074402389	0.01000138089170062	0.01000143433207983	0.01000481418321191	0.01000519330743604	0.01000429241389066	0.01006242230863453	0.01006863813257926	0.01005928549990431	0.2923040544951981	0.01020450557658173	0.06933042294683325	0.01402673657509777	0.01054354539458855	0.01014925043927249	0.01000282800053044	0.01104284440707261	0.01000245801919744	0.0100099677459817	0.01000391554309487	0.0100314350239478	0.3272722355090993	0.01001285688840425	0.01000166842215903	0.01000049371314695	0.01000119720399784	0.01338285249367965	-0.02859033027844316	0.01575473283176373	0.08265029625432933	-0.07928162401519732	-0.02187490872396942	0.149645269023893	0.002471097783764884	-0.1799724170495552	0.04076829495801432	0.1373581484202244	0.393754888585201	-0.07584801113974998	0.01000350036413568	0.01000187994476278	0.01004322135858328	0.010050287924663	0.0100109130684104	0.01000550065755756	0.01001690337492014	0.01300880486921465	0.01000297874653236	0.01001816855234978	0.4254597602644006	0.9731822666362332	0.9995184168611612	0.999986636110842	0.01005315086875603	0.01001148100878951	0.0100114447877539	0.8482225140795719	0.304209214286829	0.1626213035417303	0.5572573411564732	0.4705868712135486	0.5046160326818734	0.01004281994124108	0.01000722573190298	0.01001951804668854	0.01001474965150497	0.221665464864902	0.01000499731029618	0.01000169702844558	0.01286656137515402	0.01001907834613302	0.01002720511540636	0.8986142975696282	0.4342945523955731	0.01000235288313066	0.0186778621666844	0.01000671804758188	0.01000140388450575	0.0100048295386593	0.1512172199713902	0.07885151816977141	0.0100040820691013	0.01000258785939682	0.01000824129327694	0.07957495269722001	0.01000249097584128	0.2222839322045589	0.09557831058744365	0.01411757612017796	0.03469379646896716	0.01462473900700035	0.06042185228883559	0.1054859385382647	0.01000244386225044	0.01000147952388961	0.01000150519535411	0.01000555202519245	0.01000578859194555	0.01000465800964522	0.01006620203516809	0.01006144990595054	0.01003571997831922	0.3444093430676615	0.01000761331918104	0.06827207674269643	0.01414157954464645	0.01000793961309286	0.01000604555934606	0.01000263125614403	0.01001401241340711	0.01000250482759539	0.01000995655472044	0.01000371461511271	0.01002372526638366	0.3310712289991516	0.01002094019967759	0.01000180467929329	0.01000053406216539	0.01000129813342812	-0.6874999616525911	-0.6242071656886501	5.351341863657205e-11	-2.205276675372347e-11
0.1562693487008897	-0.1275756471549493	-0.02639122499678707	-0.08987919226472889	1.985458772953782	0.9236990544526796	-0.02428934269250853	-0.003539895851768631	0.1604124583852295	0.2585974649730386	0.427768064520745	0.02395056200436734	-0.1325556087666615	-0.1366201067766512	0.0866530450259365	0.01244299619278785	0.2017659668385013	0.2017659668385169	0.7250608632105419	0.7250608632114104	0.1125305875800629	-0.4364003342849018	-0.1973477934778258	-0.5775564964792683	0.1674980089903248	0.178159020363182	0.3328713877564728	0.6611023322793337	1.431711351237532	1.197476392998747	-0.01598746607180436	0.1828868065121594	1.534709374223966	1.482802889993871	-0.08784803647521972	-0.2864242625817321	-0.5602964704795113	0.4594389623659885	-2.076193587253402	2.767083116167842	-0.09186681208729604	0.1169447829953296	-2.424414844393946	-0.8971352470017602	1.131361353018822	4.909280117070748	-0.9139396282983734	-2.984500526591592	0.02710101672077491	-0.6594199243261376	0.06671103944795025	0.292834066593797	0.2928340666859665	1.808858275219951	1.80885827519476	7.487359359452126	-2.409950497769337	-0.7520343704212425	-9.387465021115194	2.883409117285762	3.731100996569708	-1.344947663763098	0.5753625923350466	7.526878490076485	12.22824456318425	1.337437207181513	-1.467672846725617	0.3878251341699326	-5.544435830757085	-4.838394373779805	2.590410455976983	0.01000338592662242	0.01000181467461159	0.01004413108475415	0.01004418296985887	0.01001060970047013	0.01000534483565593	0.01001595735811446	0.01290357024615344	0.01007862058408049	0.01003818729404284	0.352616813097599	0.5917636738419223	0.7165492515935764	0.8118634177876605	0.01004263898468288	0.01001079244876621	0.01001049365057614	0.7733441218668823	0.2995008936474324	0.1636593603567244	0.505572589690186	0.4507457484246928	0.5405774878921548	0.01003180466849562	0.01000665440477208	0.01002345132091913	0.01001979261515204	0.2292806724444775	0.01000474507297313	0.01000193343230975	0.01262488651149828	0.0100179962023536	0.01002724366571636	0.645436573674649	0.3338223578605398	0.01001460958960656	0.05197062025101048	0.01082126177901183	0.01073170202342453	0.01040947062861755	0.1103025788110188	0.06740122708905713	0.01000416974976158	0.01000258143716306	0.01005629437191073	0.06255779211954728	0.01000247056264052	0.2187734945082346	0.0876728111516501	0.01363618426447602	0.03392639799511524	0.0150211353359233	0.06112379609726035	0.1078572055040272	0.01000237824722296	0.01000142851349637	0.01000147434642161	0.01000514557652776	0.0100054473081618	0.01000444052526223	0.01006347043225224	0.0100645969381565	0.01005005357828659	0.3055203376436395	0.01013150331828645	0.0681605122378024	0.01410989885182621	0.01034477639098161	0.01009614926364256	0.01000274565192701	0.0106616964388997	0.0100024968523026	0.01001005104111675	0.01000384999438226	0.01002833518694752	0.3272412527589509	0.010016360585315	0.01000173405554998	0.01000051485905634	0.0100012515564429	0.01318853907258793	-0.03139632819322902	0.0155836997470725	0.08533125245558415	-0.07473813455140819	-0.01098389868134235	0.1153866752359654	0.003039129439254466	-0.1749872596660111	0.03772899392075497	0.1434878286582193	0.3811817547710984	-0.05029949782492223	0.01000344405639733	0.01000187378894449	0.0100386574090094	0.01005048056355716	0.01000887264626948	0.0100054133125285	0.01001603867174971	0.01292864536992113	0.01000269207235837	0.01001477336348074	0.4985412782689435	0.9865639791269009	0.9997098873923517	0.9999880083213633	0.01005085393494055	0.01001152046470075	0.01001168049379384	0.9240263852044953	0.2914028027911755	0.1423197737932952	0.5986766988157688	0.4723670308751508	0.4732871122569167	0.01004197089352887	0.01000756943483369	0.01001657480809712	0.01001179833731008	0.148873165853688	0.01000509948985956	0.01000170308431935	0.01295972924495075	0.01001787566595141	0.01002510143939416	0.9492976392003293	0.4786890109954979	0.01000224109603843	0.01829725618916847	0.01000586690839161	0.01000128284582816	0.01000422646554913	0.1782514032054328	0.1031388436443492	0.01000421050716221	0.0100026877565182	0.0100088799778288	0.1081484872341686	0.01000257988174426	0.2179582911971661	0.102227925226469	0.01490131961222563	0.03310205393927862	0.01424158665892701	0.061506408577821	0.1045096546208436	0.01000250368476139	0.01000153524735946	0.01000157465621684	0.01000584406279263	0.01000595622535871	0.01000472083966986	0.0100643985488382	0.01005449213764233	0.01003324139468001	0.3453327348063634	0.01000780483372729	0.06361883969630526	0.01435124907696069	0.01000695510849313	0.01000618490263049	0.0100025842908492	0.01001381692024193	0.01000261373481707	0.01001039990316492	0.01000375996630544	0.01002251855443549	0.3235263630615304	0.01002349364725898	0.01000188093511165	0.01000056535750488	0.01000138374183643	-0.6806157111113869	-0.6277786203667898	1.527370898927802e-11	3.767822505625663e-11
0.1607341872352008	-0.1300350317830045	-0.02447431253014612	-0.09910127465543156	1.997812012983303	0.9233486268876544	-0.02375022823988215	-0.0141079358876021	0.1563972985191642	0.2631402514150854	0.4494505378118119	0.01956390784048059	-0.1455724051708989	-0.1365158967835768	0.08385059751373311	0.0127438330898843	0.2034462175395289	0.2034462175395287	0.7327940760576361	0.7327940760585734	0.1471139096558217	-0.446372243228405	-0.2001365302481271	-0.6193671422258937	0.1802644576791858	0.1953332814840106	0.3262970670048778	0.6636087138769077	1.463089626341862	1.251682886917861	-0.00929438527785376	0.1766902670974977	1.536309412271934	1.457551220607012	-0.1106870556459801	-0.2751766345776687	-0.5393822765516083	0.4057778467430057	-2.050073339987209	2.767140950019223	-0.06438951738523623	0.123965983017893	-2.31524352977172	-0.9117842750461392	0.8960111250612515	4.798645169683458	-1.037263413773466	-2.836400848599553	0.01939403938847737	-0.602901514732137	0.06265194399879689	0.4516107138406888	0.451610713840746	1.649805896472434	1.649805896472568	7.997910593224142	-2.049849944732735	-0.4970953908628303	-9.336242667944413	2.835613825294317	3.95158770726461	-1.597088983067202	0.5441722790120559	6.520947949205317	12.03569439862883	1.678027675936031	-1.320736644396983	0.331965753614786	-5.605617206739412	-5.397742912756735	2.427580792433198	0.01000339591154498	0.01000183517927819	0.01004118878305457	0.01004654259753437	0.0100095557351581	0.01000535231068413	0.01001581209821597	0.01289661718484114	0.01005058417691526	0.01002886912012168	0.3964742432154388	0.6764018042453365	0.7745432174062375	0.8498579536241435	0.01004520046409161	0.01001106858024458	0.01001097866937282	0.8119648133507262	0.295780105589163	0.1543306844649209	0.5306877727655962	0.4558234021002013	0.5224853333727221	0.01003537936417082	0.01000706204969634	0.01002031948461654	0.01001624789087886	0.197043535811338	0.01000489660438432	0.01000184975038956	0.0127664029103812	0.0100177088637683	0.01002602802641541	0.7141511515697893	0.3743813642719473	0.01001002848882291	0.04028929632958057	0.01052097158686784	0.01046279936980188	0.0102600998631155	0.1355120403245259	0.08345770673995601	0.0100042108109099	0.01000264087402464	0.01003895201382501	0.08271647977115011	0.01000252891112844	0.2179311560434585	0.09348023370792406	0.01425629834033547	0.03332957973874513	0.01465975658414059	0.06144965078330254	0.1066497598260247	0.01000243662688952	0.01000147918300424	0.01000152542945533	0.01000546219704883	0.0100056688766006	0.01000455660646015	0.0100634463219287	0.01005946083388841	0.01004335567284757	0.3155179425073329	0.01008596517846539	0.06581367677582541	0.01424014101006962	0.01022014570568849	0.01006302841851591	0.01000267656968313	0.01042313516707413	0.01000256201288324	0.01001026961793801	0.01000382607602501	0.01002594620243553	0.3253598424155812	0.01001950776490034	0.01000180369087088	0.01000053981664541	0.0100013176517735	0.01299422565150292	-0.03420232610801753	0.01541266666238232	0.08801220865683877	-0.07019464508761887	-9.288863871534733e-05	0.08112808144803756	0.003607161094743632	-0.1700021022824668	0.03468969288349548	0.1496175088962139	0.368608620956996	-0.02475098451009523	0.01000338774865956	0.01000186763312682	0.01003409345943481	0.01005067320244938	0.01000683222412878	0.01000532596749977	0.01001517396857976	0.01284848587062699	0.01000240539820936	0.01001137817461362	0.571622796273486	0.9999456916175677	0.9999013579235437	0.9999893805318855	0.01004855700111831	0.0100115599206075	0.01001191619983086	0.9998302563294162	0.2785963912955213	0.1220182440448594	0.6400960564750645	0.4741471905367527	0.4419581918319597	0.0100411218458164	0.0100079131377642	0.01001363156950617	0.01000884702311611	0.0760808668424733	0.010005201669423	0.01000170914018949	0.01305289711474684	0.01001667298577242	0.01002299776338148	0.9999809808310298	0.5230834695954353	0.01000212930896912	0.01791665021165223	0.01000501576921147	0.01000116180716218	0.0100036233924559	0.2052855864394753	0.1274261691189266	0.01000433894522389	0.01000278765364133	0.01000951866238505	0.1367220217711166	0.01000266878764979	0.2136326501897734	0.1088775398654941	0.01568506310427243	0.03151031140959054	0.0138584343108532	0.06259096486680653	0.1035333707034228	0.01000256350727318	0.01000159097083051	0.01000164411708064	0.01000613610039585	0.01000612385877311	0.01000478366969493	0.01006259506250884	0.01004753436933434	0.01003076281104155	0.3462561265450659	0.01000799634828091	0.05896560264991468	0.01456091860927415	0.01000597060389748	0.01000632424592247	0.01000253732555263	0.01001362142707816	0.01000272264204502	0.01001084325161128	0.01000380531749765	0.01002131184248707	0.3159814971239092	0.0100260470948393	0.01000195719092748	0.01000059665283708	0.01000146935024048	-0.6752744166641235	-0.627618251623295	-4.255550095447831e-11	1.512130952245757e-10
0.165199025769512	-0.1323972157556595	-0.02271145597755374	-0.1081639473722752	2.010173923969384	0.9231266566746179	-0.02318633068106865	-0.02422897939985663	0.1521932600008483	0.2665991762049391	0.4706097713326964	0.01480142858636646	-0.1578197678714187	-0.1364222886706107	0.08121200150265881	0.01297937569090724	0.2057436343711961	0.2057436343712	0.7397554414175952	0.7397554414172912	0.1838598084332016	-0.454651195332695	-0.2018027321734178	-0.6608804168682194	0.1928026168107649	0.2134178079338473	0.3186039254117461	0.6659352030770092	1.489899715665222	1.30479405292434	-0.0009360744131291344	0.171002563921078	1.537721419990824	1.433593863792266	-0.1360244077489035	-0.2649252977820335	-0.519202138984351	0.3877295435573206	-2.007844421234333	2.770860430810722	-0.03487784912912334	0.1282661689741361	-2.219156048995554	-0.9765821279518488	0.6527790040981005	4.678222674272614	-1.087173773201096	-2.64448848174665	0.02476467014053034	-0.5826267841936961	0.04155938521683838	0.5735379148307329	0.5735379146813916	1.463956839109132	1.463956839105116	8.450848465283157	-1.654603666742053	-0.251878099276819	-9.253837179292292	2.778315028739742	4.148648139987991	-1.849729892537896	0.4981297401525326	5.4853216657992	11.7376533315402	2.070320862017929	-1.226433771633364	0.3067848331386582	-5.090413903493341	-5.943064944314188	2.158093064157687	0.01000337556301649	0.01000184257789873	0.010037653228464	0.01004750101299102	0.01000837581409308	0.01000530487416904	0.01001538195623573	0.01287164787084209	0.0100326719736865	0.01002205451867202	0.4446175709760299	0.7433521316169104	0.820343053620871	0.8801011587383631	0.01004343109111821	0.01001084752636267	0.01001116155965007	0.8499434924143227	0.2880811101384718	0.1362637809491125	0.5617613311214954	0.459197789910449	0.4995528042705892	0.010036961167281	0.01001011932121307	0.01001754878742712	0.01001333075424173	0.1579790752597987	0.01000506350318886	0.01000179817165061	0.01288574495804247	0.01001723617305657	0.01002483681266397	0.7728303747962794	0.4061688707390514	0.01000706963394493	0.03598811733382117	0.01032962065486831	0.01029160531559085	0.01016491410360073	0.1586018542728675	0.09860857159598203	0.01000432428770684	0.01000273880520504	0.01101943294665861	0.1034566043935188	0.01000261253442771	0.214363501180693	0.09698867454726641	0.01470569748614062	0.03189393895499248	0.01440242987261566	0.06071739801926677	0.1042701634591061	0.01000250054639568	0.0100015364033861	0.01000159594744553	0.01000571488046803	0.01000584249092964	0.01000464310420272	0.01006169893239542	0.01005408852479957	0.0100378988189062	0.3144768447512862	0.01005710261095372	0.05991596265917671	0.01440783818795051	0.01014056530205955	0.01004204866972003	0.01000261847290632	0.01027124085253074	0.01000264919422521	0.01001060326783236	0.01000383948566884	0.01002396921146206	0.3197288482549344	0.01002212012494182	0.01000194410387396	0.01000058417612512	0.01000144087414926	0.01327082152383501	-0.03506960465580684	0.01710872636851041	0.08682991197968455	-0.06462267686107269	0.01027508466785227	0.04382445199143956	0.005109600639733037	-0.1629297740563153	0.03129394322492753	0.1569760547987583	0.3452090769371915	-0.01735787188955938	0.01000330020264377	0.01000184439731466	0.01002951557476198	0.01004776009766337	0.01000597494884983	0.01000513546218752	0.0100141937039131	0.01281166058533852	0.01000223005063619	0.01000974213318134	0.6352079878999165	0.9999576962333017	0.9999316700674121	0.9999904727791833	0.01003326595997995	0.01000951516897186	0.01001108002206442	0.9997017638966018	0.2529075928964947	0.06708503149695913	0.7058280406572601	0.4677486691955794	0.3945456540385956	0.01003833627356865	0.01002181576523029	0.01001217172679643	0.01000798347700929	0.04309886537179469	0.01000547318381173	0.01000171218335875	0.01312243831443459	0.01001621992823636	0.01002265816616701	0.9999833155360479	0.4966896353669852	0.0100019916785426	0.03692166309176801	0.0100047310996955	0.01000105613155177	0.01000335934308066	0.2205214750854233	0.1333357325318176	0.01000467311781513	0.01000300795184397	0.01504241013807035	0.1569180649427124	0.01000282937404923	0.1967274049975232	0.1005011169831688	0.01529526687248476	0.0273119797010298	0.01404955643870025	0.05631841563054175	0.09504276456237112	0.01000264872431135	0.01000167055243123	0.01000177814316313	0.01000614919513985	0.01000614787116731	0.01000479482577105	0.01005533988544905	0.01004274118223282	0.01002679059413645	0.2788798457186979	0.01000833858404295	0.03869665285646683	0.01481567585227439	0.01000530950472663	0.01000663338330115	0.01000250518959731	0.01001344278172	0.0100028623773025	0.0100114545784317	0.01000391204721601	0.01002001091757304	0.2899276434027385	0.01002698391829532	0.01000238009803497	0.01000071464048756	0.01000180862436988	-0.6715178913473603	-0.6235419631527939	-5.447249385151184e-11	1.298038773058072e-10
0.1696638643038231	-0.1346754184121034	-0.02097767597021475	-0.1170158837938359	2.022559821681006	0.923038634662368	-0.02260809056236419	-0.03393083508783019	0.147630389204578	0.2689638577143513	0.4912139885960546	0.009935173129277318	-0.1691399554552783	-0.1362748686519031	0.07861592713331504	0.01310334744153748	0.2085323062725641	0.2085323062725165	0.7458261713970604	0.7458261713955162	0.2224757663509558	-0.461111085511779	-0.2024090046431065	-0.7019512321004501	0.2050518485703317	0.2323737554761124	0.309773162350991	0.6680583129170491	1.512043530552665	1.356339996568134	0.009231209537818873	0.1657440120364442	1.539104706767904	1.412412792302432	-0.1636770522561132	-0.2559623202292123	-0.5017633196814741	0.3927532073594458	-1.955675221182342	2.777885674136251	-0.004388156160961419	0.1303906582017978	-2.127470601953556	-1.072521255479848	0.4058508738067961	4.550028675553143	-1.083749385153631	-2.421077909347559	0.04349881453100265	-0.5838542270901337	0.0126744393314442	0.6716657775290025	0.6716657775290298	1.250850637054209	1.250850637054262	8.835593377264171	-1.23501111433328	-0.02230578322081053	-9.138045380280756	2.706190408549642	4.341935996520367	-2.106680290097152	0.4530696145726732	4.430715863028464	11.33456157320263	2.488347236307818	-1.128500668828828	0.3191003642610279	-4.361995376622982	-6.43486555120318	1.850467329954981	0.01000332995625538	0.01000183845426373	0.01003372629197691	0.01004700602157645	0.01000731700711802	0.01000520368365137	0.0100147451254062	0.01284225444272448	0.01002141816107897	0.01001718445088385	0.4949434581597474	0.7956547992592966	0.8565837325682121	0.9041698256719262	0.01003658490647071	0.01000994164654334	0.01001096181488453	0.8800637011809065	0.2757242603035325	0.1062468478368987	0.5999075979060645	0.4603623778586743	0.4709408189031485	0.01003690287942324	0.01001724898479855	0.01001527037438372	0.01001118458533624	0.1186485425482195	0.01000526964684182	0.01000176712038605	0.0129864732716754	0.0100167712190298	0.01002396534833338	0.8189286036734397	0.4238060072297223	0.01000517005055451	0.03992759775692396	0.01020989419123675	0.01018455772046409	0.01010533912703247	0.1787302477027764	0.110480728712943	0.01000452066900263	0.01000288270756297	0.0135112261616529	0.1233746222895933	0.01000272507036143	0.207109194532199	0.09666643607381387	0.01484275726904113	0.02945839278222743	0.01431183411706517	0.05809102753743588	0.09993621541378757	0.0100025724715083	0.01000160202725547	0.01000169032549612	0.01000587762287198	0.01000595994000933	0.01000470131066597	0.01005788356875876	0.01004893405173134	0.0100329989549516	0.2968098243533905	0.01003920229044206	0.04898804619147491	0.01460786871901265	0.01009059629741832	0.01002906014570714	0.01000257014230872	0.01017623731453744	0.01000275612147941	0.01001104131152412	0.01000388794479633	0.01002224614197504	0.3089930904381164	0.01002410336250569	0.01000219061111736	0.01000065618266217	0.01000164522744181	0.01354741739616665	-0.03593688320359483	0.01880478607463873	0.08564761530253039	-0.05905070863452665	0.02064305797441968	0.006520822534841793	0.006612040184722849	-0.155857445830164	0.02789819356635999	0.1643346007013024	0.3218095329173871	-0.009964759269021127	0.010003212656627	0.01000182116150044	0.01002493769008905	0.01004484699287595	0.01000511767357122	0.01000494495687499	0.01001321343924795	0.01277483530004883	0.01000205470309476	0.01000810609175071	0.6987931795263471	0.999969700849036	0.999961982211281	0.9999915650264825	0.01001797491884276	0.01000747041733796	0.01001024384429726	0.9995732714637879	0.2272187944974682	0.01215181894906058	0.7715600248394556	0.4613501478544059	0.3471331162452315	0.01003555070132022	0.01003571839269689	0.01001071188408634	0.01000711993090176	0.01011686390111798	0.01000574469819905	0.01000171522652329	0.01319197951412163	0.01001576687070373	0.01002231856895233	0.9999856502410653	0.4702958011385188	0.01000185404813725	0.05592667597188415	0.01000444643019308	0.01000095045595239	0.01000309529372525	0.2357573637313717	0.139245295944709	0.01000500729040855	0.01000322825005038	0.02007530161375965	0.1771141081143079	0.01000298996045359	0.1798221598052732	0.09212469410084378	0.01490547064069675	0.02311364799246902	0.01424067856654565	0.05004586639427701	0.08655215842132009	0.01000273394135113	0.01000175013403458	0.0100019121692491	0.01000616228988773	0.01000617188356294	0.01000480598184747	0.01004808470839009	0.01003794799513156	0.01002281837723169	0.2115035648923294	0.01000868081981245	0.01842770306301948	0.01507043309527413	0.01000464840556196	0.01000694252068749	0.010002473053639	0.01001326413636377	0.01000300211257036	0.01001206590525528	0.01000401877693434	0.01001870999265847	0.2638737896815677	0.01002792074175043	0.01000280300514184	0.0100008326281337	0.01000214789849699	-0.6691119647339745	-0.6153165961907979	-2.289370217796526e-11	-1.944710827441446e-11
0.1741287028381342	-0.1368745169285437	-0.01918128864723029	-0.1256273288022722	2.034983966249914	0.9230882603534738	-0.02202368121233131	-0.04323368668095119	0.1425905490789387	0.2702738629712758	0.5112159205938787	0.005179182925749774	-0.1794185247379792	-0.1360258858402847	0.07597686722570328	0.01309686191305728	0.2117206679498912	0.2117206679500446	0.7508758428817306	0.7508758428809784	0.2626456162948523	-0.4656556688993789	-0.2020338255620194	-0.7424355521575369	0.2169445638715193	0.252173692289839	0.2997555425499448	0.6699935260477111	1.529458230352789	1.405881696608994	0.02125180644786677	0.1609999906279606	1.540589738481224	1.394845128514392	-0.1934295949216631	-0.2483736946731596	-0.4814042894582395	0.414174949301977	-1.901423916687673	2.787953832162877	0.02676097385059769	0.1311690670422719	-2.042154128494936	-1.187384497882565	0.1895435686450857	4.404322284744826	-1.039945289234506	-2.180955991234515	0.06712196491417229	-0.6005485330128643	-0.01557038796709743	0.7541826950619097	0.7541826950992359	1.002924790372202	1.002924790446528	9.145733299503146	-0.79913209180422	0.1862504564724229	-8.991508158883526	2.618406195861431	4.524596354527846	-2.385397512661126	0.4135830671733504	3.370221357557093	10.84503455467928	2.888939278056255	-0.9973631241836532	0.3437556918185647	-3.498367871264538	-6.887409861539998	1.562843309245563	0.01000327025956855	0.01000182642208499	0.01002977267755565	0.01004515612256	0.01000645085137509	0.01000506365890153	0.01001401914950866	0.01288242622467504	0.01001421499064662	0.01001368558551618	0.5475489888426008	0.8370564226036495	0.8854501091852514	0.9233975141101175	0.01002886485987117	0.01000877743261946	0.0100104584010313	0.8848135978296144	0.2589035514600665	0.07603718417337066	0.6399424067023533	0.4589823651547216	0.4383105355328854	0.01003516884022714	0.01351670885504788	0.01001338387686433	0.01000955498657958	0.08458723483027578	0.01000558710021663	0.01000174392593815	0.01308373548041845	0.0100165089446363	0.01002343138953464	0.8555149373405136	0.4378683492426277	0.01000391258619049	0.05370396066771023	0.01013360076883596	0.01011642847705201	0.01006739262153542	0.1942184161560969	0.1178183239085763	0.01000490364999988	0.01000310144482198	0.03022287059097864	0.1416931926867312	0.01000289018527155	0.1909050382489972	0.09075304169249837	0.01483384671617792	0.02635437177273001	0.01404221451797146	0.0526773420359189	0.09179312770820229	0.01000267353009261	0.01000169105290051	0.01000182875643662	0.01000594959975285	0.01000605409773871	0.01000477123716588	0.0100529463460553	0.01004413879509656	0.01002863997720493	0.2773303570315707	0.010027882725734	0.03806720199274955	0.01474923488893578	0.01005871624094238	0.01002087026436228	0.01000252888322231	0.01011573048766434	0.01000288422509911	0.01001158815394436	0.01000403554442593	0.01002065029609629	0.2892537862210884	0.01002770930717694	0.01000258203924735	0.01000073663881999	0.01000191979658036	0.01307129895294788	-0.03817091379500356	0.01862242388463688	0.08211862417859324	-0.05214409234615017	0.02913614828365611	-0.02919242907624389	0.006835783336033872	-0.1455264871207358	0.02292910795080344	0.1693957264796817	0.2932321332530922	-0.006997698968213215	0.01000313119150065	0.01000179316672012	0.01002142719918826	0.01003952728827303	0.01000486536846109	0.01000472252579476	0.0100124166979546	0.01310675356431075	0.01000196603856135	0.0100074510969235	0.7677181587618654	0.9999745682510537	0.9999681499773021	0.999992042658788	0.01001384894713713	0.01000621895845381	0.01000904293965703	0.813868157048969	0.194846864639578	0.01109488471191083	0.8060537024764279	0.4475890293385804	0.3049175910322458	0.01002930329463301	0.02780383170813489	0.01000972778236876	0.01000650801852396	0.01007366639993781	0.01000646030119594	0.01000169509404406	0.01330155856893924	0.01001632346337604	0.01002270985597502	0.9999865224966044	0.4992410867489255	0.01000171907305466	0.1009136586655124	0.0100040360804933	0.01000087032182907	0.01000303762667962	0.2316474596974857	0.1294805749756853	0.01000603307369313	0.01000368685973636	0.09451500248232012	0.190059115800295	0.01000332841021152	0.1198395438210477	0.06557268260341033	0.01474148034912727	0.01873390643450521	0.01299489960422142	0.03518421754943938	0.06337169529495006	0.0100029423007082	0.01000192256985956	0.01000219630978099	0.01000599134822532	0.01000625028769233	0.0100049634488528	0.0100414921086329	0.01003430854805579	0.01001987675656578	0.2269921765047545	0.01000871488707722	0.0167504871698962	0.01492364529129576	0.01000470171012373	0.01000703602175545	0.01000244678951136	0.01001303720327602	0.01000318863811533	0.01001290891684472	0.01000452013919494	0.01001727434929638	0.1987137952415943	0.01003902034102048	0.01000363518304303	0.01000090853729608	0.01000259417464687	-0.6672094485261688	-0.6026965062028332	1.690090618885889e-10	-8.867380875249485e-11
0.1785935413724453	-0.1389571762422541	-0.0172591710628516	-0.1339918557532492	2.047459920035267	0.9232788812187406	-0.02143878600857619	-0.05218861117799201	0.1370065630406452	0.2707330818114272	0.530494896445588	0.0007088480893045139	-0.188595586574347	-0.1356836180243726	0.07323312842442899	0.01296438839476347	0.215245834219462	0.2152458342197159	0.7547087661523412	0.7547087661523835	0.3040322494817911	-0.4682329842647018	-0.2007825921035534	-0.7821962758630557	0.2284094363312956	0.2727524649461853	0.288430006968366	0.6717495503180989	1.54213956981351	1.453072486101048	0.03496354945694038	0.1568306886481622	1.542153297164502	1.381253646955337	-0.2251328456907176	-0.2418813741552835	-0.4496049956791449	0.4490733932094322	-1.845069630062538	2.801093331196847	0.05876986138982705	0.1306082926313777	-1.971618583781501	-1.316268439011956	0.02474580422448291	4.226184396160066	-0.9557916227936066	-1.927663678816727	0.08528530305679372	-0.6307445697034497	-0.04376118536516498	0.8225355587918863	0.8225355587918141	0.7058149241457128	0.7058149241457438	9.380644787324055	-0.3537841980195423	0.370117991525522	-8.813914346652131	2.514540569957499	4.690811247399837	-2.692554023612069	0.372802897958434	2.310432984071422	10.28148403586437	3.245886840891341	-0.8710582277188912	0.3542760926241048	-2.580886299084845	-7.308674626919371	1.359383466800966	0.01000320237664989	0.01000180838962113	0.01002598530643367	0.01004200345430232	0.01000581517225372	0.01000489268318775	0.01001326630244971	0.01303145854623452	0.01000968283544778	0.01001125464808011	0.6025483947030783	0.8698763473737026	0.908433022065286	0.9387388056421798	0.01002249405025391	0.01000758046594497	0.01000969308976772	0.8511505524434578	0.237684447320031	0.05419313199325786	0.6783464086016645	0.4548067783377525	0.4028645111578235	0.01003174014719785	0.02225030652175684	0.01001183626101971	0.01000830745503943	0.06003633670187592	0.01000605399064394	0.01000172189070103	0.01318557289823612	0.01001655284223562	0.0100232444373997	0.884571445835267	0.4552021677510537	0.01000307660957971	0.07764535711032157	0.0100857796939522	0.01007383424373142	0.01004366705102274	0.2039590254254173	0.119775365853927	0.01000552807164591	0.01000341028309659	0.06641258237930621	0.157962017566108	0.01000312039556868	0.1617715537296604	0.07800772621127992	0.01476726328860471	0.02276565613041702	0.01340868139247514	0.04390882751783306	0.078610297357097	0.0100028148942053	0.01000181141127455	0.01000202191949416	0.01000593037752731	0.01000614234880976	0.01000487404077013	0.01004738763145163	0.01003977762312739	0.01002481320951163	0.2665272111148379	0.01002082542611467	0.03023690526939314	0.01478345849603656	0.01003882253677775	0.01001578991314203	0.01000249327145341	0.01007784432680238	0.01000303426351781	0.01001224614850944	0.01000431616648557	0.01001911466838398	0.2574255091628634	0.01003412898944565	0.01000313893904222	0.01000081539211624	0.01000225881962425	0.01259518050972456	-0.04040494438641183	0.01844006169463276	0.07858963305465659	-0.04523747605777349	0.03762923859289298	-0.06490568068732967	0.007059526487344466	-0.1351955284113072	0.01796002233524617	0.1744568522580622	0.2646547335887971	-0.004030638667409406	0.01000304972637527	0.01000176517194134	0.01001791670828733	0.01003420758366865	0.01000461306335196	0.01000450009471528	0.01001161995666154	0.01343867182857305	0.01000187737406283	0.01000679610209756	0.8366431379973837	0.9999794356530712	0.9999743177433246	0.9999925202910956	0.01000972297542899	0.01000496749956644	0.01000784203501326	0.6281630426341475	0.1624749347816875	0.01003795047475924	0.8405473801134004	0.4338279108227549	0.2627020658192601	0.01002305588794587	0.04557194502356787	0.01000874368065114	0.01000589610614608	0.01003046889875656	0.01000717590419237	0.01000167496155557	0.01341113762375635	0.01001688005605118	0.01002310114299733	0.9999873947521418	0.5281863723593345	0.01000158409798773	0.1459006413591408	0.01000362573080516	0.01000079018771171	0.01000297995965071	0.2275375556635993	0.1197158540066614	0.01000705885697914	0.01000414546942482	0.1689547033508834	0.2030041234862815	0.01000366685997269	0.05985692783682234	0.03902067110597619	0.01457749005755684	0.01435416487654233	0.0117491206418978	0.02032256870460192	0.04019123216857752	0.01000315066006701	0.01000209500568694	0.01000248045031487	0.01000582040656678	0.01000632869182354	0.01000512091585913	0.0100348995088764	0.01003066910098056	0.0100169351359006	0.2424807881171825	0.01000874895434756	0.01507327127677207	0.01477685748731643	0.0100047550146953	0.01000712952282896	0.01000242052538177	0.01001281027019149	0.01000337516366768	0.01001375192843631	0.01000502150145289	0.01001583870593409	0.1335538008016224	0.01005011994029065	0.01000446736093997	0.01000098444645275	0.0100030404507899	-0.6656769576761594	-0.5848270213544432	5.301426857033146e-10	-7.343043051165091e-11
0.1830583799067565	-0.140869859819681	-0.01515941421930592	-0.1420943058217124	2.060001315392597	0.9236138125037671	-0.02085994582913125	-0.06086172281432812	0.1308267814552705	0.270569179679181	0.5488985802064205	-0.003297356810669729	-0.1966100633547705	-0.1352760038578305	0.07033382666995217	0.01270058253652387	0.2190484286530654	0.2190484286533181	0.7570906045053843	0.7570906045053594	0.3462985321345344	-0.4688128904283512	-0.1987741162981442	-0.821099767777262	0.2393770518578884	0.2940243705206214	0.2756587001533995	0.6733009003365817	1.550096106320218	1.497607282392436	0.05015865396556184	0.1531440045804162	1.543778712570493	1.371694392810921	-0.258678713634474	-0.2360257509757799	-0.4067222794790155	0.4924225066665879	-1.783837909163154	2.817132619732622	0.0911563081529953	0.1284285622764869	-1.91286102184044	-1.452496595526216	-0.09266359493148178	4.013991182076265	-0.8336888927896338	-1.661283157534851	0.09769334113129934	-0.6685218806215664	-0.0745781430767003	0.8807546453255979	0.8807546467462739	0.3530893509634916	0.3530893508112916	9.540114684005163	0.09304537782358918	0.5239089451262237	-8.608199356502283	2.396222472025478	4.833000995086532	-3.032857344800946	0.3096725045303066	1.254312303307646	9.659472839962435	3.556066178619016	-0.79445474446772	0.3815382798796114	-1.734496574135035	-7.716196145066681	1.269686735854938	0.01000314175719778	0.01000179450432385	0.01002262495876944	0.01003811196915195	0.01000533010493701	0.0100047256881001	0.01001255527971958	0.0132054377943734	0.01000677172836305	0.01000951012146986	0.6602718811626285	0.8960416014351114	0.9267976532785657	0.9510113145995527	0.01001754578599685	0.01000652698655926	0.01000884074500436	0.7970526346317729	0.2136927449091111	0.03895675339268358	0.7056597467918005	0.4474564430687142	0.3664119313845831	0.01002787852616655	0.04264568844738584	0.01001051426516253	0.01000729058049468	0.04293940885249776	0.0100065433592187	0.01000170837581278	0.013298124375875	0.01001664920393881	0.01002319884096347	0.9077583735744336	0.4748449865952855	0.01000249758232043	0.1113464712555083	0.0100551958099316	0.01004672280469311	0.01002854582375987	0.2081782221373783	0.1158293542247038	0.01000622094641215	0.01000390524041224	0.1126541681830872	0.1705069188198744	0.01000338862477498	0.1280055443430674	0.06278175701452356	0.01471542312968154	0.0193760918861332	0.01266006873632565	0.03524096030592642	0.06332487863428421	0.01000299677768888	0.01000196434107757	0.01000231051595057	0.0100058942836524	0.01000625065791357	0.01000500718812414	0.01004234890978909	0.01003613599805141	0.01002163619465758	0.262674481121796	0.01001635481027801	0.02458643571240311	0.01464065652279905	0.01002622199367391	0.01001256895743236	0.01000247577956394	0.01005378919405307	0.01000315864299297	0.01001279924823272	0.01000524076346465	0.01001772274362306	0.2171076584390605	0.01004639945183588	0.01000383647627287	0.01000097367014441	0.01000272757609409	0.01232976057799124	-0.04173787231604467	0.01790941927917745	0.07192291705223963	-0.03860059720277898	0.0432073923069519	-0.1012512870016934	0.009278348926968633	-0.1232623123172596	0.01283471187574439	0.1752634485228032	0.2341677731372204	-0.008369564613825565	0.01000303016657855	0.01000177660696318	0.0100160611755177	0.01002914295384154	0.01000441658148222	0.01000439287182904	0.01001111646692671	0.01356014275285865	0.0100018046334724	0.01000634227641393	0.913115502344264	0.9999815764734223	0.9999749708784939	0.9999922544971968	0.01000866587075176	0.01000454413354401	0.01000700415573769	0.5397745245382131	0.1350634729223856	0.01002829524545277	0.7820078482159288	0.4113657405449785	0.2318078334828168	0.01001981807029257	0.1098804165323272	0.0100078627580275	0.01000527989685722	0.01002622702546323	0.01000754592214655	0.01000169460446343	0.01356124218779775	0.01001675998741632	0.01002314262751718	0.9999874194592404	0.5561521148706244	0.01000145759322792	0.2161413368473007	0.0100031120107693	0.01000074536773093	0.01000286087770469	0.2117334605873779	0.09543182818409207	0.01000769065085154	0.01000527110393843	0.2457696299573147	0.1996183616319964	0.01000399813683225	0.0359802251429619	0.02581180598622871	0.01466931850099885	0.0126005839345531	0.01105191046779816	0.01809085640468304	0.02548685444946605	0.01000344064880269	0.01000233632305144	0.01000308036269362	0.01000584410187688	0.01000652693762746	0.0100053312184025	0.01003285355598902	0.01002934601405511	0.01001565353963539	0.2599590769643823	0.01000880726194767	0.01392335024021831	0.01405766565893679	0.01000496540252613	0.01000709958260648	0.01000246888595485	0.01001320264504236	0.01000336420629235	0.01001372171799034	0.0100083817504288	0.01001494714279993	0.07829358651825509	0.01008225362777202	0.01000550425272294	0.01000146893785635	0.01000394650616669	-0.6642176003703268	-0.5621624567937687	4.318297322712067e-10	-1.918290591540909e-11
0.1875232184410676	-0.1425850649455566	-0.01285377212725849	-0.1499161262979146	2.072619366354244	0.924091945159574	-0.02029420489351464	-0.06926454668061394	0.1240311879451506	0.2699547521748442	0.5663059117030802	-0.006690391024979111	-0.2034205376119204	-0.1348077674067589	0.06725862107859491	0.01229691976334057	0.2231101431433548	0.2231101431434297	0.7577900594729809	0.7577900594728935	0.389113530901434	-0.4674108063477007	-0.196154786775504	-0.8590245991836574	0.2497879936617202	0.3158665504131417	0.2613067224604668	0.6744037092450061	1.553346051799974	1.539255582277444	0.06667689944987031	0.1496107055943089	1.545629233258041	1.365467194190168	-0.2940197573875688	-0.230489225098879	-0.3611456379566694	0.5412985240137972	-1.719363046163804	2.835430793191649	0.1229161278936629	0.1247405496272978	-1.850544635128006	-1.592117968541304	-0.1770646090475277	3.779873886604238	-0.6811251726222664	-1.388337271401958	0.1124407688978418	-0.7095396652444371	-0.1064094351852921	0.9386069544736633	0.9386069544735486	-0.04779951852953546	-0.04779951852953181	9.626439195765249	0.5340374885323649	0.6437465872970455	-8.375528756595962	2.26518165479235	4.946262503483754	-3.400606921003805	0.1718814155749222	0.2021412416964417	8.988493738878905	3.838580597165503	-0.8023501824103074	0.4551107743077606	-1.088310236279633	-8.112813826934619	1.216445554298573	0.01000309656383155	0.01000179012950398	0.01001982953535671	0.01003377994842067	0.01000495340571959	0.01000458114176833	0.01001192225745678	0.01335990704905625	0.0100049262881194	0.0100082502786023	0.7209922792951817	0.9168879615273315	0.9414525326440466	0.9608127694996109	0.01001405857733151	0.01000571012480421	0.01000799383070534	0.735647082046589	0.1880836135504464	0.0287536368686752	0.7150579099734787	0.4366390710011558	0.3303417316844862	0.0100242512153056	0.07720319951298941	0.01000935797606702	0.01000642422980631	0.03140245116206807	0.01000698803791132	0.01000170728326426	0.0134246510191919	0.01001666377155924	0.01002318579495825	0.9262442075501176	0.4961478693468113	0.01000208848831148	0.1544822197466353	0.01003589895241443	0.01002977130006358	0.01001905642281328	0.2068458297606425	0.1054625853950364	0.010006890827036	0.01000463709966578	0.165041681764549	0.1782768972321071	0.01000368055197023	0.09565052628670649	0.04783669510961787	0.0147169615017796	0.0165682283955073	0.01192951805430088	0.0287471847813583	0.04782055386766997	0.01000321929016808	0.01000215049444839	0.01000271607013435	0.01000588063048153	0.01000639275521545	0.01000516933516949	0.01003843385961107	0.01003336492140734	0.01001917102524705	0.2643599153743488	0.01001358450251736	0.02052277238107316	0.01428336376765473	0.01001843099186136	0.01001054603508925	0.01000248301046733	0.01003891120556277	0.01000323219608011	0.01001313321606935	0.010007079714896	0.01001651869621721	0.1706649574513908	0.01006612664108886	0.0100046614856028	0.01000125443507793	0.01000336056889222	0.01206434064626501	-0.04307080024567719	0.01737877686372653	0.06525620104982201	-0.03196371834778478	0.04878554602101039	-0.1375968933160567	0.01149717136659327	-0.1113290962232127	0.007709401416243917	0.1760700447875425	0.2036808126856439	-0.01270849056023416	0.01000301060678239	0.01000178804198611	0.01001420564274779	0.01002407832401361	0.01000422009961288	0.01000428564894311	0.01001061297719199	0.01368161367713857	0.01000173189291241	0.01000588845073131	0.9895878666911445	0.9999837172937737	0.9999756240136645	0.9999919887033	0.01000760876607384	0.01000412076751984	0.01000616627646028	0.4513860064422781	0.1076520110630836	0.01001864001614701	0.7234683163184575	0.3889035702672025	0.2009136011463736	0.01001658025263907	0.1741888880410883	0.01000698183540358	0.01000466368756781	0.01002198515217028	0.01000791594010032	0.01000171424736055	0.01371134675183863	0.01001663991878397	0.01002318411203665	0.9999874441663379	0.5841178573819139	0.01000133108847832	0.2863820323354606	0.01000259829074627	0.01000070054776922	0.01000274179577393	0.1959293655111564	0.07114780236152243	0.01000832244472507	0.01000639673845415	0.3225845565637367	0.1962325997777107	0.01000432941369549	0.01210352244910463	0.01260294086648322	0.01476114694444036	0.01084700299256237	0.01035470029369565	0.0158591441047604	0.01078247673036366	0.01000373063753985	0.0100025776404178	0.01000368027507433	0.01000586779719026	0.01000672518343284	0.01000554152094666	0.01003080760310226	0.0100280229271301	0.01001437194337079	0.2774373658115851	0.01000886556955057	0.0127734292036645	0.01333847383055797	0.01000517579036729	0.01000706964238641	0.01000251724652541	0.01001359501989623	0.01000335324892638	0.01001369150754711	0.01001174199940826	0.01001405557966544	0.02303337223488663	0.01011438731525325	0.01000654114450572	0.01000195342924265	0.01000485256154289	-0.662949612164055	-0.5353725406610996	-2.07008606157194e-10	8.095184968718529e-11
0.1919880569753788	-0.1440998940477101	-0.01032240078293135	-0.1574502560802544	2.085323205572426	0.9247093170921433	-0.0197477855656196	-0.07736267519950939	0.1166108952651707	0.2690225418359685	0.5826319214437595	-0.009349631255154613	-0.2090126575854099	-0.1342608610421837	0.06399869785153083	0.01175560512196286	0.2274431844556447	0.2274431844558019	0.7566034121812892	0.7566034121813398	0.4321546534456907	-0.4640705349618396	-0.193065545186397	-0.8958588459112137	0.2596115382986812	0.3381156817506508	0.2452522099196675	0.6746684480962259	1.551909111700341	1.57780713139118	0.08441798696395106	0.1458141891857756	1.547741996441807	1.361629994011889	-0.331140134148113	-0.2252227933831372	-0.3173220946323725	0.5915962622516446	-1.657164693403648	2.855404147392823	0.1534076349168287	0.1200761479160245	-1.775026794687561	-1.729779468137373	-0.2345122458283783	3.529948040236988	-0.5103093560756501	-1.119779481366486	0.1325405920283518	-0.749448204782862	-0.1335423767505235	1.004225283960406	1.004225282819532	-0.4890543109859251	-0.4890543106627708	9.642853406149474	0.9575847439051079	0.7361875066736027	-8.118701253949126	2.129529174500367	5.017092302048368	-3.796065443800603	-0.04840898873829523	-0.8443612836534101	8.276864576139548	4.104550508201504	-0.9069250569080093	0.4615036114287726	-0.686189433876159	-8.516738842987262	1.143629057743619	0.01000307964405066	0.01000180563417447	0.01001746838021603	0.01002951849001456	0.01000466144583707	0.01000448072476235	0.01001129247675411	0.01391657995329946	0.01000372197635963	0.01000728377034038	0.7765661203573851	0.9335513740277289	0.9531766233647965	0.9686577276677821	0.01001162627052998	0.01000507922941707	0.01000719645078775	0.6699429767574331	0.1594799258130477	0.02201778587322491	0.7061679322861942	0.4220926850222659	0.2967740283952886	0.01002133468798678	0.1210945498411363	0.01000835162491355	0.01000567897764475	0.02375026442595088	0.01002308409712451	0.01000172287745983	0.01355904400891146	0.01001616257185362	0.01002283090183481	0.9410237538649744	0.512792252487455	0.01000178518034014	0.2028603117954518	0.01002347990103115	0.01001897088875443	0.0100129668811197	0.1951671447484994	0.08948309429473296	0.01899498853421923	0.01000540974380314	0.2116085413220214	0.1788956135864748	0.01000393423941551	0.06840570707328832	0.04009709403604672	0.01529199410991174	0.01442908471795779	0.01132771333382067	0.0235602941186452	0.03484142726187385	0.01000350621107369	0.01000239193116929	0.01000311464538326	0.0100059732704694	0.01000657495371626	0.01000537840241252	0.01003552707482525	0.01003133559810379	0.01001735066000917	0.2713603111745352	0.01001183993750319	0.01755791896887018	0.01377680543124798	0.01001357707148689	0.01000921036161319	0.01000251184850179	0.0100297302525413	0.01000320794255632	0.01001303493143698	0.01000858288382366	0.01001552088537989	0.1312914170707872	0.01008518078202332	0.01000520885398767	0.01000148670148871	0.01000381376738601	0.01256852953681929	-0.04489010087832022	0.01726866769713731	0.05476093874051507	-0.02641750658196971	0.05307533991551327	-0.1718601018787777	0.008232426568258988	-0.09802525002390586	0.00234420698916678	0.171047360262292	0.1714591449606227	-0.02021152941611333	0.01000308699561486	0.01000187102121555	0.01001281730478403	0.01002072516994991	0.01000412044595265	0.01000433322297571	0.01000988608788579	0.01592102028604625	0.01000163709112933	0.01000543360293296	0.9943634976855623	0.9999845572220559	0.9999727062164597	0.9999911820773695	0.01000741396971787	0.01000391385417197	0.01000556290557035	0.3801563045360261	0.06921314618414136	0.01001569198316156	0.6233822673900213	0.3578264279033191	0.1875357561276167	0.01001622741787537	0.2518009303595257	0.01000635239099286	0.01000419940051466	0.0100246295409668	0.01008779666574974	0.01000178037053463	0.01385824135537791	0.0100141531917653	0.01002139096136287	0.9999658437161663	0.5601926185790961	0.01000121916453365	0.3574547944764306	0.01000228435817059	0.0100006344693879	0.01000256288151185	0.1357707798035485	0.04061943084328725	0.055961048208238	0.01000700190049373	0.335540135955388	0.1660230829990823	0.01000439393132289	0.0110909198221261	0.03684066573016365	0.01762559484437858	0.01064103689053389	0.01025602089296039	0.01293206340904568	0.010393089164839	0.01000422239915836	0.01000299719628873	0.01000388581550839	0.01000636163271365	0.0100070229672433	0.01000590062570479	0.01003042269348124	0.01002778735901	0.01001417408745619	0.3043524734330789	0.01000890273567303	0.01203901274721975	0.01252626254990682	0.01000550608306778	0.01000684474104251	0.01000259932940463	0.01001468401978329	0.01000300239111036	0.01001214257421512	0.01001058994846321	0.0100136328900458	0.04709281423896408	0.01012019708659783	0.01000577851903367	0.01000181557699801	0.01000434242668502	-0.6625178819400318	-0.5042392858671768	-4.496369642673104e-10	1.2103392726165e-10
0.1964528955096899	-0.1454178271564213	-0.007580110234298492	-0.1647288592680236	2.098119164335279	0.925459820579725	-0.01922150593495988	-0.08509763401256498	0.1086025154906354	0.2679142293444508	0.5977975152976732	-0.01124945615887699	-0.2134480004946886	-0.1336242483387779	0.06057769109191738	0.01112699717525888	0.2320942509448887	0.2320942509449534	0.7533756207131527	0.7533756207133487	0.4751251644600112	-0.458901262838001	-0.1896154717068158	-0.9314731402503358	0.2687531690982769	0.3606405819406809	0.2273631739965947	0.6740150431598255	1.545819122328415	1.613133191223989	0.1032944567622328	0.1414349452681088	1.549484328485221	1.358842835890735	-0.3700865127374899	-0.2202680084149515	-0.2729471671561541	0.6357786232046849	-1.604901260321843	2.876695244653115	0.1825516783653479	0.1157190781059416	-1.687864764950199	-1.855548359067462	-0.255948623308039	3.260071908258753	-0.3409492187673699	-0.8701653388966124	0.1526242553717705	-0.7816961351762435	-0.1455120482205754	1.081064559743602	1.081064559743595	-0.9621189820573766	-0.9621189820574183	9.594809109336987	1.353328361439584	0.8053792450447583	-7.829057804254805	1.959722082742392	5.069791665530295	-4.222371649787951	-0.2393960696839272	-1.882166752157489	7.543653432591895	4.347168930233938	-1.063379839249905	0.289178171586352	-0.6179496651460616	-8.93076134999075	1.076845103765088	0.01000309778653923	0.01000184649595868	0.01001547240556717	0.01002559793708074	0.01000444172224465	0.01000443589760672	0.01001062636936418	0.01509881348342202	0.01000293425154128	0.01000650941304921	0.8212513099589832	0.9468523302443094	0.9625400876742352	0.9749254184999615	0.01001003408136545	0.01000460752554987	0.01000647192825136	0.6020919874766355	0.1267865869064551	0.01767394324902258	0.678409242950783	0.403594779671701	0.2673679515602057	0.01001938088069665	0.1723362498429088	0.01000748686946721	0.01000503927274201	0.01879694601957023	0.0100631537851804	0.01000175741614832	0.01369805891597447	0.01001491596528153	0.01002193608069277	0.9528196245494415	0.5203993172307481	0.01000155373946219	0.2547662288499144	0.01001560531073331	0.0100122003443541	0.01000909642270929	0.1694817673802408	0.06823947490183553	0.04109166506614898	0.01000611947426299	0.2466879068763733	0.1706508212720817	0.01000411693492392	0.04889416805068741	0.04352456756113986	0.01671505270930703	0.01300140550156033	0.01091365851894184	0.01915027848766584	0.02609168268657132	0.01000387011776621	0.01000270031992498	0.01000344071297417	0.01000621654538903	0.01000680058789168	0.01000564386421495	0.0100335674147063	0.01002997987336587	0.01001613964363559	0.2834318882516791	0.01001076432351558	0.01540241786999096	0.01315575289310685	0.01001066969964765	0.01000829177612432	0.01000256065525102	0.01002440499544601	0.01000306104248346	0.01001239175203565	0.01000908896412491	0.01001473902154685	0.1094324287894313	0.01009926252029369	0.01000526437410346	0.01000158003395228	0.01000390525520524	0.01307271842736696	-0.04670940151096541	0.01715855853054558	0.04426567643120916	-0.02087129481615455	0.05736513381001639	-0.2061233104414991	0.004967681769924053	-0.08472140382459735	-0.003020987437912591	0.1660246757370445	0.1392374772356012	-0.02771456827200619	0.01000316338444797	0.01000195400044575	0.01001142896682078	0.01001737201588613	0.01000402079229323	0.01000438079700879	0.01000915919857958	0.01816042689496039	0.01000154228936612	0.01000497875513537	0.9991391286799784	0.9999853971503381	0.999969788419256	0.9999903754514405	0.01000721917336075	0.01000370694082235	0.01000495953468076	0.3089266026297732	0.03077428130519865	0.01001274395017653	0.5232962184615851	0.3267492855394359	0.1741579111088598	0.01001587458311175	0.3294129726779629	0.01000572294658201	0.01000373511346134	0.01002727392976332	0.01016767739139718	0.0100018464936979	0.01400513595891671	0.01001166646474588	0.01001959781068828	0.9999442432659941	0.5362673797762778	0.01000110724059436	0.4285275566174011	0.0100019704256116	0.01000056839106227	0.01000238396726277	0.0756121940959399	0.01009105932505252	0.1019137739717529	0.01000760706253538	0.3484957153470517	0.1358135662204533	0.01000445844895533	0.01007831719516028	0.06107839059384516	0.0204900427443158	0.01043507078850747	0.01015734149222934	0.01000498271333627	0.01000370159930486	0.01000471416077983	0.0100034167521638	0.01000409135594466	0.01000685546824106	0.01000732075105618	0.01000625973046476	0.01003003778386117	0.01002755179089078	0.0100139762315426	0.3312675810545924	0.01000893990179632	0.01130459629077361	0.01171405126925306	0.01000583637577526	0.01000661983969885	0.0100026814122806	0.01001577301967167	0.01000265153330419	0.01001059364088587	0.01000943789750753	0.01001321020042601	0.07115225624304218	0.01012600685794115	0.01000501589355181	0.0100016777247454	0.01000383229181477	-0.6630001563024294	-0.4692872273074101	-1.722397232096995e-10	8.229686492419763e-11
0.200917734044001	-0.1463447797742459	-0.004705117313433716	-0.1718569664318598	2.1109961830933	0.9263510232152805	-0.01871509645928261	-0.09259282898170328	0.1000694908743816	0.2668427383616381	0.6115126942105368	-0.01245135748208063	-0.2168607077338096	-0.1331570479518381	0.05709177929746264	0.01034170388296499	0.2371541158724262	0.2371541158725351	0.7479754763057915	0.7479754763059581	0.5191911404125928	-0.4518453939806202	-0.1851605761797314	-0.9656347304694477	0.2768901540283379	0.3835731907334461	0.2075518519415995	0.6727477635440487	1.533724758279098	1.645324338169663	0.1232376759355379	0.1363066033590083	1.550590580251828	1.355614385524047	-0.4107931748198246	-0.2155477882475743	-0.1814837894380934	0.6668889582220846	-1.579708072576812	2.895454912874641	0.2132787444295091	0.1127123810027372	-1.630136101191853	-1.970825198149946	-0.2268724817551413	2.91830340571949	-0.1878041880616502	-0.6625870678213208	0.1104926937030664	-0.7985073686937849	-0.1625510550957718	1.184608461406638	1.184608461381483	-1.466984191929923	-1.466984191820674	9.800628361027039	1.772824166564377	0.9815768432709515	-7.461783084340409	1.617268660617806	5.225159024624603	-4.646137618824494	-0.3173294856501965	-3.211207927289052	6.880293077934248	4.577453022475638	-1.229312053787219	0.2101166508686276	-0.823988354031481	-9.273892862188127	1.033971980495685	0.01000318253671782	0.01000193726133117	0.01001340400656322	0.01002239856434164	0.0100043146526657	0.01000448829473363	0.01001066560348889	0.02209051558116796	0.01000239715816426	0.01000585440627268	0.855893764673987	0.95749504391855	0.9562085801616901	0.9799416094240094	0.01000920215597956	0.01000448507191964	0.01000586769032649	0.5248613971880338	0.09537013254039402	0.01486769310141954	0.6339298766800481	0.3780260087595323	0.2370182147831265	0.01001866604533475	0.2213013390808884	0.01000680017018268	0.01000454415610384	0.01559267541536727	0.0109072025837829	0.01000181730517623	0.01381714837091663	0.01001590111977041	0.01002249990741341	0.9311752361837249	0.513636270985647	0.01000136740888902	0.3007392903543234	0.01001051022778267	0.01000786890202118	0.0100065589345681	0.1370664722367259	0.04860230557309266	0.07136282331529069	0.01835923598924293	0.2684688107646597	0.1510345473519285	0.01000418789815542	0.03538286159933332	0.05044039788928641	0.01823077648393094	0.01203200146920745	0.01062762739768584	0.015808935578841	0.02028206656315027	0.01000431268261065	0.01000305638644495	0.02015938530181735	0.01000668854505055	0.0100072237828804	0.01000599746435299	0.01003323509004512	0.01003006715761222	0.01001552794029897	0.2744897073432832	0.01001004445022278	0.01402608739183407	0.01266440244277531	0.01000896808907633	0.01000759559452847	0.01000275668743522	0.01002155867225001	0.01000284064485797	0.01001142058262114	0.01000912786144018	0.0100142697127448	0.09697766966557227	0.01010629601637201	0.01000497195962975	0.01000154507957714	0.01000368583553987	0.01161189269026121	-0.04713846760952334	0.01433730095455456	0.03661654757838236	-0.01176272476576029	0.05403616242683403	-0.2409992182508152	0.01159177515863486	-0.07080427305839822	-0.005700379511699988	0.1508045673820142	0.1100427893427708	-0.02261239001448261	0.01000346981838008	0.01000221211761783	0.01000855107151435	0.01001662879279134	0.01000416909569469	0.01000475060814622	0.01001212128296531	0.04847447399966461	0.01000143891746581	0.0100045390562533	0.9867279225960407	0.9999844657019553	0.8663154805019522	0.9999762092628869	0.01000829971926385	0.01000478240103531	0.01000474240973341	0.1716380701732134	0.0204022605859361	0.01001100220282032	0.4079685306918744	0.2632465627397072	0.1294778512260127	0.01001884769589459	0.3629258883284274	0.01000556165269079	0.01000367986807967	0.01003489472194313	0.01425535937282062	0.01000198288911259	0.01403576969189264	0.01002278662661466	0.01002686063666602	0.6993976685222555	0.4456215289666987	0.01000100337684579	0.4371897287636857	0.01000179178694015	0.01000049229595006	0.01000214833038342	0.04282222685492766	0.01005142155171503	0.1548240611492656	0.05268761000583395	0.3126518339786162	0.07294119019614105	0.01000417441579725	0.01004413718229291	0.06566921005568584	0.02118734694637653	0.01032286136586026	0.01012779730827005	0.01000376901682064	0.01000269989989959	0.01000536835609614	0.01000387239099043	0.06198739931458417	0.01000804641566575	0.0100084870122183	0.010006892562998	0.01003499558030957	0.01003256430865864	0.01001494589802871	0.1706536844822824	0.01000872591892781	0.01196791654366929	0.01192054129620837	0.01000630229057593	0.01000624120249804	0.01000344883061918	0.01001758853935996	0.01000230460630449	0.01000905443596029	0.01000897837486159	0.01001370896480656	0.06857175736852555	0.0101113380338395	0.01000399926555369	0.0100013159954669	0.01000285613863213	-0.6629450575801338	-0.4305602831542453	-2.082231290673449e-11	5.110321247757035e-11
0.2053825725783121	-0.1473885274005774	-0.001492579287187012	-0.1787602516884278	2.124010003040537	0.9273341587184448	-0.01820083842689846	-0.09930212145539545	0.09096750184268694	0.2658628617844145	0.6241672017943114	-0.01284048232437988	-0.2194008441087537	-0.1321568408648016	0.05328021667004559	0.01006574048879126	0.2426646929070873	0.2426646929070888	0.7401853992551063	0.7401853992552454	0.5595726979628278	-0.4433784567849684	-0.1827129495947128	-0.9980003627793408	0.2825882857327578	0.4074997166535406	0.1859270301816585	0.6712791302663709	1.520039338927735	1.674608587473499	0.1440907491870003	0.130497954070213	1.551394136109466	1.351522646942944	-0.452634416051967	-0.2110669367780634	-0.3252648128026131	0.7869801265115062	-1.504193476914695	2.937974593786046	0.223732506270331	0.1192347919023455	-1.335824115201846	-2.110412886571487	-0.2149104537596893	2.784949913716891	0.02312961405671312	-0.4793020037094217	0.3913816542020161	-0.9275696678118471	0.08263943590775479	1.282958536469478	1.28295853646926	-2.032676298710816	-2.03267629871221	7.944394039804827	1.98540872891061	-0.09376587802462295	-7.0245683311665	0.8672511589202171	5.515011373845686	-5.034718920076918	-0.3295913927193194	-2.594871287076792	6.241524517576758	4.754733132197764	-1.368119813738261	0.1535872001943827	-1.004654864030451	-9.43898984516397	0.9696212128274766	0.01000335057533044	0.01000209090929982	0.01001103175149257	0.0100201214209735	0.01000429102969508	0.01000465993032324	0.01001180240187836	0.03737077590433513	0.01000202292610226	0.01000528025973928	0.8809046866891974	0.9659961119397283	0.9242941515209032	0.9839471517982181	0.01000908829477742	0.01000481239449778	0.01000540881742005	0.4317363877022904	0.06930451421579754	0.0130906430269741	0.5739460468802157	0.3429072934715157	0.2017488780791782	0.01001933631628543	0.2635747936446103	0.01000631080663707	0.01000421426444633	0.01356328132104612	0.01296211180019965	0.01000190592295017	0.01390326316100244	0.01002069214838166	0.01002557924365606	0.8534485036075885	0.4883550913987193	0.01000121203980499	0.3355945392268853	0.01000726099830569	0.01000513507676635	0.01000488568382386	0.102987599628386	0.03519849524721223	0.1074555300316135	0.03893174059884895	0.2748918961442958	0.1176661857625725	0.01000412560290344	0.02639206251915991	0.05646867939653374	0.01944026620106468	0.01138143234178795	0.0104376237536717	0.0136880270768419	0.0165521352997818	0.01000483478903698	0.01000344993762596	0.04504750368413076	0.01000743056338035	0.01000792604983698	0.01000645599010899	0.01003488977600813	0.01003200429229608	0.01001551023343951	0.2253182353402362	0.01000951461791583	0.01340610465989844	0.01243322245598568	0.01000808044566304	0.01000701879596675	0.01000316724337734	0.01002046290415462	0.01000257273934413	0.01001023610205369	0.01000897989792379	0.01001416401509865	0.08747422135792142	0.01010518294615043	0.01000440767955562	0.01000138747231036	0.01000318234447316	0.01015106695315897	-0.04756753370808008	0.01151604337856373	0.02896741872555517	-0.002654154715365701	0.05070719104365088	-0.2758751260601304	0.01821586854734651	-0.05688714229220149	-0.008379771585483727	0.1355844590269799	0.08084810144994151	-0.01751021175693983	0.0100037762523133	0.01000247023479225	0.01000567317620585	0.0100158855696958	0.01000431739909685	0.01000512041928444	0.01001508336735027	0.07878852110436857	0.01000133554557727	0.01000409935737226	0.9743167165121016	0.999983534253572	0.7326611725846501	0.9999620430743321	0.0100093802651657	0.01000585786124563	0.01000452528478558	0.03434953771665291	0.01003023986667349	0.01000926045546604	0.2926408429221635	0.1997438399399786	0.08479779134316555	0.01002182080867791	0.3964388039788924	0.01000540035879938	0.01000362462269756	0.01004251551412317	0.01834304135421433	0.01000211928451937	0.01406640342486799	0.01003390678849074	0.01003412346264445	0.3988510937785166	0.3549756781571192	0.01000089951310066	0.4458519009099708	0.01000161314828694	0.01000041620092459	0.01000191269350345	0.0100322596139163	0.0100117837783782	0.207734348326779	0.09536761294913614	0.2768079526101669	0.0100688141718276	0.01000389038263917	0.01000995716941883	0.07026002951752572	0.02188465114843699	0.01021065194320991	0.01009825312430635	0.01000255532031952	0.01000169820052018	0.01000602255141322	0.01000432802981716	0.1139707072732244	0.01000923736309367	0.01000965327338086	0.01000752539553086	0.01003995337675898	0.01003757682642685	0.01001591556451536	0.01003978790996861	0.01000851193605974	0.01263123679656559	0.01212703132316548	0.01000676820537746	0.01000586256529776	0.0100042162489566	0.01001940405904752	0.01000195767930778	0.01000751523103555	0.01000851885222554	0.0100142077291872	0.06599125849401441	0.010096669209737	0.01000298263755406	0.01000095426619555	0.01000187998544736	-0.6575749160570409	-0.3883122712585454	-5.417532104391532e-11	3.097322787081975e-11
0.2098474111126233	-0.1494365478651503	0.00239797962917769	-0.1850397964313165	2.137277204164665	0.9283308201794497	-0.01764847825728858	-0.1044403525306145	0.08122943542276567	0.2647660978256116	0.6364923704600279	-0.01208195564983838	-0.2210345463237315	-0.1293557830724836	0.04866671269460234	0.01127128186358555	0.2484547290777193	0.2484547290777305	0.7296902401801553	0.7296902401801387	0.5868839288272065	-0.4347210456668568	-0.1874787922586571	-1.028533214474068	0.2845711674428746	0.4323693288609374	0.1625549555702346	0.6698560018188089	1.513808563549007	1.701045045153423	0.1656080745398865	0.1241572920877316	1.551474453593284	1.34794259814683	-0.4948669814995894	-0.2069413458973656	-0.5441006467453818	0.943027132479293	-1.303962784734107	3.003466392864684	0.2258901190253796	0.1264287104433285	-1.02144097454399	-2.248735316835535	-0.2786673658491161	2.677926651100802	0.3191194285904372	-0.2496286022797713	0.8035678765750733	-1.128565333119836	0.4177083221638688	1.302479155803379	1.302479155652997	-2.681695128345917	-2.681695128360171	4.487906899768284	1.877876096886417	-1.867645563898897	-6.633938799878659	0.07657322399209709	5.570777312543838	-5.431617834989316	-0.3059790467621763	-0.3785375595699857	5.586698598619281	4.894389204819889	-1.469673706054848	-0.09423270427839381	-0.4332534194083197	-9.440650067025757	0.8825302945453112	0.01000373415036176	0.01000241603512877	0.01000906749670416	0.01001863180734466	0.01000444953540237	0.01000509374228073	0.01001345373206872	0.04757684183379171	0.01000174957575643	0.01000475148138524	0.8777426112759835	0.9728003515945708	0.8592483256134887	0.9442453294826926	0.01000898089660953	0.01000516905644531	0.01000508784733828	0.3384464438996449	0.04932501343433156	0.01195290971473744	0.5016611194981664	0.29715957261266	0.1634345469732827	0.01002191377132849	0.3108639700542573	0.01000611253918963	0.01000401546295524	0.01226412641754047	0.02669636862714744	0.01000199721410001	0.01393625635235692	0.01002619724303323	0.01003067080608078	0.7454586653932814	0.4516037698278707	0.01000107594698221	0.3427414094947211	0.01000520281747609	0.01000339157727203	0.01000382330689775	0.07317300384611206	0.0262388861442127	0.1352973015963909	0.07496215769704774	0.2613890253020231	0.08385500809834164	0.01000403885180379	0.02047904096413687	0.05937519699959404	0.01993502032327991	0.01111778766048226	0.01037511099357243	0.01232892218807775	0.01414837713083176	0.01000676131148865	0.01000607306997216	0.08693786429073058	0.01000858374989705	0.01000874963595566	0.01000760940748306	0.01004103861766466	0.0100364830722742	0.01001650375035618	0.1660472609859609	0.01000932268728682	0.01301870471185019	0.01224500398105114	0.01000791085484312	0.01000659169269758	0.01000450236359365	0.01002479083665034	0.01000231554458945	0.01000908698625974	0.01000854019898753	0.01001468750238769	0.07989410544380451	0.01009772167430889	0.01000393400165553	0.01000125755440543	0.01000275256417198	0.01160830867565735	-0.04026856836492149	0.01188615555394489	0.03011653218214389	-0.0007946475205222444	0.07035581760879617	-0.3217794774259308	0.04040286922184246	-0.04449568908024745	-0.004409968682391097	0.1094751321140307	0.05039743788717316	0.005139795534600955	0.01000491973504933	0.01000340464692017	0.01000579741050005	0.01001630359835744	0.01000507151814065	0.01000645337191824	0.01001728404913818	0.05549598529893004	0.01000124355588771	0.01000364137795536	0.7628904773241203	0.9999784125134979	0.4748947660832938	0.5847785493293303	0.0100082878415258	0.01000570041430155	0.0100045610029457	0.02218115116938932	0.01002024702579299	0.0100076302727551	0.1843491756014293	0.1150144514372913	0.04763712260732789	0.01003020708042574	0.4971038593386845	0.01000610878395977	0.01000372668566447	0.01003933236312137	0.07925039491722428	0.01000218094983767	0.01392790651317753	0.01003696135406698	0.01004386747870824	0.2397701829951955	0.2929717169276884	0.01000079827407934	0.2888796406656491	0.01000180481663659	0.01000045491138747	0.01000212040888869	0.01002251468952418	0.01000896382323852	0.1883971604306366	0.1889630946808419	0.1719565165216895	0.01004324298756218	0.01000389167229051	0.01000791291775322	0.06034284653832838	0.01983762184091969	0.01107365766736236	0.01041969422957991	0.01000207309583266	0.01000135967764528	0.0100135542153945	0.01001597541622241	0.2201498891586635	0.01001168362699394	0.01001057690749519	0.01001136068616376	0.01006159902203408	0.01004979679001755	0.01002018848031928	0.01002803972843755	0.01000942773970461	0.01211184941392713	0.0117440696034267	0.01000837387905512	0.01000587608512435	0.0100090137921803	0.01004335185248378	0.01000181095756845	0.01000681004726722	0.01000715604763469	0.01001678049347917	0.06240918026344577	0.01007483553885033	0.01000326102886234	0.01000110979543555	0.01000215051835873	-0.6579542968747907	-0.3350978586653965	-6.352166128367804e-11	-6.564026760854585e-12
0.2143122496469344	-0.1518182402242624	0.006814517340709908	-0.1903619739381914	2.150816332256227	0.9293796239503831	-0.01708761459771008	-0.1089199510145626	0.07091350306189111	0.2633540204148017	0.6475612721260502	-0.009968787193248179	-0.2216042529845233	-0.1255149599008354	0.0432958859419163	0.01344152321889138	0.2542223933584505	0.2542223933584481	0.7161215541436177	0.716121554143447	0.6014197631749958	-0.4267413875282178	-0.1978418229219979	-1.057073943122924	0.2837685772606138	0.4567590251594792	0.1374517283325239	0.668563910161531	1.515030643713678	1.72437238774161	0.187890307946591	0.117396310001235	1.550761414037223	1.349133972468831	-0.5365951990570059	-0.2031494743483322	-0.4747312436877209	1.022589439283166	-1.075346064444651	3.059782792077066	0.2470893753507164	0.1230438816643482	-1.040793348707612	-2.369264779836132	-0.3561533441909652	2.222211877135868	0.629934009672518	-0.002691009835137403	0.8571387764164465	-1.266808265773309	0.5147715210582957	1.272937149873735	1.272937149873538	-3.409445925087199	-3.409445925089346	2.221725093842406	1.681813029071458	-2.600995656211242	-6.132207675805185	-0.3804858169360334	5.300035739223706	-5.810179294348242	-0.2708941938657988	0.7435945970688471	4.848813446102597	5.097369526454597	-1.556399932232875	-0.2017927376894339	1.132677980346978	-9.213069975016847	0.8201335213216224	0.01000440319223958	0.01000297006184372	0.01000788758610798	0.0100178584885109	0.01000483177314185	0.01000586531185115	0.01001531132608332	0.04589482497713892	0.01000154432702144	0.01000424929638683	0.8325587044445649	0.978236032365606	0.7549867638390558	0.8291132227813952	0.01000850363835394	0.01000533270461174	0.01000490082948828	0.2587066285223451	0.03567969384595734	0.01123780912965265	0.4188682167664474	0.2393377949555078	0.1234619436979337	0.01002667545396143	0.3693935820204254	0.01000625491850789	0.01000392969724765	0.01144640851161278	0.0566217467268137	0.01000207739569493	0.01390540611928307	0.01003078184125948	0.0100375086827913	0.6252718765851752	0.4083349789709106	0.01000095294935355	0.3093907006752056	0.01000398935505667	0.01000231719561263	0.0100032378048049	0.05201979329792127	0.02040278627383462	0.1479109120616486	0.1272115068328361	0.2233465852834443	0.05951229950615117	0.01000398516074085	0.01668048423201179	0.05788131769274112	0.01949377698949237	0.01127603181688202	0.01045662911237919	0.01147433192492101	0.0126295633392338	0.01001079338927385	0.01001208613061545	0.1461206968645768	0.01001022280966731	0.01000961111833447	0.01000976978658578	0.01005300797070427	0.01004386947199254	0.01001872917738142	0.1200106168639368	0.01000954683598224	0.01258171792824502	0.01198390467691421	0.01000840863454135	0.01000633027485378	0.01000713754128963	0.01003648507335312	0.01000209983984944	0.01000810464766178	0.0100077534266456	0.01001598062598412	0.07354517026860288	0.01008486368948898	0.01000374265315938	0.01000123484010359	0.01000258573016736	0.01306555039815681	-0.03296960302176312	0.01225626772932696	0.0312656456387333	0.00106485967432065	0.09000444417394241	-0.3676838287917313	0.06258986989633732	-0.0321042358682915	-0.0004401657793003664	0.08336580520108458	0.01994677432440372	0.02778980282612822	0.01000606321778631	0.01000433905904893	0.01000592164479514	0.01001672162701954	0.01000582563718512	0.01000778632455277	0.01001948473092557	0.03220344949349189	0.01000115156620413	0.01000318339853931	0.5514642381361389	0.9999732907734232	0.217128359581938	0.1695950555843301	0.01000719541788418	0.01000554296735592	0.01000459672110779	0.01001276462212383	0.01001025418491342	0.01000600009004804	0.07605750828069464	0.03028506293460361	0.01047645387149275	0.01003859335217322	0.597768914698476	0.01000681720911985	0.01000382874863124	0.01003614921212089	0.1401577484802378	0.01000224261515021	0.01378940960148677	0.01004001591963152	0.01005361149476831	0.08068927221187397	0.2309677556982574	0.0100006970350598	0.1319073804213277	0.0100019964850023	0.01000049362195275	0.01000232812427228	0.01001276976513179	0.01000614386810007	0.1690599725344922	0.2825585764125482	0.06710508043321418	0.01001767180329678	0.01000389296194167	0.01000586866609149	0.05042566355913042	0.01779059253340218	0.01193666339151266	0.01074113533485054	0.01000159087134973	0.01000102115476838	0.01002108587937919	0.01002762280263348	0.3263290710441012	0.01001412989089731	0.01001150054161421	0.01001519597680016	0.01008324466730982	0.0100620167536095	0.01002446139612433	0.01001629154690743	0.01001034354335003	0.01159246203128608	0.01136110788368334	0.01000997955273325	0.01000588960495104	0.0100138113353985	0.01006729964591749	0.01000166423583149	0.01000610486349935	0.01000579324303942	0.0100193532577711	0.05882710203287662	0.01005300186796538	0.01000353942016969	0.01000126532467068	0.01000242105126742	-0.6503815604063591	-0.2801849882176897	-3.342847569196785e-11	-7.26989392906166e-11
0.2187770881812456	-0.1534336296779556	0.01147326730181405	-0.1948256656231591	2.164571493196694	0.9305714585808906	-0.01655736765660565	-0.1139187548059035	0.06003157427886283	0.2616866385936254	0.6559978555934606	-0.00652462330838035	-0.2212017558241605	-0.1220718491022819	0.03742736354650118	0.01591983434266182	0.2598757782240539	0.2598757782239106	0.6990689052358673	0.6990689052358702	0.6078461168856623	-0.4197437908325677	-0.2098879527640989	-1.080548235909972	0.2807908351042951	0.4808612116567997	0.1106344487347316	0.6672731871139799	1.519326879936575	1.742944426477015	0.2113465537059794	0.1102668129653768	1.549963666574186	1.35533886030212	-0.5767901633126337	-0.1996522226329822	-0.2543941275986305	1.056443070251028	-0.9326952862498162	3.099615726582238	0.2857589546262921	0.1143580693295171	-1.190520079211865	-2.49398826677523	-0.3786282671732192	1.568030336620424	0.8975817736812869	0.1789749828787945	0.6863319356290383	-1.349347228171221	0.5886374738720712	1.259517580909001	1.259517580846422	-4.218145305953734	-4.218145306124801	0.7471839010515984	1.456407046715382	-2.731989128064456	-4.296071105502445	-0.9365473964336837	5.514255972272815	-6.219500287698707	-0.3132431754108582	1.084396439174676	3.43357943279947	5.388170960237222	-1.62890264051275	-0.1450252132856482	1.345484263548664	-8.804971882981871	0.7318101049526026	0.01000517803063781	0.01000358835985463	0.01000733480182801	0.01001774747836833	0.01000542287678242	0.01000677433257058	0.01001605853625849	0.03908361856021797	0.01000138604021565	0.01000378913709141	0.7658596248995093	0.9772494676364247	0.6343878504375788	0.68776279661859	0.01000787648161419	0.01000524987639771	0.01000492203990602	0.1925769248096566	0.02655582563737076	0.01078163932516019	0.3351038843255333	0.1812882180801833	0.08822488112943117	0.0100317056932969	0.4073549677711291	0.01000818025363779	0.03843483858825446	0.01092590002314491	0.08244856649077932	0.01000320329516184	0.01381613228064731	0.01003092278227049	0.01003986327340304	0.5065852587166724	0.3646913367765904	0.01000084196289634	0.2566731720737269	0.01000333680743709	0.01000166457686017	0.0100029714337903	0.03747617563562024	0.01661237275712489	0.1419959923240589	0.1563549382270963	0.1763218206113532	0.04257666332307377	0.01000398759984261	0.01423158914989314	0.05742801920587144	0.01915719940720097	0.01139330445052894	0.01051880340521748	0.01092916599710098	0.0116585125868664	0.01240440843337726	0.01217486128286687	0.1831445493476805	0.01004294398089759	0.01007126278332936	0.01974088876625489	0.01007797255347578	0.01006200534303484	0.01002323449225733	0.0855608901157026	0.01001066412170095	0.01218003998073332	0.01171511769434906	0.01000929627472029	0.01000651931784147	0.01001013768570722	0.01004367456374486	0.01000194999586454	0.01000738253024642	0.01000702233012485	0.01001774384073973	0.06944899306475774	0.01007124202951338	0.01000370940230106	0.0100012561514332	0.01000254953869945	0.01266919399954235	-0.03086299465799513	0.01122779293934602	0.03109687930253548	0.006071544722210556	0.09645227417005582	-0.3990503661682935	0.06827783772170593	-0.02141582518853973	0.004864920715198531	0.05636675926010318	-0.001198035485607296	-0.01524513112926362	0.01000686693130927	0.01000489678075842	0.01000681773523335	0.01001829820443411	0.01000695181324555	0.01000877958217234	0.01001542023591905	0.02113556644107144	0.01000108877219053	0.01000285708310272	0.4555444440122575	0.9483670888425973	0.113569417634628	0.08980028589334564	0.01000647824622961	0.01000472801061551	0.01000527687984617	0.01001002296325322	0.0100086572529759	0.01000585264409832	0.04306048769293119	0.02020219192276065	0.01035210681287773	0.01004162776961517	0.4661738174442632	0.01001552162600957	0.1583374729520104	0.01004383962664552	0.128020453815902	0.01000764236744609	0.01355113504453309	0.01002335630042205	0.01003524942417246	0.04534617096391704	0.2114468360933175	0.01000061660544564	0.07096276105855925	0.01000243785951451	0.01000061581433616	0.01000268937881814	0.01001045654740176	0.01000518153374227	0.09023360842101419	0.1690454273643817	0.03856530976773472	0.0100154771797958	0.01000407745979656	0.01000495087397113	0.06198205345586166	0.01925713391128147	0.0112891173747271	0.01052122976295171	0.01000144224832445	0.01000091866072077	0.02216695835064452	0.02098828305725227	0.2223094753192388	0.01017272338914922	0.01032054390529222	0.05979525476495307	0.0101529310697657	0.01011980561462378	0.01003651463518858	0.01001315900815749	0.01001451176158934	0.01140715954970829	0.01116485424835517	0.0100115114390084	0.01000767949629427	0.01001646630724208	0.01004576877025527	0.01000172410812271	0.0100062072914876	0.0100057760448525	0.01002194674395902	0.06325485858872408	0.01004387557755443	0.01000375220243043	0.01000131486554751	0.01000254638894848	-0.6529735735856844	-0.2340161586865724	-1.299689882052833e-11	-1.105156362713024e-10
0.2232419267155567	-0.1541391938913963	0.01617830103925627	-0.1987670409721894	2.178475695127983	0.9319221844181184	-0.01606749780386492	-0.1194806020332336	0.04874342998404792	0.2600811579255577	0.6616625845851716	-0.002090108881919961	-0.2200418938266228	-0.1193759865023605	0.03135931520187536	0.01863771009909396	0.2654699456805119	0.2654699456803	0.6785535520789657	0.6785535520791544	0.6088978541579378	-0.4137032379807264	-0.2216749160548132	-1.094660461047418	0.2755557981497469	0.5061589372575138	0.08176156507686108	0.6657134829247766	1.523852379298444	1.754704085652301	0.2358124406915593	0.1029250000335303	1.549560402334345	1.358458350475973	-0.6153361924074908	-0.1967452983675295	-0.06718002242763015	1.04332198816846	-0.8413773889192747	3.126544883505272	0.3182638214313577	0.1049571934258117	-1.293005556601785	-2.551226774005661	-0.3284249751792329	0.9805748690627115	1.073556034560448	0.3365663820183098	0.5224130299207977	-1.35618481549164	0.6220832728102853	1.24641104042522	1.246411040423581	-4.960545271125053	-4.960545271122236	-0.1858049777072132	1.253110482744687	-2.484903476859058	-1.938520636233416	-1.391628732641244	5.835570948580396	-6.730975894528337	-0.3913828127318308	0.846291838980891	1.797245323719885	5.549632873844177	-1.651505650393104	-0.02508614250060405	-0.2494089760489899	-8.474438526541261	0.5556995489927191	0.01000596367670331	0.01000418391042329	0.01000732607035257	0.01001827020774097	0.01000621499123519	0.01000771491686581	0.01001499903869808	0.03065698734060951	0.01000126355801721	0.0100033791825989	0.6925801095637069	0.9660957515471312	0.5136331020113857	0.5554756467404824	0.01000721568197349	0.0100048922587304	0.01000519074676521	0.1404091833599745	0.02060879079023385	0.01049605238822267	0.2584872216604564	0.1331367808864004	0.06269003202552172	0.01003599133417058	0.4048020380734197	0.01001265177497986	0.105331149642833	0.01060286819626337	0.09488205207593992	0.01000593397145348	0.01367128026853433	0.01002475626034819	0.01003443979463654	0.4004065531826793	0.3255122545722208	0.01000074242410901	0.1988125410179969	0.0100030950565927	0.01000130288748171	0.01000294075996992	0.0277683622440787	0.01420147118119571	0.1136054942498215	0.1419171208764577	0.1318952287427636	0.03115711334802726	0.01000405838022051	0.01268369924557202	0.06107414170950882	0.01948443164035803	0.01122414849711756	0.01047517060122374	0.01058772792852115	0.01104915528397961	0.01840125841425509	0.01759316916355387	0.178191530569851	0.01012293308285566	0.01022599473290179	0.04361251695817443	0.01011972576264268	0.01009504135287456	0.01003057412216484	0.06071114466782281	0.01001292689340748	0.01185895510372955	0.01147333325155748	0.0100104275341003	0.01000730948539379	0.01001300826861369	0.01004008111924677	0.01000187890204276	0.01000697005793888	0.01000655957419191	0.01001981876942647	0.06818928057841744	0.01005930785948728	0.01000376853075308	0.01000128807275138	0.01000257401205643	0.01227283760093082	-0.02875638629422702	0.01019931814936432	0.03092811296633765	0.01107822977010109	0.1029001041661687	-0.4304169035448556	0.07396580554707582	-0.01072741450878932	0.01017000720969801	0.02936771331912171	-0.02234284529561842	-0.05828006508465702	0.01000767064483553	0.01000545450247481	0.01000771382567217	0.01001987478184849	0.01000807798930947	0.01000977283979449	0.01001135574091185	0.01006768338865128	0.01000102597818182	0.01000253076766715	0.3596246498883758	0.8967608869117708	0.01001047568731749	0.01000551620235982	0.01000576107457415	0.01000391305387285	0.01000595703858537	0.01000728130438331	0.01000706032103909	0.01000570519815385	0.01006346710516769	0.01011932091091993	0.01022775975426295	0.01004466218705896	0.3345787201900495	0.01002422604290075	0.3066711171553896	0.01005153004117163	0.1158831591515658	0.01001304211974365	0.01331286048757867	0.01000669668121888	0.01001688735357662	0.01000306971595794	0.1919259164883774	0.01000053617583427	0.01001814169579078	0.01000287923402877	0.01000073800678296	0.01000305063335635	0.01000814332967222	0.01000421919938755	0.01140724430753513	0.05553227831621465	0.01002553910225487	0.01001328255629434	0.01000426195764758	0.01000403308185355	0.07353844335259305	0.02072367528916045	0.01064157135794161	0.01030132419105215	0.01000129362531094	0.01000081616668469	0.03431283082189995	0.03194894331185456	0.1182898795943781	0.01033131688740789	0.01062958726896059	0.1095753135531005	0.01022261747222301	0.01017759447563683	0.01004856787425336	0.01001002646940759	0.01001867997982933	0.01122185706812949	0.01096860061302584	0.0100130433252816	0.01000946938763891	0.01001912127908181	0.01002423789459332	0.01000178398041126	0.01000630971947508	0.01000575884666498	0.01002454023014836	0.06768261514456744	0.01003474928714227	0.01000396498469002	0.01000136440642308	0.01000267172662746	-0.6334380908854456	-0.1886384034582548	-1.040213804804989e-11	-9.605255069984799e-11
0.2277067652498678	-0.1543494442157263	0.02071481843892296	-0.2023232861515264	2.192486804498563	0.9333550847050562	-0.01561113744127031	-0.1251825749375595	0.03748364358858751	0.2589203696183704	0.6652426163446953	0.002860744373948066	-0.2181612597520843	-0.1170275114578721	0.02544646271475422	0.02133165014870588	0.270976442942409	0.2709764429421875	0.6551307823023665	0.655130782302475	0.6066519175306406	-0.4084654444807755	-0.2317643039017161	-1.099817412358912	0.2689864346131707	0.5323064866491799	0.05044788392755454	0.6638977865027714	1.526299901422798	1.760146980962928	0.2603188788974789	0.09568414447744901	1.549901748910989	1.352411673462518	-0.6528731264041393	-0.1948078464379754	-0.03513401805782387	0.9782089698217162	-0.7601825383357932	3.148468792999696	0.321709075813939	0.1021262958446162	-1.256079517097775	-2.465063319378829	-0.1492845708278447	0.632674379290562	1.116489052884698	0.4883648610720235	0.5366504188624839	-1.286042272223798	0.5799994748806183	1.219469617084555	1.219469617100823	-5.519539051690197	-5.519539051891647	-0.7755518989539836	1.107591377327447	-2.013844495143724	-0.521229850157825	-1.424525451225957	5.517770649064116	-7.320221188331664	-0.4179708248171596	0.1980288479340871	0.6747865134875191	5.330042896725684	-1.560435836175077	0.1954444244884276	-1.929455206616898	-8.437718064815863	0.3130349144804812	0.04262745457701168	0.03710548375276722	0.01001149993108442	0.01002518613345075	0.010011285343328	0.01595654141134554	0.01001373931357357	0.02327350945957391	0.01000116460855292	0.01000302265640852	0.6052070999144631	0.9064478024585946	0.4023982819312215	0.4372947440307391	0.01000815938793498	0.01000614318367998	0.01000790077547191	0.1006710214202423	0.01674507175992804	0.0103145183058968	0.1924131773068311	0.09528161931103293	0.04482529545744973	0.01111661489630301	0.3804354914346404	0.04442398548439556	0.1910932456546671	0.01047772093232801	0.09919104202011049	0.02196398068311164	0.01333166529968839	0.0100178748791513	0.01002735612075721	0.3082406151509166	0.2840584584704254	0.01000066105215545	0.1452712050846596	0.01001854344869221	0.01001173750344377	0.01017356177191889	0.02137294867402734	0.0126550930479976	0.08606714892343019	0.1354334785039908	0.09434023210576165	0.02358708111788418	0.01061764231882822	0.0116937950807469	0.06097122956480743	0.02021737737580979	0.01094896607650046	0.0103832843284424	0.01037032417032901	0.01066082425211684	0.0309392695806818	0.02980223682918276	0.1701396615207585	0.01058775155859998	0.01719619964296403	0.0725817936310735	0.01019619534072075	0.01036595491596706	0.02605257245218421	0.04339510912559102	0.01001460482352619	0.01462177674725519	0.01178786372591419	0.04172484738423233	0.0100082296328309	0.01001494563391858	0.0100322921320465	0.01000191582340048	0.01000693518030978	0.01000797184570292	0.01002096484946825	0.06755183439097193	0.0100537039437768	0.01000386086158456	0.01000132888563247	0.01000263450964851	0.01404365466219783	-0.02560865532212801	0.006837953795019438	0.02355365949283906	0.01422345626178449	0.1051645727753309	-0.4451133147989565	0.07485192225344267	0.007156007124603524	0.01275283833933294	0.01151495333670973	-0.04799177116279608	-0.07679834233461053	0.1809918908092965	0.1511941984135698	0.01002814892139953	0.01005192909040565	0.01003028561102804	0.04033536025706073	0.0100118250737485	0.01004505134788764	0.01000097241419856	0.01000232118846323	0.1851618338214107	0.4534518284759965	0.01000632672296056	0.01000339683173643	0.01001328517623256	0.01001210060723322	0.01001825796419079	0.01000634982919549	0.01000666278355618	0.01000709639899401	0.01004631322723723	0.01008411171476562	0.01020979961572569	0.01551454825627479	0.2680548873808187	0.1907342029554282	0.4703061144540135	0.01045362972771576	0.1016661695144935	0.07131683299355249	0.01225240555195074	0.01000578924357138	0.01001399935348716	0.01000193183397858	0.12700627008979	0.01000051161265316	0.0100109603884422	0.01008163816095705	0.01005472631800117	0.01086836221478702	0.01000754013954387	0.01000415916525416	0.03899558998649159	0.1769121082377714	0.01005207315598749	0.01001875568030211	0.01311719491009885	0.01000361880459981	0.04929164280997598	0.0221849872385874	0.01033931834248387	0.01016207736018167	0.01000127871565287	0.010000800938434	0.06987095121285226	0.06859647455731999	0.1781977398849151	0.01229821779410599	0.04545972878278859	0.1459369412646674	0.0104168708476531	0.01139663814694055	0.09251279380096278	0.01000877715604797	0.01001636338752152	0.02652011051083007	0.0135191664356988	0.1760757823049106	0.01001007251549934	0.01001744101103554	0.01001455371789432	0.01000214974286638	0.01000737583666341	0.01001442827026634	0.01002146624888075	0.06502016558025185	0.01005254820286212	0.0100040623947052	0.01000142651307939	0.01000279348970875	-0.7011964837540502	-0.1517740815243979	-7.968025146085075e-11	-8.942078136834446e-11
0.2321716037841789	-0.1545255582052158	0.02481893902700408	-0.2056316611277393	2.206579912555847	0.9347780931388364	-0.01513179478105206	-0.1306516010939465	0.02697650678300345	0.2591254556600917	0.667397830942892	0.007632757711194752	-0.2158371180011932	-0.1145206790820189	0.01993254742350317	0.02377536933547442	0.2763529473377226	0.2763529473377086	0.6293731630849643	0.6293731630849847	0.6023715638805979	-0.4036836737554067	-0.2394727111448145	-1.100651847475389	0.2639653532821489	0.5522223234928796	0.01617642616188064	0.6620166562067964	1.525156070124535	1.761032577936348	0.2825342353029403	0.08927263209926597	1.551461515107873	1.345959093326315	-0.691554651052611	-0.1939422860896825	-0.05188894002799545	0.8496322341064254	-0.7303453548948008	3.16327574018261	0.313832810170319	0.1152519979535431	-1.188658153609317	-2.214081511343195	0.283411042908978	0.3423359720522746	0.9934456042975871	0.5352331122151678	0.5933484475099602	-1.17748311757384	0.5099982654008057	1.188181579762829	1.18818157976307	-6.006428208209037	-6.006428208209519	-1.097111020231651	1.048837613243232	-1.41835623669948	-0.002273187478757106	-0.6980841977249811	3.044109480576088	-8.055895676189296	-0.4206935561633765	-0.7624352124578472	-0.2441715032696787	4.523355353980196	-1.280005832216564	0.5206982662426263	-0.4312311203247093	-8.987151597010428	0.07555149664766478	0.1188243928127226	0.101028865118718	0.01002178226833261	0.01004154135851028	0.01002279055853607	0.0307102962080149	0.01001312890057542	0.0184909461121555	0.01000108269410238	0.01000272127182399	0.4967866972887546	0.7694776670716932	0.3099610261112272	0.3389211900291877	0.01001157397436842	0.01000999869197124	0.01001421259954108	0.07148805310908558	0.01428690590620386	0.01020156306710522	0.1402906826135499	0.06764206525210631	0.03272445437457337	0.01383335385634892	0.3455707776619148	0.1245601335473824	0.2896075930234004	0.01055036415165691	0.09754337856024793	0.05112424422222407	0.01272281191766077	0.01001323655302356	0.01002184780571333	0.23257591762538	0.2348131772814343	0.0100006014712917	0.1042916800615094	0.0100577652154222	0.01003852376388989	0.01060473270230967	0.01725592607570889	0.01168205394884388	0.07552343836532935	0.1666597858550641	0.06696914302080285	0.01868986387350753	0.0121667507599548	0.01107243160623069	0.05256938237612001	0.02121661584925269	0.01066342189251557	0.01027360166327776	0.01023439607913792	0.01041783050333556	0.05127354270220533	0.05033699202410557	0.1814836646779375	0.01161460472180783	0.03416239966273669	0.1025712634244927	0.01031685263828271	0.01099222394602585	0.06472513464037995	0.03170090636498017	0.01001478286775312	0.02198704406435804	0.01293734504630751	0.1159158023012845	0.0100090306572004	0.01001552478061968	0.01002379154284772	0.0100020762376504	0.0100073138361775	0.01001210909068805	0.01002052610595995	0.06623091373301822	0.0100568850592242	0.01000395510320723	0.010001377685661	0.01000271800610169	0.01581447172345928	-0.02246092435002599	0.003476589440675797	0.01617920601934152	0.01736868275346706	0.1074290413844932	-0.4598097260530578	0.07573803895980814	0.02503942875799601	0.01533566946896849	-0.006337806645703389	-0.07364069702997325	-0.0953166195845561	0.3519761109737568	0.2923829423246588	0.01004858401712974	0.01008398339896515	0.01005249323274433	0.07066094767432647	0.01001229440658636	0.0100224193071231	0.01000091885021499	0.01000211160925835	0.01069901775444706	0.01014277004022446	0.01000217775860757	0.01000127746111839	0.01002080927789643	0.01002028816059653	0.01003055888980085	0.01000541835400965	0.01000626524607746	0.01000848759984321	0.01002915934930753	0.01004890251861036	0.01019183947718984	0.02098443432549104	0.2015310545715886	0.3714441798679547	0.633941111752637	0.01085572941426067	0.08744917987742386	0.1326206238673502	0.01119195061631989	0.01000488180592431	0.01001111135339651	0.01000079395200197	0.06208662369120262	0.01000048704947961	0.01000377908109598	0.0101603970878909	0.01010871462925419	0.01173367379622738	0.01000693694941723	0.01000409913112396	0.0665839356654522	0.2982919381593336	0.01007860720971817	0.01002422880430907	0.01623012786254981	0.01000320452735129	0.02504484226735722	0.02364629918801343	0.01003706532702788	0.01002283052931581	0.0100012638060079	0.01000078571019214	0.1054290716038099	0.1052440058027935	0.2381056001754556	0.01426511870079565	0.08028987029662212	0.182298568976236	0.01061112422308344	0.01261568181824806	0.1749770197276748	0.01000752784268992	0.01001404679520948	0.04181836395353113	0.01606973225837083	0.3421385212845394	0.01001067564335232	0.01001576074298623	0.010004869541196	0.01000251550533595	0.01000844195385584	0.01002309769386584	0.01001839226761124	0.06235771601594205	0.01007034711858185	0.01000415980471971	0.01000148861973428	0.01000291525278875	-0.8872246720310636	-0.1178905654557073	-2.986935194263189e-10	-9.91042542034055e-11
0.2366364423184901	-0.154744964677537	0.02815130011636099	-0.208998510358197	2.220722813299784	0.9361601001802249	-0.01456024059715459	-0.1358889125630052	0.01795021275920367	0.2618903136935657	0.6681439539460036	0.01143756188244325	-0.2136253518861778	-0.1118611118408033	0.01505142852057212	0.02600200294769728	0.2816109617239311	0.2816109617242608	0.6014717230511578	0.6014717230512537	0.5971576958707384	-0.3990552569306869	-0.2443647046034208	-1.100159975675719	0.2630401243744246	0.5584742544498749	-0.02177255675465298	0.660150379763914	1.519247367905781	1.757983769043449	0.3002107646208637	0.08451862964602708	1.55455124285236	1.35047000751477	-0.7344788399541539	-0.1939988959398758	-0.03683870751675273	0.6329033924132618	-0.7845187196628188	3.171335347759947	0.3047101036583242	0.1404052516757984	-1.164337001947858	-1.825499346133471	0.9484781324277333	-0.02274519591578795	0.6989529287229898	0.4375181696606227	0.5822786098439913	-0.9958318158798419	0.49764802849171	1.18846348500874	1.188463484184685	-6.484669683287805	-6.484669683473884	-1.214682338032505	1.01893189659152	-0.773097578179575	0.2807101341368954	0.1841989768649254	0.06773153707845725	-8.710569032231637	-0.4218548867215971	-1.889203504555184	-1.108401602996272	3.530350800684966	-0.851021171914674	0.8385145010555825	2.014093040691203	-9.662359889042772	-0.09663265929955449	0.2191168343558328	0.2121592086910712	0.01040728996992575	0.01008604311992285	0.01756061507918036	0.06452939511114045	0.01001297016860016	0.01539384142015267	0.01000145243201939	0.01000301361127735	0.3884686509364824	0.6149139121220288	0.2339492052062449	0.2575926028179675	0.01001767099927394	0.01001449391682939	0.01002797889539565	0.05083459808035375	0.01271004495739356	0.01013024012818497	0.1005888347503558	0.04818088531992484	0.02467094397756367	0.01740771943125688	0.3056780646643129	0.1942963024276503	0.3442646998529824	0.01058690110668709	0.09215701036949921	0.09446081119024256	0.01213308256396789	0.01001014036930559	0.01001776345586646	0.1717735750595867	0.1848654148297166	0.09869563099056362	0.07410701082525135	0.01024570894099854	0.01006754565559599	0.01088654675130194	0.01459938603395889	0.01106116202069689	0.07700206070610294	0.206572395264078	0.04777444333105259	0.01552462198268579	0.08819202895144289	0.01067633494034868	0.04229911641292949	0.02166412167711698	0.01045955156636939	0.01019104704791601	0.01014789728681734	0.0102631657074449	0.07152909158098089	0.0707567092197593	0.1980197882473117	0.01499707539232808	0.05668167934912424	0.1285633823582935	0.01042494950436308	0.01171324962437324	0.0987492206326019	0.02393983482541311	0.01001388334661472	0.03083567559992467	0.01396584362759653	0.1832691751292553	0.01000951583697042	0.01001544955161337	0.01001678120397305	0.01000232929839646	0.01000797292971179	0.01001470453454693	0.0100194590274611	0.06405512360821615	0.01006361596845764	0.01000405116897694	0.01000143931197825	0.0100028029758591	0.007036668125841814	-0.014477168579587	-0.001335912622408324	0.01658304002814547	0.01800495599992537	0.1097247296954007	-0.4644181262661127	0.06874463817285088	0.0604079018202842	0.01664895035503376	-0.02722426793621761	-0.1017225541659847	-0.07395182331142931	0.5642054709950901	0.6461845804869986	0.01195417632049903	0.01022982659133894	0.04848526525090664	0.1801088526837333	0.01001305993068909	0.01002398728196725	0.01000310350793141	0.01000474292064344	0.01035534394912325	0.01007394701126411	0.01000165847371285	0.01000096640912012	0.01003434871384093	0.01002371886638124	0.0100696055342358	0.01000497416339149	0.01000623948154833	0.01001001357713941	0.01002528148303055	0.01004468207863493	0.01015967086763456	0.02585604753682793	0.163497597310433	0.3492235863420716	0.3859502789798852	0.01046603207311191	0.07453889871617669	0.2258057626692397	0.01106721850072641	0.0100049048513957	0.01001060540805154	0.01000056817931465	0.04049013774119416	0.5049993747639537	0.01000269012146295	0.01092068580475619	0.010123810363116	0.0110397935021592	0.01000838618067715	0.0100040082522667	0.09199103250526147	0.3158379403075334	0.01034072183248024	0.01003993420883656	0.4285460605491956	0.01000296291359342	0.02079268582354416	0.02139108262438155	0.0101809785804662	0.01007594432373208	0.01000116151664535	0.01000071385887847	0.1162888527876935	0.1154183236019447	0.2423293675065574	0.02654808071168899	0.1156319354024261	0.1897681936042364	0.01060584724077097	0.01322639294560501	0.1621220378652806	0.0100066978178651	0.01001087177734123	0.05082464319172686	0.01542495126703518	0.3393350404291338	0.01001004241816133	0.01001493407605105	0.01000493017519882	0.01000297172688028	0.0100096603354613	0.01001557761651661	0.01001699810379245	0.05738768156849268	0.01007916100232581	0.01000426075209799	0.0100015913821462	0.01000297397107276	-1.161940756867221	-0.08086204230854352	-4.708707578000387e-10	-5.894111913852065e-11
0.2411012808528012	-0.1547691960567464	0.03037968096784497	-0.2126970112134922	2.234893341292834	0.9374944168833432	-0.01388130067191228	-0.141111000060489	0.01070841007102797	0.2675359941508084	0.6670640716083842	0.0137675379408035	-0.2120909266048611	-0.1094614221586983	0.01115756497050781	0.02831062595619091	0.2871561554387362	0.2871561554392038	0.5715314461316613	0.5715314461318356	0.5917367455114555	-0.3946340958731306	-0.2463772230267029	-1.097626330635458	0.264722277236176	0.5556071543522937	-0.05952932640660319	0.6581910474009794	1.508242621524585	1.751252105661892	0.315270005332353	0.08165991210368569	1.558727597944651	1.3600350830219	-0.7726737624832285	-0.1947669916659594	0.03553876618196217	0.355110226670523	-0.8789069765464125	3.175651207251853	0.2924701921997319	0.1633548665178719	-1.181838684599578	-1.414728229487981	1.573859946362411	-0.4756132473997411	0.3328042541868375	0.2318218778233603	0.4769375712353288	-0.7352474095747278	0.5467250516440868	1.316822133642183	1.316822133640944	-6.919714019890593	-6.919714019889901	-1.189872391079701	0.9559985323690312	-0.128511168698095	0.9123279921223496	0.4698782258150649	-1.040710649349992	-7.96979484690145	-0.4623774623299283	-3.045180268738148	-1.893885982455499	3.350954884673338	-0.4310233719725313	1.007447044447637	1.832752819773201	-6.868702686096531	-0.2431545955665014	0.3382834426680816	0.373848468554863	0.01136200019119841	0.01016857830128648	0.03614978244697512	0.1208127584238921	0.01001315862663661	0.01343125553789839	0.01000250400265712	0.01000418506763768	0.2984747536822426	0.4870427054369301	0.1728562903398703	0.1916870122370361	0.01002656242886571	0.01001858979377611	0.01005123670268312	0.03669407025692734	0.01171769015177095	0.01008625200495171	0.07143467454918254	0.03491937329623959	0.0194347152929025	0.02143325775000673	0.2648602842429749	0.2329831126844799	0.3220443107579998	0.01046343166531209	0.08427222255916278	0.1503363473366017	0.01171657018699488	0.01000821559402037	0.01001502292971574	0.1243779188801109	0.1400802954791789	0.2942124374959655	0.0526653723864253	0.01064831090997034	0.01009133925851041	0.01080255388612058	0.01291949173940442	0.01067218246567377	0.08632953207870497	0.2386122250212001	0.0348009211431043	0.0135233542682754	0.2552376678743299	0.010428387019412	0.03397347211449366	0.02111981594284778	0.01038610310608631	0.01015940242161383	0.01009381348569515	0.01016647058763065	0.08800982083982839	0.08710480819754443	0.2108260841878477	0.02163550869722732	0.08260822228052217	0.1480255098275425	0.01049049098749387	0.01239177536586603	0.1162256197332041	0.01891235395530411	0.01001212951751699	0.03959061462120046	0.01436948334998375	0.2256378344218231	0.01000958111487559	0.01001509218017163	0.01001242562174456	0.01000265869062643	0.01000884209304616	0.0100135016198452	0.0100182692974095	0.06092112505205453	0.01007112802933565	0.01000414903397341	0.0100015163340835	0.01000287804999449	-0.001741135471771012	-0.006493412809152034	-0.006148414685494949	0.01698687403694887	0.01864122924638431	0.1120204180063082	-0.4690265264791675	0.06175123738589474	0.09577637488257172	0.01796223124109838	-0.04811072922673122	-0.1298044113019964	-0.0525870270383066	0.776434831016418	0.9999862186493388	0.01385976862386882	0.01037566978371213	0.08691803726906175	0.2895567576931403	0.01001382545479032	0.01002555525681198	0.01000528816568151	0.01000737423204062	0.01001167014379708	0.01000512398230193	0.01000113918881779	0.01000065535711921	0.01004788814977959	0.01002714957216255	0.01010865217867204	0.01000452997277421	0.01000621371702216	0.01001153955444428	0.01002140361675424	0.01004046163866147	0.01012750225807969	0.03072766074816596	0.1254641400492831	0.3270029928161888	0.1379594462071337	0.01007633473195931	0.06162861755494374	0.3189909014711669	0.01094248638513261	0.01000492789686759	0.01001009946270561	0.01000034240661007	0.01889365179118746	0.9999982624784547	0.01000160116182882	0.0116809745216171	0.0101389060969582	0.01034591320808884	0.01000983541193787	0.0100039173734154	0.1173981293450688	0.3333839424557312	0.01060283645524768	0.01005563961336297	0.8408619932358533	0.01000272129984464	0.01654052937973212	0.0191358660607498	0.01032489183390495	0.01012905811814904	0.01000105922731415	0.01000064200759435	0.1271486339715739	0.1255926414010907	0.2465531348376558	0.03883104272258641	0.1509740005082289	0.1972378182322352	0.01060057025845739	0.01383710407295903	0.1492670560028849	0.01000586779304118	0.0100076967594766	0.05983092242992321	0.01478017027570046	0.3365315595737268	0.01000940919297189	0.01001410740911759	0.01000499080920488	0.01000342794842118	0.01001087871706572	0.01000805753917098	0.01001560393997472	0.05241764712104155	0.01008797488606845	0.01000436169947594	0.01000169414455735	0.01000303268935425	-1.517511599901557	-0.05126925083036202	-5.323446535023534e-10	9.904127096259874e-11
0.2455661193871124	-0.1544061697508792	0.03130730591586792	-0.2165401330970498	2.24908510753085	0.9387577103400996	-0.01312858037534853	-0.1464718174369343	0.005248525217919018	0.2745959094667837	0.6639113325718726	0.01461314311354296	-0.2114384257732908	-0.1076275901655657	0.008519464450300031	0.03057074047058279	0.293526186096609	0.2935261860967465	0.5398367518214481	0.5398367518204278	0.5866297196488729	-0.3904952167442154	-0.2455555665296364	-1.092262897648179	0.2670815505975209	0.5499107468070927	-0.08872307645913563	0.6558209984864514	1.492066031041993	1.741247117005207	0.3321312613712871	0.0804668662700046	1.563457776213184	1.366292833446729	-0.7853980720904319	-0.1962905086998392	0.1195670777238533	0.06161563895346091	-0.8144262919689096	3.182664466706179	0.2722043814925479	0.1718918167953158	-1.225710787785236	-1.029433479185189	1.4793903834269	-0.9255509997947398	0.06557728870614375	0.07246139156303971	0.3550666184418106	-0.4452707804795908	0.4403436108135678	1.505356303587866	1.505356302312386	-7.266451571104035	-7.266451571076255	-1.099679588241795	0.9003450371486186	0.4864540547671209	1.461543967100753	0.5757835326045793	-1.470335442453544	-5.117705340402941	-0.6041945485027277	-4.193638065942989	-2.576924299687576	3.948947773290119	-0.1202632689690031	1.114572375534944	0.9553882508512965	0.7974071259830304	-0.4315074357912532	0.434683317604792	0.5195194056849196	0.01193365708859026	0.01021282070234197	0.05178432009210465	0.1685968209501495	0.0100125651411565	0.01217535765607146	0.05115906710732263	0.01000822198471318	0.2246224394766267	0.3802315629661592	0.125227296491509	0.1397342209300877	0.0100316463118728	0.01002012510645105	0.01006295923785663	0.02722391786992975	0.01108493570097788	0.01005926019823742	0.05082888060533414	0.02623123989491232	0.01624530916729911	0.02327784755597129	0.2416328459164078	0.292800668975739	0.3078781417096998	0.0103241927579184	0.07772557561313378	0.2295618054413711	0.01153093066396972	0.01000683255683183	0.01001280685935014	0.08876888897791381	0.1145992942023189	0.4669519753239418	0.03790985842128346	0.01150427121687397	0.01046328243404899	0.01168356671583804	0.01184478308734031	0.01042431620044694	0.09958161820277545	0.2655306887110039	0.03422952622481353	0.01226106002254754	0.4131746560126841	0.01027050964900875	0.02850094432069186	0.02018669534511051	0.01040847500441945	0.01015875789033874	0.01005939186901484	0.01010494513714396	0.09628957015303921	0.09583494338016769	0.2197877791335488	0.02544447543277525	0.0976295912648459	0.1547023072543784	0.01048252324286618	0.01261179749936039	0.1156677261050408	0.0156571358264304	0.01001004059409991	0.04949528604622569	0.01491482018581809	0.232865747068302	0.01000893038610191	0.01001546064010973	0.01000960803628085	0.01000297551604782	0.01000963859086077	0.01001154413679937	0.01001707972004184	0.06137451924474877	0.01007438036371182	0.01000440011121292	0.01000153146695073	0.01000297910785723	0.0004876842226665099	-0.004781985487237757	-0.003697569767707031	0.01357437180466839	0.01634305065190355	0.1180099012044862	-0.4623907899953948	0.05887669044576712	0.124307786167887	0.0223678585098788	-0.08025779186602712	-0.1576316516775073	-0.04053813520614154	0.7070948586934882	0.9999880536699268	0.01206553992830329	0.01021034581712164	0.07552934848748218	0.2710877471636256	0.01000955938898123	0.01002815390273073	0.2277959361639131	0.01002183711830167	0.01001207973612383	0.01000525433050665	0.01000124121287287	0.01000069654458716	0.01003353174446199	0.01001882217026082	0.01006003932403419	0.01000605359013168	0.01000866975574074	0.0100152386372835	0.01016327222770432	0.01090629873145098	0.01120101637459344	0.02278699724994221	0.2203724787585338	0.5853899913577669	0.3771439908032398	0.0100984928552236	0.06643146870829321	0.5319254228576702	0.01145476028510048	0.01000410104798842	0.01000812642682077	0.01000034653000621	0.08790939761503033	0.9999912317722666	0.0100016904063332	0.01408827566385252	0.01193682458326498	0.01568410788372844	0.01000794860948708	0.01000307582316147	0.1369247022027814	0.3478069141404279	0.05295468894513698	0.01014098501884787	0.9204279987289241	0.01000255486974347	0.02037859295951089	0.01803402015781412	0.01055362537127608	0.01018290414834913	0.01000102468003756	0.01000061437768025	0.1016442829165267	0.1039607529637502	0.2410840005934092	0.02621445881458473	0.1090949151848419	0.1462651133735692	0.01035292840737856	0.01223762453631707	0.08250693680663809	0.01000554197949326	0.01000544682943333	0.0754344137707996	0.01680004095745389	0.173317089455595	0.01000643396599762	0.01001782871753213	0.01000469615640207	0.01000358592727224	0.01001108341307068	0.01000837732092346	0.01001458805562872	0.07101546951792746	0.01007277530136712	0.0100052338956898	0.01000143559212308	0.01000325338796286	-2.056667177477518	-0.03835004319722766	-5.206425025260276e-10	1.522825282235951e-10
0.2500309579214235	-0.1537685609483054	0.03094061762338561	-0.2197180077720854	2.263324147806307	0.9399143021638491	-0.01236359832293091	-0.1521115721383388	0.001529863271029037	0.2797713469995165	0.6588982138368097	0.01452812236576379	-0.2113367153650895	-0.1061965904008734	0.00719219392431956	0.03201649737682304	0.3003195189678656	0.3003195189676094	0.5067452797323699	0.5067452797301597	0.5819001035339225	-0.3865732744690757	-0.2421236547303806	-1.084831037049997	0.269764167116126	0.5428403330354847	-0.1053209316042578	0.6527518372845365	1.470860835832806	1.728338065876303	0.3482735859481208	0.08043537025847025	1.5687086033055	1.368432590602694	-0.7688706414616193	-0.1985506600220115	0.1585364917727923	-0.2246703134408081	-0.5809129473013959	3.196827360140205	0.2446737786390573	0.1688474402520881	-1.306787245880725	-0.6347569848522242	0.7297178513175782	-1.308960151904004	-0.08406442269787796	-0.01490159314323661	0.2964910919303992	-0.1480682724594228	0.1819378120144782	1.506437760829085	1.506437760828249	-7.545392998992568	-7.545392998991931	-1.020813807319855	0.8588228298769693	1.040738378621825	1.838868834769961	0.614717980040739	-1.656189254482861	-2.327532680857489	-0.775541070943621	-5.297716243528586	-3.194744826277029	3.028913638006761	0.08928649150965332	1.240668841056385	-0.0118797386448494	6.2344541152334	-0.5731259729503339	0.4875390104699531	0.6227985859413603	0.01161961437628143	0.01017840512199665	0.05769392089197207	0.1946095373043968	0.01001059260574905	0.01138718109262668	0.1460377777139115	0.01001617437953567	0.1654845836169574	0.2916273601348588	0.08937807696413844	0.1001446935265939	0.01002943103260205	0.01001795686692805	0.01005202707115535	0.02104276210620807	0.01068945524637458	0.01004378906586193	0.03677251624075491	0.02089281341591068	0.01461960805543106	0.02153233585851063	0.2491492374540541	0.398301346947906	0.355592153889731	0.01024553125418154	0.07487528702695601	0.3371200890938214	0.01160640595674221	0.0100056583204315	0.01001068199370243	0.0629802843730274	0.1176174555872133	0.5834112325432881	0.02805262985961339	0.01293810372388488	0.01136920657387169	0.01422489095240339	0.01116936976006827	0.01026900922486392	0.1145389984313324	0.2885411895274689	0.0487597972950695	0.01149969861203841	0.5367058478837787	0.01017176930382419	0.02634935478629764	0.01918966949553295	0.01050827695712937	0.01017856819325317	0.01003787733948461	0.01006649767996796	0.09359303748436802	0.09468466281676159	0.2247408256980905	0.02323408975001645	0.0940188666349388	0.1441835035130934	0.01038463328071716	0.01215194400274066	0.09406205588011358	0.01359204060715981	0.0100078912241412	0.06117839420356232	0.01600678556615119	0.1931006720505608	0.01000740697919198	0.01001708800821949	0.01000773776681747	0.01000323276044647	0.01001021289974525	0.01001044176968107	0.01001595530808147	0.06795910740352759	0.01007070617702385	0.01000488445476127	0.01000144382771888	0.01000312510953248	0.002716503917096817	-0.003070558165325959	-0.001246724849915805	0.01016186957238885	0.01404487205742303	0.1239993844026645	-0.4557550535116228	0.05600214350563876	0.1528391974532022	0.02677348577865902	-0.1124048545053232	-0.1854588920530181	-0.02848924337397764	0.6377548863705625	0.9999898886905251	0.01027131123273215	0.01004502185053193	0.06414065970590782	0.2526187366341133	0.0100052933231701	0.01003075254864944	0.4455865841621279	0.01003630000455146	0.01001248932845163	0.01000538467871268	0.01000134323692858	0.01000073773205624	0.01001917533914743	0.01001049476836222	0.01001142646939796	0.01000757720749271	0.01001112579446133	0.01001893772012747	0.01030514083865667	0.01177213582424193	0.01227453049110748	0.01484633375171886	0.3152808174677857	0.8437769898993437	0.6163285353993432	0.01012065097848957	0.07123431986164269	0.7448599442441652	0.01196703418506682	0.01000327419910906	0.01000615339093577	0.01000035065341687	0.1569251434388694	0.9999842010660802	0.01000177965084055	0.01649557680608954	0.01373474306956535	0.02102230255937477	0.01000606180703822	0.01000223427292072	0.1564512750604949	0.3622298858251256	0.09530654143502966	0.01022633042433295	0.9999940042219917	0.01000238843965571	0.02421665653928841	0.01693217425487718	0.01078235890864718	0.01023675017854931	0.01000099013279897	0.01000058674780036	0.0761399318614816	0.08232886452641308	0.2356148663491646	0.01359787490658098	0.06721582986145511	0.09529240851490399	0.01010528655629928	0.01063814499967483	0.01574681761039159	0.01000521616594712	0.01000319689938749	0.09103790511167584	0.01881991163920671	0.01010261933746506	0.01000345873902031	0.01002155002594591	0.01000440150359987	0.0100037439061275	0.01001128810907663	0.01000869710267194	0.01001357217128128	0.08961329191481307	0.01005757571666485	0.01000610609190146	0.01000117703967938	0.01000347408657486	-2.768993247792392	-0.02875080784853698	-3.11365025517376e-10	-7.727727318373696e-11
0.2544957964557346	-0.1530408452300429	0.02943380709955978	-0.2218771621497228	2.277639088649233	0.9409385192981289	-0.01160497861724558	-0.1582063883525406	-0.0005058266011658667	0.2817899134548096	0.6522435601946506	0.0139027263496769	-0.2118412396897729	-0.1048734884564793	0.007035577348754672	0.03236484666602677	0.3065099891290226	0.3065099891288733	0.4724329843989354	0.472432984397855	0.5774510629707513	-0.3827910499532646	-0.2363908451812258	-1.076187901529768	0.2726220446570027	0.5348831333659976	-0.1116756329451403	0.6490645038017876	1.444855760384443	1.712778095763245	0.3559689711016842	0.08120409179634222	1.574550868447844	1.367313829424344	-0.7388211053891562	-0.2010905446902288	0.1712244794729253	-0.4387718855637029	-0.4033548066784932	3.215640892832213	0.2144778438039115	0.1721595255391949	-1.426841606347652	-0.2936215275877355	0.2328222046890185	-1.679140407361542	-0.1906630532020522	-0.2316383933070542	0.2946242330735763	0.06286937562232846	-0.007142244855143789	1.244456664788574	1.244456664518908	-7.829978564006612	-7.829978564129553	-0.9730302486675292	0.8381348839258701	1.514609661064335	2.022656857819292	0.6628977661924856	-1.927436075110522	-0.6188411700313499	-0.8608524581209472	-6.337820365082083	-3.777691952502285	0.5530510407652981	0.248117366304757	1.374369703060546	-0.3444099534681226	7.089197879872326	-0.5383429426619969	0.5149354757275155	0.7019067460521489	0.01110177425522033	0.01012763616707385	0.05557312472526503	0.2047726896605216	0.01000876838536902	0.0109039170080291	0.2134860622513067	0.01004018336212669	0.1195999335128821	0.2190736593295501	0.06341535183762098	0.07111585830449124	0.01002530298514601	0.01001490376548933	0.01003649585946686	0.01703278277819584	0.01043925588161497	0.01003531406427837	0.03281842134899399	0.01875615612509818	0.01536746495693614	0.01917740580609477	0.2702699500489226	0.4525983106536893	0.3809665013632668	0.01020329072710924	0.07593689377854461	0.4120428031880978	0.0118471047075304	0.01000496822063809	0.01000924679333722	0.04494969614638727	0.1418979298014574	0.6186014261880139	0.02155569517020538	0.01361576080456131	0.01187807912828281	0.01565073242902809	0.01073844966974699	0.01017003699476408	0.1315822224129491	0.3107565773535804	0.07259884705244515	0.01109717989317822	0.6365952757824397	0.01010891360714064	0.02701722281151122	0.01816005877552408	0.01071205438670516	0.0102316094894165	0.01002418275826296	0.01004203617443404	0.0877551184483404	0.09083725695978306	0.227810504276042	0.02967514374668924	0.088119965048486	0.1249766314286441	0.010274551203476	0.01163615850935492	0.06829638296675231	0.01226918691273004	0.01000609371210771	0.07284565603978481	0.01713892308019036	0.1408556614063198	0.01000583681565187	0.01001929782230198	0.01000643315615879	0.01000340768919857	0.01001121044155508	0.01000962957638495	0.01001491969002578	0.07700960402293291	0.0100648041795296	0.01001073991532974	0.0100035527423513	0.01000316760150254	0.0004167078445407603	-0.002520746459132967	0.001846242778883357	0.001254016764993995	0.01143530085325174	0.1225212150965033	-0.437289613151625	0.05086923136056017	0.190894429294413	0.01985506734805389	-0.09509746812722662	-0.2170182769478523	-0.009468832849335236	0.5869856965770167	0.9999887558770094	0.01017512320927103	0.01003850631500872	0.04008347847516303	0.2114575241908449	0.01000601517492491	0.01012674070072266	0.3152279071433794	0.01012015660817578	0.01001152392443575	0.01000493267835876	0.01000128400933266	0.01000069783951226	0.01001754116397014	0.0100090556117391	0.01000907659975133	0.01005223639391704	0.01001733213647517	0.01002272244816759	0.03894201265209113	0.01787441250679809	0.02051822817289482	0.01523325403412077	0.3437691401008087	0.4269448369564656	0.31317757212748	0.01014143344539988	0.08423199531389104	0.5560257767619069	0.0125134814274528	0.01000426112377776	0.01000739752098153	0.01000030819657057	0.2342951791563069	0.507929603711281	0.01000154647839413	0.01325463656884469	0.0118696614221357	0.01551638147804187	0.01000557231070269	0.01000213279615878	0.182528689360619	0.3903644213939228	0.1406624298436893	0.01057580947645166	0.9999940293594533	0.01000229548280801	0.03174086478610066	0.01586612032224977	0.01130114445798979	0.01039636306815846	0.01000095490203576	0.01000055965805256	0.07472255700041434	0.08294416355736617	0.236642703872477	0.06540715049282825	0.08307394126479491	0.06648688254929647	0.01007244306134963	0.01086110225711798	0.01372563079877751	0.0100051787939918	0.01000291696978043	0.1005708895108173	0.01934289558123482	0.01007494280308934	0.01000292726019827	0.01002435776253992	0.01000406566312683	0.01000366792147921	0.01001432195676286	0.0100078619027928	0.01001280655995694	0.1003747973722364	0.01005235895310386	0.01003350477722522	0.01001237544310738	0.01000303160621266	-3.163103339703742	-0.01783794618075264	-1.550157504580533e-10	-2.170252234470113e-10
0.2589606349900457	-0.1522057839588286	0.02712544432312559	-0.2234724156446802	2.292040289647435	0.9418327276850781	-0.01081566542764253	-0.1648839652189009	-0.001239444723632306	0.2823712839289916	0.6438398735421886	0.01287391963909378	-0.2135885908963869	-0.103579631853034	0.007619262799437722	0.03212019299003024	0.3112348382362204	0.3112348382361797	0.4367781780878954	0.4367781780879406	0.5732030360626793	-0.3790646149548394	-0.2287114826940379	-1.066859728679738	0.27566081714299	0.5254571332903072	-0.1117383435425713	0.6452015715289554	1.414384860820324	1.694582767383789	0.3544164003918282	0.08258899828630197	1.580963668947972	1.366650613637861	-0.7067886226769547	-0.2031234071483471	0.2066213654229856	-0.5837211839276911	-0.3283167550262088	3.235467124825026	0.1864370729076086	0.1825964320604112	-1.567831715334406	-0.05150116968038981	0.08593401845930485	-2.092429972767835	-0.26477004308938	-0.5716192387912917	0.2833908078700564	0.1835458518571682	-0.0836945441113439	0.8499207175023127	0.8499207175025862	-8.146763507519072	-8.146763507520557	-0.9307708732129835	0.8338322322009328	1.912686154446916	2.145727495213519	0.6957489037524945	-2.314130371782206	0.4909301595239626	-0.8541994944226807	-7.298157823070093	-4.375239144444569	-1.113657554671547	0.365303185580819	1.496237035955622	0.1921793247523234	7.122704504894227	-0.3460081271716352	0.5248239287667595	0.7630980551734772	0.01074142190616967	0.01009347420105994	0.04581545250204561	0.2005546197120797	0.01000790019380791	0.01063734189821993	0.2214676994057571	0.01008668367926922	0.08524268689907841	0.1611105505574651	0.04526356591729413	0.05058363609310063	0.0100221110057427	0.0100124565157727	0.01002591397296044	0.01449645215608337	0.01028513030668995	0.01003144135966833	0.04042702279629453	0.01964636072165312	0.01888483259127097	0.01782394075624745	0.2928594891175399	0.3964080697327984	0.3265378614493312	0.01018469225162553	0.08093782028304426	0.4218020266235505	0.01220198783795951	0.01000490786594237	0.01000881772811735	0.0327371537328492	0.1808799043059908	0.5407023941395784	0.01737153342015431	0.01283089959099516	0.01149811795719161	0.0144967806888643	0.01046857135172911	0.01010815608865842	0.150926702873609	0.3340241069334166	0.1024827929896457	0.01097608534833105	0.7122352988574444	0.01006961021555594	0.03016197273158529	0.01711489186354439	0.01103378584436776	0.01032463314344171	0.01001561600707869	0.01002674677535305	0.08330723696109815	0.08841530172173161	0.2303193473901996	0.05199286496191651	0.08923665027351339	0.1021975384063289	0.01019343647007206	0.01139637343845814	0.04953766052662664	0.01143769226560492	0.0100048660641844	0.08358053050065448	0.01804337768050001	0.1010012848051854	0.01000465671700894	0.01002173233247205	0.01000549235434265	0.01000348831632414	0.0100129727065713	0.01000880875846416	0.01001398541091399	0.08648532453087156	0.01005915972475744	0.01002468364302175	0.01000907425849224	0.01000302813371637	-0.001883088227999362	-0.001970934752936145	0.004939210407681186	-0.007653836042401828	0.008825729649080079	0.1210430457903421	-0.4188241727916279	0.04573631921548211	0.2289496611356219	0.01293664891744986	-0.07779008174913121	-0.2485776618426865	0.009551577675313856	0.5362165067834812	0.9999876230634801	0.01007893518581193	0.01003199077948482	0.01602629724442014	0.1702963117475768	0.01000673702667948	0.01022272885279613	0.1848692301246375	0.01020401321180707	0.01001055852041783	0.01000448067800045	0.01000122478174153	0.01000065794697803	0.01001590698878843	0.01000761645510819	0.01000672673010056	0.01009689558034599	0.01002353847849224	0.01002650717620879	0.06757888446552728	0.02397668918935317	0.0287619258546823	0.0156201743165212	0.3722574627338323	0.01011268401359168	0.01002660885562276	0.01016221591230868	0.09722967076614017	0.3671916092796491	0.01305992866983773	0.01000524804844754	0.01000864165102767	0.01000026573970415	0.3116652148737429	0.01587500635647945	0.01000131330594295	0.01001369633160056	0.01000457977471414	0.01001046039671367	0.01000508281437287	0.01000203131941612	0.2086061036607423	0.4184989569627193	0.1860183182523478	0.0109252885285701	0.9999940544969128	0.01000220252598045	0.0392650730329128	0.01480006638962174	0.01181993000733203	0.01055597595776713	0.01000091967133095	0.01000053256836905	0.07330518213934725	0.0835594625883197	0.2376705413957882	0.1172164260790757	0.09893205266813515	0.03768135658368921	0.01003959956640018	0.01108405951456008	0.01170444398716419	0.01000514142203884	0.01000263704017581	0.1101038739099589	0.01986587952326337	0.0100472662687136	0.01000239578137813	0.01002716549913387	0.01000372982265522	0.0100035919368321	0.01001735580445044	0.01000702670291607	0.01001204094863308	0.1111363028296629	0.01004714218954187	0.01006090346256136	0.01002357384664903	0.01000258912584811	-3.065428836214084	-0.01058530382833604	-1.633319925744181e-10	-7.735852570655405e-11
0.2634254735243569	-0.1511272265938941	0.02426280558905729	-0.2248605180737354	2.306528287199512	0.9426118691248485	-0.009973885418397369	-0.1721986004401848	-0.001066573911491837	0.2826064848984462	0.633483754017096	0.01161076978243228	-0.2169413152310334	-0.1024270485343315	0.008617177837255153	0.03169454000521277	0.3141389765754864	0.3141389765755601	0.3996581867191883	0.3996581867191956	0.5691599008271362	-0.3753268075864849	-0.2194218605155911	-1.056749699315399	0.2786371502853575	0.5143533805135592	-0.1084031783248913	0.641513735630371	1.379828937511594	1.673637847235661	0.3478283357092646	0.08439331418494798	1.587910276888558	1.368943970333172	-0.6755888062968527	-0.2040676913288313	0.2713826526847947	-0.6905750699075633	-0.2955056641743359	3.253930133900749	0.1620729534184801	0.1943372364411693	-1.697659657983354	0.1196633425531863	0.02413979779710833	-2.53411866709023	-0.2919958026536407	-0.9213705850217903	0.239201406238113	0.2565658865496646	-0.1026639222793815	0.4532947042885332	0.4532947039604349	-8.471038014595281	-8.471038014541065	-0.8823863830085269	0.8439408322564221	2.235510205214855	2.404132991569844	0.6176076550075305	-2.636097027303418	1.00287813826976	-0.7954120945010862	-8.16189970660551	-5.00719607497645	-1.777484624168723	0.4289158939891118	1.616931188194285	0.7024344898947271	6.822291683301798	-0.07831446222537922	0.5232529327869824	0.8113204026209382	0.01049315255923472	0.01006996815780899	0.03507468491924183	0.1885405764900571	0.01000767189928835	0.01072598348986028	0.2112798674390591	0.01036848101734255	0.06048527210993092	0.1162702959124305	0.03292335143736758	0.03650142034874362	0.01001971324033852	0.01001050072069694	0.01001861117315027	0.01305795123490791	0.01019253176838731	0.01003115652889707	0.05988044117166532	0.03413490092464511	0.02728253842835774	0.01746276092428816	0.325178703182008	0.3210835724615925	0.2584111731942399	0.01020939213155793	0.08911825665037253	0.4264883537949762	0.01258542755452935	0.01000559920187701	0.01000911833944881	0.02461677561011266	0.228959162640866	0.4509488486891063	0.01467075221086427	0.01179017997213292	0.01094507308459764	0.01284430470154358	0.01029681815182848	0.01006879547826196	0.1653210971699459	0.3490645581631506	0.1294219056275262	0.0111510797849642	0.7713323632479796	0.01004460542748328	0.03457771074714954	0.01644251404950546	0.01135113149532501	0.01043465810098319	0.01001016539879075	0.01001702009221689	0.0745957471965116	0.08057847392792604	0.2254627303850024	0.08231405823996633	0.08788054532234599	0.07922268222409488	0.01013475687143845	0.01138731955129932	0.03630225948033296	0.01090744955307379	0.01000401375342729	0.09058468125588925	0.01990165801116222	0.07174550963771452	0.01000380828717982	0.01003087675484579	0.01000480911504031	0.01566001292523703	0.0100149690143149	0.0100080704434358	0.01001294877813536	0.09507936506156586	0.01005364776316513	0.01016631042847902	0.01021606317784395	0.01003444104064856	-0.010081024796781	-0.004482552366367211	0.006141978543369807	-0.01526157751117356	0.007188308397098604	0.1164435422577184	-0.3923524131095165	0.04041718559624031	0.2247810550799973	0.0158733917766975	-0.1124550444106	-0.2384356726300187	-0.01044103473924041	0.5002674375460774	0.9999906668249228	0.01006500126357942	0.01002847877294574	0.01420731980757172	0.1455564198076677	0.01000776801263892	0.0114532654768915	0.1830277107947102	0.01141287286544359	0.0100083411852867	0.01000368194392814	0.01000093331236221	0.01000050062034178	0.01001542374958151	0.01000680774045111	0.01000580377891225	0.01102303537242458	0.01004599791307863	0.01003434838352638	0.1231304989331682	0.09182302927928762	0.05391201309541028	0.01790903665686261	0.468216549576896	0.1371061477552996	0.09114579369158776	0.01032989662680391	0.114179010859203	0.511031961587297	0.01339937148139966	0.01000811355565912	0.01001049658493596	0.010000206759064	0.3931214236716992	0.2298397169712919	0.01000104533793443	0.01001187340897932	0.01000363660551792	0.01000816853570117	0.01000560971038737	0.01000210299383033	0.1924048534634205	0.3749365535050014	0.1920818355249126	0.01191046236409465	0.999995246348668	0.0100022367320355	0.0455375301965876	0.01569936499043416	0.01195318034239324	0.01067899388230552	0.01000093459546616	0.01000053617714739	0.04172554865693284	0.04683561809667674	0.1888156560822335	0.1652453805788007	0.07248162562375596	0.02387664956869252	0.01003145463309066	0.01162592452569891	0.01121540613020626	0.01000538907567186	0.01000251017454322	0.1008262051904573	0.0260367826337229	0.01003472892678056	0.0100023484315187	0.01006331485278778	0.01000358278069229	0.0388345313284409	0.01001922705982268	0.01000663721493489	0.01001044432091533	0.1150812850600991	0.01004180730884767	0.0107107373816907	0.01104618084218363	0.01016274630601599	-2.933585575268058	-0.00969446176007221	-7.726163540065542e-11	3.289107291698033e-11
0.267890312058668	-0.1498282336693827	0.02103033192866186	-0.2261293088994485	2.321093066410749	0.9432755032676392	-0.009081520509157583	-0.1799447580117713	-0.0002537058227231521	0.2826289637867612	0.6213219091044722	0.01034735245369564	-0.2217371439349696	-0.1013873932795652	0.009848709852004285	0.03124192829139479	0.315303359482831	0.3153033594828593	0.3612229109679453	0.361222910967933	0.5653052420645708	-0.371497755075222	-0.2088655322415151	-1.045202927423005	0.2809983713246229	0.5021287183558983	-0.1027843984019109	0.6381196421335422	1.341672104521652	1.649867685574334	0.339079327948798	0.08629393399853232	1.595415496225455	1.371738313643682	-0.6461427168030329	-0.2038346562547074	0.3053643960342815	-0.7493867820238811	-0.274871867131959	3.269861045559112	0.1346962238650059	0.2052556712109292	-1.7611298989368	0.2351821411676159	-0.0093536692747487	-2.901294971321961	-0.2648899341389034	-1.218049885422667	0.2328051309810504	0.2881933263458864	-0.09577050471751053	0.07060685009032028	0.07060685009008537	-8.735938025129473	-8.735938025126648	-0.8463437352324902	0.8747050333522954	2.480100322107207	2.789308424535001	0.4202128576153746	-2.816235663200276	1.51386289253496	-0.7226192051319815	-8.911165821470151	-5.640790567515034	-2.081640139137949	0.4084419653303183	1.746463961354217	0.4165935155849144	6.337132435359046	0.1813655844080229	0.5141534619271982	0.8494276020764752	0.01033266899979427	0.01005396742579557	0.02733256213604577	0.1727127141513429	0.0100079163449795	0.01124239907892854	0.2032812248636993	0.01099761676541514	0.04325580958054472	0.0828019796814063	0.02476514765777783	0.02712103982817527	0.01001803446412104	0.0100089757401346	0.01001370401195995	0.01249826485793006	0.01014310084405906	0.01003392274479863	0.09062972823949211	0.0666545074433493	0.04151483250298375	0.01808056762805736	0.3721313782881649	0.2918613195357717	0.2255561905388123	0.01028777051610142	0.1000083402449932	0.4628331334117031	0.0129521401506152	0.01000710676344493	0.01001000248851465	0.01934828475910015	0.2834298707786307	0.4260493758189084	0.0129618873295625	0.01113621620633256	0.01059841664794027	0.01180313636782189	0.01018965785783527	0.01004423516147188	0.1705869886163869	0.3497426986527719	0.14906245191839	0.01162926692564876	0.8177464363721121	0.01002899964789851	0.03961600488044727	0.01635165261748792	0.01159948217180166	0.01054953421002608	0.01000676673086212	0.01001094636197675	0.05799962006284397	0.06293504482663873	0.208541956864638	0.1168117880146145	0.07827608393493385	0.05844337405621654	0.01009504747993731	0.01158446398344032	0.02732951639604396	0.0105755269249243	0.01000343389455936	0.0922461292650701	0.0233327651351242	0.0510304181371798	0.01000326065503903	0.0100501612958352	0.01000432724765948	0.02970258074329002	0.01001691888681402	0.01000746295406324	0.01001170195668501	0.1020720722360565	0.01004820227452098	0.01049973554465805	0.01072928223265794	0.01011418801624385	-0.01827896136555729	-0.006994169979786917	0.007344746679055931	-0.02286931897994521	0.005550887145116273	0.1118440387250938	-0.365880653427403	0.03509805197699815	0.2206124490243748	0.01881013463594452	-0.1471200070720663	-0.228293683417352	-0.03043364715380455	0.4643183683086763	0.9999937105863628	0.01005106734134682	0.01002496676640578	0.01238834237071545	0.1208165278677613	0.01000879899859619	0.01268380210098701	0.1811861914647808	0.01262173251907626	0.01000612385015571	0.01000288320985668	0.01000064184297907	0.01000034329370091	0.01001494051036872	0.01000599902578588	0.01000488082772168	0.01194917516449523	0.01006845734766243	0.01004218959083896	0.1786821134008084	0.1596693693692216	0.07906210033613731	0.02019789899720663	0.5641756364199612	0.2640996114970128	0.1722649785275616	0.0104975773412953	0.1311283509522685	0.6548723138949498	0.01373881429296172	0.01001097906286875	0.01001235151884445	0.0100001477784187	0.4745776324696527	0.4438044275861051	0.01000077736992198	0.01001005048635952	0.01000269343631965	0.01000587667469124	0.01000613660640931	0.01000217466827154	0.1762036032660965	0.3313741500472817	0.1981453527974757	0.0128956361996175	0.9999964382004181	0.01000227093811646	0.05180998736026214	0.01659866359124579	0.01208643067745402	0.01080201180684331	0.01000094951966495	0.01000053978600988	0.01014591517451875	0.01011177360503383	0.1399607707686751	0.2132743350785264	0.04603119857937609	0.01007194255369659	0.01002330969978384	0.01216778953683761	0.01072636827324791	0.01000563672930805	0.01000238330891559	0.09154853647095541	0.03220768574418195	0.01002219158484803	0.01000230108166428	0.01009946420644324	0.01000343573873243	0.06766547072003394	0.01002109831519094	0.01000624772695132	0.01000884769319951	0.1190262672905357	0.01003647242815276	0.01136057130079912	0.01206878783761463	0.01032290348623093	-2.989366177747849	-0.01615929311972807	3.509601441998261e-10	3.650368724166897e-11
0.2723551505929792	-0.1485082503590898	0.01764901485658349	-0.2272863786191895	2.33572611887184	0.9438017805107441	-0.008145582474016916	-0.1878009909164493	0.0009653781271724019	0.282502031976455	0.607803769030319	0.009335835071790768	-0.2276431066545224	-0.100209959023944	0.01113758000177635	0.0308272062312046	0.3147289190314096	0.3147289190314863	0.321866722969939	0.3218667229699693	0.5615108101306142	-0.3674940489259107	-0.1974022796663479	-1.031884884919952	0.2823599626187739	0.4892191116064737	-0.09454884697771518	0.6350533374763789	1.300520917672198	1.623280572925553	0.3291676641558757	0.08789812255549596	1.603475562133329	1.372538636857001	-0.618893165619424	-0.2025278188996324	0.2973188757020792	-0.7640678930535241	-0.2410869873743715	3.284856270311697	0.1016678720583923	0.2136464249625453	-1.764129836157827	0.3087695106900846	-0.04279319609141755	-3.151833373782505	-0.1844432705693287	-1.403962540001124	0.2810613069922387	0.2850603703071317	-0.09080918530413741	-0.3137779704637509	-0.3137779690366165	-8.845858475891877	-8.845858475803887	-0.8597999742909753	0.9192267356160978	2.641754793417748	3.169518797032282	0.1959325184624834	-2.97454952640855	2.183621766943938	-0.6511774030654937	-9.486048061600444	-6.267182148503396	-2.372491235872522	0.3152017633655166	1.855434690757901	0.02568759643479032	5.873480112812318	0.4089829805029458	0.504886678226504	0.8797594895209592	0.01022840506456534	0.01004261948313696	0.02206777403415256	0.1620831478619297	0.01000813319627946	0.01192428890941687	0.1995831661943642	0.01137379956236477	0.03158222929791035	0.05875883269379922	0.01942185919996741	0.02094936451345952	0.01001621148277768	0.01000764177626408	0.01001033938798762	0.01227006572271691	0.01011193996017219	0.01003475833314854	0.121821101390188	0.09893326662130533	0.06229633358683998	0.03342748375462434	0.4434846123456786	0.2815627853016197	0.2087492653468194	0.01032605707762792	0.1248869925576701	0.4886429136474927	0.01326615491410204	0.01000857321995448	0.01001114154195221	0.0159342259362871	0.3371450823088312	0.4353056395607725	0.01186860812001315	0.01071864657955933	0.01037746714544259	0.01113802839583653	0.01012180122045626	0.01002870499487503	0.1601202725628006	0.3322207735322213	0.1527993342729972	0.01217528980861353	0.8471508594840104	0.01001915293001905	0.04011514784903799	0.0164265899668658	0.01169124608032926	0.01060163047681912	0.01000464029168739	0.01000710237542539	0.04157533740888052	0.04494700737417954	0.1800964332639792	0.1435740105587247	0.06446884555564723	0.04186035830931708	0.01007248293855556	0.01199341818314583	0.02130964074432863	0.01036438341378646	0.010003095004158	0.08679237113373707	0.02501732876118061	0.03681014046313762	0.010002950288059	0.01007833957031849	0.01000406857608398	0.1186094481646633	0.01677995252792612	0.01000714268860315	0.01001074887247655	0.1048377956865595	0.01004572868458641	0.01082796093449948	0.01109950228499508	0.01019938108736044	-0.004998711088805634	-0.002858635905606199	0.00773073419566643	-0.05908392797732764	-0.00444201764230618	0.0983988107303722	-0.3196875508566652	0.02698984740897441	0.2130488899172304	0.01598468033557132	-0.1670327761297995	-0.2339089898770244	-0.02039904209681937	0.4787192830647657	0.9999942768240129	0.01005195852292189	0.01002199266287401	0.01299634906924852	0.1490628418808712	0.01000823791702862	0.01344038792634914	0.1977789342936489	0.0114762937036449	0.01000518767295023	0.01000239806121968	0.01000053259247013	0.0100002844023894	0.01001151816893546	0.0100048364380096	0.01000442341338167	0.011819562293333	0.01005085404063538	0.01003086722640958	0.1994375358992538	0.170317928108761	0.1225791238241498	0.09650521446280481	0.7820774556312895	0.2392457625412167	0.1554709065658885	0.0102969065787736	0.22385402403878	0.5058361379860041	0.01386080828608161	0.01001112866912614	0.01001370694615672	0.01000012324580569	0.5189443430007304	0.4876292996464407	0.01000067938740547	0.01000771885496735	0.01000219369256716	0.01000473814619828	0.01000726763483047	0.01000256393263713	0.09582533259495583	0.2268725954685857	0.1281846497019359	0.01329216412529268	0.9287747494653665	0.01000263405614088	0.03140256330835222	0.01651876553461553	0.01163614645688562	0.01059128213074456	0.01000111303895937	0.01000062950597998	0.01007972885487265	0.01006032551769526	0.07501043006092467	0.196739400610536	0.0280645907235496	0.01004631926246314	0.01004382545956315	0.01315176181467864	0.01052954825496858	0.01000628237708706	0.01000264174488663	0.06063529283105378	0.02425485966093936	0.01001859804273708	0.01000253300823827	0.01014959256658042	0.0100038020252182	0.5079535272435038	0.04452007698457246	0.01000691177313107	0.01000938616803973	0.1034517755152088	0.01004600586086083	0.01140219347400846	0.01142682542350347	0.01036225037469828	-2.989419509850061	-0.02203067194748439	6.66723404029355e-10	4.65600834704436e-11
0.2768199891272903	-0.1470714412017053	0.01421806064637222	-0.2282612036409572	2.350425071085162	0.9441889106235745	-0.007176818526163513	-0.1957523641678306	0.0024844817071481	0.2822889067177707	0.5931971403919807	0.008734006086791197	-0.2340639432671329	-0.09899867878868356	0.01235769558662838	0.0304238228608249	0.3126277492157295	0.3126277492159416	0.2826572412670479	0.282657241267098	0.5575699169163651	-0.3632849523836028	-0.1853920150385344	-1.016961913494037	0.2828035986616682	0.4754955392575032	-0.08321022292414214	0.6323024960240197	1.257288333182589	1.593917869739006	0.3177664440957115	0.08915373397007099	1.61190745561381	1.37271583136809	-0.5936558199200312	-0.2001382960996015	0.3576958419278866	-0.7716215072222004	-0.1932363193239433	3.299380478325106	0.07236602404821245	0.2199598585724741	-1.803747403453974	0.3695743644952849	-0.04796359855475204	-3.388877386554807	-0.08137229253642909	-1.448684711974023	0.2479663099070906	0.2573951472193761	-0.09069144237590279	-0.6132830948744614	-0.6132830948741033	-8.670221643528334	-8.670221643525668	-0.9119502203305833	0.9667084887660673	2.725131454724914	3.50822759304938	0.009019816537276753	-3.180847084598963	2.903867424276566	-0.5813092010354264	-9.843516739693392	-6.884101184109223	-2.748878662460418	0.2522987253632554	1.913022088401812	0.137466432962602	5.435775721010575	0.6663485542739728	0.5007978256202501	0.9038980067394211	0.01016358499759496	0.01003441514866147	0.01890954782468971	0.1626557474377307	0.01000805786167128	0.01263316705259274	0.2015178224981993	0.01117989948486359	0.02388698421323097	0.04207371794563074	0.01599898730450123	0.01698068737342463	0.01001378789337553	0.0100063720964121	0.01000806627961726	0.01207860586569768	0.01008586460470682	0.01003102874635664	0.1484662616621723	0.1228435734852042	0.08985736902592828	0.0693402250989278	0.5449095580361722	0.2674145552363658	0.1916187546869231	0.01027465436714892	0.1690697065410404	0.4750741531736333	0.01350841793822107	0.01000954516782665	0.01001236168984433	0.01376686980389259	0.3863711179817987	0.4523834144025559	0.01118215074354856	0.01045645931330812	0.01023914432901418	0.01072087040104745	0.01007983211627481	0.01001915113004202	0.1284872259525745	0.2927730179551741	0.1344105210818504	0.01266487436039484	0.8561007117094926	0.01001313928354461	0.03315740298243766	0.01644408552162856	0.01157993348550363	0.01055515143983499	0.01000337364844781	0.01000473528440163	0.0305006280932099	0.03274658778584198	0.1398238681482911	0.1565262734295545	0.04888464150816336	0.03068631759289686	0.01006609481144864	0.01261687800789223	0.01736616810029851	0.01023262021474894	0.0100029804382269	0.07286652318861961	0.0231790920608447	0.02733075314847282	0.01000284357742651	0.01011475222955237	0.0100040446349721	0.2970616868979104	0.03351143550896388	0.01000719217987889	0.0100103560308135	0.1017669703334859	0.0100477634999863	0.01104663441378696	0.01108952986940814	0.01026734954198226	0.008281539187864187	0.001276898168527684	0.008116721712274963	-0.09529853697470418	-0.01443492242972564	0.08495358273565151	-0.2734944482859309	0.01888164284095086	0.2054853308100857	0.01315922603519935	-0.1869455451875355	-0.2395242963366931	-0.01036443703982583	0.4931201978208486	0.9999948430616749	0.01005284970449703	0.01001901855934255	0.01360435576777974	0.1773091558939784	0.01000767683546136	0.01419697375170956	0.2143716771225187	0.01033085488821632	0.01000425149574435	0.01000191291257876	0.01000042334197312	0.01000022551109301	0.01000809582750549	0.01000367385023928	0.01000396599904558	0.011689949422172	0.01003325073360968	0.01001954486198221	0.2201929583977036	0.1809664868483033	0.1660961473121636	0.1728125299284004	0.9999792748426143	0.2143919135854183	0.1386768346042106	0.01009623581625335	0.3165796971252881	0.356799962077077	0.01398280227920035	0.01001127827538142	0.01001506237346718	0.01000009871323368	0.5633110535318117	0.5314541717067762	0.01000058140491054	0.01000538722358761	0.01000169394884269	0.01000359961772259	0.01000839866325979	0.01000295319702544	0.01544706192381821	0.1223710408898923	0.05822394660639768	0.01368869205096737	0.8575530607303348	0.01000299717418736	0.0109951392564426	0.01643886747798463	0.01118586223631599	0.01038055245464418	0.01000127655829978	0.01000071922602839	0.0100135425352284	0.01000887743035907	0.01006008935318058	0.1802044661425434	0.01009798286772614	0.01002069597123174	0.0100643412193405	0.01413573409251664	0.01033272823668956	0.01000692802487426	0.01000290018085141	0.02972204919115249	0.01630203357769842	0.01001500450062802	0.01000276493480704	0.01019972092672111	0.01000416831170118	0.9482415837669804	0.07901905565395785	0.0100075758193115	0.01000992464287659	0.08787728373987851	0.01005553929356798	0.01144381564723043	0.01078486300941923	0.01040159726312562	-2.838295381919326	-0.03290369504298314	5.005215791262405e-10	8.423268785958765e-11
0.2812848276616015	-0.1451429031357595	0.01073817452884927	-0.229009388270131	2.365183127436295	0.9444604360096263	-0.006181961165937375	-0.2039636616794291	0.004280314681490353	0.282109525642335	0.5775193762648577	0.008580738135615253	-0.2403493228507327	-0.09821632760019866	0.01341050081974536	0.0300351704940415	0.3095646906646539	0.309564690664826	0.2450162734244682	0.2450162734244763	0.5532969718017224	-0.3588308118703528	-0.1732735972004351	-1.000592386262602	0.2824959862189982	0.4607712898351987	-0.06862713685167408	0.6298549515414955	1.21306252726652	1.561862908506095	0.3045222204795359	0.09030939971688402	1.62048529211967	1.374241338852504	-0.5703257523410463	-0.1964601622439529	0.497317777671311	-0.7814885200150038	-0.1435070247230125	3.31042086957104	0.04833157574322595	0.2256304627336146	-1.849699419393543	0.4317394646476058	-0.03719890133597124	-3.608845586614574	0.01058415509476545	-1.35155444122831	0.1115455022755885	0.2101598383428249	-0.07956315338152237	-0.72928835599663	-0.7292883552954345	-8.153005198749568	-8.153005198534094	-1.019766250090494	1.033943370510204	2.67243730718616	3.819320930389082	-0.1448616036444306	-3.414719534034149	3.612367075285156	-0.5164170862405381	-9.908006911520166	-7.468749251506398	-3.171729544140335	0.2674535650244044	1.917678649981321	0.5631077156444902	4.997466628724713	0.9861595604869734	0.4900947161984581	0.9231808206209149	0.01012187497503246	0.01002898365925183	0.01682246347476401	0.158443477983219	0.01000793330874898	0.0130736628793187	0.2040287805572163	0.01207320330636133	0.01885535671739327	0.0307923238603225	0.01379573767970386	0.01442107549173484	0.01001220290870538	0.01000556725616976	0.0100066380376656	0.01209607522422639	0.01007902523749838	0.01003018487716062	0.176228253223345	0.1475096037889727	0.1268333866811383	0.09310349098077765	0.6427290312682155	0.2515128776423915	0.1729846817052339	0.0103822988136938	0.2021567705347138	0.4442937213753032	0.01367545661275895	0.01000998954269434	0.01001317252380029	0.01237806924596743	0.4358309872647057	0.4663184258599498	0.01074456662176919	0.01029033044691239	0.01015134850363768	0.01045578114665412	0.01005368020740743	0.01001322663098318	0.09968490256637973	0.2531664223603708	0.1171174328371057	0.01315587499333695	0.821628232649525	0.01000952869345032	0.02516319598906202	0.01602649645136045	0.01153200536729849	0.01052892417913245	0.01000265435774303	0.01000328753474444	0.0231577567170105	0.02462697967124493	0.1029159250562519	0.1525705146169851	0.03538499448066702	0.0232807108220219	0.01006910852903857	0.01282977514752214	0.01477165120303459	0.01015012384822476	0.01000292667753095	0.05680273093535698	0.02018228126167882	0.02109113869591511	0.01000279710560978	0.01012720080520068	0.01000411016158975	0.4583845126137538	0.05576822120391308	0.01000747262144178	0.01000987595170496	0.09589861614282696	0.01006132957455043	0.01105397550948634	0.01089934172164355	0.01027779328783663	0.004997937118398307	-0.004581998868898159	0.01342978450732048	-0.1388908283650318	-0.0187405598530896	0.05061392259653832	-0.19318031555719	0.00440705068046959	0.2045297087487997	-0.001653481222251207	-0.1940871302155457	-0.2268394663512103	-0.009842337277353787	0.4140177063758061	0.9999918271926029	0.01004965939225688	0.01002044975215082	0.01283193133955653	0.1214653396685858	0.01000776321788542	0.0134997324679843	0.207176363633091	0.01647324873178634	0.01000381310940946	0.01000168670590259	0.01000037947273532	0.01000020177374461	0.01001077136748873	0.0100046711636283	0.01000444045273564	0.01251058423987786	0.0100975854179945	0.01003688094465535	0.2653768324522137	0.2260798103866421	0.2452732644483987	0.112817549357974	0.999921121565891	0.1984376328903044	0.11353603722574	0.01097840148108651	0.2565756935915006	0.3192050141042441	0.01394306262352129	0.01001027071306814	0.01001409230510053	0.01000008940748474	0.6319364390092655	0.4982885525615723	0.0100005523237416	0.01001113271205549	0.01000314429543664	0.01000742893834196	0.01001017805255002	0.01000338903052468	0.05204662259435005	0.1506546569068761	0.09437203308178466	0.01426675684078373	0.5226526663784551	0.01000377206786831	0.01054222824713702	0.01430231357035578	0.01168440246023727	0.01057604573390288	0.01000157481096034	0.01000093462267386	0.01001886599144516	0.01001420994681166	0.02606974116600133	0.1088702815132994	0.01007272877978575	0.01002056285985898	0.01008291615443982	0.01236100916262446	0.0102439094634364	0.01001311843743957	0.01000277807573267	0.02043551444025246	0.01368054204599291	0.01001584619684144	0.01000267682749007	0.01010295685587603	0.01000426735273442	0.9656290058963112	0.1139279798423344	0.01000827575146871	0.01000830153503715	0.0790780713877136	0.01010971126088356	0.01073828363954363	0.01039343779763535	0.01020190438636364	-2.673948175058941	-0.06044577285386876	3.234825788175723e-10	1.121278464411474e-10
0.2857496661959126	-0.1427097125427697	0.007290395421371185	-0.2295569459803243	2.37997722636061	0.944612185158993	-0.00516246298859047	-0.2120484915684765	0.006311915573556183	0.2819137840460862	0.5611949691120974	0.008809478733170088	-0.2459965996026301	-0.09792169206939737	0.01419824818063887	0.02974764149356539	0.3063789459720453	0.3063789459721308	0.2101914251518411	0.2101914251518049	0.5483059052683372	-0.3540035590642465	-0.161803141869174	-0.9829020761421424	0.2815274573073077	0.445003915569652	-0.05109742751695128	0.6276788947309306	1.169341539635647	1.527277874278087	0.2895516964943575	0.09156056556611843	1.628927279875612	1.377898073302246	-0.5491848408624486	-0.1912883792807868	0.5837521879516322	-0.7572392840508726	-0.1033665565747808	3.315525555724663	0.01871291299858351	0.2309975811152826	-1.747096925229073	0.4751852627452152	-0.05529218630516496	-3.678537548423551	0.08974640276143918	-1.162849819919283	0.02949677541780403	0.1386638268420463	-0.04539383057298556	-0.6682396715942657	-0.6682396715942617	-7.408756122098847	-7.408756122095004	-1.233628775257115	1.133842059354802	2.434880297465601	4.099865060513024	-0.2870341464300747	-3.648109096191581	4.223791198035329	-0.4596978156103437	-9.617386429231638	-8.017433566113283	-3.522165655275732	0.295077412399703	1.852169379283229	1.092137904406419	4.455155188232463	1.335420547377058	0.4640795499286631	0.9385652435344095	0.0100946204512697	0.01002612877928762	0.01521435373708262	0.1388169461705898	0.01000788798681226	0.0130892626765786	0.2038404445153181	0.01491992506853355	0.01563666048733341	0.0233687130077137	0.01240503481496881	0.0128027049868699	0.01001221763159432	0.01000543907102592	0.01000592420458863	0.012413676340225	0.01009890497643911	0.01003616709902174	0.2079489770826949	0.1773294843899774	0.1744196846902381	0.0888542463470311	0.7169642744709929	0.2353397808548809	0.1519953308884019	0.01078035684116798	0.2081626860364508	0.4114200659919102	0.01376534351441776	0.01000988878986593	0.01001331465706968	0.01150486326517793	0.4882245485152634	0.4695647673518348	0.01047068326321683	0.01018864890183553	0.01009703793893706	0.01029144342159364	0.01003801298324073	0.01000968996262033	0.09070303747205913	0.2300771790144608	0.1160300830973794	0.01367882646836118	0.7260598185319566	0.01000756471947501	0.01980954133862551	0.01497030002748745	0.01168863850005964	0.01058584536387447	0.01000231717193476	0.01000246423313638	0.01841243108070454	0.01936098555663643	0.0810967164011266	0.1282622486029719	0.02640547410989569	0.01849141459672979	0.01007794707231483	0.01230017502951614	0.01309733383916924	0.01010091082850948	0.01000284726437243	0.04263592058458558	0.01730595292217761	0.01707778302904867	0.01000273503692788	0.01009865312948926	0.01000418834136008	0.5718977148272073	0.08140026826166229	0.01000791067457602	0.01000896637280618	0.08902680141452331	0.01009014058218169	0.01079469153252213	0.01063390848005766	0.01020937378263809	0.001714335049005175	-0.01044089590628835	0.01874284730236983	-0.1824831197553647	-0.02304619727645546	0.01627426245742479	-0.1128661828284463	-0.01006754148001179	0.2035740866875139	-0.0164661884797019	-0.2012287152435542	-0.2141546363657309	-0.009320237514886656	0.3349152149307683	0.999988811323572	0.01004646908001705	0.01002188094495884	0.01205950691133216	0.06562152344319452	0.01000784960030807	0.01280249118425725	0.1999810501436627	0.02261564257535841	0.01000337472307583	0.01000146049922763	0.01000033560349746	0.0100001780363946	0.01001344690746841	0.01000566847701298	0.01000491490642613	0.01333121905757854	0.01016192010237757	0.01005421702732551	0.3105607065067209	0.2711931339249795	0.3244503815846324	0.05282256878754711	0.9998629682891683	0.1824833521951914	0.0883952398472716	0.01186056714591831	0.1965716900577134	0.2816100661314231	0.01390332296784159	0.01000926315075316	0.01001312223673211	0.0100000801017375	0.7005618244867119	0.4651229334163677	0.01000052324258209	0.01001687820053049	0.01000459464204273	0.01001125825896992	0.01001195744184493	0.0100038248640389	0.08864618326488091	0.1789382729238594	0.1305201195571701	0.01484482163059845	0.1877522720265715	0.01000454696156325	0.01008931723783023	0.01216575966272625	0.01218294268415854	0.01077153901316172	0.01000187306364128	0.01000115001937936	0.01002418944766319	0.01001954246326526	0.04207939297882148	0.03753609688405996	0.01004747469184635	0.01002042974848802	0.0101014910895403	0.01058628423273447	0.0101550906901838	0.0100193088500033	0.01000265597061473	0.01114897968935134	0.01105905051428444	0.01001668789305625	0.01000258872017341	0.01000619278502273	0.01000436639376848	0.9830164280256204	0.148836904030709	0.01000897568362312	0.01000667842719932	0.07027885903554937	0.01016388322819854	0.0100327516318313	0.01000201258583612	0.01000221150964928	-2.528774563621093	-0.1008001997837767	9.045150558022524e-11	8.950620168352076e-11
0.2902145047302237	-0.1400997055832409	0.004055395558313599	-0.2299485334370148	2.394780437307886	0.9446120583005311	-0.004121641150024701	-0.2192729205245176	0.008467503050459091	0.281553137916539	0.5449532898408924	0.009381472225130687	-0.2506730706949978	-0.09775590344494871	0.01461333990885482	0.0296323535512873	0.3037762645116575	0.3037762645117079	0.179001926784887	0.1790019267847944	0.5422658488488263	-0.3486917438897544	-0.1515949179739906	-0.9640259878782313	0.2799617622181675	0.4282222912292202	-0.03116578085048132	0.6257380870733242	1.127383270973657	1.490295892472606	0.2733020230833474	0.09288272732417989	1.636928493665951	1.383937083589659	-0.5308154067460917	-0.1845378189805647	0.5786598856949171	-0.6890480611308982	-0.07131381633946633	3.315134819888034	-0.01938987613011202	0.2349349964057899	-1.47876135309104	0.4882936896710751	-0.1070358542854729	-3.583782748548384	0.1654804196836217	-0.9245047191110597	0.05218642002500904	0.04662446820984356	-0.006211077945814238	-0.4925740487671168	-0.4925740490021123	-6.553581464470872	-6.553581464353609	-1.483810252061361	1.241552860538742	2.133964812976012	4.353575831234104	-0.4150877664801034	-3.858516759632896	4.680076378292365	-0.4093481167363887	-9.146993030839136	-8.54348248549282	-3.743455740721901	0.2904316146293211	1.72536835826319	1.582057843978666	3.760432531612948	1.684466353206798	0.4340993509222795	0.9508712034416746	0.0100800076682414	0.01002521764721209	0.01413962832817949	0.11870636717686	0.01000797292065692	0.01289729297691395	0.1995073472620919	0.01847199182850948	0.01356628538178648	0.01851976774635545	0.01151635322344598	0.01176771028394419	0.01001270484189658	0.01000567320884814	0.01000576450252882	0.01261404785350757	0.01011386577986032	0.0100409744255873	0.234753594432226	0.2023879798260219	0.2175958749234606	0.07606919038878077	0.7546688650962318	0.2210837987968768	0.1333495229042848	0.01102482171644113	0.2059405586459946	0.3822023505907417	0.01379525138302281	0.01000961304378229	0.01001331401567747	0.01094789537600485	0.5325634737049787	0.4680019210304034	0.01029635089066245	0.01012827341967389	0.01006336831318426	0.01018935935313003	0.01002869901785048	0.010007653132177	0.08611305540473259	0.2129262882588772	0.1151732133945215	0.0139636148651743	0.6250189387340723	0.0100068015964226	0.01677677037460109	0.01396742533317336	0.01191590400799497	0.01066209051228024	0.01000226885702761	0.01000207144070888	0.01534355949339755	0.01594920919643371	0.06659149042394233	0.101375060840277	0.02050486935763398	0.0153934368113879	0.01268793950808271	0.01175859966233605	0.01202027643162203	0.01062661389438833	0.01000283499531289	0.03151255654884903	0.01495527970735594	0.01448893993063983	0.01000272371273474	0.01006418280650396	0.01000437789519554	0.6584720774139161	0.1046206987043025	0.01000820189549101	0.01000820503930311	0.08174222901718224	0.01011930661687534	0.01050926475574127	0.01039957531596948	0.01013279410800192	0.003271117750560001	-0.009152885155991303	0.02114223806435728	-0.2033188495174555	-0.02939404089712127	0.005683387882191956	-0.07903527618107437	-0.01374944834832612	0.2051557339459299	-0.03436585042290249	-0.1878359896605426	-0.1998602964753512	-0.0134730987777983	0.3266683014445356	0.9999822399007393	0.01006297059830696	0.0100252550203879	0.01249390414908962	0.07811614899908551	0.0100083532869019	0.01236269649088882	0.1773428268559009	0.02638752970365545	0.01000326165459282	0.01000138534976216	0.01000031954606974	0.01000016895307706	0.01001360478177141	0.0100064248563495	0.01000600524045066	0.01262517154060842	0.01011920161361005	0.01004462547763125	0.3028237709339774	0.2617549822063788	0.331709114282029	0.04648819120014366	0.8071759003126768	0.1816705841572547	0.08970615275500059	0.01106910388226462	0.2032450585347718	0.2887276773549468	0.01379654974666949	0.01000904267330873	0.01001348197558085	0.01000007581478686	0.6786012945038782	0.4601965446949588	0.01000051613177601	0.01003385375494749	0.01000778953569076	0.01002058112912368	0.01001374473364403	0.01000453141285247	0.06549047277987148	0.1550177528655584	0.09759027353453222	0.01410512335014129	0.275970240216022	0.01000635391810578	0.0127318871569499	0.01231035071547104	0.01240980808909864	0.01080926206004729	0.01000246268245628	0.01000163058944859	0.01002140545308935	0.01001831162786913	0.03255642886878918	0.04394200089877052	0.01006337731073909	0.01002146695711452	0.02332657127573494	0.01105355884084115	0.01020076484813192	0.01284029355778403	0.0100029531376892	0.01082538066331153	0.01074131893535738	0.01001613459037086	0.01000280601045418	0.01000537130918095	0.01000499160972257	0.9738729017257782	0.1580123275120639	0.01000844672530102	0.01000712480449678	0.06313076507376528	0.01017302051268103	0.01001865249802797	0.01000183874826198	0.01000359685586728	-2.405742600188962	-0.1477004054362541	-1.020915935610299e-10	6.420806823872239e-11
0.2946793432645348	-0.1376025309689301	0.001162538968622704	-0.2301872452150338	2.40957712166621	0.9444335024204781	-0.003067229260552271	-0.2251615098163781	0.01065342575992089	0.2809510359495837	0.5293094906427515	0.01027828681269573	-0.2541856486556704	-0.09738943398437157	0.01460878875013843	0.02969251690825313	0.3020254536913661	0.3020254536913751	0.1517488824169764	0.1517488824168154	0.5349503267207398	-0.342952644189959	-0.1427821156056796	-0.9440439042096028	0.2778139169737962	0.4106433594174654	-0.009523783255488043	0.6240264797940144	1.087935089985039	1.451031628070938	0.2562428875688027	0.09409378711384864	1.644275662475738	1.391749002794289	-0.5157205847711186	-0.1762822636947119	0.5332094606803905	-0.6039780668543913	-0.034886735427704	3.312602002045185	-0.06121339923772209	0.2370851748474237	-1.148714734332516	0.488773784711519	-0.1634509999197602	-3.410720299987917	0.2352481849185495	-0.6414901895149682	0.1193907619575786	-0.04931291199468396	0.03319861391193052	-0.2866488364878081	-0.2866488364878242	-5.645443020309572	-5.645443020306554	-1.804966679028567	1.3252418736991	1.809808787991707	4.595289689754977	-0.5478051552226023	-4.005258565532865	4.989933524016553	-0.3570287313717452	-8.493006294945825	-9.039769595426211	-3.884759785012076	0.245309913545533	1.559193504176699	1.886302764476883	2.988310699454872	2.00957481471095	0.4085955001776975	0.9606980700586529	0.01007707506021449	0.01002591551565084	0.01362482668683889	0.1082167318887674	0.01000821510243659	0.01261274248298038	0.1900160771801743	0.02207936768368702	0.01226024967004143	0.0154207061413822	0.01095893331061218	0.0111180629444172	0.0100130684019062	0.01000610343433559	0.01000607416366648	0.01247578930887732	0.0101071737433641	0.01004037546152147	0.2516191040088745	0.2172192561397675	0.2490742257013172	0.06517269410403982	0.7448390306767446	0.2102847677775738	0.1203395380733602	0.01088096675471679	0.2061736489038355	0.3610376658248833	0.01377425720375285	0.01000935807181521	0.01001344872012471	0.01059910127716557	0.5616161604881258	0.4656825876821053	0.01018737702158901	0.01009692697898252	0.01004353626774513	0.0101290701040605	0.01002355242103175	0.01000664639057828	0.07536046983290819	0.1935553005563505	0.1042138285906198	0.01386668634211775	0.5613106026696371	0.01000700356983402	0.01583030955992359	0.01339018554452114	0.01214287698895148	0.01072388026287979	0.01000246011608414	0.01000200658817288	0.01339743631352009	0.01378284324870595	0.05342171367722405	0.08415267087950513	0.01672088881593646	0.01343001813199566	0.01921398598606868	0.01159390094374664	0.01136106700820871	0.01201188795923401	0.01000293893449484	0.02407354353233294	0.01335067500639192	0.01285163193350503	0.01000279821990408	0.01004234368498788	0.01000473104639596	0.7228172831418078	0.1226438527019555	0.010008185315761	0.01000789731465616	0.07441398596530685	0.01014095366844826	0.01032565729954855	0.01025303391061321	0.01008546830346335	0.004827900452105657	-0.007864874405695508	0.02354162882634217	-0.2241545792795445	-0.03574188451778745	-0.004907486693041123	-0.04520436953370275	-0.01743135521664025	0.2067373812043456	-0.05226551236610219	-0.1744432640775317	-0.1855659565849706	-0.01762596004070761	0.318421387958305	0.999975668477904	0.01007947211659625	0.01002862909581585	0.01292830138684638	0.0906107745549766	0.01000885697349373	0.01192290179751973	0.154704603568139	0.03015941683195217	0.01000314858611294	0.01000131020029924	0.01000030348864764	0.01000015986975696	0.01001376265607208	0.01000718123568103	0.01000709557447325	0.01191912402363862	0.01007648312484096	0.01003503392793565	0.2950868353612298	0.2523168304877809	0.3389678469794258	0.04015381361273963	0.6144888323361849	0.1808578161193176	0.09101706566272855	0.01027764061861086	0.2099184270118301	0.2958452885784735	0.01368977652549725	0.01000882219586248	0.01001384171442782	0.01000007152783117	0.6566407645210431	0.4552701559735508	0.01000050902099535	0.01005082930937082	0.01001098442935486	0.01002990399928798	0.01001553202544544	0.01000523796167215	0.04233476229486181	0.1310972328072573	0.06466042751189387	0.0133654250696837	0.3641882084054726	0.010008160874653	0.01537445707606865	0.01245494176821528	0.0126366734940373	0.01084698510693018	0.01000305230127756	0.0100021111595402	0.01001862145851812	0.01001708079247548	0.02303346475875671	0.05034790491348337	0.01007927992963353	0.0100225041657431	0.03655165146192967	0.01152083344894757	0.0102464390060806	0.01566127826557924	0.01000325030476388	0.01050178163727113	0.01042358735642965	0.01001558128768738	0.01000302330073504	0.0100045498333518	0.01000561682567694	0.9647293754259382	0.1671877509934183	0.0100079177669848	0.01000757118179461	0.05598267111197933	0.01018215779716279	0.01000455336425598	0.01000166491079847	0.01000498220213166	-2.31852884685195	-0.2014064136986464	-3.551165848730247e-11	2.178040719602506e-11
0.2991441817988459	-0.1353425140001892	-0.001343945913021241	-0.2302329343556325	2.424362664266767	0.9440651184819887	-0.002006949604978397	-0.2295620374935688	0.01283697982025001	0.280107313851914	0.5145154686543282	0.01147124167647689	-0.2563320814657739	-0.09668655793792492	0.01418158303766082	0.02992483562264517	0.3011541749757639	0.301154174975759	0.1286006544317926	0.1286006544317203	0.525947150629951	-0.3369242433316871	-0.1354422014629386	-0.9230147560485549	0.2750722135047947	0.3925172051331514	0.01320915053572921	0.6225488667776082	1.051846436482242	1.409614863138042	0.2386703312330456	0.09499425711468341	1.650783911347857	1.400722238388155	-0.5041023895006125	-0.1666811615703717	0.4813378270768834	-0.5209639741629447	0.01677945729005463	3.310482853032207	-0.1036100965848618	0.2376284839786617	-0.828416787350903	0.4910120454625828	-0.2119220510712438	-3.218242904820761	0.2971983991418429	-0.3132499681299633	0.1926272141965863	-0.1399071257838312	0.06747585128250651	-0.1089660081412383	-0.1089660081004022	-4.726064970686843	-4.726064970693145	-2.219753561849866	1.369505266732362	1.50073658701994	4.822267712450707	-0.6802250912610222	-4.107934105517519	5.180503271112978	-0.3125111836292657	-7.694637530739673	-9.505843265291789	-3.976751303078087	0.1467332149055703	1.354432892434202	2.143847741510013	2.234269261737962	2.273898027204519	0.3847793650886417	0.9685622271119083	0.01007890247436355	0.01002714647968581	0.01331675420232785	0.100951278273583	0.01000853066788735	0.0123114585029241	0.1772244816888587	0.02342672305612169	0.01142591791647811	0.01342822339707359	0.01060378024526504	0.01070401619631601	0.01001348662443188	0.01000648776676408	0.01000663500687914	0.01216182522590679	0.01009925025229682	0.01003976663000716	0.2586966889509829	0.2226050898965596	0.2685370110239167	0.05593294467880894	0.7118056891000401	0.2011234825210948	0.1093708590978712	0.01073458062568887	0.205042319479827	0.3433034506388134	0.01372640872242375	0.01000910594433081	0.01001370526263598	0.01037703543813463	0.574193458232951	0.4626712540464472	0.01011805746196699	0.01008247952530945	0.01003203686620874	0.01009403233016358	0.01002161054011336	0.01000628430987918	0.06366792027832886	0.1762045457777253	0.09006834881937141	0.01356250774614111	0.5195287108592698	0.01000767677718225	0.01553833247699714	0.01288825922896475	0.01243636154567635	0.01079287166344335	0.01000279372666312	0.0100021519058079	0.01215063383379643	0.01239442629352146	0.0431482247794293	0.07429711722214252	0.01430077564640013	0.01217410537744655	0.0251410259699409	0.01155250884843955	0.01095222202351414	0.01361315257188688	0.01000312580060072	0.019142564775589	0.01226952086825527	0.0118040089951842	0.0100029241522654	0.01002806661327956	0.01000519128537737	0.7742375702207129	0.1426117350369281	0.01000819094585979	0.01000780155167938	0.0660570247193312	0.01015406272485684	0.01020644813922932	0.01015971529184832	0.01005542842096845	0.005812161909406557	-0.009028328496389557	0.02450499317989491	-0.2166365970586911	-0.0364897851637641	0.00768641522760686	-0.06879975934658694	-0.010994647942363	0.2062744780507546	-0.06405049978482348	-0.1654424114219149	-0.1753397230691743	-0.01534418200235978	0.2943991205129998	0.9999698406044827	0.01008422819719374	0.0100297643619818	0.01266565690904109	0.08009476082024571	0.01000924980206232	0.01168550050343435	0.1354167688278113	0.02192729952776684	0.01000318510879631	0.01000128836766242	0.01000029915528335	0.01000015705005607	0.01001457753591795	0.0100071024610432	0.01000801804689674	0.01136684570676151	0.01009405302085487	0.01004199988215297	0.2635474447321677	0.2230727879461006	0.3093028805238079	0.03562630747418881	0.553776611064336	0.1733325579859966	0.07927074915846857	0.01066948152508916	0.1948807271082699	0.2788081971529451	0.01360424236539132	0.01000855234262711	0.01001440369771759	0.01000006992287526	0.5862645866142182	0.4494087801186747	0.01000052534147173	0.01006428945890143	0.01001392100932169	0.01003878616965069	0.01002076560049571	0.01000604959100014	0.03813906815332438	0.132386051785093	0.05508878511885729	0.01275424478882028	0.3694364179451381	0.01000939243935716	0.0147341817990449	0.01165268958770985	0.01320322236999767	0.01096577525966386	0.01000362789751919	0.01000265024383976	0.01001728589549732	0.01001690974376816	0.02405862856879273	0.05715832245754147	0.01016243391062519	0.01002832914811955	0.03466492576577078	0.01144791543050448	0.01026563496792443	0.01695424389463635	0.01000361111598228	0.01042749698160804	0.01041690084272929	0.01001383940991631	0.01000323782589438	0.01000327172336224	0.01000628268636817	0.9821268397332972	0.2081204870311383	0.01000844859599088	0.01000769961477863	0.04317601246120691	0.01017109005005524	0.0100041847952857	0.01000131808008192	0.01000411411406743	-2.23708013151597	-0.2621803826503811	2.288279220557769e-11	-1.848347649187505e-11
0.3036090203331571	-0.1332848271960188	-0.003508930494632579	-0.2300163462267836	2.439138502933461	0.9435100132333878	-0.0009473626612389371	-0.2326120410460901	0.01505295792517868	0.2790815692449388	0.500553207708854	0.01291493299623852	-0.2569226646074163	-0.09569462078826178	0.01337861301457525	0.0302647720484309	0.3010048252123776	0.3010048252123454	0.1095253376714504	0.1095253376714447	0.5152018926830213	-0.3307737873335061	-0.1291785798391115	-0.901003456871976	0.2717406281288763	0.3740172597177833	0.03662341851139807	0.6211675316998181	1.019028655259987	1.366208242251677	0.2208212542404113	0.09530300654207308	1.656355057271372	1.410987871508959	-0.4956061122604179	-0.1561314670136088	0.442576786211922	-0.4510048983719637	0.08259896368370984	3.308255177166805	-0.1448541881169393	0.2367748768016954	-0.5437548948206263	0.5032979699275663	-0.2449870370778315	-3.038137495047389	0.3475641805236179	0.05544424999286279	0.2488740658496135	-0.2176344641487559	0.08140534518040204	0.03673523399800929	0.03673523399801411	-3.82100468791401	-3.821004687915793	-2.585322785285954	1.379915801272227	1.327689279283072	5.035238905769212	-0.8120395123536696	-4.172696244398241	5.295133393305964	-0.3139015235837087	-7.027836545369024	-9.931114695709562	-4.008625750849616	-0.01974803854124251	1.139423341986121	2.465225164976553	1.589864574589787	2.434491637385466	0.3605284859085506	0.9748442390842945	0.01008182919013401	0.01002834153999692	0.01302543650469349	0.09255738904663087	0.01000887526614448	0.01203387291502706	0.1623431733471237	0.02126198779810145	0.01090274314448292	0.01217182601271121	0.01038158624282136	0.01044490373433212	0.01001405381955909	0.01000669823843381	0.01000733165256971	0.01175853157231241	0.01010089695345781	0.01004200194185656	0.2556035196739384	0.218529959489472	0.2749345114143774	0.04817379707977851	0.6728460652415745	0.1923216065975344	0.09796830333491816	0.01078993242447524	0.2000450305440387	0.3254969223305757	0.01366451343768507	0.01000884718034697	0.01001407650760963	0.01023819451981677	0.5689063648406812	0.4590132738201621	0.01007475555340672	0.01007850910949495	0.01002595688555247	0.01007548041370575	0.01002236394537491	0.01000636309630101	0.05430394368790245	0.1638700723443397	0.0770983778348021	0.01314365369021065	0.4873343307554908	0.01000856024287612	0.01511682923769548	0.01227355807043966	0.01283165729415711	0.01088052087085422	0.01000321831500572	0.01000244513728176	0.01136672965507313	0.0115213868005698	0.03668663152499033	0.06985411353450253	0.01280238317740904	0.01138711275854305	0.0281661824277239	0.01149931467303495	0.01070348093081901	0.01509264700980058	0.01000337799966046	0.01596077833147693	0.01158790598410582	0.01114573496618669	0.01000308332247727	0.01001866962952114	0.01000572873680169	0.8182686326705021	0.1682077660942649	0.01000839336262059	0.01000779000506219	0.05605665141652561	0.01015809460726224	0.01013184174742359	0.01010128265817726	0.01003633990364125	0.006796423366709167	-0.01019178258708477	0.02546835753344758	-0.2091186148378377	-0.03723768580974089	0.02028031714825453	-0.09239514915947136	-0.004557940668085708	0.2058115748971637	-0.07583548720354476	-0.156441558766298	-0.1651134895533781	-0.01306240396401216	0.2703768530676949	0.9999640127310623	0.01008898427778969	0.0100308996281467	0.01240301243123524	0.06957874708551504	0.01000964263063018	0.0114480992093477	0.1161289340874838	0.0136951822235819	0.01000322163148363	0.01000126653502753	0.01000029482193919	0.01000015423037433	0.01001539241576214	0.01000702368640499	0.01000894051931761	0.01081456738988075	0.01011162291686729	0.01004896583636878	0.2320080541031083	0.1938287454044209	0.2796379140681891	0.03109880133563833	0.493064389792487	0.1658072998526759	0.06752443265420953	0.01106132243156706	0.1798430272047101	0.2617711057274169	0.01351870820528505	0.01000828248939284	0.01001496568100626	0.01000006831793172	0.5158884087074014	0.4435474042637986	0.01000054166198436	0.01007774960843506	0.01001685758929971	0.01004766834002337	0.01002599917554543	0.01000686122032823	0.0339433740117868	0.1336748707629287	0.04551714272582033	0.01214306450795534	0.3746846274848038	0.01001062400405972	0.01409390652202165	0.01085043740720377	0.01376977124595798	0.01108456541239655	0.01000420349376261	0.01000318932814286	0.0100159503324813	0.01001673869506456	0.02508379237882908	0.06396874000159941	0.010245587891616	0.01003415413049743	0.03277820006961308	0.01137499741206039	0.01028483092976847	0.0182472095236868	0.01000397192720013	0.01035321232594525	0.01041021432902913	0.0100120975321494	0.01000345235105331	0.01000199361339232	0.01000694854705942	0.9995243040406544	0.2490532230688584	0.01000897942499631	0.01000782804776243	0.03036935381043912	0.01016002230294546	0.01000381622632551	0.01000097124939943	0.0100032460260237	-2.147525500654955	-0.3288463113961464	1.374699675646793e-11	-4.089619700269829e-11
0.3080738588674682	-0.1313713585935915	-0.005405369748344747	-0.2294791992669161	2.453903152223173	0.9427732473604116	0.0001058933767092135	-0.2344689145846529	0.01736411970754323	0.2779467435095722	0.4873556033846064	0.01454467028254016	-0.2557863838515361	-0.09449535525920182	0.01227518752853233	0.03062429340033478	0.3014474578772469	0.3014474578772321	0.09442341861585374	0.0944234186158267	0.5029930765904608	-0.3246242570260038	-0.123412981178938	-0.8780664955673696	0.2677923822553265	0.3553372212859774	0.060431173592723	0.6196410862015126	0.9888545764942552	1.321010784444822	0.2029648147928551	0.09471386962572073	1.660982214815833	1.422696471245976	-0.4896508184284789	-0.145119839033111	0.4121448910477163	-0.4010907271894818	0.158786584916822	3.305371586222567	-0.1854057706505228	0.2349863423787861	-0.2877690922830294	0.5353428587832177	-0.2624732347517935	-2.873030993694646	0.3792740005666314	0.453914597860834	0.2902291479671689	-0.2729627370728225	0.07887652571287906	0.1603640375443109	0.1603640375440334	-2.954336563237253	-2.954336563367445	-2.87994140342155	1.373780247475469	1.261889373758423	5.236176433364085	-0.959397687835488	-4.188164355842895	5.365992492197969	-0.3772735421260262	-6.495611193123211	-10.30722202318477	-3.987268903140126	-0.2453385747131544	0.9386708155856603	2.767599077344315	1.100896420718996	2.489859980598395	0.3355988445902901	0.9788055886930607	0.01008544586209409	0.01002951721802201	0.01274548183750831	0.08364942852748238	0.01000940052819362	0.01182882016592579	0.1480354252720643	0.01829287058787171	0.01056950106848706	0.01136936081992621	0.01024018535568093	0.01027998745755338	0.01001484627482207	0.01000685316919733	0.01000802082318644	0.0113329748597795	0.01011142097261026	0.01004766898466897	0.2465723309499567	0.209977576144426	0.2750296160075861	0.0422577386340758	0.6290285515429378	0.185152780390676	0.08817197035442209	0.01110300898259745	0.1916618699514357	0.3063855838279728	0.01359693339022856	0.0100088558241852	0.010014844833608	0.01014986403837253	0.5521454252094887	0.4554962117540776	0.01004722590866182	0.01007364337568433	0.01002160498523523	0.01006248745374109	0.01003855724021492	0.01000670276670069	0.04855181975001932	0.1576397533429344	0.06575872050570615	0.01262808097096804	0.4649773520629699	0.01062710547970854	0.01435813093345321	0.01168497954299592	0.01318337350440698	0.0111068646829511	0.01004086425789928	0.01003905869766456	0.01086705518260067	0.01096515019897041	0.03657003868372156	0.07051083360784915	0.01189919267580864	0.01088965471411274	0.03054431257142732	0.01140832513945442	0.01054329058722506	0.0206497544190843	0.01000367832207232	0.01387028966987179	0.0111144114051951	0.01072556292874112	0.01000325507340941	0.01001237357784796	0.01000653105010563	0.8307482040198929	0.1942614962342276	0.01001000757731538	0.01000778677998193	0.04815993128482852	0.01025104298092328	0.01008448199752767	0.01006413207126462	0.0100245449283053	0.006098824036336369	-0.01035282705614492	0.02514039131464017	-0.2072691290921487	-0.03619249822487414	0.02439836403708542	-0.09487480182945392	-0.00228087557544639	0.204435887751391	-0.08317714344834876	-0.1575516757121064	-0.1577586192320173	-0.01507084764280993	0.2439314170971983	0.9896462434983585	0.01009386260357859	0.01003204712119255	0.01214620128602643	0.06069619194777626	0.01001086257770832	0.01150650321944815	0.1107533036627594	0.01257174548137952	0.01000344288079482	0.01000129625166124	0.01000029562734764	0.01000015452479082	0.0100168921349479	0.01000719738904228	0.01000940797762103	0.01042595698205414	0.01014481836971432	0.01006460028948612	0.2110893356032873	0.1809403591908203	0.2713253795517986	0.03109626481807277	0.4322733440926425	0.1675605363760654	0.06707288673678706	0.01214140935884486	0.160780913603758	0.2351343674355088	0.01344785014019107	0.01000938921575741	0.01001718918245506	0.01000006781632476	0.4670450895549175	0.4431791836054895	0.01000057696052282	0.01005448256141714	0.0100119098117362	0.01003409320419375	0.0101012581396126	0.0100076416360991	0.040666230257404	0.150228015249559	0.04039845302841422	0.01139577357997525	0.3974455011212434	0.01314568447265766	0.01213300426937707	0.01053180097048994	0.0137985343451661	0.01185094255712352	0.01019329215062083	0.01018749489086768	0.01001800738837267	0.01002009342215719	0.04629840811505269	0.07884105970348325	0.01045420080130989	0.01005147227978057	0.03663398651338028	0.01114619508043773	0.0102592826184381	0.04095433463079702	0.01000437616479492	0.01019502668919086	0.01021849183689355	0.01001047525559624	0.01000362853371221	0.01000144977280427	0.01000872066196719	0.7678064287934289	0.2696449475976567	0.01001606513233327	0.01000774016474795	0.03526178928655366	0.01062803452002027	0.01000456357186383	0.01000132406535352	0.01000571883160558	-2.045939634121364	-0.3987646024520801	1.57270080310369e-11	-6.134320409314663e-11
0.3125386974017794	-0.1296259921082344	-0.007113722479153876	-0.2285915275068063	2.468653357794443	0.9418523486228872	0.001150640637049501	-0.2351794729570271	0.01986347519701183	0.276745615936745	0.4749035601520444	0.01627321266806803	-0.2528660735398553	-0.0930860130542852	0.01097397208715489	0.03096229683708561	0.3024263279335214	0.3024263279334237	0.08305012670237534	0.08305012670232545	0.4895171639131848	-0.318514878624808	-0.1178486081899823	-0.8542735159990134	0.2631481388311278	0.3366786717578178	0.08450938964132393	0.617732412257337	0.9609612412547849	1.274236097291668	0.1852412339457606	0.09310162111154421	1.664785163544916	1.435594669886858	-0.485569013500397	-0.1339714628386517	0.3672763683902667	-0.3667525649179439	0.2396146277363763	3.301785191106624	-0.2273354976052506	0.2329634186566353	-0.03026929134902245	0.5875983013468041	-0.2746865571582338	-2.704167477693527	0.3918233656796609	0.8545905384148805	0.3429767511274004	-0.3062334120228811	0.07176650851740383	0.2769398674203174	0.2769398674202438	-2.150786541905193	-2.150786541904068	-3.152911822079588	1.361929948296273	1.237551318872802	5.418687610701666	-1.123807825652667	-4.163070420927898	5.416284906873988	-0.4851187177315164	-6.006189771550822	-10.63762595876152	-3.949112476750307	-0.4780451935620336	0.7702235134393238	2.998099476521432	0.7506454961210537	2.49574724145958	0.3098015137233496	0.9798987383933285	0.01008953598293815	0.01003068226504277	0.01247401128205879	0.07461738168346808	0.01001018665175296	0.01172224049940489	0.1361310266251974	0.01598951435738399	0.01036112111327406	0.01086624455966245	0.01015181330328771	0.01017690690653127	0.01001590433855602	0.01000701513657491	0.01000862675368384	0.0109208910327791	0.0101304554032595	0.01005707852004302	0.2342875565569075	0.2001393016861651	0.2729573502870952	0.03837055112975934	0.5810854876971676	0.1804599146786079	0.081281431878535	0.01170301300884423	0.1801640256116427	0.2850557045733011	0.013528122999191	0.01000927680896011	0.01001615957482761	0.01009467350359793	0.5283256341204164	0.4526841752802618	0.01003004325794381	0.01006186678080388	0.01001702882272829	0.01004927227536156	0.01007694563663101	0.01000720810622974	0.04709383985500799	0.1580483804037776	0.05631800755490936	0.01202536368846531	0.4525171202061459	0.01218654071915399	0.01315017845939249	0.01119673685369045	0.01341457149043557	0.01153528339420884	0.01013536273330789	0.0101311189343209	0.0105549941132124	0.01061806746442323	0.04398566372958292	0.07590175353504811	0.01141043686793769	0.01058469400871419	0.03344178645004369	0.01126573300153156	0.01043354384038273	0.03235602800912264	0.01000401767133229	0.01249206659034638	0.01074605461210918	0.01046199829523004	0.0100034284784609	0.0100082372644701	0.01000769747076062	0.7936886238268012	0.2180127221550149	0.01001367611108462	0.01000775175418885	0.04462808153572811	0.01048467599775207	0.01005518224688936	0.0100410591647314	0.01001810760223454	0.005401224705961309	-0.01051387152520552	0.02481242509583325	-0.2054196433464596	-0.03514731064000787	0.02851641092591619	-0.09735445449943665	-3.81048280757875e-06	0.2030602006056184	-0.09051879969315287	-0.1586617926579141	-0.1504037489106564	-0.01707929132160924	0.2174859811267016	0.9793284742656546	0.01009874092936587	0.01003319461423739	0.01188939014081667	0.05181363681003728	0.01001208252478564	0.01156490722954707	0.1053776732380352	0.01144830873917773	0.01000366413011298	0.01000132596830073	0.01000029643279253	0.01000015481924686	0.01001839185413377	0.01000737109168062	0.01000987543592386	0.01003734657423023	0.01017801382255925	0.01008023474260174	0.1901706171034676	0.1680519729772208	0.2630128450354095	0.03109372830050727	0.3714822983927978	0.1693137728994545	0.06662134081936365	0.01322149628612077	0.1417188000028059	0.2084976291436001	0.01337699207509663	0.01001049594212186	0.01001941268390219	0.010000067314767	0.4182017704024334	0.4428109629471804	0.01000061225912224	0.01003121551440446	0.01000696203418242	0.010020518068372	0.01017651710368297	0.01000842205186958	0.04738908650302093	0.1667811597361893	0.03527976333100773	0.01064848265199428	0.4202063747576834	0.01628074494126632	0.01017210201673226	0.01021316453377613	0.01382729744437277	0.01261731970184981	0.01038238080747829	0.0103718004535962	0.01002006444426967	0.01002344814925457	0.06751302385127647	0.093713379405367	0.01066281371100252	0.01006879042906466	0.04048977295714671	0.01091739274881399	0.01023373430710764	0.06366145973790842	0.0100047804023894	0.01003684105243542	0.01002676934475617	0.01000885297905004	0.01000380471637097	0.01000090593223409	0.01001049277687509	0.5360885535462032	0.2902366721264552	0.01002315083967235	0.01000765228173322	0.04015422476266959	0.01109604673709463	0.01000531091741147	0.01000167688137342	0.01000819163720404	-1.928550697433782	-0.4675013024662177	1.436861621739722e-10	-5.95121257526783e-11
0.3170035359360905	-0.128108023510122	-0.008697729381207941	-0.2273371592897529	2.483386210845252	0.9407408055117955	0.002186212253473926	-0.2347434421492084	0.02263001800121785	0.2754766620557487	0.4632055430355926	0.01802260332246728	-0.2481996346013814	-0.09142035334689141	0.009564343006687988	0.03126156376879645	0.3039108169471834	0.3039108169471582	0.07510173131480166	0.07510173131479653	0.4748666455369924	-0.3124704075066522	-0.1123028346430112	-0.8297160953540975	0.2577398072080372	0.3182105326156179	0.1087869936961959	0.6153900239062227	0.9351767327140108	1.226103115454802	0.1676824817475189	0.09058763486007639	1.667927105923277	1.449354460770908	-0.482781614330735	-0.1226355478824433	0.3161966610217626	-0.3408529215291282	0.3231100109350337	3.297755125134319	-0.2703480538414428	0.2307976358892804	0.2181303756897363	0.6468885962906182	-0.3021722389223442	-2.540719992338008	0.394483450403636	1.224552655908299	0.3994640261964195	-0.3281535752331966	0.06078589371101902	0.3823895972077263	0.3823895977497327	-1.410482958474359	-1.410482958574347	-3.406188123662429	1.346004388671204	1.252193991375671	5.577568330160924	-1.300403958653198	-4.10635251781497	5.456225153755111	-0.5573314800158397	-5.547573614261834	-10.91188781083531	-3.917271931747722	-0.6210053003565348	0.6478387705189997	3.151481973223976	0.5070224193773695	2.600844078067685	0.2842065605946176	0.953852532605753	0.01009196070897518	0.01003137844689116	0.01219346483034622	0.06574258801681032	0.01001116141441051	0.01165997598436965	0.1273841593693334	0.01457262482558373	0.01022864201120014	0.01054577042859911	0.01009560273971726	0.01011133624485593	0.01001740299553883	0.01000727718217061	0.01000916420417024	0.0107811408121732	0.01021600763403504	0.0100997634010926	0.2199991622909861	0.1921420861672811	0.2705727586648229	0.03519729614380577	0.5307019559776767	0.1776987687524357	0.07744930408909705	0.02002508794331398	0.1659528684072477	0.2618507883525695	0.01345790282371812	0.01000996424649208	0.01001789574599934	0.01005957185849201	0.4994495995058256	0.4490765969629268	0.01001913744692497	0.01004933474859386	0.01001304033683033	0.01003787164219408	0.01030565873209931	0.01000771369935361	0.05076685542372301	0.1654007571052232	0.0501384533863793	0.01149265433750407	0.437397445288241	0.01345153004741432	0.01204902362300444	0.01084000229054326	0.01468757280617701	0.01203377376033215	0.01019199081575638	0.01018455977033831	0.01036400025662886	0.01075712322433545	0.06035349482801287	0.08434560857900963	0.01120619776682401	0.01040056152886391	0.03332968641419298	0.01107179105785906	0.01034480813633691	0.03882016484873623	0.0100043739642087	0.01158251587366728	0.01047753710352539	0.01029366009747914	0.01000360401836455	0.01000549510603662	0.01001008373665676	0.7274149037349816	0.2293587359304397	0.01001522626353855	0.0100076345980197	0.0591447470799709	0.01105900545182782	0.01003667780692902	0.01002638119509465	0.01001430368206515	0.003404660143608753	-0.01045760085373301	0.02333208997902825	-0.2009523300336226	-0.03545098149257268	0.03425770763847585	-0.0943082105523043	0.002389265696493556	0.2026316278428942	-0.09619396482251864	-0.1576545356837508	-0.1398632548508183	-0.02009551848784682	0.1981473479703211	0.728517613402534	0.01009371591180084	0.01003199673779159	0.01155998241514957	0.0443217061864823	0.01001345785215178	0.01154414010614528	0.108673904472388	0.01272867813995193	0.01000410709813757	0.01000138224657372	0.01000030347167548	0.01000015777842019	0.01002130977961815	0.01000803050948141	0.01001025119323848	0.01099011807519445	0.01052257015421811	0.01025317450723044	0.1725591462714904	0.1743014251306489	0.2642722049528408	0.02781980003295128	0.3204415657511371	0.1720044927703158	0.07216457848539479	0.05305016083141793	0.1200295100963189	0.1811241862620891	0.01330275998886053	0.01001168741437549	0.01002209523247469	0.01000006833852504	0.3748031095219558	0.4309934838151366	0.0100006893136592	0.0100253451278928	0.01000568191007399	0.01001682000033883	0.01114939914354538	0.01000869442440769	0.06696336026818776	0.1984028048275942	0.04081922089240586	0.01052817945879415	0.3533196848533336	0.01502343673141448	0.01016161592296927	0.01025130762083011	0.01956043659664487	0.01311809021658347	0.01020467413768352	0.01018985562327013	0.01005719041527007	0.01184869003311595	0.1133004479014668	0.1089202552011826	0.01103119348892081	0.01010491331178633	0.0265634727387248	0.0105869994515693	0.0101594776269013	0.03887771800816384	0.01000515108905994	0.0100249273157833	0.01001693227773416	0.01000726365054988	0.01000398682914192	0.01000079822331159	0.01001733305436611	0.4017180967491809	0.2318981544447497	0.01001318122748709	0.01000724583479087	0.1283843619117602	0.01286308254499357	0.01000532299220631	0.01000135106764669	0.01000756408115345	-1.797840015740635	-0.532649900841268	2.56776976038319e-10	-5.275578915207294e-11
0.3214683744704016	-0.1267711386951861	-0.01014008955512792	-0.2256987840975281	2.498101597668605	0.9394402472097164	0.003210538850843134	-0.2332982239637624	0.02559737821652366	0.2739719685936989	0.4521726679866034	0.01981973052326734	-0.2420308990299825	-0.08955181116446181	0.008017313280682527	0.03149168054393234	0.3057905878091354	0.3057905878091124	0.07044755889614354	0.0704475588961879	0.459132432249813	-0.3064923996146841	-0.1066173917647998	-0.8045043004828291	0.2515218511340839	0.3000395491762523	0.1332093062558383	0.6128164313860172	0.9113898575065263	1.176898190698921	0.1502519992717241	0.08779802075156631	1.670665222782229	1.463610999890374	-0.4809604975353095	-0.1105795101855655	0.2861608380144069	-0.3033026677676843	0.4116284708171352	3.293961291595645	-0.3120038226428695	0.2279262749515633	0.4217907039887329	0.6775533488378932	-0.3802847964010596	-2.406220717074342	0.4132067145923837	1.527536134462507	0.4338569002040321	-0.3677813039200321	0.04079103438106905	0.4540041974536652	0.4540041974536975	-0.6751575285752839	-0.6751575285751648	-3.638347073352122	1.332158109721064	1.300115434664584	5.711810948079667	-1.486474686478794	-4.029961166932058	5.481106258980102	-0.5886853310745335	-5.111360777738244	-11.11779694645426	-3.891654742111794	-0.6015111982564751	0.5893320751934094	3.220615137391816	0.317804559698741	2.818322335840562	0.2596208123459212	0.8826469833691936	0.01009158873655133	0.01003136342340675	0.01189448742784209	0.05720086689034892	0.01001228661610889	0.0116132321386251	0.1222325759330187	0.01415547489128503	0.010146015027975	0.01034532849831366	0.01006048955398374	0.01007037223963729	0.01001943477208341	0.01000768848997824	0.01000964096740825	0.01105075538634984	0.01039872108838055	0.01019133395198179	0.2045684344694412	0.1880860784224399	0.2691256864293112	0.03196869452577736	0.479121433053063	0.1764899091848613	0.07669956004528562	0.03952980716112715	0.1492735119530769	0.2370083359297558	0.01338617790236605	0.01001084098581298	0.01001998725969072	0.01003764581213272	0.4669589824079664	0.4435983524696854	0.01001235480069792	0.01003930291471337	0.01001006877140884	0.01002936226866347	0.01081327576766345	0.01000813230935387	0.0598743797103567	0.1796672905919814	0.04797148087919535	0.01111381114199964	0.4102541931952603	0.01377343844107932	0.0113535827411415	0.01063115026428765	0.01760928988195299	0.01253263005799347	0.01016065389851519	0.01014963386911707	0.01025854753738185	0.01152764601662765	0.0860311439326817	0.09486386149148714	0.01121634836636966	0.01029899843694064	0.02823688070813015	0.01082663049960434	0.01026147962545091	0.03407015051055252	0.01000473555657995	0.01100746687303795	0.01030592139438616	0.01018784125831861	0.01000378196861187	0.01000374215195665	0.010014142535947	0.6463489956767489	0.2216868285051405	0.01001245126392408	0.01000740872448922	0.09754342371806367	0.01207884957871334	0.01002512537114231	0.01001709128195831	0.01001169258326899	0.001408095581260247	-0.01040133018226074	0.02185175486222235	-0.1964850167207861	-0.03575465234513719	0.0399990043510356	-0.09126196660517166	0.004782341875794805	0.2022030550801699	-0.1018691299518842	-0.1566472787095887	-0.1293227607909805	-0.02311174565408216	0.1788087148139407	0.4777067525394141	0.01008869089423387	0.01003079886134457	0.01123057468948146	0.03682977556292738	0.01001483317951811	0.01152337298274262	0.1119701357067413	0.01400904754072647	0.01000455006617035	0.01000143852485373	0.01000031051061963	0.01000016073766188	0.01002422770510194	0.01000868992728171	0.01001062695055189	0.01194288957616014	0.01086712648587805	0.01042611427186146	0.1549476754395098	0.1805508772840771	0.2655315648702716	0.02454587176539535	0.2694008331094767	0.1746952126411774	0.07770781615142702	0.09287882537671768	0.09834022018983239	0.153750743380589	0.01322852790262401	0.0100128788866315	0.01002477778104609	0.01000006936236913	0.3314044486414832	0.4191760046830929	0.01000076636826852	0.0100194747413797	0.01000440178595796	0.01001312193230429	0.01212228118340584	0.01000896679694518	0.08653763403335407	0.2300244499189988	0.0463586784538035	0.01040787626559347	0.2864329949489838	0.01376612852155736	0.01015112982920637	0.0102894507078831	0.02529357574891703	0.01361886073131408	0.01002696746788996	0.01000791079294148	0.01009431638627407	0.01367393191697952	0.1590878719516568	0.1241271309969985	0.01139957326683516	0.01014103619450782	0.01263717252030476	0.01025660615432437	0.01008522094669472	0.0140939762784192	0.01000552177573012	0.01001301357913738	0.0100070952107235	0.0100056743220599	0.01000416894191261	0.01000069051441689	0.01002417333185641	0.2673476399521585	0.1735596367630442	0.01000321161529813	0.01000683938784867	0.2166144990608566	0.01463011835289173	0.01000533506701627	0.01000102525401142	0.01000693652512094	-1.65319892729912	-0.5954213167041278	1.096718350273641e-10	4.019256700094193e-11
0.3259332130047128	-0.125488170676788	-0.01138356703664355	-0.2236886742985425	2.51280472279353	0.9379569568459382	0.004222591136964036	-0.2310963494950166	0.02860640621145386	0.2720044260616223	0.4415740027319775	0.02176326572186039	-0.2347635802811915	-0.08760629861866516	0.006241112483586797	0.03164602470342241	0.3078841420618493	0.3078841420626722	0.06888068865684634	0.06888068865689646	0.4423903167736957	-0.3005739870169483	-0.1006548000632101	-0.7787689064308102	0.2444572482171886	0.2822413095389245	0.1577161762759424	0.6105543439163862	0.8895420350888957	1.126958558062602	0.1329344899657504	0.08583486540627636	1.673182231168151	1.477957999918364	-0.4799118775943425	-0.09671415648728603	0.2873270431465321	-0.2370202399298909	0.501953779689682	3.291169112110867	-0.350924737078777	0.224219803754118	0.5696457080079813	0.6521089577457142	-0.5372355748704749	-2.323249635630071	0.4722380516281545	1.732447098345624	0.4398424874220501	-0.4460076558257075	0.01422240330319307	0.4825734260272849	0.4825734262366316	0.07315320024890938	0.07315320049138158	-3.860389117019599	1.32668065000758	1.368158710175653	5.817777744899442	-1.684796048327563	-3.940284912669321	5.495384575723263	-0.7712129828708099	-4.6790019451158	-11.24249962886515	-3.839221309815201	-0.4748983877871186	0.530221111275006	3.179187475317732	0.1530491179076903	2.697850143328536	0.2376224512839498	0.8027168300177274	0.01008749709340567	0.01003019372457463	0.01164794592347635	0.05022243771123669	0.0100129223600603	0.01153205656521151	0.1184398540162661	0.01427563484542189	0.01009375542926154	0.0102178191441035	0.01003816362800165	0.01004432194164485	0.01002677929010635	0.01000860948379489	0.01000993865573834	0.01146830309920606	0.01061808625445529	0.01035846789801674	0.1853326074474505	0.1849997980995392	0.267341403801063	0.02804507831168918	0.4277732056106251	0.1737073190429208	0.07194123320128538	0.07628730593040833	0.1315873101941154	0.2147361001882185	0.01331051782714639	0.01001114566669199	0.01002143965821345	0.01002370308128067	0.4305976156118405	0.4353054786595972	0.0100080890556529	0.01003292859571049	0.01000822778857339	0.01002399561770475	0.01111549633257937	0.01001512009685601	0.07406690116712773	0.1999395821142589	0.0464651864947024	0.01090554513757334	0.364819582530611	0.01340430651291898	0.01836722687789131	0.03114652112732506	0.01893893285202279	0.01258044435376245	0.01010926097295168	0.01009669946574061	0.02026981182166427	0.02735637423129322	0.1222214635674816	0.1032006017778076	0.01342535611066911	0.0103104928567457	0.02241201159284628	0.01059511185452099	0.01019005320039603	0.02657115286617891	0.01000521247398025	0.01063881058240552	0.01019490083802984	0.01012002573097798	0.01000412280703934	0.01000261080080922	0.01001759479968995	0.5531557944249311	0.1969202952138045	0.01000901696099031	0.01000708832564688	0.132998828584358	0.02021405781978921	0.0100175558022806	0.01001111555134651	0.01000952745583128	-0.001427772642639252	-0.01215873279311568	0.01949622631937203	-0.1949672707022084	-0.03449337031987987	0.04605967876770196	-0.0825002347858568	0.002498883597754192	0.1992704483517413	-0.1081739390692695	-0.1562657309657507	-0.116168099543048	-0.02797612866702274	0.1725555837601252	0.4912228691149466	0.01007338973903291	0.01002592929827826	0.01122517807224351	0.03667041882538136	0.01001326424834597	0.01127941036749289	0.1079761792888444	0.01489961419242334	0.01000568256395304	0.01000158753057286	0.01000032921287789	0.01000016810101887	0.01005245422207946	0.01001147567954459	0.01001028100953026	0.01238686182532446	0.01109925218811833	0.01083237999487338	0.1173613647202292	0.1739734236203992	0.2591450636459415	0.01779776766997722	0.2306456714939073	0.1594816080852932	0.04838896540236628	0.1967487452696342	0.08215341319134337	0.1539336980341474	0.01313887257695956	0.0100105881611857	0.01002312736836911	0.01000007278310099	0.280517760677664	0.3957381798925117	0.01000094120462622	0.01002446691710482	0.0100057314751395	0.01001647418751914	0.01119382168875524	0.01004283032625414	0.1164628839320981	0.2716640848072643	0.04116865230719508	0.01067798981145226	0.1482402650463516	0.01189325747883866	0.0482988238269985	0.1171874517321456	0.01766083642402983	0.01181686184180293	0.01001787727592411	0.01000614897596055	0.06166581873798508	0.0913986273706045	0.2381759861844519	0.1183924927853692	0.02230937652928336	0.01049668119649961	0.01151291456030719	0.0101535959989658	0.01005466668148079	0.01205951750176361	0.01000646051185049	0.01001171665656729	0.01000616380030594	0.01000447770080101	0.01000516925293175	0.01000069686104796	0.0100228004688611	0.1386840772189217	0.09179689693744852	0.01000318409307101	0.0100062871947097	0.2062408928486819	0.05158932077095307	0.01000419152899523	0.01000095497247418	0.01000490761190583	-1.51805516134356	-0.6544744649104676	-3.272966918591706e-11	1.281905819086017e-10
0.3303980515390239	-0.1242162102167926	-0.01210760326509684	-0.2210989454997287	2.527481262371424	0.9363200265934968	0.005202058495155927	-0.228165763898462	0.03125784270293524	0.2688516379989976	0.4315888168758956	0.02416926241895342	-0.2265193912109529	-0.08560435830830684	0.003872541576199762	0.03149256188588279	0.3100889321598797	0.310088932161501	0.07199256922562784	0.07199256922556024	0.424667573536424	-0.2945766487963222	-0.09442371578698482	-0.7525394963741466	0.2364171563364172	0.264875311717802	0.1822703553009003	0.6028346466059838	0.869574390554544	1.076594602627866	0.1162048066577604	0.08179796099098074	1.675329140502025	1.491760288593011	-0.4795837284669823	-0.09269235561367166	0.2812301073517857	-0.07062179707647445	0.6712656461236104	3.282052439986312	-0.3808259647488126	0.2133300320661583	0.7482128228426933	0.5173721707325258	-0.9112090638875165	-2.131416045275813	0.6203638705023139	1.965119826848088	0.4591333430740444	-0.6331302762322644	-0.09708944106721308	0.5038317317401234	0.5038317317400322	1.420663263483724	1.420663263483755	-4.077613923216376	1.367512393599287	1.420385204038722	5.933102708251121	-1.923439624175943	-3.836340812251257	5.502298049058902	-3.033392231522862	-4.269145344369806	-11.3078700464893	-3.62834136010023	-1.530435980451442	0.4235482307736045	2.976614659648036	-0.004926406427051259	-1.59104388131934	0.2193653042270305	0.741140846806969	0.01007919742356832	0.01002763480942791	0.01149153032720016	0.04553686284517607	0.01001273024593187	0.01138992911320627	0.114563010595654	0.01468229696284183	0.01006153356896514	0.01013818987288136	0.01002422551002281	0.01002805296458362	0.01004196436126569	0.0100102307708009	0.01000999466012805	0.01189536211851441	0.01084213460651784	0.01061523183018357	0.1603275271717193	0.1809086881795063	0.2643584972424984	0.02306152354812836	0.3777851774320015	0.1673220172834944	0.05881553210964637	0.132130142784886	0.1139084007821714	0.1981224959826779	0.0132296277968464	0.01001047567971399	0.01002172701976346	0.01001499585812342	0.3900942399953214	0.4235032166923353	0.01000549051625668	0.01003082314294626	0.01000757742361425	0.01002190392256549	0.01095643337476659	0.01003219798826214	0.09306456373852004	0.2256063104024374	0.04366258621965541	0.0108764689199605	0.2950283858239397	0.0124735872017818	0.03652168810293469	0.08040612748689996	0.01695321281500121	0.01193680247164215	0.01007373833789003	0.01006297284142154	0.04492428811093928	0.06425229887087995	0.1693637915873183	0.1069790235069578	0.01884521441842247	0.01045109276679826	0.01825026946503922	0.01041167663941803	0.0101339608375408	0.02096131392255473	0.01000586288272451	0.01040766907268458	0.01012517703618581	0.01007720825457493	0.01000471138251438	0.0100019066501676	0.01001923511633154	0.4488730973066696	0.1549311673800879	0.0100068620774964	0.01000668088085274	0.1529828112287014	0.03858367758127035	0.01001239882504993	0.01000735695583978	0.01000741346207412	-0.0042636408665431	-0.01391613540397223	0.01714069777652144	-0.1934495246836305	-0.03323208829462274	0.0521203531843683	-0.07373850296654225	0.0002154253197140732	0.1963378416233131	-0.1144787481866551	-0.1558841832219123	-0.1030134382951148	-0.03284051167996496	0.1663024527063094	0.5047389856904793	0.01005808858383012	0.01002105973521085	0.0112197814550042	0.03651106208783527	0.01001169531717338	0.01103544775224178	0.1039822228709475	0.01579018084412027	0.01000681506174678	0.01000173653630849	0.01000034791522643	0.01000017546448171	0.01008068073905795	0.01001426143180671	0.01000993506850707	0.01283083407449305	0.01133137789035367	0.01123864571787886	0.07977505400094537	0.1673959699567217	0.2527585624216121	0.01104966357456242	0.1918905098783381	0.1442680035294085	0.01907011465330359	0.300618665162551	0.06596660619285477	0.1541166526877023	0.01304921725129462	0.01000829743574094	0.01002147695569028	0.01000007620398151	0.229631072713844	0.3723003551019308	0.01000111604105768	0.0100294590928314	0.01000706116431943	0.01001982644273635	0.0102653621941072	0.01007669385556574	0.1463881338308423	0.3133037196955302	0.03597862616058671	0.01094810335731076	0.01004753514372099	0.01002038643612333	0.08644651782479348	0.2240854527564108	0.0100280970991442	0.01001486295229795	0.01000878708396096	0.01000438715898745	0.1132373210896967	0.169123322824229	0.3172641004172472	0.1126578545737406	0.03321917979173371	0.01085232619849003	0.01038865660030672	0.01005058584360738	0.0100241124162668	0.01002505872510675	0.01000739924797222	0.01001041973400134	0.01000523238989497	0.01000328107955659	0.01000616956395288	0.01000070320770428	0.01002142760586636	0.01002051448568468	0.01003415711185268	0.01000315657084991	0.0100057350015711	0.1958672866365055	0.08854852318901096	0.01000304799098166	0.01000088469100874	0.01000287869868533	-1.408189013390572	-0.7578894429264493	-5.800248682893391e-12	3.79763119834549e-11
0.334862890073335	-0.1230176295189054	-0.01175725157211458	-0.2174761656721741	2.54208833563985	0.9345883495162883	0.006115356552445481	-0.2242539898222962	0.03299024582359188	0.2633495403887031	0.4227937367603074	0.02738758375406714	-0.2163184624042724	-0.08346246119941998	0.0002960183142190614	0.03055294158204379	0.3124419028693517	0.3124419028701623	0.08209147998793803	0.08209147998789496	0.405997910426656	-0.2881932424971567	-0.08810913287634943	-0.7256921471775023	0.2271613889253021	0.2479980648672568	0.2067855550021858	0.5833105208697301	0.851305464401458	1.026019267369739	0.1008633733646834	0.07071264088939121	1.677048920094235	1.504385201982656	-0.4800522737086101	-0.1127015933844589	0.2628622984829252	0.2478093524345421	0.9665614549975777	3.259203323217028	-0.3905567441378203	0.1929358106368975	1.006622930112133	0.2361634441722221	-1.564871886373264	-1.813633784115737	0.8726249370008101	2.566060130428415	0.4893787059116091	-0.9905320069372411	-0.3371062702524653	0.5575412394418006	0.5575412392022103	2.949162292364775	2.949162292274744	-4.280274381942139	1.499470744929747	1.398623145268571	6.104132070870425	-2.228127226380688	-3.720838287431198	5.472984183175266	-5.079157200959493	-3.922817082846879	-11.34631286113408	-3.231285619184189	-3.146794242742512	0.3545594174959066	2.683010914294957	-0.2057606375503181	-6.318450830290676	0.213426472426347	0.7078040727179112	0.01007228917379352	0.01002418457919676	0.01162332299392032	0.05153350009779766	0.01001202999568422	0.01121089484331922	0.1106571040595003	0.01515665428361268	0.01004179285588259	0.01008763110780324	0.01001537448367698	0.01001771212246778	0.0100563070913293	0.01001182857918543	0.0100096339868366	0.0119651941209123	0.01089474111805804	0.01072675895130661	0.1311744390033083	0.1659928383558748	0.2499176247393169	0.02096150268023487	0.3304974238515267	0.1563921925429672	0.04442077389477181	0.1686527888576028	0.09854531927485745	0.1869333370652466	0.01311233092058324	0.01000947834695084	0.0100217054705406	0.01000946081847728	0.3459649805264152	0.4109023232736041	0.01000394110869757	0.01002870397947078	0.01000701818434211	0.01002031112878686	0.01067525695572421	0.01004206925280394	0.1073883596831415	0.2478682056331191	0.03857832442719122	0.01081430694039231	0.2218373694976345	0.01156592661357581	0.04700047611154018	0.123378349679662	0.01456085459422033	0.01135619048458894	0.010050279785256	0.01004155029878	0.08447537252060024	0.1134971797355617	0.2160771879183561	0.124386686949211	0.04556512264527191	0.01083650790916804	0.01549806057010316	0.01027532747896527	0.01009202020240333	0.01697667410187176	0.01000677617386622	0.01026039394831467	0.0100806952682434	0.01004969826853774	0.01000562062373292	0.01000147197775769	0.01001979097726055	0.3484586426999343	0.1115950607395558	0.0100060171018278	0.01000624890224747	0.1719236835227776	0.06313838043858257	0.01000911876101726	0.01000499554729586	0.01000584615627477	-0.001114173101584568	-0.01629220565670155	0.01000122901273032	-0.1958229632725021	-0.02706625228693149	0.05388445598947243	-0.06574983072023666	-0.0004364276244093756	0.1909062954447512	-0.1220293307169133	-0.156966063427291	-0.09033394735574329	-0.03342510591574265	0.2255586157418176	0.646000958569523	0.0100627764408628	0.01001593752448988	0.01240194982991492	0.08628305856056757	0.01001009233767011	0.01079214313557223	0.100167245354482	0.01613524501218354	0.01000966515608627	0.01000207033519494	0.01000039537759342	0.01000019453865195	0.01008055428059311	0.01001477764724943	0.01000821845833243	0.01142496606850215	0.01067764354832974	0.01063148134626711	0.04494565023503095	0.09309809832666092	0.1682119879207666	0.02272255081204811	0.1671525876886044	0.1162366333338897	0.01466271819467547	0.2117789633641617	0.06367456196260557	0.1614353980977098	0.01278993435402338	0.01000734000296846	0.01002183843459433	0.01000008318244824	0.1781674332249084	0.365153470766077	0.01000149012703319	0.01002127897373192	0.01000519667259319	0.0100156585617088	0.01013769094664137	0.01004301457368776	0.1307017938092445	0.3048770192961789	0.02300306270059544	0.01049741519530869	0.01003375350172932	0.01001448653329809	0.04823884370898297	0.2067731810548573	0.01078112296449812	0.01067732379003812	0.01001207185919767	0.01000600197150513	0.2068267742212501	0.258862451290697	0.3516228496413117	0.2085291709380509	0.1478889658933104	0.0120545958216746	0.01102531112897817	0.01003827291580753	0.01001817806992288	0.01001763941997867	0.01000913915333666	0.01001062241433498	0.01000533533026103	0.0100028801313939	0.010008036205571	0.0100007640768472	0.01002012083951914	0.01001432115738008	0.01002375206252874	0.01000584365871958	0.01000532549443778	0.2384314639400895	0.129026858361125	0.01000401192882243	0.01000108953930889	0.01000346511349263	-1.328751562145952	-0.9099818355512628	2.112917182013028e-11	-5.223795794169188e-11
0.3393277286076462	-0.1218046889961794	-0.009713925102169155	-0.2123337182011062	2.55656790400158	0.9328709910101776	0.006899543570721088	-0.2191539247081034	0.03316592321110273	0.2547756261333426	0.4153459547293364	0.03242014432783008	-0.203947047805312	-0.08133204526169721	-0.005165273666996767	0.02836356994383951	0.315133430542388	0.3151334305423313	0.09695312465193624	0.09695312465195347	0.3864915147666904	-0.2811192501863677	-0.08201995881365685	-0.6979323453208907	0.2164716194696062	0.2316752452815526	0.2310872653413709	0.5631334730257436	0.834469023145448	0.9752824967381909	0.08746195187239152	0.05627323149263986	1.678564372910266	1.515757685569046	-0.4814282923237776	-0.139706359808599	0.287662544123217	0.6877370168423572	1.351992471241444	3.224937312676118	-0.37441203055956	0.1554954405786999	1.280501251315217	-0.1799546684853329	-2.287212607311564	-1.52790127346932	1.433042594444584	2.937376879732207	0.4539903597753183	-1.477402154060498	-0.6569087097466232	0.6554864876305863	0.6554864876305747	3.554103722313262	3.554103722312603	-4.452423744204956	1.676856587541838	1.319414524298367	6.341830838648026	-2.565792988673602	-3.587988131997189	5.40666666750993	-3.325864646382648	-3.627471574001215	-11.38018411579983	-2.759323609777147	-3.03288197334515	0.3320211596259436	2.415595597294261	-0.4114241418596456	-4.724651940472687	0.2252029169908258	0.7102125171296099	0.01006973433895937	0.01002010642644451	0.01214785335647959	0.07229242587335565	0.01001099071616216	0.01100771694664677	0.1067565231362107	0.01558248056305499	0.01003053293787364	0.01005617220606954	0.01000986417435146	0.01001126059959452	0.01006521573405009	0.01001302016846111	0.01000876412410306	0.01148286393513292	0.01068256220734343	0.01056877317277373	0.09896389944972576	0.1330449717852549	0.2163875976448563	0.02389260557807478	0.2870312045570422	0.1402009266599483	0.03319395497148211	0.1670923374630021	0.0870397927917243	0.1808525776225765	0.01294202435729437	0.01000849597820124	0.01002182776880864	0.01000600644118402	0.2985057000828423	0.3994702699493325	0.01000311392675332	0.01002430737234639	0.01000596871250208	0.01001775011681045	0.01045149986901762	0.01003558629269879	0.1119749229152384	0.2615632418444743	0.03061551832660488	0.01060645963792764	0.1632927975340566	0.01099434045305449	0.04015848711908249	0.1454372520045145	0.0133292230128615	0.01124049518513692	0.01003686432929818	0.01002877740416652	0.1385135981627263	0.1714376114156634	0.2571033474083804	0.1647542484721123	0.1002406806101285	0.0115274924135789	0.01399160042258872	0.01018549849709579	0.01006359946190036	0.01443751293059525	0.01000799966543068	0.01016842439947076	0.01005294756558543	0.01003236425905051	0.0100068891769034	0.0100012233785274	0.01001964720410736	0.265460239334824	0.07939657682454529	0.01000649819856175	0.01000582542965771	0.1971174382975846	0.0919233944329737	0.01000743221865689	0.0100035976356913	0.01000508756064267	0.002035294663379791	-0.01866827590943081	0.00286176024893977	-0.1981964018613747	-0.02090041627923973	0.05564855879457655	-0.05776115847393157	-0.001088280568533338	0.1854747492661894	-0.1295799132471717	-0.1580479436326694	-0.07765445641637221	-0.03400970015152012	0.284814778777325	0.7872629314485656	0.01006746429789448	0.01001081531376912	0.01358411820482406	0.1360550550332992	0.0100084893581679	0.01054883851890101	0.09635226783801665	0.0164803091802469	0.01001251525043498	0.01000240413410182	0.01000044284007272	0.01000021361296908	0.01008042782212822	0.01001529386269334	0.01000650184815846	0.01001909806251067	0.01002390920630981	0.01002431697466057	0.01011624646911834	0.01880022669659985	0.08366541341992086	0.03439543804953596	0.14241466549887	0.08820526313837125	0.01025532173605304	0.1229392615657721	0.06138251773235538	0.1687541435077189	0.01253065145675146	0.01000638257019864	0.01002219991349747	0.01000009016115913	0.1267037937359726	0.3580065864302229	0.01000186421305335	0.01001309885463884	0.01000333218088247	0.01001149068069123	0.01001001969917801	0.01000933529180716	0.1150154537876475	0.2964503188968285	0.01002749924060513	0.01004672703330784	0.01001997185973432	0.01000858663047391	0.01003116959317526	0.1894609093533038	0.01153414882985293	0.01133978462777999	0.01001535663443575	0.01000761678402311	0.3004162273528047	0.3486015797571674	0.3859815988653779	0.3044004873023616	0.262558751994887	0.01325686544485938	0.01166196565764843	0.0100259599880081	0.01001224372357965	0.01001022011485212	0.01001087905869988	0.01001082509467441	0.01000543827063538	0.01000247918325232	0.01000990284718625	0.01000082494600178	0.01001881407317031	0.01000812782907797	0.01001334701320596	0.01000853074660925	0.01000491598730383	0.2809956412436743	0.1695051935332339	0.01000497586667199	0.01000129438765416	0.01000405152830685	-1.277792770627275	-0.9915678749168033	1.149909595479608e-10	-8.605915490480716e-12
0.3437925671419573	-0.1204030470022246	-0.005541832708835247	-0.20529807191868	2.570857798807982	0.9312925159649753	0.007483110338276609	-0.2127506570353005	0.0313416323019018	0.2431809654382854	0.4093465983212706	0.04040147593910959	-0.1901966897493972	-0.07954794392403544	-0.01297179696843428	0.02461945962645435	0.3184629093156348	0.3184629093155815	0.1141593962180803	0.1141593962181666	0.366326043423135	-0.2731701705080232	-0.07640571299326072	-0.6689213837555675	0.2042055496148698	0.2160134888530004	0.2549607852321888	0.5522062424894422	0.8187977176760984	0.9243789032896191	0.0760123067528462	0.04268058198304549	1.680115988523715	1.526223257061983	-0.4836900780011972	-0.1566971973390588	0.3469244686390859	1.158242622257921	1.784522054150085	3.174536513061236	-0.3295172600272445	0.1070729758594883	1.585598597738308	-0.6121611758048155	-2.856164349230831	-1.169800379173668	2.108136702160047	3.218069813180667	0.326110372852101	-1.994796864876891	-1.000335748571297	0.8577515123388255	0.8577515127547465	4.15525537258954	4.155255372663373	-4.573526293768884	1.879750282192756	1.194037085612679	6.656180667049496	-2.925560030848456	-3.426222344891957	5.280057080084115	-1.695236424746119	-3.395325845058925	-11.41069895648406	-2.400429753287485	-3.042371550855414	0.3729156676681784	2.336354250005558	-0.5895331903040211	-3.033850144350542	0.2430145888732211	0.7369634999469212	0.01006401307449254	0.01001611670711605	0.01291269964708891	0.09631096675630302	0.01000971895944274	0.01081776227647764	0.1025630996903056	0.01569176117481162	0.01002475931812361	0.01003636247727013	0.0100063893920505	0.01000716968325694	0.01006793098223637	0.01001360371007295	0.01000756253146045	0.01093984795721618	0.01043737175834072	0.01036626546835911	0.07029807377318761	0.09722781192989545	0.1758167441361474	0.02813420754245134	0.2454141355641156	0.1232859348224091	0.02515596321351998	0.1540579413313028	0.07612449589807782	0.1656385830550561	0.01270453076662748	0.01000754447063528	0.01002254753004099	0.01000381351139017	0.2479159392992415	0.38873061329682	0.01000273557489945	0.01001911527231702	0.01000474644250589	0.01001449326600983	0.01028738401616824	0.01002531478315826	0.1094706124062646	0.2697557310502743	0.02323543269975092	0.01039587394898313	0.1179329399831339	0.01062899713877193	0.02952708158276283	0.1446650220425345	0.01252712920423547	0.0111558944159042	0.01002940887617167	0.01002137982898877	0.1945954526744077	0.2291710957640833	0.2903537511172037	0.2196612113057519	0.1649691870372706	0.02120948773273992	0.013422465095746	0.01012522788557234	0.01004447844755972	0.01280686943987799	0.01000858946217432	0.01011032543057515	0.01003562074529027	0.01002130714117659	0.01000774904977231	0.01000108092142397	0.01001868880548635	0.1979872748481291	0.05636490646429989	0.01001467105975113	0.01000541198400663	0.2014582863272718	0.1278043258189787	0.01000672482185493	0.01000317654053797	0.01000481052206111	0.003156595877541097	-0.0162889252766395	-0.0005639215463827395	-0.19696102607635	-0.01299176450255205	0.05408403852219464	-0.05154915913889273	-7.871248018184877e-06	0.181417336933254	-0.1373879764817201	-0.152960026232643	-0.06251119150769427	-0.02641490272413668	0.2981715266987176	0.8900214701421066	0.01004271672037546	0.01000806959033707	0.01478020569508765	0.1550329408868329	0.0100067482353816	0.01044726991753023	0.09074999227089715	0.01535036897704769	0.01001713392226004	0.01000311978429024	0.01000055074738864	0.01000025633255656	0.01006557355220416	0.0100139738086288	0.01000466652824608	0.01001300133278914	0.0100185574766648	0.01002097588757573	0.01007783603416009	0.01450094679453773	0.05661171267136741	0.03682411598049921	0.1084807369638229	0.08026460766526422	0.01102688561177535	0.121357292492119	0.04643278134698726	0.08973493977047926	0.01209332973215844	0.01000553522000578	0.01002514992392015	0.0100001029816753	0.07470404223568554	0.3490546640462951	0.01000229634115587	0.01000787296008549	0.01000209669342455	0.01000676221019065	0.01000798812019091	0.01000666360360137	0.09391506778571573	0.2902412896446855	0.01002168163607242	0.01003109913482666	0.01001830875382576	0.01000776243741252	0.01002458188984111	0.09978369425573271	0.010819619584476	0.01072223062084697	0.01001802688145263	0.01000992473711275	0.3591708705668527	0.404661050069597	0.3857924752585528	0.4101903190848206	0.3583149427267844	0.05971148906884841	0.01313802942763731	0.01002048800616548	0.01001194172916713	0.01000930366479298	0.01000845196557696	0.0100126918275191	0.01000696950383626	0.01000264548556509	0.01000859264730161	0.01000085247412387	0.01001552345233226	0.01000735549202574	0.01001180952009626	0.01004614956646194	0.01000453151301896	0.148860293418491	0.2399699353524539	0.01000601079174853	0.01000349383379485	0.01000459617851473	-1.216983246763384	-1.013556140720239	2.088527472757901e-10	3.502612696072991e-11
0.3482574056762685	-0.1186466767801422	0.0004244389210373019	-0.1965330381468539	2.584901145392016	0.9299565472443817	0.007866054888241067	-0.2050147653604643	0.02792334783279691	0.2297209508553987	0.4048078377806926	0.05094138312633846	-0.1752460082041555	-0.07859034137486542	-0.02275768453359512	0.01960868210263583	0.3229876848726755	0.3229876848725809	0.1340752159803121	0.1340752159803351	0.3457144704936717	-0.264370653811442	-0.0713702635134169	-0.6384706005062757	0.1903755848657932	0.2010925761311441	0.278171383502446	0.5468676716051512	0.8041237655463505	0.8734877871813654	0.06575054078646761	0.02922638791727555	1.681982784945438	1.537191666524154	-0.4865837176421368	-0.1681152293840936	0.4465611197612028	1.491429774405879	2.126662066175924	3.114497377943154	-0.2657826374832609	0.06562782102367769	1.877442897888337	-0.8939753663882706	-3.122787583241367	-0.8736353529605575	2.579142489361568	3.475055273203804	0.08376470374532304	-2.36404754349984	-1.224305250132394	1.190913239634549	1.19091323963641	4.767831042873816	4.767831042872758	-4.652252559174841	2.057805171933548	1.060145869113565	6.986791057964898	-3.266331141709579	-3.256131229743208	5.109714549508341	-0.8224552457899461	-3.180712585875351	-11.3745949414431	-2.227219666387475	-2.970861507635564	0.4732046762243219	2.640839092529686	-0.6944596785552818	-2.228344465861835	0.2593280717110405	0.7791665139429504	0.01005114803094595	0.01001259419195235	0.01383710504097263	0.1178508563067247	0.0100082710547517	0.01066086850347392	0.09789218544206908	0.01534106742948394	0.01002288761106426	0.01002425781180963	0.01000425973431678	0.01000463071616827	0.01006405061042385	0.01001347246429603	0.01000612303209639	0.01059753174966085	0.01028204499069062	0.01023840835764737	0.05003544438310778	0.06974835472401063	0.1370995321420117	0.03168777891370556	0.2040513040040789	0.1087497250813387	0.02022109599485591	0.1442025201820842	0.06364625278403102	0.1310203453764841	0.01239228025695084	0.01000663221666865	0.01002410466987034	0.01000244871870046	0.1942052313036637	0.3783354230641436	0.01000266147168585	0.01001391072545539	0.01000351921614861	0.01001068409725878	0.01018404868642375	0.01001789840790718	0.1010612909392054	0.2741640422164399	0.01846129904466404	0.0102583549707353	0.08402259789867381	0.01040010859426605	0.02254875436012709	0.1166763414654905	0.01175624560552829	0.01087147613690028	0.01002575516846283	0.01001762608090324	0.2478066531972518	0.2829912662793921	0.3141945514071826	0.2848505467783181	0.2332526467196739	0.04384353322090984	0.01361500589581038	0.01008552359107319	0.01003242459406803	0.01178007145721992	0.01000804636504059	0.01007473074479445	0.01002537346880025	0.01001446369134345	0.0100077940143439	0.01000100232789955	0.01001685481043806	0.1446111957744373	0.04044479809198149	0.01003390735120728	0.01000500939815922	0.1668919201758345	0.1721567566372733	0.01000667171910145	0.01000373945692109	0.01000484208955303	0.004277897091700448	-0.01390957464384396	-0.003989603341708142	-0.195725650291325	-0.005083112725865444	0.0525195182498135	-0.04533715980385335	0.001072538072496888	0.1773599246003184	-0.1451960397162674	-0.1478721088326173	-0.047367926599016	-0.01882010529675182	0.3115282746201105	0.9927800088356481	0.01001796914285411	0.01000532386690531	0.01597629318535147	0.1740108267403671	0.01000500711259291	0.0103457013161581	0.08514771670377783	0.0142204287738483	0.01002175259408667	0.010003835434499	0.01000065865482503	0.01000029905233205	0.01005071928227495	0.01001265375456321	0.0100028312083325	0.01000690460307241	0.01001320574702308	0.01001763480049467	0.01003942559920095	0.01020166689247706	0.02955801192281403	0.03925279391146241	0.07454680842877597	0.07232395219215869	0.01179844948749862	0.1197753234184659	0.03148304496161966	0.01071573603323483	0.01165600800756481	0.01000468786981203	0.01002809993434176	0.01000011580254555	0.02270429073539819	0.3401027416623667	0.01000272846926242	0.01000264706552068	0.01000086120594527	0.01000203373967464	0.01000595654121005	0.01000399191539858	0.07281468178378318	0.2840322603925422	0.01001586403153998	0.01001547123634462	0.01001664564791747	0.01000693824435562	0.01001799418649993	0.01010647915815937	0.01010509033910189	0.01010467661392002	0.0100206971284681	0.01001223269020199	0.417925513780899	0.4607205203820241	0.385603351651726	0.5159801508672803	0.4540711334586833	0.106166112692833	0.01461409319762597	0.01001501602432587	0.01001163973475493	0.01000838721473472	0.01000602487245458	0.01001455856037161	0.01000850073705082	0.01000281178789596	0.01000728244741804	0.01000088000225083	0.01001223283149441	0.01000658315497279	0.01001027202698636	0.01008376838628027	0.01000414703873572	0.01672494559330596	0.3104346771717002	0.01000704571682656	0.01000569327996795	0.01000514082872203	-1.095673476972044	-1.013400396090006	7.311345263844875e-11	-1.775278967259336e-10
0.3527222442105795	-0.1162846339204752	0.007408828960488602	-0.1866286138945672	2.598674086167631	0.9289297166015295	0.008094580153883228	-0.1961563963942232	0.02369571946253174	0.2158898778917155	0.4011083914403817	0.0630280433239096	-0.159758298932067	-0.07902683678208883	-0.03368280168105442	0.01403871210151388	0.3292540082039199	0.3292540082038522	0.1561668194336081	0.1561668194336591	0.3248412624642165	-0.2549299583431464	-0.06682229533793128	-0.6066183457357418	0.1751418714869568	0.1869516535257116	0.3006090105752041	0.5441348645483467	0.7904298431299457	0.8230018805572302	0.05590988096706675	0.0174695801927802	1.68428713915325	1.549261552625769	-0.4896569314538344	-0.1770213215566468	0.6215899240919746	1.617817152879848	2.269154398085395	3.057220830260983	-0.1935813529587418	0.04050495254242431	2.074725334646391	-0.9864683992758182	-3.023775352209293	-0.8633855201784923	2.804612801535292	3.429543267246256	-0.2876112503855466	-2.509123755398865	-1.231966050567768	1.618631394011404	1.618631393865229	5.008223861520866	5.00822386071331	-4.695477568664496	2.164861851196124	0.9871822256923796	7.265648128712189	-3.549442754987855	-3.076482169071043	4.946845125243983	-0.5455441612641524	-2.956968965973146	-11.21670696175631	-2.173812822192638	-2.253877803773266	0.5574305603766309	2.566330080249694	-0.6553645162587456	-1.923940287230373	0.2730811965914006	0.7993349556306792	0.01003810393509802	0.01000997272669177	0.01463583309354106	0.1374248590189639	0.01000802755491054	0.01055388221342713	0.09189050629179987	0.01469790674378647	0.01002352043888493	0.01001708963176216	0.01000296892441645	0.0100030426435013	0.01005712900036272	0.01001243480751835	0.01000490006857569	0.01037854280107708	0.01018261819331351	0.01015741916425618	0.03614374624560662	0.04968375585792071	0.1046571530669442	0.03925385570613259	0.1640783183476853	0.09430965548446238	0.01709291647885108	0.1465385469356675	0.05098866678350394	0.09384529388214984	0.01209045780789704	0.01000658678648016	0.01002816344936635	0.01000158764355692	0.1444236994364424	0.3686521671473915	0.01000274968551941	0.01000962852071867	0.0100025008662859	0.01000738232300196	0.01011805022788202	0.01001282132511917	0.08677797017686804	0.2587844756268969	0.01537183171835885	0.01016835752974192	0.05962468419886162	0.01025456912625281	0.01800055170797847	0.08728812128551515	0.01131503683175806	0.01059483499725786	0.01002287775393972	0.01001501888007358	0.275541487016048	0.3073510735114066	0.3080007214155734	0.3464334365891186	0.2978150135810729	0.09688678911603792	0.01478797305850034	0.01005952420082666	0.01002504259286137	0.01112475595782946	0.01000711176400363	0.01005220492318165	0.01001908052447853	0.01001031460809048	0.01000746142571683	0.01000095611963009	0.01001525985609117	0.1038171549487992	0.02971120800768865	0.01004444957304267	0.01000464412306547	0.1491740273879372	0.2018657184909805	0.03566097230517808	0.05278356744799714	0.04221637729634999	9.406530301422577e-05	-0.01439011570620265	-0.005716494651383962	-0.1889609968845122	0.002681647430734091	0.05479719909048674	-0.0417943420815415	0.001602405832322046	0.1752268041681035	-0.1500916510893273	-0.1510435712942861	-0.02781213492426776	-0.05442271899520176	0.3132802777893428	0.7709919446808258	0.01001425842654257	0.01000571315978313	0.0160347775532565	0.1893775349478545	0.01000991550532333	0.01039559818991451	0.07359974527723145	0.01303384336772091	0.01002707878309115	0.0100059141487928	0.01000088893581263	0.01000039695647563	0.01004070333556198	0.01000893282575202	0.01000282500210263	0.01000672574387622	0.01001468418824822	0.01002223943524556	0.01003283749523239	0.01014952524437007	0.03171288620062216	0.06539752018515731	0.04946199546878367	0.05447769672581607	0.01149881376561499	0.1810254706097165	0.02167579654912591	0.01036044831817932	0.01150391957725578	0.01000811654084738	0.01004116598489595	0.01000013935550569	0.01642281594527801	0.3347752438363849	0.01000304888008059	0.01000213530281541	0.01000070007771531	0.01000157396582424	0.01000632185011771	0.01000442007148867	0.04142075173486759	0.1496744298267273	0.01001381979506683	0.01001597439833909	0.01001558981911366	0.01000827025649642	0.01003623420853075	0.03426389865676813	0.01096770426763472	0.01014293528163412	0.01001562548838123	0.01000916183942355	0.2935742750289383	0.3020475338460413	0.1984560387432442	0.5449222270784227	0.5039140654309897	0.2904094088006827	0.01873525303136236	0.01001584936055159	0.01001332533804076	0.01000904726476451	0.01000509142834493	0.01001354593489492	0.01000833842614555	0.01000369811619704	0.01000655997422299	0.01000087553760423	0.01001284439825359	0.01000717870732664	0.01001064643325645	0.01004335552178106	0.01000391827006225	0.1829762709422463	0.2457953469482285	0.1434467105704311	0.2368030397199683	0.1787656964859079	-0.9787278856995595	-3.351255358830779	-6.900364984236548e-11	-3.971982000275328e-10
0.3571870827448907	-0.1130060087321196	0.01469803495277094	-0.1766346972656052	2.612220827797764	0.9282332784128475	0.008261381285916582	-0.1866300265355803	0.01923326198207095	0.2031570820770875	0.3963848372953811	0.07571422502718574	-0.1449162989955221	-0.08123291528910841	-0.04497872446593222	0.008953794117957686	0.3374645699389697	0.337464569938917	0.1777276384340094	0.1777276384340985	0.3038059956418084	-0.2450948636698245	-0.06246493749670318	-0.5737300467055159	0.1587524015029238	0.1736360808162443	0.3223964363070278	0.5407115734600026	0.7776871592793539	0.7735368118997329	0.04640193705026141	0.00947198515069949	1.68694628267415	1.558326961238677	-0.4921965517662787	-0.1867495875106843	0.8571391947094641	1.627970333358754	2.166749644497056	3.013172707228947	-0.1177851367617195	0.03797883790360054	2.176670208888928	-0.9991657020440147	-2.63082027069631	-1.332378907847813	2.847694769174696	3.185813257422141	-0.7089104271218134	-2.53014779728272	-1.007028828659005	2.061824231682445	2.061824231680152	4.530069056529151	4.530069056530611	-4.72484590133269	2.234474165450644	0.974763045606114	7.450881405958543	-3.784045929354554	-2.886420367196089	4.81846040500927	-1.131753654015814	-2.754610451277701	-10.91731619423618	-2.078181375025492	-1.286942792604453	0.6321306084491805	1.294999863756064	-0.4554393431375963	-2.59663257968519	0.2835740056555813	0.7701713675114293	0.01002856437838629	0.01000848174248048	0.01515826254287888	0.1552183724754007	0.0100097185385426	0.01050571228441171	0.08402223896558222	0.01385150103782012	0.01002591985749343	0.01001339314762206	0.01000224919550965	0.01000208756122293	0.01004904604354685	0.01001038948471042	0.01000413396841503	0.01024156101850039	0.01012104654280559	0.01010854725493062	0.02689522705999757	0.03595890836706681	0.08179631338067266	0.05319079349123931	0.1264246551732519	0.07841259039993687	0.01499482125010146	0.1661653395818676	0.03903746802177433	0.06665131070835491	0.01184444505539379	0.01000784584997228	0.01003560400735913	0.01000105869981227	0.1046210663657132	0.3599436140623816	0.01000292513045701	0.01000676258569556	0.01000180442609072	0.01000514807449756	0.01007695609670663	0.01000981152067175	0.06644325464262048	0.2111530928872131	0.0134127969371807	0.01011231565013303	0.04266962861625778	0.01016410822693082	0.01510448092368134	0.07421570234585771	0.01136204958228035	0.01043618483665791	0.01001917654884544	0.01001223747686721	0.2630880013866342	0.284863902708868	0.2553628472636729	0.3973119070701585	0.355120593968005	0.1853782003983211	0.01705104262696034	0.01004359747558948	0.01002106604729501	0.01071442415272875	0.01000617767291325	0.01003775330727667	0.01001508872951743	0.01000805626654263	0.01000698253652754	0.01000092564899043	0.01001449344973933	0.07375580804255635	0.02266532513112845	0.01003584646857896	0.01000433012838696	0.1842721423224393	0.2043292499463082	0.0963394658751182	0.1511825172728671	0.1175083692063215	-0.004089766485672649	-0.01487065676856611	-0.007443385961060736	-0.1821963434776993	0.01044640758733487	0.05707487993115842	-0.03825152435922996	0.002132273592148108	0.173093683735889	-0.1549872624623882	-0.1542150337559532	-0.00825634324951967	-0.0900253326936552	0.3150322809585741	0.5492038805260023	0.01001054771023005	0.01000610245266168	0.0160932619211609	0.2047442431553411	0.01001482389805151	0.01044549506366915	0.06205177385068541	0.01184725796159362	0.01003240497209782	0.0100079928631016	0.01000111921687729	0.01000049486078709	0.01003068738884971	0.0100052118969423	0.01000281879587385	0.01000654688468823	0.0100161626294784	0.01002684407000107	0.0100262493912647	0.01009738359626276	0.03386776047842999	0.09154224645885181	0.02437718250879045	0.03663144125947258	0.01119917804372716	0.242275617800967	0.01186854813663092	0.01000516060310991	0.01135183114694562	0.01001154521188411	0.01005423203544993	0.01000016290884386	0.01014134115515788	0.3294477460104039	0.01000336929090227	0.01000162354010714	0.01000053894947351	0.0100011141919648	0.01000668715903121	0.01000484822757819	0.01002682168595225	0.01531659926091294	0.01001177555859493	0.01001647756033454	0.01001453399031201	0.01000960226864211	0.01005447423054842	0.05842131815537435	0.01183031819617176	0.01018119394935609	0.01001055384829609	0.01000609098864746	0.1692230362769807	0.1433745473100632	0.01130872583476461	0.5738643032895644	0.5537569974032899	0.4746527049085383	0.02285641286509732	0.01001668269677846	0.01001501094132774	0.01000970731479608	0.01000415798423201	0.01001253330941699	0.0100081761152316	0.01000458444451965	0.01000583750102421	0.01000087107296088	0.01001345596501175	0.01000777425968245	0.0100110208395278	0.0100029426572704	0.01000368950138752	0.3492275962911867	0.1811560167247777	0.2768863754240323	0.4636003861600263	0.3475262521430922	-0.8907024453616136	-8.408735951729403	-1.20990464057413e-11	7.693155634128914e-10
0.3616519212792019	-0.1087324076220483	0.02190473056261427	-0.1675622200862598	2.625611648429796	0.9278698686613432	0.008451812469793858	-0.1766637581119151	0.01476712458324045	0.1925622371004221	0.3885893950836959	0.08840713226218849	-0.1315669220430657	-0.08512528445187825	-0.05618155377846699	0.005318813358434754	0.3475990016505086	0.3475990016502764	0.1952039255980671	0.1952039255983147	0.282589119722018	-0.2350171421480491	-0.05807118715457685	-0.5392004949134106	0.1418066900953605	0.1612731421149929	0.3436910499886131	0.5336306536572649	0.765759696615237	0.7224162190492558	0.03769826369522018	0.006253738589078145	1.689918901486656	1.559029060964952	-0.4935402618722952	-0.2002437292030032	1.040745630179488	1.603846881477875	1.911664071132559	2.986035752727902	-0.04833980157209993	0.04804057499816773	2.299257374993391	-0.9977343457387856	-2.136072815362707	-2.154017023985665	2.840466461785283	2.833157159677764	-1.014786408732582	-2.491082233324524	-0.648952090351348	2.472745041539811	2.472745041612264	3.289854856764184	3.289854861021371	-4.773638959032819	2.289743169283032	1.003798319854696	7.759777558606601	-3.891485137374421	-2.691256059858847	4.730178412813468	-1.99832413071542	-2.593761867865211	-11.21482433178044	-1.811450678373449	-0.1848492226144995	0.6991858375349634	-0.6927840091162434	-0.1333259429013933	-3.370684961686639	0.2950865683919588	0.7262187565039466	0.01002191027363781	0.01000755757044781	0.02162457330511944	0.1742062467978627	0.01001118682708723	0.01051690083511937	0.07605046309370707	0.01313623731966964	0.01006778379298768	0.01001267977485765	0.01000190452289823	0.01000153709705956	0.01003984566313085	0.01000811312760851	0.01000359192362089	0.01015427967829566	0.01008192507021947	0.01007777193713959	0.02081161744943946	0.02676703853136795	0.06398799748948079	0.07447912811589139	0.0943561748024256	0.0627884213345765	0.01360556895380774	0.1889409707167996	0.03069044016001626	0.04748137169085416	0.01165066432183777	0.0100119620815275	0.01005113947148848	0.01000073494129624	0.07438120267401926	0.3490073231188743	0.01000319705758341	0.01000481574634385	0.01000131958226752	0.01000362589608745	0.01005103720913535	0.01000821743083484	0.04734372694243906	0.1560237669918049	0.01215787351447477	0.01007703871722241	0.03119362932999199	0.01010979365922927	0.0132432075956285	0.06813030394031268	0.01135800221129781	0.01032481090471371	0.01001725779579037	0.01001058093722973	0.2276438407321412	0.2395232863584488	0.1901639335555102	0.4434877862841626	0.3965721526929324	0.2547191746565811	0.03401894279134726	0.0100344845123357	0.01001953832870382	0.01045357785834533	0.01000535757112223	0.0100281663720727	0.01001251504215132	0.01000702205725262	0.01000626010388991	0.010000914767704	0.01001352662492497	0.05241489399996498	0.01806945532023757	0.01002392669702054	0.01000414236224517	0.2397281001345868	0.1855083384630197	0.1551560844656648	0.2361741611599154	0.1840081944184029	-0.007202940928130743	-0.01610886252570046	-0.005693764630802253	-0.1732991075061517	0.01574739476874146	0.05981629749095956	-0.03477694054841291	0.001144376516145451	0.1774322997031197	-0.1592478130013794	-0.142288992748286	-0.001179453598067878	-0.08476080239871882	0.3418923337084489	0.5585914114257124	0.01001070656892934	0.01000589408723759	0.04767980520785559	0.2352890667257742	0.01001266074506139	0.01061565157698659	0.05738196253827738	0.01196607758881168	0.01023246412752292	0.01001453556905988	0.01000149718927805	0.01000070030564557	0.01001857668749053	0.01000341377892078	0.01000254558836023	0.01000601548573493	0.01001511431999415	0.01002451184182298	0.01002399397333819	0.01007413216965781	0.0223458449356568	0.1388380223046589	0.02156998784025588	0.02638678476689961	0.01123378504555443	0.2492179043980959	0.01847190307809178	0.01000350045301871	0.01129264052702725	0.01002545806046244	0.01009797066063236	0.01000020682359972	0.0100898108265075	0.3002255192325837	0.01000391113458548	0.01000142445799224	0.01000046223721777	0.01000098793399302	0.01000747160972878	0.01000610647415417	0.01001824997900459	0.01266663427721822	0.01001073054366643	0.01001790818649442	0.01001216166213154	0.01002484300045263	0.01003591561707334	0.05353817841876998	0.01092693578641318	0.01009588300976656	0.01001705271373181	0.01000925894184357	0.08979054011037603	0.07669910714959953	0.01065849578140979	0.6183665875989149	0.506026374688893	0.4010999392123668	0.1006984673096259	0.01002112153467126	0.01001865711298823	0.01001146251283402	0.01000380101793084	0.0100113793446346	0.01000813472275352	0.01000587140503762	0.01000432934809512	0.0100009179525209	0.01001050592293233	0.01000774247743538	0.01001029053700833	0.01000445627237713	0.01000394322789157	0.4185263041554932	0.09559882063607902	0.296148120731383	0.4358269657227627	0.3323898704067305	-0.8251425620112083	-12.03775247757814	5.617822594045216e-11	2.015039844952869e-09
0.3661167598135129	-0.1038593947175104	0.02905217288419606	-0.159435144809376	2.638892874611592	0.9277718160101092	0.008696768753169855	-0.1659948840561086	0.01035669279384496	0.1838952040049129	0.3771995454840494	0.1011004886973099	-0.1192671672742398	-0.09011720479514533	-0.06724992912510921	0.002911410704294807	0.3594998934301206	0.359499893429758	0.2070292295062204	0.2070292295064546	0.2612280451691473	-0.2245592824478785	-0.05340842939578279	-0.5067296710130145	0.1232455269825299	0.1492489410590005	0.3647232101778233	0.5232402819911056	0.7544763122799492	0.680241556376193	0.03030780477286402	0.007551705964881349	1.693187536926839	1.554709817785777	-0.4932697548788686	-0.2161583634282014	1.125642523949992	1.601428207345575	1.743261924359017	2.964080477571013	0.00108013688838519	0.06240307057522574	2.491398468334718	-0.9742127713298436	-1.767267430096661	-2.942474209189778	2.847895996817366	2.715640567138683	-1.20144843669641	-2.46991995786452	-0.4571418551253386	2.853100335717302	2.853100335715367	1.998741846844465	1.998741846840162	-4.789438889182581	2.404755040010176	1.095263466513159	6.528685609465714	-4.50767864695104	-2.734684696915988	4.700895792571757	-2.614204780650172	-2.466099081243291	-6.910036013040793	-1.489934125630044	0.7360704882532824	0.7647296389251882	-0.9542832973937444	0.2676403331885703	-3.680879240574758	0.3103398518570578	0.6928924051002859	0.01001781399714949	0.01000690212269428	0.03704728907179302	0.1960235477138436	0.01001129161542372	0.01058770667888017	0.06907504959521649	0.01273135686881979	0.01016908102469475	0.01001469099541962	0.01000183122825722	0.01000127046504226	0.0100295516626717	0.01000601640130117	0.01000315081318703	0.01009954575903503	0.01005709285048846	0.01005766991476338	0.01690024277906981	0.02076546052393286	0.04778519064274731	0.1034419380827501	0.07029341522206456	0.04858563863137956	0.01274369756113014	0.2066778108828098	0.02761999621155053	0.03443527303159488	0.01150717709156984	0.01001975669399123	0.01007726206205663	0.01000054922727171	0.05287709713314154	0.3335319167455429	0.01000357042812278	0.01000352529865575	0.01000098800903587	0.0100026279621579	0.01003514235027547	0.01000769441891989	0.03434668338673355	0.1127813421050609	0.011368958590721	0.01005554000738601	0.02363466938425868	0.01008158367579953	0.01206328934268077	0.06238596215912508	0.01101650186304545	0.01022318778841498	0.01001849974598558	0.01001073608770159	0.1784719074698504	0.1860191709467689	0.1386299990822425	0.4880770613876367	0.4160491722371825	0.2819678733150703	0.07137889954186646	0.01003046042577873	0.01001995354272782	0.01029111716785675	0.01000471147743129	0.01002174576855837	0.01001089240145849	0.01000685932651831	0.01000524273897948	0.01000092553374994	0.01001181523810597	0.03776319919954795	0.0151353332355879	0.01001705577489386	0.01000412044002646	0.2956908993897184	0.1467277815668017	0.1981382553036188	0.2838724206959004	0.2224292197980685	-0.01031611537059098	-0.01734706828283506	-0.003944143300538289	-0.1644018715346042	0.02104838195014673	0.06255771505076259	-0.03130235673759547	0.0001564794401413582	0.1817709156703496	-0.1635083635403692	-0.1303629517406212	0.005897436053384358	-0.07949627210377719	0.3687523864583249	0.5679789423254238	0.01001086542762891	0.01000568572181363	0.07926634849455096	0.2658338902962086	0.01001049759207178	0.01078580809030405	0.0527121512258689	0.01208489721602827	0.01043252328294195	0.01002107827501724	0.01000187516170702	0.01000090575060547	0.01000646598613222	0.01000161566089278	0.01000227238084681	0.01000548408678907	0.01001406601051238	0.01002217961364536	0.01002173855541156	0.0100508807430533	0.01082392939288554	0.1861337981504671	0.01876279317172153	0.01614212827432789	0.01126839204738381	0.2561601909952252	0.02507525801955305	0.01000184030292478	0.01123344990710773	0.01003937090904203	0.01014170928581435	0.01000025073864807	0.01003828049785636	0.271003292454763	0.01000445297826818	0.01000122537586247	0.0100003855249235	0.010000861675998	0.01000825606043436	0.01000736472073219	0.01000967827205685	0.01001666929352204	0.01000968552873769	0.01001933881265539	0.01000978933395019	0.0100400837322681	0.01001735700361131	0.04865503868216683	0.01002355337665082	0.01001057207016761	0.0100235515791665	0.01001242689503798	0.01035804394376917	0.010023666989132	0.01000826572805244	0.6628688719082667	0.4582957519744998	0.3275471735161896	0.1785405217541558	0.01002556037256562	0.01002230328464875	0.01001321771087498	0.01000344405163483	0.01001022537986125	0.01000809333028798	0.01000715836555583	0.01000282119516837	0.01000096483208542	0.01000755588085245	0.01000771069518824	0.01000956023448969	0.01000596988746485	0.010004196954398	0.4878250120198014	0.01004162454736795	0.3154098660387598	0.4080535452854402	0.3172534886703457	-0.762287770248846	-13.38552378180859	1.748688057299651e-11	1.504332565026874e-09
0.3705815983478241	-0.09896949434302148	0.03618664734219999	-0.1517563207318914	2.652075532587001	0.9278425302249612	0.008997455422620357	-0.154127898429055	0.006176429852187775	0.1765020020844215	0.3628699653147776	0.1138385810611711	-0.106950824807309	-0.09556247343379219	-0.07816979690097917	0.0009306347474232412	0.3730864234161049	0.3730864234156213	0.213588749112518	0.2135887491125391	0.2398385156807906	-0.2135023454005051	-0.04823294908727885	-0.4826097970535281	0.1010778974654021	0.136202524834682	0.385617430711961	0.511865132185492	0.7437272951590095	0.6659210522154301	0.02438512187729332	0.01271199933424258	1.696693704978594	1.552757480911965	-0.4912484025276584	-0.2306898444388039	1.034019005517713	1.577581874565247	1.709408211110166	2.94075622038516	0.0289427345103787	0.06940946702710649	2.853534060860387	-0.8800686244200077	-1.566467152319388	-3.410441130892846	2.837875776568207	2.839027046630767	-1.203039684430981	-2.393387902575008	-0.4303016235179463	3.227319850679515	3.227319850580748	1.015840433146242	1.015840434616909	-4.800164438252834	2.536778326777628	1.219330537598089	4.549215923060607	-5.306494055824712	-3.127111386150141	4.636148734764994	-2.4393557520602	-2.351164208383539	-0.3434639974822474	-1.162928069302584	1.499964610903785	0.786252215189561	-0.1112437162968439	0.6150394353180868	-2.766733619120221	0.3200532472870747	0.6572823141518219	0.01001519104773654	0.01000635390376563	0.05401362527000204	0.2124771163525933	0.01001053848902298	0.01069347048131672	0.06431565349279257	0.01247458065788961	0.01334553368069971	0.01001700504416077	0.01000203502864435	0.01000123513136229	0.01002056545253738	0.01000435599573389	0.01000278003197453	0.01006471730606125	0.01004120848598344	0.01004434860494612	0.01437792868366024	0.0168627093253077	0.03485993271131967	0.1311392874022831	0.05312478882795926	0.04283430043856679	0.01239030112307916	0.2138943486616477	0.02726479664491873	0.02573326693635599	0.01137164151144642	0.01003904147313341	0.01013107220268483	0.01000045288093193	0.03806515066552788	0.3143644894324498	0.0100040948779303	0.01000265470596123	0.01000075813644249	0.01000196058195546	0.01002537772643939	0.01000781223813636	0.02567757180330652	0.08027300497500563	0.01086575703468718	0.01004231391401944	0.01869430441319359	0.01009416374751106	0.01130557941735967	0.05427832579413597	0.01334248304650448	0.01032805395403642	0.0100209572153874	0.01001145567705678	0.1296148185947546	0.1353554450264585	0.09934266700883325	0.5248844508769658	0.4219372284060615	0.2889145901657518	0.1173171778299525	0.01002983638855229	0.01002162647688247	0.01018874099851938	0.01000436045861346	0.01001725489295596	0.01000948682645658	0.01000691051796588	0.01000443427558151	0.0100009559458399	0.0100103514918832	0.02793159424238876	0.013249779793048	0.01001291201450864	0.01000430153136906	0.3235931612509991	0.108375007117294	0.2132934245198845	0.2936173953321036	0.2297999909008551	-0.009198744247500215	-0.01470745655053594	-0.004638565803752965	-0.1585211964419838	0.02363442655004579	0.06618848217299925	-0.02818674963193694	-0.003170912742225994	0.1838680584516407	-0.1570041437426082	-0.1705492221506539	-0.0002387687330210857	-0.07159090024503055	0.3317144925657741	0.4758862158494611	0.01001064086732377	0.01000519594592598	0.09174897889894228	0.2460191376273003	0.01000817216490039	0.01095000926542027	0.05667564085386063	0.01199186728101772	0.02609768175201217	0.01002078682727302	0.01000282508386176	0.01000141243366592	0.01000434414720577	0.01000147853599282	0.01000204594211356	0.01000584767778535	0.01001448560666032	0.01002142713142713	0.01002295907200241	0.01005575533756609	0.01058043253969235	0.1988300195586326	0.01951742616797978	0.04581873029170392	0.01224324653906561	0.2116315574874823	0.02800378363902174	0.01000169227408753	0.01105916974831999	0.01010026222759482	0.01029338978120026	0.0100003238521636	0.01003315503112594	0.2406446560865924	0.01000545015250461	0.01000113977200152	0.01000035386499941	0.0100008018549706	0.0100093331698453	0.01000858347263442	0.01000854253668783	0.01001513947378657	0.01000982645166984	0.01002038862501066	0.01000889460475821	0.01018200292927126	0.01001141685794671	0.0293362105783548	0.02373738177239739	0.01094295281560216	0.01002650671953298	0.01001289347045235	0.01019033126973303	0.01001894704746768	0.01000771040210383	0.647352051002124	0.4261746013728464	0.2924266171314537	0.2467474916098472	0.01003161609982206	0.01002636245508525	0.01001675746311596	0.01000404936009476	0.01000913274755812	0.01000623290475046	0.01000685426231921	0.01000327865751465	0.01000104479944656	0.01000814886697256	0.01000727469303938	0.01000898083606634	0.01000582412134047	0.010004971140078	0.3308412188670178	0.02796688977452999	0.1943700763360536	0.2413402456908843	0.1864924996204268	-0.7425252147860483	-12.94101445690544	-3.064287223978186e-11	8.386460296774015e-10
0.3750464368821353	-0.09490046471621209	0.04298910517282916	-0.1440547448495919	2.665150530984678	0.9280155021972765	0.009290869077528565	-0.1402531632664617	0.002660883474023987	0.169710789492794	0.3473342541840461	0.1262615405764507	-0.093579552015982	-0.1005501825699057	-0.08837040494851414	-0.0009325247918450401	0.3882688833419206	0.3882688833413933	0.2167815291709681	0.2167815291708226	0.2182901866269845	-0.2020081226255457	-0.04255354557917519	-0.4636640542052795	0.07689337258759818	0.1211665654562549	0.4059224328636707	0.5018315590450592	0.7334606337575975	0.6696851444154693	0.0199247619180455	0.02027180427426617	1.700033610005738	1.552010984216025	-0.4879810164412396	-0.2403135769154775	0.7579378508553178	1.452703121040584	1.753453570842447	2.915854961266719	0.04688593192088127	0.0591451590072109	3.390758969871942	-0.6764565301237774	-1.497609672172777	-3.482753792754198	2.706733901351433	3.188190974467584	-0.9964870255049424	-2.147731413521179	-0.4044563413883794	3.567988368455097	3.567988368454709	0.4906294728826638	0.4906294728825713	-4.860572307398505	2.600634777713666	1.320993122500301	4.210961735676942	-5.411135947876645	-3.625889505897169	4.436958660501744	-2.013252395041507	-2.250030451863573	1.190860437462445	-0.8348944895231801	1.810918919804202	0.6902530252318037	-0.4141336764970286	0.825794299775659	-1.482479672452985	0.3180999765031268	0.6095261359132115	0.01001346828853103	0.01000582755005283	0.06895121013802825	0.2186984358147902	0.01000919486768425	0.01082118294064329	0.06247728504368739	0.01227891592617087	0.02111143923416044	0.01001834116484125	0.01000251896040358	0.01000140331433934	0.01001415668726466	0.01000326758107714	0.01000246341508853	0.01004309813858805	0.01003144487017279	0.010035746575671	0.01278384527639237	0.01438108115730434	0.02619908580609365	0.1532725077080465	0.04170239642547074	0.04940655275813086	0.01253282143233368	0.2067975187536407	0.02809861131903824	0.02007251142456735	0.01122155980597864	0.01007394770143947	0.01022160740535815	0.01000042015867026	0.02816563348044393	0.2920763520267265	0.01000479664382065	0.01000207891740671	0.0100006026982753	0.01000152136030301	0.01001968331707936	0.0100083434611455	0.02003865629546015	0.05698487638761975	0.01055076767016423	0.01003444710940461	0.01553515263350634	0.01015529165105635	0.01082838263286341	0.04212815341264864	0.0198681524871401	0.01074322396682185	0.01002360161019901	0.01001208023206479	0.09265162035389947	0.09688505389374397	0.07053369191971816	0.5496687213051354	0.419039033758113	0.2850990476963403	0.166940409112928	0.01003172048162339	0.01002419568264706	0.01012609757684789	0.01000436855599646	0.01001403950668998	0.01000791009427582	0.01000682808177342	0.01000410114447809	0.01000100494293476	0.01000966014398573	0.02150338143214759	0.01206119628133123	0.01001026996184202	0.01000470534942133	0.3047595689797716	0.08592256900085	0.1902449788850064	0.2577866608982632	0.1991698577288913	-0.008081373124399332	-0.01206784481823308	-0.00533298830697492	-0.1526405213493634	0.02622047114994706	0.06981924929523491	-0.02507114252627894	-0.00649830492459242	0.1859652012329317	-0.1504999239448485	-0.210735492560685	-0.006374973519427746	-0.06368552838628802	0.2946765986732219	0.3837934893734967	0.01001041630701753	0.01000470617003776	0.1042316093033315	0.2262043849583909	0.01000584673773147	0.01111421044053024	0.06063913048185225	0.01189883734600608	0.04176284022108686	0.01002049537953341	0.01000377500601379	0.01000191911673183	0.01000222230828002	0.01000134141109243	0.01000181950337904	0.01000621126879609	0.01001490520281278	0.01002067464921066	0.01002417958859452	0.01006062993207937	0.01033693568649877	0.2115262409667978	0.02027205916423769	0.07549533230907882	0.01321810103074334	0.1671029239797396	0.03093230925848957	0.0100015442452376	0.01088488958953044	0.01016115354615369	0.01044507027658531	0.01000039696574961	0.01002802956439614	0.2102860197184237	0.01000644732674249	0.01000105416812545	0.01000032220503531	0.01000074203391848	0.01001041027926076	0.01000980222453411	0.01000740680132102	0.01001360965405263	0.01000996737460397	0.01002143843736691	0.01000799987556983	0.01032392212627481	0.01000547671227868	0.01001738247454154	0.03745121016814505	0.01187533356103598	0.01002946185989774	0.01001336004586716	0.01002261859570106	0.01001422710580867	0.01000715507615898	0.6318352300959792	0.3940534507711919	0.257306060746709	0.3149544614655378	0.0100376718270786	0.01003042162552173	0.01002029721536053	0.01000465466855193	0.01000804011525692	0.0100043724792122	0.01000655015908569	0.01000373611985861	0.01000112476680231	0.01000874185309229	0.01000683869089279	0.01000840143764618	0.010005678355213	0.01000574532575664	0.1738574257142314	0.0458921550016879	0.07333028663331324	0.07462694609630807	0.05573151057050894	-0.7261670875990042	-10.89514035557881	-9.152137735756241e-11	-1.840979729960544e-10
0.3795112754164464	-0.09220716106796488	0.04907866539346305	-0.1359258433392434	2.678110951098105	0.9282506064567844	0.00950742918745805	-0.1239478004380345	0.0001824836243023598	0.162867091427334	0.3321200017379348	0.1379643959005112	-0.0783612580457508	-0.104474918074776	-0.09725254564686965	-0.002798709581431504	0.4047637575015402	0.4047637575012159	0.2185640876401133	0.2185640876399632	0.1964322262892631	-0.1903111324173257	-0.03647681392202646	-0.4441969897496197	0.05299818275698432	0.1042113672970739	0.4251850946057922	0.4941807631906833	0.7236831498150692	0.674192631648366	0.01681494170817968	0.02856506848660269	1.702849586667574	1.548760731378054	-0.4838964331335788	-0.2434556835486012	0.4568093001592315	1.272550111071764	1.890472469202134	2.889815035406341	0.05754585893977424	0.03789046532656874	3.895656545852028	-0.4364264911059112	-1.577476152713442	-3.32230486764668	2.53073100650359	3.622555495579057	-0.7709547522424175	-1.830842798243172	-0.4326718768902317	3.804350346312998	3.804350346070388	0.3421989587004762	0.3421989559361614	-4.930647643172971	2.638734690936498	1.395575896266387	4.507046294996958	-5.305418272658446	-3.912529541347921	4.192629780929179	-1.462900914520833	-2.12094324529121	0.851755318156455	-0.5704666890309975	1.870656367224369	0.5878202538183411	-0.9817434571232252	1.005380132746521	0.01219360728847189	0.3059051773141359	0.5554796041574217	0.01001216088410346	0.01000533629482761	0.07256158036783107	0.2151418177136305	0.01000786127253045	0.01555813355330318	0.06082570715533	0.0121140238052656	0.02788251297732627	0.01002388501116002	0.01000329701278041	0.01000177726340945	0.01000972690574328	0.01000253862226388	0.01000219936799803	0.01002965987934863	0.01002499219296474	0.0100290529868058	0.01176594077747621	0.01279472437006765	0.02050965566164484	0.1692201006944837	0.03529490332117517	0.05876674100681002	0.01254454781592549	0.1923419764272087	0.02896008876577902	0.01639898027457447	0.01109916166150429	0.01009220177273654	0.01034250747675602	0.01000042481724242	0.02164026190541248	0.2700217678069756	0.01000555746138582	0.01000169542500898	0.01000049698376127	0.01000123035575066	0.01001629577642868	0.01000866744493347	0.01637940344628551	0.04084971143971831	0.01035062538247522	0.01002974519786119	0.01350336932608424	0.01019635537406303	0.01052330013325396	0.03083353575973826	0.03229127730702968	0.01121143460115961	0.01002926570654415	0.01001379306572455	0.06760371658413694	0.06878877107334808	0.05017227777343909	0.5601346464232447	0.4135843041653107	0.2865973232489201	0.2022775592232335	0.01363358841344784	0.01002707894508334	0.01008730218791162	0.01000450396328503	0.01001205509534564	0.01000675422986035	0.0100067026204076	0.01000396952201251	0.01000107080006916	0.0100098707244455	0.01731981132368661	0.0113020561984878	0.01001039263261838	0.01000523466649703	0.2609583512213456	0.07663177611258783	0.1551601055284982	0.2088652351212378	0.1582328912470242	-0.007368115050131207	-0.01204214191555153	-0.005316297557716735	-0.149778393314822	0.02907986473817026	0.07147452444289305	-0.02003132978849131	-0.005110422553678298	0.1863846018816344	-0.1520556085576323	-0.1823211016275322	-0.001973235346156875	-0.04207456343793559	0.2449444777164917	0.3259188589948981	0.0100095305600744	0.01000432663888949	0.0576146514706094	0.1866943342621117	0.01000538553299647	0.03473047488308851	0.05483785611363597	0.01177373027383385	0.03815790545995604	0.01004454358984317	0.01000535583725429	0.01000284419226151	0.01000221975420715	0.01000127040854246	0.01000169300272724	0.01000747642812153	0.01001331123396709	0.01001510210182488	0.01003071938512441	0.01008554548788837	0.01052850190763539	0.2048201355721866	0.0262105307201096	0.07791978825581392	0.01198740845085339	0.1429882284956611	0.03012798819779951	0.01000159068417825	0.01089627945876733	0.01008959713990508	0.01063803084641302	0.01000046421355951	0.01003569310882991	0.2004074328914044	0.01000719809776587	0.01000103839462038	0.01000031410550052	0.01000073317014377	0.01001068256407596	0.01000870002393872	0.01000744028449932	0.01001482660831469	0.01001176490730717	0.01002207428794478	0.01000757219584814	0.01021485370303037	0.0100047682094971	0.01001424779401995	0.06943624695811472	0.01212372744764552	0.01004716001013742	0.01001963884941363	0.02047131233917584	0.01006984739971723	0.01000852804607345	0.5668705730484418	0.3964664362620139	0.3217230780171612	0.2689890388174054	0.02835241887018259	0.0100333166330451	0.01002261768871923	0.01000480224574041	0.01000926970471582	0.01000517015169715	0.01000643683824117	0.01000375528973066	0.01000123300865474	0.01001153667903698	0.01000610700312891	0.01000806966596509	0.01001494422354006	0.01000647119807883	0.09193160304079522	0.067487536803365	0.06096132108883558	0.0711852226990804	0.05228321539041364	-0.7044371304377923	-8.695644965760494	-1.539451857850386e-10	-1.25012166867845e-09
0.3839761139507575	-0.09074722026162142	0.05432995968554079	-0.1271499598627719	2.690956723802484	0.9285214927899279	0.009629474806100899	-0.1056223209812809	-0.001260353044356641	0.1555397050915496	0.3177571803620606	0.1488176036299294	-0.06128671287542253	-0.10751830045949	-0.1047180610016267	-0.004806687141794527	0.4220936093328546	0.4220936093328154	0.2201439104304981	0.2201439104304955	0.1742605078340094	-0.1784471569471953	-0.0301403460102926	-0.4234368449270506	0.02940309093795161	0.08673408124027071	0.4433700550085462	0.488330578408969	0.7145998428162934	0.677500993868382	0.01472053697683549	0.03667838077372435	1.705431529910667	1.543780611540095	-0.4789898340292166	-0.2407654480797008	0.2054596632261802	1.077206435602478	2.043265665480213	2.86449928102104	0.06291431491456492	0.01680790403794506	4.295659195047086	-0.2125816098673107	-1.714275194602955	-3.10135982030548	2.326138876271426	4.019688585706564	-0.6016896558818864	-1.513161778182442	-0.4679717091296626	3.942012013872904	3.942012013872725	0.3998151620057052	0.3998151620056267	-5.00111851967144	2.675434853745288	1.437340543298476	4.790190106369021	-5.276708610573047	-3.859755933990878	3.954208269346938	-1.206678795463572	-1.939077714952301	0.6537187371631267	-0.3800446609038056	1.730310231150155	0.5854190349314641	-1.189018175262726	1.194011812633029	1.130085742450153	0.2840864835092871	0.499499128528787	0.01001101191399575	0.01000488706174049	0.05915056245374243	0.2016398853012172	0.01000685524164028	0.02715537571714905	0.05775070156808158	0.01196378713499278	0.03082261690734876	0.01003638056778365	0.01000437662628026	0.01000235819613563	0.01000695950752686	0.01000205674491057	0.01000198700785628	0.01002174131614837	0.01002036371337083	0.01002278081775367	0.01112950382707098	0.0118055898671296	0.01692816611876879	0.17833299216548	0.03323137660582433	0.06562042586777324	0.01209198779107809	0.1748814130097162	0.02921849040664243	0.01406407455293865	0.01102685693460857	0.01007673535621008	0.01049040721480778	0.0100004529773294	0.0174400032491547	0.2506804185008553	0.01000631468987765	0.01000145002978962	0.01000042792627864	0.01000104530084858	0.01001428223903277	0.01000845592595592	0.01405371101284311	0.03000771926011554	0.01022617873941908	0.01002704720575172	0.01222179123756215	0.01018106802527201	0.01033221577370705	0.02339963136852392	0.05129384476760943	0.01159694435951993	0.0100394477141909	0.01001722002584806	0.05363047692168647	0.04900382612716931	0.03624878177657763	0.5542829456533945	0.4099336624370225	0.303994952693924	0.213701349982307	0.02262898874385738	0.01002996715899792	0.01006393831060841	0.0100046440770427	0.01001127779898888	0.01000633206226948	0.01000658179270581	0.01000389459544207	0.01000115259335309	0.01001105165874193	0.01465404283225589	0.01082606358423478	0.01001394842033283	0.01000583799766027	0.20487174288162	0.0774353794104623	0.1252598782062437	0.1700464644527298	0.1263413422785768	-0.006654856975863194	-0.01201643901287042	-0.005299606808456106	-0.1469162652802814	0.0319392583263926	0.07312979959055164	-0.01499151705070237	-0.003722540182763696	0.1868040025303368	-0.1536112931704158	-0.1539067106943802	0.00242850282711454	-0.02046359848958188	0.1952123567597618	0.2680442286163002	0.01000864481313106	0.01000394710774081	0.0109976936378909	0.1471842835658328	0.01000492432826236	0.05834673932565069	0.04903658174542058	0.01164862320166112	0.03455297069882313	0.01006859180014556	0.01000693666850339	0.01000376926780444	0.01000221720013406	0.01000119940598786	0.01000156650207372	0.01000874158745744	0.01001171726512146	0.01000952955443805	0.01003725918165537	0.01011046104369757	0.01072006812877242	0.1981140301775761	0.03214900227598237	0.08034424420255046	0.01075671587096488	0.1188735330115824	0.02932366713711044	0.0100016371231075	0.01090766932800375	0.01001804073365069	0.01083099141623882	0.01000053146139381	0.01004335665326354	0.1905288460643839	0.0100079488687881	0.0100010226211043	0.01000030600593499	0.01000072430635124	0.01001095484889305	0.01000759782334481	0.01000747376767792	0.01001604356257582	0.01001356244001189	0.01002271013852294	0.01000714451612804	0.01010578527978619	0.010004059706724	0.01001111311349899	0.1014212837480844	0.01237212133425286	0.010064858160379	0.01002591765296302	0.03092000608265416	0.0101254676936246	0.01000990101598614	0.5019059160009042	0.3988794217528357	0.3861400952876546	0.2230236161692729	0.04666716591328423	0.01003621164056829	0.01002493816208064	0.01000494982293112	0.01001049929417487	0.01000596782418165	0.01000632351739665	0.01000377445960527	0.01000134125051057	0.01001433150498241	0.01000537531536605	0.01000773789428696	0.01002421009187161	0.01000719707040164	0.01000578036736279	0.08908291860504447	0.04859235554438832	0.06774349930191273	0.04883492021029777	-0.6844368540965637	-7.08079689075717	-4.407795279148134e-10	-2.69407997266568e-10
0.3884409524850687	-0.09025762642492952	0.05869501216104433	-0.1177714882288579	2.703695082484643	0.9288085490632713	0.009666397631555175	-0.08576996699543696	-0.001775835002224677	0.1476004399043959	0.304319247762063	0.1587016857393685	-0.04278400674597106	-0.1099511768959098	-0.1107960168501313	-0.006887819128072231	0.4398397280125542	0.4398397280125079	0.2220522306075554	0.2220522306077464	0.1517942450907181	-0.1664264684144603	-0.02364439718724958	-0.4014027000120786	0.005890422125400366	0.06984214929868315	0.4605264768232721	0.4830513829046502	0.706381137484558	0.6800064424053481	0.01335368996917545	0.04419380843491307	1.708105614987274	1.538766043411563	-0.4732161887681591	-0.2337088425449252	0.02188980120250492	0.8765591697853061	2.152707511398368	2.842070661670328	0.06507737436575906	0.0003065614444079375	4.582827311882056	-0.0212788162929249	-1.842544894315379	-2.923201823379707	2.096564112297441	4.24649233196891	-0.4946039712151202	-1.210101052279056	-0.4602560623640616	3.995600257508504	3.995600255886427	0.4588774011685315	0.4588774036643561	-5.058454304381092	2.709424330746558	1.47388005260908	5.076871943468294	-5.251026152218937	-3.713548147654651	3.735375743466416	-1.210127643106027	-1.747290866418483	0.4757964112733107	-0.2401630683106812	1.616377079924776	0.6070502415032335	-1.002274019963769	1.391514587160671	1.941097393324999	0.2565281429189804	0.4440518045207711	0.01000998218677283	0.01000448783823744	0.0425968102392231	0.1819880068181379	0.01000604767668239	0.04319570537672968	0.05587426038021891	0.01187328198616617	0.03109118026965336	0.01045718019278542	0.01000709678817353	0.01000309985670714	0.01000520491576607	0.01000173727391782	0.01000181933468554	0.0100165530594656	0.01001660843756054	0.01001754895714991	0.01072889997398239	0.01119906574995489	0.01482195365305448	0.1827877975467492	0.03499375645572608	0.07093513267986909	0.01162188512523047	0.1606701457896592	0.02986095749214217	0.01256708846117604	0.01096677142406915	0.01005352951733171	0.01060313994160928	0.01000049368741749	0.01473775440296176	0.2344232787682705	0.01000764825733868	0.01000129335615048	0.01000038290494492	0.01000092787484872	0.01001318043082011	0.0100081277145153	0.01256277314176857	0.02283576020098897	0.01014838174954535	0.01002552795667446	0.0114030110768192	0.01014843512017941	0.01021044203977985	0.01854290796145433	0.06269035858676381	0.01175976710180149	0.01004677860347009	0.01002052817250402	0.04398802704607064	0.03547525882539256	0.02693176049396632	0.5379170424844721	0.4022976789802258	0.3318355561408547	0.2110846015136411	0.04463653250088539	0.01003305687758331	0.01004982710762323	0.01000476839609221	0.01001225602168835	0.01000703306826009	0.01000652503700579	0.01000384609804854	0.01000125201777191	0.01001437992312798	0.012942589774002	0.01052279561940701	0.01002183735090747	0.01000650102801673	0.1499911134998025	0.07705226291774285	0.1041845955112247	0.1402583800404963	0.1020644679941341	-0.004872739202118794	-0.009212373250229429	-0.005990716232642948	-0.1420611106089035	0.03802587467172225	0.07677882663714303	-0.01638290715144704	-0.004549668922452248	0.1848152818243147	-0.1530740092925767	-0.1520719480734585	0.006749603392001314	-0.01203144885070932	0.1592421579716595	0.2309655503415299	0.01000787893445651	0.01000369254713319	0.01060485923664059	0.1164719804804342	0.01000446372428678	0.08506910494982256	0.05505762438809948	0.01178097859691399	0.0289317899212974	0.01214313077287157	0.01001591185555022	0.01000487371416178	0.01000224502619053	0.01000119316231922	0.01000150801525071	0.01000689528864773	0.01000894751881567	0.01000793962879083	0.01005718864027004	0.01021489825810611	0.01158988175276218	0.1903265151927041	0.04357874622798512	0.08264928869376423	0.01087633987550995	0.1311857740971483	0.03251850917394613	0.01000195240341813	0.01082657535911361	0.01001081925744529	0.01076233503259747	0.01000059016566379	0.01008335976578205	0.1875760548018376	0.01001163454741034	0.01000103268328355	0.01000030721654123	0.01000073301311476	0.01001162986234876	0.01000754875639778	0.01000831247079931	0.01001695148381307	0.010019002191795	0.01002316748896792	0.01000673466370722	0.01008191444763973	0.01000372382695353	0.01000934236822233	0.06954243128809233	0.01174118593418735	0.01005421509770298	0.01002632740049177	0.02090217528639052	0.01010199420608094	0.01001123782138534	0.4562202703328094	0.3565431431941834	0.4441513650146293	0.1867723336807947	0.1184530076084717	0.01004011634092169	0.01002676339723081	0.01000500343982847	0.01001692544082953	0.0100102088291258	0.01000652128351709	0.01000375381863757	0.01000148999590194	0.01002503707318343	0.01000485756060953	0.01000760156140582	0.01004490946156932	0.01000799925613805	0.0100044311283329	0.06472136370208963	0.06421770253212346	0.06758013916311764	0.04652879571355631	-0.6660238654621804	-5.849831885891056	-7.626780159355683e-10	1.031108387753786e-09
0.3929057910193798	-0.09047996985253265	0.06214363866057773	-0.1079721787626436	2.716339889076651	0.9290973115681924	0.009637347434967043	-0.06482655027685272	-0.00147673844875855	0.1390821788486077	0.2916082741793524	0.167496228442153	-0.02356340797367869	-0.1119929951996454	-0.1155299077235005	-0.008880867431757436	0.4576688679158314	0.4576688679158381	0.2242761038866528	0.2242761038867205	0.1291264607571371	-0.1542505713849823	-0.01696660830430585	-0.3781289191158232	-0.01744547585403729	0.05351386242371843	0.4767655690246814	0.4770600117826811	0.6989538364184507	0.6818141161316393	0.01250509070491665	0.05093523319832026	1.71080431759466	1.535321369269009	-0.4665707246703018	-0.2242338208662182	-0.1134487409162848	0.6666984352182932	2.231777682088828	2.822593130695181	0.06367861074720853	-0.01274434946829689	4.784394788022837	0.152304373445175	-1.973633225591191	-2.775722463402107	1.838085660462416	4.341264673611517	-0.4265173006647808	-0.9110952339694887	-0.4285151391513979	3.979200921495584	3.979200921495826	0.5411654941936901	0.5411654941937523	-5.091388955990905	2.744959647412835	1.518794806543193	5.345478249474795	-5.197525081260617	-3.607274330586218	3.54329549024709	-1.5256940092747	-1.584572545986137	0.341154458009228	-0.1478984676886519	1.38359997665043	0.5964463184903341	-0.485792755296119	1.584538258496249	2.213402090072698	0.225953244408874	0.3911049625255982	0.01000905123441622	0.01000414289817241	0.03130499641394919	0.1586405510310859	0.01000537033564633	0.06244537645637359	0.05670376744609736	0.01186634438275806	0.02923505206807593	0.01149711426919564	0.0100121658165608	0.01000397776247158	0.01000411963514851	0.01000153543513265	0.01000169266558291	0.01001261952972991	0.01001322342237744	0.01001368487783698	0.01048567753266388	0.01085820264060818	0.01381488132488352	0.1837386665539971	0.040182068513678	0.07519921951938667	0.0113720864115607	0.1539961273943768	0.03142167662097015	0.01162549295390156	0.01089882944511362	0.0100363249404356	0.01064783403744609	0.01000054115522701	0.01304281771285772	0.2214795403246357	0.0100098649400762	0.01000119929953007	0.01000035524591064	0.01000085781521689	0.01001274584448905	0.01000790431122036	0.01162519866816342	0.0182029198967092	0.01010181660777607	0.01002475097477234	0.01088945763447925	0.01011908872280947	0.01013421718425873	0.01543810431579356	0.05912339606892687	0.01162551617911136	0.01004736107971782	0.01002274806999113	0.03403549991911867	0.02647577875161754	0.02085462649983996	0.5150532627901424	0.3864983170050444	0.3663903073933883	0.1991354985773385	0.08257401907506812	0.01003645282800663	0.01004169833881589	0.01000486610924289	0.01001527999307685	0.010009063365538	0.01000656387977471	0.01000380804466187	0.01000136997416345	0.01002047803102975	0.01186465728640631	0.01033305826741405	0.01003453550730911	0.01000721622962642	0.1078386552124483	0.06865594803403334	0.09418765938115055	0.1183081349175717	0.08398423971945067	-0.003090621428379453	-0.006408307487590934	-0.006681825656830238	-0.1372059559375247	0.044112491017051	0.0804278536837341	-0.01777429725219401	-0.005376797662142893	0.182826561118293	-0.1525367254147365	-0.1502371854525366	0.0110707039568883	-0.003599299211835981	0.1232719591835576	0.1938868720667601	0.01000711305578325	0.01000343798652652	0.01021202483538255	0.08575967739503597	0.0100040031203144	0.1117914705739946	0.0610786670307777	0.01191333399216538	0.0233106091437729	0.01421766974560319	0.01002488704259174	0.01000597816051833	0.0100022728522468	0.01000118691864901	0.01000144952842956	0.01000504898984081	0.01000617777251122	0.01000634970314487	0.01007711809888511	0.01031933547251417	0.01245969537675059	0.1825390002078327	0.05500849017998774	0.0849543331849775	0.01099596388005175	0.1434980151827135	0.03571335121078182	0.01000226768372368	0.01074548139021678	0.01000359778124892	0.01069367864895391	0.01000064886992884	0.0101233628782997	0.1846232635392923	0.01001532022603231	0.01000104274545695	0.01000030842713144	0.01000074171986888	0.01001230487580336	0.0100074996894486	0.01000915117392163	0.01001785940504916	0.01002444194357895	0.01002362483941199	0.01000632481129082	0.01005804361549331	0.01000338794719133	0.01000757162294533	0.0376635788281021	0.01111025053412476	0.01004357203502249	0.01002673714801392	0.01088434449012638	0.01007852071853554	0.01001257462678307	0.4105346246647148	0.3142068646355316	0.5021626347415931	0.1505210511923165	0.190238849303664	0.01004402104127624	0.01002858863238152	0.01000505705672645	0.01002335158748216	0.01001444983406533	0.01000671904964106	0.01000373317767072	0.01000163874129814	0.01003574264138405	0.01000433980585679	0.0100074652285296	0.01006560883125056	0.01000880144187549	0.01000308188930807	0.04035980879913149	0.07984304951986931	0.06741677902433132	0.04422267121689112	-0.6488638651563131	-4.996759752250988	-3.462935803124788e-10	5.052165063295553e-10
0.3973706295536908	-0.09121147716389036	0.06463985307830165	-0.09788054532486633	2.728905495935047	0.9293718657461993	0.009556521959615198	-0.04315403936355303	-0.0004415119729677606	0.1299563943486687	0.2794613749141214	0.175095019430232	-0.004241354569464873	-0.1137998149172423	-0.1189368833002946	-0.01069323313828629	0.4752835597869579	0.4752835597869885	0.2267918049535426	0.2267918049535441	0.1063725340146486	-0.1419109455392485	-0.01005766616989944	-0.3537700670374512	-0.04050209086443951	0.03761059652572406	0.4922208920949068	0.4693896398168557	0.6921514075076125	0.6833029154057731	0.01197865773829595	0.05650514981423453	1.713260627822366	1.534295018850169	-0.4590920553366553	-0.2142666341043935	-0.208979377133836	0.4551254471235788	2.285280994615095	2.806736729760426	0.05870381957990524	-0.02310957545895568	4.914725018042627	0.3038191796867072	-2.1185748703753	-2.671957096324715	1.56826979107755	4.298504436460997	-0.3860093266426886	-0.6206463667046129	-0.3814623042042327	3.904293789183308	3.904293789836527	0.5807169178615053	0.5807169167438794	-5.116373141653646	2.779917813280659	1.572356554812491	5.553246339015044	-5.129990794071539	-3.515103796545285	3.382722836793213	-1.94479026343891	-1.415545148272814	0.3558050744422029	-0.09129153743593048	1.076958035361859	0.4986370878222214	-0.06192324935902572	1.760609260835706	2.173210450846046	0.194603152864594	0.3419009817583469	0.01000820317710738	0.01000383390659478	0.02375885894071738	0.1339884366957191	0.01000478808134202	0.08253089094432298	0.05737687711748409	0.01190997302163647	0.02678182457686882	0.012608362485178	0.01056639897426985	0.01023545920377021	0.01000344710178826	0.0100014055921621	0.01000159127376415	0.01000979637202477	0.01001066837794084	0.01001100728988771	0.01035040537729153	0.01075851548020497	0.01488602692364764	0.182800968258899	0.04722032509512555	0.0784055768130559	0.0114488847240641	0.15452575168444	0.0339398018771554	0.01102486405094766	0.01099035479004925	0.01002413812494805	0.01060995671204993	0.01000059692002423	0.01204099660598962	0.2107995974474862	0.01001264053830522	0.01000114296644451	0.01000033838109323	0.01000081620473028	0.01001286951988227	0.01000765991921343	0.01102763243694241	0.01520742195718723	0.01007571519135082	0.01002461858541169	0.01056217578999246	0.01009678760807631	0.01008569679193868	0.01344150243736348	0.0494743701235737	0.01136975946758466	0.01004304887145339	0.01002264371174515	0.02581351793393072	0.02055218073663599	0.01690466046749516	0.4892106138710562	0.366125493776246	0.3961237855628365	0.1846763583163508	0.1201083993785316	0.0100400489119226	0.01003767563036932	0.01000498021955292	0.01001946637642129	0.01001164190217749	0.01000673531250736	0.01000380980639393	0.01000147604309495	0.01002672438796951	0.01117647183407431	0.01021234685027946	0.01004056408824023	0.0100079702389091	0.07667493674868503	0.05645916236364468	0.09044358992104977	0.1039316894423128	0.07122898121027466	-0.001071101740589301	-0.005384224863306863	-0.007856474107250927	-0.133361266777808	0.04792509600369456	0.08350061228712945	-0.02155769402243002	-0.01008044076104274	0.1701578661998213	-0.1505657436028574	-0.1525956254933707	0.05335879002972177	-0.01781558973373784	0.09936416079138105	0.1717467333180359	0.01000646271230895	0.01000319876565399	0.01023679912805183	0.06533916956084003	0.01000362444251279	0.1330557991809354	0.05654544602507072	0.01204603754645935	0.02156244793246127	0.01475553014925407	0.01281341505309171	0.0111765336521494	0.01000233820994955	0.01000118451937452	0.01000139327330787	0.01000497989048661	0.01000648100727122	0.01000657691120966	0.01015935623627991	0.01082697145663936	0.0204907583402744	0.1784869280349951	0.06520545994281429	0.08495890139922979	0.01209456918749748	0.1669097783276299	0.04099864458479067	0.0100025316110351	0.01149897279095792	0.01000338875748605	0.01041499467251556	0.01000072888047003	0.01050963551769648	0.1798247738432863	0.01001912740074134	0.0100010518122702	0.01000031106013967	0.01000074923432977	0.01001376197745745	0.01000702232370137	0.01001147337186431	0.01001568278970837	0.01003766105113135	0.01002507176411481	0.01000601531813665	0.01005980959177142	0.01000348268139477	0.01000710322724233	0.02472592746331857	0.01077898563052525	0.01002883309894081	0.01001870043332842	0.01102608184661373	0.01004499566829786	0.01001056125718229	0.3845017535202847	0.2867153796763303	0.4825472756028127	0.1442923171745528	0.2099239022596528	0.01004800023096129	0.01003285875409431	0.0100052756387264	0.01002938783913652	0.0100173877242963	0.01000729528328726	0.01000388250795911	0.01000167019843879	0.01003869100377259	0.0100040844312151	0.01000768932602177	0.01003770189964177	0.01000963997466878	0.01000295548403113	0.0251992722829501	0.08485199198082463	0.07601832383384993	0.04567357635292186	-0.6313347360847162	-4.432990385693643	2.129843244029539e-10	-3.741737492452123e-10
0.401835468088002	-0.09229923818517231	0.0662404320647025	-0.0875960169360341	2.741408812116935	0.9296161361259394	0.009434124056614163	-0.02101967784766979	0.00116839651856066	0.1201250297185126	0.2676901387118974	0.1815228650466413	0.01468298096380147	-0.115468254308837	-0.1211221358413978	-0.01227057192582192	0.4924712442474888	0.4924712442475888	0.2294169607964741	0.2294169607963243	0.08330258962194081	-0.1294499335679501	-0.002958757061535532	-0.3286535378416734	-0.06324956013261428	0.02213764854639531	0.5069980067679409	0.4593848485558979	0.686733105403433	0.685259764080185	0.01165972901276949	0.06024443964875653	1.715210486028373	1.533982889897422	-0.4508926429496227	-0.2055254670625218	-0.2730306305402157	0.2655034739293612	2.318183866995903	2.794690362872952	0.05011314799056278	-0.03136648356443881	4.99127823452864	0.4097299937108371	-2.289693985288053	-2.607446262504989	1.31356709936265	4.163109070386278	-0.3645305837274234	-0.3638311304708087	-0.323236080964717	3.787925274573458	3.787925274573379	0.5901951248438019	0.5901951248437549	-5.232947331212856	2.799333923243764	1.603889485214276	5.684875486319688	-5.059044998965716	-3.414515793246816	3.239495763119695	-2.571384387673883	-0.9645604376480621	0.5508148857402926	-0.05494804894358132	0.5635808009228499	0.3695839123197229	-0.1658611663229703	1.907391171618856	1.664213315210954	0.1641854404614937	0.297502882076855	0.01000742946693635	0.01000355113661243	0.01888373943325094	0.1097616380859551	0.01000428229405549	0.1023454928595736	0.05626266246930026	0.01198671714280264	0.02457356912939473	0.01350316277967849	0.01195633825095892	0.01081896853631808	0.01000305164998715	0.01000132361427116	0.01000150683760864	0.01000800722603168	0.01000918649747762	0.0100094204080967	0.01029671133721091	0.01088645351877581	0.01852943282572308	0.1809753069589325	0.05526074222363303	0.08053913209136151	0.01190793219571543	0.1617655312085095	0.03743195484822437	0.01064874762234985	0.01133039354196727	0.01001644864647632	0.01048176387925796	0.01000066179568962	0.01155649756776735	0.2016177034616209	0.01001580358115424	0.01000111119418708	0.01000032883783706	0.01000079304077912	0.0100134938524478	0.010007328021358	0.01065420841369797	0.0133087019730723	0.01006437348408908	0.01002507917112497	0.01035733048150561	0.01008352010161313	0.01005542247767842	0.01218230781239386	0.03849198057731787	0.01108556815369871	0.01003482212211482	0.01001956129613704	0.02052311922291247	0.01673478741999284	0.01438999346673494	0.4630031711288354	0.3437400665049908	0.4137528502674208	0.1723160540999751	0.1502250260825135	0.01004378873841814	0.01003676625608251	0.01000513347857479	0.01002434799872074	0.01001435557721423	0.01000705887424527	0.01000386692486209	0.01000155413471933	0.01003173253519392	0.01074513572840964	0.01013699591458914	0.01003385193381457	0.01000875599090491	0.05445878105998877	0.04295490227418594	0.08951605843976999	0.09658032520345332	0.0629898867589584	0.0009484179472011086	-0.004360142239020306	-0.009031122557670723	-0.129516577618092	0.05173770099033759	0.08657337089052362	-0.02534109079266318	-0.01478408385993944	0.157489171281351	-0.1485947617909781	-0.1549540655342039	0.09564687610255491	-0.03203188025564113	0.07545636239920393	0.149606594569311	0.01000581236883474	0.01000295954478166	0.0102615734207187	0.04491866172664368	0.010003245764714	0.1543201277878769	0.05201222501936378	0.01217874110075251	0.01981428672114902	0.01529339055290183	0.01560194306360087	0.01234708914378222	0.01000240356765352	0.0100011821201015	0.01000133701818691	0.01000491079113852	0.01000678424203275	0.01000680411927592	0.01024159437367478	0.01133460744076336	0.02852182130379948	0.1744348558621577	0.07540242970564037	0.08496346961348286	0.01319317449494277	0.1903215414725465	0.04628393795879891	0.01000279553833413	0.01225246419170246	0.01000317973372672	0.01013631069607617	0.01000080889101745	0.01089590815709182	0.1750262841472794	0.01002293457544958	0.01000106087907856	0.01000031369313473	0.0100007567487834	0.01001521907911148	0.01000654495795561	0.01001379556980881	0.01001350617437079	0.01005088015868415	0.0100265186888176	0.01000570582499007	0.01006157556804895	0.0100035774156088	0.0100066348315403	0.01178827609853362	0.01044772072691953	0.0100140941628661	0.01001066371865433	0.01116781920309029	0.01001147061806634	0.01000854788758407	0.3584688823758544	0.2592238947171283	0.4629319164640519	0.1380635831567891	0.22960895521564	0.01005197942064569	0.01003712887580689	0.01000549422072676	0.0100354240907959	0.01002032561453554	0.01000787151693214	0.01000403183824782	0.01000170165557568	0.0100416393661607	0.01000382905658042	0.01000791342352123	0.01000979496806514	0.01001047850746183	0.01000282907874179	0.01003873576677983	0.08986093444177368	0.08461986864335531	0.04712448148895197	-0.6144221079241522	-4.120329227499647	2.388383949832402e-10	-8.880148415320523e-10
0.4063003066223132	-0.09361326596358062	0.06706727634676514	-0.07720805987108285	2.753867453301448	0.9298140429708593	0.00927876266638657	0.001357531914787379	0.00312547546300732	0.109466669723084	0.2561032417841955	0.1868821537086228	0.0328172202136508	-0.1170713059162168	-0.1222604515342763	-0.01356743818619535	0.5090709363770223	0.5090709363770224	0.2319157258378298	0.2319157258376942	0.05943637495216764	-0.1169484516586262	0.00421351951507204	-0.3031097413507248	-0.0856474677827091	0.007000261759688363	0.5211428409672486	0.4463650332765856	0.6841546383146011	0.6884462852799844	0.0114743771151267	0.0613758864591948	1.71676034987346	1.532749457529028	-0.4421238585370967	-0.1996621104203548	-0.3141594570129533	0.1110886280736854	2.334051395202932	2.786576259469684	0.03787378272624368	-0.03792302802830552	5.029789231040446	0.4581609632901804	-2.488063593523594	-2.585475711038076	1.093134071775036	3.953713683940946	-0.3527238371200918	-0.1546591638505736	-0.2613325430877529	3.646700551833288	3.64670055204316	0.5251218098079575	0.5251218070036491	-5.445790899340817	2.804715134560528	1.615743470991467	5.726653510150656	-4.974189479151668	-3.390440998246934	3.093426150045115	-3.276861823552402	-0.2230578506583828	0.9554157212635226	-0.02737269046793603	-0.09036444100940773	0.3197079114042153	-0.3096637123223843	2.013694691171267	0.9242307502031402	0.1361438968311781	0.2582656267666092	0.01000676440500966	0.01000330333547061	0.01573867970157922	0.08784315689641269	0.01000386160164314	0.1212476938593593	0.05395454321649042	0.01202742821216469	0.02307875862203887	0.01418333319626259	0.01369024926944833	0.01262180258752457	0.01000282382663284	0.01000127398174123	0.01000143924212023	0.01000684638261999	0.01000828457889567	0.0100084736011533	0.01028332279082126	0.0110866899523533	0.02324112471917938	0.1794339009079427	0.06185060595852858	0.08077159460924299	0.01269343855646977	0.1703727107380715	0.04040772944044546	0.01040935754406007	0.0148642523084952	0.01001148380462089	0.01034131679716864	0.01000073720934192	0.0113546987903517	0.1946762355149192	0.01001849068387974	0.0100010967780387	0.01000032431107538	0.01000078266405502	0.01001405902337572	0.01000670757340973	0.01041768697155513	0.01209280540006323	0.01006071694475989	0.01002555322890034	0.01022693289731069	0.01007599853406862	0.01003647127422117	0.01137838118223081	0.02888093688769027	0.01080632403475005	0.01002735497636937	0.01001626979505693	0.01710586532741476	0.01426936663619682	0.01277607446452937	0.4399340711899232	0.3231867092116556	0.4162347793691608	0.1631433305978038	0.1736939321634298	0.01006964996500925	0.01003718026437528	0.01000524547771163	0.01002899989312025	0.01001624935619979	0.01000776122161269	0.01000393275605116	0.01000163475638051	0.01003670714360914	0.01047037119154441	0.01008922716759437	0.0100251351085489	0.01000951556650173	0.03912672601816462	0.03139911725031665	0.0889770158258148	0.09233102991984807	0.05748859558141726	0.002515342766189377	-0.001437910602658186	-0.01042374325253029	-0.1292605245761033	0.05422627862889745	0.09056531686015855	-0.009947998751229493	-0.01394076014162441	0.1396219382228283	-0.147820612479907	-0.1633228840741962	0.1596233102817917	-0.0241198561680477	0.06223819291992993	0.1365619587767787	0.01000548507393359	0.01000281719562393	0.01029318448632958	0.03631152703196956	0.01000306384449771	0.1707778261873054	0.04723812962460731	0.01202507791583006	0.02097740513198108	0.01540027194055308	0.01758428772834903	0.01864701217429648	0.01000246801768479	0.01000119677626453	0.01000131411291731	0.0100048518340046	0.01000673205101692	0.01000692708225004	0.01027733640562819	0.01150849172996759	0.03413422135623363	0.1765329341556134	0.07404653213852634	0.07791859067561617	0.01477706657560327	0.1926782101398674	0.04557111985033514	0.010003045813136	0.02854719468168855	0.01000297468861371	0.0100735600149178	0.01000091425241186	0.01111245768293516	0.1779508669923217	0.01002313769279354	0.01000108253053565	0.01000031927879487	0.01000077245163202	0.0100148383612746	0.01000487265984248	0.01001816400791418	0.01001339937665036	0.01005772471077785	0.0100262125596796	0.01000574093684734	0.01006472546059225	0.0100050271797034	0.01000875923015983	0.01090544032017738	0.01022934645592555	0.01001523494210634	0.01001071599588542	0.01112434565371418	0.01001623735705506	0.01000744080935143	0.3619766360291707	0.2589050241229707	0.3887025201923617	0.1424848680524096	0.2318166401069522	0.010167731360863	0.01003854587083866	0.01000538312810427	0.0100381636950154	0.01001869080224248	0.01000990181195914	0.01000405516110093	0.01000183201360611	0.01004822239535805	0.01000370260711664	0.01000853028959862	0.01001086257823456	0.01001108704415878	0.01000244638677329	0.01007048530413194	0.08603318700168169	0.08203998957242706	0.04630635241920997	-0.5994656977214237	-3.901288776218037	1.402269042653173e-10	-1.316561129051701e-09
0.4107651451566243	-0.09509188795577614	0.06728788801821541	-0.06676256039535851	2.766296382151207	0.9299484038465061	0.009098195760403015	0.02387077415608951	0.005181295368255328	0.09787703175339013	0.2445791481375343	0.1913381119001324	0.04993201624140643	-0.118610607476827	-0.1225798795791332	-0.01463672794146473	0.5250251414143351	0.5250251414142686	0.2340704891254746	0.234070489125409	0.03478061109349944	-0.1043683115489954	0.01153048621591931	-0.2777902842199705	-0.1076693793354742	-0.008354412987553256	0.5345929137184366	0.4299798437691517	0.6844500868822484	0.6944953768438967	0.01142160920891501	0.05913739330501507	1.718021072416884	1.531905139415896	-0.4329721075442238	-0.1976118408544801	-0.346759698642593	-0.006055097376990712	2.343959601389893	2.781380885639144	0.02164807820575807	-0.04265714915233202	5.052213227398187	0.4539604537252168	-2.706854848398495	-2.5793138900007	0.9089251536672154	3.706455021214321	-0.3359740923538684	0.002985089878943	-0.2212943575970705	3.498782826502003	3.498782826501924	0.4361013899088103	0.4361013899088274	-5.58662152112823	2.834568446152909	1.668702666086256	5.584383861702457	-4.890619624888585	-3.511848723604968	2.928281173094857	-4.078885342844829	0.3227942480777716	1.833087731961712	0.004442192302490504	-0.9459654978355195	0.2400646303793258	0.008440442525944154	2.078938955670644	-0.04383838719314483	0.1115539513387971	0.2244672135053364	0.01000622617436286	0.01000309513868996	0.01375576317558115	0.06954922569260971	0.01000353057575179	0.1388897598424446	0.05078297916483379	0.01199540390029763	0.02255206976494838	0.01464928532122527	0.01551032862334146	0.01608954775070298	0.01000270575180669	0.01000124849041492	0.01000138842979604	0.01000609926778968	0.01000770176242371	0.01000792853947587	0.01028836439797689	0.01127695863445892	0.02823623239483838	0.178929338311116	0.06567506502844167	0.07860303841922682	0.01377536185250477	0.1770891743052365	0.04206565353088993	0.01025976688117822	0.02306518565528923	0.01000830613810592	0.01022998199287942	0.01000082391603583	0.01130947011555143	0.1904515844904286	0.01002024522421951	0.01000109590812421	0.01000032358178811	0.01000078208143971	0.01001426898522499	0.01000569224253215	0.01027143372501306	0.01132889483978376	0.01006100236007715	0.01002573428934092	0.010145454247057	0.01007248321165322	0.01002517871537994	0.01087512653455317	0.02227370443038849	0.01054975563881292	0.01002311966782648	0.01001423373031726	0.01491737743731084	0.0127130134366072	0.01175981104457277	0.4226391725283848	0.3073137418624367	0.4009008042756716	0.1578415879986462	0.1904283228202855	0.01012925222556618	0.01003797088183989	0.01000527368464378	0.01003293305409012	0.01001681834455843	0.01000896227085203	0.01000398262112855	0.01000173404604122	0.01004228540198774	0.01029849054579735	0.01005961761986129	0.01002009185935215	0.01001021834341594	0.02885894811132618	0.02379687644926871	0.08736846646898372	0.08859462109231059	0.05354845514463131	0.004082267585175998	0.001484321033699956	-0.01181636394739141	-0.1290044715341126	0.0567148562674589	0.09455726282979569	0.005445093290201364	-0.01309743642331264	0.1217547051643051	-0.147046463168837	-0.1716917026141897	0.2235997444610295	-0.01620783208045351	0.04902002344065542	0.1235173229842459	0.01000515777903208	0.01000267484646568	0.01032479555193711	0.02770439233729503	0.01000288192428275	0.1872355245867345	0.04246403422985044	0.01187141473090633	0.02214052354281401	0.01550715332820512	0.01956663239309059	0.0249469352048082	0.01000253246771636	0.01000121143242742	0.01000129120764637	0.01000479287687376	0.01000667986000229	0.01000705004522522	0.01031307843758088	0.01168237601917103	0.03974662140866783	0.1786310124490692	0.07269063457141239	0.07087371173774934	0.01636095865626158	0.1950348788071885	0.04485830174187134	0.01000329608793854	0.04484192517167475	0.01000276964350374	0.01001080933376543	0.01000101961379997	0.01132900720877684	0.1808754498373653	0.01002334081013716	0.01000110418198745	0.0100003248644411	0.01000078815447297	0.01001445764343767	0.01000320036172894	0.01002253244602102	0.01001329257893302	0.01006456926286997	0.01002590643054153	0.0100057760487143	0.01006787535313459	0.0100064769438013	0.01001088362877937	0.01002260454182655	0.01001097218494279	0.01001637572134978	0.01001076827312087	0.01108087210434049	0.01002100409604048	0.0100063337311235	0.3654843896824864	0.2585861535288128	0.3144731239206754	0.14690615294803	0.2340243249982614	0.01028348330108181	0.01003996286586957	0.01000527203548193	0.01004090329922866	0.01001705598993725	0.01001193210698557	0.0100040784839544	0.01000196237163726	0.01005480542455472	0.01000357615766224	0.01000914715568364	0.0100119301884127	0.01001169558085556	0.01000206369480509	0.01010223484149054	0.08220543956159056	0.07946011050150091	0.04548822334947078	-0.5874132424929637	-3.704905691037609	5.697374772377692e-11	-9.778977122891115e-10
0.4152299836909354	-0.09671100383948877	0.0670545126255593	-0.05629033331352037	2.778708091128758	0.9300004812630224	0.008900600173219978	0.04647071817245278	0.007123114751819956	0.08529663546085758	0.2330512260840001	0.1950498926443436	0.06582973336344454	-0.1200512841755347	-0.122293392032845	-0.01556817546465936	0.5403278412719041	0.5403278412717947	0.2357252174644021	0.2357252174643121	0.009713422225612025	-0.09159686444296665	0.01920432150576699	-0.2535300432329039	-0.1293595003870376	-0.0244047654666812	0.5472421974701328	0.4099900836637753	0.686551824112549	0.7055858446948013	0.01153806756599688	0.05206337755346525	1.718573976359447	1.533134259372432	-0.4236201311499952	-0.2000219145431804	-0.3774780522968658	-0.09579744100981848	2.344874265449652	2.778803764110686	0.001194822179029849	-0.04558771190505805	5.069600566984138	0.4124700765865436	-2.925532443896788	-2.587840994228731	0.7564417314691645	3.417880137983603	-0.309163310800088	0.121150135756417	-0.1954145906593262	3.357238936300392	3.357238936206566	0.3113253301005572	0.311325329526262	-5.647923872436522	2.884612510152857	1.770297788170475	5.269336157524299	-4.827673180529833	-3.670142320686447	2.733061415890141	-4.776996827521594	0.6325191245522382	3.172652827397783	0.04557746387862482	-2.189827715237875	-0.01917606303298988	0.5374446264725906	2.104868591780834	-0.8857674481093046	0.09126182664074028	0.1957837300473187	0.01000577105403322	0.01000291702941953	0.01248781142485029	0.05538848717109326	0.01000326441253084	0.1548556169739099	0.04787181824678859	0.01198259468586528	0.02312967195417149	0.01496455936607347	0.01699009278571223	0.02127666658221125	0.0100026496899942	0.01000123756975104	0.01000134898807855	0.0100055764614894	0.01000730089029376	0.01000760845120744	0.01028391839847225	0.01134370928723989	0.02989679395623713	0.1797741053264697	0.06634751147823358	0.07759672948334402	0.01517069445248821	0.1807614197525751	0.04232770053762647	0.01016466717748517	0.03172744633368444	0.01000622972790753	0.01014827931006803	0.01000092093385291	0.01124367123368176	0.1896264258273015	0.01002229031096105	0.01000110334482206	0.01000032541672311	0.0100007874832176	0.01001367293948167	0.01000474120228178	0.01018004876019375	0.0108418697180134	0.01006092581567938	0.01002501652864616	0.01009364469044051	0.01007081464016009	0.01164810363685474	0.01056847743788073	0.01782015930006281	0.01034938957362519	0.01002116212476895	0.01001439977417583	0.0134793091720802	0.01171821715642102	0.01111097690927355	0.4132558420485815	0.2977372585471552	0.373685761482798	0.1579237571447848	0.203260719602619	0.03217541046968566	0.01003828219412653	0.01000524288219772	0.01003731097797111	0.01001732755347361	0.01001098434395496	0.01000401135559384	0.01000183903988275	0.01004843573209105	0.01018907960476773	0.01004096837505762	0.01002386648119654	0.01001090621026355	0.02208100462831448	0.01965542930895617	0.0879627772224764	0.08770738732077128	0.05297905907301841	0.005209453971866175	0.003163421322795448	-0.01373321859406153	-0.1342714872127375	0.05645853991068717	0.09960743988198419	0.04241084326576539	-0.01861433789292565	0.1066857519532245	-0.1449864331480742	-0.1747298560667798	0.2736301726683503	-0.01482369729845533	0.04530501741384148	0.1150874577927729	0.01000486216723889	0.0100025633876715	0.01030925574682848	0.02702982367188642	0.01000275350941515	0.197687815645137	0.04219814367801399	0.0120404267639161	0.02592523399429636	0.01550720555338963	0.01952956709299678	0.03505008725548586	0.0100025743255913	0.01000122583065417	0.01000127439930514	0.01000460075716507	0.01000657047936622	0.01000708024249275	0.01024399394033075	0.01125862851686185	0.02675306870347124	0.1848830173779321	0.06319819793103224	0.07968729813977388	0.01863578008638909	0.1854341349326513	0.04099906124826565	0.01000345542018388	0.04927307600379631	0.01000266006971263	0.01000878280636176	0.0100011427022458	0.01095743620693793	0.1935216558513747	0.01002788327433848	0.01000112634744121	0.01000033178691077	0.01000080412162856	0.01001108047927726	0.01000306755356591	0.01002728362771085	0.01001363226217855	0.01005746546387408	0.01002194280287924	0.01000583217693289	0.01006808366256582	0.01828479459749936	0.01007981774174469	0.01001572763454183	0.0100079128531413	0.01001914061487888	0.01001813237422734	0.01094432950235194	0.01001862111314358	0.01000580825249855	0.3967195037255578	0.278357043208123	0.2562858440440833	0.1682515273926259	0.2387615887970929	0.1242532664321214	0.01003779222698161	0.0100051189610247	0.01004810301208552	0.0100191886818365	0.01001659515975941	0.01000404370807436	0.01000206429137657	0.0100624349577575	0.01000343975001046	0.01000954447991061	0.01004643630704202	0.01001240264162286	0.01000196682862935	0.01435000538819572	0.09547742365322277	0.09154438327181089	0.05755754208861513	-0.5786199224279786	-3.630048150882557	-2.204262697600572e-11	-4.275902391728039e-10
0.4196948222252466	-0.09845339147293009	0.06645644080892098	-0.04584272395988112	2.791114019927204	0.9299547428631498	0.00869349581163867	0.06912542392340007	0.008834186385979362	0.07177915604849842	0.2214412288750773	0.1981169609739397	0.08047972581539463	-0.121369497290022	-0.1215355098462535	-0.01637700177727199	0.5550154622455905	0.5550154622454566	0.2369058905684638	0.2369058905684766	-0.01570563273045149	-0.07862500230401731	0.02735249499159302	-0.230857559007938	-0.1507996738916736	-0.04105904922737635	0.5589550960239109	0.3882016786104088	0.6902219682773058	0.7231639078561414	0.01180942698642192	0.03987738199660708	1.717610684351048	1.536662444285702	-0.4142241664022148	-0.2041822373209965	-0.401978621043559	-0.1694188598725122	2.332932211578559	2.778791685881748	-0.02216798415725788	-0.04691655122887493	5.076743472537286	0.3505982594241552	-3.126616124502089	-2.616078986444264	0.6201297656069851	3.147543616091656	-0.2811171752322693	0.214143734047665	-0.1663668396959205	3.223261608991476	3.223261608991535	0.2237509318103579	0.2237509318103602	-5.744238005978202	2.924343279237235	1.881179883010102	4.873156989447321	-4.778656984025383	-3.782376407117453	2.508832500816258	-4.88457849117177	1.02535353414021	4.739170333161145	0.07382931984866389	-3.235848999293731	-0.4391070514009594	1.038294022567387	2.098643289659043	-0.8278529302799567	0.07575527103144281	0.1718800605103652	0.0100053758949844	0.01000276396838877	0.01168494557420791	0.0455626743447764	0.01000304999003477	0.1688777525712633	0.04586987173758181	0.01203777353557809	0.0248764466076211	0.01516254706541996	0.01790480526411138	0.02819827047591311	0.01000263039784813	0.01000123615830723	0.01000131805231983	0.01000517779879041	0.01000700945178491	0.01000741988099605	0.01025521192491631	0.01122674600329965	0.02624347675527247	0.1821590056262	0.06357997235352458	0.07983169865203787	0.01688803576426738	0.1806322412610495	0.04113575713804536	0.01010530488046711	0.03873953620925147	0.01000489182125809	0.01009647192474024	0.01000102774494057	0.01106327693297577	0.1925924037303854	0.01002527293976844	0.01000111631696146	0.01000032916325906	0.01000079685455305	0.01001203253007019	0.01000409730249084	0.01012473015553352	0.01053710113147635	0.01005821084306067	0.0100230796680559	0.01006129966719821	0.01006985056955872	0.01574246851359829	0.01040252785229769	0.01497648101493881	0.01022298763954732	0.01002097782463514	0.01001726869062985	0.01252291098246317	0.01109302126246098	0.01070427432328728	0.4132163987128124	0.2954880912097237	0.3384973175945437	0.1642183728160468	0.2136713941147887	0.08460470881600114	0.01003766155182059	0.01000516616751165	0.01004274909058887	0.01001844597945399	0.01001399806592308	0.01000401623009024	0.01000194288089827	0.0100551413538062	0.0101206593268562	0.0100294688670246	0.01003918061328923	0.01001160130103392	0.01771028821633353	0.01857398385163771	0.09266195592550347	0.09102728868291247	0.05675751703354986	0.006336640358555303	0.004842521611893347	-0.01565007324072987	-0.1395385028913637	0.05620222355391557	0.1046576169341717	0.07937659324133198	-0.02413123936253621	0.09161679874214453	-0.1429264031273111	-0.17776800951937	0.3236606008756702	-0.01343956251645704	0.0415900113870275	0.1066575926012998	0.01000456655544591	0.01000245192887752	0.01029371594171808	0.02635525500647772	0.01000262509454875	0.2081401067035397	0.04193225312617811	0.0122094387969252	0.02970994444577831	0.01550725777857204	0.01949250179290396	0.04515323930616397	0.01000261618346617	0.01000124022888086	0.01000125759096397	0.01000440863745699	0.0100064610987301	0.01000711043976009	0.01017490944307969	0.01083488101455125	0.01375951599827554	0.1911350223067953	0.05370576129065192	0.08850088454179879	0.02091060151651795	0.1758333910581138	0.03713982075465978	0.01000361475243487	0.05370422683591816	0.01000255049592287	0.01000675627896849	0.01000126579069062	0.0105858652050974	0.2061678618653841	0.01003242573853874	0.01000114851289267	0.01000033870937446	0.01000082008878079	0.01000770331511646	0.01000293474540371	0.01003203480940136	0.01001397194542699	0.01005036166487698	0.01001797917521697	0.01000588830516343	0.01006829197199615	0.0265631122511891	0.01014875185470688	0.01000885072725219	0.01000485352133186	0.01002190550840924	0.01002549647534049	0.01080778690035981	0.01001623813024229	0.01000528277388072	0.4279546177686288	0.2981279328874332	0.1980985641674931	0.1895969018372217	0.2434988525959259	0.2382230495631585	0.01003562158809294	0.01000496588656745	0.01005530272494254	0.01002132137373625	0.01002125821253237	0.01000400893219448	0.01000216621111589	0.0100700644909595	0.01000330334237308	0.01000994180414347	0.01008094242568296	0.01001310970239004	0.01000186996243361	0.01859777593490575	0.108749407744855	0.1036286560421209	0.06962686082775936	-0.5724313465233596	-3.758171159270936	-4.077578181111556e-11	-2.136684943427267e-10
0.4241596607595577	-0.1002879408432703	0.06555906797418828	-0.03546766850192792	2.803524354088867	0.9298009742392382	0.008483595211682996	0.0917870303958075	0.01023695123136323	0.05741188894064617	0.2096928854634062	0.2005871217497311	0.0942306425650158	-0.1225713740102801	-0.1204101022017498	-0.01704617995124127	0.5691248457331562	0.5691248457330813	0.238038774567132	0.2380387745671461	-0.04175435888035957	-0.06552569297486989	0.03596676831853124	-0.2100187385277097	-0.1720514750543653	-0.0580117824651511	0.5695894098010563	0.3692938215097011	0.6961890127268159	0.7479525457424244	0.01214003702708195	0.02593054264079773	1.71454545274444	1.542078812607725	-0.4049376497616816	-0.2028731856022583	-0.416526971107853	-0.2269770365703295	2.31163570481038	2.780571795115975	-0.04614010374000776	-0.04695850848715146	5.071515744909163	0.2722564265678019	-3.301339585198749	-2.652825050656327	0.4926611840801322	3.044320532264952	-0.260496965043635	0.2829976640684944	-0.1317259754059583	3.100309450446636	3.100309450388209	0.2969418942633816	0.2969418941001356	-5.937095860347483	2.939758223420899	1.976942563511066	4.468696946508335	-4.742476598033527	-3.793839442955463	2.245154054504101	-3.445762381791169	1.684940954547402	6.350227966130357	0.07181348472191221	-2.933127999719375	-0.9568376330149121	1.334861309062834	2.049334477600915	1.591958016981665	0.06687813887323839	0.154585706471817	0.01000503615487149	0.01000263275819891	0.01117755760657337	0.04129758238575581	0.01000287453942384	0.1814032018193572	0.0463715996347096	0.01218009207026649	0.02968697018724238	0.01522116491302904	0.01970920743829443	0.03873740634446648	0.0100026236768424	0.01000123845926411	0.0100012929514558	0.01000484782832091	0.01000674845363523	0.01000724224562568	0.01021632864751037	0.01101998205927146	0.02141476539555407	0.1868641420642486	0.05889146624659279	0.08621229746286277	0.01832288021637734	0.1721243935536316	0.03963576444042499	0.01006750737083935	0.04460236791321007	0.01000400547862566	0.01006320517817235	0.01000115813709062	0.01084813968825915	0.200065674519692	0.01002813935445846	0.01000113232188355	0.01000033398537823	0.01000080839986831	0.01001011803617378	0.01000361873800686	0.01009032119301438	0.01034310321003202	0.01005366397869273	0.01002023945274992	0.01004076887206876	0.01006846940157538	0.02326737481661337	0.01678907871982769	0.01314911150441843	0.010142303991316	0.01006146868540249	0.01047337423459702	0.01188928643466562	0.01069372090917339	0.01044512373401476	0.4210455259970895	0.3000283799961941	0.3104938321754649	0.1773484380856997	0.2262687227937899	0.1514443968601105	0.01003617699895273	0.01000507247987781	0.01004740526500598	0.01001988819746335	0.01001780329958693	0.01000399826696385	0.01000203591119847	0.01006464510334396	0.01007711736915323	0.01002218930373428	0.0301327520942549	0.01001235446076653	0.01488776154032171	0.02229984485272494	0.09861883883352389	0.09593674872483747	0.06228057263296532	0.007616771562765591	0.007586271755509102	-0.01906773396925401	-0.1459914013541428	0.0545260657092772	0.1099069111883638	0.1166163856316803	-0.03143253683569559	0.08013944713207768	-0.1397121163453638	-0.1727703777959843	0.3529320600412952	-0.01744735488309958	0.05538616332742378	0.1166571859251448	0.01000436794089717	0.01000237437485623	0.01033106400078155	0.03940727160802707	0.01000253541912174	0.2168531636707419	0.05210071268700953	0.01261186943661411	0.04588250645540053	0.01515855778833273	0.02582400528851487	0.06924091249118165	0.0100026088555885	0.01000124424034752	0.01000124425246419	0.01000418345303963	0.01000616990578524	0.01000679215004234	0.01012877801272664	0.01052149537295686	0.01206252156359548	0.2058419046115645	0.0460628517332666	0.1092579650969013	0.02072563257204256	0.1277846689836292	0.03658894912502191	0.01000326844236236	0.05713175001482886	0.01000246261942926	0.01000686358774858	0.01000147841934131	0.01039130701750567	0.2315335334696022	0.01003349907252351	0.01000116906703322	0.01000034521583213	0.01000083489365954	0.01000614345908164	0.01000269676221897	0.01003194547532012	0.01001374043325261	0.01004207244896489	0.01001317773226482	0.01000604124143042	0.01006421960648473	0.04510659214255262	0.04322568458908086	0.01001086846025329	0.01000605766465148	0.01022554423444906	0.01232437576966058	0.01080748201027992	0.01001385797387879	0.01000490068821798	0.4650369847286412	0.3277392957632169	0.2470319278290796	0.2283912037375828	0.2752974109715338	0.3553947359754493	0.01003193220982335	0.01000486792071709	0.01005528211411324	0.01002322302500069	0.01002688797531063	0.01000393170428176	0.01000221693858808	0.01009018269300761	0.01000329848586518	0.01000977388001069	0.1139070642798884	0.01001408922509379	0.01000446352635023	0.03785438419349794	0.1136728738023937	0.1088408904157013	0.07616237031556515	-0.5693560101774494	-4.010375612070576	-4.013218740400923e-11	-1.078707336046543e-10
0.4286244992938689	-0.1021436361631648	0.06447941479916396	-0.02522629141966274	2.815945612142901	0.9295478316105239	0.008275499277013864	0.1143866740957442	0.01121617915473743	0.04236875843464104	0.1976961207005819	0.2025724900051673	0.1079522047534283	-0.1237245835911023	-0.1190707496096606	-0.01753843035643391	0.5827301380163692	0.5827301380163635	0.2396755695459691	0.2396755695459538	-0.06883761601552099	-0.05240661503218801	0.04500064635828878	-0.1908890798758681	-0.1931619022345085	-0.07477903863605095	0.5789179075650125	0.3586763081420209	0.7056018211567985	0.7797395852810312	0.01242880014646143	0.01438588261824011	1.708862024733026	1.548108362271567	-0.3960302363047861	-0.1883795584447246	-0.4114508330100954	-0.2510703659276146	2.273051753233591	2.783684983601932	-0.06668202640340248	-0.04610816359892427	5.048987590533154	0.1608772518945248	-3.429365438608371	-2.727357966282615	0.4029695809665184	3.134394389937569	-0.2593170038972483	0.3099792350661604	-0.08711306016300546	2.997456724574095	2.997456724574102	0.4494751104842192	0.4494751104841959	-6.207650544831127	2.93319850345158	2.069139531623532	4.107547353992461	-4.71532924989427	-3.6992929481918	1.923899345190789	-1.170964343760546	2.568864765594256	7.874065870025762	0.05508422684429798	-2.159805843149766	-1.611913812807454	1.312965264964639	1.928826093403248	5.078105747682114	0.06552513027382838	0.1450063057216134	0.01000474944108907	0.01000252171005479	0.01087376006404527	0.04310160248699853	0.010002731309606	0.1926590292214208	0.05023813961093671	0.01241963062194506	0.03850920861566499	0.01512849401835297	0.02316599571099936	0.05379251366957572	0.01000261673012846	0.01000124140661225	0.01000127227339655	0.01000455721410294	0.01000647611703793	0.0100070117807438	0.0101747209014529	0.01077316992902332	0.01769403697010921	0.1943587803101175	0.0531466480779469	0.09716670127693525	0.01915633190655245	0.1519443019857887	0.03846809446452257	0.01004376641217435	0.04955277688995258	0.0100034189511335	0.01004246526930754	0.01000131940336276	0.01064062536589047	0.212420383761998	0.0100303321570175	0.01000115003681809	0.01000033944099907	0.01000082116991834	0.01000833675301328	0.01000323050064885	0.01006879297591501	0.0102217389615421	0.01004771183151979	0.0100166628770876	0.01002800241045712	0.01006607788208217	0.03465162309920779	0.03278243090334702	0.01199848663505321	0.01009234739564165	0.01016319596337873	0.01161918986655079	0.0114918393124084	0.0104429583997128	0.01028292350528317	0.4355564695386798	0.3108337579818152	0.3010897654832928	0.1975173439412947	0.2438405508816257	0.2269139829085985	0.01003386453205023	0.01000497713804775	0.01005030492545698	0.01002150307377362	0.01002229430596563	0.01000395801499566	0.01000211303066261	0.01007813323861812	0.01004991558361306	0.0100175796075383	0.07817563661915146	0.01001319259081695	0.01310189955725719	0.0316196638666988	0.1041915243845243	0.1009049265700837	0.06809208942324198	0.008896902766975971	0.0103300218991237	-0.02248539469777948	-0.1524442998169211	0.05284990786463866	0.1151562054425563	0.1538561780220269	-0.03873383430885668	0.06866209552201048	-0.1364978295634163	-0.1677727460725983	0.3822035192069209	-0.02145514724974222	0.06918231526782004	0.1266567792489897	0.01000416932634858	0.0100022968208352	0.01036841205984363	0.05245928820957634	0.0100024457436956	0.2255662206379444	0.06226917224784046	0.01301430007630191	0.06205506846502332	0.01480985779809318	0.03215550878412613	0.09332858567619928	0.01000260152771063	0.01000124825181401	0.01000123091396448	0.01000395826862274	0.0100058787128403	0.01000647386032428	0.01008264658237347	0.01020810973136224	0.01036552712891495	0.2205487869163338	0.03841994217588134	0.1300150456520035	0.02054066362756752	0.07973594690914432	0.03603807749538386	0.01000292213230224	0.06055927319373955	0.01000237474293691	0.0100069708965373	0.01000169104799102	0.0101967488299133	0.2568992050738211	0.01003457240650834	0.01000118962117208	0.01000035172228518	0.01000084969853568	0.01000458360304659	0.0100024587790339	0.01003185614123815	0.01001350892108154	0.01003378323305216	0.01000837628931155	0.01000619417770924	0.01006014724097248	0.06365007203391863	0.07630261732345757	0.01001288619325341	0.01000726180796973	0.01042918296048504	0.01462325506396893	0.01080717712019949	0.01001147781751732	0.01000451860256553	0.5021193516886531	0.3573506586390008	0.2959652914906665	0.2671855056379436	0.307095969347141	0.4725664223877381	0.01002824283155315	0.01000476995486608	0.01005526150328315	0.01002512467626397	0.01003251773808973	0.01000385447636873	0.01000226766605939	0.01011030089505531	0.01000329362937598	0.01000960595588106	0.2177331861340887	0.01001506874779732	0.01000705709026997	0.0571109924520884	0.1185963398599317	0.1140531247892802	0.08269787980337009	-0.5696506207613841	-4.300691305210464	-5.404001525608589e-12	4.160346817414794e-11
0.43308933782818	-0.1039069087291506	0.06337458012115775	-0.01523772502167054	2.828385502779315	0.9292163743851499	0.008075014186600196	0.1368196979327495	0.01162848543744874	0.02692527157897523	0.185124944986531	0.2042481590102687	0.1222460594641745	-0.1249396337100706	-0.1177111880772447	-0.0177719623597104	0.595922998607613	0.5959229986075063	0.2415024073316547	0.241502407331612	-0.09725451813462717	-0.03935739090091287	0.05442454496685255	-0.1732188776701167	-0.2141476301927932	-0.09096655506442577	0.5867245443125797	0.3560949378022865	0.7193339098294	0.817988278057	0.0126519815552727	0.005518116842638203	1.700196579147861	1.553609029840688	-0.3877701498715679	-0.1623897781120342	-0.3775889293869061	-0.2453979696783824	2.19959619891777	2.788900772455618	-0.08126124516753498	-0.04369574761714322	4.998571378259452	0.0284198952425508	-3.478060928083263	-2.91350369003794	0.3448223228271849	3.264537943289842	-0.2855109663496991	0.3010078780154834	-0.01593400945639167	2.91347377624787	2.913473776327583	0.3311923849350187	0.3311923854468452	-6.531668657250433	2.907830483832186	2.148326961906468	3.823142872350785	-4.682322234842716	-3.546976506833836	1.584962915207166	-0.1622640771354017	3.610970861402871	9.22177038130677	0.04547283626362566	-1.857958019254272	-2.231322939344885	1.155265138596532	1.77808361525469	6.291909856612651	0.06836625334324221	0.1405670966754161	0.01000451883091655	0.0100024322509695	0.01070192385534734	0.04785599959811863	0.0100026165433097	0.2031120421198705	0.05699599656028586	0.01284677124180534	0.04662454663482005	0.01498337044141248	0.02805098663206648	0.06777216548450567	0.0100025950109127	0.01000124178658011	0.01000125550498258	0.0100043003564453	0.01000617706787147	0.01000669123805595	0.01013789966466599	0.01055207824147068	0.01498103501218849	0.2036049096160289	0.04608402001371981	0.1106735824332687	0.01946538221344241	0.1249691542641909	0.03678545196929343	0.01002857701064463	0.05336950601843402	0.01000302623931562	0.01002936842352024	0.01000152583210812	0.01046686934847557	0.2272153294556735	0.01003174312800529	0.01000116822818757	0.01000034499908808	0.01000083429388243	0.01000688738164165	0.01000290029533891	0.01005444110011898	0.01014452472901902	0.01004171188848793	0.01001331624614199	0.01001997075346546	0.01006400309176557	0.03990210631408471	0.04200751475439993	0.01126599501462895	0.0100619915853651	0.01076434778401619	0.01315392950061565	0.01118903146724186	0.01028243839700005	0.0101796298319193	0.466524847571553	0.3240847811485373	0.2992782522665697	0.2229706731213481	0.2661960290386297	0.3108444511483205	0.01003140870322695	0.01000485473323974	0.01005367706266236	0.01002403915096905	0.01002618731718691	0.01000388340979798	0.01000223653102267	0.01008404187161989	0.01003266054546946	0.01001462745864086	0.1360143674488272	0.01001415333638169	0.01195993040823897	0.04659628007860649	0.106568490246707	0.1029297150622443	0.07139346973748679	0.009805454156350599	0.01289221876533018	-0.02334779724052938	-0.1612878490501352	0.04933814237268218	0.1205778079390366	0.2017245258658832	-0.03647681265587666	0.06145797343067499	-0.133121607346114	-0.1589162745989617	0.3955256372058199	-0.01814572286238272	0.07836719027426713	0.1331365866081299	0.01000409244636719	0.0100022668572777	0.01044658151319744	0.06068148438533714	0.01000240148633086	0.2345389454456087	0.0769044546108264	0.01407343616290713	0.06148098721632646	0.01466567327429828	0.04079734022435092	0.09670792966081432	0.01000252000636048	0.01000123727047021	0.01000122383589432	0.01000378336765586	0.0100054868462772	0.01000586097351775	0.01006916777532972	0.01014889043802547	0.0102160055869371	0.2341650838923804	0.02743756228732955	0.1490504033208283	0.01953072606424223	0.04488946634124509	0.03159263195486112	0.01000275165545445	0.06077288861251432	0.01000234890439927	0.01000734846292744	0.01000203793225713	0.01015003713796309	0.2761024988659821	0.01003374876467728	0.01000120735216601	0.01000035680438587	0.01000086254356277	0.01000429814570477	0.01000223756094618	0.01002857920305688	0.01001366767627528	0.01002956841155886	0.01000700220286203	0.01000650453391385	0.01006078539538057	0.03683134678271575	0.04316149817898431	0.01002210784488288	0.01001342271046918	0.01298038000531071	0.01679077026890655	0.01055572704407463	0.01000882257644948	0.01000436759214408	0.637109326955159	0.3709006867570462	0.2919107892350191	0.3111647733624682	0.3494084053120081	0.6178111360420723	0.01002636952864626	0.01000453969807565	0.01006303070249013	0.01003116925927203	0.01003301129335692	0.01000367137082326	0.01000260222109026	0.01007972925062591	0.01000352043823162	0.01000964209271515	0.3009245169941417	0.0100164090760342	0.01000903659078018	0.08954356627876341	0.1055761557980921	0.1012320109323867	0.07381165708139771	-0.5730444264225619	-4.367879791114449	4.194810711993762e-11	2.07254129597662e-10
0.4375541763624911	-0.1055081637348821	0.06227412933784232	-0.005599570108505344	2.840851424195588	0.9288269378374626	0.007885330234439656	0.1590116644741072	0.01151109478762446	0.0114036571179541	0.1715931041334139	0.2056265099888934	0.1370684544943331	-0.1262790412973261	-0.1163651750654515	-0.01766676189743934	0.608757775759961	0.6087577757597633	0.2422967687600783	0.2422967687600561	-0.1272537050367092	-0.0264790207089977	0.06414953000511155	-0.1566119538871504	-0.2349486101663023	-0.1064091749111568	0.5931775759008558	0.3556475259170111	0.7381022022731731	0.8617525439577399	0.01284007292000835	-0.002611352603515109	1.689279951052713	1.55846233685338	-0.380091363203459	-0.1346233894679572	-0.338875946496722	-0.2491066276018497	2.116086843756875	2.795345328044817	-0.09265354674312969	-0.04126985445150348	4.941007308348119	-0.07639757742108133	-3.464362234010731	-3.157682655380877	0.2697875888947721	3.371151105828402	-0.3150222645768226	0.303910260512368	0.06462029408340937	2.837055243679071	2.837055243679413	-0.0130170305590406	-0.01301703055903889	-6.916426373228568	2.856665368983604	2.204009547520617	3.631257592152026	-4.632572343509465	-3.365620566385496	1.317559336952164	-0.2150694118968094	4.824804705365422	10.34473667432899	0.03936585768846121	-1.829090062851376	-2.620318709858213	1.02298364856522	1.668436036839315	5.873927757811111	0.07331479194858379	0.1393860988979474	0.01000434595878546	0.01000236513821645	0.0106237680751233	0.05376995919206704	0.01000252825643156	0.2130311300796428	0.06634680806760379	0.01350920666689098	0.05160152711129509	0.01483853577459077	0.03423921219707804	0.07789072324136187	0.01000255082914181	0.01000123790071047	0.01000124237635365	0.0100040742905879	0.01000584317403742	0.01000626091896347	0.01010983890360514	0.01039161391154484	0.0132082375293948	0.2139578360178484	0.03754130830790815	0.1256206339079181	0.01928841294465149	0.09439041692753153	0.0341104555989863	0.01001902568976847	0.05592011153096484	0.01000277128668363	0.01002133015367862	0.0100017849820613	0.01034072198719685	0.2429579807154242	0.0100323150156233	0.01000118624469599	0.01000035037895707	0.01000084731180544	0.01000587500757683	0.01000261103480586	0.01004424662017978	0.01009634261527039	0.01003638209161369	0.01001071036636661	0.01001507098702956	0.0100629469117803	0.03367529933001859	0.03605053634811174	0.01081034094214258	0.01004534381911363	0.01209445232282151	0.01491930806058856	0.01090527455566728	0.01018110972692792	0.01011502868580376	0.5201718252745829	0.3372674172486931	0.2968982697230926	0.2526841588626997	0.2932009661286842	0.4039553503951145	0.0100291715513596	0.01000469181846491	0.0100587005744067	0.01002789242140299	0.01002880302736639	0.01000376806198297	0.01000243933792123	0.01007625486427745	0.01002196820976877	0.01001279733838337	0.1967657434231609	0.01001525660221197	0.0112435061955398	0.06713428346119456	0.1040623195910155	0.1002205376886682	0.07059794627058535	0.01071400554572698	0.01545441563153912	-0.02421019978327724	-0.1701313982833498	0.0458263768807255	0.1259994104355164	0.2495928737097402	-0.03421979100289516	0.05425385133933969	-0.1297453851288112	-0.1500598031253251	0.4088477552047183	-0.0148362984750241	0.08755206528071377	0.1396163939672696	0.01000401556638501	0.01000223689371945	0.01052475096654922	0.06890368056109751	0.01000235722896551	0.2435116702532731	0.09153973697381211	0.01513257224951154	0.06090690596762995	0.01452148875050234	0.04943917166457542	0.1000872736454292	0.01000243848501052	0.01000122628912639	0.01000121675782275	0.01000360846669052	0.01000509497971499	0.01000524808671198	0.01005568896828609	0.01008967114468878	0.01006648404495925	0.2477813808684268	0.01645518239877787	0.1680857609896533	0.01852078850091569	0.01004298577334439	0.02714718641433829	0.01000258117862466	0.06098650403128927	0.01000232306586122	0.01000772602932435	0.01000238481652154	0.01010332544601266	0.2953057926581438	0.01003292512284561	0.01000122508315805	0.01000036188648124	0.01000087538858685	0.01000401268836447	0.01000201634286102	0.01002530226487483	0.01001382643147332	0.01002535359006563	0.01000562811641365	0.0100068148901264	0.0100614235497875	0.01001262153151221	0.0100203790345104	0.01003132949651507	0.01001958361297275	0.01553157705013501	0.018958285473845	0.01030427696794374	0.01000616733538697	0.01000421658173589	0.7720993022216639	0.3844507148750911	0.2878562869793713	0.3551440410869927	0.391720841276875	0.7630558496964104	0.01002449622573891	0.01000430944128535	0.01007079990169729	0.01003721384228042	0.01003350484862344	0.01000348826527822	0.01000293677612231	0.01004915760619367	0.01000374724710637	0.01000967822955074	0.3841158478541971	0.0100177494042707	0.01001101609128946	0.1219761401054415	0.09255597173625349	0.0884108970754964	0.06492543435942669	-0.5778769728682785	-4.145639088568361	8.911486767764519e-11	1.110183042110622e-10
0.4420190148968022	-0.1069638309980489	0.06109684867526374	0.003690740237837796	2.853346069404003	0.9283900572048582	0.007703659973003828	0.1809703931895236	0.01103138490224853	-0.003963412524490282	0.1569900321625939	0.2065929493545921	0.1523335340471129	-0.1277211135302617	-0.1149322287953319	-0.01722306943111703	0.6212581723006242	0.621258172300477	0.2414775391762907	0.2414775391762597	-0.1590772012056318	-0.01388876579600565	0.07411410003009471	-0.1406510395055768	-0.2554868858920598	-0.1210070904464175	0.5986630602063517	0.3546754239369246	0.7625830603758406	0.9100064028451533	0.01298114558075888	-0.01074160116355039	1.676917317129812	1.562754635637781	-0.3727960144921851	-0.1085959946100036	-0.3149614204145603	-0.2828935945022056	2.047264159329308	2.801378599290391	-0.1027420574635294	-0.04020270745625394	4.897119286048214	-0.1311162893063751	-3.415340020908872	-3.376408791904563	0.1551523379237555	3.45200351107942	-0.3290430370334171	0.3433151621439852	0.1324457494827112	2.762095296445219	2.76209529676594	-0.3450960284549747	-0.3450960287904331	-7.342253911517766	2.7797060705451	2.262230742432775	3.534254539087716	-4.565092776336553	-3.172165021352054	1.151016670344987	-0.2170523901658218	6.150872826554832	11.23132882902142	0.02394019057743309	-1.793079697641517	-2.924721946279139	0.8946435357002626	1.605784298182722	5.787950944494303	0.07789417636978377	0.1383169168008315	0.01000422573038009	0.01000231897363226	0.01058566160478673	0.05843748693445065	0.01000246226709387	0.2222365770802379	0.07555687810625927	0.01423956810208873	0.05612268921853684	0.0147181527793104	0.04024519519969679	0.08579574714389611	0.0100024889459379	0.0100012311030071	0.01000123371299523	0.01000387494634788	0.01000549773373325	0.01000578411928273	0.01008811438438694	0.01027745545199082	0.01204514104847831	0.2246145469632101	0.02948312473039535	0.1373669445539396	0.02008308941017309	0.0670005761021014	0.03003778454008809	0.01001292854025193	0.05707550419016574	0.0100026067680075	0.01001640055562383	0.01000217651713021	0.01024925033565728	0.2586646110969521	0.01003274955593204	0.01000120513581668	0.01000035598721865	0.01000086100949776	0.01000511242428151	0.01000235811553493	0.01003723328151842	0.01006603230052387	0.01003181816938471	0.01000876429511293	0.01001206941194324	0.0100634581892995	0.02523695401536014	0.02680357682298947	0.01081540985217978	0.01033762429309495	0.0135673172820868	0.01787068975329571	0.01065624066296959	0.01011609021963025	0.01007394314627552	0.5876394588534252	0.3481817187602305	0.2925108315242147	0.284777968761635	0.3212615312850695	0.4976610292959606	0.0100264780245237	0.0100045268491211	0.01006640995320886	0.01003406425345635	0.0311385488224997	0.01000364329699297	0.01000274074541153	0.01006455880960213	0.01001529972925062	0.0100116799525182	0.2594902212121967	0.01001692181134459	0.01078667166265154	0.09003390282869946	0.09580164781474071	0.0914467278557296	0.06454254443202453	0.01169570351262123	0.01763555190005984	-0.02431346720337278	-0.1791983059970663	0.04334382652155571	0.1317167122140252	0.2965684899205233	-0.03811892403584779	0.04889931932281266	-0.1287407580529986	-0.1407049760289205	0.4111068906820317	-0.01380447435416952	0.08691932978618928	0.1323651388145651	0.01000402832094605	0.01000224452945459	0.01051758253949236	0.06619674275565132	0.01000234472252456	0.2499870383603611	0.09635098260899266	0.01581065721303206	0.06833541904732679	0.01450162203858382	0.0529291623729156	0.1039622690915089	0.01000233618216845	0.01000121364420038	0.01000122113961488	0.01000347458057271	0.01000475164082328	0.01000473668645836	0.01004742510959196	0.01007865301993565	0.01004822909686445	0.2581980008239513	0.0132923005194774	0.1610400302023431	0.02407936327472127	0.01003141637496893	0.01865866031953508	0.01000260717056777	0.05782663708871985	0.01000233272815424	0.01000832902831938	0.01000324123486824	0.01008598648626475	0.3094960056657689	0.01003398171904852	0.0100012477814576	0.01000036867430751	0.01000089200402922	0.01000365160848468	0.01000185366431611	0.01002538656764562	0.01001538188750811	0.01002296440045016	0.01000532543840487	0.01000713099315537	0.01006688268785282	0.0100106715447155	0.01001650823166137	0.01152312152466365	0.01155103261303347	0.01657447011350728	0.02652318329460761	0.01017031889828267	0.01000556271431879	0.01000435924201629	0.8860099565781455	0.3802870125090507	0.2717133056540258	0.396262973981031	0.4179554075876449	0.8594712615351613	0.01001963684034728	0.01000419307576654	0.01008711668230492	0.01005097065501044	0.1192983400199823	0.01000338247289868	0.01000352785696758	0.01004083536907561	0.01000421906475639	0.01000988254339074	0.4682461105297038	0.01002150137043519	0.01000873634679335	0.1502248678320512	0.06477595958634226	0.0584625182276219	0.04124677776635323	-0.5837421797200457	-3.692594969333395	1.362032117366512e-10	-9.601565021058111e-11
0.4464838534311134	-0.1083365557293076	0.05970651535993823	0.01269797833723283	2.865865187020456	0.9279121869451644	0.007525489850638244	0.2027577371848501	0.01040607433734719	-0.01905946962519492	0.1415078261623764	0.2069407927607549	0.1677619810694437	-0.1292002947218334	-0.1132517524117131	-0.01649909550884175	0.6334194133998615	0.6334194133997694	0.2392942581139311	0.2392942581138548	-0.1928490860446655	-0.00168718374958287	0.08437432181290694	-0.1249101492366136	-0.2756924937136098	-0.1347242378371735	0.6035574328287139	0.3537390202863999	0.7931133297794142	0.9616965464026694	0.01305486122024447	-0.01844678624548527	1.663098242359202	1.566405810733044	-0.365695892738	-0.08291162813443255	-0.3017222646899408	-0.3445423674910839	1.98928613769044	2.806307608838686	-0.1110146238115088	-0.03970198319583866	4.864236449224975	-0.1416186225395074	-3.342963602467949	-3.551485959713243	-0.007309070398287203	3.444330587624459	-0.3316450524501852	0.4147899870274628	0.1901708747721629	2.685132441860695	2.685132441860339	-0.6240364387242398	-0.6240364387240412	-7.789196410228015	2.682561472511801	2.33644512341866	3.532698986734205	-4.483555549937292	-2.971085281755003	1.052774158624021	-0.1990784805884415	7.534605377354431	11.88400160872235	0.009193631307307442	-1.638685162918355	-3.272723428632421	0.7357958047925004	1.580985186757312	5.720270148177633	0.080719989339401	0.1353775370023149	0.01000415545163123	0.01000229301758842	0.01055915637545963	0.06055053559103517	0.0100024163639473	0.230611575479531	0.08317636113754726	0.01494942011290372	0.06159989645944979	0.01463512327146423	0.04529961938316213	0.09229249819792157	0.01000241187905043	0.01000122210962975	0.01000122995092925	0.01000370017856776	0.01000515307346693	0.01000529431445818	0.01007144289823282	0.01020198233291914	0.01130779215204968	0.2350840301300061	0.02308089016954235	0.1432754784177655	0.02262306434753333	0.04774194586689538	0.02432780279831348	0.01000913019884449	0.05674835684901602	0.01000250765591122	0.01001354814999395	0.01000274257682955	0.01018558695785553	0.2737365515770311	0.01003341780825955	0.01000122545619073	0.01000036203890325	0.0100008758023451	0.01000450062224937	0.0100021391017369	0.01003288456851672	0.01004768327858296	0.01002807073994285	0.01000743530396587	0.01001031346843737	0.01006582720549531	0.01975352939612606	0.02077214376987921	0.01137733963739634	0.01109417970128429	0.01487576859579914	0.02249869803199083	0.01045023856959488	0.01007524247366424	0.01004833161259808	0.6633578569500114	0.3553624976433707	0.2851170047819574	0.3182226915861553	0.3482353870829615	0.5876577347214528	0.01002297115395373	0.01000438015058876	0.01007735260714787	0.01004308434066663	0.08152568228030709	0.01000352567389606	0.01000315098258319	0.0100541297039731	0.01001131195099996	0.01001105884135128	0.3239380319051455	0.01001937077736739	0.01049986578157167	0.1138068879768222	0.0810614190657951	0.07557830109402956	0.05237226114757573	0.01267740147951371	0.01981668816857706	-0.0244167346234707	-0.1882652137107828	0.04086127616238555	0.1374340139925345	0.3435441061313058	-0.04201805706880262	0.04354478730628526	-0.1277361309771853	-0.1313501489325161	0.4133660261593456	-0.01277265023331174	0.08628659429166537	0.1251138836618612	0.01000404107550809	0.01000225216519092	0.0105104141124356	0.06348980495020541	0.01000233221608463	0.2564624064674493	0.1011622282441726	0.01648874217655171	0.07576393212702399	0.01448175532666452	0.05641915308125591	0.1078372645375891	0.01000223387932548	0.01000120099927367	0.01000122552140816	0.01000334069445435	0.01000440830193058	0.01000422528620317	0.01003916125089742	0.01006763489518211	0.0100299741487698	0.2686146207794762	0.01012941864017843	0.1539942994150331	0.02963793804852889	0.01001984697659247	0.01017013422473222	0.01000263316252783	0.05466677014615019	0.01000234239044902	0.01000893202731865	0.01000409765321278	0.01006864752651621	0.3236862186733938	0.01003503831525058	0.01000127047975721	0.01000037546213426	0.01000090861947144	0.01000329052860393	0.01000169098576991	0.0100254708704146	0.01001693734354603	0.01002057521083358	0.01000502276039566	0.01000744709618806	0.01007234182591747	0.01000872155792099	0.01001263742881402	0.0130149135528123	0.01308248161309519	0.01761736317687933	0.03408808111536764	0.01003636082862382	0.01000495809326482	0.01000450190231239	0.9999206109346258	0.3761233101430111	0.2555703243286816	0.4373819068750692	0.444189973898415	0.9558866733739025	0.01001477745495517	0.01000407671024699	0.01010343346291078	0.01006472746773697	0.228563175191342	0.01000327668051863	0.01000411893781408	0.01003251313195557	0.0100046908824207	0.01001008685723079	0.5523763732052098	0.01002525333659967	0.01000645660230549	0.1784735955586532	0.03699594743642839	0.02851413937974081	0.01756812117327525	-0.5899278331707309	-3.002904090228081	1.927558289491434e-10	-2.272499388185263e-10
0.4509486919654245	-0.1096685400181347	0.05797809952167871	0.02146133859331897	2.878403167224804	0.9274018015623596	0.007349445371912056	0.2244189177461227	0.009828575095563256	-0.03379532014197375	0.1253598438621013	0.2064447360963876	0.1828459746773288	-0.1306691651721309	-0.111181888783044	-0.01553264116774791	0.6452272437805038	0.6452272437803575	0.2359989904844929	0.2359989904844502	-0.2286161090646545	0.01004570718926608	0.09502700935765714	-0.1089624746590068	-0.2954963653984367	-0.1475533654412645	0.6081194147007141	0.3529656573614428	0.8298141456231987	1.01577750215769	0.01308697839160872	-0.02514268673914165	1.647335035650991	1.569245932419026	-0.3586186121640837	-0.05807849783620148	-0.2950027224665067	-0.4324932414720188	1.934625556197273	2.809844929248793	-0.1172214898311041	-0.03895286206696875	4.839217918161733	-0.1118940706033966	-3.254242361849134	-3.674795453444024	-0.2217839065595122	3.282417708557678	-0.3255685363067913	0.5152753494918444	0.2437109038944689	2.603312752606729	2.603312753140665	-0.8436540646998264	-0.8436540654059634	-8.227604803760492	2.571916705749915	2.44200529044831	3.625766775600527	-4.384212868579034	-2.77750723052077	0.9930848742304909	-0.1452719886897268	8.890145602852899	12.30399102356306	0.00848949930428455	-1.330330448608096	-3.8587177080268	0.5202781473431363	1.596227609114811	5.247801106451538	0.0841832441676222	0.1321480818847098	0.01000413924631498	0.01000228949159116	0.01056684364090115	0.06243932847968911	0.01000239170503836	0.2376253376758812	0.08871416357505084	0.01548496967924217	0.06751565739050996	0.01460128813503421	0.04960021479625131	0.09749774756347938	0.01000233160770158	0.01000121368896069	0.0100012332571646	0.01000355008026272	0.01000482697769877	0.01000482837491188	0.01005801351309819	0.01015087665591764	0.01083314437554321	0.2461078848709489	0.01837086989401075	0.1465106814248595	0.02504709827428502	0.03459232285848673	0.01918654931937368	0.01000672863025569	0.05234172141065965	0.01000245846435122	0.01001197331391857	0.01000319253511943	0.01013960954869058	0.2866819809080393	0.01003415078509096	0.01000124936736096	0.01000036919072981	0.0100008932052943	0.01000399140596105	0.01000194691108055	0.01003029442696235	0.01003653496598888	0.01002485940014377	0.01000646718535174	0.01000931046956524	0.01007048009062363	0.01619703092282874	0.01685278713205612	0.01451323886799133	0.01875960967257035	0.02016617057172611	0.03912200154621091	0.01029463125926519	0.01004924971414443	0.01003214531558956	0.7332136624886905	0.3618130398040636	0.2786701295034151	0.3533262729182807	0.3768108474575387	0.6554869858674557	0.01001913940992587	0.01000425549298429	0.01008079336327362	0.01004764485701943	0.1650949408069795	0.01000342393886855	0.01000355879130794	0.01004873531175282	0.01000896673742699	0.01001077718252756	0.3804440783020316	0.01002364247009715	0.01031725662448805	0.1311224113758098	0.06417203439588401	0.0582759052748686	0.03965019846949395	0.01383558048119118	0.02252578249973865	-0.02384408301823863	-0.1950524142338719	0.0370521934690953	0.1411321538880331	0.3792884044341913	-0.05513411251658084	0.04177531577801129	-0.1252966682744145	-0.1235055427441395	0.4021872248689657	-0.01415523500335358	0.09590822488111705	0.1242254467210398	0.01000417463895542	0.01000231148820673	0.01064116376204336	0.0685328634578407	0.01000236576544793	0.257261615420136	0.09947082449975726	0.01633582629405438	0.0823355125843164	0.01459708211840732	0.05891682795439298	0.1092774125651607	0.0100021619525508	0.01000119800726265	0.01000125069965869	0.01000325647994454	0.01000415673417733	0.01000387485380599	0.01003181425419752	0.01006123842766075	0.01002231930810789	0.2839675452306841	0.01007880274086455	0.1543433328167375	0.0290626455000282	0.01001516945477781	0.0100975393976176	0.0100026809226706	0.03414342262913452	0.01000240434273551	0.01000963336965232	0.01000382901538268	0.01005550800287314	0.3250508574980578	0.01003570570388732	0.01000130698712505	0.01000038646927075	0.01000093510248303	0.01000298655013885	0.01000156017284315	0.01002628847495375	0.01001826052509217	0.010018397313277	0.01000465480580748	0.01000775544069003	0.01008367612230424	0.01000862796558308	0.01001631706418842	0.02593209416103761	0.04858853258000229	0.03970225995390753	0.1001830616820261	0.01002549814460829	0.01000539646558584	0.01000489502370575	0.9999350664731097	0.3880300536197677	0.2635748176337732	0.484127199927136	0.4890914818859846	0.8617052070490395	0.01001076782545567	0.01000401583683089	0.01007178463942023	0.0100471183459037	0.4655328869677472	0.01000322941996204	0.01000436443549963	0.01004583635173422	0.01000525801142008	0.01001048827671427	0.5604402651435042	0.01003584312350092	0.01000814549618901	0.1625359014906966	0.02350588972453296	0.01925982123754856	0.01378714324360049	-0.5963844506945496	-2.304727133159907	2.538512972753084e-10	-3.221003878358926e-10
0.4554135304997357	-0.1109714604204623	0.05581947808868067	0.02995938613268174	2.89095470269887	0.9268689032170846	0.007179468232770248	0.2459743827131575	0.009453104968074616	-0.04808632317867243	0.1087566602503723	0.2048988379832117	0.1968046306922291	-0.1321007383177026	-0.1086247804716921	-0.01431422753920906	0.656658939981232	0.6566589399810399	0.2318357686472668	0.2318357686472191	-0.2662757097861626	0.02126843344074442	0.10623990816143	-0.09240113221932469	-0.3148129232580816	-0.1595430466522164	0.612446291709454	0.3524603014848053	0.87236391471665	1.071234354115373	0.01316010447293175	-0.0300549575441768	1.628012500455114	1.570907574229532	-0.3513797338525173	-0.03744164676663191	-0.2887032469832401	-0.5372506139950183	1.870440716334104	2.812379616810579	-0.1210991840412095	-0.03698414564397155	4.816881731588665	-0.05112075738220618	-3.143696576774074	-3.755390870353109	-0.4775798288705021	2.940241641025739	-0.314937936544639	0.6330485799372885	0.3030346992928977	2.516645197683026	2.516645197682905	-1.012831733227223	-1.012831733227016	-8.63696622139692	2.454036014665165	2.587388679568611	3.807588140685208	-4.265266012370225	-2.595059881190529	0.9474602658566963	-0.0790260610912413	10.1546119585222	12.50032677729111	0.02756333062796498	-0.8397178598736089	-4.867105158800372	0.207902191996272	1.65337200834591	3.840569537421425	0.08963157078357793	0.1296173857068027	0.0100041792951326	0.01000230957079676	0.01062067712361124	0.0653897312669422	0.01000238890376546	0.2429315611384351	0.0918614217103489	0.01576447313481171	0.07359069176601957	0.01462294312593766	0.05324329877749375	0.1014589194358159	0.0100022544661055	0.01000120730538338	0.01000124477802565	0.01000342470463917	0.01000452885242951	0.01000440579684213	0.01004686796119983	0.01011655001400201	0.0105331528359137	0.2581485614434031	0.0153434900944288	0.148872916720942	0.02636932840317277	0.02586663277348378	0.0158689131746183	0.01000524669389803	0.04225730337951169	0.01000245100541377	0.01001125310966306	0.01000337268143034	0.01010595553004644	0.2965369762164921	0.01003485915478891	0.01000127801152429	0.01000037779016537	0.01000091401906929	0.01000355928342414	0.01000177779538423	0.01002898361930131	0.0100300684015189	0.01002203590150252	0.01000572444431655	0.01000879983533591	0.01007764217322121	0.0139376872586535	0.01436007705553607	0.02123591932827038	0.0363568102273268	0.031490298344694	0.07216292433878997	0.01019329438654353	0.01003317856648958	0.0100221828634635	0.7876673680736287	0.3695382259930911	0.2758976530260224	0.3903037815193174	0.4086679692132447	0.6880079591669208	0.01001524108551536	0.01000415485532901	0.0100710553009451	0.01004388082794306	0.282613400107975	0.01000334270810951	0.01000390539242141	0.01005036849273296	0.01000771496995318	0.01001075203396055	0.423365653361459	0.01003028661958374	0.01020373994965303	0.1379424232641052	0.04794604538904685	0.04323673128170917	0.0298279331519832	0.01499375948287139	0.02523487683090285	-0.0232714314130078	-0.2018396147569616	0.03324311077580575	0.1448302937835305	0.4150327027370769	-0.06825016796435565	0.04000584424973738	-0.1228572055716444	-0.1156609365557613	0.3910084235785852	-0.01553781977340013	0.1055298554705684	0.1233370097802178	0.01000430820240236	0.01000237081122248	0.01077191341164871	0.07357592196547541	0.01000239931481125	0.2580608243728231	0.09777942075534179	0.0161829104115566	0.08890709304160913	0.01471240891014928	0.06141450282753	0.1107175605927321	0.01000209002577605	0.01000119501525127	0.01000127587790813	0.01000317226543738	0.01000390516642533	0.01000352442140953	0.01002446725749839	0.01005484196014002	0.01001466446744828	0.299320469681892	0.01002818684155114	0.1546923662184414	0.02848735295152644	0.01001049193296118	0.01002494457050285	0.010002728682824	0.01362007511211925	0.01000246629502373	0.01001033471198758	0.01000356037755138	0.0100423684792305	0.3264154963227225	0.01003637309252404	0.01000134349449096	0.01000039747640183	0.01000096158549156	0.01000268257167654	0.01000142935992022	0.01002710607949157	0.01001958370664002	0.01001621941572183	0.01000428685122075	0.0100080637851936	0.01009501041868991	0.01000853437324551	0.01001999669956255	0.03884927476926343	0.08409458354690885	0.06178715673093634	0.166278042248685	0.01001463546059212	0.01000583483791766	0.01000528814511413	0.9999495220115923	0.3999367970965232	0.2715793109388633	0.5308724929792024	0.5339929898735536	0.7675237407241847	0.01000675819595568	0.01000395496341521	0.01004013581593105	0.01002950922407234	0.7025025987441552	0.01000318215940591	0.01000460993318272	0.01005915957151102	0.01000582514042657	0.010010889696198	0.5685041570817991	0.01004643291040303	0.01000983439007743	0.1465982074227539	0.01001583201264496	0.01000550309537554	0.01000616531393687	-0.6023722877731995	-1.725522765218622	1.772699714963031e-10	-2.146012178384372e-10
0.4598783690340468	-0.1122517105010386	0.05318311975134636	0.03815344667255447	2.903515205912199	0.9263237130703821	0.007020004676881215	0.2674428652372203	0.009383353450888006	-0.0618500271278774	0.09189858512816104	0.2021664552067405	0.208907803883203	-0.1334700499225207	-0.1055325907927674	-0.01282554705536861	0.6676971407945843	0.6676971407944504	0.2270203155873201	0.2270203155873187	-0.3056785057381302	0.03199942307001532	0.1180303894756402	-0.07483894007025582	-0.3335489791669347	-0.1707590923564448	0.6165763098324989	0.3520835663486913	0.9202902064133422	1.12708496555477	0.01335657019292218	-0.03249061343664085	1.604620930179509	1.571057881234383	-0.3437946401496138	-0.02560310971642721	-0.2898308590791762	-0.6393045665239767	1.808087072280138	2.813428321867093	-0.1229345475770789	-0.0353540678991351	4.805442000705875	0.01191044304255013	-3.03022125475783	-3.777542141709814	-0.7366714967595528	2.490498129664686	-0.2938835004756466	0.7479923421281326	0.3550065880155483	2.428467982528105	2.42846798248829	-1.123869563753091	-1.123869563562476	-9.005109887973118	2.360258492709865	2.677636222848066	4.072702200198941	-4.123269429451237	-2.431827890821141	0.9027842859371391	-0.1167831595934665	11.28703975611914	12.48311237171557	0.04757303290400624	-0.2678887047193773	-5.388936710021364	-0.1362234118286325	1.74830974247515	1.527409494702407	0.09275689796349611	0.1232936805480506	0.01000425054424791	0.01000234960215865	0.01060586936937272	0.06464867031178925	0.01000240991673063	0.2463639060287733	0.09344887162369812	0.01591516514960794	0.07886439347393112	0.01465379014065326	0.05535739728692866	0.103785989700498	0.0100021965390402	0.01000120800933735	0.01000126555421086	0.0100033571747806	0.01000430648664879	0.01000407229353143	0.01003863943538538	0.01009243731613747	0.0103405927688092	0.2700456874191265	0.0133874852545983	0.1523135192687395	0.03037815683642815	0.02013849387642724	0.01372050072438785	0.01000430385619157	0.03185892787578023	0.01000248409214868	0.01001108120431466	0.01000344317597105	0.01008109460685673	0.3031906961245156	0.01003516494546611	0.01000131327496491	0.01000038843718436	0.01000093955950449	0.01000321693400531	0.01000164163236432	0.01002878170649969	0.01002654544230429	0.01001926828741146	0.01000516642089054	0.0100087235042872	0.01013754177411661	0.01248922113189821	0.01276154993547463	0.04588067758984661	0.06995963710470383	0.06417048315554742	0.1657887422190113	0.01012696902661757	0.0100232848333775	0.01001603219343419	0.8307280167411143	0.3748234708968765	0.2727295447446017	0.4245751486633749	0.4375700986011955	0.6961847250187647	0.01001218054816007	0.01000411313446172	0.0100571660734069	0.01003646939614661	0.3644694729819706	0.01000330145324307	0.01000399942444185	0.01006711129069684	0.01000724636106768	0.01001116256462303	0.4528044719335398	0.02595997445821314	0.01013217047100793	0.1468568879205768	0.03472822713656584	0.0315692343850878	0.02271600544687968	0.0158741361443623	0.0295638093123274	-0.01682551743763934	-0.2054907676903917	0.02865481215704247	0.1426799345157642	0.4369926697292864	-0.0363964018679239	0.04272186762746324	-0.1160402141955722	-0.1088416863754042	0.3656332856681181	-0.0137830948424692	0.09379819397061506	0.09568293183882644	0.0100044272230403	0.01000245880931916	0.01041201447145905	0.05384343725281514	0.01000248648502414	0.2539854228456418	0.0959547689205659	0.0161685425752168	0.09025695135628126	0.0147016259758675	0.05766467150923402	0.1071433796233934	0.01000210589740087	0.01000122170052256	0.01000132274979572	0.0100033054236581	0.01000395180021317	0.01000349242610865	0.01002489844344932	0.01004867975344412	0.01001302910096473	0.3083485325038638	0.01002028765124286	0.1658703666780779	0.04560788428301223	0.01000863185466191	0.010017464951467	0.01000268578794948	0.01182890370662649	0.01000260568459589	0.01001119168339197	0.01000356435008394	0.01003595222269791	0.319976574752809	0.01003507436200766	0.0100013990149008	0.0100004144202501	0.01000100155120795	0.01000259700636256	0.01000139478108682	0.01002961735625014	0.01002145209918531	0.01001313303044954	0.01000416331410144	0.01000906203481977	0.01036618087344407	0.01000739520486454	0.01002009781811257	0.136755625316855	0.1794413182728031	0.1833130367672965	0.5642203847457844	0.01001439007556796	0.01000711895824012	0.01000589163571064	0.9999495095236385	0.3843288425251578	0.2561346603306272	0.5437361052604333	0.5342922723144863	0.6902145596546782	0.01000720224704628	0.01000411901469109	0.01002790684573099	0.01001897262938676	0.5189394510155029	0.01000327462453367	0.01000376198712936	0.01012753116017778	0.01000700486455225	0.01001271245364716	0.5370723685685614	0.09203078730340851	0.01001166968995108	0.1870743931587039	0.01001122775579925	0.01000448293768444	0.01001337777929547	-0.6073550778077681	-1.296972880986432	2.611371557699894e-11	2.503995792043535e-12
0.4643432075683579	-0.1136046802347858	0.05014987190668074	0.0461768468182219	2.916072344488585	0.9257727552127399	0.006855664343835688	0.2889357418658419	0.009488329267914857	-0.07522150096814201	0.07519007058010452	0.1984072623444115	0.2191260401421296	-0.1346843539338047	-0.101981959020941	-0.01122275851167992	0.6783498336831262	0.678349833683066	0.221981736068136	0.2219817360682155	-0.346615291546035	0.04241091778798265	0.1300033809103261	-0.05591353586752722	-0.351595078831295	-0.1812827872354658	0.6205098756697628	0.3511758909388511	0.972915391567391	1.182396115684239	0.01346999598078945	-0.03259506612964141	1.581874175781979	1.569729983101245	-0.3357323477632447	-0.02322219855256502	-0.3212776420769341	-0.7150350980972429	1.793994336268998	2.81087244716	-0.1236828021781421	-0.03916867097767054	4.827808955965431	0.02714740112806347	-2.967999275771351	-3.688395996857257	-0.9375337747427752	2.095894515350586	-0.2455030996533999	0.8384052115926272	0.354148775597077	2.343959008085222	2.343959008084799	-1.112780014975186	-1.112780014975187	-9.32410856741545	2.310920036526556	2.669143080694644	4.418231516518154	-3.956203911062063	-2.284925133036695	0.8594605364534122	-0.3168579584122849	12.2594555110387	12.25867801848311	-0.009633969531338219	0.2045317667182279	-4.578263412986446	-0.4542517178443323	1.867130542605645	-0.3959220710692554	0.0910635815933636	0.1102588767832175	0.0100043397441326	0.01000240765279708	0.01046162367606698	0.05742950564306195	0.01000245577680056	0.2477972302485029	0.09393265369570467	0.01600456232548215	0.08280160882304995	0.01466914569458109	0.05544702700504057	0.1042335093029151	0.01000216632924936	0.01000121847075238	0.01000129613484335	0.01000336500140406	0.01000418514092155	0.01000385202474347	0.0100336626515778	0.0100750633053302	0.01021960590692241	0.2810701148755411	0.01215133048268844	0.1580166338496286	0.03903203393842083	0.01646187135118649	0.01236196888731223	0.01000369887556962	0.02437571741831076	0.01000255709592171	0.01001129559284495	0.01000348871212244	0.01006315762167844	0.306522718359319	0.01003486827204609	0.01000135615379386	0.01000040144897768	0.01000097052156126	0.01000297105078154	0.01000154364350029	0.01002959849573197	0.01002504655431715	0.01001638096644648	0.01000477159437736	0.01000905074644652	0.01027672218555051	0.01157780986070526	0.01175548751661456	0.09390466059142044	0.1215076267797715	0.1236365693732265	0.3318056389206607	0.01008543905511654	0.0100175874290308	0.01001241721734634	0.8648378281356347	0.3751264955430307	0.2663737071860104	0.4532378379037648	0.4594794064964944	0.6866387695605214	0.0100104359718286	0.0100041487820924	0.01004389980609319	0.01002788425497573	0.3774540211437383	0.0100033104705823	0.01000373964685452	0.01010323756176196	0.01000739677628387	0.01001210350591567	0.4679992651085884	0.0644193093641762	0.01008814462559645	0.1649394852716405	0.02595473574516216	0.02387819314988297	0.01812555147319733	0.01675451280584811	0.0338927417937514	-0.01037960346226846	-0.2091419206238209	0.02406651353827922	0.1405295752479997	0.4589526367214961	-0.004542635771495242	0.04543789100518916	-0.1092232228194999	-0.1020224361950487	0.3402581477576513	-0.01202836991153509	0.08206653247066123	0.06802885389743442	0.01000454624367847	0.01000254680741708	0.01005211553127259	0.03411095254015415	0.01000257365523859	0.2499100213184606	0.09413011708578965	0.01615417473887623	0.09160680967095378	0.01469084304158563	0.05391484019093791	0.1035691986540546	0.01000212176902579	0.01000124838579406	0.01000136962168349	0.0100034385818825	0.01000399843400225	0.0100034604308078	0.01002532962940127	0.01004251754674884	0.01001139373448391	0.317376595325836	0.01001238846093702	0.1770483671377145	0.06272841561449841	0.01000677177636013	0.01000998533243259	0.01000264289307765	0.01003773230113229	0.01000274507417311	0.0100120486547981	0.01000356832261504	0.01002953596616541	0.3135376531828957	0.01003377563149039	0.01000145453530885	0.01000043136409329	0.01000104151692143	0.01000251144104903	0.01000136020225352	0.01003212863300735	0.01002332049173093	0.01001004664517718	0.01000403977698266	0.01001006028444786	0.01063735132819969	0.01000625603648834	0.01002019893666475	0.2346619758644457	0.2747880529986959	0.3048389168036561	0.9621627272428849	0.01001414469055017	0.01000840307857507	0.01000649512631916	0.9999494970356836	0.3687208879537918	0.2406900097223911	0.5565997175416634	0.534591554755418	0.6129053785851696	0.01000764629813713	0.01000428306596535	0.01001567787553033	0.01000843603470135	0.3353763032868499	0.01000336708966031	0.01000291404107883	0.01019590274884323	0.01000818458868171	0.01001453521109652	0.5056405800553248	0.1740151416964109	0.01001350498983416	0.2275505788946509	0.0100066234989614	0.01000346278001395	0.01002059024467054	-0.6114919878529805	-1.034420215170759	-1.750033913510549e-11	9.085196570202011e-11
0.468808046102669	-0.1151667621065934	0.04686292812846234	0.05428542571044509	2.92860815476757	0.9252215327804879	0.006658434085144713	0.3105980951964251	0.009500134601218667	-0.08847562095288372	0.05914299566405667	0.1939399965398849	0.2278385719835638	-0.1356291569049694	-0.09810994137431572	-0.009783919935169794	0.6886317782935676	0.6886317782937034	0.2173323344868625	0.217332334487364	-0.3887995030419479	0.05268573831406901	0.1419196560110721	-0.03526566230271879	-0.3688599462862388	-0.1911365698033541	0.6242606140523633	0.3493438379482387	1.029342987402262	1.23625463609392	0.01307907586305867	-0.03093019771896479	1.564484604866554	1.567020218164647	-0.3270689907601051	-0.02672359598835881	-0.3790726183550535	-0.7493328952786721	1.842965038330845	2.804030340308504	-0.1228370901934457	-0.04976359735942998	4.875736203023669	-0.0349182476520014	-2.974782094104444	-3.492855025217716	-1.050474809425057	1.822046944533964	-0.1780866464019093	0.8873151694434439	0.2849192954257663	2.26323214512103	2.263232145217875	-0.956250352261752	-0.956250352056864	-9.554206016256609	2.296462317871166	2.680908605081778	4.844232171697404	-3.776306684516033	-2.12267927639931	0.8209194372498739	-0.4961308214844366	12.96304647283123	11.83469102217938	-0.1629057103537591	0.5261862477017729	-3.245216525753191	-0.7563254019075082	2.019764321017458	-1.160630383509089	0.08208330895773641	0.09214235014250768	0.01000435602870034	0.01000244701838362	0.01030526653846781	0.04727910826616298	0.01000249080853134	0.2486281017665722	0.09396378324282902	0.01609206633156636	0.08611747752699125	0.01470160051658279	0.05588219639064203	0.1048367567003855	0.01000216833158496	0.01000123970450797	0.01000132268347475	0.01000351609479156	0.01000423035037479	0.01000378903964075	0.010034063387235	0.01006745336584427	0.01014356908861067	0.2898094142384347	0.01136017956499258	0.1628950027785866	0.0466650219470052	0.01409308845037862	0.01149237591515914	0.01000330643682295	0.01918165806091282	0.01000261767622394	0.01001145763353095	0.0100035067550414	0.01005090648354674	0.3084701343383869	0.01003474894219139	0.01000139903158548	0.01000041450951298	0.01000100143382593	0.01000287658305438	0.01000151245390756	0.01003289596819335	0.01002568274536773	0.01001411510659069	0.01000461205229468	0.01000999579621899	0.01070289922637366	0.01099596206947846	0.01111263793074141	0.1521581431400734	0.1880069177238689	0.2121881329045333	0.4845841374765386	0.0100586554685669	0.01001398283065712	0.01001031075927994	0.8713885406584553	0.3656536822972096	0.2507813050334685	0.4699855678542146	0.4680859097048917	0.6633426923695382	0.01001003765502402	0.01000434234026617	0.01003517229731176	0.01002419023271944	0.3574493575855428	0.01000343208471944	0.0100033231705573	0.01038384269586552	0.01000880105853476	0.01001461598798872	0.47833116544708	0.1122939370983995	0.01005953317026683	0.1688932178278912	0.02019525203717694	0.01884964061911035	0.0151589139269301	0.01418479766787172	0.03013740745317098	-0.00933537687749285	-0.2010287064320251	0.02590054806881625	0.1423275755140124	0.4460268397670891	-0.007705547605144479	0.05525874310264093	-0.1065957231922734	-0.09176596204573179	0.2994182718160129	-0.008879000699396476	0.04633165544915218	0.03906471014267635	0.01000424041960238	0.01000248472983301	0.01002926513999938	0.02209730546740393	0.01000252958380875	0.2519181233726183	0.0939400201668896	0.01632207307898048	0.09428947598314075	0.01481601036496539	0.05922848045152751	0.1084760757019291	0.01000221584732446	0.01000129971711386	0.01000136593942392	0.01000406680181681	0.01000457938152625	0.01000387819791518	0.01004304508943932	0.01006516931691344	0.01001748896403845	0.3136933621727159	0.01001067219464663	0.1727342055217003	0.05926921964367145	0.01000815573078622	0.01000834621510116	0.01000264003675095	0.01002936048132726	0.01000269882421786	0.01001145354937814	0.01000350954579276	0.010030683088446	0.315089893327415	0.01003522652268822	0.01000148668329351	0.01000044129216924	0.01000106458984679	0.01000289737570237	0.01000154706125622	0.01004409224412703	0.0100297987166143	0.01001047885433264	0.01000460811369674	0.01001295147554387	0.01212235480043551	0.01000503338497191	0.01001590646928624	0.326536473271222	0.4120960437194399	0.5404224012119863	0.9810767089130664	0.01001247337129607	0.01000740941885679	0.01000695918049817	0.8012646491165712	0.3039333595667288	0.174614440735098	0.50065971032295	0.4634864197365838	0.5374953419801869	0.01001087567746807	0.0100050103593766	0.01002454661438906	0.0100263086262568	0.2536484691150582	0.01000387617646108	0.0100023577444089	0.01144540690103679	0.01001382046941989	0.01002269842412119	0.5222921630963341	0.2463312007209754	0.01000885219419883	0.1332511999978274	0.01001008075510893	0.01000433308499378	0.01001811783113156	-0.6155659361036449	-0.8770482190281564	4.346076452821919e-12	1.008259611734333e-10
0.4732728846369802	-0.1169952509238721	0.04353001440272726	0.06267648983657143	2.941107457585222	0.9246794061025527	0.006406075305137139	0.3324746026213964	0.00905990565786219	-0.1018359856067011	0.04406204934043877	0.1891436532958836	0.2355321588299357	-0.1362779175886193	-0.09413646521814005	-0.008727202882128316	0.6985727155256444	0.6985727155260029	0.2135645623267361	0.2135645623267854	-0.4317716732477427	0.06296074003857226	0.1540521617611819	-0.01253679003838751	-0.3853056323423594	-0.2001809823920262	0.6278427162321149	0.3468140886426069	1.088189624818873	1.287788010010791	0.01203825753615148	-0.0280307908448746	1.552592575223843	1.563005238093275	-0.3176412166456143	-0.03348017642499442	-0.4406132122896886	-0.7356270589397826	1.920532080911531	2.794519128631201	-0.1196084118423514	-0.06386319220151949	4.923738143784686	-0.1753389195441357	-3.015591039919422	-3.255623921091802	-1.084942158240362	1.639463760333871	-0.1128925365723808	0.8838529679509385	0.1829795069207896	2.191206609206115	2.191206609206056	-0.7178589045384007	-0.717858904538751	-9.677070325323697	2.311001229542701	2.766002413284442	5.350403526162959	-3.589256111320422	-1.922372278149654	0.7839208711573845	-0.6293872400895295	13.3430518605672	11.21714134216369	-0.3007523459238282	0.7575364233263543	-2.115669878669516	-1.038915690130654	2.209547011197355	-1.854063637356155	0.06399849266612194	0.06988520039621647	0.01000425135353649	0.01000244829149344	0.01019896277131403	0.03627545375830429	0.01000249614522938	0.2497691508867339	0.09392362491995306	0.01620936340614843	0.08920949479082474	0.01476852272429622	0.05798961515529566	0.1068000512228488	0.01000220492124092	0.01000127224613301	0.01000133788377639	0.01000384636781787	0.01000447676876703	0.01000390662662315	0.01004096608528554	0.01007120727022775	0.01009835216238381	0.2953309485636659	0.01086352582115251	0.1650658241848022	0.05033350595667754	0.01259724640509077	0.01094637129472027	0.01000306025662163	0.01585362246955082	0.01000263815141859	0.01001133535298221	0.01000349597130878	0.01004368589901457	0.3103156314837665	0.01003521932690426	0.01000143788245397	0.01000042639402388	0.01000102940384792	0.01000296258434273	0.010001563196649	0.0100394472869245	0.01002851258440044	0.01001286256937188	0.01000472591391063	0.0100116719885208	0.01152520532750869	0.01063108441913074	0.01070827832810586	0.2156702409820208	0.2687133600742009	0.3311500842422777	0.5948534983255148	0.01004129745488705	0.01001135838178857	0.01000916947232386	0.8364963789404204	0.3427907651961183	0.221395664309874	0.4702647983221131	0.458711349793439	0.6290272182333838	0.01001100167634329	0.010004736423172	0.01003305328907669	0.01002859440997163	0.322110795004954	0.01000369926445529	0.01000285421262613	0.01102744684798358	0.01001179529462422	0.01001925070267136	0.4900180337347389	0.1642484687515738	0.01003991384891953	0.1438380142858536	0.0164999381785328	0.01563344381158663	0.01327862071154099	0.01161508252990061	0.02638207311259144	-0.00829115029271927	-0.1929154922402293	0.0277345825993537	0.1441255757800243	0.4331010428126829	-0.01086845943879183	0.06507959520009278	-0.1039682235650472	-0.08150948789641441	0.2585783958743745	-0.005729631487259002	0.01059677842764479	0.01010056638791917	0.01000393459552743	0.01000242265225089	0.01000641474872854	0.01008365839465405	0.01000248551238054	0.2539262254267761	0.09374992324798942	0.01648997141908411	0.09697214229532782	0.01494117768834442	0.06454212071211715	0.1133829527498038	0.01000230992562287	0.01000135104843351	0.01000136225716521	0.01000469502175448	0.01000516032905122	0.01000429596502228	0.01006076054947806	0.01008782108707865	0.01002358419359562	0.3100101290195962	0.01000895592835931	0.168420043905686	0.05581002367284443	0.01000953968520952	0.01000670709777167	0.01000263718042449	0.01002098866152307	0.01000265257426741	0.01001085844395977	0.01000345076897053	0.01003183021072649	0.3166421334719344	0.01003667741388563	0.01000151883127738	0.010000451220243	0.01000108766277069	0.01000328331035674	0.01000173392026029	0.01005605585524535	0.01003627694149686	0.01001091106348788	0.0100051764504116	0.01001584266664124	0.0136073582726687	0.01000381073346006	0.01001161400191016	0.4184109706779999	0.5494040344401872	0.7760058856203158	0.9999906905832452	0.01001080205204645	0.01000641575914442	0.01000742323468254	0.6025798011974575	0.239145831179666	0.1085388717478051	0.4447197031042362	0.3923812847177492	0.4620853053752042	0.0100141050567999	0.01000573765278722	0.01003341535324851	0.01004418121781504	0.1719206349432666	0.01000438526326168	0.01000180144774311	0.01269491105322967	0.01001945635015921	0.01003086163714575	0.5389437461373433	0.3186472597455399	0.01000419939857472	0.03895182110100406	0.01001353801124531	0.01000520338993957	0.01001564541759228	-0.6197776606491012	-0.7845212949536214	2.922822277655744e-11	1.063541083794225e-10
0.4777377231712913	-0.119097521463379	0.04037777584242092	0.07144322874614578	2.953560388851186	0.9241570625965151	0.006085172111106465	0.3545544951789943	0.007806054971730091	-0.1154184284963152	0.03008259823079628	0.1843659450413014	0.242631995129423	-0.1366484738937058	-0.09031097487847509	-0.008163829022412167	0.7082244827635719	0.7082244827636164	0.2109657813660501	0.2109657813659501	-0.4751009104339699	0.07333312384172913	0.1667705327483922	0.01258360527184811	-0.4008959561937031	-0.2082522018851402	0.631256807163655	0.343629092124659	1.148133141817872	1.336233859166198	0.01057038413276543	-0.02431832722020612	1.544256582942978	1.557792826926299	-0.3073174337005901	-0.04421628819954772	-0.4975141601010524	-0.6703692229715819	2.002795731605097	2.783911813006979	-0.1131554035759602	-0.07972767942086433	4.960814956844347	-0.3922409174990862	-3.061950882495551	-3.011074404331485	-1.049159387537442	1.541355654630954	-0.05716059726550726	0.8228242018230472	0.07243220168776304	2.131346205593079	2.131346205629202	-0.4481037537256654	-0.4481037535468964	-9.720969116962779	2.333515281019253	2.949859383717472	5.90631973301462	-3.390630670949058	-1.688542651974271	0.7464702531708027	-0.812479673054514	13.47353782976492	10.46753849678568	-0.3404100790885505	0.9042747179959002	-1.880956357758827	-1.287964018555397	2.404605862086441	-2.928532279753897	0.05649588311011274	0.05575443127430867	0.01000413187977645	0.01000244158438753	0.01012769271166613	0.03164282872204136	0.01000249588598529	0.2513661978302068	0.09622885897450294	0.01673041960307847	0.09068466545143734	0.01472453015959093	0.06064232672801854	0.1090302846622531	0.01000224668400444	0.0100013063898916	0.01000135212256475	0.01000418926768993	0.01000474775773554	0.01000405643518105	0.01004849271702168	0.01007449971784943	0.01007168183988206	0.3055615192266526	0.01054679069897149	0.1647516675553801	0.0502336012102074	0.01164106807845892	0.01059819585490462	0.01000289740841825	0.01371026760223216	0.01000264502106939	0.01001116314108095	0.01000347962870901	0.01003858171033064	0.3129087241897862	0.01003621183741653	0.01000147670286656	0.01000043817636725	0.01000105752518385	0.01000308401090607	0.01000163070977231	0.01004428134264359	0.01003212401460002	0.01001207175337039	0.01000489563379251	0.01001318632506719	0.01222301064099705	0.01039844890299286	0.01044984823445115	0.2719995015022543	0.3683571708519842	0.448586339100832	0.6805158414611939	0.01003193346983673	0.01000976670401697	0.010008677584254	0.8050783738735918	0.3230948392426653	0.1953921589110256	0.4715145078299099	0.4489471973578513	0.5966699122899041	0.01001355403750014	0.01000518993502121	0.01003184140867953	0.010031565112659	0.2878919040120728	0.01000399357984986	0.01000246775658995	0.01164414333932421	0.01001451769198503	0.01002311299842292	0.5270657837518375	0.2160185392449645	0.01002650681850441	0.1099824398798846	0.01411928076361313	0.01356459738195202	0.01207368761498275	0.01213232114500096	0.02664689401282576	-0.0112645750005477	-0.1888433342484509	0.02808335753692834	0.1470587715521419	0.4228838148714506	-0.05182326460455609	0.07029152193492497	-0.1014703423506738	-0.06833246806258628	0.2252280765846646	-0.003106416570448257	0.06883891913915116	0.04308037093605555	0.01000392520648868	0.01000243709886012	0.01000725034162745	0.03463937462511914	0.01000250427483192	0.2576284199986866	0.1077901588381767	0.01864098417093595	0.09093818194341867	0.01439058456848258	0.06697725602027572	0.1144236189385559	0.01000232405984389	0.01000137579377214	0.01000138856361786	0.01000483696302788	0.0100052480188144	0.01000432272239533	0.01006166725614614	0.01007323632167333	0.01002901083237862	0.360099823722539	0.01000854636390495	0.1599413778717964	0.04489030829869095	0.01000858530114831	0.0100065075163251	0.01000260772124888	0.01001846760229522	0.01000266050048381	0.01001088321259472	0.01000345245954785	0.0100282594984071	0.3245643562945188	0.01003896543993315	0.01000156322405716	0.01000046424355638	0.01000112055722343	0.01000329494384579	0.01000175445436132	0.01004931344556537	0.01003998140302496	0.01001057331128299	0.01000518871436506	0.01001566934208161	0.01324025131922111	0.01000323983085452	0.01001050811154893	0.4340227553254844	0.7745337851316592	0.8651278963230409	0.9999881803292251	0.01002070838636497	0.0100076479419416	0.01000821612706319	0.7534640642790644	0.2821901141354552	0.1417360994701221	0.5046443762183715	0.4363810100429514	0.486703683891921	0.01002120684912698	0.01000615072506088	0.01002658975126869	0.01002991004006827	0.1949468292399562	0.01000458514521969	0.01000182433686068	0.0126923967057389	0.01001883336702837	0.01002859102455375	0.768393816471212	0.3737299848734764	0.01000342016703232	0.02552013106049906	0.01001212563360034	0.01000348290427056	0.01001115529581987	-0.6256678738790666	-0.733825522268571	5.618018551107073e-11	1.088509954044408e-10
0.4822025617056024	-0.1214059835927267	0.03759769538204531	0.08052790645106415	2.965968753011214	0.9236798330223108	0.005695524798682183	0.3767193738227528	0.005504418318333325	-0.129118935050337	0.0171323369292778	0.1798289951415332	0.2493003144962341	-0.1368246381664852	-0.08685079403058578	-0.008053156569586566	0.7175968793960256	0.7175968793957912	0.2095465928501632	0.2095465928499669	-0.5184780689857355	0.08378277543496439	0.1805607689393075	0.04024206080616222	-0.415549709493743	-0.2152185502024427	0.6345179873663208	0.3394234892074053	1.208193387081832	1.381113542522099	0.009144625060840175	-0.01996632501107723	1.533451630744187	1.551575495045448	-0.2962610994440569	-0.05939360843985465	-0.5329756408217342	-0.5689208176400261	2.062951033654361	2.774555536792847	-0.09939987607201307	-0.09465674600497731	4.96180722977719	-0.6446889901654287	-3.068477039513593	-2.794603924610249	-0.9770956801340799	1.446168062816108	-0.02581565507880117	0.7202145188468937	-0.01980561887891352	2.066064088695124	2.066064088695144	-0.1894668835701595	-0.1894668835701087	-9.698536408792481	2.345612936574826	3.246138558533568	6.487313752722359	-3.169724491854681	-1.427451284075819	0.7154253448482845	-1.086562316217087	13.3953396046609	9.619696881889396	-0.2818873940075705	1.044014184737071	-3.221626961544071	-1.489064426665391	2.537689342944873	-3.84347866571339	0.07112789675213631	0.05745846985668142	0.01000405374391072	0.01000244282091739	0.01008348270103607	0.03739829510516362	0.01000250277551178	0.2535147750097883	0.1022711602301952	0.01785355567740681	0.08972210470736119	0.01449205392120206	0.06320873429219548	0.1108792537790982	0.01000227806942801	0.01000133700476677	0.01000137089339747	0.01000445671416443	0.01000494991395221	0.01000416002935992	0.01005353452745892	0.01007107703232557	0.0100570590374085	0.3256114736727157	0.01034851599747216	0.1620569629078588	0.04636060725227097	0.01104075620408628	0.01038030214814985	0.01000278461734823	0.0123568253582838	0.01000265229803573	0.01001106493184485	0.01000347003484736	0.01003405281844195	0.3168210663118632	0.01003769076697654	0.01000151760849548	0.01000045042451805	0.01000108743500433	0.01000316418764202	0.01000168055616968	0.01004476906643719	0.01003577031909146	0.01001145099606296	0.01000500619802814	0.01001406657307011	0.01252202765071404	0.0102527779385026	0.01028782722191346	0.314993524123841	0.4904605920726137	0.5516893645021291	0.7463732243854579	0.01002980488819818	0.01000923548481379	0.010008668092444	0.8105246078858175	0.3185914012504407	0.1852964508142084	0.4858677934350542	0.4513048558921514	0.5760954322658852	0.01001781434481335	0.01000562827858711	0.01002852201459903	0.01002806189847756	0.2673205230878648	0.01000425241791577	0.0100022351300767	0.01202850097718652	0.01001598321193521	0.01002467201800123	0.6051695726276229	0.2657774701078885	0.01001784059860523	0.08094399461071516	0.01261479804140087	0.01225893458569675	0.01131506752634052	0.01264955976009844	0.02691171491306046	-0.01423799970837442	-0.184771176256672	0.02843213247450248	0.1499919673242601	0.4126665869302182	-0.09277806977032164	0.07550344866975715	-0.09897246113630015	-0.05515544822875803	0.1918777572949552	-0.0004832016536369775	0.1270810598506593	0.07606017548419292	0.01000391581745199	0.01000245154547269	0.01000808593453205	0.05919509085558446	0.01000252303728724	0.261330614570597	0.1218303944283635	0.02079199692278727	0.08490422159150983	0.01383999144862012	0.06941239132843435	0.115464285127308	0.01000233819406556	0.01000140053911242	0.01000141487007384	0.01000497890430364	0.01000533570857804	0.01000434947976783	0.01006257396281479	0.01005865155626795	0.01003443747116267	0.4101895184254823	0.01000813679945441	0.1514627118379066	0.03397059292453741	0.01000763091708551	0.01000630793488118	0.01000257826207127	0.01001594654306756	0.01000266842670798	0.01001090798123213	0.0100034541501257	0.01002468878608707	0.332486579117103	0.01004125346598045	0.01000160761683644	0.01000047726686853	0.01000115345167496	0.01000330657733304	0.01000177498845869	0.01004257103588473	0.01004368586455158	0.01001023555907683	0.01000520097831749	0.01001549601752303	0.01287314436577324	0.01000266892826498	0.01000940222119462	0.4496345399729677	0.9996635358231253	0.9542499070257653	0.9999856700752042	0.01003061472068793	0.01000888012474432	0.01000900901944575	0.9043483273606722	0.3252343970912446	0.1749333271924396	0.5645690493325067	0.4803807353681531	0.5113220624086373	0.0100283086414528	0.01000656379733266	0.01001976414928818	0.01001563886231886	0.2179730235366458	0.01000478502717571	0.01000184722598316	0.01268988235824694	0.01001821038390017	0.01002632041196034	0.9978438868050808	0.4288127100014105	0.01000264093550617	0.01208844101999486	0.01001071325597464	0.01000176241866069	0.01000666517408071	-0.6330706854653287	-0.7076498498477801	4.36807281181216e-11	6.314015198050521e-11
0.4866674002399135	-0.1238042472060518	0.03529337693858169	0.08978569825213534	2.978342102026657	0.9232839941694054	0.005246696126756632	0.3987784379027357	0.002108635439976432	-0.1426859791894825	0.005028354543129377	0.1756002651024274	0.2553910176034235	-0.1369269742448016	-0.08387803206908384	-0.008258864411130483	0.7266335859342308	0.7266335859341119	0.209177650983474	0.2091776509834136	-0.5616353895630684	0.09429135179294958	0.1957295036156958	0.07052563346507169	-0.4291377667047066	-0.2209711907224358	0.6376462832241114	0.3339339367339711	1.267515034038833	1.421999835053581	0.008141905631992203	-0.01480691945049365	1.515229103650823	1.544571335458955	-0.2848700703530121	-0.07809247953928124	-0.5394915376520844	-0.4688051944200109	2.078708180390084	2.768626012424428	-0.07713681709650511	-0.1058025453641629	4.91545709719333	-0.864210497020231	-2.997943468949349	-2.63206097410075	-0.9260178866160376	1.273102211401906	-0.02019629763133093	0.6172242164891807	-0.06616061187463348	1.977540361037717	1.977540361046368	0.01794204738966532	0.01794204730469524	-9.629317167271891	2.364211828063301	3.535733585258336	7.074821948355098	-2.909393269431109	-1.147785109575759	0.6839171842553101	-1.366883044534882	13.15934676149496	8.684019559338905	-0.1743525010799586	1.285099019366762	-4.754616464040869	-1.642672841867023	2.537710544946755	-4.526347509252019	0.09475024406461831	0.06821916738514035	0.01000402161771454	0.01000246152362645	0.01005601079636869	0.05094092147593748	0.01000252391290591	0.2553958598866307	0.1097277508962479	0.01966320195698398	0.08726796973970412	0.01421831692387479	0.06532095385380327	0.1121301527820341	0.01000230735708827	0.01000136843950592	0.01000139757411243	0.0100047065062303	0.01000511740027933	0.01000423228036804	0.01005633579383343	0.01006550180583831	0.0100480090834813	0.3477557873931811	0.01022227006993131	0.1594010891303248	0.04288641115210332	0.01065782501056793	0.01024158226593379	0.01000269910165907	0.01149150904074342	0.01000267923822155	0.010011101313838	0.01000347736584743	0.01003031185696486	0.3203203903596655	0.01003890014184031	0.01000156493565743	0.01000046489563016	0.01000112229293451	0.01000320830220849	0.01000171518052849	0.01004307104927999	0.01003897305034038	0.01001065832795247	0.01000506499420294	0.01001450114068432	0.01265374211758994	0.01015995052159581	0.01018429231112754	0.357980926084316	0.602284813822926	0.6405431518482941	0.7981377434517668	0.01003125580682422	0.01000920496522447	0.01000888374887853	0.8344945433765297	0.3191066901140673	0.1804037371675332	0.5084861243202098	0.4587645711182303	0.5598726575776479	0.01002211954446502	0.01000606544640802	0.01002469806761503	0.01002277493275303	0.2477334806942073	0.01000447662595346	0.01000209186865248	0.01229208679019295	0.01001660450553603	0.01002493134660732	0.6880568985277169	0.3135867218328364	0.01001216910039906	0.05803255977069892	0.0116523469982365	0.01142452932551264	0.01083042467565371	0.0129246918827563	0.02886830876019216	-0.01462969043481979	-0.1794676756958881	0.02785491380482023	0.1526309321103388	0.394169067792252	-0.06369261975012919	0.0791230195322792	-0.09416379639912806	-0.04203203126098371	0.1555533467830969	0.001013865441735272	0.1583784341760089	0.1013855772758249	0.01000401272854512	0.01000253012545668	0.01001064531406923	0.09159029943781895	0.0100025920728085	0.2601487032323767	0.1298043122866168	0.02460579411162038	0.07959097771870335	0.01366694920144462	0.06958561131755302	0.1143923815953564	0.01000237353394137	0.01000144026605672	0.01000146734564787	0.01000526305491486	0.01000545895912617	0.01000435919125905	0.01005975589905963	0.01005376959443121	0.01003110916568636	0.4220490892765669	0.01000809170420833	0.1542137018199519	0.03845037816130843	0.01000644855171552	0.01000618308888202	0.01000253333081909	0.01001523336356922	0.01000277481318359	0.01001138784963615	0.01000352093436257	0.01002334514924836	0.329636422073079	0.01004068065868932	0.01000167813122584	0.01000050013093069	0.01000120592662531	0.01000326208316883	0.01000177264909765	0.01003809502202818	0.01004503309909687	0.01000850350214818	0.01000513244707597	0.01001500893437525	0.01288376644028646	0.01000239410593209	0.01000806440335086	0.5283842066654189	0.9998072593274843	0.9770803127053175	0.9999876433048897	0.01003645044627229	0.01000939501914647	0.01000946201828091	0.9521337586872859	0.3164844687098441	0.1616239079683351	0.6101404849943955	0.4881576181291006	0.4896546358815855	0.01003039081455863	0.01000701743706216	0.01001685608177168	0.01001220726104535	0.1678945465761656	0.0100049183121758	0.0100018511697893	0.01278775283441528	0.01001716439028377	0.01002453152635418	0.9989131816737192	0.4759014363319161	0.01000248570173536	0.01142613869861179	0.01000848593437244	0.01000157113583349	0.0100056228921922	-0.6393354508022431	-0.6878098519461034	1.123045866154195e-12	-1.930039083310821e-11
0.4911322387742247	-0.1262071987667543	0.03336213183218301	0.09904261394787064	2.99069711444734	0.9229979657815808	0.004756019472057473	0.4205773410468802	-0.002103556097364476	-0.1557926025609324	-0.00641355616648979	0.1714806853506306	0.2605881028499025	-0.1370065136125612	-0.08128733047183841	-0.008588767409658077	0.7352169310256249	0.7352169310256613	0.2096509144561223	0.2096509144561007	-0.6044269723012946	0.1049173322308969	0.2120187173009302	0.1033891376042595	-0.4414619816145443	-0.2254533685507497	0.6406076386163817	0.3272674020228483	1.32554029308648	1.458560141725453	0.007524515488412137	-0.008330197700370573	1.492659272153399	1.536958192313199	-0.27384259758153	-0.09975678903869888	-0.535075594711378	-0.4018047144348282	2.062558553132803	2.766341764188252	-0.05021087976037715	-0.1134023179787651	4.845269559544506	-1.010394701276562	-2.862234075851621	-2.498032567206033	-0.9282024811536067	1.045876792891237	-0.01560395644789414	0.5490727302321972	-0.07543809694224139	1.862983263806602	1.862983263806615	0.187794300794222	0.1877943007942212	-9.534706137048243	2.398203430626158	3.748050985768842	7.64297997595181	-2.603593218214278	-0.8583544819168117	0.6406452784026372	-1.61378505603055	12.81462975427546	7.681895200154809	-0.1092813257663317	1.634098873573697	-5.168978184591831	-1.761855279896203	2.374836285000637	-5.171830528742416	0.1199241654921612	0.08360337913767399	0.01000403796627948	0.01000250272418835	0.01003981240639425	0.07055625568006979	0.0100025630503377	0.256469981188119	0.117261896944675	0.02220160534117598	0.08386940070317192	0.01398191103865294	0.06677122161634275	0.1126515184637728	0.01000233892306215	0.01000140299273226	0.01000143394909014	0.01000496921092723	0.01000526828215344	0.01000428105017351	0.01005702593150752	0.01006018662532412	0.01004110631031659	0.3670525656259458	0.01014335746250727	0.1583215696542518	0.04219241804605182	0.01041777683195817	0.01015483911585363	0.01000262880924397	0.0109485399286701	0.01000273602407484	0.01001130431789954	0.01000350700421939	0.01002747109448348	0.3222393164031067	0.0100394401970126	0.01000162097443807	0.01000048251878897	0.01000116376833772	0.01000321910289412	0.01000173587949494	0.01004032999090973	0.01004147915496778	0.01000951291881724	0.01000507593427283	0.01001458962883352	0.01274021339283411	0.01010184577298333	0.01011909442035081	0.4081254538065214	0.6857522509738191	0.713061788847512	0.8389685469429766	0.01003435278203641	0.01000937918921804	0.01000918851032201	0.8632238922967796	0.3173248484296942	0.1730672385090798	0.5359076557475159	0.4662659246449481	0.5423760774034704	0.01002559007957447	0.01000650883115959	0.01002121756324919	0.01001818442796924	0.2195456097689924	0.01000466665249115	0.01000200391553519	0.01249362570721616	0.0100165998957395	0.01002442168100549	0.7521581006284515	0.3593311674496476	0.01000856866738612	0.04195024324946765	0.01104760670117276	0.01090122397788628	0.01052663730566877	0.01319982400541313	0.03082490260732524	-0.01502138116126603	-0.174164175135104	0.02727769513513808	0.1552698968964171	0.3756715486542861	-0.03460716972993622	0.08274259039480139	-0.08935513166195602	-0.02890861429320925	0.1192289362712385	0.002510932537106875	0.1896758085013582	0.1267109790674562	0.01000410963963957	0.01000260870544298	0.01001320469360972	0.1239855080200529	0.01000266110833347	0.2589667918941562	0.1377782301448697	0.02841959130045334	0.07427773384589746	0.01349390695426839	0.06975883130667127	0.1133204780634042	0.01000240887381888	0.01000147999300386	0.01000151982122484	0.01000554720552828	0.01000558220967548	0.01000436890275118	0.01005693783530481	0.01004888763259439	0.01002778086021073	0.4339086601276519	0.01000804660896735	0.1569646918019971	0.04293016339807924	0.01000526618634939	0.01000605824288755	0.01000248839956522	0.01001452018407129	0.01000288119966583	0.01001186771804216	0.01000358771859853	0.01002200151240911	0.3267862650290553	0.01004010785139771	0.01000174864561431	0.01000052299499028	0.01000125840157372	0.01000321758900384	0.01000177030973452	0.01003361900817109	0.01004638033364074	0.0100067714452193	0.01000506391583399	0.0100145218512282	0.01289438851479856	0.0100021192836223	0.01000672658551608	0.6071338733578698	0.9999509828318482	0.9999107183848686	0.9999896165345747	0.01004228617185271	0.01000990991354838	0.01000991501711565	0.9999191900138982	0.3077345403284438	0.1483144887442307	0.6557119206562838	0.4959345008900476	0.4679872093545334	0.01003247298766334	0.01000747107679088	0.01001394801425557	0.01000877565977311	0.117816069615685	0.01000505159717449	0.01000185511359796	0.01288562331058283	0.01001611839666957	0.01002274264074727	0.9999824765423595	0.5229901626624233	0.01000233046798194	0.01076383637722905	0.01000625861278534	0.01000137985303446	0.01000458061032715	-0.642491792574744	-0.6741072665679573	-3.397630641504115e-11	-4.82504454871638e-11
0.4955970773085359	-0.1285847278244934	0.03163872228428593	0.1081829298883439	3.003049815017766	0.9228382204392404	0.004237910237489981	0.4420346470575446	-0.006788961856559434	-0.1681776194630503	-0.01728724427672421	0.1672247512524082	0.2647227901997189	-0.1370444724352598	-0.07890519494001215	-0.008906084729559886	0.7432317055174309	0.7432317055174668	0.2108156286612319	0.210815628661224	-0.6467446781053863	0.115699503087598	0.2291615621730634	0.1387080834626839	-0.452320133234008	-0.2286420870869482	0.6433565680084187	0.319540252688101	1.381803029030745	1.490535510650558	0.007025112029360115	-0.0001402341682660753	1.470124090912108	1.528926117087666	-0.2638856959533998	-0.1241685111131285	-0.5297866959745153	-0.3745136232514595	2.029700958810607	2.767510583181727	-0.02116174004115122	-0.1183023983833466	4.765090921371979	-1.078791565577055	-2.679519103395412	-2.373809453253561	-0.9836515007652277	0.8053305637427914	0.0001636139124178893	0.5222106091571561	-0.06465175028383588	1.724084267725165	1.724084267575765	0.3303970413399741	0.330397041293011	-9.41717971458832	2.429765609049004	3.929981835439941	8.168728818776092	-2.254455905229179	-0.5719161131435428	0.5898040512162014	-1.849090781416005	12.37261881874402	6.636464252784807	-0.1190798539953691	2.037721583074537	-4.868075346591546	-1.823989073164209	2.076557438860077	-5.751473364965345	0.1433189664275096	0.0984024924665407	0.0100041053572206	0.01000257430964841	0.0100376217120246	0.09072667713329824	0.01000262432259899	0.2552709280955609	0.1225647590434844	0.02433152059544634	0.08094835316540278	0.01384057318359699	0.06750415734527043	0.1122954703139918	0.01000237498298417	0.01000144193572935	0.01000148358204703	0.01000523073724413	0.01000539811863775	0.01000430978870261	0.01005702313046273	0.01005530566226547	0.01003541225993706	0.3819653656875045	0.01009319992434033	0.1575254733180959	0.04190075253500727	0.01026467047929002	0.01009964769808426	0.01000256855772932	0.01060238206010832	0.01000282755978441	0.01001169889996796	0.01000354609377749	0.01002523378389393	0.3212430539761535	0.01003963981715486	0.01000168754736997	0.01000050708231676	0.01000121465720232	0.01000320738193851	0.01000174658533309	0.01003714343363861	0.01004336743241287	0.01000833253937026	0.01000504595011787	0.01001444687077222	0.01280390976019929	0.01006480531580999	0.01007726593669049	0.4616193375853719	0.7506337785211957	0.7719651063690753	0.8714384184288885	0.0100350646064548	0.01000934573744941	0.01000945108162138	0.8907279101950935	0.3113553918748899	0.1572083480253077	0.5675491984762446	0.4717938425085459	0.5208905108168841	0.01002764642226945	0.01000734893280939	0.01001823655366377	0.01001454940447421	0.1838638678476839	0.01000485140919756	0.01000194832917562	0.01265614279453075	0.01001636477545351	0.01002375973712093	0.8026933088269174	0.396365136279803	0.01000621831874328	0.03270688138220977	0.01066170069556357	0.01056778979286171	0.01033296574305752	0.01312059773813066	0.03239336372774753	-0.01670849755791139	-0.1663150375538955	0.0269494400362342	0.1613141639949966	0.3494923224888052	-0.02372179360959215	0.08446115368957915	-0.08391848070755756	-0.01802730259639788	0.08034770099008534	0.004858501106354881	0.2037311759624988	0.1321792823849253	0.01000431647439261	0.01000277226346351	0.01005217531255024	0.1395184482161862	0.01000278711566777	0.2453622851975585	0.1315386533672785	0.02780042607160109	0.07543096807688203	0.01369029121443373	0.06825837070346302	0.109868529667107	0.01000246002204104	0.01000153241342952	0.01000160975436197	0.01000578571709776	0.01000564977268295	0.01000434922053849	0.01005708841020131	0.01004540624121533	0.01002398463738057	0.4262858796627744	0.01000826863760446	0.1543435489432415	0.03995644931590042	0.01000457450289608	0.01000608661446384	0.0100024475678047	0.0100139557368119	0.01000307214480541	0.01001280718481841	0.01000363381587244	0.01002095309362512	0.3102567493047348	0.0100398635660581	0.01000184579539129	0.01000057137843702	0.01000133827116403	0.0100031611862779	0.01000176000290209	0.01003008777355067	0.01004673380914964	0.01000594565132339	0.01000493484506253	0.01001392509696711	0.01292903134545793	0.01000192193147094	0.01000603149711078	0.6727334756149794	0.9999615082188776	0.9999379992947449	0.9999908774835295	0.01003096664979164	0.01000874263509137	0.01000988034722706	0.9999085067373076	0.2797537832887498	0.0904295360385082	0.7070315005370665	0.4863905736016679	0.4198699404282745	0.01002994700440802	0.01000991854444632	0.01001251649163815	0.01000805043390711	0.06397387877948778	0.01000526307062549	0.01000185337307108	0.01297638225829072	0.01001582472890682	0.01002254357219881	0.9999853024819034	0.5079418816467042	0.01000215294545329	0.01989850634909116	0.01000540669896063	0.01000123893081368	0.01000399078402892	-0.6419390985213987	-0.6657547015057929	-6.273607822107915e-11	-3.173358520559193e-11
0.500061915842847	-0.1309367813986411	0.02997921355103621	0.1171484837669789	3.015414802360261	0.9228106451212265	0.00370300511177485	0.4631162537879849	-0.01165095431320144	-0.1796658425354016	-0.02762013409438666	0.1626484949017239	0.267771383210025	-0.1369910971678678	-0.07658648528405151	-0.009147774797377583	0.7505847034773024	0.7505847034773631	0.2125696787227511	0.212569678722732	-0.6884827455341304	0.1265978760208655	0.2471031602229012	0.1762509172146903	-0.4615417492319766	-0.230577375439023	0.6458661937164927	0.3107418542577481	1.43588683795487	1.517778476207371	0.006419593748906847	0.009894314569292002	1.449702010119401	1.520778427156659	-0.255377708138588	-0.1510102745917309	-0.5236640187094326	-0.3731807371544281	1.984274877514859	2.771845558707641	0.008993957140558921	-0.1209259474542516	4.676977144440784	-1.089495709545473	-2.460520231700674	-2.25578490093258	-1.071689118606801	0.5593668196606061	0.02530869471766025	0.5206615056282176	-0.04156131098411497	1.566544070909321	1.566544070909382	0.4517840724721373	0.4517840724721633	-9.275060294393526	2.450255510280273	4.105848099208472	8.639158409022919	-1.870516047152642	-0.2968873167847889	0.5334505218576272	-2.09364520943765	11.83859135238203	5.562040994473294	-0.1568148719354976	2.460370733077147	-4.222426397156489	-1.813644256094257	1.725803274005565	-6.260354333719283	0.1632185036098955	0.1099087553941117	0.0100042251457294	0.01000268045032046	0.01005088383882387	0.1087787773320002	0.01000270991751921	0.2508065039528729	0.1242728741466224	0.02545154387706583	0.0793564886776171	0.01382502236096741	0.06748422367072777	0.1109685731603754	0.01000241671009014	0.01000148594168336	0.01000154835775593	0.01000548363483152	0.01000550456606463	0.01000432032695548	0.01005707737860429	0.01005095072204615	0.01003043042462731	0.3914108482329953	0.01006194956317766	0.156191905463571	0.04066190012956456	0.01016871706627841	0.01006517897111003	0.0100025155999862	0.01038561344277373	0.0100029564402885	0.01001229826265977	0.01000358782777017	0.01002344296516173	0.3163972581983527	0.01003967286460338	0.0100017656165797	0.01000054058986501	0.01000127643708128	0.01000317884680251	0.01000174937372811	0.01003382741540445	0.01004467953885724	0.01000728524916952	0.01000497871106273	0.01001413360159979	0.01285675148289576	0.01004159349642673	0.01005087584911056	0.5162901057736885	0.8013955844239117	0.8182378016098045	0.8972617332310646	0.01003125919741555	0.01000888650314403	0.01000960203021599	0.9126307802843644	0.2998410206499598	0.1283418489695291	0.6030328845225783	0.4739299019920198	0.4933543700886047	0.01002798209464392	0.01000879252504967	0.01001583737601578	0.01001200682762291	0.1411925749603943	0.01000504617797734	0.0100019129823987	0.01279181598969819	0.01001610821631861	0.01002327167123147	0.842580822442012	0.4203485109576729	0.0100046838135875	0.0299235282374201	0.01041991135940516	0.01035915410273864	0.01021167281486732	0.01304137147085318	0.03396182484816885	-0.01839561395455724	-0.1584658999726873	0.02662118493733045	0.1673584310935763	0.3233130963233238	-0.01283641748924762	0.08617971698435667	-0.07848182975315911	-0.007145990899586949	0.04146646570893221	0.007206069675603437	0.2177865434236399	0.1376475857023951	0.01000452330914716	0.01000293582148658	0.01009114593149416	0.1550513884123194	0.01000291312300512	0.2317577785009607	0.1252990765896866	0.02718126084274851	0.07658420230786701	0.01388667547459825	0.06675791010025516	0.1064165812708105	0.01000251117026411	0.01000158483385678	0.01000169968750147	0.01000602422866951	0.01000571733569118	0.01000432953832586	0.01005723898509813	0.01004192484983616	0.01002018841455051	0.4186630991978977	0.01000849066624824	0.1517224060844858	0.03698273523372137	0.01000388281944896	0.01000611498604737	0.01000240673604243	0.01001339128955362	0.01000326308995119	0.01001374665159655	0.01000367991314751	0.01001990467484058	0.293727233580414	0.01003961928071801	0.01000194294516737	0.01000061976188066	0.01000141814075253	0.01000310478355068	0.01000174969606706	0.01002655653892993	0.01004708728465698	0.01000511985742756	0.01000480577429056	0.01001332834270669	0.01296367417611604	0.01000172457935296	0.01000533640871641	0.738333077872089	0.9999720336059057	0.9999652802046216	0.9999921384324839	0.01001964712773067	0.01000757535663638	0.01000984567733798	0.9998978234607164	0.2517730262490561	0.0325445833327869	0.7583510804178489	0.4768466463132882	0.3717526715020158	0.01002742102115161	0.01001236601209971	0.01001108496902045	0.01000732520804037	0.01013168794329315	0.01000547454407499	0.01000185163254469	0.01306714120599783	0.01001553106114583	0.01002234450364935	0.9999881284214456	0.4928936006309844	0.0100019754229401	0.02903317632095491	0.01000455478515064	0.01000109800861691	0.01000340095775387	-0.6381202228573053	-0.6611812738907604	-4.14479840685648e-11	-1.070299853973109e-10
0.5045267543771582	-0.1332580995026383	0.02828416991813457	0.1258835980552264	3.027805919029178	0.922918813233371	0.003161118381362111	0.4837869956779813	-0.0164545488008631	-0.1901060245980565	-0.03743730757312895	0.157631060516979	0.2697144145528492	-0.1368086453143386	-0.07423699246009509	-0.009262244402564911	0.757197724834723	0.7571977248351404	0.2148266883722335	0.2148266883722479	-0.7295371446320614	0.1375531106646091	0.2658282605462093	0.2157521524911371	-0.4689820739618177	-0.2313193958842499	0.6481175057600825	0.3008191942509167	1.487407938866899	1.540183934473464	0.00565382726579533	0.02181377653835038	1.432452710452196	1.512856068938079	-0.2484309557467904	-0.1799782409505642	-0.5144276043808573	-0.3896587304098406	1.928897250839185	2.779196941718566	0.039558737458156	-0.1216384625150134	4.57770498405377	-1.05510486207328	-2.215168045550126	-2.143709051182229	-1.179782373994883	0.318604904855915	0.05597420380856757	0.5354624141306427	-0.01005699366541325	1.389252195873899	1.389252196120473	0.5571769671002345	0.5571769664013662	-9.111436911058824	2.453441016316976	4.282507929498064	9.043339749647853	-1.458452986685594	-0.03916923955583178	0.4781962534922779	-2.355188578591215	11.22916671510827	4.473024506569719	-0.176428229312203	2.874736441245053	-3.553112557089534	-1.719335047720569	1.390600448069572	-6.711823634165385	0.1788344147495328	0.1169680078307239	0.01000448557523005	0.01000283628267907	0.02142173769258625	0.1251943734836286	0.01000283994362535	0.2422677399973376	0.1220496220363045	0.0254690302073465	0.07402564923933166	0.01382788162478369	0.06555581525308199	0.1068755910678061	0.01000247975209306	0.01000154587257652	0.01000164114667509	0.01000568609412733	0.01000560224750734	0.01000434362448132	0.01005595107188837	0.010046997394762	0.0100261488915316	0.3887751426760063	0.01004212829658342	0.150656283332491	0.03740138648326245	0.01010754317869878	0.01004327473408985	0.01000246929383496	0.0102474318920808	0.01000312436659296	0.0100131015799735	0.01000367303790638	0.01002187081652216	0.3063358182691087	0.01004082664328985	0.01000192690507261	0.01000059802845279	0.01000140821626188	0.0100031390865095	0.01000174557556265	0.01003042185932702	0.01004480974163079	0.01000643286807928	0.01000487537555723	0.01001369471646197	0.01289163361609875	0.01002678083518884	0.01003394363378357	0.5697966263153775	0.8416051552751043	0.8549629505778155	0.917883789581672	0.01002597729874567	0.01000814372857535	0.01000951699724786	0.9300790517615052	0.2828732331946119	0.09692026253300466	0.6453770132786952	0.4725205464845841	0.4605829205529015	0.01002694896413346	0.01375262557249391	0.01001387671290161	0.01001015326115525	0.1012871428316044	0.01000531257089633	0.01000188294823777	0.01291197141830117	0.01001604672870611	0.01002306063543835	0.8743109940668731	0.4375756265278575	0.01000364549163619	0.03703692099930977	0.01026581283277962	0.01022634200403283	0.01013434611462138	0.01282449956117218	0.03518906916128295	-0.01804788576137169	-0.1492502338621047	0.02435123415527929	0.171661182589156	0.2935014519720673	-0.01909853796498724	0.08436715340857757	-0.07056720420291528	0.004031932132960621	0.002422423455447183	0.01028393539906522	0.2172726146881165	0.1280869897244526	0.0100052824781065	0.01000324524326955	0.06829393384107842	0.1679934553710241	0.01000318976672595	0.2060217457984524	0.1094947537171457	0.02400968602204171	0.05103234725730706	0.01378539389969744	0.05719807153369003	0.09013260017021786	0.01000265298119396	0.01000170244874497	0.01000188516966252	0.01000603340574451	0.01000581221377795	0.01000443037681515	0.01005122537339864	0.01003886600329663	0.01001775474478437	0.3442838753542118	0.01000857001087827	0.1241977883319765	0.0263738243196655	0.01000377079107928	0.010006177015574	0.01000237716299446	0.01001267414830434	0.01000353736587645	0.01001509157113831	0.01000393835781962	0.01001859377445521	0.25921414226008	0.01004557150597694	0.01000242683447948	0.0100007620407757	0.01000181961203855	0.01000304298873187	0.01000173021498568	0.01002296900913549	0.01004321600383608	0.01000487360637138	0.0100046079066986	0.01001261929928579	0.0129403635286587	0.0100016312202131	0.01000516590532553	0.7843337887590134	0.9999756679288454	0.9999714885274329	0.9999927339864622	0.01001471687279198	0.01000627791762626	0.01000895698958925	0.9993661105612807	0.2146020141562177	0.02129046224865742	0.8460167445733509	0.4590211970123428	0.3207850930158491	0.01002323815023506	0.02905522773276703	0.01001008997517667	0.01000673861224051	0.01007985729347268	0.0100060185945537	0.01000181467675412	0.01316188791563762	0.01001629655656688	0.01002301762908519	0.9999894092125287	0.498047519955505	0.01000180823671326	0.06851647095036939	0.01000417713282469	0.01000098280846538	0.01000306341803687	-0.6309723633430692	-0.6581749763461407	2.725387783415689e-11	-2.693073691953065e-10
0.5089915929114692	-0.1355150021423718	0.02646795364397711	0.1343758216514886	3.040236683776006	0.9231647792849723	0.002618337279469499	0.5039520337760217	-0.02100891546545819	-0.1994382355678226	-0.04678013350047481	0.1520782463008858	0.270684303631333	-0.1364952464429827	-0.07177210487220616	-0.00924063559061466	0.7629324977436213	0.7629324977444052	0.2175267469995415	0.2175267469995605	-0.7698128230743649	0.1484738000232715	0.2853494824925904	0.2568990768056468	-0.4745305828710357	-0.2309599384213369	0.6501647603447209	0.2896747726596224	1.536062898208416	1.557709203751837	0.00493145921784132	0.03552771863083319	1.417538009727237	1.505566388426245	-0.2429186256553343	-0.2109101841153573	-0.4948094458122619	-0.4274593786527584	1.875473356414573	2.78960569822046	0.07071979078924955	-0.1213265768622912	4.450449881005674	-0.9778554496704239	-1.964210656986825	-2.043303506753805	-1.311509600521131	0.1234531035973613	0.08396567615224899	0.572351987009647	0.01939423152808014	1.173137490480484	1.173137490480407	0.6502454735995369	0.6502454735995487	-8.926236638731346	2.434781179808056	4.4624664090741	9.376335853880388	-1.023087558277745	0.1965137029349346	0.4420440915168613	-2.640926621416337	10.55471892499063	3.375987002953278	-0.1373747422955868	3.264198278421675	-3.176655566266436	-1.530239736565868	1.083261645994113	-7.140106994279094	0.1895727906681733	0.1187948669728676	0.01000493331962645	0.01000304981333891	0.04917135277020743	0.1401705032882913	0.01000302503700596	0.2290440105397435	0.1156029728685194	0.02432443224658047	0.06182066830431858	0.01379194844036307	0.06102961822405384	0.09887703774986185	0.01000257238181661	0.01000162747149051	0.01000176875564335	0.01000581599968213	0.01000569888904677	0.01000439604547449	0.01005298959160989	0.01004338003251692	0.0100225612176695	0.3691526981094362	0.01002977751287674	0.1384938567440263	0.03148777244491861	0.01006928361418794	0.01002961599696328	0.01000242929315705	0.0101608032460096	0.01000333224033748	0.01001410843055137	0.01000382331656269	0.01002039685438131	0.2900206575324557	0.0100437819981791	0.01000220934699159	0.01000068732421941	0.0100016412597003	0.01000309104793041	0.01000173588738635	0.01002694789379726	0.01004343767232566	0.01000580807394551	0.01000473654228595	0.0100131540697244	0.01290478738483083	0.01001749388864354	0.01002330387749486	0.6206048757200389	0.8734954956474028	0.8841293083626254	0.9343334413582705	0.0100208272719713	0.01000719267326985	0.01000913021635865	0.9438975622607142	0.2604141529882413	0.07054952118350037	0.6966953386380778	0.4674304860792995	0.4231067739991885	0.0100247331181825	0.02310024361747862	0.01001227871791669	0.01000877534505061	0.07194680892570346	0.01000568317904431	0.01000185033463182	0.01302261409601249	0.01001629499283413	0.01002318126572735	0.899551845433067	0.4518822160533736	0.01000293428796926	0.05533475517131032	0.01016935659195158	0.01014329760233696	0.01008590684842289	0.01260762765148266	0.03641631347439796	-0.01770015756818409	-0.1400345677515221	0.0220812833732278	0.1759639340847359	0.2636898076208107	-0.02536065844072777	0.08255458983279899	-0.06265257865267111	0.01520985516550881	-0.03662161879803786	0.01336180112252665	0.2167586859525932	0.1185263937465102	0.01000604164706826	0.01000355466505555	0.1264967217506721	0.1809355223297286	0.01000346641045104	0.1802857130959442	0.09369043084460486	0.020838111201335	0.0254804922067471	0.01368411232479502	0.04763823296712433	0.07384861906962446	0.0100027947921257	0.01000182006363622	0.01000207065182728	0.01000604258282167	0.01000590709186586	0.01000453121530528	0.01004521176169919	0.01003580715675708	0.01001532107501874	0.2699046515105263	0.01000864935551425	0.09667317057946749	0.01576491340561106	0.0100036587627203	0.01000623904510869	0.01000234758994464	0.01001195700705734	0.01000381164180907	0.01001643649068229	0.01000419680249167	0.01001728287406925	0.2247010509397461	0.01005152373123542	0.01000291072379155	0.01000090431967001	0.01000222108332412	0.01000298119391277	0.01000171073390337	0.010019381479341	0.0100393447230139	0.0100046273553158	0.01000441003910668	0.01001191025586527	0.0129170528812003	0.01000153786111695	0.01000499540194603	0.8303344996459378	0.9999793022517853	0.9999776968502447	0.9999933295404414	0.010009786617851	0.01000498047861405	0.01000806830183791	0.9988343976618472	0.1774310020633792	0.01003634116452721	0.9336824087288526	0.4411957477113974	0.2698175145296824	0.01001905527931806	0.04809808945343809	0.01000909498133347	0.01000615201644161	0.0100280266436497	0.01000656264503147	0.01000177772095765	0.01325663462527675	0.01001706205199026	0.01002369075452033	0.9999906900036106	0.503201439280025	0.0100016410504966	0.1079997655797834	0.01000379948051206	0.01000086760832326	0.01000272587833906	-0.619356500053408	-0.655901535559908	3.173133307715861e-11	-3.193774149420981e-11
0.5134564314457803	-0.1376522194105371	0.02443420385615676	0.1426482817947181	3.052720683868208	0.9235514472135762	0.002078287165777631	0.5234652591528106	-0.02512943297579598	-0.2076641472583417	-0.05570698019095691	0.1458828746912875	0.2709277885683826	-0.136072975136832	-0.06908934001864202	-0.009104136041532606	0.7675909581816319	0.7675909581819909	0.2206192502906784	0.2206192502908053	-0.8092207051637754	0.1592750458143161	0.3056304946639089	0.2993704591573316	-0.4781011690039652	-0.2295866254012815	0.6520895667458069	0.2772005264250537	1.581588111040473	1.57031967667322	0.004536427031981141	0.05090044517971791	1.404017610076926	1.499239785322077	-0.2387571560565731	-0.2437216158491923	-0.4606653636331412	-0.4841096346861212	1.829783489197902	2.80297661597469	0.1025071810210614	-0.120361468769465	4.284689572752234	-0.863575404234377	-1.719935961656703	-1.957192803044071	-1.463999042705657	-0.00732093402625852	0.1040946623076739	0.6297272041797921	0.04198385365551618	0.9048262434700955	0.9048262431969809	0.733571862330847	0.7335718643126018	-8.723751945727983	2.402511094246749	4.614019042923109	9.636638853530707	-0.5767847490757925	0.4169729366415002	0.416871527137807	-2.952586271312554	9.831673185536069	2.271279528613099	-0.04255074571075501	3.615343639563696	-2.850080405690032	-1.308787227274535	0.7898078981788388	-7.554499648951182	0.1957736602557476	0.1163046519753792	0.0100053437810363	0.01000343141419188	0.08910388568468927	0.1527287585979427	0.01000332067870192	0.2051785165687709	0.103774426277985	0.02274126251919785	0.04837091118386944	0.01358045637130644	0.05430401880825147	0.08727220550694893	0.01000271095855223	0.01000174450852909	0.01000198600905379	0.01000588245212078	0.01000580784334791	0.01000448778388819	0.0100491538157758	0.0100399587209225	0.01001966592094162	0.3455825357175891	0.01002190306545919	0.1228395820309984	0.02599776790515031	0.01004495040536894	0.01002093904380461	0.01000239429249757	0.01010548241703342	0.0100036218829047	0.01001556536463626	0.01000406383461442	0.01001892741373064	0.2655589522262912	0.01004805599598325	0.0100026603370865	0.01000077718191097	0.01000195133773594	0.01000303369952569	0.01000171992882437	0.01002366882855552	0.01004086657581679	0.01000531380526098	0.01000457372237776	0.01001262269973805	0.01308175377485401	0.01001156514578092	0.01001650465393434	0.6732442968062189	0.8989259106033356	0.9074038704759547	0.9474908063659282	0.01001648384673207	0.01000627532686751	0.01000855942448198	0.9291609790997851	0.2348419526074828	0.05019132741081687	0.7392937874190142	0.4593873563620577	0.3838531649316791	0.01002204215717823	0.03828501527497228	0.01001091978700181	0.01000767929218135	0.05116059456812128	0.01000616324727108	0.01000181834036093	0.01313621898941763	0.01001688197642647	0.01002352437376589	0.919711142693922	0.4679214590245401	0.01000242680226286	0.08446281342011898	0.01010786270176997	0.01009043975378409	0.01005503085845832	0.01216519271605252	0.03826587828985987	-0.01764010711180619	-0.1289008092226945	0.0194486534135417	0.1745658183316738	0.231529231422534	-0.01968424062245878	0.07762710210976934	-0.05563934233711107	0.02813077189143311	-0.07696989505038218	0.0139165102093533	0.207168916442911	0.1036580116287131	0.01000603610214088	0.01000453921870955	0.2067321794858812	0.1839196860371136	0.01000413456456736	0.1046300297748528	0.06313010568574295	0.01914788004720633	0.01941721644627119	0.01280611424908759	0.03544432096327216	0.05240710936880614	0.01000307871058501	0.01000205081928584	0.01000260379189777	0.01000595288798857	0.01000606760831085	0.01000474194980389	0.01004040107774961	0.0100327111174058	0.01001426727184527	0.2705216541472808	0.01000847895156099	0.07754539339126665	0.0164350842573271	0.01000374714137958	0.01000623290921714	0.01000232402671518	0.01001145902072441	0.01000437797243883	0.01001943939771868	0.01000471274857214	0.01001569343107705	0.1655155110622244	0.01005862940139313	0.01000387745436653	0.01000095158164647	0.01000270222478178	0.0100028975601395	0.010001677533045	0.01001699271170188	0.01003400743669066	0.01000434393477607	0.01000419950695004	0.01001155996947438	0.01379712993057674	0.01000149975162136	0.01000497067078834	0.9098356399603142	0.9999809326690587	0.9999785188312931	0.9999932986509475	0.01000854112017053	0.01000449355604439	0.01000717324498799	0.7500151605639539	0.1493116324107381	0.01002743952944112	0.8749892102368724	0.4224750973070226	0.2369507066612871	0.01001609540550713	0.08128419557300298	0.01000819839304039	0.01000553329505761	0.01002291134740029	0.01000734136047353	0.01000175192820855	0.01339601142943379	0.01001859626260689	0.0100244736910652	0.9999905587297364	0.5416922831335134	0.01000150227151246	0.1739978658791444	0.01000342145653684	0.01000078489133072	0.01000266270244993	-0.6028942062623701	-0.6549384137837524	-3.158364093175976e-11	6.272815094559084e-10
0.5179212699800915	-0.1396118060899576	0.02213999580645814	0.1507121056373114	3.065270313428242	0.924080324445554	0.001545551731059405	0.5421619992712092	-0.02868168132738082	-0.214791300759567	-0.06427298982449765	0.1390023013273224	0.2706820149086097	-0.1355754844570742	-0.06614572547135639	-0.008863643619544963	0.7709340073437023	0.7709340073436436	0.2240643350797559	0.2240643350798611	-0.8476902828339204	0.1699179220533963	0.3264772185403167	0.3428453420696595	-0.4796850816274491	-0.2272515198669258	0.6538578996249315	0.2632578526981402	1.623799612977413	1.577977373726846	0.004524946502710193	0.06775275111597583	1.392352505115513	1.49383415890072	-0.235785868024463	-0.2783417885291201	-0.4152407772200518	-0.544130219352662	1.782015801553211	2.819004061614701	0.1344216705074548	-0.1180499990662601	4.084709762891895	-0.7233023572394633	-1.472027881695591	-1.881668534386809	-1.618441967734556	-0.09570762143687661	0.1176597666240733	0.6891981568579728	0.06597734943413644	0.5839061978928978	0.5839061978927625	0.8081824262351046	0.808182426234936	-8.505928319299887	2.363840427616289	4.715873879199849	9.825848469717144	-0.1331680528344138	0.62734344691	0.3719526283315499	-3.298700697266286	9.070360212589511	1.15741814003009	0.03443512002804562	3.926967797429382	-2.34558645703922	-1.117693264315451	0.5501263006707154	-7.950322625679528	0.1975126321229726	0.1099293643324686	0.01000559817747869	0.01000403945706304	0.1391526446116481	0.1622677856871577	0.0100037562101762	0.165861132611606	0.08566678130960297	0.02111383731316856	0.0371956338809022	0.01312032751559025	0.04559065621101235	0.07218450625570268	0.01000290413170086	0.0100019042643611	0.01000232190068949	0.01000589027232301	0.01000593617320004	0.01000462422734866	0.01004495191549602	0.01003665952396626	0.0100174621803048	0.3274912234716143	0.01001692087298685	0.1057287109289677	0.0226984653458808	0.01002978467416986	0.01001551709653244	0.01000236360266588	0.01007073562307708	0.01000401541439617	0.01001760281303131	0.01000440790192554	0.01001741297141962	0.2313042129610529	0.0100533932204651	0.01000330495717029	0.01000085105065958	0.01000232563980572	0.01000296649070235	0.01000169749777051	0.01002072393089943	0.01003725686605751	0.0100048987233006	0.01000439299816559	0.01001215926480258	0.01352095341774728	0.01000784794916593	0.01001224883014562	0.7307520242272229	0.919190340301809	0.9259593797503758	0.9579979594700945	0.01001330365114809	0.01000551960790068	0.01000786688084199	0.8673474288237254	0.2078681978049443	0.03626632338231131	0.7607218432275616	0.4488975707607591	0.3450694514612329	0.01001925027543491	0.05928412366998643	0.01000973456569393	0.0100067625706836	0.0369196196663152	0.0100067555388268	0.01000178866412985	0.0132594090292548	0.01001782329658562	0.01002403226890622	0.9357929133989451	0.4888506949796322	0.0100020577757037	0.123910059517794	0.01006930321754985	0.01005738788388217	0.01003572069129648	0.01172275778063527	0.04011544310531943	-0.01758005665543135	-0.1177670506938673	0.01681602345385589	0.1731677025786114	0.1993686552242571	-0.01400782280418813	0.07269961438673879	-0.04862610602155115	0.04105168861735722	-0.1173181713027262	0.01447121929618006	0.1975791469332286	0.08878962951091532	0.01000603055721295	0.0100055237723647	0.2869676372210906	0.1869038497444981	0.01000480271868541	0.02897434645376155	0.03256978052688018	0.01745764889307722	0.01335394068579717	0.01192811617338086	0.02325040895942078	0.03096559966799115	0.01000336262904565	0.01000228157493715	0.01000313693196887	0.01000586319315804	0.01000622812475723	0.01000495268430356	0.01003559039380034	0.01002961507805483	0.01001321346867256	0.2711386567840388	0.01000830854761162	0.0584176162030655	0.01710525510904212	0.01000383552005393	0.01000622677333204	0.01000230046348393	0.01001096103439497	0.01000494430307311	0.01002244230475625	0.01000522869464801	0.01001410398808451	0.1063299711847042	0.01006573507154993	0.01000484418493773	0.01000099884361624	0.01000318336623276	0.01000281392636721	0.01000164433218814	0.01001460394406274	0.01002867015036669	0.01000406051423708	0.01000398897479391	0.01001120968308328	0.01467720697995208	0.01000146164217495	0.01000494593964025	0.9893367802746906	0.9999825630863317	0.9999793408123423	0.999993267761455	0.01000729562248858	0.01000400663347242	0.01000627818813617	0.5011959234660585	0.1211922627580966	0.01001853789435485	0.8162960117448919	0.4037544469026476	0.2040838987928917	0.01001313553169609	0.1144703016925709	0.01000730180474771	0.01000491457367432	0.0100177960511511	0.01000812007591508	0.01000172613545053	0.0135353882335904	0.01002013047322533	0.01002525662760929	0.9999904274558611	0.580183126987001	0.01000136349253479	0.2399959661785051	0.01000304343257691	0.01000070217435562	0.01000259952658191	-0.5815483723383206	-0.6551626079044237	-1.882336116140162e-11	6.269635750763442e-10
0.5223861085144027	-0.1413538854285309	0.01959109684468845	0.1585469995330929	3.077896843814018	0.9247507558349317	0.001026785302750744	0.5599021294381393	-0.03156595530781001	-0.2207912535727263	-0.07251237026877112	0.1314547253844385	0.2701071863376656	-0.1350242385307136	-0.06295741191803465	-0.008505237762420029	0.7727271492577362	0.7727271492577044	0.227828867371583	0.2278288673717286	-0.8851519490533734	0.1803726043010117	0.3476739453434434	0.3870049388345433	-0.4793073179771639	-0.2240113508046867	0.6553550602610609	0.2476896018918769	1.662535722237406	1.580649534576288	0.004725838082146223	0.08590277921180883	1.382992457595791	1.489258123199183	-0.2336564222302193	-0.3146957666442816	-0.365957452043771	-0.5962525349612144	1.728452540699072	2.837194546974536	0.1656160455821671	-0.1142682025938343	3.85964250110567	-0.5686173698569027	-1.217598792606229	-1.806432359465592	-1.759931276337693	-0.1565205569014856	0.1304447553274154	0.7369764671191944	0.09336680667865735	0.2126883342027036	0.2126883344957634	0.8795891634372016	0.8795891622426807	-8.271933478487004	2.318014234964245	4.771742071189792	9.944051303783468	0.299745766007368	0.8204838247690343	0.2877722499460052	-3.680639518050223	8.276599427210192	0.03894687191940457	0.04245613236382335	4.198959490589775	-1.894017383403198	-0.9277013352123649	0.4130272712279133	-8.335637101794166	0.1926004850400645	0.09681850262488229	0.01051404969553266	0.01000473637067477	0.1873514231454135	0.1686776386127635	0.01000427014484609	0.1242399708818802	0.06672935692760117	0.01962775140529822	0.02865319827860962	0.01261383620750713	0.03660739847848755	0.05654181947617335	0.01000314401571456	0.01000210638167823	0.0100027146407417	0.0100059057212376	0.01000609895078899	0.010004792001446	0.01004128812351986	0.01003382963707464	0.01001584343611093	0.3153973987711669	0.01001370948938218	0.08789320748129988	0.02066480548568018	0.01002020519514967	0.01001205094319538	0.01000234811805167	0.01004859576440078	0.01000436302000669	0.01001941067517853	0.01000523059881508	0.01001604029868062	0.1911208226857748	0.01006061940053289	0.01000410455422224	0.01000105453174012	0.01000289169261352	0.01000291206170824	0.01000168322974127	0.0100181754942271	0.01003323982925397	0.01000455676286876	0.01000423574491213	0.01001173539308259	0.01368442213081161	0.01000547095081675	0.01000950849260501	0.7841649677797397	0.9353900690638031	0.9407967371154148	0.9664073385250276	0.01001102648880955	0.01000492706682933	0.01000713876665524	0.787972331103394	0.1811398470589237	0.02694564424311556	0.7610781803033049	0.4357462347941721	0.3088718750627928	0.01001690473145415	0.09213863995344727	0.01000869731346314	0.01000597441600897	0.02737749122564554	0.0100088531127776	0.01000177294681992	0.01339140901874391	0.01001853503818011	0.0100243947340672	0.948656253948682	0.5076513679940253	0.01000177713360952	0.1700415452835408	0.01004463196272008	0.01003634589950057	0.0100233995978682	0.01169036772747465	0.04172608885001952	-0.01731436411979586	-0.1051731100101373	0.01436735800186427	0.1672718290181296	0.1661978430376308	-0.02070649719365696	0.06505037946856061	-0.04162470148730977	0.05261031515903498	-0.1562715499791166	0.01671916167391895	0.163660907901481	0.04968271245331564	0.01258524245192853	0.01000626309164127	0.3197655902223606	0.1821979039496736	0.01000543873500214	0.02045016522229555	0.02370781454511213	0.01664190609211601	0.01284232971893829	0.01158805662329986	0.01684171691973842	0.02050340345596686	0.01000371568288475	0.01000259589128639	0.01000359376368751	0.01000599231439609	0.01000650378041675	0.01000518492113459	0.01003463323877408	0.010028524044687	0.0100130023067592	0.2846831280987431	0.01000823398656281	0.04151115215007371	0.0170713517574853	0.01000408843211786	0.01000613929184069	0.01000234083393923	0.01001116980223543	0.01000495866070478	0.0100224987748973	0.01000785576075986	0.01001337215997589	0.0623193087973949	0.01007915782209303	0.01000600187729029	0.01000175260881903	0.01000443962008112	0.01000282535280813	0.01000167235248157	0.01001319942578661	0.01002445790122935	0.01000390469554454	0.01000395246404539	0.01001085055234992	0.01333501182661907	0.0100014266521836	0.0100047939133086	0.993990530288976	0.9999830331932928	0.9999787247452572	0.9999926756396813	0.01000705681532999	0.01000385080048494	0.01000557668641304	0.4457980961524167	0.1026724280173105	0.01001581179488298	0.7120603985795498	0.3786793453893203	0.1891571396359253	0.01001274937445227	0.1987483641119098	0.01000662220119667	0.01000439722481271	0.01001828233323915	0.01001618840599204	0.01000176411117968	0.01369002292133653	0.01001940808280719	0.01002479443563803	0.9999873903131786	0.5681667672014782	0.01000124771474609	0.3141429966941917	0.01000261079862387	0.01000065936445775	0.01000244430264285	-0.5560662220931268	-0.6555563833840216	8.343721717281765e-11	-1.49280459691135e-10
0.5268509470487137	-0.1428872172121826	0.01682800119507785	0.1661544059606027	3.090607449838988	0.9255567365622729	0.0005257117882349775	0.5766073382199085	-0.03375858496766269	-0.2256817525461079	-0.08037987848000036	0.1233092074004482	0.2693313379088854	-0.1344001480106855	-0.05958273851522151	-0.008040641036927377	0.7727740099305815	0.772774009930583	0.2319319084419593	0.2319319084419757	-0.9215302019538448	0.1906057607973471	0.3690217737960955	0.4315429401765898	-0.4770320162616803	-0.2199569117828993	0.6563300986002522	0.230340680822282	1.697665286366694	1.578319668906592	0.00478711249803895	0.1052098965880134	1.37502143878042	1.485589514369557	-0.2320147998482107	-0.3527887815912674	-0.3217335014210671	-0.6400784219568423	1.680113959575049	2.856665290487428	0.1951402493493576	-0.1101245495001168	3.621122439862013	-0.4134840765366899	-0.9750540812998119	-1.715090374113898	-1.886286786968352	-0.1857533985888702	0.1502901734519773	0.7726769776671656	0.1135450391032895	-0.19833093843234	-0.1983309384323616	0.9598155444324296	0.9598155444322818	-8.020619293606002	2.264609146625794	4.783559068289176	9.995352632581563	0.7168237380590246	0.9920911686107603	0.1380707859394513	-4.096342233704427	7.45482801020894	-1.083212266446021	-0.02810555810016925	4.445279632488431	-1.723378642633462	-0.7112163577454332	0.3316084857386518	-8.729314647995611	0.179430682817897	0.07488813487496246	0.01179728132905833	0.01000544943502919	0.2285534784876131	0.1718246111842803	0.01000482996228122	0.09054491813513621	0.0506218608646031	0.01838442143050025	0.02289569190697932	0.01216900989929479	0.02839568986911857	0.04226283910818638	0.01000342643909089	0.0100023506705205	0.01000313156018427	0.01000596383856486	0.01000630414303314	0.01000498402964637	0.01003864059273011	0.01003165264638669	0.01001475332350687	0.3095648732879878	0.01001167573762409	0.069834740043984	0.01935898399079684	0.01001431713764244	0.01000985328430114	0.0100023536063621	0.01003484515929643	0.01000458547366294	0.01002056056015313	0.0100067304406487	0.01001490820132568	0.1477847530379851	0.01007017136016774	0.01000503865603586	0.0100014646322536	0.01000371692559401	0.0100028823815263	0.01000168485888493	0.01001605646916831	0.01002914937589884	0.01000428471543475	0.01000412384225577	0.01001133597562271	0.01328690331830692	0.01000397326128794	0.01000773994572038	0.8271770317157002	0.9483217239321355	0.9526428957200707	0.973125759632461	0.01000951473689941	0.01000449851669304	0.01000642065615694	0.7127715216586574	0.1558930174639028	0.02086450590803762	0.7400390170530832	0.4197616765008789	0.2769355357186845	0.01001529492059538	0.1393252990144336	0.01000779442481	0.01000528799899936	0.0211468793252815	0.01001319338118128	0.01000177735290679	0.01353180933039922	0.01001870814092267	0.01002444759328002	0.958928348714276	0.5195079978508838	0.01000155839842307	0.2214307043522707	0.01002905933821805	0.01002318672154505	0.01001564573674283	0.01165797767430167	0.04333673459472284	-0.01704867158415977	-0.09257916932640631	0.0119186925498721	0.1613759554576486	0.1330270308510045	-0.02740517158312983	0.05740114455038357	-0.03462329695306814	0.06416894170071281	-0.1952249286555073	0.01896710405165799	0.1297426688697332	0.01057579539571784	0.01516445434665314	0.01000700241092057	0.3525635432236359	0.1774919581548487	0.01000607475132545	0.01192598399083278	0.01484584856334632	0.01582616329115426	0.01233071875207755	0.01124799707321537	0.01043302488005452	0.01004120724392585	0.01000406873672666	0.01000291020763982	0.01000405059541087	0.01000612143563726	0.0100067794360781	0.01000541715796712	0.01003367608374829	0.01002743301131967	0.01001279114484661	0.2982275994134545	0.01000815942551571	0.02460468809708212	0.01703744840592871	0.01000434134419553	0.01000605181035237	0.01000238120439063	0.01001137857007924	0.01000497301834964	0.01002255524504225	0.01001048282687673	0.01001264033186684	0.01830864641008337	0.01009258057263572	0.0100071595696429	0.01000250637400968	0.01000569587393174	0.01000283677924842	0.01000170037277344	0.01001179490751082	0.010020245652092	0.01000374887685215	0.01000391595329652	0.01001049142161669	0.01199281667328095	0.01000139166223396	0.0100046418869827	0.9986442803032607	0.9999835033002535	0.9999781086781727	0.9999920835179085	0.01000681800817088	0.01000369496749698	0.01000487518469081	0.3904002688387747	0.08415259327652422	0.01001308569541141	0.6078247854142076	0.3536042438759929	0.1742303804789588	0.01001236321720808	0.2830264265312474	0.01000594259764528	0.0100038798759504	0.01001876861532707	0.01002425673607128	0.01000180208689933	0.01384465760908215	0.01001868569238945	0.01002433224366603	0.9999843531704953	0.5561504074159551	0.01000113193696221	0.3882900272098788	0.01000217816468989	0.01000061655460105	0.01000228907872705	-0.5273648494483366	-0.6561947505267394	1.22857503635597e-10	-4.612931505280229e-10
0.5313157855830249	-0.1442364967247072	0.01388505088173893	0.173570433628148	3.103406775005445	0.9264901439372848	4.251610025738295e-05	0.5922220811177018	-0.03527243431836673	-0.2295417446141969	-0.08779251331296292	0.1146310955111006	0.268498623099582	-0.133672525114809	-0.05607059188168192	-0.007515123579821942	0.7709114449255641	0.7709114449255596	0.2364311950750265	0.2364311950751332	-0.9567483660252925	0.2005848200669705	0.3903155999391356	0.4761583382785293	-0.4729303302551287	-0.2152126298329591	0.6564572741453567	0.2111033861005086	1.729079426558646	1.570998619530541	0.004350629175493461	0.1255788904664589	1.366999788969252	1.482941338288577	-0.2307082621260817	-0.3925772948021385	-0.2822770712993937	-0.6768980014120447	1.644088695419979	2.8767369963689	0.2225067846028971	-0.1064743022687249	3.370533659799635	-0.2669660015981103	-0.7584092358432003	-1.602571697643532	-1.998474114868115	-0.1825667893973577	0.1748373719656915	0.7993709776996023	0.119403824847038	-0.6391026837946898	-0.639102683687236	1.060863420641988	1.060863420674506	-7.752908208833354	2.204877175815921	4.746361677563407	9.980060589889689	1.117553847342625	1.124917031158229	-0.07569082687590679	-4.5183814935935	6.616235260445801	-2.191548490365101	-0.1669293243870573	4.677535984412412	-1.957441684587878	-0.4734184725853955	0.2579742921088734	-9.075360742363857	0.1561948470219389	0.05334726905532249	0.02309327244432691	0.01085077866353996	0.2604869946232241	0.1610091098112575	0.01000527594119469	0.06471652121975896	0.04137528200176359	0.01809488484250423	0.018918907175508	0.01173894486989192	0.02189378871191939	0.03092876093576754	0.0100038201256184	0.01000267415837547	0.01005523419533663	0.01000616122250851	0.01000665214933088	0.01000528826043618	0.01003698822078149	0.0100304921450167	0.01001414496113997	0.3078718670918199	0.01001030834597755	0.05443327937162163	0.01834137903637332	0.01001072293982283	0.01000837585135102	0.0100023807596125	0.01002621335450392	0.01000457285698534	0.01002045965332153	0.01000795015948205	0.01001404340592933	0.1123075507715165	0.01007677997174721	0.0100055610713809	0.01000174016201517	0.01000420739854072	0.01000289635013331	0.01000171883562462	0.01001389863082153	0.01002560014990195	0.01000409098549458	0.01000408016073242	0.01001127558223187	0.01649214875036563	0.01000300314769074	0.01000653033707202	0.8595879413839655	0.9586693080130959	0.9621177618486506	0.9785037842213573	0.01000871693388692	0.01000433991138604	0.01000579619668535	0.6333694000689363	0.1288656098406831	0.01691135583779574	0.7005658251357694	0.3989032488461238	0.2479225509233219	0.01001462841682566	0.1849266725633844	0.01000703753463193	0.01000472688332398	0.01709625039355903	0.0106152060869397	0.01000180573583184	0.01365919214974828	0.01001953027084651	0.01002470258056149	0.9432370035069929	0.5189926039844934	0.01000138092592666	0.2700086239223142	0.01001902626123068	0.01001479490568383	0.01001063752850928	0.0109077069294481	0.04541748823459391	-0.01556359177091525	-0.07878730138106799	0.01019992554548168	0.1494712887138095	0.1008366398729407	-0.04130839101278116	0.04589609851450342	-0.02781107243094239	0.06638779891214401	-0.2248541565929698	0.0196940650693286	0.06990803111024298	0.01029561122264879	0.06695984254663521	0.01429471014814538	0.3452557113611727	0.09457604807170789	0.0100059926444764	0.01097804096157432	0.03177442048652931	0.01914928807115162	0.01158786655915564	0.0107914380387182	0.0102188098447245	0.01002219369044429	0.01000485525620376	0.01000349649910538	0.01026659362189987	0.01000682565163358	0.01000764902816323	0.01000614384871646	0.01003464288942124	0.01002949081499494	0.01001339930058943	0.3069068693955616	0.01000784642739816	0.02337428942040218	0.01615200683433183	0.01000488735386708	0.01000572001945989	0.01000246713978493	0.0100117715041302	0.01000417973122395	0.01001829137072622	0.01000960740096162	0.01001252483583512	0.03990856112540692	0.01008392442740107	0.01000581612934536	0.01000194277697094	0.01000445819216436	0.01000299356387147	0.01000184359835107	0.01000887407366351	0.01001900373798299	0.01000377546668286	0.01000408608975467	0.01001177670134007	0.03083540750275601	0.01000133118330471	0.0100043393526747	0.9774708284063252	0.9999826796663581	0.9999288270163227	0.9999884587208159	0.01000784918850929	0.01000440452474786	0.01000461792863771	0.2668715855849353	0.04713515733058857	0.0100119192731013	0.4899865506628352	0.3065672237570156	0.1554272310224515	0.01001450096447593	0.3063050101405866	0.0100055907553285	0.01000368541030859	0.01002468725502175	0.01305848562723413	0.01000189978443724	0.01390662633787156	0.0100229073876607	0.01002584538818771	0.7687891374279638	0.4807113963355011	0.01000103528967981	0.4185697855647251	0.01000188425470841	0.01000053275363652	0.01000202731426627	-0.4955204542640354	-0.6568939571900303	7.979990701711904e-11	-1.640022024560696e-10
0.5357806241173361	-0.1454043585419693	0.01079514908522608	0.1808555382278991	3.116295912183213	0.9275394740753137	-0.0004264454686309849	0.606679371512804	-0.03616331099737067	-0.2324934025717813	-0.09466544190757585	0.105486267463619	0.2677429574581529	-0.1328461194013778	-0.05245531825742424	-0.006996317612003792	0.7670392782263141	0.7670392782263109	0.2414519412311057	0.241451941231164	-0.9907410193011378	0.2102894344297181	0.4113290605421555	0.520574056119842	-0.4670789641132887	-0.2099846933893433	0.6557025328012365	0.1900154732982336	1.756739624217904	1.558791491892323	0.003300820516234681	0.1469666028408704	1.356760179317582	1.481376337357547	-0.2296725391269528	-0.4336647684791821	-0.2404684583337219	-0.7059045408201268	1.621467664750152	2.896896094165992	0.2470672138779071	-0.103748452752143	3.102647922667349	-0.1344268671127781	-0.5681708313095408	-1.473331913952014	-2.095349731115072	-0.1512396239889779	0.1945394308877898	0.818872145804016	0.110538693918006	-1.098521073816844	-1.098521073816305	1.193400457769823	1.193400457770142	-7.47165847269164	2.141673026197098	4.657970850747909	9.905906889466076	1.500583419823956	1.208741497000284	-0.2569790638459669	-4.925316483072001	5.773269982260545	-3.271904240718685	-0.3028413558762837	4.901609032847881	-2.716901621366223	-0.2260139792149832	0.2102984876657436	-9.311176841197611	0.1210926613220143	0.03844268455570671	0.04851394796711779	0.01298116507044752	0.2812647730005186	0.1283662730365698	0.01000552363857341	0.04632126448639982	0.04121987309042287	0.01913761086408403	0.01610745818569052	0.01129858906302563	0.01762608898884561	0.02346171484802835	0.01000436141969118	0.01000309642887017	0.01018632686155827	0.01000654895175237	0.01000719606512604	0.01000575120545748	0.01003631970854911	0.01003054034115753	0.01001399354847393	0.3087688198457696	0.01000933686410634	0.04355243952532547	0.01737048479147011	0.0100086833260992	0.01000732863250189	0.01000242995505273	0.01002096986047094	0.01000426706405065	0.01001879480898355	0.01000838330138152	0.01001346001618984	0.09316539138557335	0.01007765823848094	0.01000538296669545	0.01000170067188326	0.01000404902168645	0.0100029639647186	0.01000179385953765	0.01001145436196648	0.01002291719079463	0.01000398001341194	0.01000411679327869	0.01001172057447121	0.02540405442807999	0.01000237457577676	0.01000566131098955	0.8810687681692678	0.9669348755099366	0.969677027217119	0.9828005129328111	0.01000860589477261	0.01000450729329499	0.01000530962427143	0.5429124003872121	0.09758745779189903	0.0143949372394873	0.6445393753538425	0.3715967189726195	0.2207800707780032	0.01001501499497723	0.2218493248242881	0.0100064327884881	0.01000430351179866	0.01451921154386279	0.01212667614741828	0.01000186012925531	0.01376217340529932	0.01002162926556439	0.01002543022751215	0.884230446668507	0.5020150221625275	0.01000123379979654	0.3117108163299243	0.01001264949718642	0.01000952213387089	0.0100074113380686	0.01015743618460555	0.04749824187446233	-0.01407851195767073	-0.06499543343573094	0.008481158541092413	0.1375666219699688	0.06864624889487748	-0.0552116104424238	0.0343910524786222	-0.02099884790881672	0.06860665612357487	-0.2544833845304317	0.0204210260869987	0.01007339335075397	0.01001542704957737	0.1187552307466151	0.01858241788537226	0.3379478794987094	0.01166013798856715	0.01000591053763035	0.0100300979323264	0.04870299240971399	0.02247241285114848	0.01084501436623493	0.01033487900422375	0.01000459480939079	0.01000318013696732	0.01000564177568136	0.0100040827905713	0.01052913664838773	0.01000752986763248	0.01000851862024934	0.01000687053946651	0.01003560969509504	0.0100315486186708	0.01001400745633308	0.3155861393776701	0.01000753342928188	0.02214389074372144	0.01526656526273274	0.01000543336354569	0.01000538822856929	0.01000255307517675	0.01001216443818311	0.01000338644410502	0.01001402749641194	0.01000873197504022	0.01001240933980347	0.06150847584072953	0.01007526828216611	0.01000447268903537	0.01000137917990357	0.01000322051037658	0.01000315034849521	0.01000198682392963	0.01000595323981478	0.01001776182387391	0.01000380205651417	0.01000425622621325	0.01001306198106281	0.04967799833223615	0.01000127070440259	0.01000403681836999	0.9562973765093887	0.999981856032462	0.9998795453544727	0.9999848339237235	0.01000888036884605	0.01000511408199639	0.01000436067258538	0.1433429023310955	0.01011772138465348	0.01001075285079208	0.3721483159114626	0.2595302036380381	0.1366240815659439	0.01001663871174412	0.3295835937499259	0.01000523891301164	0.0100034909446666	0.01003060589471587	0.01609271451838819	0.01000199748196788	0.01396859506666069	0.01002712908293228	0.01002735853270822	0.5375939216854323	0.4052723852550467	0.01000093864240029	0.4488495439195716	0.01000159034474911	0.01000044895273871	0.01000176554982225	-0.4610237699013839	-0.6581685797505713	5.639113446952739e-11	-5.173317014447929e-12
0.5402454626516472	-0.1469993218023658	0.007386272522017752	0.1879468957267776	3.129326739756075	0.9286440614928865	-0.0009046244204149423	0.6205418941373256	-0.03637859803742298	-0.23462225673477	-0.1003197864618681	0.0958886106082112	0.2670913523338262	-0.1311101799437888	-0.04852047535068639	-0.007130259360336316	0.7610657830585987	0.7610657830585777	0.2470835607673321	0.2470835607674611	-1.023547200577049	0.2192777755184949	0.431867780844944	0.5598104056021498	-0.4600877753515652	-0.2071709365414222	0.6543332908671613	0.1671818364883971	1.780569857493837	1.54615761218738	0.001801840889439359	0.1692318684964537	1.343532246885468	1.480698081675313	-0.2287837388892647	-0.4754774882957848	-0.4682440178257211	-0.8269559882651921	1.535859078137217	2.943219621566055	0.2478568728282402	-0.1100720994807662	3.090933106209136	0.0568743435835774	-0.3775809152347857	-1.077069536282585	-2.209053907051892	-0.1528457073329714	0.5821618653243538	0.9566175537400446	-0.1767037369933172	-1.59561472631113	-1.595614726186703	1.310990680886221	1.310990680743885	-7.207964571684883	1.869218315190283	4.525258951207628	7.478182712468019	1.584288554273224	-0.02289478608430481	-0.3430182623323246	-5.302339967352921	4.898177019550415	-2.202050010280801	-0.3621570246598065	5.073042641282919	-2.976486542143933	-0.08732996822170871	0.1884420925844047	-9.385384413887051	0.08636941694740129	0.02838332263116123	0.08106790419289261	0.03799265150065758	0.2875901913719887	0.09210066309269575	0.01000551209348258	0.03364077217506464	0.04526529223639263	0.02054124499580098	0.01417680564014578	0.0109392400308793	0.01483427766885257	0.01858028936917932	0.01000492234892326	0.01000372363215529	0.02839627549074353	0.01000717937468049	0.01000788097803089	0.01000623777351614	0.01003838778184213	0.01003265582443643	0.01001458342951385	0.2907398828093042	0.01000872566125581	0.03553980467475203	0.01643850529861019	0.01000768928231724	0.01000661769376716	0.01000270073029664	0.01001859174378406	0.01000382329738459	0.01001646900423124	0.01000833989019252	0.0100134086562842	0.08243329070574534	0.01007786568074331	0.01000488085270654	0.0100015401511296	0.01000360026475402	0.01000317491732703	0.01000197696163649	0.01000930757568377	0.01002076410646943	0.01000399262826241	0.01000434712572305	0.01001295563847767	0.03475408031637402	0.01000194924967031	0.01000497594913368	0.8737005931952816	0.973549635838093	0.9397053472003727	0.9534211033248625	0.01000873414926689	0.01000493986765408	0.01000489926844827	0.4485260861692076	0.06930786906131288	0.01277984706845567	0.5739920891110862	0.3328698639708171	0.1887580975957202	0.01001637262693342	0.2627802519266699	0.01000607487752378	0.01000395727658791	0.01286681728366235	0.01589391434489463	0.01000193797815089	0.01382237288939951	0.01002913913184902	0.0100299080914574	0.7953254618089529	0.4712904687166103	0.01000110514013786	0.3289057240391051	0.01000857146222512	0.01000615824639961	0.01000535211021074	0.008367451983300083	0.04337977698312762	-0.01480821043687146	-0.05051244743919119	0.01068297511609026	0.1160648134835696	0.03962768767959244	-0.01630203695589255	0.03576411762178511	-0.01376159852510812	0.07908576797220275	-0.2984279892599699	0.03846536170487602	0.01004357163153436	0.01001102940995752	0.1691165126265329	0.1388943089806119	0.2765977348760819	0.01083972257191686	0.01000512267335971	0.01002027438455899	0.05651480185665098	0.02345591101363916	0.01085210597478204	0.01032187697187644	0.01000365083111377	0.01000243471635407	0.01000607489742661	0.01000540526555576	0.1038945546440979	0.01000888013317471	0.01000950123547629	0.01000722926449951	0.01004743167976332	0.01004037770691997	0.01001697117571179	0.1628097090474377	0.01000783079349198	0.0193459783477139	0.01443271143400283	0.01000650561774015	0.01000543964987187	0.01000369494940031	0.0100166796803994	0.01000279368604897	0.0100112114239694	0.01000785580702112	0.01001412717103784	0.05833252090245816	0.01008081530370379	0.01000363794534146	0.01000116946193907	0.01000250314427133	0.01000386902781768	0.01000255189199401	0.01000542032124564	0.0100165459216322	0.01000420104599375	0.01000516176294282	0.01001680228776122	0.05325079164026635	0.0100011918608743	0.01000361954811914	0.7395454547581278	0.9999663162009327	0.651466901358444	0.6825289251837853	0.01000901590473808	0.01000616732059512	0.01000406625897037	0.07668126798973521	0.01006570114617392	0.01000874999164814	0.2466364828493296	0.1627886808992071	0.0739644527430757	0.0100204645054162	0.4179157427376988	0.0100056711432734	0.01000326470951421	0.01003263828523905	0.02789322191395381	0.01000213408806437	0.0138876743782242	0.01005487705703737	0.0100464433609343	0.3511220772890239	0.3229339768414904	0.01000084245220879	0.3176068586084143	0.01000172221812733	0.01000046444875432	0.01000194790821269	-0.4236105476729653	-0.6536724930828453	6.18006372258998e-11	-4.942212343062855e-11
0.5447103011859583	-0.1495343442999756	0.003358257515621309	0.1943987479997501	3.142604949671965	0.9297539186551687	-0.001405987552834514	0.6341369916417638	-0.03548681658432463	-0.2357949191500411	-0.1044402114104361	0.08571382390547064	0.2662691337092011	-0.1276556726762992	-0.04379785304618894	-0.008629293804902339	0.75262717395649	0.7526271739564506	0.2529955920748468	0.252995592074975	-1.054965382771138	0.2268435504936156	0.4515865572324758	0.5856407211828096	-0.4533496231937125	-0.2108549344372593	0.6527586747535028	0.1426721695358548	1.80045040862658	1.540782772332792	0.0001245724132823441	0.1922765888746271	1.332252727734438	1.480511470657909	-0.2279843876571026	-0.5171765944935786	-0.6615627936019568	-0.9832442195949991	1.33500480105119	3.007709659672635	0.2494277701749827	-0.1141336773543942	2.982856229596575	0.3614784260415501	-0.1398499877187206	-0.7862210865813573	-2.353871899788317	-0.2276649667651255	0.9643624064839214	1.171753620977034	-0.5009470824107677	-2.202755405776627	-2.202755405778121	1.319009369697842	1.319009369698427	-6.849911844969669	1.504442338693576	4.290681440366706	3.900747511885675	1.387237135266005	-1.701892165569958	-0.3489753486130706	-5.676085000047029	4.004031497448836	-0.02025710928373052	-0.3827048605493545	5.250761547712595	-1.844120553903728	-0.005784430743939412	0.1702303342416829	-9.260284150879178	0.06128870040639782	0.02179814384858224	0.1176073819188913	0.09389573167351668	0.2765547427835727	0.06548452562334933	0.01000520908041003	0.02524152484572183	0.05059170487097451	0.02178682365627323	0.01296109709605712	0.01070944817028293	0.0130668173939972	0.01545974525446996	0.01000543527694403	0.01000461194501803	0.07192835235562017	0.01000808018174922	0.01000867784307975	0.01000667653308355	0.01004411943732141	0.01003729268260141	0.01001606498526564	0.2372296170227716	0.01000845582410815	0.02928052194625093	0.0155411714088216	0.01000747161134487	0.01000619327265107	0.01000329859762918	0.01001880224593029	0.01000332360926289	0.01001395937279452	0.01000798390700449	0.01001402183070923	0.07401361264202007	0.01008007827645008	0.01000425384043939	0.01000136119592919	0.01000305068541708	0.01000357662853919	0.01000230358535274	0.01000776694291364	0.01001896296468749	0.01000415040848658	0.01000483110971574	0.01001513140291592	0.0418930298184895	0.01000165402601779	0.01000439125966037	0.8240704865435353	0.9788318836895308	0.8457332922400167	0.8661736293770351	0.01000886509267735	0.01000560549670023	0.01000453249960202	0.3556095300669962	0.04934234238903885	0.01176250356721942	0.4897907328811205	0.2783534830210881	0.1464791325797959	0.01001865812839644	0.3142323960642066	0.01000601384194672	0.01000365614489783	0.01182729001173899	0.0225864458939443	0.01000203791730832	0.01383001068108886	0.01004424654985296	0.01003986971740746	0.6856996173591882	0.4284119579250423	0.01000098866894018	0.3090358225823023	0.01000607403738512	0.01000406311855584	0.01000413450669913	0.006577467781983457	0.03926131209179601	-0.01553790891607171	-0.03602946144265018	0.01288479169108706	0.09456300499717202	0.01060912646430697	0.02260753653063079	0.03713718276494968	-0.006524349141399376	0.08956487982083104	-0.3423725939895088	0.05650969732275395	0.01001374991231516	0.01000663177034176	0.2194777945064559	0.2592062000758594	0.2152475902534541	0.01001930715526543	0.01000433480908889	0.0100104508367885	0.06432661130358662	0.02443940917612895	0.01085919758332829	0.01030887493952736	0.01000270685284716	0.01000168929575029	0.01000650801917529	0.01000672774054492	0.1972599726398069	0.01001023039872314	0.01001048385070668	0.01000758798953373	0.01005925366443206	0.01004920679517002	0.01001993489509111	0.01003327871720562	0.01000812815770231	0.01654806595170677	0.0135988576052742	0.01000757787193601	0.01000549107117496	0.01000483682362043	0.01002119492261629	0.01000220092799394	0.01000839535152699	0.01000697963900893	0.01001584500227188	0.05515656596419602	0.01008636232524046	0.01000280320164954	0.01000095974398827	0.01000178577817151	0.01000458770713968	0.01000311696005713	0.01000488740267701	0.01001533001939045	0.01000460003547349	0.01000606729967215	0.01002054259445709	0.05682358494829588	0.01000111301735859	0.01000320227786955	0.5227935330068672	0.9999507763694024	0.3030542573624157	0.3650730164438478	0.01000915144062893	0.01000722055919058	0.01000377184535753	0.01001963364837374	0.01001368090769428	0.01000674713250843	0.1211246497871963	0.06604715816037605	0.01130482392020951	0.01002429029908641	0.5062478917254709	0.01000610337353437	0.01000303847436023	0.01003467067576377	0.03969372930951716	0.01000227069415559	0.01380675368978704	0.01008262503113377	0.01006552818915841	0.164650232892614	0.2405955684279342	0.01000074626202153	0.1863641732972572	0.01000185409152964	0.0100004799448657	0.01000213026661417	-0.3724882986649247	-0.652290009721381	5.550116391890137e-11	-5.906809022440218e-11
0.5491751397202694	-0.1519740620753926	-0.001179525216399979	0.1999060719271295	3.156138576242157	0.9309658505218639	-0.001889615815745241	0.6460438444327076	-0.03310975762667467	-0.2358797412406862	-0.1083505439672343	0.07483994146143771	0.2650514710205791	-0.123726458476598	-0.03826857208154421	-0.01114771481463496	0.741075180871415	0.7410751808714305	0.2587435809373336	0.2587435809373606	-1.081569480011872	0.2321503043533543	0.4715720874940901	0.5983895780331676	-0.4476698743924617	-0.2198478396297399	0.6511811326096858	0.1163798083397558	1.815158288165427	1.542712733272599	-0.001693975511479982	0.2163686813642358	1.325411841659265	1.480712247787465	-0.2273791560671292	-0.557918954723265	-0.4264037916706551	-1.043851604404755	1.13839468422922	3.052598295882899	0.2935465707411361	-0.1018396096203257	2.345472893223142	0.6968620975540027	0.09793676110039422	-0.9685271532036007	-2.513314066846495	-0.315051981887486	0.7852732401974012	1.295147338341724	-0.6166037467667119	-2.973574111365322	-2.973574111318683	1.255275072131313	1.255275072132674	-4.945641981265142	0.8596200920342456	4.695737334011437	1.921704578197682	1.156909076926609	-2.243286618352593	-0.3634873941666434	-6.110967536557766	2.5510113130094	0.7734867268734418	-0.429633055212959	5.542832845480432	-1.31346582777187	0.1009637120138695	0.08840416146270723	-9.006367757105634	0.04379217712209054	0.01750924677882092	0.1376735904324085	0.138592973245966	0.2469640253216448	0.04668020079860566	0.0100048278983582	0.01973337526063423	0.05307255413138635	0.02336777401092018	0.0121248801461239	0.01054015965747192	0.0119356515957634	0.01345313783967874	0.01268450490420719	0.01236697994979175	0.1145018897673544	0.01001644255679623	0.01002626375760857	0.01003908752212475	0.01006481201973516	0.01004976006583885	0.01001777912862113	0.1754689271942315	0.0100090172519569	0.0245488862879647	0.01480651115982309	0.01000753644356574	0.01000610502335587	0.01000403614000851	0.01003061953675391	0.01000287153637821	0.01001172659856208	0.01000772649962833	0.0100158429569183	0.06774775982293969	0.01008461152144128	0.01000375744282076	0.01000122827081949	0.01000262218411023	0.01000411210047849	0.01000280724262027	0.01000689711645938	0.01001749045906816	0.01000455612764047	0.01000540306652026	0.01001616310084782	0.04281100782234232	0.01000144198057097	0.01000388658439509	0.7436237580981775	0.9466507733605952	0.7212511845588779	0.7470741848150706	0.0100085440686578	0.01000581694474681	0.01000432026622537	0.2712899102282384	0.03566787939263999	0.01111276459163187	0.4011246724968975	0.2193577791532124	0.1055214889650566	0.01002300546626837	0.3533728516975286	0.01000676467411723	0.01432381788820419	0.0111639313618311	0.03688686484975497	0.01000259655795083	0.01379996124046621	0.01005116214454738	0.010045171597833	0.5695294095600338	0.3788509358405291	0.01000088182353958	0.2666783745602143	0.01000470347225793	0.01000279968635492	0.01000344926572149	0.01034812540144764	0.03413202278911851	-0.01562963262606794	-0.02828558896656448	0.01547054856248392	0.06792593159955852	-0.0116316008380996	0.02041743604681392	0.03533609180250315	-0.001678498369019509	0.1002314872028552	-0.3789403778517212	0.06366765426444457	0.01001104654546222	0.0100055082813142	0.1496081697058015	0.2159656179676785	0.1126311134071816	0.01001560550424755	0.01000404600455337	0.01000827682731115	0.05199422952756295	0.02767229558663637	0.01055194891601921	0.01020311170988287	0.01000232373472153	0.01000144073674624	0.02362367819467471	0.0220086449910754	0.2097971507544979	0.01004858795180603	0.01009626016805452	0.01017023943587791	0.0101357037173571	0.01008999086569459	0.01002134075000926	0.01002445298747176	0.01001159332132738	0.01567801962786845	0.01348901431117352	0.01000769911461908	0.01000636748228835	0.01000568213129119	0.0100766321899899	0.01000202143262904	0.01000754759622054	0.01000756402538453	0.01002164823628248	0.05504422555945077	0.01009752373652002	0.01000301463145455	0.01000104015882308	0.01000199230635235	0.01000539935579327	0.01000413917630349	0.01000589520598267	0.01001469972718571	0.01000581051538244	0.01000663987933281	0.01001559096581708	0.03349754523056903	0.01000105651442782	0.01000288171272807	0.3343734405828153	0.64773865145703	0.1565368962560592	0.1875417018612034	0.01000698578337581	0.01000525404397124	0.0100041273812346	0.01001363704106987	0.01001044126429445	0.01000590140467633	0.06559984493794624	0.03806689160480112	0.01069895007507212	0.01003571524208662	0.4428008789335022	0.0100097412765707	0.03199755713219231	0.01003348287469789	0.08295894840659364	0.01000466605392871	0.01369681604576501	0.01004547462053258	0.01004412958479606	0.08732762799623146	0.1873391875379889	0.01000066146774767	0.09819413968588588	0.0100028454939252	0.01000081594626235	0.01000242718023197	-0.324101557737742	-0.656555854836822	2.99655156506502e-11	-1.186653478136254e-11
0.5536399782545806	-0.1532983105206035	-0.005913178901742875	0.2046216133599268	3.169845753070857	0.9323760528651353	-0.002309442180635781	0.6550341538216793	-0.02932166432263064	-0.2349553584050575	-0.1131168522518037	0.06330387349235164	0.2634801858576926	-0.1207366143360696	-0.03232109919773828	-0.0140410536266845	0.7260591411404933	0.726059141140569	0.2642003683369961	0.2642003683369096	-1.098042467591113	0.2344029788414043	0.4938216719382473	0.6037981078932804	-0.4430193911537386	-0.2301443103704532	0.6494609554030728	0.08801807653027759	1.822933015600799	1.546696014915246	-0.00369163625845737	0.2417872356238804	1.319691220288475	1.481459854839075	-0.2273063704817221	-0.5977464134740452	-0.1618943783538642	-1.070983550618563	0.9803302267351427	3.085450546824857	0.3382419456177546	-0.08555397009561037	1.676406530553131	0.9935435301131946	0.3122178114283281	-1.169650783579231	-2.650494301037562	-0.3860681176134778	0.5435766841079213	1.359080430475238	-0.6688895385744169	-3.754456150112411	-3.754456150113127	1.188567234664698	1.188567234664419	-2.311736638479365	0.1363841699871307	5.304852107182801	0.6126882029441956	0.926183244518137	-2.285817254284262	-0.412867927347574	-6.60304825948267	0.8983639711523547	0.8995166730189789	-0.4629374818815009	5.844942837774986	-1.342304065611311	0.2391650402366569	-0.06827597317273956	-8.850458999257265	0.0319665993878654	0.01477490554865521	0.1298653205907219	0.1543045551924206	0.1964698304334695	0.03390129592112426	0.01000448131546398	0.01620140805148633	0.05041203228459392	0.0255457021444514	0.01148517278435146	0.01039464285412347	0.01122517302167912	0.0121876639086781	0.01939745288149532	0.0182917929185778	0.1452787156920108	0.01003607323943186	0.01006947745725742	0.01012043154154786	0.01010644070931727	0.01007286862311121	0.01001937742640856	0.1272152227795425	0.0100106690598303	0.02118746063026316	0.01430321475409352	0.01000762276305132	0.01000637919930854	0.01000481422339376	0.01005881258480401	0.01000252182191094	0.01001001414566989	0.01000778514328034	0.01001915948514064	0.06349548659092642	0.01009163248841134	0.01000352679263089	0.01000117546932756	0.01000243212386841	0.01000475123389517	0.01000350566509841	0.01000673234960297	0.01001633425852128	0.01000526414420513	0.01000597538512341	0.01001494817260007	0.03511769034070776	0.01000128831046614	0.01000345100760618	0.6399733633633653	0.8501714755507738	0.5896783782272712	0.6139520352986431	0.01000753055836388	0.01000521071951375	0.01000432125214664	0.2026796367220579	0.02657391185675389	0.0107053736401987	0.3152467085106288	0.1651216251788479	0.07510845139112256	0.01003001698253108	0.3666444679174171	0.01000859985687811	0.02509348898067115	0.01074783717641559	0.06084493984348104	0.01000384504478621	0.0137401247171391	0.01004153453563914	0.01004044902455511	0.4571421084095796	0.3266747924396017	0.0100007832466042	0.2101942335404521	0.01000421976672328	0.0100021367762962	0.01000313283568833	0.01411878302092848	0.02900273348643817	-0.01572135633606632	-0.02054171649047993	0.01805630543388069	0.04128885820194518	-0.03387232814050666	0.01822733556299655	0.03353500084005557	0.003167352403360176	0.1108980945848791	-0.4155081617139328	0.07082561120613508	0.01000834317861028	0.01000438479228993	0.07973854490514497	0.1727250358594994	0.01001463656090775	0.01001190385322981	0.01000375720001429	0.01000610281783599	0.039661847751539	0.03090518199714398	0.01024470024871094	0.0100973484802396	0.01000194061659956	0.01000119217774456	0.03724084837016412	0.03401056224160261	0.2223343288691882	0.01008694550487901	0.01018203648539461	0.01033289088221662	0.01021215377028267	0.01013077493621705	0.01002274660492801	0.0100156272577374	0.01001505848495488	0.01480797330402911	0.01337917101707137	0.01000782035730055	0.01000724389340416	0.01000652743895924	0.0101320694573606	0.01000184193726058	0.01000669984091287	0.01000814841176001	0.01002745147029374	0.05493188515469876	0.01010868514779956	0.01000322606125933	0.01000112057365704	0.01000219883453138	0.01000621100444798	0.01000516139255081	0.01000690300928928	0.01001406943498146	0.0100070209952913	0.01000721245899442	0.010010639337178	0.01017150551284284	0.01000100001150162	0.0100025611475861	0.1459533481587634	0.2955265265446583	0.01001953514970431	0.01001038727856198	0.01000482012612237	0.01000328752874986	0.01000448291711378	0.01000764043376668	0.01000720162089545	0.01000505567684938	0.01007504008869608	0.01008662504922713	0.01009307622993359	0.01004714018509181	0.3793538661415325	0.01001337917960747	0.05399207579002232	0.01003229507363408	0.1262241675036697	0.01000706141370834	0.01358687840174292	0.01000832420993857	0.01002273098043277	0.01000502309984986	0.1340828066480431	0.01000057667347648	0.01002410607451469	0.01000383689633426	0.01000115194774405	0.0100027240938482	-0.2697793473010332	-0.632977037739147	2.209896113193172e-12	4.518156545160962e-11
0.5581048167888917	-0.1537268371610431	-0.01070883919375641	0.2086523638170156	3.183689275675509	0.933924741862043	-0.002661619849365827	0.6614598002986369	-0.02438157325041064	-0.2330680627980817	-0.1185036236818909	0.05133916636240331	0.2617301556101809	-0.1184854956740496	-0.02621721657063544	-0.01692318067219066	0.7078221049942657	0.7078221049942097	0.2693489437298257	0.2693489437298258	-1.104356351437007	0.2340924062663335	0.5182057193472427	0.6044860666839962	-0.4392903319540873	-0.2397712702338563	0.6475480214039339	0.05736958040819228	1.824355828686797	1.54999360318021	-0.005696269635949342	0.2681008116965916	1.312095116100034	1.482928209372017	-0.227990178981983	-0.637304798983285	-0.0485735366252813	-1.062049807493298	0.8328524261551462	3.114272691512418	0.3524438189815649	-0.07443110770228521	1.225401470670413	1.187385818736849	0.5277801487315269	-1.226394362207956	-2.671279493254273	-0.3467368770323719	0.4824577166560318	1.358816199018364	-0.6166887550947042	-4.396773616715203	-4.396773616860369	1.122174820253621	1.122174820612274	-0.6432545176899949	-0.1850299086828762	5.404167862234734	-0.2487136994466085	0.7564978129049218	-1.994218185961291	-0.4445224219453719	-7.155204549228218	-0.223301370231298	0.5158457279636813	-0.4143252553924175	5.814763384000829	-2.15411570645992	0.4226408231517991	-0.238611531054907	-8.94224518527748	0.02411417630288782	0.01301895991601608	0.109160629563269	0.1640743780310914	0.143452111334116	0.02538587717181421	0.01000464001589304	0.01392649184041803	0.04489181687964942	0.02673523644759821	0.0110193442516648	0.01028232228931806	0.01077215570207392	0.01137930435388872	0.03369413951376157	0.03168021996072733	0.1670009444336948	0.01046930473274151	0.0198714855375198	0.03715582539767066	0.01018625732089866	0.0104029147167443	0.01456835579761219	0.09086720243980817	0.01001200415153331	0.02187075955163363	0.01419307717833663	0.01014760971978969	0.01000669438318819	0.01000585028923354	0.01007438954017389	0.01000236288008215	0.01000907533303695	0.01000819808638543	0.01002143733236991	0.0603488603387974	0.01009611100673601	0.010003466211536	0.01000117213182753	0.01000237787055127	0.01800665660635072	0.05739714394988007	0.01000747652669498	0.01001968657786841	0.01000644158183574	0.01152448773437454	0.01001358364992133	0.02622918863672933	0.01000115797106921	0.01000305125106876	0.5289716030525718	0.723726959226125	0.465813469829321	0.4860334871000227	0.01000699973572399	0.01000511314823238	0.01000539235842297	0.1482813207213664	0.02059638701681693	0.0104459025464929	0.2382675775734723	0.1193417928979168	0.05338433976711338	0.01004382575536617	0.3587891211812576	0.04620467366494631	0.09242237804293445	0.01048410661112786	0.07880957528612288	0.02423866386463745	0.01347037197603133	0.01002894345344416	0.01003300349281099	0.3553334851092027	0.2708553742254356	0.01000069513623661	0.1541564388459864	0.01001049218605675	0.01000384641326883	0.01002661181858371	0.01383568706428633	0.02615652220184785	-0.01275740719588792	-0.002991338681313603	0.01772750437738869	0.02755988470278038	-0.05543642124112279	-0.06142861860384019	0.02708135555340631	0.007933313462372913	0.1138280776577207	-0.4338442632902682	0.07045112751131163	0.01000728617610632	0.01000393259193412	0.04659775649064647	0.2015327834896175	0.0100307092455948	0.01001319591699903	0.01000592444290621	0.01000509215995061	0.02975445952242927	0.0270317988370567	0.01021078560896382	0.01008684234650644	0.01000172796298853	0.01000105256069166	0.07862920637513576	0.07442117296493619	0.2164563984254783	0.01218947762742106	0.06013412332300867	0.1508066283952838	0.01041806035138788	0.01169625853384754	0.03318008686540271	0.01001285495451963	0.01001356911707452	0.03035343390206309	0.01455528025745743	0.01071750663083972	0.01000721626641153	0.01000855715225012	0.01007320047684337	0.01000231557708767	0.01000817787049162	0.01000955868101999	0.01002339565102899	0.05344580769704656	0.01009930559712899	0.01000348359828013	0.01000120572645369	0.01000236164463763	0.05087787115601891	0.2625732481769478	0.01001035321552692	0.0100353326508014	0.01000968435005164	0.01771666481543841	0.01001182979179061	0.01009864415753149	0.01000088255583914	0.01000220980261593	0.07799544913891265	0.1527706648648043	0.01001112772051679	0.01000601107768459	0.01000722964866256	0.01000641256847904	0.01000961009954364	0.01000653555186911	0.01000659708534463	0.0100055427580875	0.01005025412889594	0.01006104692549441	0.010074790200089	0.01008481728317455	0.2911464009139311	0.200487619572778	0.376168647414153	0.01003965117529344	0.104096853925644	0.08315901291579557	0.01249669210052868	0.01000697120963818	0.01001831824658036	0.01000304153421784	0.07225773712807834	0.01000051877436143	0.01001447732902137	0.01003636812917597	0.01001167608303515	0.01012257713101939	-0.222452119122726	-0.7108445678320485	-2.964413192125929e-11	1.204079022198417e-10
0.5625696553232028	-0.1538973594166149	-0.01526159676565906	0.212126853927316	3.197642638277656	0.9354961073405579	-0.002993993333475772	0.6661862151538026	-0.01900406573463742	-0.2302907227135388	-0.1239169824107072	0.03978731932455911	0.2608403442851869	-0.1162707439399868	-0.02033290014280049	-0.01949917701454626	0.6869576696959135	0.6869576696957342	0.2742609083355563	0.2742609083355682	-1.104918105649062	0.2335586217768622	0.5401710466220243	0.6020755110022835	-0.4361545487666214	-0.2476635282368968	0.6454870303703663	0.02386164253667464	1.821275846420976	1.550750728814564	-0.007206566925279917	0.2925742998153076	1.299618181611433	1.485270194473552	-0.2294422659344753	-0.6782473369423379	-0.04632282585071518	-0.9621765835993358	0.7311564728351114	3.13465276724683	0.3483997408667006	-0.07668280001646044	0.9152451478765939	1.189481762638394	0.7109083680817186	-1.181560288147216	-2.465555795953307	-0.000737621771208186	0.5272864180765507	1.260726922715496	-0.5317599870430416	-4.931385183958663	-4.931385183958144	1.082578779240188	1.082578779241593	0.264898255619184	0.0363976807804567	4.22139942840988	-0.7752744323415903	0.660428501009655	-1.508767004749127	-0.4791893182040912	-7.883919576845869	-1.118638556406274	-0.2384696438690874	-0.2415023314134124	5.020685372868456	-3.528645268259187	0.6305030819173457	-0.4124220871729673	-9.470482604304038	0.01902531601050774	0.01191280546818214	0.08375555196932039	0.1792064652393244	0.102937744762126	0.01985163120461278	0.01000555296906992	0.0124896955646514	0.03776204745064355	0.02608301287193032	0.01071494822657915	0.01020818203149041	0.01048852342104006	0.01087241480375393	0.05705606072712095	0.05419711474564917	0.1801871089266041	0.01152743889238545	0.04384245406309156	0.100807350538073	0.0103133731431122	0.01119594362724241	0.02589773293654319	0.06447519889470871	0.01001227850858731	0.02795935201359478	0.01456147189933098	0.01050139170050523	0.01000688071427708	0.01000725937627758	0.01006201756885459	0.01000244147284952	0.01000904419037869	0.01000898555557978	0.01002133649029092	0.05775259378678034	0.01009538658341685	0.01000352509375327	0.01000120204259965	0.01000240514177531	0.03773389852419983	0.1657515964602997	0.01000923813831135	0.01002976461083505	0.01000817690382413	0.01534380261770226	0.01001317852066669	0.02041507438787351	0.01000103243719223	0.01000266970508398	0.4224765269466965	0.5913492925543482	0.3626554966384596	0.3795065851475066	0.01000757310312987	0.01000622567669355	0.01000798686845669	0.1065525260622444	0.01675577433019302	0.01028382860212785	0.1762915304174576	0.085064994002977	0.0384394167583362	0.01006667198768359	0.3313936193329915	0.13026327259509	0.2288835988620257	0.01032194782323324	0.08306440042066493	0.05875438485695863	0.01289439942411088	0.01002057154776824	0.01002669661814196	0.2711076452464618	0.2103040758105826	0.01000061864554155	0.1109825718828966	0.01002662795984438	0.01000886621770971	0.01008627778068878	0.01355259110762149	0.02331031091725654	-0.009793458055703563	0.01455903912785235	0.01739870332089757	0.013830911203615	-0.07700051434173821	-0.1410845727706736	0.02062771026675998	0.01269927452138551	0.1167580607305627	-0.4521803648666045	0.07007664381648733	0.01000622917360356	0.01000348039158264	0.01345696807614674	0.2303405311197373	0.01004678193028128	0.01001448798076753	0.01000809168579485	0.01000408150206705	0.0198470712933191	0.02315841567696856	0.01017687096921763	0.01007633621277535	0.01000151530938534	0.01000091294364351	0.1200175643801062	0.1148317836882691	0.2105784679817668	0.01429200974997587	0.110086210160628	0.2912803659083529	0.01062396693249431	0.01326174213148291	0.0563374271258801	0.01001008265130133	0.01001207974919184	0.04589889450009711	0.01573138949784243	0.01142719290437813	0.0100071886394158	0.01001058686553591	0.01001433149632931	0.01000278921691051	0.01000965590006882	0.01001096895027879	0.01001933983176451	0.05195973023939895	0.01008992604645806	0.0100037411353019	0.01000129087925462	0.01000252445474469	0.09174953130759748	0.5151413349613504	0.01001380342176616	0.01005659586662122	0.0100123477048184	0.02542611717188599	0.0100130202464031	0.01002578280221935	0.0100007651001802	0.01000185845764648	0.01003755011906135	0.01001480318494844	0.01000272029133296	0.01000163487681306	0.01000963917120536	0.01000953760821051	0.01001473728197629	0.01000543066997142	0.01000599254979481	0.01000602983933083	0.01002546816909623	0.0100354688017614	0.01005650417024541	0.01012249438124597	0.2029389356863339	0.3909618599659491	0.6983452190382842	0.0100470072769539	0.08196954034762453	0.1563109644178809	0.01140650579931154	0.01000561820933828	0.01001390551272683	0.01000105996859292	0.01043266760811617	0.010000460875251	0.0100048485835304	0.01006889936200943	0.01002220021828767	0.01024243016822784	-0.1811402710262252	-0.9231295692953159	-8.389399008790933e-11	2.653196075259582e-10
0.567034493857514	-0.1542468973945707	-0.01914419815589324	0.2152979611835726	3.211664192168025	0.9370214781101713	-0.003375325235368782	0.6697286477222275	-0.01410306453273676	-0.2268425461184018	-0.1289454981704153	0.02968083027658076	0.262245703182404	-0.1137069124440286	-0.01508658220171502	-0.02168996979208959	0.6638773582918504	0.663877358291772	0.2791241558354256	0.2791241558353189	-1.103172330466547	0.235571091248929	0.5524296507246792	0.5979383525401846	-0.4332718569163157	-0.2530792563563438	0.6432467197114209	-0.01315343756786235	1.814493707333469	1.547459470931572	-0.007656968987689111	0.3121296725464063	1.286171822595795	1.488627071385906	-0.2316545447750033	-0.72268672638019	-0.1127822406734572	-0.7672924318919091	0.7071003173949457	3.144828789960825	0.3335255599549891	-0.09516007117242446	0.6659363113465732	0.9813541951176644	0.8094762017792924	-1.063094438238783	-2.056411470752165	0.6329080111719098	0.6187500451494022	1.077157793397883	-0.4669165235276102	-5.414467230969334	-5.414467231445824	1.11484278733759	1.114842788825903	0.5289823075437019	0.826298032807113	1.394771142004421	-1.047679425085502	0.6289870380101424	-0.9096238031319065	-0.5246153363639565	-8.511605668056076	-1.907868084260474	-1.253105849421922	0.04378536951218202	3.881033884838464	-2.381649600723296	0.8729969456660323	-0.57416529923263	-10.01224285488125	0.01572982011971797	0.01120669958470939	0.07820741763777178	0.2144204966974978	0.07558315582477841	0.01626502930197398	0.01000791163263562	0.01157114336875767	0.03150436332682693	0.02461590573412144	0.01053759266416377	0.01016606686287637	0.01030791918040568	0.01054947333510062	0.08576511986174608	0.0830928608044154	0.2042941108491862	0.0124752274527659	0.07168926153177257	0.1572264292267427	0.01040960754561515	0.01187392597256719	0.05406549684075587	0.04598162610250123	0.01001199838235486	0.03595459516850227	0.01533793876779291	0.06602785399151544	0.01000708026953999	0.01000872343867705	0.01004332733530436	0.01000261678937265	0.01000934639979704	0.01000958435568173	0.01002008016097538	0.05521531572806847	0.01009108399793942	0.01000364886956472	0.01000125640970519	0.01000248972549799	0.09607597178987011	0.2958290871622281	0.01037854593902135	0.01010864473024197	0.01630361552330365	0.03808442804835384	0.01001377360119415	0.01662689975023491	0.01253175307558025	0.01002439166743984	0.3265357392004367	0.4672052821907467	0.2770810519984858	0.2909677253245464	0.01001599209568641	0.01001287672826853	0.01004068631370263	0.07574345984880884	0.01427985307381538	0.01018145449447289	0.1278677189056666	0.06036787070488467	0.02840070432766408	0.01057507714515204	0.291261718378892	0.1953258303938367	0.3079477364159705	0.0103242284534221	0.07957737952467436	0.1071947730849419	0.01224491600658561	0.01001506185701446	0.01002179370570102	0.2025207427897903	0.1543311875637703	0.09869540094332623	0.07895929091746447	0.01060369723310886	0.01080252246306468	0.01055976132960584	0.00678405456602268	0.01786212216424544	-0.001966123278870871	0.04298749648526341	0.0188068605115403	-0.01405842826691637	-0.1003938442608453	-0.08357154226660581	0.01762936443122607	0.01422791441752206	0.1225520393176089	-0.4604378498579337	0.06784529750871425	0.01000715144125654	0.01000399170380131	0.1129665515743576	0.373557827862514	0.02401618814153466	0.0100297724420886	0.01001527387786366	0.01000355040274371	0.02022535124998523	0.0209882225514796	0.01028906251368536	0.0101108258776225	0.01000135622441178	0.01000081027002827	0.1644032176685577	0.1639552590511552	0.3167132117575814	0.01391359716522288	0.1395380458322536	0.2777243350184229	0.01052774328974013	0.01282082909247398	0.1506754728477562	0.01000848151977705	0.01001103530183627	0.05445289804293877	0.01750797495455245	0.3086174004628252	0.01000762320522262	0.01001174933284691	0.01000928601630328	0.0100030237065534	0.01001003690468224	0.01001027225927682	0.01001672835449353	0.04879537600954013	0.01007838266809086	0.01000396106381561	0.01000139815649992	0.01000272771046851	0.3201898732307548	0.7575655442241007	0.01187896916056154	0.01040622183782584	0.04211142972047674	0.1257409324813438	0.01001633630376343	0.01002236364552506	0.02286441626953383	0.01011354531890976	0.01002316164743966	0.01000919557692804	0.01000205051004665	0.01000122206877095	0.01004844993031875	0.01003703610223093	0.01016788158280069	0.01000523013200445	0.01000622371638236	0.01000939872153755	0.01002359506165675	0.010033476359029	0.0100776426533362	0.01259590313886102	0.1367491326856828	0.3125111374405504	0.3600014142406554	0.01057574391432091	0.0637397458815739	0.2526746340213247	0.01089531091551131	0.01000581961604233	0.01001311496737676	0.01000075956805151	0.01023480214499122	0.5049979324490447	0.01000343395924743	0.01291758725138493	0.01402506806033759	0.01235120635074292	-0.1403723600031748	-1.248048158456949	-1.84801827696643e-10	5.554091639526834e-10
0.5714993323918252	-0.1549270679460439	-0.02202646453275148	0.2185997740608182	3.225712470717458	0.9384622730392354	-0.003852916560654699	0.6720825152848137	-0.01046003071644571	-0.2232785237966411	-0.133340058207301	0.02147047530040589	0.2665156431267558	-0.1107671028645418	-0.01082294221435693	-0.02382327918298074	0.6385443511573531	0.6385443511573849	0.284385368861811	0.2843853688616485	-1.100088466324941	0.240590910350431	0.5537420839190529	0.5929903135730403	-0.4305546016834984	-0.2557187113811739	0.6407999761608139	-0.05049066985004763	1.80434203134567	1.539406643453146	-0.006779518649606024	0.3284986690240062	1.279359230152308	1.493064036227354	-0.2345301676059457	-0.7638703211250115	-0.194428002512474	-0.5140818949418507	0.7897053972895745	3.14662392156115	0.3105144490382923	-0.1198016914225675	0.3828340540617652	0.6259819924184807	0.7628008283596484	-0.8975830955685461	-1.616192734071023	1.282435950547971	0.6957038375945651	0.8205415930739695	-0.5060106832935498	-5.940467948514388	-5.940467948512977	1.260845349372967	1.26084534937485	0.8642879263572816	1.383523468579203	-0.6818778053356893	-1.138503939481984	0.5863220679925747	-0.2651506786356265	-0.5716597575844006	-8.028225858965245	-2.628004208992211	-2.371388659533098	0.3533018863936317	3.593365562764469	-0.5570860542548662	1.114322564721473	-0.7095633827295489	-8.012066742421748	0.01363923710852381	0.01076438415611697	0.1064178058482314	0.2769953946250018	0.06093633891130238	0.01399191382419366	0.0100120822849961	0.01099470981167842	0.02757065312650266	0.02288765826707259	0.01046880739350161	0.01015270413079454	0.0101949645113053	0.0103474261691683	0.1181473366548189	0.1170981610420244	0.2499248513703679	0.01292607578905189	0.09877817410122333	0.1893385054542783	0.01043362716552926	0.01213224878396833	0.102656174027521	0.03343079193075417	0.01001143137764978	0.0440266437703522	0.01648401610381321	0.1912965279443511	0.01000736812575153	0.01001007429372304	0.01002975950236772	0.01000281435961313	0.01000967829046244	0.01000969664373543	0.01001831507499116	0.05244993097654565	0.01008406263869226	0.01000380870231821	0.01000133059650201	0.01000261883422445	0.2004342360922447	0.4391205382984118	0.01130806081146618	0.01028911766604726	0.03189934161744494	0.08611961373720167	0.01001539047676027	0.01421652238799279	0.01887711617296387	0.0100799256063923	0.2474992422908051	0.3638148012177803	0.2073399880136666	0.218557085869902	0.01003582190648302	0.01002735559912673	0.01011860129243073	0.05380843189905295	0.01271510549482597	0.01011874933297376	0.09133414881739077	0.04318415437906496	0.02183852971244751	0.01181922721579353	0.2428505610573506	0.2154755835727483	0.2746474638133317	0.01052411219923217	0.07116271492381071	0.1667250448848847	0.01164629421302392	0.01001169656981545	0.01001843499765353	0.1481409010896811	0.1111517802867833	0.2942117163392438	0.05605876586115885	0.01203082474512483	0.01279527333248064	0.01164614700043169	1.551802445732609e-05	0.01241393341123648	0.00586121149795147	0.07141595384267356	0.02021501770218228	-0.04194776773744761	-0.1237871741799529	-0.02605851176253783	0.01463101859568985	0.01575655431365903	0.1283460179046541	-0.4686953348492619	0.06561395120094275	0.01000807370891255	0.01000450301602534	0.2124761350725693	0.5167751246052923	0.03798559435278954	0.01004505690340915	0.01002245606993352	0.01000301930342485	0.02060363120665037	0.01881802942599034	0.01040125405815235	0.01014531554246802	0.01000119713945538	0.01000070759642834	0.20878887095701	0.2130787344140422	0.4228479555333974	0.0135351845804638	0.168989881503879	0.2641683041284926	0.01043151964698459	0.01237991605346079	0.245013518569632	0.01000688038825325	0.01000999085447926	0.06300690158578144	0.01928456041126396	0.6058076080212664	0.01000805777102614	0.01001291180015723	0.0100042405362767	0.0100032581961965	0.01001041790929589	0.01000957556827744	0.01001411687722181	0.04563102177967845	0.01006683928972184	0.01000418099233055	0.01000150543375038	0.01000293096619404	0.5486302151539049	0.9999897534868387	0.01374413489936286	0.01075584780903294	0.07421051173612196	0.2260557477908018	0.01001965236112193	0.01001894448882988	0.03572806743889478	0.01022523218017674	0.01000877317581918	0.01000358796891139	0.01000138072876415	0.01000080926073365	0.01008726068942348	0.01006453459623941	0.01032102588362796	0.01000502959403963	0.01000645488297413	0.01001276760375436	0.01002172195421797	0.01003148391629803	0.01009878113642819	0.01506931189649579	0.0705593296850295	0.2340604149151513	0.02165760944302679	0.01110448055168796	0.04550995141551526	0.3490383036247657	0.0103841160317097	0.01000602102274611	0.01001232442202398	0.01000045916750859	0.01003693668186304	0.9999954040228226	0.01000201933496727	0.01576627514073218	0.01802793590240282	0.01445998253316992	-0.09700062216044407	-1.688342815150657	-1.890158358151436e-10	5.011665452796552e-10
0.5759641709261363	-0.1559216018362357	-0.02368039759606181	0.2223065599051662	3.239761915178188	0.9397875666341172	-0.004431532890291802	0.6729841829387422	-0.008509919144059477	-0.2201173634138595	-0.1370340731778024	0.01515448209670993	0.2729055870173326	-0.107592519993391	-0.007851101854005563	-0.02619182985592679	0.6106707615511221	0.6106707615510724	0.2904295864034575	0.2904295864034193	-1.095000718536318	0.2470769669681888	0.5491733365319577	0.5879358327429659	-0.4280798582544502	-0.2554547041847119	0.6380797598572102	-0.0807862639044995	1.791141291058979	1.526288158124445	-0.004611793440228741	0.3470099042643444	1.277445602800533	1.498535808816293	-0.2380070576736551	-0.785398077000384	-0.2357510286794152	-0.224340330782914	0.8380130651753794	3.148466120106477	0.2838473814464113	-0.1371263908178128	0.002672325629546188	0.2713288076066537	0.6664272209448452	-0.7943775670991974	-1.214901224743513	1.459140207485608	0.709957689683879	0.5103916772695836	-0.5220426470526368	-6.541425679523807	-6.541425679153852	1.404760338186414	1.404760336210612	1.39294030738251	1.507535369036238	-1.304379922386471	-1.116685510247315	0.526264881104498	0.3790228100567151	-0.6588043808646584	-5.541312987647836	-3.27211142431927	-3.503969328158771	0.5998515381837524	4.475801955093195	-0.4603199902879826	1.328485562117141	-0.8512302096753703	-1.834973160363714	0.01230055116656533	0.01048280145074832	0.1314816701380785	0.324455007374068	0.05427050659609255	0.01254540718175615	0.09450045717011839	0.01062727250725647	0.02507330904491223	0.02073349055536513	0.01043577909791134	0.01014598636916156	0.0101230650044013	0.01021882743504604	0.134644173843428	0.1350639883309044	0.2806151632896003	0.0130631442680576	0.1133760091495453	0.1992658078349071	0.01044000419120778	0.01210789953233935	0.1288053938576285	0.02507443987283229	0.01001073225898397	0.0518793460093209	0.01777492964656074	0.2640521717165382	0.01000765476959641	0.01001187266981933	0.01002028079027163	0.01000287232752835	0.01000961438752204	0.01000964145617014	0.01001708035464417	0.05233676458776389	0.01007648847489625	0.01000399563007264	0.01000141644475595	0.01000277982601148	0.2908560929715631	0.5651690925885559	0.01199427174578209	0.01039387521523972	0.04792038052547633	0.1299728381058174	0.01001586943276898	0.01267167187542127	0.03892816701640613	0.01011419110872274	0.183628077230819	0.2780357379377352	0.1519183736035775	0.160713068312967	0.01004778220494847	0.01003549936509561	0.01016312471161466	0.03868604016194326	0.0117147460083815	0.01007940572952407	0.0648163097955845	0.03155507864427108	0.01757232475336889	0.01314379668755744	0.2093524050052518	0.2599036629606746	0.2603299639040176	0.01063412810539062	0.06395804515098011	0.2411016045698102	0.01131510104808692	0.01000947518994919	0.01001581878763057	0.1064661994419224	0.08084406537231362	0.4669505187513507	0.04021456363141933	0.01457908860567051	0.01554929258799796	0.01351961145579745	0.000761644930375834	0.008695900443392822	0.004298221647079993	0.09824354927437094	0.02266048174749856	-0.07654783313467058	-0.1469370897303472	-0.0337776594901493	0.01028010141581935	0.01495268017977635	0.13849369809373	-0.464781078055195	0.06143703026980189	0.01001012904560989	0.01000466416112254	0.1640295789472943	0.4149436401545208	0.04415770042867428	0.01008638858443929	0.4793741766906173	0.01000271807966307	0.02062906015134847	0.01528606894721071	0.01036064557498457	0.0101251348703541	0.010001105405496	0.01000064981034006	0.1380260362858325	0.1411449832198002	0.3157906370300256	0.0130879876105823	0.1231966202574199	0.1883568918933554	0.01046781564331465	0.01179064738947751	0.1313793194998419	0.0100060042554216	0.01000915784076887	0.07009416961934546	0.02065542615437644	0.3080067931298073	0.01000821523352383	0.0100166914518656	0.0100041971058651	0.01000271630617433	0.0100087011678245	0.01000952379856336	0.01001575760108431	0.05787915701087129	0.0100608428858446	0.01000442740371977	0.01000161085176633	0.01000315903130821	0.5242022609487635	0.9999892750361337	0.01264954188246269	0.01040897952835846	0.0804481117748737	0.2239178429421592	0.01001405907088507	0.01002710550087971	0.1096692139142374	0.01012535163326778	0.01001293278103097	0.01000552869491218	0.010001441590075	0.01000081666347064	0.01005110290865177	0.01003585707485133	0.01016586960361749	0.01000500472390901	0.01000702957672056	0.0100126505948756	0.01003328134028588	0.01009263526816303	0.01011544859657429	0.01570051625103139	0.158930538737029	0.5154600211426272	0.389935410979289	0.01057009999581838	0.05308367585242377	0.5111218063925101	0.01107469926278365	0.01000543691585861	0.01001055649173065	0.01000042533588544	0.02016961069312346	0.9999857433867946	0.01000206197692147	0.02174729535329029	0.022264482623279	0.01871509262460694	-0.06377094921144959	-2.263103369305002	3.531920758869643e-11	-3.669521236290555e-10
0.5804290094604474	-0.1568954683386412	-0.02400789220685209	0.2257908207302669	3.253842599855641	0.9410032236830257	-0.005057231216690997	0.6719421520518138	-0.007824902804465433	-0.2172096415139147	-0.1407662015041466	0.01060501403042793	0.278466908498359	-0.1045736425480235	-0.00626786250946325	-0.02819093439489059	0.5801666150106057	0.5801666150104645	0.296555554294631	0.2965555542946198	-1.087844631434425	0.2539247093950507	0.542632743841763	0.5830984796017332	-0.4258191585451652	-0.2523733456510876	0.6348102835216107	-0.09996202693133201	1.775239968086058	1.508126221196249	-0.001582586891106911	0.3664762507893262	1.273818124808044	1.504853379434124	-0.2421612007178011	-0.7820759243809423	-0.1851698820190912	0.08008896842820719	0.6900263556048024	3.160617814493408	0.2614033817694044	-0.14089180148232	-0.4878354396359334	0.05928969187973116	0.6492745841308035	-0.9146561743897649	-0.8248875539093319	0.9112582513122472	0.6259561173405545	0.1985254135100428	-0.3405191089730986	-7.118811673369076	-7.118811673374632	1.297464708125307	1.297464708124026	1.790789264626195	1.545538594180796	-1.565155053311048	-1.041242760443509	0.4904423802253414	0.9968663643543239	-0.8176978365198631	-3.047158256193717	-3.837715367199307	-4.630575200608726	0.7391977234435801	4.02120239046707	-1.324795878934761	1.493193170739542	-1.012935178610578	3.119314439978536	0.01145981936558973	0.01030675891921692	0.1333084654282655	0.3332002656446068	0.05196426112990495	0.01165104638655095	0.2812250991009003	0.01039726758201761	0.02348446086290823	0.01806207186393496	0.01039991650313173	0.01013421583741934	0.01007811016475844	0.01013843942673503	0.1240832649627227	0.1251250720224569	0.2749668724976997	0.01298260891621922	0.1087031173173394	0.1849345565331295	0.01045760258568241	0.0118724577392665	0.11059037723592	0.01964671837999905	0.01000998289635223	0.05935873415161723	0.0190919543739639	0.2328471222379831	0.01000789290240311	0.0100144151104143	0.01001434445050067	0.01000270510232791	0.01000892976398576	0.01000958753516657	0.01001692548204384	0.05647946859616398	0.01006950687676327	0.01000420489366	0.01000150962980677	0.01000296600173984	0.345089568559849	0.6573788591878122	0.01201372588717879	0.01032916882685158	0.0601153237342575	0.1573747804789263	0.01001406836582564	0.0117026586638274	0.07661176743816157	0.01009803435690457	0.1334901682884556	0.2081108408802601	0.1092905719233068	0.1159462987705847	0.01004167636993483	0.01002981767201675	0.01013268739571123	0.02856781053482674	0.01108715675146531	0.01005478403796307	0.04624053538565184	0.02391269321086511	0.01485898872617266	0.01420520022358605	0.2082218566272435	0.3620406372928567	0.3418673822242918	0.01050219714858337	0.06168520684926262	0.3326283528359237	0.01136625766384086	0.01000786860486469	0.01001352112345171	0.07566843685790114	0.06260519308978053	0.5834086668295991	0.02958087164427303	0.01838357707700998	0.01883471372540933	0.01626868857088561	0.001507771836256156	0.004977867475547464	0.002735231796221649	0.1250711447060687	0.02510594579281511	-0.1111478985318932	-0.1700870052807416	-0.04149680721776349	0.005929184235951722	0.01414880604589359	0.1486413782828076	-0.4608668212611302	0.05726010933865935	0.010012184382307	0.01000482530622769	0.1155830228220178	0.3131121557037481	0.05032980650455745	0.0101277202654675	0.9487258973113	0.01000241685591075	0.02065448909604689	0.01175410846843004	0.0103200370918176	0.01010495419824204	0.01000101367156504	0.01000059202427833	0.06726320161465396	0.06921123202555619	0.2087333185266511	0.0126407906407075	0.07740335901096151	0.1125454796582183	0.01050411163964451	0.01120137872549452	0.0177451204300521	0.01000512812258991	0.01000832482705994	0.07718143765290737	0.02202629189748441	0.01020597823835116	0.01000837269602113	0.01002047110357508	0.01000415367545943	0.01000217441614617	0.01000698442635122	0.01000947202884559	0.01001739832494796	0.07012729224206724	0.01005484648196759	0.01000467381511018	0.01000171626977629	0.01000338709641998	0.4997743067436289	0.9999887965854167	0.01155494886555722	0.01006211124768321	0.08668571181363045	0.2217799380935264	0.01000846578064733	0.01003526651292892	0.1836103603895781	0.0100254710863563	0.01001709238624263	0.01000746942091328	0.01000150245138917	0.01000082406621393	0.01001494512788435	0.01000717955346363	0.01001071332360385	0.01000497985377742	0.01000760427046689	0.01001253358599885	0.01004484072635418	0.01015378662002728	0.01013211605672003	0.01633172060555296	0.24730174778903	0.7968596273701045	0.7582132125155474	0.01003571943995223	0.06065740028933406	0.6732053091602199	0.01176528249385502	0.01000485280897073	0.01000878856143701	0.0100003915042795	0.03030228470438428	0.9999760827507577	0.0100021046188776	0.02772831556585046	0.02650102934412222	0.0229702027160302	-0.04151513099857644	-2.932546601030648	1.388648723139719e-10	-9.380047747779807e-10
0.5848938479947585	-0.1574955321469679	-0.02304601237524415	0.2284059483648703	3.267998667810358	0.9421256396012296	-0.005690551400729237	0.6685665901784479	-0.00783675667749994	-0.2144210751322779	-0.1454522615835193	0.007744409651568755	0.281097467225242	-0.1020517576960256	-0.005948023196470939	-0.02917858500201144	0.547278193024879	0.5472781930249369	0.3015977001657233	0.3015977001656678	-1.079359351546396	0.2609621523025993	0.5349938309869311	0.5786118271904064	-0.4236546738166929	-0.2466668841401723	0.6307712232409504	-0.1099844719594205	1.756947233138372	1.485022592341424	0.001866364331810403	0.3787765423899029	1.266163714626106	1.511822468884211	-0.2469562387745928	-0.7643078749456369	-0.08031421253658066	0.3411308984268152	0.4987211385747428	3.180439398192999	0.2414442508389859	-0.1441942754916967	-1.027184442869353	-0.064016589561825	0.5735875021774348	-1.179713065641517	-0.4661093270588803	0.331972642466105	0.5023977415227445	-0.04147270079328977	-0.1207733988353448	-7.603813118595708	-7.603813119030381	0.9682158853162226	0.9682158842422733	1.991202000345239	1.612562384949459	-1.882706301695181	-0.9694301690277906	0.4812585015665313	1.547394884275502	-0.9776111944009971	-1.479219479195655	-4.356796654659087	-5.705422856731138	0.8027367637967104	1.575037213292245	-1.949368793489483	1.62392732173237	-1.103280428257272	4.759293198225637	0.01092344480906299	0.01019453707932741	0.1343914364289112	0.3337241036710614	0.06272115631940642	0.01118278794282013	0.4493918180128183	0.01025080834632694	0.02174645937785195	0.01624209055439602	0.01035934251437493	0.01011977947278314	0.01004948946158634	0.01008728858459573	0.1054640467692596	0.107486530872161	0.2597822444161182	0.01639753051123188	0.09672649677860955	0.158171896833784	0.01046310947288772	0.01156092653833121	0.08055669541047751	0.01612725946662627	0.01000883623856785	0.06816064192833317	0.02035277578879397	0.1720337582789243	0.01000752336726102	0.01001753157148688	0.01001048770061996	0.01000262205790915	0.01000856289757254	0.01000931759706308	0.01001670043625594	0.0643485683850659	0.01006424527534406	0.01000475513909744	0.01000157821804289	0.01000315017357201	0.3781718244651197	0.7285909476339294	0.01170147897001987	0.0102273661204773	0.06330119711096277	0.1713833417619615	0.0100118147306597	0.01109835977095056	0.1068909359912675	0.0100738169439941	0.09551782932281948	0.1525227939712497	0.07772832389384483	0.08257891901103499	0.01003182505877138	0.01002154523177931	0.01008706444342399	0.02189375949528054	0.01068799938796343	0.01003978967092745	0.03447458686936408	0.01967415420524801	0.0131480631292573	0.01484115725278892	0.2229930233563363	0.4185992253267732	0.3964912173669428	0.01033216056373945	0.06303088563732601	0.379654557079996	0.01160070028732214	0.01000681579226843	0.01001176907950306	0.05374808593939401	0.05830259601088163	0.6279882592454784	0.02255183980295759	0.02024394561222861	0.02004717750603696	0.0175406801456178	0.002533296388086621	0.0005918309525781921	-0.0003903320086469532	0.1624673962453558	0.01845448074315095	-0.09560761148848224	-0.1990971098011848	-0.02249991602156053	-0.002826721780960892	0.008970839399566872	0.1481575704930508	-0.4440161064551084	0.05221879254852892	0.01000953771750968	0.01000362769689174	0.1560261755128169	0.3557495822185017	0.1131941253475963	0.01061269656993199	0.9743598985700315	0.01000224651578242	0.01693612134849089	0.0142568602508707	0.01026433501270732	0.01008678568002277	0.01000093924940896	0.01000054603712605	0.06055041961422854	0.06656354302724478	0.2224556097772334	0.03076431521126243	0.06455354217626529	0.07167198373367481	0.01044453048393705	0.01087897778880025	0.01414643318878489	0.01000505550498439	0.01000563134396349	0.09304253289127332	0.02302363227269159	0.01012618122230755	0.01000559684466753	0.01002487656012975	0.01000377513338715	0.0100027510089351	0.0100087844811087	0.01000832010280444	0.01001536730230744	0.08838214278225713	0.01005575459829688	0.01000658094041686	0.01000167446241991	0.01000352764066397	0.4669923036086421	0.9999920049360759	0.01082863584890657	0.01004813144448971	0.05407506532174	0.1908280921081439	0.01000758063233782	0.01009950737170497	0.1580549426872268	0.01003934569372185	0.01001632655978444	0.01000693576032229	0.01000133991715623	0.01000072955146268	0.01001529168515591	0.01000783231155481	0.01000886512450869	0.01001221630906502	0.01001118356119841	0.01001599929866388	0.01472611718015501	0.0140155714792284	0.01027780975630715	0.01558657808936475	0.2761992126160874	0.4089554123943261	0.3841136050056914	0.01005131313787031	0.07016616105056549	0.3851095802883796	0.01220698856632897	0.01000518886806584	0.01000880948515886	0.01000034347792824	0.06702027307860656	0.5951744272230797	0.01000185064661338	0.01971962555494969	0.01831067368124768	0.01688176152039747	-0.02122781322477353	-3.181106273614566	-8.37207853928683e-11	-7.069791779755067e-10
0.5893586865290696	-0.1575830816716577	-0.02104786737200652	0.2303988651164065	3.282242217952041	0.9431598460205626	-0.00635728619273775	0.6627433406272473	-0.008391345782803584	-0.2123221914094795	-0.1512584568123015	0.006357037258809953	0.2820107392168146	-0.1000990944414093	-0.006515124446480646	-0.02943799584849846	0.5123524272862994	0.5123524272865667	0.3052646270321062	0.3052646270320354	-1.070233000734304	0.2683754219260907	0.5255881485336964	0.5744337279868996	-0.4215026408502636	-0.238662020480431	0.6262052424853469	-0.1135002964434842	1.7363317734371	1.457296028009548	0.005558765183813557	0.3813122822103887	1.25779129869877	1.519313046336998	-0.2517301072036813	-0.7402957602366445	0.04440806223564123	0.5442782960151591	0.4113105833685723	3.199804977223974	0.2218904184429565	-0.1558597117786666	-1.584263748197848	-0.1838257718043479	0.3403346191424182	-1.416414493680618	-0.1649612801593944	0.1420095632023691	0.3709764464434276	-0.1987747526958312	-0.01430826520160874	-8.031428561291134	-8.031428561289669	0.6814429594604724	0.6814429594603211	2.077953409290148	1.713888138528383	-2.35656986818917	-0.9030280809012655	0.4848646631794367	2.026423038468363	-1.0537289460095	-0.1325529042085209	-4.878167164970193	-6.701393875577621	0.8482496326247971	-0.3527757423008477	-1.646422683467067	1.726790864233536	-1.003452401638433	5.916307856715351	0.01058658569068684	0.01012396098530837	0.1472807826488322	0.3445141390201416	0.09047976399027012	0.01107117551763659	0.5681037526633521	0.01015920828354171	0.0192740155108575	0.01601857434027282	0.01031306947123315	0.01010394054374282	0.01003158402613078	0.01005531719393366	0.09013003774209878	0.0941603567120476	0.251954168760947	0.02517811875113883	0.08423466348980127	0.1261613303797667	0.01044418858022343	0.01124512616192138	0.05793390469718468	0.01389185126323405	0.0100071087800817	0.07917687506774504	0.02151373026442387	0.124602011388266	0.01000625039865097	0.01002113209389573	0.01000793685773221	0.01000278680480751	0.01000900997024644	0.01000871672340137	0.01001579714138162	0.07558463006438047	0.0100613000652087	0.0100058149111071	0.01000160533214002	0.01000331798337653	0.3949235152085542	0.7840412794451745	0.01123402258632964	0.01015850343777557	0.05421170033644537	0.1721781194096381	0.01001007493919895	0.01074388337634578	0.1183283642975051	0.01006392600190858	0.06779466900045507	0.1097481817903008	0.05519550259750718	0.05860275545538899	0.01002580223876722	0.01001662372430626	0.01005787289393029	0.01759474970061439	0.01043956339938784	0.0100317255998509	0.02837669787082405	0.01838811511629967	0.01212481537198216	0.01496364917210821	0.2413260174676171	0.3683872205164294	0.3465484084892259	0.01023182370406639	0.06713101811076692	0.3444695101422298	0.01191256580675592	0.01000628447978982	0.01001068274652873	0.03866362142695597	0.06786632833886722	0.576402147218519	0.01801393858340802	0.01846169250417385	0.01778911049426865	0.01608434636749564	0.003558820939928127	-0.003794205570379827	-0.003515895813525944	0.1998636477846409	0.01180301569348633	-0.08006732444507254	-0.2281072143216263	-0.003503024825352695	-0.0115826277978754	0.00379287275324128	0.1476737627032933	-0.4271653916490854	0.04717747575839949	0.01000689105271859	0.01000243008757528	0.196469328203619	0.3983870087332577	0.1760584441906375	0.01109767287439921	0.999993899828765	0.01000207617566748	0.01321775360093464	0.01675961203331094	0.01020863293359603	0.01006861716180202	0.01000086482729784	0.01000050005002364	0.05383763761380594	0.0639158540289388	0.2361779010278201	0.04888783978181498	0.05170372534156886	0.03079848780913185	0.01038494932822721	0.01055657685210387	0.01054774594751875	0.01000498288738102	0.01000293786086508	0.108903628129641	0.02402097264790255	0.01004638420626404	0.01000282099331066	0.01002928201668225	0.01000339659131601	0.01000332760173817	0.01001058453587032	0.01000716817676507	0.01001333627966424	0.1066369933224463	0.01005666271462384	0.01000848806571926	0.0100016326550802	0.01000366818490793	0.4342103004736422	0.9999952132867758	0.01010232283225792	0.01003415164129566	0.02146441882984348	0.1598762461227414	0.01000669548402887	0.01016374823048137	0.1324995249848748	0.01005322030108682	0.010015560733327	0.01000640209973209	0.01000117738292915	0.01000063503672217	0.01001563824242841	0.01000848506964947	0.01000701692541243	0.01001945276435893	0.01001476285193638	0.01001946501133714	0.01940739363395897	0.01787735633843071	0.01042350345589599	0.0148414355731771	0.3050966774431436	0.0210511974185471	0.01001399749582911	0.01006690683579031	0.07967492181179556	0.09701385141653134	0.01264869463880213	0.01000552492716412	0.01000883040888142	0.01000029545155492	0.1037382614528306	0.1903727716954116	0.0100015966743538	0.01171093554405975	0.01012031801838725	0.01079332032479154	-0.006908345618971949	-2.820729467015326	-2.212951795728309e-10	-4.927524967702631e-10
0.5938235250633808	-0.1570273884402597	-0.01825246989840073	0.2321589411171616	3.296568129401309	0.9441134775784792	-0.007087412250144007	0.6543516117863843	-0.009420731080031594	-0.2115135169145708	-0.1579993364652285	0.006170875221094982	0.2824983417281313	-0.09881770597981342	-0.007626460952404012	-0.02941992469076297	0.4755803857100551	0.4755803857103051	0.3079895553710811	0.3079895553711812	-1.060667766862059	0.2760379453536246	0.5140104599282765	0.5705299525489586	-0.4192977162796178	-0.2287221744261812	0.6215112317035827	-0.1121702483179336	1.713434886019126	1.42536810264653	0.009432820362691583	0.3776091893236725	1.252095446829945	1.527179112850469	-0.2555756114200088	-0.7123873968228942	0.1985712046958411	0.6959050177600439	0.3763582184520051	3.217361651162486	0.2047428751157478	-0.171103384550706	-2.16279586187729	-0.2633998656020954	0.0213878752745298	-1.592997750914723	0.06851751932787777	0.07856395305637304	0.2118807939971119	-0.2883824757056308	0.01732126245211092	-8.434306573329316	-8.434306573324685	0.5351864898161558	0.5351864894248836	2.24451787414266	1.658761572585306	-2.774350864834356	-0.8554354930827204	0.5071918852035614	2.404131743980851	-1.038001438565086	0.6922264176826992	-5.369039907314272	-7.573251892136523	0.8742384221875479	-1.240804255034309	-0.947416440399077	1.786219341679082	-0.7056605343917348	6.516478737028364	0.01037171722493066	0.01007888556251693	0.162996348867441	0.3567040541959397	0.1229674287484682	0.0113885811988106	0.6602051490871111	0.01010090416303105	0.02016021225720057	0.01655974949100449	0.01032486343222727	0.01010409708876137	0.01002018082133571	0.01003497373302309	0.07469299855000162	0.08023080344200836	0.245190003034169	0.04254167874741417	0.07309277231364041	0.09492492358501324	0.01040039038790891	0.01101186174819301	0.04166081090646927	0.01245911287527048	0.01000551420866332	0.09171048974261459	0.02293859983676258	0.08894662339881131	0.01000491717558202	0.01002495935601615	0.01000622323097188	0.01000306328346402	0.01000981798217144	0.0100080651424742	0.01001472645391432	0.08823990397952255	0.01005870688080672	0.01021726909092179	0.01007093084425938	0.01000407539041711	0.4001159914502733	0.8278679601031437	0.01081046982663674	0.01011160893799523	0.0419125231078333	0.1643156482729235	0.01000891766101228	0.01060644921707269	0.119089312188181	0.01011310912397585	0.04827525327498245	0.07806221549914744	0.03962686779911919	0.04194924935580471	0.01002228771941776	0.01001345264700853	0.01003875967996117	0.0149571065962773	0.01028601095601147	0.01002988813239107	0.03071671589883893	0.02238015760526674	0.01159402450897371	0.01495147611212546	0.2633291991074844	0.3006542338943555	0.2740685206534809	0.01020084444460223	0.0710804435797019	0.3203754317169027	0.01226293516773623	0.01000616613158727	0.01001010942315667	0.02852536534856325	0.09526311852042452	0.5004021200819523	0.01508104228007222	0.01582791666656322	0.01496942706662782	0.01406458627930862	-0.003693552626020954	0.001309331473352279	-0.004057078199450843	0.2045053803392586	0.0112715304816532	-0.1047642479136603	-0.2289814166493388	0.0002067964858980028	-0.02727748676880627	0.003336177168573418	0.1403008151636638	-0.3980026797704141	0.0392898629721228	0.01000705596241769	0.01000250225402439	0.2048199211219583	0.3920217901165882	0.2095830967142285	0.01266183539047358	0.9999951335095522	0.01000202757161639	0.02918879166423293	0.01814555133741051	0.01046503837433313	0.01013589490247347	0.01000084348631522	0.01000048340963672	0.03253829627251752	0.03932543679230517	0.2170202085488447	0.09660796273146813	0.04873443499781178	0.02045738869318007	0.01027417776882742	0.01066679733832058	0.01043135085445951	0.01000513972282761	0.01000270201552212	0.12583345090752	0.02670980337999916	0.01003509770347226	0.01000251458859548	0.01003335073806345	0.01000325219199423	0.01000371035022372	0.01001171611540516	0.01000677719239721	0.01001253937631172	0.1213294158607377	0.01005223936343497	0.01107570217701618	0.01035310598521525	0.01000684927977113	0.4014027092087082	0.9999934616831105	0.01007949465093705	0.01003029797154551	0.01587298174824828	0.1311183252917935	0.01000718628347888	0.01055758029120398	0.1101898376825692	0.01032280905333162	0.0100119864567468	0.01000516123124477	0.01000096563503876	0.01000051920614703	0.01001694403078683	0.01000772115064526	0.01000579318669859	0.01072188608613981	0.01003489214845819	0.01003321994836272	0.04860874549040332	0.03951361074885408	0.01092276338486493	0.01500960093511894	0.3434180440815867	0.1453530155569962	0.08721966235236615	0.01022021034340638	0.07838340143884968	0.3761417076152933	0.01304782137842551	0.01000635355668355	0.01000940817086893	0.0100002332790639	0.1948460430035407	0.2500783005479926	0.01000124314161071	0.01086024693445151	0.010061410700257	0.01039942000631577	-0.001855700326456382	-2.537971065843591	-9.439008722471564e-11	-3.307891085341832e-10
0.5982883635976919	-0.1558629511276896	-0.01494081538341225	0.2337529472659418	3.310971798443126	0.9449833050593227	-0.00788435519140435	0.6435371583118974	-0.01061945854336518	-0.2121358287604683	-0.1653929745737415	0.006852309553020969	0.2827315302370754	-0.09812789421630545	-0.008995094846507779	-0.02932870174538607	0.4370912642503496	0.4370912642505832	0.3100080685119178	0.3100080685119436	-1.049852841737503	0.28265420480266	0.5013073832801157	0.5667075529214807	-0.4169345355319992	-0.2173898588670284	0.6170337916089363	-0.107641432169206	1.688471278727181	1.389913060323078	0.01325047397974725	0.3708145296579025	1.248952438533442	1.535169187636242	-0.2579112360843885	-0.6827183877659633	0.3170916560066177	0.7755327765404336	0.336920572207175	3.234636065080973	0.1843508411809519	-0.1857899753708918	-2.669510002298916	-0.2596816713703799	-0.3006679217216505	-1.708814067511979	0.2236736863300698	0.02804614100512216	0.105982901348899	-0.3140296557561973	0.01845965787977722	-8.80058503840468	-8.800585038406872	0.3650080493225544	0.3650080493225337	2.637745660144651	1.24522003927081	-2.86068137215658	-0.8665761710695249	0.5557546899658946	2.650172220398009	-0.9567173490352806	1.300317470874481	-5.80394301742114	-8.281346760278936	0.8229848501605566	-1.737625589445092	-0.5028903526125376	1.782339698817539	-0.3271100517193802	6.704980221119832	0.01023744245981404	0.01005075467874798	0.1762668226733634	0.3643288525543541	0.1542702390367804	0.01217203881246472	0.7305523205410224	0.01006446181462657	0.02654849548280597	0.01741288869129688	0.01042844655677437	0.01012945051182818	0.01001305053664866	0.01002226072624453	0.05684882013374935	0.06238209329052317	0.2350735147190405	0.06973957051336099	0.0644910344666951	0.06901058728561849	0.01033146663884678	0.01090721958955591	0.03067282707706079	0.01155814812201772	0.01000442990512859	0.1053986754087644	0.02482054267981336	0.06311593443800761	0.0100039696094616	0.0100288773009335	0.01000509889499831	0.01000337956113836	0.01001074749559444	0.01000751108383172	0.01001375853310054	0.1012932194391671	0.01005542670220221	0.01075075890110421	0.01024645398160918	0.01000574299641693	0.3964057317888742	0.8625726645003202	0.01053680922543165	0.01008086743674182	0.03172366030739511	0.1502195674572151	0.01000837920759423	0.01066817712086661	0.1126572177341485	0.01024503038676842	0.03497148518435619	0.05543050135614451	0.02919024001532864	0.03073412128051104	0.0100205830954827	0.01001118544391331	0.01002636276812566	0.01354931801824406	0.01019758977735583	0.01003390485941125	0.04258578516257849	0.03271843053878562	0.01144822309722158	0.01500624887191367	0.2890715957596817	0.2778282353552325	0.2360676808261669	0.01023904475674736	0.07325415228014162	0.3692939534114286	0.01263125534255367	0.01000640336205344	0.01000996835086525	0.02188776703936984	0.1412359903986711	0.4520013165254635	0.01322324578310367	0.01384344068402289	0.01316242075060013	0.0126430981552842	-0.0109459261919029	0.006412868517044001	-0.004598260585375716	0.2091471128938772	0.01074004526982162	-0.1294611713822461	-0.2298556189770552	0.003916617797143016	-0.04297234573973813	0.002879481583902127	0.132927867624034	-0.3688399678917419	0.03140225018584639	0.01000722087212247	0.01000257442049423	0.2131705140402942	0.3856565714999161	0.2431077492378163	0.01422599790654346	0.9999963671903345	0.01000197896758685	0.04515982972752908	0.0195314906415094	0.01072144381507184	0.01020317264314828	0.01000082214538978	0.01000046676931792	0.01123895493122714	0.01473501955566645	0.1978625160698644	0.1443280856811241	0.04576514465405505	0.0101162895772293	0.01016340620942716	0.01077701782453764	0.01031495576140036	0.01000529655827453	0.01000246617018403	0.1427632736853967	0.02939863411209273	0.010023811200681	0.01000220818388439	0.01003741945944585	0.01000310779267763	0.01000409309869446	0.01001284769493568	0.0100063862080223	0.01001174247296233	0.1360218383990354	0.01004781601224605	0.01214291628832988	0.01070457931533657	0.0100100303746437	0.3685951179438095	0.999991710079396	0.01005666646961613	0.01002644430179476	0.01028154466664782	0.1023604044608606	0.0100076770829283	0.0109514123519276	0.08788015038026549	0.01059239780558007	0.01000841218016521	0.01000392036275297	0.01000075388714626	0.01000040337556713	0.01001824981913649	0.01000695723162624	0.01000456944797828	0.01142431940791545	0.01005502144497722	0.01004697488538273	0.07781009734684843	0.06114986515927706	0.01142202331383164	0.01517776629706059	0.3817394107200355	0.2696548336954448	0.1644253272088994	0.01037351385101876	0.07709188106590194	0.6552695638140557	0.01344694811804863	0.01000718218620369	0.0100099859328575	0.01000017110654974	0.2859538245542477	0.3097838294005831	0.01000088960887195	0.01000955832483374	0.01000250338209648	0.01000551968784348	-0.004334405336911011	-2.695106823626713	-3.144674220163486e-11	-1.322835467182438e-10
0.602753202132003	-0.1543649781672855	-0.01143510114834435	0.2351082993816244	3.325455163864072	0.9457432708547963	-0.008740309313324089	0.630780541680436	-0.01160614393587221	-0.2140830693251597	-0.1731591442134571	0.008063836096764388	0.2827226842594642	-0.09764858350900019	-0.01037130590055061	-0.02923406043483853	0.3971036720388958	0.3971036720403066	0.3109208635484932	0.3109208635484271	-1.036951362813375	0.286811419033008	0.4887878331403649	0.5626762711511171	-0.4142970488624109	-0.2052396924935807	0.6130513554813078	-0.1006942439665026	1.661637677391507	1.351682500961227	0.01660584886543544	0.3621620119893596	1.247269228679091	1.543023015844672	-0.2585253284678881	-0.6528431786221098	0.3499418407772539	0.7903574301467876	0.2698044670764607	3.252997935316166	0.1553383444309514	-0.1972765223722535	-3.030288335230982	-0.1773117239019678	-0.5617738593512178	-1.765718342260525	0.3139126855739977	-0.02633793088549088	0.113907572479617	-0.2989477770547546	0.02429938928152692	-9.087486825111837	-9.087486825388934	0.03753010525698539	0.03753010616736945	3.127190121529555	0.6329562207763901	-2.762963106415737	-0.9429336608945489	0.6293588780862833	2.777803018653624	-0.8259656628875334	1.832525761687532	-6.218716476805552	-8.816117521744717	0.6767075215715747	-2.119563198894539	-0.2436527601551404	1.729280876330259	0.04174213742687306	6.667345417610387	0.01015225084330383	0.01003292130219044	0.179282354211952	0.3599373502078649	0.173139626258995	0.01293180700631649	0.785698205411109	0.01004130301995068	0.03325983590758552	0.01791647491914855	0.01066770650112751	0.01020937829244405	0.01000852379080171	0.01001417851620352	0.0410700576016305	0.04573661263248264	0.2167965968458851	0.09570002147806195	0.05500258166885416	0.04914500651279565	0.01025640400022967	0.01096764043595314	0.02337569639630556	0.01098352843167865	0.01000371196867933	0.1135498027613279	0.02609520422411027	0.04505035480785188	0.01000333894858067	0.01005260016480941	0.01000439206081548	0.03303326382592045	0.01221003743684643	0.01000701963819343	0.01001272156246847	0.1096096255462932	0.01005159917709136	0.01115659243007659	0.01056969786518894	0.01006421924341897	0.3880969299205433	0.8902247783687073	0.01035899168676046	0.0100603559519146	0.02438277874783568	0.1338886848027608	0.01000825312250156	0.01096927667046317	0.1137046784640791	0.01037849164055219	0.02608845026669803	0.03978756040804521	0.02229652416497395	0.02330466578750415	0.01001899311268419	0.01000938588007919	0.01001823578238825	0.01274256363536379	0.01014354961177325	0.0100366929730508	0.05917697942847614	0.04720101860669376	0.01394542966210624	0.02059691766647032	0.3254050097832775	0.2716249083916124	0.2126126003856561	0.01026741860942841	0.08310337013310996	0.4264834045161758	0.01298659685792654	0.01000736794348486	0.0100104592838214	0.01756482683400614	0.1953115599088508	0.433756034752971	0.01203404236585705	0.01242956560808225	0.01199609561742156	0.01166843667494365	-0.009182225129608378	0.004977741741399551	-0.005330292609682913	0.2039394592982744	0.01220201537465563	-0.159874701995561	-0.2280105820772919	-0.001933125898564116	-0.07299067571490608	-0.003249755096714503	0.1135801948359163	-0.3217638236137986	0.02287445569897025	0.01000826205368734	0.01000279937928861	0.162671585312184	0.3089440825461819	0.1970043074740143	0.01423291613422464	0.9999927058156896	0.01000210845622214	0.04547745462015899	0.01813508592260275	0.01138469780570256	0.0104699355431103	0.0100008779592199	0.01000049208048104	0.01063168042103041	0.01237566127048047	0.1385628214399061	0.1535073538603909	0.02803719060446528	0.01007518414772927	0.01009879611628486	0.01132919846353698	0.01030336106891653	0.01000572719337413	0.01000252121794662	0.121191871630768	0.02743961901587865	0.01002039876047788	0.01000232478798234	0.01014167121715626	0.01000327085105857	0.1294548270374803	0.02118464076614635	0.01000601226285427	0.01001027895477548	0.1202068098384536	0.010042727439851	0.01157993891172448	0.01148173268194356	0.01029840048596833	0.353566491875268	0.9999908306731126	0.01005764037415484	0.01002483337398236	0.01199936276676134	0.08877520640504433	0.0100083588767646	0.01194808416786776	0.1411201172984903	0.01061574913742253	0.0100070931549753	0.01000325676278999	0.01000060665659643	0.0100003227508804	0.01001457738328481	0.01000578875804063	0.01000436884879766	0.01130540503536517	0.01004916287380419	0.01003651409058108	0.1024418624569591	0.08547619953802525	0.02420344960385314	0.04365056462947453	0.4824891640333243	0.2388179513147718	0.1342840695727228	0.01026436262572904	0.126683289545627	0.5712801701209163	0.01372419195688092	0.01001060811511509	0.01001244191438857	0.01000013915129034	0.3656145928909362	0.4273152655549657	0.01000077587576267	0.01000738376141947	0.01000225469401829	0.01000437317590834	-0.00677689692310065	-2.868876558462109	-2.00364731231805e-10	1.98687394324687e-10
0.6072180406663141	-0.1527735817758777	-0.007923142284175559	0.236158663492549	3.340019034492636	0.9463638778016358	-0.00964281472546063	0.6166067732032725	-0.01215826164300295	-0.217064644485667	-0.1811220446047399	0.009609813757542222	0.2825469793337868	-0.09706442789230564	-0.01163344733678228	-0.02910845634136691	0.3561586055293808	0.3561586055319839	0.3102865614442048	0.3102865614440883	-1.022054941538045	0.2884489472822434	0.4764958899497692	0.5582542443365495	-0.411281831619946	-0.1927155743093976	0.60966914636717	-0.09109104470590174	1.632916085048408	1.311435385871942	0.01926352392813644	0.3520541333217687	1.2468431498812	1.55055343101429	-0.2576303659622072	-0.6232714412596735	0.3589401549125233	0.7783299801261756	0.2003029063345687	3.270697928574288	0.1219258055644541	-0.2066423740772546	-3.304315350820211	-0.0650194262017081	-0.7639923225499726	-1.796938464577219	0.3734891713133465	-0.04669739610396744	0.1529476267546471	-0.2629327412381317	0.03232924643346678	-9.229480305159676	-9.229480305155629	-0.3280056170216263	-0.3280056170221228	3.531369210536483	0.1165404173224801	-2.758725997023598	-1.041608243197298	0.724957026661276	2.817681969041851	-0.6878488566594523	2.490063086885941	-6.649658256217044	-9.184652041694797	0.5104539945408842	-2.389546350923845	0.06023459279093315	1.637468589581034	0.3488628333597808	6.569041433985977	0.01009941288175451	0.01002186708330985	0.1668620210303701	0.3380366025123834	0.17284857678644	0.01340963473295943	0.8291123637870079	0.01002688620006589	0.03760687903948198	0.01771758970168029	0.01106574421734574	0.01035939688895534	0.01000571749434823	0.01000914006745106	0.03025727283840491	0.03365568609552123	0.1866907344016467	0.115317471382726	0.04246791841947235	0.03557195523014967	0.01018526183149677	0.01121224581526928	0.01865317477213009	0.0106238100768066	0.01000328430380129	0.1123040233221783	0.0261917802250606	0.0328109320480031	0.01000298886087192	0.01010655253457712	0.01000401188090088	0.08778656582603767	0.01772872377102848	0.0100065722995555	0.01001152457583947	0.1102404828875378	0.01004729821567776	0.01119746568069079	0.01106277627411592	0.01020937613473154	0.378156195052433	0.9122467900442016	0.01024819763816746	0.01004693928326645	0.02025908687909284	0.1180173085715083	0.01000843025998793	0.01153067418618434	0.1308183407058472	0.01047057630263739	0.0203047516167869	0.0292976247695692	0.01784878070656305	0.01849955143252496	0.01001662122955878	0.01000782327725995	0.01001308473438061	0.01219148964699354	0.01010758797113278	0.01003450652440094	0.07798430520708349	0.06467635044590883	0.02022875247585035	0.03439154404833007	0.3763283076050356	0.2589801361009313	0.1866518383393656	0.01024417900777261	0.1055506829490202	0.4492253048993228	0.0133125546528322	0.0100092565238219	0.01001168790772787	0.01480874078268989	0.2530278973133118	0.446229101127641	0.01128700849503064	0.01153972718808115	0.01126347139030718	0.01105646503067957	-0.007418524067366401	0.003542614965773144	-0.006062324633987233	0.1987318057026713	0.01366398547949068	-0.1902882326088771	-0.2261655451775255	-0.007782869594266499	-0.1030090056900704	-0.009378991777329459	0.09423252204779931	-0.2746876793358567	0.01434666121209257	0.01000930323526182	0.01000302433810888	0.1121726565840759	0.2322315935924498	0.1509008657102142	0.01423983436190742	0.99998904444105	0.01000223794488073	0.04579507951278847	0.01673868120369561	0.01204795179633194	0.01073669844307027	0.01000093377311248	0.01000051739173678	0.01002440591083644	0.0100163029853013	0.07926312680995083	0.1626866220396582	0.01030923655487715	0.0100340787182292	0.0100341860231448	0.01188137910253479	0.01029176637643246	0.01000615782847669	0.01000257626570755	0.09962046957614233	0.02548060391966751	0.01001698632027478	0.01000244139207816	0.01024592297487035	0.01000343390943819	0.2489055609762621	0.0323564338373577	0.01000563831769085	0.01000881543658716	0.1043917812778699	0.01003763886745395	0.01101696153511095	0.01225888604845199	0.01058677059727385	0.3385378658067326	0.9999899512667905	0.01005861427869323	0.01002322244616942	0.01371718086686998	0.07519000834922597	0.01000904067060094	0.01294475598380595	0.1943600842167144	0.01063910046926179	0.01000577412978624	0.01000259316282841	0.01000045942605498	0.01000024212620514	0.01001090494743458	0.01000462028445712	0.01000416824961715	0.01118649066281466	0.01004330430263303	0.01002605329578105	0.1270736275670767	0.1098025339167737	0.03698487589387615	0.07212336296188852	0.5832389173466128	0.2079810689340992	0.1041428119365477	0.0101552114004406	0.1762746980253473	0.4872907764277997	0.01400143579571265	0.01001403404402547	0.01001489789592004	0.01000010719605997	0.4452753612276278	0.5448467017093463	0.01000066214265901	0.01000520919802634	0.01000200600597799	0.01000322666399029	-0.01173183338819447	-2.856928570549888	-2.789032497792816e-10	4.627282129846097e-10
0.6116828792006254	-0.1510847153554663	-0.004483137679809247	0.2369245375438751	3.354657505744341	0.9468351970985511	-0.01058446286904627	0.6012948488566504	-0.01219277131266904	-0.2208232045346033	-0.1892211027596816	0.01138409651828739	0.2823476051849946	-0.09638338325578007	-0.01269915854262333	-0.02896940689506978	0.3149976988494085	0.3149976988505162	0.308131853312185	0.3081318533121886	-1.005558545730201	0.2881468281566992	0.4639177523860981	0.5533333831255312	-0.407774085408814	-0.1802901030243113	0.606841402270211	-0.07825959570153358	1.602187313848108	1.270032236191426	0.02124290225739164	0.3408795662302703	1.248017981709984	1.557600029702443	-0.2555741009297429	-0.5943559596123694	0.4055882399597399	0.7617380109259355	0.1434811888225665	3.286006558825041	0.08958774452266008	-0.2149110866935966	-3.548589165749747	0.04967860642021121	-0.9030602935486733	-1.829141203779813	0.4194307810014627	-0.04218628408233956	0.1412844181862531	-0.2113867771093274	0.02822077606767261	-9.16355503162001	-9.163555031546988	-0.6151923286147428	-0.6151923277608873	3.848774772119636	-0.2312503754070704	-2.889773897845205	-1.174868690355986	0.8526699585450904	2.714131202866039	-0.5856730676160141	3.24556048713276	-7.118933050455105	-9.305252342068764	0.3869219134187603	-2.615049626892412	0.4720926682374612	1.51192551043311	0.5690267323875939	6.355581293830605	0.01006638711956013	0.01001497112914872	0.1472684928288654	0.307281497725197	0.1638526170062895	0.01376877355066128	0.8313965170720006	0.01001781620288803	0.03718019064772311	0.01719565243597122	0.0112829724098078	0.01044688887637154	0.0100039795911728	0.01000596104431018	0.02300102521911889	0.02522553995759621	0.1518721531163466	0.1205020920090607	0.03113919751978923	0.02649226306754347	0.01012901944909421	0.01132440554084592	0.01558121406363092	0.01039515878946068	0.01000302146950982	0.103313195019229	0.02507117869720036	0.024671019742656	0.01000278996228945	0.01013721805117107	0.01000382834595334	0.1953096009474816	0.03803658411107123	0.01000650702671423	0.01001034701736802	0.1060344579968183	0.01004630693280404	0.01128901074660593	0.01137892828439753	0.01032275900273974	0.3707936728709442	0.9298461869836121	0.0101770492807091	0.01003797990083285	0.01773009784903709	0.1070118862771082	0.01000856152756682	0.01203771774002254	0.1489287316207522	0.01062022236186815	0.01654941214822273	0.0223671950927639	0.01497517391900478	0.0153910285642967	0.0100145783291012	0.01000664805033427	0.01000980261745153	0.0119257982562596	0.01008856319025471	0.01003273882270754	0.1009039801045825	0.08572961011616791	0.03537141178793023	0.04703482665828656	0.4497745301469442	0.2448628569198631	0.1596161778115153	0.01027868664887606	0.1308833486129233	0.4453799528755178	0.01351395640495517	0.01001067703372435	0.01001282421292503	0.0130389626549839	0.3101783772830934	0.4668975646275148	0.01081070416131979	0.01097261184811197	0.01079657781117488	0.01066709202557737	-0.002287257387894253	0.005492936397369036	-0.01057098432645722	0.1956609300367025	0.003370891722327726	-0.2009685753530797	-0.2229549276109989	-0.01227664352308081	-0.154169183568885	-0.01438036681813106	0.04902553566871274	-0.1924747009705764	9.424392719725579e-05	0.01001135467288128	0.01000351093069446	0.08805230496527826	0.1938072618736352	0.133018787052187	0.01451206832753319	0.6905226382767238	0.01000262488720201	0.0280027392686072	0.01589316373943263	0.01130321427340758	0.01047060376397239	0.01000112278072109	0.01000062232724943	0.01002161953363745	0.01001527299227195	0.05170003838974781	0.1040502781238038	0.01017735581812594	0.01002694219257005	0.01003316244019341	0.01119206369971928	0.010215357489549	0.01000771495209181	0.01000257565672261	0.06900772542636296	0.02094784243553382	0.01001611079190869	0.01000246276020646	0.01013916105393384	0.01000359078372861	0.6244495156161609	0.1116161332120701	0.01000706621554913	0.01000794263388592	0.08991764621546774	0.01005079149672814	0.01182657509711303	0.01161432818357059	0.01045009135271312	0.3547265438838902	0.9999918522387038	0.01005442078914582	0.01002241872949545	0.01296481484454187	0.08899054157202281	0.01000855829281751	0.0128638653755931	0.1883526856707265	0.01108170395292966	0.01000522328963522	0.01000226637581612	0.01000039890849416	0.01000020968601681	0.01001130319621779	0.01000468880822236	0.01000430459217483	0.01172480602838357	0.01006778168043712	0.01003299789363093	0.1687914786780089	0.1452138818925783	0.08505809034816884	0.06892107360852703	0.7915719601169067	0.2021281634153215	0.08035593615172583	0.01049773210845957	0.1976048876607926	0.3807169446996059	0.01373324804991473	0.01001224724211833	0.01001461966081425	0.01000009403703717	0.5027595919719839	0.5312651638874805	0.0100006162132497	0.01000948513537893	0.01000307741631776	0.01000719938004971	-0.02134297892951621	-2.748417355002316	2.989881945626222e-11	4.399256500030377e-10
0.6161477177349365	-0.1490802844720045	-0.001128776057356902	0.2374462874963751	3.369357380757968	0.9471673378482807	-0.01155964525054552	0.584972493413873	-0.01171359676453007	-0.2249806784965951	-0.1974391745695723	0.01333858346019192	0.2821740642186588	-0.09589958416878247	-0.01349373866563366	-0.02887195865989015	0.2747307764751373	0.2747307764747504	0.3049894768719486	0.3049894768719027	-0.9877699041514733	0.2865681087144658	0.4505644136124642	0.5476540630449538	-0.4036110505415461	-0.1687838415071408	0.6043781110668747	-0.06221776807421896	1.569312320300199	1.228846221728807	0.02281437671722291	0.3287114245432233	1.251112969286159	1.563991113938964	-0.2525777430272638	-0.5667673726374527	0.5002955832123791	0.7399666535240588	0.09094883371904523	3.29820340835467	0.05958153997371176	-0.2216638529578178	-3.756932448828248	0.1650826508558801	-0.9426834632681304	-1.85025003380822	0.4542106202403041	-0.03512556699250193	0.06459250864279718	-0.1414810060041096	0.01369424397147724	-8.829024835405827	-8.829024835401988	-0.7704262009707328	-0.7704262009716391	4.110223654173986	-0.4553057574071142	-3.105973064436326	-1.381355687853505	1.018489949902325	2.405927128252682	-0.5245942223331422	3.928134647252687	-7.611046810869039	-9.087387744119274	0.3277357141490075	-2.834612905227291	0.9203578934443476	1.343834474497371	0.769972228987046	5.974666223078796	0.0100465310398406	0.01001084687825866	0.1257622731177146	0.2737532845483964	0.1521369716021934	0.01409529363768094	0.7704605524812168	0.01001229663545146	0.0305260503659841	0.0165532482408745	0.01113975461168435	0.01040172085355129	0.01000296517907783	0.01000401497571142	0.01831057252468685	0.01974796926240311	0.1175693291692176	0.105645405966874	0.02363334355102885	0.02057303087647266	0.01009348631100525	0.01113639547920093	0.01360520105490124	0.01025277984310834	0.01000285713368951	0.08721465844766148	0.02270154990022224	0.01938900760143188	0.01000267381764535	0.01011629368469382	0.01000377269715389	0.3612841023158976	0.07767681203864736	0.01000700255330025	0.0100092838616255	0.09853049116000928	0.01005062613068	0.01164976214410617	0.0113345393057435	0.01034158479223089	0.3690016245391886	0.9438924323571324	0.0101310211820945	0.01003208230263727	0.01584649019939734	0.1036818427094085	0.01000846230727284	0.01232444660023741	0.1594899468894335	0.01087972780498264	0.01416135669031455	0.01789493781768674	0.01315555259347283	0.01342047768318256	0.01001345193232778	0.01000593976596266	0.01000780394101367	0.01196061282745551	0.01008586803981691	0.01003424219869505	0.1288746145793532	0.1106593554312096	0.06150518174110913	0.05390018247318329	0.5504764200344674	0.2327466883951912	0.1325627280377517	0.01042876451898536	0.1541222088318298	0.4180240427789678	0.01354025283037876	0.01001089325192177	0.0100134292519809	0.01192418593629143	0.3646910254497414	0.4796563881423384	0.01051252475083989	0.01061905755738853	0.01050472303795521	0.01042495065366976	0.00284400929156643	0.007443257828975141	-0.01507964401892769	0.1925900543707347	-0.0069222020348354	-0.2116489180972816	-0.2197443100444732	-0.01677041745189888	-0.2053293614476999	-0.01938174185893183	0.003818549289626873	-0.1102617226052967	-0.01415817335769647	0.01001340611050673	0.01000399752329583	0.06393195334648108	0.155382930154821	0.1151367083941598	0.01478430229315736	0.3810562321123742	0.01000301182954523	0.01021039902442578	0.01504764627516898	0.01055847675048311	0.01020450908487461	0.01000131178837189	0.01000072726284578	0.01001883315644049	0.01001424299924451	0.02413694996954629	0.04541393420794863	0.01004547508137453	0.01001980566691269	0.01003213885724199	0.01050274829690363	0.01013894860266601	0.01000927207571267	0.01000257504773537	0.03839498127658204	0.0164150809513969	0.01001523526354407	0.01000248412833273	0.0100323991329904	0.01000374765801813	0.9999934702560602	0.1908758325867812	0.01000849411340258	0.01000706983118451	0.07544351115306935	0.01006394412600338	0.01263618865913113	0.01096977031867215	0.01031341210812132	0.3709152219610464	0.999993753210585	0.01005022729959864	0.01002161501282108	0.01221244882221476	0.1027910747948214	0.01000807591503261	0.0127829747673804	0.18234528712474	0.01152430743659695	0.01000467244948363	0.01000193958879904	0.01000033839093904	0.01000017724583619	0.01001170144499929	0.01000475733198543	0.01000444093473193	0.01226312139395037	0.01009225905824118	0.01003994249147977	0.2105093297889403	0.1806252298683833	0.1331313048024619	0.06571878425516518	0.9999050028871995	0.1962752578965434	0.05656906036690302	0.01084025281647879	0.2189350772962378	0.2741431129714463	0.01346506030411636	0.01001046044020968	0.01001434142570624	0.01000008087802759	0.5602438227163403	0.5176836260656149	0.01000057028385749	0.01001376107272454	0.01000414882667034	0.01001117209610076	-0.04035043840905846	-2.576279952587105	2.709449710164976e-10	3.975844656039616e-10
0.6206125562692476	-0.1465973176494365	0.002119422486647632	0.2377358796447005	3.384100514308757	0.94736734335879	-0.01256058385911094	0.5678851662406803	-0.01074506734531411	-0.2290454779623552	-0.2056254208530476	0.01544742620614946	0.2820225286915148	-0.09584668411692628	-0.01395540462291575	-0.02883428546609696	0.2366210362178016	0.2366210362176312	0.3015482935660702	0.3015482935660757	-0.9689076850645461	0.2842195912751992	0.4361175549777596	0.5410330347178004	-0.3986689707347752	-0.1588856122693408	0.6021084499467155	-0.04337355392610289	1.534225147180462	1.189077965681834	0.02427426901764217	0.3156326908157953	1.256254675444481	1.569554132454401	-0.2486163680518598	-0.5411382713406482	0.5977538108399109	0.7108548841882001	0.04038070486500387	3.305053945813963	0.02877148771150422	-0.2265782385216398	-3.86874629789208	0.2647820631195539	-0.8665269487698795	-1.788640387052561	0.4898358990690095	-0.03632433045838124	-0.02507453901713252	-0.06456557205439387	0.0003998339818020797	-8.211312071325086	-8.211312071119014	-0.7465397744619641	-0.7465397742125006	4.334551588865962	-0.5908559428766359	-3.362962056656193	-1.599547580171732	1.190843879376474	2.022238123201911	-0.4918907843568565	4.495462237681526	-8.103883301340618	-8.698033027553825	0.3349881132515687	-3.00888976238154	1.380966548833791	1.148328752223162	1.009636195276834	5.502891610923387	0.01003464851029783	0.01000840458043287	0.1063023300112195	0.2423136609954548	0.1392331393853179	0.01428690274198875	0.6892375993748292	0.01000903218282967	0.02324945163396407	0.01628469344168964	0.01090641377775466	0.01031989705355711	0.01000241698561206	0.01000284362252293	0.01527699858695331	0.01619571465407719	0.08847264803279035	0.08556439724030164	0.01871155482825556	0.01672699067416718	0.01010797604023598	0.0109196445509199	0.01233149889493028	0.01017322602385886	0.01000277388552086	0.0688162856232933	0.02002922124612668	0.01596592121491011	0.0100026202234173	0.01008242852468733	0.01000383187443655	0.5042118684092484	0.1103615959579546	0.01000744031117567	0.01000844499920184	0.09016050114248093	0.0100643707737558	0.01175649590341679	0.01110382574617573	0.0103000307721468	0.3665328541125494	0.9551300370619219	0.01010317985039542	0.01002873849374251	0.01454868999003312	0.1016665731128635	0.01000838553297697	0.01243300703998302	0.1626167231055586	0.0110239443675223	0.01262983829534086	0.01500519967046695	0.01199100956172358	0.01215867062494609	0.01001303435065921	0.01000569116704301	0.0100067059328445	0.01198045645330498	0.0100888493604295	0.01003663130026638	0.1590798627966651	0.1382551407921196	0.09696276272805805	0.05531254163925882	0.6464689848034986	0.2236250556736085	0.1087131070332018	0.01060695608269491	0.1710135530411569	0.3854160633218746	0.01353261176289573	0.01001065993265432	0.01001372182188626	0.01121252663423761	0.4177311466989504	0.488868583854362	0.01032270772314839	0.01039808094763889	0.01031971733380768	0.01027464140610873	0.002681027756892534	0.00901554322033034	-0.01788457984648225	0.194101080771183	-0.02445806366834048	-0.2019888059751486	-0.2047631962088766	-0.01741660507697218	-0.2240306238287067	-0.02344488467753434	-0.006582408605563865	-0.08463580685621541	-0.01538137768692431	0.01001545207208862	0.01000450001058058	0.06129289794543055	0.1493963472006744	0.1024822878960651	0.01446723242749108	0.3618884469152561	0.01000392858720461	0.01023704430673661	0.01650255206188912	0.01046681468020585	0.01016039788675048	0.01000164269823778	0.01000097368301544	0.01001881931058504	0.01001533454615449	0.02520877982067675	0.03971163400225532	0.01007090460548356	0.01002052275797261	0.01022115204011672	0.01059360343043016	0.01016248129190678	0.01006383190066836	0.01000268321386192	0.0242636154417598	0.01437673482844098	0.01001567453335713	0.01000256864123798	0.01001852050709966	0.01000409414995308	0.9415445282338177	0.1683027551981421	0.0100079065837095	0.010006983268469	0.06943956451169314	0.01010859060646397	0.01132280317302726	0.01048540094751354	0.01015743801586195	0.3472166593539575	0.9999864462808219	0.01006105170692791	0.01002435697040814	0.01239901921240799	0.0923308701564375	0.01000841488604351	0.01247305686961491	0.1592056439152593	0.01104328689693415	0.01000469477834265	0.01000187489957506	0.01000031317149489	0.01000016333548684	0.01001287901668658	0.0100057227661643	0.0100052024940026	0.01179460666509956	0.01009534975604584	0.01004133073488476	0.247909229981773	0.2189304322303383	0.2022245472883558	0.05115271214743831	0.9959736438269307	0.2008797151444112	0.05264511677082748	0.01097034617257162	0.2060057808127926	0.2791882559465388	0.0135675336710975	0.01001009260076977	0.01001410953688264	0.01000007443196808	0.6166813017193528	0.5243744551228955	0.01000055655081983	0.01003105461112461	0.01000715255408047	0.01002705896408436	-0.07213371613912831	-2.425874761353783	1.619188812543917e-10	2.54293737214458e-10
0.6250773948035587	-0.143869177292635	0.005181502911232902	0.2378212350342427	3.39886286695839	0.9474131998553164	-0.01358181862703644	0.5506802994097311	-0.009384742616490672	-0.2326149519971725	-0.2131602893140907	0.01770731948196091	0.281817817259233	-0.09598220857574828	-0.01406355506195401	-0.02889322568186479	0.2016806620987041	0.2016806620987523	0.2985418376695507	0.2985418376694365	-0.9491035169687253	0.2813441395736649	0.4205561807750016	0.5332362226331333	-0.3930168814679807	-0.150776745626454	0.59998744723	-0.02223160072018633	1.496966698499466	1.151430571840064	0.02588405484731338	0.3019773561086332	1.263427814731271	1.574247456524779	-0.2435161870005676	-0.5176538503677334	0.6101196538646969	0.6565960714956851	-0.0005378888589255316	3.306812491921741	-0.009468673845173994	-0.2307554105643674	-3.809583584456371	0.3405851647423188	-0.7208049914267575	-1.558468780105164	0.5218729293541675	-0.05894536783380922	-0.01981115445166211	0.01687431633758755	-0.02958320987380722	-7.409324587425802	-7.409324587420333	-0.5756923135617903	-0.5756923135617542	4.532164608656537	-0.6913431010947561	-3.605214177279928	-1.908041532728471	1.336534820082929	1.604391941079484	-0.4580034885299467	4.957394309409608	-8.583657855048196	-8.137359080699477	0.3948796159062009	-3.092898147364583	1.830327253161086	0.9542596007142418	1.280094184783301	5.013968452615564	0.01002798988361266	0.01000706788248395	0.09165052106458801	0.2167111095733216	0.1261690144869254	0.01428914146993655	0.6195674571655364	0.01000733766205744	0.01855511656191148	0.0166545420506729	0.01072611534822381	0.01025221332388141	0.01000219894014678	0.01000220461819017	0.01335461552368151	0.01393953923554214	0.06802045737193907	0.06959463857385653	0.01557410066812889	0.01428064970596868	0.01018798124952474	0.01081809881681886	0.01153977807542956	0.01014415292073498	0.01000276252598254	0.05128351627204105	0.01757655654775126	0.01379287842445595	0.01000261850653407	0.01005606513340532	0.01000399898218744	0.5920018204006856	0.1242965100234868	0.01000749312750766	0.01000788854867382	0.08244965255508938	0.01008971667634983	0.01133155333922913	0.0107782760032223	0.01021580504068761	0.3589763787531071	0.9641045045664257	0.01008985156170234	0.01002767966843634	0.01380020770856108	0.09694453362864201	0.01000846491965589	0.01238519161655772	0.1580405932110243	0.01093373115654312	0.01166624687865645	0.01317521919827937	0.01125958609444573	0.01136579278676218	0.01001321572134422	0.01000589840288478	0.010006306134299	0.01181765324685804	0.01009187130566596	0.01003864456325702	0.1901832354568389	0.1679751517808585	0.140929061725719	0.05120035823730236	0.7186223693676131	0.2181482738432033	0.09037540724615747	0.01076703514454134	0.1789840750908435	0.3610272685484717	0.0135660001526698	0.01001037617993949	0.01001381755821408	0.01076652593238103	0.4698280099287317	0.4974800083409874	0.01020404336442374	0.01026640935074153	0.01020519540841211	0.01018665900692835	0.002518046222222224	0.01058782861168863	-0.02068951567403427	0.1956121071716304	-0.04199392530184511	-0.1923286938530162	-0.189782082373279	-0.01806279270204276	-0.2427318862097145	-0.0275080274961365	-0.01698336650075653	-0.05900989110713217	-0.01660458201615227	0.01001749803367423	0.0100050024978733	0.05865384254437962	0.1434097642465276	0.08982786739796997	0.01415016256182495	0.3427206617181426	0.01000484534487791	0.0102636895890471	0.01795745784860825	0.01037515260992747	0.01011628668862492	0.01000197360812699	0.01000122010325735	0.01001880546473072	0.01001642609306525	0.02628060967180659	0.03400933379656209	0.01009633412959299	0.01002123984903375	0.01041016522299188	0.01068445856395632	0.01018601398114787	0.01011839172561871	0.01000279137998933	0.01013224960693886	0.01233838870548779	0.01001611380317109	0.01000265315414414	0.01000464188120278	0.01000444064188884	0.8830955862115775	0.1457296778095046	0.01000731905402111	0.01000689670575356	0.06343561787031107	0.01015323708692288	0.01000941768689862	0.01000103157638528	0.0100014639237497	0.3235180967468689	0.9999791393510586	0.01007187611425665	0.0100270989279944	0.0125855896026003	0.08187066551805332	0.0100087538570528	0.01216313897184845	0.1360660007057787	0.01056226635727018	0.01000471710720345	0.01000181021035144	0.0100002879520557	0.01000014942513725	0.01001405658837256	0.01000668820034088	0.01000596405327364	0.01132609193624743	0.01009844045384912	0.01004271897828911	0.285309130174611	0.2572356345922954	0.2713177897742494	0.03658664003971102	0.9920422847666593	0.205484172392279	0.04872117317475156	0.01110043952866398	0.1930764843293462	0.2842333989216431	0.01367000703807806	0.01000972476132756	0.01001387764805706	0.01000006798591368	0.6731187807223677	0.5310652841801762	0.01000054281780434	0.01004834814953785	0.01001015628153674	0.01004294583208912	-0.1118886556642678	-2.331652254675377	6.738090718528246e-11	1.12722630317191e-10
0.6295422333378698	-0.1412902501774017	0.007926179606982275	0.2377417790298652	3.41362577085201	0.9472712100648126	-0.01462038078956224	0.5340846967563795	-0.00771345792256662	-0.2354477367649609	-0.2193285153100512	0.0200711622100004	0.2814518697286518	-0.09585339785482551	-0.01377918470951852	-0.02912710443574843	0.1705610738371491	0.1705610738372695	0.2965003088746891	0.2965003088744549	-0.9284683202902114	0.2780683625937374	0.4039619063457306	0.5237699619881774	-0.386806331945011	-0.1445522785638814	0.5980486726635934	0.0007059489188893732	1.457583374484884	1.116677576084597	0.02786386512134443	0.2881705918825224	1.272548035476477	1.578068916373683	-0.2371741663801894	-0.4963433756310715	0.5463278989959177	0.5727535203372236	-0.03762207929142072	3.30600364718533	-0.05400120932596255	-0.2340650063829544	-3.622069854731323	0.4078713645688075	-0.538229910742661	-1.207403686363153	0.5354537779619921	-0.1064535958732789	0.07600523453126928	0.110332764214619	-0.07076535876144034	-6.52434930921912	-6.524349309071619	-0.3434800162616115	-0.3434800165729868	4.710424892930378	-0.7752085543905647	-3.820172137678294	-2.321699354697173	1.437940928171589	1.21269104110493	-0.4133724379092177	5.297473365131772	-9.052960203585872	-7.453263679475277	0.4873945864048074	-3.072238684576814	2.242384067088142	0.7644290921057333	1.554317361187253	4.53825075033983	0.01002470058866578	0.01000643309405044	0.07896382672061932	0.195159173685083	0.1119443367803134	0.01410864088958391	0.5621042591799306	0.01000680079629928	0.0155027946786134	0.01639927731946423	0.01066609733326669	0.01021573366527451	0.01000221835240028	0.01000192271583639	0.01212357716728837	0.01249353342788212	0.05298494953791665	0.05893374320864277	0.01358340825140343	0.01271263805955126	0.01215882420336272	0.01083427416333023	0.0110471794161974	0.01056632208593313	0.010002825876713	0.03703895896746209	0.01554863749797637	0.01240027865882268	0.01000267061332676	0.0100368875270285	0.01000427993274981	0.6599879310981625	0.1358429396914836	0.01000721960538998	0.01000755331943359	0.07427849759127197	0.01010786541144913	0.01084121571417436	0.01049013010687196	0.01013628687871845	0.3505172553484734	0.9712872684065423	0.01008530813160053	0.01002790637896952	0.01336234465844153	0.0932182717527783	0.0100086647940932	0.01223540495412689	0.1494546104476035	0.0107950960538802	0.01105151007068504	0.01200401346134994	0.01079328239014655	0.01086020377459275	0.01001357124990123	0.0100062693598658	0.01000642329388625	0.01152422498719671	0.01009214910093656	0.01003966617961686	0.2145557843957047	0.1911467477404454	0.1805299862397861	0.04689030054604504	0.7503421551354055	0.2125490158900537	0.07365751186673983	0.01081716891470219	0.183397519143525	0.3450005248493793	0.01359439878302894	0.01001007349314041	0.01001391650143893	0.01048247474618674	0.5098038264026491	0.5037081863206809	0.01012855543473096	0.01018956075713649	0.01013314585125755	0.01013587209244909	0.003995365663735139	0.01054845395111873	-0.02062080974926118	0.1958311175040502	-0.05468921047131829	-0.1795281877579219	-0.1794896425588643	-0.01849690323970697	-0.2357778152605608	-0.02811271677582329	-1.793344304325182e-05	-0.08130688429038649	-0.007864909056813413	0.01002053250561948	0.01000566783029005	0.04681691832849114	0.1331212927975954	0.07081011076136345	0.0134880798344063	0.3506293467198987	0.01000681064630964	0.01015938280369223	0.01418872181581794	0.01073089035151948	0.01018701810799894	0.01000249488921046	0.01000164248355664	0.01001742712989212	0.0100164353023375	0.02078605444657402	0.04102791461015444	0.01021207684224958	0.01002649664344235	0.02000885709636028	0.01101809964206216	0.01022873850839272	0.01230651359120428	0.01000305758283679	0.01023131931063179	0.01177192782981512	0.0100151762918227	0.01000285139466825	0.01000415896426159	0.0100050331361782	0.9415112916420072	0.1774342396832302	0.01000625928112993	0.01000706410738049	0.05214734108746847	0.01012572980851274	0.01000671280132549	0.01000091356937844	0.01000168170951761	0.3237468494738961	0.9999780795630181	0.01008265959889718	0.01002934158677306	0.01263472045334041	0.08826872313112903	0.01000922436548613	0.01181787885820597	0.1220430110035701	0.01055726199217935	0.01000510026553345	0.01000184997796212	0.01000028013063851	0.01000014476527708	0.01001427760853268	0.01000708372482506	0.01000720270490348	0.01075788977758927	0.01008748453754526	0.0100402320888023	0.2712138763258548	0.2418616526039294	0.2805496569670445	0.04052599385854788	0.7611688352838546	0.1903058869363471	0.03014880581565316	0.01072750843828103	0.195917013301201	0.3030642132336892	0.01361934967060579	0.01000941601941646	0.01001426693824042	0.0100000655246412	0.6271210920357166	0.520832353245988	0.01000055755262889	0.01006881215133194	0.01001168654592211	0.01005575858795731	-0.1575447530062047	-2.275601148392905	6.556687355135013e-11	-1.784289902976231e-11
0.634007071872181	-0.1389796503523887	0.01029499537020965	0.2374623482569641	3.428383109342735	0.9469321801301228	-0.01566839119063287	0.5183565300404999	-0.005744244901205724	-0.2373328105738169	-0.2239674629092817	0.02247496307397749	0.2808540512360467	-0.09531695423225842	-0.01307988311391988	-0.02948570229776403	0.1434754697950329	0.143475469795211	0.2954328751264332	0.2954328751260643	-0.9070483908129783	0.2744290532173248	0.3865140717742718	0.5125990125637665	-0.3802435599097576	-0.1396900365626956	0.5962701566672541	0.02489558277336026	1.416170678432897	1.084668100894769	0.03019551701224102	0.2747176340425369	1.283338694724599	1.581135056214969	-0.2296943362369449	-0.477072405574483	0.4899239348327447	0.4882312319520783	-0.09011551506503759	3.304319498291417	-0.09773172756524012	-0.234987698241813	-3.421020416570636	0.4740405178721367	-0.2962830273114797	-0.873436909172968	0.5397719709635949	-0.162810745038702	0.1627857328531905	0.2027405066233676	-0.0854504353854722	-5.602323427908856	-5.602323427905383	-0.1393517217531837	-0.1393517217531874	4.883681405179427	-0.8541854516710444	-3.987561772045699	-2.671647651229955	1.494310963014319	0.9941904880565033	-0.3862164937383594	5.51825849487759	-9.492703996193356	-6.908413675388165	0.5524851642362308	-2.934412490596455	2.578591045835176	0.6159181228692792	1.78976977723657	4.100383461715788	0.0100238003806664	0.01000628663267192	0.0662876693217556	0.176247430720071	0.09587957187256872	0.01374868957248095	0.517569529280462	0.01000720355142201	0.01352911413115644	0.01483939962331276	0.01076193236517649	0.01021948578572511	0.0100024262223386	0.01000190524211116	0.01134962208072987	0.01158410036877416	0.0408826475649469	0.05415283236288018	0.01237109757377256	0.0117278464138139	0.01695540973283598	0.01096939477465059	0.01075472588320786	0.01165121896448511	0.01000296542575859	0.02757767263716863	0.01405602995190521	0.01152430515210519	0.01000277757795703	0.01002472824752061	0.01000467786684549	0.7246825455871241	0.153219576889911	0.01000665079009254	0.01000740690203933	0.064943783978948	0.01010887525753813	0.0105334278027461	0.0103099258539061	0.01008671850732503	0.3441080659845365	0.977026082156324	0.01008651828680315	0.01002889003743918	0.01310575211390708	0.09273819378877089	0.01000896630454997	0.01201252278023453	0.139138888450189	0.01070653111931947	0.01066657489530496	0.01126840479589681	0.01050139179255196	0.01054366331413716	0.01001387629077997	0.01000664955715865	0.01000696155119729	0.01112772680927983	0.01008820970959847	0.01003937048439523	0.2277996260614357	0.2029029870081762	0.2097156272075667	0.04543408595759863	0.7279433833925977	0.2042694766036425	0.05581992932747321	0.01070869678918357	0.1873413832410198	0.3372558279417899	0.01359333793245095	0.01000976855282941	0.01001412447105802	0.01030482567142742	0.5301183833438651	0.5062878264014662	0.01008139780473719	0.01014922594575042	0.01008870550149371	0.0101089547511333	0.005472685105249067	0.01050907929054499	-0.02055210382448921	0.1960501278364703	-0.0673844956407911	-0.1667276816628276	-0.1691972027444507	-0.01893101377737159	-0.2288237443114054	-0.02871740605551109	0.01694749961467188	-0.1036038774736428	0.0008747639025241433	0.01002356697756241	0.01000633316270609	0.03497999411260249	0.1228328213486633	0.05179235412475642	0.01282599710698649	0.3585380317216557	0.01000877594774562	0.01005507601833801	0.01041998578302916	0.0110866280931125	0.01025774952737468	0.01000301617029572	0.01000206486386772	0.01001604879505837	0.01001644451161382	0.01529149922134197	0.04804649542374715	0.01032781955490561	0.01003175343785284	0.02960754896972836	0.01135174072016769	0.01027146303563824	0.01449463545678581	0.01000332378568347	0.01033038901432281	0.01120546695413806	0.01001423878047754	0.0100030496351916	0.01000367604732442	0.01000562563046783	0.9999269970724377	0.2091388015569559	0.01000519950823566	0.01000723150900724	0.04085906430463016	0.01009822253010262	0.01000400791577989	0.01000079556242142	0.01000189949532056	0.3239756022009238	0.9999770197749778	0.01009344308353642	0.01003158424555068	0.01268385130408032	0.09466678074420516	0.01000969487391937	0.01147261874456275	0.1080200213013623	0.01055225762708826	0.01000548342386577	0.01000188974557197	0.01000027230924199	0.01000014010543922	0.01001449862869113	0.01000747924930694	0.01000844135653054	0.01018968761893065	0.01007652862123965	0.01003774519931375	0.2571186224770994	0.2264876706155653	0.2897815241598399	0.04446534767738523	0.530295385801051	0.1751276014804152	0.01157643845655656	0.0103545773478976	0.1987575422730557	0.3218950275457331	0.01356869230313317	0.01000910727750773	0.0100146562284234	0.01000006306338466	0.5811234033490669	0.5105994223117999	0.01000057228748969	0.01008927615312806	0.01001321681032855	0.01006857134383016	-0.2111133612054202	-2.252548107415047	6.483074187776116e-11	-1.329045228870516e-10
0.6384719104064921	-0.1368612827313744	0.01232145987055692	0.2369036048268497	3.443132189865391	0.9464034863533554	-0.01671516624815076	0.503485835458977	-0.003499551549951743	-0.2379759568104335	-0.2272448763464421	0.02490873872879954	0.2800180949494802	-0.09447197235430953	-0.01200058954908983	-0.02984493059018239	0.1205440484408195	0.1205440484409307	0.2951374540415939	0.2951374540415679	-0.8848544796114833	0.2704176043886325	0.3684408803618012	0.5000555062418585	-0.373499837371197	-0.1354685388817576	0.5945338232509231	0.04983711570624439	1.372877451573835	1.054767051499213	0.03266287852765497	0.262138448468347	1.295418398246373	1.583630525130671	-0.2213056165594015	-0.4596370990678356	0.4598261408293436	0.4225596127728748	-0.16116725339534	3.302334683841575	-0.138976329238087	-0.2338200397386945	-3.241504949975477	0.5278956808631331	0.01666352012982922	-0.5985539619996814	0.5535168074160076	-0.2081733614054945	0.2136613538258584	0.2772812791228349	-0.07471730421427868	-4.673393406795927	-4.673393406661887	0.003163052809719118	0.003163052684851271	5.057462375368429	-0.9461275894663567	-4.100013053509808	-2.941752392973612	1.524445030743312	0.9060628208433309	-0.4017326464027013	5.644522444362942	-9.894596012133134	-6.493750319455544	0.5361947765170553	-2.702281662063199	2.815509724602444	0.5064359916310079	1.953441965629318	3.71442173281898	0.01028109009453383	0.0100064653426553	0.05591626795306055	0.1623065453218865	0.08095026641413848	0.01330048111730031	0.484219280459347	0.01000799833840288	0.01224338054236669	0.0131746704725877	0.01128082215710582	0.01036899024377349	0.01000283191002194	0.0100021958204048	0.01085594505954312	0.01100409051449445	0.03335824519796755	0.05450701763697242	0.01163981487562751	0.01110196874328816	0.02122387394866506	0.01110958831504068	0.01057491398861646	0.01299964964521764	0.0100031627452774	0.02159695845227627	0.01312252258688779	0.01096509324600796	0.0100029135901167	0.01001673970291243	0.01000514714049709	0.7785542040938669	0.1725698582488182	0.01000656570202979	0.01000734761607499	0.05507342725432098	0.01010512296144651	0.01033705740116334	0.01019525642223157	0.01005526796750947	0.336095037658864	0.9816191967486221	0.01008935862277272	0.01002990244317876	0.01290725468125936	0.09203397563672022	0.01000930286632728	0.01179676571451702	0.1299971214666966	0.01067003640369584	0.01042173061355581	0.01079946373644907	0.01031559106120974	0.01034215516913064	0.01001423064876638	0.01000689652739811	0.0100075962864601	0.01076508514869106	0.01008980207647663	0.01004091736014314	0.233052551750743	0.2069171975396498	0.2306625799931786	0.04444962998079374	0.6842233628331285	0.1967813009992151	0.04104709591959634	0.01078266401352041	0.1887825059785183	0.3280477458730081	0.01356998706769864	0.01000950725859862	0.01001446415033313	0.01019179008012994	0.5358974277136943	0.5056768337859634	0.01005141745030768	0.01012635349008662	0.01006071366442523	0.01009314253470297	0.006074006434352816	0.01124689620243753	-0.02238967244402412	0.1958101299307505	-0.07288773261388605	-0.167104665519287	-0.1635590948347135	-0.02081519423176192	-0.2253816016488961	-0.02759947964225631	0.02111276080154636	-0.1071738006830523	0.003403019653967078	0.01132918110974953	0.01000714717907534	0.03590363559545377	0.1318490753488241	0.04732338961758499	0.01227287371506217	0.3712688833820125	0.01000984235263968	0.01003300368087718	0.01022329714556106	0.01311310219695427	0.01094450118078472	0.01000396154697731	0.01000323718524221	0.01001629413919431	0.01001718301458081	0.02314821036636797	0.0615360349787656	0.01044891338630068	0.01004014410276882	0.02780866138724269	0.01134470321087371	0.01026775475604846	0.0160060476510856	0.01000364896923493	0.01153018746072855	0.01180053514021759	0.01001266243762775	0.01000322677279941	0.01000278441294551	0.01000622065099557	0.9760239572998598	0.2295288518204362	0.01000749903627478	0.01000726102722376	0.03108986455169405	0.01009922728968497	0.01000379917211185	0.01000078304941533	0.01000205484811496	0.2990412190225292	0.9999651981888243	0.0100948161190629	0.01003164745495624	0.01246496626506498	0.08682809032182034	0.0100100309424788	0.01139022070350504	0.1092958739183089	0.01065742943336428	0.01000649129383881	0.0100020223331437	0.01000027184524338	0.01000013961383018	0.01001512490335378	0.01000717075551234	0.01000887576310092	0.01011227632200824	0.01010659304010004	0.01004865064297312	0.2384659227893449	0.2092076650120583	0.2839898528669399	0.04093424798941184	0.4998895639669538	0.179004429699808	0.01398460472921292	0.01139682633955139	0.1867357714960558	0.278679923557355	0.01349576232585731	0.01000902683782899	0.01001537855268223	0.0100000624791006	0.5339765364609496	0.496904151884727	0.01000061844423566	0.01008605498162591	0.0100133016290598	0.01006434810533017	-0.2725468352997046	-2.207344340642379	7.298730137700625e-11	-1.20058926454596e-10
0.6429367489408032	-0.1348660607020507	0.01409552625674579	0.2360142762262181	3.45787085827083	0.9456922149892902	-0.01775553020526658	0.4893995159851154	-0.001062111599623543	-0.2371083418387227	-0.2293471090134692	0.02744530092914623	0.2790261877366836	-0.09342740265738	-0.01063458632831762	-0.03014623753878148	0.1017104237706197	0.1017104237706416	0.2954266837092249	0.2954266837094014	-0.8618913261860787	0.2659500209125643	0.3499756121095129	0.4863782850275541	-0.3666491325086341	-0.1315165302766906	0.5925920151387272	0.07521324347831293	1.327865709900066	1.026608210891123	0.03483567956397221	0.2505700161267722	1.308329051944532	1.585697749623201	-0.2123799363644207	-0.4438613603825355	0.4347615667676886	0.3751709180112653	-0.2381993699808745	3.299655447350518	-0.1795163579164641	-0.2321158813585724	-3.06966390509143	0.5603802620241208	0.380454219620628	-0.3470211883121053	0.5858146884215184	-0.2326681076303168	0.2521899597688783	0.3311705054662201	-0.05950484836046301	-3.766737839100983	-3.766737839101457	0.1225393377753818	0.1225393377753915	5.228259244605796	-1.05850845560522	-4.163190442522277	-3.179489083334175	1.54223306819196	0.8734742908472649	-0.478257784347077	5.712932853717515	-10.26250330621558	-6.128000612673616	0.4205385386945832	-2.481651105546476	2.950810621777977	0.4240883675728858	2.030298347753594	3.356989107168398	0.01093131630287542	0.0100068829772287	0.04926606264545243	0.1548539903283508	0.06913598536136091	0.01281271112297576	0.4606180500358638	0.01000889590775811	0.01142709084425719	0.01205264466807817	0.01236282205251798	0.01071990718356545	0.0100034404353767	0.01000281756243459	0.01054696797814085	0.01064109740903128	0.03125617554399036	0.05936207817348523	0.01122657615810332	0.01071301826952496	0.02323546492920925	0.01119458845680649	0.01046107765392586	0.01440148228568847	0.01000340809553001	0.01819136765658515	0.01275780015972662	0.01061429484781199	0.01000306500690829	0.0100114155956532	0.01000566362158813	0.8160652226947788	0.1917501326068216	0.01000737639387331	0.0100073217072402	0.04506029987335725	0.01010315497522003	0.0102142482656554	0.01012360329821835	0.01003568612457999	0.3238777240429067	0.9852871966583203	0.01009164804404187	0.01003055847743495	0.01270106585524409	0.08901619251484093	0.01000963926651446	0.01163081263568035	0.1239313606132534	0.01068665662271785	0.01026900902898908	0.01050597056803344	0.01019944467158754	0.01021618032256742	0.01001468711578036	0.01000693493033777	0.0100081558254047	0.01050913292844131	0.01010208268155452	0.01004597799637248	0.2318511320502198	0.2050198495582576	0.2439926367971454	0.04256772806668682	0.6428485107621429	0.1924146583504203	0.03200639306252595	0.01121938307829093	0.1864137132277443	0.310348564417525	0.01352815838083311	0.01000931388601689	0.01001494752964705	0.01012115490397989	0.5301362703219831	0.502180805136774	0.01003270784290381	0.01011085556918091	0.01004326024705748	0.01008167927575331	0.006675327763456819	0.01198471311433602	-0.0242272410635599	0.1955701320250308	-0.07839096958698179	-0.1674816493757454	-0.157920986924976	-0.02269937468615429	-0.2219394589863885	-0.02648155322900083	0.02527802198841842	-0.1107437238924597	0.005931275405411976	0.01263479524194574	0.01000796119544463	0.03682727707830492	0.1408653293489849	0.04285442511041337	0.0117197503231366	0.3839997350423693	0.01001090875753275	0.01001093134341785	0.01002660850809157	0.01513957630079314	0.0116312528341886	0.01000490692366385	0.01000440950662796	0.01001653948333579	0.01001792151755284	0.03100492151139417	0.07502557453378389	0.01057000721769322	0.01004853476768554	0.02600977380476026	0.0113376657015788	0.01026404647645854	0.01751745984538223	0.01000397415278649	0.01272998590713636	0.01239560332629957	0.01001108609478305	0.01000340391040745	0.0100018927785857	0.01000681567152353	0.9521209175272819	0.2499189020839164	0.01000979856431853	0.01000729054544021	0.02132066479875278	0.01010023204926493	0.01000359042846798	0.01000077053647511	0.01000221020097859	0.2741068358441349	0.999953376602671	0.01009618915458788	0.01003171066436076	0.01224608122604907	0.07898939989943579	0.01001036701103834	0.01130782266244625	0.1105717265352558	0.01076260123963919	0.01000749916381579	0.01000215492071918	0.01000027138127772	0.0100001391222597	0.01001575117801561	0.010006862261718	0.01000931016966979	0.01003486502508625	0.01013665745895904	0.0100595560866317	0.2198132231015908	0.1919276594085521	0.2781981815740404	0.03740314830143903	0.4694837421328567	0.1828812579192021	0.01639277100186946	0.0124390753312056	0.1747140007190561	0.2354648195689771	0.01342283234858092	0.01000894639815252	0.01001610087694036	0.01000006189484628	0.4868296695728347	0.4832088814576541	0.01000066460102714	0.01008283381013031	0.01001338644781574	0.0100601248668414	-0.3401065599958166	-2.110763790480991	7.581498791681495e-11	-9.902024773123634e-11
0.6474015874751144	-0.1329774186936567	0.01569443241506777	0.2347753005741972	3.472596225362645	0.9448006516397626	-0.01878802161458136	0.4760461099427507	0.001479574564229867	-0.23453234787195	-0.2303586257397771	0.03016731991515078	0.277957452469296	-0.09222972105723304	-0.009069448627489731	-0.03037717757202834	0.08680053270554736	0.08680053270555453	0.2962412032385423	0.2962412032388141	-0.8381806116552648	0.2609326293801383	0.3313299536022515	0.4717004895352848	-0.3597430504589217	-0.1275950681972651	0.5901576858726403	0.100816239527088	1.281298024768834	0.999992886771953	0.03628226406492713	0.2398488729014931	1.321715561966298	1.587498502656814	-0.20326919103986	-0.4296377190421077	0.4098451465414439	0.3419365329988102	-0.3174170822502128	3.296434241427051	-0.2200400738356054	-0.2303120382536651	-2.912103079938762	0.576754630692271	0.7720504421157858	-0.1069084963542624	0.6338667905918283	-0.2482083845209552	0.285502206739973	0.3684183664758117	-0.04313559638569201	-2.921623243317928	-2.921623243396302	0.2404753945980818	0.2404753948578126	5.389745355689239	-1.189852543172252	-4.18703751352087	-3.39244213736821	1.550252536349798	0.8904298543281902	-0.6181908568664573	5.755133953901676	-10.59042490402239	-5.798205251814858	0.234632356287289	-2.310868868910188	3.055173931420007	0.3963546441735474	2.075223959779985	3.015447276003114	0.01164890385708998	0.01000738554398444	0.04826910864604088	0.1554815812219876	0.06093616398559315	0.01231124826086462	0.4435156172151394	0.01043743802828716	0.01090236425498243	0.01130223773829878	0.02070831224962371	0.01168800162384614	0.01071357018877974	0.01107009119398963	0.01035153777195356	0.01041356693026767	0.03822254792548627	0.06807963840378833	0.01103017790247749	0.01047303476071474	0.02459336185792203	0.01117733470424409	0.0103807975174056	0.01778507231362276	0.01000368963785098	0.01593106286652806	0.01239059551079307	0.01039043657233699	0.01000322427939447	0.01000779272206983	0.01000633215956544	0.8164091780254541	0.2092733693700116	0.01001376433482195	0.01000729348446562	0.03950300413940147	0.0101925920517333	0.01013646785307268	0.01007812152975522	0.01002397812595072	0.3091258943890431	0.9751101277255467	0.01009570580752614	0.01003137901354905	0.0125124791898773	0.08502169539011133	0.01001023655942934	0.01155013256029262	0.1227052504748166	0.01072446409657642	0.01017234950145936	0.01031921386888029	0.01012556002147246	0.01013603986678964	0.01001535705331071	0.01000696668195598	0.01000870526526301	0.01033125963635596	0.01011391719380946	0.01005373942487238	0.2266720197134893	0.1997396909920978	0.2542290968929481	0.04136117676869758	0.5996710844869054	0.1796561406337544	0.02592546154254666	0.011610030745056	0.1801625468818822	0.2887563611687665	0.01349001776423461	0.01000949925029107	0.01001597071757982	0.01007622794516752	0.5164444993502052	0.4947573828190172	0.01002083198246868	0.01009533667113109	0.01003149940638833	0.01006982505842147	0.006216776724252117	0.01202467918700896	-0.02185130479608982	0.1950897079308302	-0.08392893084651978	-0.1698540656741454	-0.1517023068395157	-0.02155537634030324	-0.219503796745876	-0.02546118902398693	0.03209065727730984	-0.1109282495904119	0.009388578975891126	0.01307686631450607	0.01000847399990529	0.0548146338097755	0.1715406229024082	0.04617221120435198	0.0112200364076753	0.3850071501869757	0.01218150315941611	0.01000850571182926	0.01002077854724133	0.05278915825324376	0.01483835020272568	0.01360610404847819	0.01541953008158171	0.01002272291312314	0.01003551400319442	0.06859985489754672	0.09450059124637482	0.01080730664883186	0.01008048237084757	0.0278716923917234	0.01098065375340643	0.01022739630634401	0.02903981124038997	0.01000433555194782	0.01137713516866086	0.0112047265573953	0.01000981958632067	0.01000357358372415	0.01000144370032015	0.01000803697801675	0.6916088486455702	0.2594121012697944	0.01003763508538852	0.01000720597517992	0.03594457708987436	0.01055950353046731	0.01000547983655841	0.01000124100048508	0.01000584490807463	0.2546945664376488	0.8731649950929575	0.01010822574580406	0.01003370294734122	0.01214085708779608	0.07453675121723152	0.01001202672887147	0.011505228194947	0.1283089027967201	0.01081180049919952	0.01000921521658616	0.01000236795054162	0.01000027900427835	0.01000014308565109	0.01001714637376369	0.01000716075274253	0.01000992434874201	0.01002455315968816	0.01013161255708603	0.01007336485108504	0.205834487678915	0.180363369420894	0.2872199340585068	0.0406209590242115	0.4055067436882091	0.1141178751339717	0.01373242840757758	0.01212972393188493	0.1547316920985117	0.2131589423408942	0.01342626208300482	0.01001057809160355	0.01001911954757515	0.01000006330149508	0.4488193567562608	0.454691528199988	0.01000073766342327	0.0100568449050291	0.01000996004161879	0.01004056012735375	-0.4097538136098628	-1.991769648809282	1.824878091634035e-11	1.487336362237605e-11
0.6518664260094256	-0.1312187792768577	0.01715682144292337	0.2331742715411368	3.487306434372727	0.9437256716836788	-0.01981150873285294	0.4633937529709639	0.004075626913970885	-0.2302266667408588	-0.2303091477258433	0.03310880989382502	0.2767906367984134	-0.09086726725894302	-0.007358177681163529	-0.03052421174108976	0.0755359278845734	0.07553592788455964	0.2975575784285226	0.2975575784287856	-0.8137901464742345	0.2553174503986598	0.3126045127318713	0.4561108274670183	-0.3528153077381878	-0.1235000322387065	0.5870181540839732	0.1265988809452285	1.23335746042906	0.9747962385107966	0.03699499422337883	0.2300236222535332	1.335696231750244	1.589360347120634	-0.1936308505446101	-0.416925157965867	0.3765275843578406	0.3140188077748192	-0.40037922816227	3.292865468166147	-0.2616768280823738	-0.2280824598058528	-2.755632763350682	0.5847332919626341	1.155258141509883	0.1282456164159273	0.68412552565854	-0.276602708634955	0.3259988079980169	0.3966301091755507	-0.02191964218084654	-2.133851843513068	-2.133851843512526	0.3473428457883779	0.3473428457883991	5.532749819525562	-1.326284091931173	-4.198928510058976	-3.587954787695738	1.551935824587119	0.9512257396494755	-0.7941493670433523	5.793404052380671	-10.87747703052304	-5.492512446352448	0.09181267031326998	-2.080341006586357	3.21696123763848	0.4514539434822576	2.266631735297573	2.680108980911744	0.01226237762442998	0.01000789161542456	0.05384494676388397	0.1648950960911829	0.05656246015493914	0.0118099245922737	0.4303772192095358	0.01151815180862614	0.01057290781220751	0.01082971103072868	0.03943995797830935	0.01348985854108497	0.01250394682677239	0.01375799987428268	0.01023168602330892	0.01027790478443569	0.05575656773252342	0.08023974058818922	0.01099620766312809	0.0103349516474917	0.02613129059474544	0.01103281723907002	0.01031687177628773	0.02413023179436134	0.01000400112561753	0.01399783401209826	0.01171510095883877	0.01024999728874602	0.01000338741822593	0.01000536155824167	0.01000720821112552	0.7637689023030522	0.2242567097300561	0.01002820562996068	0.01000724408772421	0.04102778512984292	0.01042077446259352	0.01008858596724625	0.01004988762536701	0.01001803164970316	0.293015572338523	0.9415118550095476	0.01010275861728721	0.01003263952161331	0.01235496353082434	0.08085040231318978	0.01001123280825	0.0115735089364463	0.1273010331379749	0.01076654797169389	0.01011259655777291	0.01020254922372138	0.01007940176182597	0.01008597026163211	0.01001629935939559	0.01000709857297019	0.0100092790372914	0.01021620071157531	0.01011941637387028	0.01006377174625172	0.2190735754032737	0.1926669872745657	0.2640440903752197	0.04171286181252638	0.5514630890257427	0.1503271888884229	0.02102358483374876	0.01173862001530811	0.1699144122238578	0.2665544635829308	0.01346736804490342	0.010010227728491	0.0100177431992753	0.01004816327412056	0.4973233651258303	0.4826269358313047	0.01001344196648715	0.01007588501097731	0.01002286714423206	0.01005507370615076	0.005758225685047867	0.01206464525967884	-0.01947536852861788	0.1946092838366296	-0.08946689210605681	-0.1722264819725462	-0.145483626754055	-0.0204113779944493	-0.2170681345053619	-0.02444082481897385	0.03890329256620292	-0.1111127752883655	0.01284588254636812	0.013518937387063	0.01000898680436481	0.07280199054124656	0.202215916455832	0.04948999729829063	0.01072032249221278	0.3860145653315825	0.01435209756130853	0.01000608008024156	0.0100149485863924	0.09043874020569644	0.01804544757126506	0.01720730117329011	0.02083465065652957	0.01002890634291674	0.01005310648884133	0.1061947882837011	0.1139756079589661	0.01104460607996894	0.01011242997401047	0.02973361097868522	0.01062364180523294	0.01019074613622937	0.04056216263539879	0.01000469695110806	0.01002428443018151	0.01001384978848643	0.01000855307786696	0.01000374325703962	0.01000099462207128	0.01000925828450976	0.4310967797638587	0.2689053004556723	0.01006547160645362	0.01000712140491911	0.05056848938099601	0.0110187750116682	0.01000736924467281	0.01000171146453204	0.01000947961522665	0.2352822970311625	0.7463766135832439	0.01012026233701849	0.01003569523032066	0.01203563294954222	0.07008410253502709	0.01001368644670542	0.01170263372744639	0.1460460790581846	0.01086099975875928	0.01001093126936184	0.01000258098037233	0.01000028662734092	0.01000014704911628	0.01001854156951193	0.01000745924376813	0.0100105385278137	0.01001424129429386	0.01012656765521092	0.01008717361553619	0.1918557522562354	0.1687990794332351	0.2962416865429733	0.04383876974698429	0.3415297452435612	0.04535449234873943	0.0110720858132768	0.01182037253256264	0.1347493834779672	0.1908530651128171	0.01342969181742812	0.01001220978505781	0.01002213821820952	0.01000006470823354	0.4108090439396805	0.4261741749423219	0.01000081072588631	0.01003085599993554	0.01000653363544377	0.01002099538787677	-0.4798140038564788	-1.863953224324717	-3.091440200393894e-11	1.110961981145932e-10
0.6563312645437367	-0.1296294408770449	0.01850038025103051	0.2311942594861484	3.501999193717298	0.9424613668834201	-0.02082390531808611	0.4514744687265818	0.006685450474562796	-0.2242938407164519	-0.229224608728624	0.03626560763941375	0.2754540641694458	-0.08930663064839599	-0.005534038607429058	-0.03056533558453041	0.06774757233108297	0.06774757233112176	0.2993081002812781	0.2993081002835054	-0.7888087153663297	0.249084574081999	0.293846384804466	0.4396838368258031	-0.3458912722671009	-0.1190416896708037	0.5831694568278435	0.1525526906045784	1.184245260492871	0.9509255087503526	0.03739102918864865	0.2215024998678789	1.350417402060579	1.591582352988688	-0.182442176543086	-0.4057493420762399	0.3385343355216725	0.2852060919201977	-0.4854250254848047	3.288607984515118	-0.3043068843461678	-0.2254374946794861	-2.588361818490801	0.586326312351212	1.486634318060227	0.3517312227030952	0.7240426964534447	-0.3256009411475253	0.3697100536511816	0.4241756040017086	0.002833441485471635	-1.350877545206382	-1.350877544887542	0.4323707659704055	0.4323707659880521	5.654693475137619	-1.467435629142076	-4.201740981212644	-3.767498646775721	1.550265377016759	1.051211857274794	-0.9395599276534017	5.830507492842568	-11.11141292497333	-5.20235627023492	0.1098129908799953	-1.71654458132377	3.359760866980406	0.5427058393968602	2.735874567369359	2.317153530820752	0.01250124858004219	0.01000842681361171	0.06518336997832738	0.1814561665838058	0.0559585283921527	0.01141457907941116	0.4093813171817198	0.01221725078215981	0.01036307428018007	0.01054165288201626	0.05235446628032502	0.01448586320439797	0.01353503864192586	0.01530556871138227	0.01149182882249183	0.01592124748980912	0.08288034554475651	0.09131491620947613	0.01109189506022839	0.01026554627805814	0.02569470372927589	0.01083134020325788	0.01025650454855997	0.02731999771726828	0.01000427689181766	0.01253188126792528	0.01108474760866841	0.0101600695950478	0.0100035299619785	0.01000371676964296	0.01000880757541559	0.6819639439573689	0.2243473205856887	0.01003591211364789	0.01000705414648399	0.05974253270636736	0.01098281049930857	0.01005883834458427	0.01003196669880536	0.01001535080729474	0.2750347271382365	0.8892206607867653	0.01010614710863897	0.01003298498754523	0.01215803102757991	0.075111288670654	0.01001215899270616	0.01159824219044102	0.1332479679243135	0.01080881103245478	0.01007551814378467	0.01012847380678285	0.01005004701151505	0.0100541262605567	0.01001778354509689	0.01000729266343108	0.01000965538474707	0.01015709459180243	0.0101500937717342	0.01009965492940348	0.2090053760217384	0.1835112351400993	0.2705411652758209	0.04066509871625295	0.5007295804376746	0.1160789590674672	0.017297023010246	0.0140054595883871	0.1563472401327317	0.243545228250937	0.01342178291272478	0.01001101481815374	0.01001970626683368	0.0100303155659822	0.4724972938603575	0.4685118566495594	0.01000878899977144	0.01005837944735667	0.01001661696432101	0.01004192424214513	0.002319321882047049	0.01238761088881213	-0.01833614432276066	0.1946329798043027	-0.09360510892783735	-0.1732068871629308	-0.1354312915630521	-0.02371527146450713	-0.2115030048580715	-0.02299975642494134	0.04685080932774625	-0.1070544185789491	0.01301932023047081	0.0123706214912609	0.01000963526668578	0.100330557352363	0.2413035764026505	0.05949181057725428	0.01075922255000646	0.2945423316898224	0.01257473556698102	0.0100076470813578	0.01008535239087819	0.06398521203059465	0.0145559107829746	0.01360877942785788	0.01541950950675563	0.01681160763814182	0.03925504521780729	0.1648577157113048	0.1147526585815805	0.01143980506751372	0.0101790026103051	0.02064146583019011	0.01036996652380231	0.01012186164499429	0.02622139857035579	0.01000478558639178	0.01001671939035409	0.01000929765882755	0.01000668802858482	0.01000379674829073	0.01000087313304736	0.01001351049543237	0.2972472655376259	0.183517771458084	0.01003441399231097	0.0100063896047434	0.1353042236305269	0.0127480559537776	0.01000933690535391	0.01000148603269786	0.01001198028063476	0.2098188436394756	0.6186642897803927	0.01010450642881181	0.01003169553204086	0.01163315476220483	0.05728125920183456	0.01001376560686691	0.01158542210907535	0.147729900642481	0.01089794991793314	0.01001416974189205	0.01000311367474848	0.01000028765551347	0.01000014488197817	0.01002184789093624	0.01000776535032606	0.01001007685043954	0.01009440860512134	0.01026872557537849	0.01022514109172778	0.173124279868532	0.1520039791573106	0.2826997361467215	0.03415170941592208	0.2932720981471385	0.02769542776366364	0.01053914161646268	0.02322755602414911	0.1122678087620431	0.166349035292778	0.01326772615652818	0.01001247082639543	0.01002382233674404	0.0100000636583524	0.3607975663377461	0.412518331927575	0.01000098370769498	0.01002681484311067	0.010005575885062	0.01001844611609838	-0.5499668195750583	-1.727051319802834	6.697533647915747e-11	-1.019195624675213e-10
0.6607961030780478	-0.1281678585185307	0.01968026907070399	0.2288496862746902	3.51667203721713	0.9410114770096155	-0.02182479317575292	0.4402375080846848	0.009329224055640682	-0.2170915648376651	-0.2272204213414742	0.03952157158602564	0.2738519326740589	-0.0875959659480187	-0.003537454184424849	-0.03050485081723199	0.06350893879238464	0.06350893879233825	0.3013790132527953	0.3013790132568444	-0.7633210279931385	0.2421982153058885	0.2751015669676193	0.4224944184355507	-0.3389664245541129	-0.1140652975136268	0.578541511135468	0.1786459676009863	1.134231243716354	0.9283220693201026	0.03819189732411939	0.2148749642853398	1.36554113548703	1.594196036838527	-0.169284303705807	-0.3963130501741697	0.3193000153701357	0.240703696693869	-0.5636824268360513	3.283944275465121	-0.3448086446635455	-0.2229271900581305	-2.449989677212018	0.599941067261173	1.723901241570788	0.5401970180746545	0.7285464415187304	-0.3955583031623825	0.3932030213422714	0.473876130842807	0.02359541902870518	-0.5437733159702052	-0.5437733159700401	0.4908603222806978	0.4908603222807728	5.759524543962871	-1.619008012749459	-4.192966318858212	-3.929480169115028	1.552299666801864	1.183283208117173	-1.143209507755195	5.855877688477377	-11.28144095732532	-4.924836642861782	0.2731552956974781	-1.2321191697635	3.397287188129413	0.626903946310163	3.14872347090238	1.900898702043011	0.01222162390021811	0.01000900497632353	0.08168129259764192	0.2040101200224642	0.0589862878785595	0.01118153337955683	0.3715696593107067	0.01198957129341525	0.01023247920268548	0.01038793057964045	0.05135224496435129	0.0138100092659678	0.01283706123198656	0.01425960475883201	0.01480672294064205	0.03008535094416691	0.1188561956766152	0.09888815453063189	0.0112997427812831	0.01024715677386852	0.02209506313851614	0.01061019445913314	0.01019292418678431	0.02411109171291538	0.01000448224588877	0.0116069804301997	0.01068814524108875	0.01010318008590552	0.01000363899684384	0.01000264397521786	0.0100114031003165	0.5878630973452961	0.2009226641983794	0.0100290629082473	0.01000666058693211	0.0995327405163756	0.01198094008260732	0.01004099658663516	0.01002068873536307	0.01001461590049229	0.254799135275439	0.8216006017076103	0.01010234888911465	0.01003169884283802	0.01188416195823414	0.06694644486499977	0.01001276708961013	0.01156985465402091	0.1378554560815917	0.01084909359672129	0.01005357446250489	0.01008239338390391	0.01003171128997551	0.01003423422335351	0.01001995211892373	0.01000752886267177	0.01000971703940724	0.01015029318653411	0.01022261268572619	0.0101738549492728	0.1964114430957851	0.172062163610387	0.2718175208142369	0.03654697508322	0.449357323420189	0.08534523312007113	0.01472802682188644	0.01964054705978341	0.1398712148555166	0.2195771322925518	0.01333280236043911	0.01001160431608273	0.01002156448332394	0.01001916743623979	0.4416829892895722	0.4543967951339352	0.01000594797965246	0.01004592846754991	0.01001235379992231	0.01003275452494132	-0.001119581920953993	0.01271057651794716	-0.0171969201169046	0.1946566757719763	-0.09774332574961843	-0.1741872923533148	-0.1253789563720495	-0.02701916493456723	-0.2059378752107822	-0.02155868803090833	0.05479832608928843	-0.1029960618695317	0.01319275791457531	0.01122230559545877	0.01001028372900616	0.1278591241634796	0.2803912363494691	0.06949362385621788	0.01079812260779957	0.2030700980480618	0.0107973735726484	0.01000921408247961	0.0101557561953634	0.03753168385549018	0.01106637399467956	0.01001025768243086	0.01000436835698905	0.02359430893337064	0.06845698394677721	0.2235206431389088	0.1155297092041951	0.01183500405505582	0.01024557524659954	0.0115493206816975	0.01011629124237208	0.01005297715375887	0.01188063450531275	0.01000487422167482	0.0100091543505326	0.01000474552918019	0.01000482297931326	0.01000385023954119	0.01000075164404543	0.01001776270635352	0.1633977513113923	0.09813024246049529	0.01000335637817089	0.01000565780456812	0.2200399578800566	0.01447733689588804	0.01001130456606289	0.01000126060097677	0.01001448094606646	0.1843553902477884	0.4909519659775405	0.01008875052060354	0.01002769583376019	0.01123067657486707	0.04447841586864181	0.0100138447670285	0.01146821049070387	0.1494137222267776	0.01093490007710641	0.01001740821442836	0.01000364636913652	0.01000028868376547	0.01000014271494274	0.01002515421236187	0.01000807145688594	0.0100096151730653	0.01017457591595675	0.01041088349554856	0.01036310856792356	0.1543928074808345	0.1352088788813859	0.2691577857504683	0.02446464908486008	0.2450144510507156	0.01003636317859809	0.01000619741967416	0.03463473951574055	0.08978623404611903	0.1418450054727379	0.01310576049562813	0.01001273186773423	0.0100255064552773	0.01000006260861913	0.3107860887358154	0.3988624889128281	0.01000115668957114	0.01002277368629171	0.01000461813469883	0.0100158968443285	-0.616744975333968	-1.583238478180897	1.598285061747005e-10	-3.023866965967226e-10
0.6652609416123589	-0.1267313432139218	0.02062868722876014	0.2262084647084494	3.531328580045692	0.9393847472596025	-0.0228163375060041	0.4294311302737389	0.01210767862560453	-0.2092491262233749	-0.2244864726297827	0.04270236008432685	0.2718998231185945	-0.08583503592983298	-0.001271900702559676	-0.0303983495815286	0.06274953649507013	0.06274953649501558	0.3036381714601218	0.3036381714621735	-0.7374202355794065	0.2346055774456525	0.2564562076036903	0.4045859053828386	-0.3320244358671127	-0.1084687995906714	0.5728011061833107	0.2048276982941639	1.083624709125164	0.9069932526541564	0.04027262372207379	0.2106698014290719	1.380261731811901	1.597099165595314	-0.1548502343040479	-0.3888544402924562	0.3231955191862197	0.1614914501033392	-0.6370926642400906	3.279650682490299	-0.3811842594072511	-0.2202114412026996	-2.366453384532413	0.6543378601661988	1.82574338207993	0.6933516488462019	0.6742509934596079	-0.5178068354035205	0.3973207299540827	0.5669775118908892	0.0430409044121481	0.340306069505242	0.340306069483007	0.5225303165672799	0.5225303162815804	5.849825620963129	-1.795349025405987	-4.147960734507611	-4.092524110261301	1.572341635515734	1.312489936705334	-1.756642231913618	5.867643515644279	-11.38080174321431	-4.63298444152953	0.443188453413274	-0.6286230713504329	3.097195284255036	0.6623667399953074	2.639300902882689	1.435781485104204	0.01176736501668903	0.01002050778041548	0.09873407738015887	0.2276999950834544	0.06059671306450459	0.01106499123406613	0.319269513344364	0.01147362952330275	0.01589385618587741	0.03274015978646395	0.04409588303446824	0.01270113457245572	0.01179296452939043	0.01269209047805055	0.03173531432764613	0.05725234590306207	0.1599542940559159	0.1056833333291273	0.01568197206563599	0.01028867392525743	0.01821807752865613	0.01042457784851921	0.01014070641052173	0.01950560782396746	0.01000530991643988	0.01101612679303184	0.01043502547205145	0.0100667909784805	0.01000436953736614	0.01000201140920683	0.01001527126440953	0.4887789420116513	0.1655834520063182	0.01001966736870468	0.0100067291558469	0.1594542641309998	0.01906327685424171	0.01002999289843852	0.0100136035235196	0.01001427518716438	0.2372523022913568	0.7573922172256066	0.01010085698249679	0.01003140172216716	0.01168946548223822	0.06127230744793015	0.01001379534418187	0.01148071615355737	0.1404140235923625	0.01110261981539063	0.01227050123285216	0.01005414626538991	0.01002007899307226	0.01002159727140445	0.01002947909861008	0.01000938877404942	0.01001033956057796	0.01041971117077918	0.01041212113926202	0.01036966385484736	0.1780063689353737	0.1608255021622271	0.2651401273594345	0.03152086856429846	0.3984375741916919	0.06056506203928975	0.01298980184508714	0.04827907547602734	0.1222561593409635	0.1996395847163257	0.01323441597731886	0.01001255028839591	0.01002481508351484	0.01001208467861186	0.4034771448677709	0.4421000074344728	0.01000447137494639	0.010045278458568	0.01001102539215856	0.01003244555322181	-0.002251329072278812	0.01445890130791968	-0.01406521182451689	0.1921205594601603	-0.1038363604178303	-0.170857257757901	-0.1124818683132702	-0.04125285477747372	-0.2052049937314112	-0.0181159293606055	0.05901951983235776	-0.09105721989246886	0.008432675507153896	0.01079013366258391	0.010066213583916	0.1406697735161961	0.3002449732577422	0.05859761342623178	0.0109272921447851	0.1066507386041533	0.01041518547866048	0.03929794673867829	0.1265318103799392	0.02391078034524134	0.01056808581629486	0.01000935479129058	0.01000467024648456	0.09524040266375593	0.1433994576067721	0.2846483839088731	0.1248155224131852	0.03320218481252269	0.01045923277228582	0.01131806408977483	0.01010353632587918	0.01005153967673515	0.01096894603257144	0.01000833391479179	0.0100114849695011	0.01000569224161861	0.01000535326417433	0.01000715769996872	0.0100011054308559	0.01002540847919087	0.08671345777722528	0.05409265809270754	0.0100040913020603	0.01000789345838928	0.3648460667420383	0.04609197997749682	0.01001137322773364	0.01000189035102496	0.01001300479837581	0.1912118317930517	0.5156214449775327	0.01010677565472944	0.01003372265550971	0.01146955193622756	0.05490848353683234	0.01001703056874675	0.01120594123118429	0.1436851830866773	0.01206167041283406	0.02135192695310198	0.01000856667157816	0.01000042912225202	0.01000021054201439	0.0100636784727767	0.01001648192763811	0.01001296352451805	0.01149587262004723	0.01101832073851208	0.01100057191841292	0.1091757175848125	0.1310115111598402	0.2244438897230263	0.02046307692692534	0.2068243796434942	0.01002668501267445	0.01000549645148034	0.1588469557392042	0.0739132817354335	0.1506498873072905	0.01303072698757441	0.01001540636415661	0.01003457279582752	0.01000009632919947	0.2398271621004662	0.4007448244805253	0.01000268261201101	0.01006304905760743	0.01001243999192869	0.01004605212355169	-0.6840103154220671	-1.460095820049449	7.136519951842607e-11	-5.110327842131762e-11
0.6697257801466701	-0.1252906119308714	0.02092013591667457	0.2230030084857945	3.545942871104629	0.9376316615071775	-0.02378211774762098	0.419322074497952	0.01525873908627011	-0.2004608447667509	-0.2209496185908384	0.04534578780331407	0.2688804662812828	-0.08403261585958409	0.00175774217451516	-0.02995147685841154	0.06776847322125044	0.06776847322127395	0.3060576586448253	0.3060576586447902	-0.7110193954828727	0.2260477751310298	0.2381612676477921	0.3859496437245658	-0.3247918375846051	-0.1024447280309085	0.5599221446041946	0.2310024650769283	1.032663988341539	0.8869180216316217	0.04022323991859529	0.2094663906712221	1.392309335677632	1.600011013459754	-0.1517672868866386	-0.3835309491144046	0.3211885496023185	-0.05358216356440847	-0.8164282678854961	3.265017828157133	-0.4014091243745466	-0.211386306833863	-2.137628113698882	0.7668478603892165	2.14758631501318	0.8998540281545251	0.4878386284359275	-0.8736258755051156	0.4117882456314467	0.8161457836661611	0.1760629806375433	2.044601999180914	2.044601999180145	0.5626787946449453	0.5626787946448785	5.98351813437051	-2.051348139180673	-4.035997854304326	-4.255471230964818	1.682476641831004	1.374812475386832	-4.34088714417968	5.852758238823947	-11.44009674814517	-4.363299786177176	-0.6810160817672627	0.1124993183348464	2.199934846269303	0.6308096164429853	-1.935949712859775	0.9444839080672706	0.01132099478495618	0.01004869149121044	0.1140000626033988	0.2497694356294761	0.0579287986063607	0.01104047280772642	0.2533140907589401	0.0110072553347653	0.03010051350059167	0.08610969621025348	0.03447713813649667	0.01181799688921954	0.01113724861058568	0.0117057876417723	0.06705240715997199	0.09889553258112929	0.2046224905582168	0.1131901777122612	0.02624436357456855	0.01039477496511458	0.01566193766951592	0.01030375624496848	0.01010755467035875	0.01622444083852215	0.0100071262667254	0.01064693029897817	0.01027710210525119	0.01004425985040056	0.01000606801668269	0.0100017493496158	0.01002055830124242	0.3900393339237831	0.1259263609508944	0.01001407618739513	0.01000761180637898	0.2387550376857792	0.03491298397297093	0.0100231460357169	0.01000941482869122	0.01001350808791956	0.2259483717902867	0.7107754702401343	0.01010669255544568	0.01003347947423204	0.01165692262329446	0.06102789571340107	0.01001563409727681	0.0113267517990254	0.1404724728095846	0.01168301418609205	0.01785974472986353	0.01003835088453853	0.01001286647478928	0.01001372990187079	0.01004989408155052	0.01001370887806455	0.01001198592071295	0.01108317455110061	0.01075825226164149	0.01073100563448877	0.1513291553227002	0.151496269582063	0.2484436851318214	0.02681661234865778	0.3488386811811006	0.04331539765549362	0.01189481383519849	0.1069961084939017	0.104722019068049	0.1873159043796953	0.01314472167233685	0.01001414566748834	0.01003024981499772	0.01000767366977942	0.3565870019659396	0.4329501883557532	0.01000412256339417	0.01005999778335255	0.0100131328878691	0.01004357954962292	-0.00338307622360195	0.01620722609789011	-0.01093350353213	0.1895844431483436	-0.1099293950860417	-0.1675272231624878	-0.0995847802544904	-0.05548654462037833	-0.2044721122520401	-0.01467317069030315	0.06324071357542797	-0.07911837791540713	0.003672593099731127	0.01035796172970765	0.01012214343882998	0.1534804228689129	0.3200987101660154	0.04770160299624631	0.01105646168176879	0.01023137916024555	0.01003299738467643	0.06858667939487727	0.2429078645645186	0.01028987683499956	0.01006979763791654	0.01000845190015244	0.01000497213598491	0.1668864963941401	0.218341931266766	0.3457761246788369	0.134101335622175	0.05456936556999051	0.0106728902979686	0.01108680749784898	0.01009078140938612	0.010050102199711	0.01005725755982911	0.01001179360791076	0.01001381558847558	0.01000663895406948	0.01000588354906046	0.01001046516039824	0.01000145921769706	0.01003305425202857	0.01002916424305841	0.0100550737249202	0.01000482622594667	0.01001012911221125	0.5096521756040217	0.07770662305910343	0.01001144188944397	0.01000252010124117	0.01001152865071201	0.1980682733383147	0.5402909239775245	0.0101248007888522	0.0100397494772579	0.01170842729758561	0.06533855120502269	0.01002021637046695	0.01094367197166209	0.1379566439465776	0.0131884407485577	0.03268644569177485	0.01001348697403929	0.01000056956093619	0.01000027836934429	0.01010220273319275	0.01002489239839151	0.01001631187597081	0.01281716932413693	0.01162575798147029	0.01163803526889536	0.06395862768878506	0.1268141434382952	0.1797299936955848	0.01646150476899132	0.1686343082362726	0.01001700684676111	0.01000479548331711	0.2830591719626682	0.05804032942474775	0.1594547691418449	0.01295569347951925	0.01001808086058462	0.010043639136376	0.01000013005011932	0.1688682354651158	0.4026271600482229	0.01000420853447239	0.01010332442893157	0.01002026184917664	0.01007620740278815	-0.8206507066201416	-1.375833831846716	-1.70981071378483e-11	2.001801397540873e-10
