inDegrees=no
num_controls=93
num_derivatives=0
num_input_controls=0
num_iterations=351
num_multipliers=2
num_parameters=0
num_slacks=2
num_states=150
objective=1.147159
objective_effort=1.147159
solver_duration=6715.672806
status=Solve_Succeeded
success=true
DataType=double
version=3
OpenSimVersion=4.6-2026-06-22-85aaf64
endheader
time	/jointset/ground_pelvis/pelvis_tilt/value	/jointset/ground_pelvis/pelvis_list/value	/jointset/ground_pelvis/pelvis_rotation/value	/jointset/ground_pelvis/pelvis_tx/value	/jointset/ground_pelvis/pelvis_ty/value	/jointset/ground_pelvis/pelvis_tz/value	/jointset/hip_r/hip_flexion_r/value	/jointset/hip_r/hip_adduction_r/value	/jointset/hip_r/hip_rotation_r/value	/jointset/hip_l/hip_flexion_l/value	/jointset/hip_l/hip_adduction_l/value	/jointset/hip_l/hip_rotation_l/value	/jointset/back/lumbar_extension/value	/jointset/back/lumbar_bending/value	/jointset/back/lumbar_rotation/value	/jointset/walker_knee_r/knee_angle_r/value	/jointset/patellofemoral_r/knee_angle_r_beta/value	/jointset/walker_knee_l/knee_angle_l/value	/jointset/patellofemoral_l/knee_angle_l_beta/value	/jointset/acromial_r/arm_flex_r/value	/jointset/acromial_r/arm_add_r/value	/jointset/acromial_r/arm_rot_r/value	/jointset/acromial_l/arm_flex_l/value	/jointset/acromial_l/arm_add_l/value	/jointset/acromial_l/arm_rot_l/value	/jointset/ankle_r/ankle_angle_r/value	/jointset/ankle_l/ankle_angle_l/value	/jointset/elbow_r/elbow_flex_r/value	/jointset/elbow_l/elbow_flex_l/value	/jointset/subtalar_r/subtalar_angle_r/value	/jointset/subtalar_l/subtalar_angle_l/value	/jointset/radioulnar_r/pro_sup_r/value	/jointset/radioulnar_l/pro_sup_l/value	/jointset/mtp_r/mtp_angle_r/value	/jointset/mtp_l/mtp_angle_l/value	/jointset/ground_pelvis/pelvis_tilt/speed	/jointset/ground_pelvis/pelvis_list/speed	/jointset/ground_pelvis/pelvis_rotation/speed	/jointset/ground_pelvis/pelvis_tx/speed	/jointset/ground_pelvis/pelvis_ty/speed	/jointset/ground_pelvis/pelvis_tz/speed	/jointset/hip_r/hip_flexion_r/speed	/jointset/hip_r/hip_adduction_r/speed	/jointset/hip_r/hip_rotation_r/speed	/jointset/hip_l/hip_flexion_l/speed	/jointset/hip_l/hip_adduction_l/speed	/jointset/hip_l/hip_rotation_l/speed	/jointset/back/lumbar_extension/speed	/jointset/back/lumbar_bending/speed	/jointset/back/lumbar_rotation/speed	/jointset/walker_knee_r/knee_angle_r/speed	/jointset/patellofemoral_r/knee_angle_r_beta/speed	/jointset/walker_knee_l/knee_angle_l/speed	/jointset/patellofemoral_l/knee_angle_l_beta/speed	/jointset/acromial_r/arm_flex_r/speed	/jointset/acromial_r/arm_add_r/speed	/jointset/acromial_r/arm_rot_r/speed	/jointset/acromial_l/arm_flex_l/speed	/jointset/acromial_l/arm_add_l/speed	/jointset/acromial_l/arm_rot_l/speed	/jointset/ankle_r/ankle_angle_r/speed	/jointset/ankle_l/ankle_angle_l/speed	/jointset/elbow_r/elbow_flex_r/speed	/jointset/elbow_l/elbow_flex_l/speed	/jointset/subtalar_r/subtalar_angle_r/speed	/jointset/subtalar_l/subtalar_angle_l/speed	/jointset/radioulnar_r/pro_sup_r/speed	/jointset/radioulnar_l/pro_sup_l/speed	/jointset/mtp_r/mtp_angle_r/speed	/jointset/mtp_l/mtp_angle_l/speed	/forceset/addbrev_r/activation	/forceset/addlong_r/activation	/forceset/addmagDist_r/activation	/forceset/addmagIsch_r/activation	/forceset/addmagMid_r/activation	/forceset/addmagProx_r/activation	/forceset/bflh_r/activation	/forceset/bfsh_r/activation	/forceset/edl_r/activation	/forceset/ehl_r/activation	/forceset/fdl_r/activation	/forceset/fhl_r/activation	/forceset/gaslat_r/activation	/forceset/gasmed_r/activation	/forceset/glmax1_r/activation	/forceset/glmax2_r/activation	/forceset/glmax3_r/activation	/forceset/glmed1_r/activation	/forceset/glmed2_r/activation	/forceset/glmed3_r/activation	/forceset/glmin1_r/activation	/forceset/glmin2_r/activation	/forceset/glmin3_r/activation	/forceset/grac_r/activation	/forceset/iliacus_r/activation	/forceset/perbrev_r/activation	/forceset/perlong_r/activation	/forceset/piri_r/activation	/forceset/psoas_r/activation	/forceset/recfem_r/activation	/forceset/sart_r/activation	/forceset/semimem_r/activation	/forceset/semiten_r/activation	/forceset/soleus_r/activation	/forceset/tfl_r/activation	/forceset/tibant_r/activation	/forceset/tibpost_r/activation	/forceset/vasint_r/activation	/forceset/vaslat_r/activation	/forceset/vasmed_r/activation	/forceset/addbrev_l/activation	/forceset/addlong_l/activation	/forceset/addmagDist_l/activation	/forceset/addmagIsch_l/activation	/forceset/addmagMid_l/activation	/forceset/addmagProx_l/activation	/forceset/bflh_l/activation	/forceset/bfsh_l/activation	/forceset/edl_l/activation	/forceset/ehl_l/activation	/forceset/fdl_l/activation	/forceset/fhl_l/activation	/forceset/gaslat_l/activation	/forceset/gasmed_l/activation	/forceset/glmax1_l/activation	/forceset/glmax2_l/activation	/forceset/glmax3_l/activation	/forceset/glmed1_l/activation	/forceset/glmed2_l/activation	/forceset/glmed3_l/activation	/forceset/glmin1_l/activation	/forceset/glmin2_l/activation	/forceset/glmin3_l/activation	/forceset/grac_l/activation	/forceset/iliacus_l/activation	/forceset/perbrev_l/activation	/forceset/perlong_l/activation	/forceset/piri_l/activation	/forceset/psoas_l/activation	/forceset/recfem_l/activation	/forceset/sart_l/activation	/forceset/semimem_l/activation	/forceset/semiten_l/activation	/forceset/soleus_l/activation	/forceset/tfl_l/activation	/forceset/tibant_l/activation	/forceset/tibpost_l/activation	/forceset/vasint_l/activation	/forceset/vaslat_l/activation	/forceset/vasmed_l/activation	/forceset/lumbar_ext	/forceset/lumbar_bend	/forceset/lumbar_rot	/forceset/shoulder_flex_r	/forceset/shoulder_add_r	/forceset/shoulder_rot_r	/forceset/elbow_flex_r	/forceset/pro_sup_r	/forceset/shoulder_flex_l	/forceset/shoulder_add_l	/forceset/shoulder_rot_l	/forceset/elbow_flex_l	/forceset/pro_sup_l	/forceset/addbrev_r	/forceset/addlong_r	/forceset/addmagDist_r	/forceset/addmagIsch_r	/forceset/addmagMid_r	/forceset/addmagProx_r	/forceset/bflh_r	/forceset/bfsh_r	/forceset/edl_r	/forceset/ehl_r	/forceset/fdl_r	/forceset/fhl_r	/forceset/gaslat_r	/forceset/gasmed_r	/forceset/glmax1_r	/forceset/glmax2_r	/forceset/glmax3_r	/forceset/glmed1_r	/forceset/glmed2_r	/forceset/glmed3_r	/forceset/glmin1_r	/forceset/glmin2_r	/forceset/glmin3_r	/forceset/grac_r	/forceset/iliacus_r	/forceset/perbrev_r	/forceset/perlong_r	/forceset/piri_r	/forceset/psoas_r	/forceset/recfem_r	/forceset/sart_r	/forceset/semimem_r	/forceset/semiten_r	/forceset/soleus_r	/forceset/tfl_r	/forceset/tibant_r	/forceset/tibpost_r	/forceset/vasint_r	/forceset/vaslat_r	/forceset/vasmed_r	/forceset/addbrev_l	/forceset/addlong_l	/forceset/addmagDist_l	/forceset/addmagIsch_l	/forceset/addmagMid_l	/forceset/addmagProx_l	/forceset/bflh_l	/forceset/bfsh_l	/forceset/edl_l	/forceset/ehl_l	/forceset/fdl_l	/forceset/fhl_l	/forceset/gaslat_l	/forceset/gasmed_l	/forceset/glmax1_l	/forceset/glmax2_l	/forceset/glmax3_l	/forceset/glmed1_l	/forceset/glmed2_l	/forceset/glmed3_l	/forceset/glmin1_l	/forceset/glmin2_l	/forceset/glmin3_l	/forceset/grac_l	/forceset/iliacus_l	/forceset/perbrev_l	/forceset/perlong_l	/forceset/piri_l	/forceset/psoas_l	/forceset/recfem_l	/forceset/sart_l	/forceset/semimem_l	/forceset/semiten_l	/forceset/soleus_l	/forceset/tfl_l	/forceset/tibant_l	/forceset/tibpost_l	/forceset/vasint_l	/forceset/vaslat_l	/forceset/vasmed_l	lambda_cid35_p0	lambda_cid36_p0	gamma_cid35_p0	gamma_cid36_p0
0	-0.1962972249582864	-0.07128797736254681	0.523578173625895	1.709157649254978	0.9232636362118426	-0.04323297221475789	0.4931478835471546	0.0862472500777874	0.4512217366204287	-0.1396608881984142	-0.05963786504844741	0.475753582356542	0.1556144605624529	-0.01518491035345217	-0.5492954596882229	0.2703849228806782	0.2703849228805944	0.3463624122257789	0.3463624122257836	0.1566270584402527	-0.09128469934724201	2.476442199007331	0.1990635213444846	0.004589823047195287	2.972313058958904	0.4583021944288619	-0.3304173848644954	0.4985039200923189	0.5496125486038571	-0.1288678032407786	0.6056349916324139	1.653529274118413	1.838459752217771	0.2903734659204789	-0.7747825590560348	-0.7808922529800885	0.1207243758493995	0.3069021725818716	2.344194382047339	-0.2665326121475258	-0.1031365646058616	-0.2321916439726389	0.5641050734693142	-3.844962656360937	1.281954869738632	-0.2462443836832758	-4.852631008555958	1.047355246156037	-0.5900742229140704	-0.5942932622373848	2.034494726444594	2.034494726444654	1.371058711845712	1.371058711845688	-2.069244035021652	1.10354350157878	3.198159660241816	-2.987923603082237	0.2830990192091607	0.9500555411454786	-1.061730205401908	0.0501823518926545	-5.405485620907914	-5.654584673508627	-3.045090748637866	1.077930019918578	0.573522917006832	1.088213664971326	-11.11762488723092	-1.855132279925387	0.01016303155371718	0.01009643393128145	0.06577387856098937	0.1197458337740772	0.01054042505659075	0.01028030131380433	0.137432460213326	0.01148695569727678	0.1762277957112803	0.1405101556152148	0.06268178005211962	0.01084292661819271	0.01010257391870578	0.01006364026038356	0.1871589127695383	0.2121089059642199	0.1390970164989156	0.2106725496578327	0.1817633954121163	0.1722000563163393	0.08986332635564975	0.09167651553918661	0.1032146839779184	0.01060361265575597	0.01021959096379401	0.02278552321248612	0.01382064410238175	0.09290775564275525	0.01015784172176703	0.01024013664589413	0.01065365346207337	0.1789417641122986	0.08975119036394473	0.01003870993178298	0.01167216382221076	0.3168037551232555	0.01054502713945537	0.168499387962862	0.2871683115566946	0.198176309568537	0.2677615391607926	0.3523472929400315	0.1740889390878354	0.1072062943957301	0.2335967572395999	0.2295628847864436	0.05988712592827195	0.05541845695167864	0.01623517220057262	0.01036915992319741	0.01075883783287779	0.01064587130293303	0.01007977114887415	0.01007187585287756	0.01033194034265015	0.01025577385244469	0.1469924020741499	0.01014653520853588	0.01026105753800805	0.01038550502833941	0.01290147162599868	0.0160178635273817	0.01639702535710492	0.1848197445420653	0.1705192329858148	0.1116737225267235	0.1455349355182133	0.03572715599622913	0.2080818892288693	0.1421219985797636	0.02552936912536709	0.01061112378189118	0.08569524015007508	0.01005004843322011	0.01778850411235918	0.2185534061203136	0.0100717209278226	0.01042408047489661	0.01013921110729255	0.01030646849782123	0.09599633215313259	-0.1251322549062759	0.09534905360322227	-0.06243236881370456	0.02611043003116251	0.04027818883433305	0.07534596516383291	-0.0001148111909462151	-0.06591134195583774	-0.03320786885126883	-0.01704203886611764	0.08635030811869142	-0.002253571955099774	0.01018675292669126	0.01010550855610639	0.07760146308602912	0.1335072806794547	0.01068122047969765	0.01031644177399672	0.1414967254181271	0.0113270153113772	0.1447949802493635	0.1211915608108622	0.06641879465957232	0.01097597499755808	0.01009481606655359	0.01005793768981639	0.2000918072074873	0.224567851298539	0.1500457525279419	0.2401458381393635	0.2042713326742182	0.1943562140921621	0.1005576497136345	0.09984486111164322	0.1163126882633401	0.01063866949801727	0.01020150109687524	0.01391010010971392	0.01089089155270831	0.1095608396287923	0.01014749716768388	0.01015233439317418	0.01052835439735194	0.1830914146688412	0.09676772193798049	0.01003370381245421	0.0107490132998784	0.2937278417799123	0.01051637833197502	0.1895307744917961	0.3259580511745314	0.2221839208355339	0.2810713608206756	0.362543088245201	0.1941878374963263	0.126278741972062	0.2536637406905375	0.2427264859947619	0.1071200854906263	0.05575583673735897	0.01182436663043628	0.01045588259192673	0.01086126970665372	0.01066499549825985	0.01007322172569543	0.01003584813259373	0.01032161320133119	0.01027279933239564	0.1921951496991636	0.01011005278144382	0.01021023827787903	0.01032300029965828	0.01040383991834295	0.01080279463371185	0.01173910938255846	0.1915858456339011	0.1498300183875733	0.07760038319611307	0.09280415836690205	0.02665883292117996	0.2018517187732232	0.0404329054671844	0.02049759062287069	0.01086695852942897	0.1087266677435847	0.01001386544794022	0.0104848571629843	0.2067369855023663	0.0100782047868421	0.01030358052447082	0.0100977396948203	0.01022057526350494	-11.82466148570339	-1.14473396641031	-6.925807472170918e-11	1.465747837761538e-11
0.007461260869775489	-0.2006859929562575	-0.07210015941845643	0.5235715944891292	1.726531478242937	0.9217279014268925	-0.04379705943975824	0.4908912342177202	0.09401719293913849	0.4208359377826929	-0.1295001641321273	-0.06257694176578706	0.4391199571062961	0.1625673112658176	-0.01639582364664729	-0.5516585991801621	0.2861586231813408	0.2861586231813407	0.3584545918815762	0.3584545918816057	0.1415656996352715	-0.08307143628499421	2.502564353738463	0.1768892820351868	0.006863114828196677	2.97920436993156	0.4492479806433491	-0.3283946502363853	0.4563682347461017	0.5049671844394403	-0.155019613436129	0.6108114663292004	1.656465382014279	1.847014792006013	0.2018711183296434	-0.7853687604779462	-0.3978674732582285	-0.2359336676758204	-0.2597519751836481	2.312177047365947	-0.1462790722531568	-0.05560861615461888	-0.4767362882226992	1.337527281736526	-4.128114766978471	1.396781894037795	-0.4323271579799834	-4.867244621456081	0.7630841486674077	0.1581055454032656	-0.07589916405310537	2.015040049565569	2.015040049432641	1.896297105419188	1.8962971054505	-1.962817834002421	1.103943712861896	3.810527277110719	-2.940522411336243	0.3097178736902441	0.8840888588381938	-1.186370411625104	0.5109603812238463	-5.854557793901899	-6.259821196625706	-3.910039411161741	0.3294666190960653	0.2508349256154939	1.203434371737524	-11.93850668942316	-0.7922062640578613	0.01016319693153854	0.01009378505622328	0.07271457262245241	0.1252108961525901	0.01058536568090448	0.0102794861651355	0.138026860019198	0.01132508303894845	0.1594735365756479	0.1296268526355046	0.06624166220321473	0.01412609002243571	0.01009309080946682	0.01005713443209848	0.1906326600807216	0.2149990472061998	0.1421530542173656	0.2250593985236318	0.1917501035600878	0.1807293129495213	0.09735801678326247	0.09732263146214894	0.1098455782279509	0.01058604349396759	0.01019763752149877	0.01762718804852971	0.01215920184557917	0.09891073812358984	0.01014324468663472	0.01018208028284566	0.01055160458143171	0.1801407333451337	0.09360316211798105	0.01003457857132483	0.01110904825793933	0.3048847558610164	0.01076389014438483	0.1758213197957969	0.299425843580752	0.206287256410232	0.2726713280274614	0.3556799802083631	0.1837680221551334	0.1174644364809529	0.2417874420928342	0.2349969876448914	0.08862347744637024	0.05802699917194477	0.01365077002461746	0.01038738230395406	0.0112505108345575	0.01985641238124874	0.01007416668751708	0.01005141247142236	0.01030272350597643	0.0102477101992443	0.1685717499463975	0.01011714496671682	0.01021491703776428	0.01032154987686145	0.01151339870175566	0.01312786072433484	0.01369496763762464	0.1881068739206667	0.1610179110031927	0.09264500165592672	0.1169845576805145	0.02872417600334026	0.2063869666427673	0.09158274978916682	0.02386976178166928	0.02458979883845179	0.1002863787548718	0.01002983759548401	0.01381526112456845	0.2131610449323986	0.0100724765956086	0.01032922272448725	0.01010722296891757	0.01023842491454511	0.08896210040108131	-0.1240140858784828	0.1047193430674791	-0.05295406030075209	0.02254342311191778	0.03764806922135686	0.08343762619608112	0.003216910976367697	-0.05510333282993617	-0.03401987143176781	-0.02042825553550684	0.09513338328928928	-0.003887974031694696	0.0101438977115448	0.01007997504969962	0.08170053567108614	0.1300438479582338	0.01057510478367449	0.01024755161613636	0.1363937249475071	0.01107294312343943	0.1314053050106906	0.1122720378127161	0.07273110420758476	0.02185221424933252	0.01007705694375006	0.01004645170265486	0.1912025113262504	0.2143094620251099	0.142335200877723	0.2502537721927761	0.2060228337226279	0.1899463173498867	0.1098526706975791	0.1066683464951527	0.1182488125892064	0.01051524590365811	0.01016061238416018	0.01244947593573224	0.01062369569976458	0.102054950924911	0.01011723405578546	0.0101173378129076	0.01041346074187154	0.1805656381907346	0.09868805158810258	0.01002894487039563	0.01053637187488263	0.2780887185185774	0.01130714705873777	0.1818353411939098	0.3127088591485945	0.2134602959315596	0.279545469183338	0.3603697304642057	0.1987378620950145	0.1317901878748039	0.2539927043574391	0.2431074116322193	0.1279051414325529	0.06468688882414626	0.01110998866514305	0.0103586026584268	0.01233363618297621	0.04202353644245324	0.01006632220175708	0.01003282717913298	0.01024201647374015	0.01021445934647151	0.1992182525232165	0.01007777175779549	0.01014771596042519	0.01022177063365106	0.01027853022683321	0.01052620121309528	0.01107502495129552	0.1933712792539912	0.1476676381322346	0.06581346552168731	0.07363610991846947	0.0187306758660076	0.205879481618156	0.02525964999578993	0.02397036841052001	0.05830404246326133	0.1226489609351006	0.01001198218738038	0.01031754233822441	0.2043900297656037	0.01006888524130603	0.01020428877867023	0.01006583546785515	0.01014839820683811	-12.0286879408249	-0.9849592927477574	-3.642819977953964e-11	1.858048279917081e-11
0.01492252173955098	-0.2022694066128702	-0.07327918756140281	0.5204319355208058	1.743650649440067	0.9210635313849056	-0.04417532251105973	0.4844813807225802	0.1035039087097825	0.3921846284113805	-0.1194867687381333	-0.06445896816062159	0.4046114642659107	0.1662065187462227	-0.0144279857351756	-0.5509764696902018	0.2977888713269555	0.2977888713269276	0.375048416567541	0.3750484165675642	0.1274137709762948	-0.07472285161250392	2.533403539387445	0.1554131044602871	0.008964750605358266	2.985310709981918	0.4432680809641721	-0.322509841310177	0.4116536528614989	0.4569887067345613	-0.1863962915396447	0.6108474725359605	1.657829429991238	1.856395036287843	0.1221746058395541	-0.7837644354159532	-0.02891362863343956	0.02239083925656884	-0.5329236659626486	2.275933053243702	-0.03296223903268815	-0.05332617544751152	-1.345463044470794	1.024288127891507	-3.38003065596721	1.242463240493131	0.03709923444273305	-4.282986696333522	0.1591291719352506	0.2619938815545679	0.2219947720034572	0.9238373649088848	0.9238373649088795	2.577730107769323	2.577730107768778	-1.825470184525674	1.139816623258209	4.46256550292255	-2.800807310913477	0.2370864197661852	0.7396431360257435	-0.2376565893989938	1.085416039483469	-6.096761957152067	-6.548029789257623	-4.445622910479484	-0.2999787759675893	0.1521303543132204	1.309410727513971	-8.757210138812345	1.412553086987711	0.01013939692573193	0.01007838636588958	0.07816451997000999	0.1264865847361798	0.01054621821158909	0.01024075610491603	0.1360089566649148	0.01111189892908154	0.1438971633197593	0.1195044441781139	0.07116937044670922	0.02155474227229282	0.01007899668512479	0.01004785374150406	0.1887695545913295	0.2123608614635207	0.140288543990641	0.2374789647660519	0.198105352008196	0.1835613028856964	0.1056373718729298	0.1034897161577126	0.1141941491628751	0.01050954796061047	0.01016513550877538	0.01446107066448642	0.01126743233119318	0.09834401646309947	0.01011991986554186	0.01013686351372671	0.01044238552057128	0.1797167579111417	0.09649728970815781	0.01003009749860369	0.01074033504484532	0.2914052611335785	0.0113007025057922	0.1765189993725368	0.3016710875858349	0.2072139178686845	0.2750087651612106	0.356956429160272	0.1911310346263617	0.1253645765393452	0.2467141121703706	0.2383303181526376	0.1123607510214474	0.06385061865675637	0.01209132436368101	0.01034128650988	0.01228630580119976	0.04078154339002748	0.01006784062603637	0.01004066681109156	0.01024544617040616	0.01021164305488073	0.1832575426835792	0.01008614262095316	0.01015964735042885	0.01023682729538442	0.01082411211621022	0.01167329687393124	0.01210983435023702	0.1907355545898099	0.1546906914266689	0.07666738783035809	0.09182893599616536	0.02113189809302985	0.2071082305029918	0.05518504479820188	0.02499170385206618	0.05584444955789764	0.1142620975920524	0.0100198380777605	0.01192451897853872	0.209021047233525	0.01006761886709519	0.01023187892558117	0.01007527969757803	0.01016807037703256	0.08192786864902946	-0.1228959168506916	0.1140896325317355	-0.04347575178780015	0.01897641619267348	0.03501794960838152	0.09152928722832845	0.006548633143680461	-0.0442953237040362	-0.03483187401226676	-0.02381447220489901	0.1039164584598874	-0.005522376108279467	0.01010104249639884	0.01005444154329404	0.08579960825614305	0.1265804152370105	0.01046898908765111	0.01017866145827635	0.131290724476886	0.01081887093550204	0.1180156297720062	0.103352514814569	0.07904341375560449	0.03272845350112264	0.01005929782095081	0.0100349657154975	0.1823132154450127	0.204051072751681	0.1346246492275035	0.2603617062461924	0.2077743347710369	0.1855364206076114	0.1191476916815224	0.1134918318786609	0.1201849369150713	0.01039182230929926	0.01011972367144572	0.01098885176174546	0.01035649984681026	0.09454906222102863	0.01008697094388803	0.01008234123264128	0.01029856708639174	0.1780398617126284	0.1006083812382242	0.0100241859283451	0.01032373044988719	0.2624495952572504	0.01209791578548586	0.1741399078960237	0.2994596671226536	0.204736671027586	0.278019577546	0.358196372683203	0.2032878866937048	0.1373016337775447	0.2543216680243376	0.2434883372696736	0.1486901973744819	0.07361794091093332	0.01039561069985013	0.01026132272492835	0.01380600265929733	0.0733820773866439	0.01005942267782517	0.01002980622568361	0.0101624197461484	0.01015611936054575	0.2062413553472678	0.01004549073414816	0.01008519364297178	0.0101205409676441	0.01015322053532381	0.01024960779247892	0.01041094052003264	0.1951567128740826	0.1455052578768963	0.0540265478472607	0.05446806147003654	0.01080251881083398	0.209907244463092	0.01008639452439373	0.0274431461981691	0.1057411263970916	0.1365712541266177	0.01001009892684428	0.01015022751346456	0.2020430740288404	0.01005956569577719	0.01010499703287401	0.01003393124089646	0.01007622115017842	-11.05459672746049	-0.8413631024868071	-3.598324837370102e-12	2.250348722072624e-11
0.02238378260932647	-0.200596468137317	-0.07188486974705416	0.5155633767123479	1.760566646953274	0.921244573190647	-0.04454781851636024	0.4703231913158416	0.1109565235926004	0.3638013355166301	-0.1116432250177729	-0.06264865105006301	0.374960954703692	0.1645584692970304	-0.01220483886824335	-0.5482920193446175	0.3027719199212059	0.3027719199212559	0.3963437179918952	0.3963437179919178	0.1143448192005282	-0.06610364559749554	2.569189735717134	0.1351908990309196	0.01032900969250161	2.990090105025492	0.4395300290451881	-0.3130998627056356	0.3657026230142192	0.4076383400974724	-0.2170918467629789	0.6082282167119334	1.659019081490828	1.866431748162202	0.05349807419184471	-0.7623304270321675	0.4461673863215496	0.3703774751435146	-0.7730776909107238	2.257258296619274	0.07771999230810549	-0.04735385396374168	-2.417350200442825	0.9127844169036625	-3.978084887092319	0.8826738171281684	0.4887204589080585	-3.654391330933088	-0.5805852983281944	0.2958877545607876	0.5015892783107877	0.3530016726949222	0.3530016727082553	3.137272584091019	3.137272584136621	-1.675489853727677	1.16302032136027	5.125141461083906	-2.614461257070817	0.1286171042075619	0.5345991962395898	-0.5740017619504522	1.418617480513143	-6.191844153438767	-6.651998320504195	-3.80026929753384	-0.4324505252490941	0.1676153582691907	1.366069030559685	-9.119873471221052	4.316541421733611	0.01011558050102463	0.01006410922352939	0.07215487517239517	0.1234635407336358	0.01047533747475904	0.01020129156130972	0.1314949254370511	0.01097425413884215	0.130734381824784	0.1110081186034869	0.07226711901136409	0.02629651057709387	0.0100733645031646	0.01004339559930377	0.1850865865364062	0.2073841502301643	0.1342148239010989	0.249281307389409	0.2029655709956797	0.1840290542558352	0.1150485476714881	0.1111439540294676	0.1184652217853658	0.01043496084938128	0.01014302937187596	0.01250409777544966	0.01075073553381111	0.09617427600570314	0.01010297791003369	0.0101097813362781	0.0103784140661702	0.1766213517735472	0.09624847992561025	0.01002988340214738	0.01370323087040842	0.2764135678290581	0.02589965593493404	0.1730699020867435	0.2970663218813158	0.2034797476398987	0.2759382525437115	0.3569031561050838	0.1969238475522298	0.1312557525219932	0.2496669597835305	0.24047754091458	0.1306254211329798	0.07184378710774336	0.0112209612105231	0.01030157425550957	0.0131143634569415	0.0531130615668703	0.01006793947927746	0.01003796138895937	0.01018969839073758	0.01016989923924618	0.1913358746866385	0.01006214298860444	0.01011462030532921	0.01016522574044133	0.01045483470699211	0.0108866979064067	0.01115385788850735	0.1933343899157856	0.1533519889255511	0.06813842927376908	0.07877758961507583	0.01551275936320521	0.2108616740555696	0.03211211468051116	0.03090106760554635	0.08730333588092332	0.1271160800165405	0.01001491615326622	0.01095599711090011	0.2053132316749927	0.01006282905202435	0.01015565914503154	0.01005046949559624	0.01011287034874345	0.07521996400698414	-0.1239540654128148	0.1228426329454533	-0.0234386649097151	0.02150198046659466	0.02808673240319347	0.09501786886092137	0.00520671014503737	-0.0270116108859135	-0.03521609284965627	-0.02552592509583234	0.1070370454798827	-0.007442298659289612	0.01009097182033705	0.01005015271315722	0.04896078696426559	0.1141334457213629	0.01037128956109028	0.01015928029325941	0.1215153373180924	0.01089051216982305	0.1117205766096979	0.09925198754304645	0.06860496678166871	0.02859525044610129	0.01007636908159684	0.01004352972548031	0.1781980107401726	0.1971765416510246	0.1200867983029474	0.2724372684818047	0.211359947022958	0.1838961558996536	0.1315269315541453	0.1252668187656819	0.1262032437057267	0.01035575347679333	0.01012832857273551	0.01070711552066147	0.01027943570047298	0.09310574506536835	0.01009017648348678	0.01009085341263898	0.01034606959111342	0.1677222800928253	0.09202210429949709	0.01003428301331966	0.02111538454096515	0.2442214164047922	0.06076794239310086	0.1636544418658494	0.2810361440120896	0.1926375654847955	0.2768315338146242	0.355587955591275	0.2061993140436713	0.1391413440965403	0.2538837520153273	0.2437912681505222	0.1548854683578509	0.08540876162011474	0.01055724448402248	0.01027378459939001	0.01382743019451886	0.05749609292949505	0.01007516111329645	0.01004056580844606	0.01012646214942402	0.01011703816635443	0.1987352234294879	0.01003901468542855	0.01006970376055806	0.01009202122130401	0.01013531609848284	0.01019842934263591	0.0102893013148065	0.1983714115496489	0.1569289203028552	0.06365855057734375	0.07318315488954602	0.01047762133498055	0.2215506891677745	0.01005858004800977	0.04354613991829526	0.1313857620429869	0.1469996091638341	0.01001133845096499	0.01012519252547783	0.1984381214470587	0.0100581635686292	0.01008030513566808	0.01002600025741417	0.01005828098276613	-10.37881889845046	-0.7697285343012467	1.898184636219703e-11	1.504649862593066e-11
0.02984504347910196	-0.1960767397120241	-0.06746839920117004	0.508881068499095	1.77731729185642	0.9221670409872786	-0.04489437733666489	0.4488905149683544	0.1162205016404693	0.3365531025471473	-0.105976820473146	-0.05656073915646612	0.3502350722820933	0.157845731598365	-0.01058018089080045	-0.5434315954784179	0.3021780103561518	0.3021780103563014	0.4219654810589638	0.4219654810589893	0.1024438920509317	-0.05748034531596585	2.609811554521898	0.1164781083311738	0.01088422458700145	2.993185606856045	0.4375427454711076	-0.3016139109093214	0.3196828514344343	0.3581478773167872	-0.2433731776178322	0.6039415512827582	1.660343480168497	1.8765582884515	-0.005981946564105641	-0.719594248294611	0.7341718598979469	0.8324825342322033	-1.019101387820538	2.231610086138879	0.1657778945948732	-0.04637368161689674	-3.295398066531754	0.437621376826776	-3.075776470312515	0.6588784512789279	1.183713689631938	-2.962934436215089	-1.198466638336057	0.1015682104438885	0.8052671063197976	-0.5710730148894043	-0.5710730148893931	3.737443382625095	3.737443382625513	-1.512379771162138	1.140914096536581	5.7587599556073	-2.396206867348328	0.02022114541131735	0.2882735236723058	0.2316389804478814	1.641883164260775	-6.115188261806291	-6.585582730721589	-3.262384728358896	-0.7469299361487235	0.1882494985262572	1.333489342852508	-6.292074274570592	7.122625614041928	0.01009942097011062	0.01005539680198926	0.0502696917804954	0.1160045711226282	0.01038951506673488	0.01017301127121158	0.1245114426149254	0.01095298880793597	0.1205469280971866	0.1045101577780918	0.06754867660409135	0.02619765208026442	0.01008038128479016	0.0100461930301942	0.1812008716475484	0.2015765329151958	0.124167009884001	0.2610651530740848	0.2072613420781522	0.1835829440402708	0.1257286448036849	0.1206573729362039	0.1235288949078326	0.01038181094116184	0.01013803078186261	0.01147057169282918	0.01047826924018647	0.0943502423041796	0.01009725998399473	0.01010252791705486	0.01037650796790635	0.170345221463463	0.09194642280733326	0.01003541455487015	0.02094865985210873	0.2599343352149244	0.05801591890356471	0.1665053712697334	0.287044562357927	0.196165106988832	0.2760289320999015	0.3558991943098428	0.2014533890948244	0.1352376110807687	0.2512389659476145	0.2418671604822303	0.1429375274909752	0.08162935394435682	0.01092320925528855	0.01029091592665117	0.01349447962693446	0.05057900547471317	0.01007675185229894	0.01004275836653856	0.01014496914672961	0.01012963549450455	0.1926515804267033	0.01004790585443919	0.01008604536164311	0.01011761495395871	0.0102809799414162	0.01050829045510394	0.01066042761712123	0.1961894966557954	0.1577245112915651	0.06867118135884326	0.08123806732088541	0.01276747672943631	0.2179074381418471	0.02065023244716521	0.04215901595352881	0.1145556674935517	0.1386398729352618	0.0100134273818008	0.01051087014453768	0.2016345589304936	0.01005992667223624	0.01010813456899313	0.01003506291532252	0.01007842326161981	0.06851205936493823	-0.1250122139749365	0.131595633359174	-0.003401578031630099	0.02402754474051563	0.02115551519800506	0.09850645049351553	0.003864787146393979	-0.009727898067789611	-0.03560031168704488	-0.02723737798676256	0.1101576324998783	-0.009362221210310551	0.01008090114427513	0.01004586388302006	0.01212196567238831	0.101686476205717	0.01027359003452939	0.01013989912824233	0.1117399501592985	0.01096215340414341	0.1054255234473956	0.09515146027152648	0.05816651980771319	0.0244620473910452	0.01009344034226073	0.01005209373549555	0.1740828060353341	0.1903020105503702	0.1055489473783933	0.284512830717419	0.2149455592748775	0.1822558911916965	0.1439061714267687	0.1370418056527033	0.1322215504963823	0.01031968464428701	0.01013693347402492	0.01042537927958363	0.01020237155414898	0.09166242790970752	0.01009338202308534	0.0100993655926421	0.01039357209583476	0.15740469847302	0.08343582736076907	0.01004438009835424	0.0319070386320428	0.2259932375523176	0.1094379690007252	0.1531689758356772	0.2626126209015318	0.1805384599420092	0.2756434900832491	0.352979538499352	0.2091107413936378	0.1409810544155361	0.2534458360063191	0.2440941990313686	0.1610807393412189	0.09719958232929654	0.01071887826819462	0.01028624647384974	0.0138488577297399	0.04161010847234622	0.01009089954876163	0.01005132539119736	0.01009050455269979	0.01007795697216358	0.1912290915117071	0.01003253863670819	0.01005421387814407	0.01006350147496428	0.01011741166164202	0.01014725089279318	0.01016766210958102	0.2015861102252144	0.1683525827288135	0.07329055330742786	0.09189824830905698	0.0101527238591289	0.2331941338724556	0.01003076557161574	0.0596491336384231	0.1570303976888853	0.1574279642010502	0.01001257797505581	0.01010015753749038	0.1948331688652785	0.01005676144147247	0.0100556132384557	0.01001806927390914	0.01004034081534568	-9.193608584081048	-0.7072936699598561	4.1125859955696e-11	7.105255009162695e-12
0.03730630434887745	-0.1894373345517305	-0.0598498855437759	0.5005167700398626	1.793906300820195	0.9236960345345395	-0.04521610986869262	0.4213968193978433	0.1186328300166627	0.3102951321422217	-0.1019134623629739	-0.04563485810541348	0.3305491019805029	0.1467683453784993	-0.01037254149399482	-0.5365197163769949	0.2971692769645828	0.2971692769648058	0.4517074320614414	0.4517074320614514	0.09177930014030709	-0.0492023028685886	2.654796625626525	0.09947678835630366	0.01065637487453326	2.994277831414742	0.4371162871220323	-0.2886242328467845	0.274767665759713	0.3096960829659783	-0.2612489501944531	0.5970382409877634	1.661831154664604	1.886246405260646	-0.05842898911591414	-0.6576537400775053	1.005308374193364	1.202337811870532	-1.21338825061817	2.213370738183265	0.2392729957511623	-0.04098316237184504	-4.021306082049755	0.1683105870973423	-3.756589734835418	0.4801685101960395	1.7606280774054	-2.311092825323275	-1.725032185151979	-0.06549156126442382	1.037224407611271	-0.8326059523971455	-0.8326059523140795	4.242259943785912	4.242259943796348	-1.347607836749249	1.067758728918182	6.256126806164954	-2.161074031780447	-0.07594503178699941	-0.0012853902210164	-0.1865472341996771	1.860765111682798	-5.903049463652463	-6.380901708376137	-1.610561500176915	-1.143636029110657	0.2097948359879871	1.264542684600489	-7.402074063716661	9.346195232716525	0.01008654718655128	0.01004904283596204	0.03037455855614799	0.09782810467083471	0.01030656327749046	0.01014955411760544	0.1061484614849265	0.01099838834858418	0.1113558152539293	0.09899629930727009	0.06179211854720432	0.02486233599972956	0.01009631273801916	0.01005481488587831	0.1775396104686722	0.1952325776393891	0.1036803652501403	0.272092235866949	0.2106711993943112	0.182713322663844	0.1368149736627525	0.1309435300826595	0.12838331085684	0.0103341295702386	0.01014454846907871	0.01087244533806967	0.0103154746939748	0.09309077957566714	0.01009717759164118	0.01014374332985108	0.01040852183285933	0.1522455262366742	0.0783800355882721	0.01004548221624323	0.04353560979699183	0.243328922842224	0.08558636945442158	0.1577494422622194	0.2728411825845131	0.1862348285504089	0.2748112174649297	0.3530671522117405	0.2043297748079349	0.1361382914497532	0.2514721343044782	0.2421678356847174	0.1491051650060719	0.09150962422075733	0.01825337285260491	0.01030273757676129	0.01335488435889195	0.04167982971411902	0.01008711758553475	0.01004975390434148	0.01010922103177024	0.01009555333535921	0.1861011404273975	0.01003843387326033	0.01006626041812695	0.01008451101176161	0.01019002835274632	0.01030717523672787	0.01038402210304158	0.1987509628747764	0.1668465769444144	0.07173850189191644	0.08788628026755191	0.01133918284812974	0.227280270149971	0.01496510183206028	0.05567089813577622	0.1339546939504432	0.1476562232131678	0.01001273076716281	0.01028704766460717	0.1993555429831494	0.01005666523374959	0.01007675614718996	0.01002491889415776	0.01005567423156224	0.06986045560697327	-0.1292025786789308	0.1353929924251245	0.01429659018394324	0.02630243138574214	0.0009852072642519982	0.1005063518812698	-0.0008232735462077027	0.01034715906829257	-0.03641218702594261	-0.02816335021906591	0.1116088837837372	-0.00956672173159407	0.01007141147784042	0.01004189966752245	0.01116494602795895	0.05629022660366269	0.01020608116374842	0.01012144079780096	0.06186341163593126	0.01109862506023701	0.09661031815433554	0.09081759187336298	0.0541057336717611	0.02301492661801045	0.01012322699205552	0.01007034681716395	0.1714288883947344	0.1831491466550298	0.05818352519924268	0.2929992949428554	0.2159114475951164	0.1809324833458286	0.1555065012524963	0.1484078689064556	0.1358085828597954	0.01027262661327622	0.0101609070533111	0.01031855443526089	0.01015838969408308	0.09174577244652321	0.01010020131153309	0.01024404982069167	0.01047028478870133	0.104415097666041	0.04720628358226906	0.01006189542529304	0.09136476284125572	0.2115161497676118	0.1175371258858465	0.140696475977284	0.2399507217324107	0.1659063612259735	0.2705206070360882	0.3439933903051703	0.2076476669100892	0.1340094423265376	0.2504043672568298	0.2413214884468945	0.1530237636463515	0.1063332600358087	0.03603638117396538	0.0103346443909722	0.01272651515060393	0.0261216894116263	0.01009993813932956	0.01005921880012799	0.01006970654246636	0.0100576775470272	0.1650450141942594	0.01002874570415488	0.01004579802816102	0.0100509768346088	0.01011018118040923	0.01012985697553382	0.01013727183810499	0.2028792292949132	0.1874220174199307	0.07624568898218073	0.09763439236121091	0.01010684975395134	0.2473376256015473	0.01002646695919407	0.07629363995879862	0.1565793709088596	0.1599482042600267	0.01001178532685167	0.01009710970016677	0.1973760464305931	0.01005156430097984	0.01004599121266457	0.01001498913382555	0.01003337767142562	-8.593218643463205	-0.6960817680878946	2.371065194758358e-13	4.19785910372074e-12
0.04476756521865293	-0.1816751926541291	-0.04963589084698133	0.4909170746437397	1.810320651940504	0.9256660039980894	-0.04552260374623051	0.3896735930862463	0.1181248394424455	0.2835710589117348	-0.09806747485412956	-0.03005424857759719	0.3157898341307813	0.132787471422811	-0.01184968312785206	-0.528106488466866	0.2888419336102729	0.2888419336103945	0.4853801896501103	0.485380189650116	0.08231432522647887	-0.04169989404429972	2.702520867253327	0.08422859074755479	0.009830791150700865	2.993080114035779	0.4371377063199016	-0.273536970328625	0.231912796444431	0.263243264345683	-0.2686203723427105	0.5862768472098151	1.663463275417673	1.895445176325576	-0.111002613781541	-0.5821311424727998	1.035122800429731	1.528204364952677	-1.350251029903418	2.184792839968224	0.2839820222609831	-0.04228894193692178	-4.429128897575217	-0.3451736495508039	-3.200715898073697	0.6006119986067334	2.431419285997717	-1.64232588515316	-1.976750037050731	-0.350039381583299	1.207705469260725	-1.460630430647657	-1.460630430647713	4.791100840649602	4.791100840651104	-1.190820984378479	0.933004565513658	6.492997927089323	-1.926280296640211	-0.1400021790017755	-0.3255481822081907	0.3516930998661682	2.204143215162771	-5.562917969414792	-6.049754868172966	-0.4466808936825824	-1.781093881040801	0.2269684923265532	1.202319624239797	-6.326004762680916	10.76332110344946	0.01007555852216245	0.01004402030138889	0.02010324773799965	0.06557281751607676	0.01023219987368093	0.01012888070200281	0.07172613656109456	0.01109443278292596	0.1022273496705227	0.09401096032919316	0.05685248876706533	0.02346311986532445	0.01011996254071304	0.01006880269144217	0.1743037616859046	0.1884969612945728	0.06924468261990734	0.2820099037050194	0.2130416136224791	0.1816457967781996	0.1479796261168571	0.1415883832239002	0.1326217239273582	0.01028679116461437	0.01016079009000219	0.01054710187817144	0.01021880603190535	0.09248272019480959	0.01010094025293732	0.010242588789293	0.01046542057182407	0.1175714246559607	0.05295688011146869	0.01005969926543818	0.08398737931037187	0.2273358675662288	0.1026149661072564	0.1472261324976701	0.255070438040974	0.1741436110535027	0.2720428857744458	0.3479300874568266	0.2053595559386655	0.1334183933538393	0.2503797710842879	0.2412136079429957	0.148804685916082	0.100888603047191	0.03518767906434844	0.01033492791864289	0.01267058152086627	0.02912281130330241	0.01009674373663107	0.01005724961350913	0.01008179967660968	0.01006915910172645	0.1709232509101339	0.01003212600973974	0.01005280917904917	0.01006287078823036	0.01014569905633945	0.01020831430244135	0.01024448895865324	0.2007653705465591	0.1802270960061773	0.07473523987806215	0.09402553488056736	0.01067624256603802	0.2385292308602729	0.01236906991653744	0.07048460595635406	0.1438105079302996	0.1536483643379278	0.01001198064102488	0.01018610471793812	0.1991258887582908	0.01005232526988282	0.01005749760453522	0.01001871067243881	0.01004171972093166	0.07120885184900805	-0.1333929433829248	0.1391903514910749	0.0319947583995155	0.02857731803096912	-0.01918510066950145	0.1025062532690231	-0.005511334238806672	0.03042221620437451	-0.03722406236484114	-0.02908932245137193	0.1130601350675957	-0.009771222252868991	0.0100619218114057	0.01003793545202502	0.01020792638352849	0.01089397700160693	0.0101385722929671	0.01010298246735944	0.01198687311256476	0.0112350967163318	0.08779511286127084	0.08648372347519652	0.05004494753582778	0.0215678058450115	0.01015301364183612	0.01008859989880296	0.1687749707541333	0.1759962827596864	0.01081810302008995	0.301485759168288	0.2168773359153574	0.1796090754999597	0.1671068310782235	0.1597739321602072	0.1393956152232084	0.01022556858226606	0.01018488063259885	0.01021172959093184	0.01011440783400199	0.09182911698333812	0.0101070205999816	0.0103887340487323	0.0105469974815683	0.05142549685906642	0.01097673980377051	0.01007941075218309	0.1508224870504699	0.1970390619829256	0.1256362827709723	0.1282239761188875	0.2172888225632842	0.1512742625099321	0.2653977239889301	0.3350072421109874	0.2061845924265382	0.1270378302375387	0.2473628985073449	0.2385487778624242	0.1449667879514838	0.1154669377423205	0.06135388407973596	0.01038304230809738	0.01160417257146759	0.01063327035090746	0.01010897672990814	0.01006711220907866	0.0100489085322362	0.01003739812189515	0.1388609368768139	0.0100249527716029	0.01003738217818024	0.01003845219425662	0.01010295069917657	0.01011246305827531	0.01010688156663028	0.2041723483646108	0.2064914521110467	0.07920082465693251	0.1033705364133629	0.01006097564877466	0.2614811173306361	0.0100221683467764	0.09293814627917366	0.1561283441288315	0.1624684443190028	0.01001099267868145	0.01009406186284357	0.1999189239959064	0.01004636716049733	0.01003636918687732	0.01001190899375426	0.0100264145275111	-7.568671110273833	-0.6696773239362587	-4.625455954160819e-11	1.737916328174429e-12
0.05222882608842843	-0.1742238191734435	-0.03752718141282137	0.4806293916027946	1.826528149695269	0.9278749331929639	-0.04583428108503883	0.3560983204088549	0.11432639348485	0.2557029655389977	-0.09247470950211267	-0.009873926728858805	0.3057796255620617	0.1178564960156102	-0.01538389362693887	-0.5188491606514763	0.2780544204823523	0.2780544204823857	0.5230379003874649	0.5230379003874724	0.07393376599506805	-0.03533094985161649	2.751116553479154	0.07064578704680004	0.008625880256217791	2.989334617372416	0.4367499675636459	-0.2555482149432076	0.1919084582895131	0.2196081602046778	-0.2658590908172235	0.5707497193943207	1.665270513001568	1.904297913340965	-0.1670742638152364	-0.4995834478096535	0.9237894548458119	1.699832118201717	-1.387065097613399	2.158144588388119	0.3034427919968584	-0.04316137028711872	-4.521896868424528	-0.6997206946262168	-4.13298238429144	0.9523103653014779	2.97658433225074	-1.042285736197685	-1.975088651637972	-0.601957769728109	1.253339209282375	-1.496602571019225	-1.496602571139037	5.310530823239386	5.310530823241225	-1.059564935104306	0.7707946063530841	6.506894289725029	-1.72021091866187	-0.1761416971425096	-0.6811437550677882	-0.2821758176692873	2.613287058311008	-5.15225351718829	-5.637629695554781	1.139037412584126	-2.387746379098001	0.2601174989903282	1.182372845558665	-8.27759742408886	11.25459747203324	0.01006694887242618	0.01004022213983143	0.01478898049919897	0.03787452030290384	0.01017459291092733	0.01011286459845424	0.04156351687333719	0.01125446187037516	0.09283896063140495	0.09082621918783014	0.05472081206322939	0.02697948760195095	0.0102053847035764	0.01009318589916008	0.1718826380859385	0.1825856958903478	0.03980017600844161	0.289723507676577	0.2140909418167063	0.1806516855924871	0.1576791897136113	0.1507689664631896	0.1341952049792155	0.01024808750696095	0.01019322390053515	0.01034882667937739	0.01015352093979171	0.09138645359931914	0.01010924992750317	0.03304215559168034	0.01272887431701587	0.08109836106975124	0.03132465509324044	0.01013138575142222	0.11958819491226	0.2148281421453009	0.1170374754954873	0.1344939026853625	0.2323919678544605	0.1593153549886253	0.2672600389525543	0.3398485942588388	0.2045684647458206	0.1267066436057158	0.2479957933596472	0.2386378973115483	0.1449782836915274	0.1089553062712745	0.0537551937069539	0.01040315152598907	0.01210544093402952	0.01930421710793968	0.01010827487572208	0.01006710429285262	0.01006168821177692	0.01004993396825224	0.1416295017305737	0.01002785461583309	0.01004349355692422	0.01004830443196012	0.01012269477194596	0.01015519066750496	0.01016775740066379	0.2016623921683321	0.1936795358040804	0.07727798237886006	0.09932983215622126	0.01033992225754962	0.2492832772055711	0.01109882161796581	0.08500957834719665	0.1475208991904723	0.1569736562412855	0.01001133998364702	0.01013877448845095	0.1996497459858471	0.01004862850237089	0.0100449938903954	0.01001469863302218	0.01003266626427052	0.07753090629404745	-0.1365630599830307	0.1389247128866257	0.03280226410346045	0.03103060102434361	-0.02503604174777219	0.10297698561828	-0.00719133140478062	0.0303685906229216	-0.03682338248206227	-0.02878834432611853	0.112727223194292	-0.008664646443285287	0.01005786614281321	0.01003627321053831	0.01015922341038068	0.01052853020483575	0.0101157535202485	0.01009640404591136	0.01109024706285182	0.01151801482912649	0.07785170102246336	0.08806076323838091	0.05477666941755766	0.03723342040422446	0.01038042593236496	0.01013453487150009	0.1686246729596184	0.1734087605894856	0.01049314968484954	0.3022571216876679	0.2144463729738357	0.1790747892752397	0.1723157089163284	0.1642450603885208	0.1332611748699205	0.01020714541094264	0.01025010644430185	0.01015689673932703	0.01008542756993603	0.08879482264448861	0.01012389582976314	0.08901701297359338	0.01804963197231994	0.03078453302198546	0.01060292156958719	0.01028491130257635	0.1662311554434983	0.1966388072433798	0.1402436765566947	0.1107389756653187	0.1822354147875701	0.1303249524459059	0.2550164473595984	0.3183019618828076	0.2011007569660631	0.111456568330503	0.2418455513293757	0.2315792984123214	0.1361152526376552	0.1202690275068284	0.079781479413189	0.01052500943444724	0.01164348538666458	0.01050628888635183	0.01012544796119659	0.01008226954638236	0.0100413321571614	0.01003074152063687	0.07454586402798048	0.01002368809659944	0.01003422522398244	0.01003405718971568	0.01010365709677947	0.01010883113538161	0.01010008660849512	0.2018064515645235	0.2164397065661239	0.08055758082995075	0.1067445781933149	0.01005271458693105	0.2685657159316102	0.01002317148121532	0.1064474022925619	0.1486716033810298	0.1600858954115258	0.01001064213558761	0.01010299140637397	0.2007687437492048	0.01004481444009468	0.01003290353018878	0.01001083853301212	0.01002391861738491	-7.144968002423099	-0.6817100824534155	2.392358781134464e-11	2.549450950745054e-13
0.05969008695820392	-0.1684635076285476	-0.02453450221966846	0.4705216382973997	1.842503198644795	0.9301242784413583	-0.04619510501870797	0.3229247028990189	0.1072845674265969	0.2239316408979145	-0.08305414641146239	0.01434366004037045	0.3002159615823138	0.1040666709338338	-0.02090176724197904	-0.5097078254025724	0.2655295280335898	0.2655295280335532	0.5647376765174649	0.5647376765174592	0.0664437485966021	-0.03024849139061709	2.799228568036568	0.05847507631051445	0.007304292555694629	2.982875335896261	0.4355152597051763	-0.2346069509486883	0.1551481544779237	0.1792507789956577	-0.252336482698668	0.5505445518079448	1.66738448540632	1.913263837977794	-0.228161212268586	-0.4158120770939164	0.5818316037606389	1.765153527898206	-1.302020646685205	2.122484656601719	0.2948155943927221	-0.05546274614081432	-4.321464744753874	-1.214565607924223	-4.246981760544559	1.626657811400089	3.513613030469868	-0.4504242300990669	-1.670863312629085	-0.8817626785606922	1.176613521553942	-1.926337059159614	-1.92633705915946	5.874581357437852	5.874581357435934	-0.9521101689362144	0.5881605090310237	6.363349151316052	-1.547767069521811	-0.1712775378741335	-1.052981483429709	0.1246620076657603	2.99556671692794	-4.693350640577137	-5.171157272019065	2.437905716220438	-3.035048098620718	0.30918913224524	1.232659703085394	-7.670361571379458	11.09132894896915	0.01006087636395475	0.01003761404566782	0.0123414236386475	0.02363790037453783	0.01013635923683196	0.01010210587064286	0.02561281603627051	0.0114827446103687	0.08304884332716761	0.08995334349521568	0.05611833510015369	0.03697242144847954	0.0103698683602884	0.0101295745265711	0.1704534069922893	0.1780823002091555	0.02458841397115889	0.294678260366509	0.2136786793447435	0.1798565638865948	0.1652713564481873	0.1577363561098632	0.1322148234690897	0.01022067702471648	0.01024392057588372	0.01023036898305625	0.01010845322280586	0.08934144911958357	0.01012233134494221	0.0835234313911053	0.01787121837672549	0.05068006530897454	0.02044770641461503	0.01027759614790636	0.1442261700181269	0.2072614558502336	0.1312690089904801	0.1193352846921098	0.2040054341881542	0.1414495429449519	0.2602157967034244	0.3284587420910932	0.2019547422802372	0.1157763294285839	0.2443322251410289	0.2342521927448221	0.1388421795569474	0.1153883740040175	0.07170502621080542	0.01051242230286651	0.01187533682108928	0.01465549389996587	0.01012255789599824	0.01007991313344842	0.01004856013247569	0.01003771106124579	0.09451684281520537	0.01002525851296399	0.01003760926110389	0.01003940492972317	0.01011289878001365	0.01012963268309121	0.0101299750092175	0.201171331908773	0.2054458710392053	0.0792214751757213	0.1036673188186226	0.0101861182137422	0.2584501941388375	0.01053308420258122	0.09873315435374161	0.1461589308513463	0.1577353150866828	0.01001086097979214	0.0101227819282516	0.2003120911189158	0.01004612631342144	0.01003752570903571	0.01001232563207238	0.01002726646063385	0.08385296073908743	-0.1397331765831365	0.1386590742821731	0.03360976980740619	0.03348388401771764	-0.0308869828260415	0.1034477179675373	-0.008871328570760211	0.0303149650414689	-0.03642270259928298	-0.02848736620086371	0.1123943113209886	-0.007558070633705537	0.01005381047422128	0.01003461096905265	0.01011052043723265	0.0101630834080645	0.01009293474753008	0.01008982562446384	0.01019362101313762	0.0118009329419203	0.06790828918365817	0.08963780300156581	0.05950839129927474	0.05289903496341312	0.01060783822290361	0.01018046984422226	0.1684743751651031	0.1708212384192855	0.01016819634960926	0.3030284842070458	0.2120154100323166	0.1785405030505192	0.1775245867544347	0.168716188616835	0.1271267345166334	0.010188722239619	0.01031533225600331	0.01010206388773474	0.01005644730589548	0.08576052830563918	0.01014077105954449	0.1676452918984608	0.02555226646307215	0.01014356918490161	0.01022910333540257	0.01049041185300164	0.1816398238365265	0.1962385525038144	0.1548510703424098	0.09325397521175303	0.1471820070118635	0.1093756423818833	0.2446351707302669	0.3015966816546286	0.1960169215055879	0.09587530642346648	0.2363282041514037	0.2246098189622192	0.1272637173238265	0.1250711172713371	0.09820907474664162	0.01066697656079367	0.01168279820186235	0.01037930742179822	0.01014191919247086	0.01009742688366065	0.01003375578208316	0.01002408491937362	0.01023079117914541	0.01002242342159598	0.01003106826978327	0.01002966218517179	0.0101043634943826	0.01010519921248754	0.01009329165035912	0.1994405547644357	0.2263879610212015	0.08191433700296928	0.1101186199732677	0.01004445352508219	0.2756503145325865	0.01002417461565616	0.1199566583059503	0.1412148626332292	0.1577033465040498	0.01001029159243253	0.01011192094990444	0.2016185635025059	0.0100432617196768	0.01002943787350207	0.01000976807227543	0.01002142270726146	-6.418276596891997	-0.6856765014585191	1.103812440127676e-10	-1.0917045274515e-12
0.06715134782797939	-0.1657276592871631	-0.01170629616677395	0.4614780597681977	1.858217924157312	0.9322245667602347	-0.04665465670013949	0.2923098903918391	0.09714659096952739	0.1870043686860503	-0.06780146617799354	0.04194117473297308	0.298672835425545	0.09343155831601602	-0.02815537253438384	-0.5015936587027783	0.2515762370538346	0.2515762370538945	0.6105885169010885	0.6105885169010884	0.05965109464460484	-0.02653199722603522	2.845766997696985	0.04745379199673261	0.00613388450455581	2.973600626371672	0.4325095114073926	-0.2111621163220103	0.1219001989640898	0.1425200575553587	-0.2283755084151633	0.5262809712625942	1.669957336089414	1.922866463363976	-0.2925729516501064	-0.3347818615828436	0.1372280757598865	1.668323737507799	-1.123146421144604	2.089344519949904	0.2655905502825986	-0.06791392954420096	-3.852645602728725	-1.513951125405181	-5.535157321579747	2.474747456552961	3.880187563053828	0.01100067087587199	-1.162882068191917	-1.060695297747124	1.002242081646063	-1.84682564197703	-1.846825641722567	6.404256122448613	6.404256122447076	-0.866972590517855	0.4107356510183399	6.097227889403185	-1.405750067274111	-0.1390345142212389	-1.432282682695176	-0.8401025428256449	3.268307737079792	-4.21432525574132	-4.667069913968072	4.080843695665707	-3.453614144907825	0.388246235312289	1.352484430876184	-9.343725254938869	10.6051452740813	0.01005666870267664	0.01003584035532992	0.01112945849439771	0.01644492094665355	0.01011017992702263	0.01009519875886266	0.01740411483136224	0.01333386677269742	0.06809741543449037	0.09134329916750994	0.05901330879906141	0.04829680461145085	0.02366372794919548	0.01599342737017359	0.1694953350754823	0.1739557142730672	0.01690148114125991	0.2972534500802775	0.2126402191729832	0.1794884917300314	0.1706522944925542	0.1622263356229198	0.1284259006375115	0.01020189641695165	0.01032319642843829	0.0101553664037392	0.01007719510406274	0.08617773385575557	0.01014060997027998	0.1252812022945316	0.03112767431891115	0.02981929977664388	0.01496638880144906	0.02990228854485993	0.1620929965009279	0.2040679405848413	0.1420137600369073	0.09670142226165469	0.164165155578136	0.1147006950057831	0.2516370849660719	0.3148651711118479	0.1970574490127347	0.09564892192272854	0.239783715524839	0.2285743858947669	0.1196566072492928	0.1203254086303453	0.08612123305503828	0.01068751272670357	0.01183933487596778	0.01234060963279892	0.010139069426613	0.01009412109616047	0.01003963442119125	0.01002957319133367	0.05341480601502717	0.01002371114352178	0.01003379717803952	0.01003368138864783	0.01010995598647389	0.01011683689132141	0.01010998428727737	0.1995032558000302	0.2143399303560406	0.08060731626296402	0.1068855238804236	0.01010935255891386	0.2653864765473305	0.01025952040660606	0.1110159625438873	0.1401638251717261	0.1560486276699569	0.01001048192482199	0.01012266487236206	0.2010977893080759	0.01004453448123031	0.01003285077679443	0.01001086507299522	0.01002389795070874	0.08811384504494865	-0.1412850184194329	0.1359301158789891	0.03355561999857466	0.03479592587797035	-0.0321203537019279	0.1022029379442149	-0.008639046370018524	0.03064271946667942	-0.03592925021444061	-0.0271827752017025	0.1110789266870968	-0.006193129587976263	0.01005256336903728	0.01003413039825493	0.01009631748889805	0.01012764121134554	0.01008418024613783	0.01008902341114331	0.01015364496435079	0.01748568689396266	0.0394574602970527	0.09559091486492424	0.0638780989656547	0.06408655465680778	0.05567446182961371	0.02997865582051865	0.1680413506873996	0.1664781621959366	0.01013299078882236	0.2999214684221846	0.2104339983034702	0.1793930029108607	0.1777621927669476	0.1673314218275739	0.1210840770095595	0.01018390128092635	0.01045188380098829	0.01008407919385044	0.01004628738356262	0.08021311677895165	0.01016862500983859	0.1752555885164038	0.05744472536700977	0.010109278875283	0.01019221101222641	0.07776034413611985	0.1871035326409598	0.2025052117514478	0.1552575715754363	0.05188178265009549	0.07866522671425297	0.0598646431642134	0.2333668322053166	0.2842175631459343	0.1853098201142316	0.05324690344032287	0.2301505248922603	0.216511457751972	0.07037916643930367	0.1269427650192877	0.1038559293527451	0.01097471127990241	0.01191350915782661	0.01035397546657601	0.01016213123775988	0.01011325314745756	0.01003077337355223	0.01002160146233866	0.01014416943018026	0.01002239811719883	0.01003019402754243	0.01002820673499163	0.01011006667656383	0.01010679235885656	0.01009305633068233	0.1952429332018769	0.2272312889284867	0.08220553060917039	0.110867440378234	0.01004499474819934	0.2762611792257169	0.0100331084583051	0.1290608226877739	0.1254752991060644	0.1506238208173209	0.01001005645427099	0.01013140285028699	0.2026793731221401	0.01004314039877378	0.01002848712706913	0.01000952747929715	0.01002076728003156	-5.686322217340226	-0.7253356798622026	4.5310548698643e-11	-2.391961399755319e-13
0.07461260869775489	-0.1666289283704425	0.0002844099613517589	0.4537461672364279	1.873673698062875	0.9340490787994842	-0.04721143650838157	0.265914425851192	0.08452815439037657	0.1430680411865112	-0.04593208532480643	0.07218993466649662	0.2999953163582944	0.08696736142076693	-0.03670196611573651	-0.4946944928507654	0.2374782938015273	0.2374782938015462	0.6601331854733037	0.6601331854733065	0.05353164507118381	-0.02407920672293446	2.890004096878768	0.0375089539541086	0.0052805408539147	2.961514495994577	0.4243256275374679	-0.1861420934813521	0.0923266290773702	0.1097180534466495	-0.1900077212492045	0.4992350384252973	1.673294189985646	1.933612684294346	-0.3638392784562501	-0.2579113199970627	-0.3931021201988359	1.540660660867547	-0.9504216290356402	2.053072365160959	0.2208934291524813	-0.0815248630922783	-3.190463419964428	-1.879455943663162	-6.125767506929041	3.4002724141969	4.224282524444111	0.317705216102868	-0.5528443098054974	-1.22834975356622	0.8509310751558981	-1.965111275566355	-1.965111275566123	6.864716471494444	6.864716471495362	-0.7716569206220146	0.2494232142275441	5.746474733300361	-1.259224344330343	-0.08628804215048912	-1.80658624315515	-1.263343496655614	3.417797823621211	-3.708427129384727	-4.118059839784221	6.299669329536496	-3.780860996350737	0.5139811174827514	1.539201871809409	-9.50774202070934	9.976323322582518	0.01005411052430309	0.01003478716517974	0.01058131753862107	0.01311765399196834	0.01009370704844211	0.01009169275280838	0.01358764078161839	0.01729255527225189	0.04580320797736394	0.09494892782778881	0.06264777903047411	0.05934257881255202	0.05342521090019312	0.02936651597738862	0.1687676165504705	0.169714292595258	0.01333831706846117	0.2976143492110571	0.211372329566504	0.1796517704594093	0.1737421731433374	0.1640860431522022	0.1235693310601634	0.0101908909821187	0.01043435279109596	0.01011211767851282	0.01005769015242169	0.08182281816216574	0.01016422201843264	0.1491531160307242	0.05386420906840698	0.01955407947497141	0.01244697472148855	0.07349027405197316	0.174118787026634	0.2048725761517848	0.1479278820236609	0.06391971891263741	0.108955293064052	0.07575880810650676	0.2418959257446684	0.2996661711364459	0.1896400611255737	0.06364463530984481	0.2345469848443741	0.2218596506759719	0.0816293269385695	0.123798359975747	0.09596309620771169	0.01093634422714791	0.01195143019367064	0.01128802506542997	0.01015764188461328	0.01010923026523618	0.01003402007459354	0.01002458580198803	0.03135616925483321	0.01002301185908452	0.01003162199571632	0.01003033591719997	0.0101118299077507	0.01011205693708177	0.01010099884657381	0.1967526285648657	0.2197876728331767	0.08144832025566442	0.1089134554783451	0.0100756462963558	0.2697589985971718	0.01014318182104954	0.1215992977708856	0.1296358971307525	0.1519370910698948	0.01001018306148356	0.0101334661598482	0.201999761301973	0.01004376197681003	0.01003025087793475	0.01001008428704491	0.01002204114191888	0.09237472935081192	-0.1428368602557299	0.1332011574758067	0.03350147018974362	0.03610796773822299	-0.03335372457781638	0.1009581579208918	-0.008406764169269788	0.03097047389188991	-0.03543579782959936	-0.02587818420254086	0.1097635420532044	-0.004828188542248199	0.01005131626385233	0.01003364982745592	0.0100821145405628	0.01009219901462637	0.01007542574474487	0.01008822119782204	0.01011366891556528	0.02317044084600616	0.01100663141044915	0.1015440267282842	0.06824780663203966	0.07527407435021137	0.1007410854363215	0.04977684179680558	0.1676083262096963	0.1621350859725894	0.01009778522803529	0.2968144526373254	0.2088525865746222	0.1802455027712029	0.1779997987794612	0.1659466550383129	0.1150414195024854	0.01017908032223386	0.01058843534597551	0.01006609449995164	0.01003612746120074	0.07466570525226388	0.01019647896013393	0.1828658851343431	0.08933718427094918	0.01007498856566762	0.0101553186890514	0.1450302764192257	0.1925672414453933	0.2087718709990951	0.1556640728084705	0.01050959008843471	0.01014844641663252	0.0103536439465395	0.2220984936803649	0.2668384446372443	0.1746027187228752	0.01061850045718032	0.2239728456331141	0.2084130965417229	0.01349461555478198	0.1288144127672371	0.1095027839588477	0.01128244599901448	0.01214422011378873	0.01032864351135194	0.01018234328306202	0.01012907941127748	0.01002779096502126	0.01001911800530479	0.01005754768121634	0.01002237281279961	0.01002931978530005	0.01002675128480981	0.01011576985874432	0.01010838550522465	0.01009282101100451	0.1910453116393205	0.2280746168357714	0.08249672421537103	0.1116162607831997	0.01004553597131359	0.2768720439188477	0.0100420423009648	0.1381649870695965	0.109735735578899	0.1435442951305914	0.01000982131618689	0.01015088475066927	0.2037401827417708	0.01004301907788683	0.01002753638064311	0.01000928688633995	0.0100201118528114	-4.116895846786096	-0.7663579924979824	-4.932665422827155e-11	1.042416249452041e-12
0.08207386956753038	-0.1715071274402997	0.01120966200395386	0.4469553333510054	1.888874312856028	0.9354973780367383	-0.04782284077034875	0.2453856824798639	0.06980322070949234	0.09302562946261766	-0.01729362781371967	0.1046962189692994	0.3025532329258149	0.08512810111094575	-0.04631725067810732	-0.4885252618438695	0.2251470188851773	0.225147018885122	0.7125903512707861	0.7125903512707914	0.04818519175814238	-0.02270092754379961	2.931381271519515	0.02868831101510582	0.004830152722548324	2.946714176527788	0.4078851960734205	-0.1604131367610193	0.06659299309072389	0.08110604420998613	-0.1309450726425588	0.470550294586527	1.677773997318177	1.945719032371289	-0.4443144762029281	-0.1857388377516368	-0.9017757418678476	1.398942023892229	-0.8791356376104891	2.022034510683443	0.1673747262132778	-0.08207029787804769	-2.323927536406732	-2.075960113412335	-7.153422892946351	4.250266426614268	4.485508851682121	0.3438026542104516	0.04195397934809339	-1.350235285184137	0.814353282503563	-1.357875931511859	-1.357875931653849	7.168070362419033	7.168070362421268	-0.6566008754922581	0.1264576813094792	5.338342670346044	-1.101822273458837	-0.03556643131136832	-2.15145393397153	-2.821402971774025	3.4657717312509	-3.18639826105907	-3.550378646117249	9.305646410799959	-3.897675741036018	0.6997079413569277	1.680424905426749	-11.59665042892189	9.361614194971009	0.01005304214598282	0.01003444047591007	0.01031064221802373	0.01147917209742754	0.01008325499620471	0.01009097805144621	0.01170904775602462	0.02604069942202475	0.02767977719970791	0.09494435452160202	0.06559824780122421	0.06920905617795521	0.08529571951603533	0.05922235694097187	0.1678744720325893	0.1673017268310652	0.01158284718742835	0.2961510005267595	0.210278399648561	0.1803313547189482	0.1747287280187236	0.1641633958533687	0.1195312360026642	0.01018655875117972	0.01070966612424124	0.01008735941129568	0.01004606973888297	0.07864616985068823	0.01019477795304995	0.1600077302328905	0.07313389951130425	0.01447194934268059	0.01120970109024882	0.1189833331485107	0.1812707749633782	0.1989285498554328	0.1524062487127835	0.03685033249480203	0.0615869133375457	0.04311938730503102	0.2318820120331296	0.2842762304490744	0.1802179168909836	0.03674982708353161	0.2287845720600629	0.2146860595016337	0.04747156915250778	0.1260826503225227	0.1031935408906849	0.01418980228954965	0.01201551091710787	0.01076645253055128	0.01018762565079468	0.01013253755618258	0.01003029013517285	0.01002144610350726	0.02011667522767181	0.01002302456175536	0.01003066888960988	0.0100285425736402	0.0101176004653317	0.01011225801525384	0.0100981783268097	0.1932269898915075	0.2226803986904139	0.08156092128280795	0.1096111822979498	0.01006043616604723	0.2720107290155502	0.01009694217717064	0.1305047148545966	0.1081464939645697	0.1455364480194076	0.01001011897790812	0.01015825781227473	0.2019608787183523	0.01004436862746626	0.01002898678974247	0.01000974950649102	0.01002115671232218	0.09542487574418505	-0.1425049157621535	0.130262608668108	0.0316737659160823	0.03746859931005104	-0.03305911230094653	0.1000368068618783	-0.007090373948625737	0.02708804103101978	-0.03582771542622047	-0.02416664204553063	0.1071289891721617	-0.006348197298351928	0.01005282995906733	0.01003456306819481	0.0100829472845538	0.01008433629495071	0.01007366058130727	0.01009216597868826	0.01010987896040825	0.04255627058549437	0.01060072147277316	0.08930252299390029	0.06885216862905416	0.08244903257420974	0.1323892840641171	0.1196927825642898	0.165934839764048	0.1658889751429596	0.0100858180271531	0.2911595919014756	0.2086326784726701	0.1820957984722198	0.1743244030034793	0.1628105350838871	0.1145417994552585	0.01018609347044633	0.01123507148108001	0.01006688798288808	0.01003643280097368	0.0757992130434296	0.01024043060840958	0.1657148257091084	0.09507089748994808	0.01007124418209527	0.01016602363729721	0.1893580771322113	0.1891647543311738	0.1749179394577	0.1600597405227213	0.0103117463174059	0.01009260550170038	0.01021737536544504	0.2127769377501532	0.2534403465398353	0.1613969803541871	0.01038087537523381	0.2172206430427735	0.2009650159144124	0.01181557915043393	0.1287719831562323	0.1127221782023804	0.02166974259395332	0.01200799932488068	0.01032370363040411	0.01023819274693685	0.01017129948070762	0.01002662282065891	0.01001854555912142	0.01004597797918178	0.01002358509929761	0.01003032153977744	0.01002726884661858	0.01012800595773246	0.01011578211571629	0.01009828227502063	0.1860876985043481	0.2257443088138302	0.08098821455510284	0.1093759322398913	0.010049386691714	0.2742885764431335	0.01007130550501893	0.1435844587121914	0.06014849061585372	0.1323438598108878	0.01001026741128252	0.01020255913130536	0.2003149375480936	0.01004642273260811	0.01002824482512047	0.01000961819760785	0.01002066259102265	-2.930347151717808	-0.8441558511018574	-4.557731845457508e-11	1.843186570644442e-12
0.08953513043730586	-0.17989574327352	0.02132542951606887	0.440488974027502	1.903855963778764	0.9365474748272212	-0.04843176761146433	0.2310619212813161	0.05342454708839973	0.03833157203243592	0.01710410997989078	0.1390719519732404	0.3047654182460374	0.08732668979377342	-0.05686873456244019	-0.4823689702881933	0.2169531115862926	0.2169531115862659	0.7666747747032714	0.7666747747032721	0.04380610947226381	-0.02209616512924291	2.969570361529128	0.02111678940178931	0.004732976517473197	2.92954671518816	0.3870301882991769	-0.1346196500064774	0.04482389391535828	0.05675304785849618	-0.05452394127534924	0.4412277314098184	1.683927668977105	1.958308419746132	-0.5299205106491526	-0.118331564628425	-1.334073579604013	1.323677353644141	-0.8634458298518021	1.994378834832534	0.1141547818428556	-0.08086078746848259	-1.527210444067268	-2.322742934953958	-7.372646764113171	4.94405445988664	4.72539051019099	0.2250315375657346	0.5295059963464572	-1.479299114492112	0.8474626390737939	-0.8560848818825326	-0.8560848818822151	7.300904849310172	7.300904849309923	-0.5123519465078972	0.04208110991042274	4.89190479201701	-0.9243958622332292	0.008390841808303792	-2.441101484988864	-2.446676013177186	3.435095176024204	-2.645728242176921	-2.976426285292022	10.95263162981655	-3.951829240421	0.9626624746947813	1.66868113973957	-10.88306900226084	8.699003253224427	0.01005341240865596	0.01003479580033753	0.01019105965486763	0.01074280741615217	0.01007764254785252	0.0100928592677768	0.01086656534185478	0.04033036784508223	0.01865927801968435	0.08897099883022778	0.06734776758572833	0.0775802658402439	0.1156019648935722	0.107435935120506	0.1666356698393458	0.1676054785107723	0.0107914466939465	0.2930523745710444	0.2095515394004822	0.1815193546510862	0.1736714371105386	0.1628148818517486	0.1171342038868515	0.01018854618174869	0.01119136438066936	0.01007683588393478	0.010041093830287	0.07759902013462383	0.01023279352853248	0.1582334447880711	0.08513490377573474	0.01215828019279735	0.01066398024693144	0.1612601762101399	0.1837865361441318	0.1809023108518196	0.1568231520869821	0.02306621998958751	0.03556711319076863	0.02615811490928171	0.222056525472709	0.2694741479809882	0.1690343166521041	0.02304104655177762	0.2225785502131778	0.2073437482470858	0.02873606192263516	0.1272796287320354	0.1084365287595536	0.02133791012776285	0.01196837875364724	0.01053194287832731	0.0102320149365939	0.01016637944716771	0.01002798757908172	0.010019736858806	0.01483716684642196	0.01002370566812655	0.01003080500839826	0.01002803684097627	0.01012697287445301	0.01011646774384497	0.01009997172962854	0.189071823232694	0.2233935055295771	0.08087084683470507	0.1089110417305693	0.01005584559299566	0.2723381105305271	0.01009276320905812	0.137706018871582	0.07211741055075507	0.1368925978566754	0.01001033917085871	0.01019802288517387	0.2004818026843002	0.01004653369401859	0.01002882177567239	0.01000978587900888	0.01002107195501358	0.09847502213755857	-0.1421729712685746	0.127324059860411	0.02984606164242237	0.03882923088187924	-0.03276450002407465	0.09911545580286468	-0.005773983727987595	0.02320560817015088	-0.036219633022842	-0.02245509988852174	0.1044944362911191	-0.00786820605445215	0.01005434365428434	0.01003547630893666	0.01008378002854543	0.01007647357527458	0.01007189541787111	0.01009611075955588	0.01010608900525138	0.06194210032498329	0.01019481153509226	0.07706101925951414	0.06945653062606763	0.08962399079820738	0.1640374826919131	0.1896087233317795	0.1642613533184009	0.1696428643133297	0.01007385082627078	0.2855047311656312	0.2084127703707148	0.1839460941732378	0.1706490072274947	0.1596744151294607	0.114042179408031	0.01019310661865946	0.01188170761618278	0.01006768146583395	0.01003673814076461	0.0769327208345946	0.01028438225668386	0.1485637662838746	0.1008046107089456	0.01006749979852183	0.01017672858554345	0.2336858778451993	0.1857622672169533	0.1410640079162981	0.1644554082369683	0.01011390254637016	0.01003676458674923	0.01008110678433988	0.2034553818199407	0.2400422484424245	0.1481912419854975	0.01014325029328394	0.210468440452433	0.1935169352871018	0.01013654274607878	0.1287295535452279	0.1159415724459114	0.03205703918888896	0.01187177853597821	0.01031876374946251	0.01029404221079811	0.0102135195501138	0.01002545467629651	0.0100179731129371	0.01003440827713914	0.01002479738579834	0.0100313232942568	0.01002778640842929	0.0101402420567211	0.01012317872620862	0.01010374353903755	0.1811300853693759	0.223414000791891	0.07947970489483488	0.1071356036965834	0.01005323741211629	0.2717051089674186	0.01010056870906734	0.1490039303547844	0.01056124565280714	0.121143424491189	0.01001071350629643	0.01025423351194061	0.19688969235442	0.01004982638731323	0.01002895326959508	0.01000994950886802	0.01002121332923061	-2.126972158847235	-0.8875577677355668	-1.660066506533756e-11	2.520664053827826e-12
0.09699639130708136	-0.190892570211076	0.03076926090373314	0.4337148463932936	1.91867033662349	0.937236162514255	-0.04897172432510057	0.2224241231656736	0.03637146831730204	-0.0164204095942603	0.05592936714259191	0.174488288915435	0.3052020370036352	0.09260563253733925	-0.06793277177449888	-0.4755446574511742	0.2150109814843568	0.2150109814842491	0.8210264052394346	0.8210264052394399	0.04064353402849449	-0.02196988934100973	3.004339726541219	0.01497839450550502	0.00491732030989793	2.910440529912241	0.3762198250782521	-0.1091881250805098	0.02716782296286698	0.03669340293214978	0.0258187846438922	0.4121233624150717	1.692314883444828	1.970113008781173	-0.5983119208737872	-0.05596848091865084	-1.595177652245843	1.209899466529047	-0.9700905287861572	1.977573664897593	0.07201468077345222	-0.06249757719751244	-0.8242614634056457	-2.235598018601853	-7.111419406140477	5.442644189896469	4.74723424609236	-0.1301671694638557	0.8673489506847629	-1.475657959656093	0.9989945366281001	0.2454363482144023	0.2454363481955054	7.246216305396629	7.246216305402342	-0.3302272682778865	-0.003663291095325752	4.427428449077331	-0.7162929095647639	0.03960384345753402	-2.66957029034429	-0.5789434473944128	3.377406845733998	-2.083587287720826	-2.400028325978421	10.49346779132641	-3.848325068782793	1.29709718195242	1.454329919271631	-7.43932617590535	8.011068979722012	0.01005609894285226	0.01003657496283035	0.01013510719202542	0.01038467210790648	0.01007589141210956	0.0100968356637011	0.01046095975702784	0.0556994241919932	0.01411031288654647	0.07933987859403607	0.06826721644522918	0.08347234500352355	0.1456842479906965	0.1562627543962894	0.1590107421457979	0.1500960386077392	0.01040033680069912	0.2894436747318104	0.2084806515488778	0.1813798081478692	0.1723523872037078	0.1609437169696753	0.1162983657136051	0.01019899633715566	0.02575816403738574	0.01007497494335149	0.0100404155780273	0.07941089626596838	0.01028086749499981	0.1374233382206298	0.09375570743610294	0.01105521988284669	0.01042294667148654	0.2039212230171076	0.1835225984138533	0.1482742621410561	0.1625945896659702	0.01614694779922072	0.02217040800739559	0.01761047694108111	0.2127563557174895	0.2558252920474185	0.1476636103943009	0.01615164976936759	0.2155098675608924	0.199855569664719	0.01888026793728632	0.1275370597513324	0.1115228501310693	0.03031308937125899	0.01241750791491098	0.01043193149008918	0.0102889416104538	0.01020655017601886	0.01002687112849971	0.01001904389056743	0.0122450082324905	0.0100254113207472	0.01003234949246972	0.01002894490030662	0.01014269689683288	0.01012640074763396	0.01010721738514247	0.1842247023866461	0.2223380950392919	0.07951042855183971	0.1069813093026179	0.01005734217905407	0.2708403380403851	0.01020092948146848	0.143264516340688	0.04123603869357808	0.1226432245631708	0.01001075451979927	0.01027999505116767	0.1980912730548287	0.01005008222895596	0.01002949381316715	0.01001011338593771	0.01002158713494529	0.09565359469807515	-0.1403945532168667	0.1249894917036612	0.03092393074817654	0.03889953877769742	-0.03132977008503809	0.09796716441793785	-0.004126098363178008	0.02296028708946603	-0.03594891251546202	-0.02141145201607867	0.1014846857219507	-0.01099481136185352	0.010061691878766	0.0100402257317939	0.01009153418806723	0.01008796868203991	0.01007651221430234	0.01010356005813478	0.01012950356344206	0.07760756118839603	0.01017302249585865	0.06223565825446428	0.06899361427281543	0.08976345571754857	0.1969414646332444	0.2363038805386424	0.1361578865573331	0.09128352164853126	0.01006786143780305	0.2821086097567223	0.2057254191206173	0.1788096198409664	0.1705877154374201	0.1575536984673082	0.1164200769977371	0.01021998243447888	0.06062531871576888	0.01007816379431357	0.01004242392899294	0.08503330787750524	0.01035202009147708	0.07933671274655514	0.1050418734604889	0.01016583480857124	0.01025549815493146	0.28433946940786	0.180921621779787	0.07570528633449344	0.1747538432971729	0.01008075333161547	0.01002595890749256	0.0100574923770182	0.196009955572111	0.2303886692994804	0.09632951980587603	0.01011335090740994	0.2009762619099206	0.1858566910536622	0.01010440010801788	0.1270855747790954	0.1142892751398495	0.04354551588228821	0.01356821706595331	0.01037163803550383	0.01037241896028219	0.01026264066796042	0.01002632825831327	0.01001886600834459	0.01003111900976346	0.01002854646792438	0.0100355788171262	0.0100313043264878	0.01016894967110655	0.01014437131208299	0.01012125786523984	0.1746841650595954	0.2185592379036776	0.07687757688411109	0.1027781665707036	0.01006305339865999	0.2657265749203237	0.01045082735582678	0.151023863281994	0.01033629296511415	0.09217312735935948	0.01001142788309118	0.01042767249016667	0.1929616942296484	0.01005575745052185	0.0100309769937793	0.01001075352084234	0.01002269043006533	-1.746114300858056	-0.8958144335267512	-9.070952722250636e-12	-8.224531037824067e-13
0.1044576521768569	-0.2034243239282096	0.03941221022160401	0.4257483013705399	1.9333804059316	0.9376454825652237	-0.04934383052367514	0.2182231635500458	0.02025416016262043	-0.06491960446336399	0.09801679400200998	0.2096027592989178	0.3024921363792668	0.0999985507389121	-0.07872853486998468	-0.4672049065822484	0.219271745293653	0.2192717452936284	0.8744798045722815	0.874479804572285	0.03895518099598547	-0.02208264310087927	3.035629251629813	0.0104982586037685	0.005302792304509439	2.88987062494465	0.3764824727698417	-0.08428661308002422	0.01378248731862049	0.02094689189643719	0.1007240411196784	0.3838205206077033	1.703456084593376	1.979395533865613	-0.6407847166825857	0.00111786771983711	-1.745512559141219	1.108999946160727	-1.183074752904121	1.966420145690218	0.03926994931532088	-0.03586825392429767	-0.3379105183866774	-2.071908489195218	-5.696579711545697	5.818482992233638	4.644474814008675	-0.6183967881068538	1.096159674418552	-1.407387912944821	1.253677636180931	0.8066083327633576	0.8066083327634167	7.060132889077658	7.060132889077724	-0.117184846098939	-0.02199104986869407	3.95912949196483	-0.4798975329358676	0.06230349991438298	-2.833453318692787	0.5214579537853249	3.29302457163303	-1.500952477916164	-1.820285529261768	9.495111370208633	-3.736978908918488	1.700871935219182	0.9926388475028642	-3.935553063172791	7.284568036076846	0.01006138276851437	0.01004000909104557	0.01011463977526322	0.01023216300217675	0.01007768811036716	0.01010274684434125	0.01029396177553409	0.07084542665265574	0.01203436532408283	0.06695549772957153	0.06848753609010708	0.08648319382886159	0.1759207342278643	0.2013702430514552	0.1420597114350883	0.1036317043207547	0.01022343506689482	0.2859074826563478	0.2067256748037963	0.1790653136355268	0.171583890568839	0.1589571516908297	0.1169744038073886	0.01021859544721211	0.05790297058410118	0.01007999093183197	0.01004328322318607	0.08432557022398647	0.01033983220899494	0.09293694193087991	0.1001519696483588	0.01061846910495833	0.0103598852870191	0.2480237803209462	0.1812714404306682	0.09876357269020077	0.1703260696125622	0.01295154837408829	0.0158129022810406	0.01364045506843883	0.204150102964238	0.2436263137482194	0.1114703817750935	0.01297202879554481	0.2073690628539951	0.1922333928517132	0.01426956921807635	0.1269117718503985	0.1123517260649168	0.04048649315342312	0.0135573318565506	0.01041702735878773	0.01035780742481017	0.01025170311586783	0.0100268635076215	0.01001923456586092	0.01107943524478669	0.01002825555150436	0.01003540452290782	0.01003130714315739	0.01016565309267889	0.01014260606110127	0.01012018364194194	0.1786558624216036	0.2196983296763896	0.07752972429712728	0.1038851077117961	0.01006347397920467	0.267556245097074	0.01044388567337802	0.1471804247440122	0.02525171838541167	0.1011064650303872	0.01001133648944652	0.01041288792479602	0.1950372759274955	0.01005495820408833	0.01003091899509712	0.01001070640583218	0.01002263829437449	0.09283216725859496	-0.1386161351651576	0.1226549235469092	0.03200179985393064	0.03896984667351423	-0.02989504014600267	0.09681887303301059	-0.002478212998365756	0.02271496600878105	-0.03567819200808087	-0.02036780414363468	0.09847493515278181	-0.01412141666925677	0.01006904010324806	0.01004497515465306	0.01009928834758704	0.01009946378880163	0.01008112901073248	0.01011100935671421	0.01015291812162726	0.0932730220518075	0.0101512334566258	0.04741029724941526	0.06853069791956339	0.08990292063689	0.2298454465745769	0.2829990377455041	0.1080544197962634	0.01292417898373456	0.01006187204933378	0.2787124883478101	0.2030380678705216	0.1736731455086948	0.1705264236473458	0.1554329818051565	0.1187979745874435	0.01024685825029822	0.109368929815358	0.01008864612278676	0.01004810971720906	0.09313389492041602	0.01041965792627471	0.01010965920923186	0.1092791362120322	0.01026416981860436	0.01033426772431529	0.33499306097052	0.1760809763426221	0.01034656475268942	0.1850522783573804	0.01004760411686049	0.01001515322823611	0.01003387796969572	0.1885645293242823	0.2207350901565352	0.04446779762625747	0.01008345152153584	0.1914840833674091	0.1781964468202235	0.01007225746995919	0.1254415960129634	0.112636977833787	0.05503399257568865	0.01526465559592253	0.01042451232154207	0.01045079570977602	0.01031176178582446	0.01002720184032403	0.01001975890374153	0.01002782974238412	0.01003229555005093	0.01003983433999399	0.01003482224454302	0.01019765728549336	0.01016556389795806	0.01013877219144211	0.1682382447498143	0.2137044750154658	0.07427544887338676	0.09842072944482283	0.01007286938520165	0.2597480408732235	0.01080108600259454	0.1530437962092048	0.01011134027742314	0.0632028302275263	0.01001214225993857	0.01060111146839572	0.1890336961048747	0.01006168851374169	0.01003300071796042	0.01001155753280773	0.01002416753089653	-1.298042679793914	-0.8532093863855708	-8.497005042780175e-12	-5.469546901650035e-12
0.1119189130466323	-0.2167545830964982	0.04737019043369381	0.4156291578915581	1.948033510864649	0.937825405261537	-0.04946019021696273	0.2172940775299164	0.005886010498595407	-0.1017446794675432	0.1425973769072948	0.2434752592390313	0.295481600753819	0.1087906775529408	-0.08883995974229279	-0.4564180075152847	0.2273406820977515	0.227340682097792	0.9261247701178177	0.9261247701178217	0.0389458158970696	-0.02221633627700744	3.063574379028427	0.007861617030100191	0.005789888908215996	2.868288133056433	0.3780272590361344	-0.05997874366948564	0.004795776829234143	0.009531913220249561	0.1637386032752547	0.3565068181845345	1.717159407026712	1.984410756968126	-0.6646855441530145	0.05288164518124579	-1.814903552295477	1.036422518184511	-1.549353475555763	1.962172475597916	0.00935990579573385	0.005992606059085111	0.07003723696904651	-1.782809289259665	-4.099019895768928	6.116450870726475	4.422132940812973	-1.277547668168133	1.24529024959045	-1.304211305154325	1.657266965578253	1.322473713267009	1.322473713263395	6.761833292322026	6.761833292308149	0.1182859560551888	-0.01028230611307883	3.551679754436859	-0.2227854376738236	0.06499175818114829	-2.944906423631265	-0.01377417747934157	3.218780172046227	-0.9073520783021356	-1.236614852570909	7.43646353528749	-3.574610308339316	1.888639219772334	0.32447376242892	-2.359917618108236	6.604745439303777	0.01007595542313772	0.01005134707671985	0.01011025755184716	0.01016802697767732	0.01008487421696224	0.0101133623776301	0.01023433682415639	0.08469033037582355	0.01102602650870468	0.05381066572828123	0.06499327561321637	0.08189948189014624	0.2022428109027248	0.2401185541990688	0.1145956782605597	0.05953745881008601	0.0101349158729392	0.2816272852696992	0.2032739663623105	0.1716006575980143	0.1701664327370573	0.1561263426334185	0.1174825181529436	0.01028961305328189	0.08947237118317465	0.01010289108015416	0.01005646476794994	0.07781797126200043	0.0108820221967897	0.05248272770303124	0.104643808102962	0.03564880086318478	0.01904767643048846	0.2873332089721418	0.1771567132887951	0.05585168947511406	0.1762705251226521	0.01137817504794407	0.01268823556434917	0.01168956058739476	0.1964709857839647	0.233054440823119	0.07519460671275363	0.01140651880636762	0.1977254909149648	0.1845388110678652	0.01200001343925769	0.1257778496337435	0.1124022036047242	0.04900200369692848	0.01664233957227771	0.01043440712506206	0.01040421851201362	0.01027430370510878	0.01002792952940734	0.0100199675398216	0.01050899565245955	0.01003317339149962	0.01004093867743045	0.0100359271426765	0.01020807964783107	0.01017368281961413	0.0101448048670681	0.1724950063238802	0.2162327598342383	0.07495248768311852	0.09955722642930764	0.01007684023345458	0.2632116855444162	0.03278004526624767	0.149970706575275	0.01719090227064839	0.07605873218609246	0.01001193640299211	0.01796388788470966	0.1920254552364776	0.01006103691329284	0.01003312702928435	0.01001158424789951	0.01002425913004078	0.08714314580021586	-0.1230137349807467	0.127297174641633	0.03903962859892368	0.03313925363733281	-0.02754003903900729	0.09681916846165303	-0.008668491713115253	0.03335458028730152	-0.02837267422728673	-0.01948843452076416	0.09881376944016172	-0.01641716141137743	0.01010413163562266	0.01007409048192577	0.01011261471018978	0.01012614143662696	0.01009904724612946	0.01013166176398471	0.01021004796473164	0.104246129620096	0.010190253111532	0.03499759407889928	0.05544600224063844	0.06602651770127249	0.2446581429842531	0.3060107721012736	0.05917274913666525	0.01150412844319477	0.01005919995747853	0.2715147385990057	0.194472513387399	0.1514078489670599	0.166394464185049	0.1500030540638267	0.1174554642755584	0.01043452612586765	0.1328609230507636	0.01014997576533258	0.01008369272676297	0.05198750454076918	0.01210259678130043	0.0100727641707894	0.1100240181344914	0.09781739081083955	0.03995950449328373	0.3584746609531567	0.1678669334723136	0.0102139710968184	0.1832421197546849	0.01003900869969209	0.0100122637798649	0.01002764021078735	0.1834471013066714	0.2145421721727876	0.02731969666783131	0.01007312358881736	0.1780777816492461	0.1705585006997111	0.010061200660541	0.123559652196578	0.1123094889349561	0.05879953989127237	0.02263737064051388	0.0104694173762327	0.01043709296572702	0.01027803031785943	0.01003017451870196	0.01002126897890898	0.01002746374746102	0.01004147238065645	0.01005037465802272	0.0100439561996463	0.01028208234457369	0.0102282852578756	0.01018772902566476	0.1609773618796176	0.2091766592801778	0.07054642985082041	0.09154226123587503	0.01010071507774343	0.2537187110391225	0.08742397311607235	0.1538184561767057	0.01008437600059686	0.03677309637709113	0.0100126889446105	0.03593389282616727	0.1869238386308912	0.01006985438889254	0.01003663085236962	0.01001295763231596	0.01002683013963927	-0.97685559215423	-0.8068985886217673	-2.776322257427386e-12	-2.53263240725553e-12
0.1193801739164078	-0.230316611802442	0.05506144029541644	0.4023298947092585	1.962673056420941	0.9377911452409502	-0.04923478695972387	0.2189872949958855	-0.006399361414946981	-0.1249620660240313	0.189066643509703	0.2753987858078756	0.28317777364764	0.1183532517103852	-0.09820885521698053	-0.4421832664087302	0.2385019139825803	0.2385019139826858	0.9750621375090137	0.9750621375090143	0.04077419746881776	-0.0221829081885713	3.088928974622691	0.007234502444511128	0.006223813065731202	2.846027463515806	0.377673704399536	-0.03631322578833496	0.0002513710709072141	0.002536732179020013	0.2122983758541717	0.330625781228151	1.730390612907414	1.983831249788887	-0.6743416267972175	0.09988579756205161	-1.807638664477922	1.037502552711115	-2.035509685581057	1.962785538333744	-0.01814198697486295	0.05574171829176384	0.3650011039758639	-1.513617394145492	-2.049022367086096	6.324746941916495	4.122050144546129	-2.037269971318966	1.302679017342709	-1.208352009590834	2.177875864909704	1.635501770465744	1.635501770465794	6.334357928668638	6.334357928668499	0.3754253715371969	0.02280600687023304	3.264734308729905	0.05875860667361923	0.04805056162176166	-3.015239658668802	0.01260537854532728	3.120841466771051	-0.310187321940054	-0.6355534274040384	5.62048754257919	-3.352951198759107	1.57432052227495	-0.507035371005141	-0.1172319831343904	6.008744776505764	0.0101019592814283	0.0100725895434701	0.01011574082078613	0.01015447205576241	0.01009803936429566	0.01012956918217794	0.01023973544793522	0.09685623757113962	0.01059866640624523	0.04076529701907683	0.05657086044830974	0.06760987258765314	0.2230089903207356	0.2711159310519443	0.07553815424101061	0.03484064414771426	0.01009420871816832	0.2761791722010193	0.1976316781787678	0.1574975166380083	0.1675494936088041	0.1521189234788849	0.1171198534415181	0.01042557649436492	0.1157553316791406	0.01014719881247303	0.01008212687876498	0.05358691618277741	0.0120574418983864	0.03085570913936655	0.1073187355823854	0.09136596712090039	0.03884548934400661	0.3192423397135867	0.1712248995210812	0.03263249536000785	0.1787915338555039	0.01067080393007248	0.01127995217564005	0.01081320192852314	0.1898278589401362	0.2241857630104788	0.04673041988211336	0.01070167004960484	0.1863620578985951	0.1768023462033161	0.01097661108715775	0.124293928456055	0.1122737014701596	0.05494163125579379	0.02205656248440801	0.01046711114291917	0.01041715450508576	0.01026552958118921	0.01003005791973877	0.01002113351289474	0.01025542458163951	0.01004046421814687	0.01004926207454358	0.01004306218363033	0.01027389456454263	0.01022238418514649	0.01018298105879094	0.1658047090763675	0.2123091014755766	0.07178764425066052	0.09396672262546131	0.01009827305492374	0.2581740531065577	0.08207901225354595	0.1518438546697867	0.01345330735823688	0.04931322799038413	0.01001250665631645	0.0350061449483603	0.1893917742446528	0.01006827842518004	0.01003612742658016	0.01001275309441664	0.01002646043061185	0.0814541243418347	-0.1074113347963368	0.1319394257363575	0.0460774573439168	0.02730866060115142	-0.02518503793201173	0.09681946389029603	-0.01485877042786431	0.04399419456582241	-0.02106715644649316	-0.01860906489789396	0.0991526037275418	-0.01871290615349815	0.01013922316799616	0.01010320580919508	0.01012594107279481	0.01015281908445829	0.01011696548152717	0.01015231417125325	0.01026717780784013	0.1152192371883861	0.01022927276644147	0.02258489090838537	0.0423613065617127	0.04215011476565247	0.259470839393931	0.3290225064570421	0.01029107847706733	0.01008407790264795	0.01005652786562493	0.2643169888501979	0.1859069589042785	0.1291425524254247	0.1622625047227533	0.1445731263224974	0.1161129539636732	0.01062219400143625	0.1563529162861663	0.01021130540788336	0.01011927573632644	0.01084111416112224	0.01378553563632021	0.01003586913234667	0.1107689000569505	0.185370611803082	0.0695847412622547	0.3819562609357963	0.1596528906020061	0.01008137744094805	0.1814319611519868	0.01003041328252241	0.01000937433148939	0.01002140245187714	0.17832967328906	0.2083492541890404	0.01017159570940539	0.01006279565609982	0.1646714799310828	0.1629205545791983	0.0100501438511271	0.1216777083801933	0.1119820000361229	0.06256508720685448	0.03001008568511591	0.01051432243093055	0.01042339022167284	0.01024429884988445	0.01003314719708628	0.01002277905408735	0.01002709775254728	0.01005064921125869	0.01006091497605133	0.01005309015475148	0.01036650740365222	0.01029100661779198	0.01023668585988701	0.1537164790094212	0.2046488435448862	0.06681741082825499	0.08466379302692859	0.01012856077028662	0.2476893812050272	0.1640468602295439	0.1545931161442061	0.01005741172377207	0.01034336252665821	0.01001323562925532	0.06126667418393628	0.1848139811569097	0.0100780202640364	0.01004026098678167	0.01001435773183378	0.01002949274838737	-0.7967594882316286	-0.7804097512157506	5.003054570278311e-12	3.437885404043793e-12
0.1268414347861833	-0.2434749138645228	0.06281269224525862	0.3849190482718367	1.977331962693208	0.9375714664545288	-0.0485949595580058	0.222800186648073	-0.0164075400082016	-0.1322917655293715	0.2368605310530061	0.3044654763354193	0.2647915484182757	0.1280386555575831	-0.1066367567681304	-0.4236213461395469	0.252645982745428	0.252645982745482	1.020424797932557	1.020424797932565	0.04462539151907174	-0.02184510041948986	3.112455842119883	0.008822509295879511	0.006474781092652419	2.823338826711061	0.3757840242082273	-0.01338060101846707	0.0002103717210152133	0.0001022293304069704	0.246469524206615	0.3067238770327716	1.740206293213445	1.976510647605415	-0.6701234193602598	0.1429387973462024	-1.707587077484033	1.04549545649537	-2.63207727521337	1.966518855999587	-0.03976445922358313	0.1158254615789445	0.6425362127216621	-1.169682516627808	0.06954500721615628	6.476677523700709	3.656114729108273	-2.881318104722951	1.280540915805853	-1.049732590216484	2.796384615062709	2.135584311878013	2.135584311875187	5.82475449717186	5.824754497183143	0.6591101226685074	0.07132012418121481	3.043316335688956	0.3684890805397675	0.01561938081520748	-3.066809926712888	-0.4433642312743186	3.027563692852711	0.3021239861883295	-0.01691427078541655	3.618462164598202	-3.06692059180117	1.081637619770976	-1.474363005808896	1.264737812431468	5.540646854007184	0.01012291152558034	0.01008939230090229	0.0101251428682728	0.01017217993973512	0.01010928687204487	0.01013840384220174	0.01025738366299912	0.1027965917806571	0.01041700381178896	0.0300039627401152	0.04661828329164108	0.05098669205010459	0.2351575242268779	0.290025744172613	0.04305467523877585	0.02184775101980417	0.01007584326101454	0.2725533618778667	0.19563972687752	0.1474431424390738	0.1646818206271171	0.1495208751030894	0.1188586328828731	0.01050691965480844	0.1313481159837404	0.01021706021774577	0.0101239660661042	0.03158967160739311	0.01248777430441216	0.01986487278773993	0.105450944969786	0.134888804066602	0.05709907758665177	0.3436011060915654	0.1661055744356859	0.02075336450913105	0.1804261772672519	0.0103259272520328	0.01059154646719414	0.01038521163299071	0.1856301718321369	0.2180006535499893	0.02782492014638969	0.01035629353789726	0.1762067643606398	0.1706603865996939	0.01047461183435472	0.1223361931995764	0.1120070716599181	0.0594654704331684	0.02601681276394216	0.01049179900935721	0.01041302050298275	0.01024743963610084	0.01003225910696825	0.01002240272197207	0.01013299271499327	0.01004688489964588	0.01005717222759114	0.0100502694450827	0.01032186547151592	0.01026094646822534	0.01021762501999501	0.1596194988046499	0.2079892013277317	0.06886330461430476	0.08867020577691302	0.01012114377150826	0.2531553624270488	0.1215944127096347	0.1526675469145944	0.01161597034540665	0.02921241279871719	0.01001315937875027	0.04957029665472829	0.1865640470104223	0.01007619241534074	0.01004020299395366	0.01001432560851657	0.01002946577870329	0.07768340725297679	-0.1054927374544194	0.1359836122368989	0.04776803918577413	0.02816852619817159	-0.02232752728514639	0.09837105112788483	-0.01206481747177426	0.04425938649729439	-0.02262486574418348	-0.02018278214615052	0.09836557278700202	-0.02077213768937424	0.01014163486111987	0.01010379661821348	0.01013895861688358	0.01021552453112291	0.01012023198452731	0.01014046225100935	0.01027644380153367	0.1044057013263914	0.0102926438196523	0.01795360806499112	0.03238728280459791	0.02791048835420198	0.2468554655278294	0.3111487195760888	0.01046082802404807	0.01010807728221551	0.01006359880408719	0.2691671606338091	0.1989303527316985	0.1394547910367059	0.1598335327189174	0.1476901361365645	0.1249677550679303	0.01053664187188701	0.1438630998201529	0.01032944561710417	0.01019228413532782	0.01050523259113484	0.01207673180706787	0.01003624690849342	0.09698070954528371	0.183244420305725	0.07873978555013411	0.3860676915080954	0.1592162671057062	0.0100725822331766	0.1836185398935921	0.01003928688094238	0.0100110447334684	0.01002678656031512	0.1813323403591465	0.2097682594303047	0.01015449824035066	0.01006714764117616	0.1608127456810726	0.162239437487445	0.01005193761935298	0.1186046561781485	0.1114597221335822	0.06509032754640834	0.02910513749669931	0.01051117133674714	0.01039803848359727	0.01022217495486109	0.01003491036966916	0.01002404404722875	0.01003229452518956	0.01005364454219127	0.0100662431737677	0.01005902336160146	0.01035872775115422	0.0102954032155106	0.01025516773102435	0.1498483489662473	0.199511692124558	0.0650391266646287	0.08137925603729784	0.01015020442055957	0.2436726853899683	0.1662701498942585	0.1529419239353839	0.01005172574994467	0.01026753030580992	0.01001410079037155	0.06489145618380883	0.1809334852475523	0.01008685967874335	0.01004642881134578	0.010016719444546	0.01003406965586095	-0.7313733635343194	-0.8249861605675521	3.625849059962963e-12	1.806547238048023e-12
0.1343026956559588	-0.255620941412101	0.07074144426292601	0.3630438821868533	1.99201798195816	0.9372123641718224	-0.04750547362435039	0.2283589865277507	-0.02386286109394758	-0.1241442749745231	0.2855689893992746	0.3297603096570657	0.240328404982928	0.1372686916044965	-0.1138582229611841	-0.400473327100987	0.270068056313107	0.2700680563130343	1.061976140948451	1.061976140948456	0.05064288478927301	-0.02106526391132613	3.134367481667489	0.01275687423681085	0.006403137596888583	2.800257955795007	0.3721883044330723	0.008884869853247893	0.004803494909193187	0.002285876579959467	0.2674787905839788	0.2846665324689742	1.746902245683582	1.961544984170687	-0.655217698322907	0.182700269255314	-1.536297255826176	1.085081660429278	-3.23217596612702	1.970053208830433	-0.05551462390303966	0.1762732315753553	0.8329939151704278	-0.8293208514930761	2.099657146600219	6.569898750709657	3.110999258562538	-3.66619524531626	1.180617126907196	-0.884965552370637	3.407185186170925	2.514174923047956	2.514174923047924	5.312729687824631	5.312729687824503	0.9561044976579448	0.1412923449255902	2.831770503355115	0.687702730464594	-0.03842584710095436	-3.120378486632678	-0.4447005956317549	2.942010056951797	0.9319948294751634	0.6023472918961292	2.092429159916616	-2.858514757905116	0.7380737026935071	-2.556303285592332	2.747568963052883	5.126446748877718	0.01013353426819116	0.01009716248940257	0.01013655889089426	0.01021495163968449	0.01011608790136529	0.01013571428553133	0.01027036284815078	0.1006363862977948	0.01037172293632929	0.02236707790365954	0.03648847122959292	0.03516321595960484	0.2370006622094778	0.2942767367656361	0.02634407069858302	0.01571193765483355	0.01007164897485485	0.2722812596970083	0.2000489679952484	0.1464885115896102	0.1619991680188094	0.149493485349689	0.123919433924746	0.01049533939851451	0.1336908287311254	0.01031380079376068	0.01018316498863402	0.02053730758126251	0.01173028532957487	0.01471504402424583	0.0978416468456965	0.1553223990918484	0.07021012375075841	0.3599820504379019	0.1630314541838616	0.01515744994124292	0.1822976035738898	0.0101778696341974	0.01028653253993591	0.01019825880701932	0.1845298500332301	0.2149605958319249	0.01861225156487412	0.01020548508115555	0.1687012282342944	0.1668839916683341	0.01025271113727711	0.1198511887206924	0.1116191936876553	0.06293734577771172	0.02731999760980367	0.01050098754326204	0.01039707228050518	0.01022710226077929	0.01003421622967681	0.01002366957897876	0.01008163805289094	0.01005139700567883	0.0100636437102529	0.01005676675310035	0.01033878591153755	0.01028047781954209	0.01024326481867025	0.1544252339664155	0.2033036137440722	0.06650526943844842	0.08432187626456132	0.01014332995042617	0.2485192031420884	0.141875622301477	0.1523778678438684	0.01079117584087419	0.01932927699740901	0.0100139304725899	0.05815028569702661	0.1832715098427917	0.01008462187834334	0.01004544428563912	0.01001633786295206	0.01003334676358737	0.07391269016412141	-0.1035741401125016	0.1400277987374406	0.04945862102763056	0.02902839179519185	-0.01947001663828077	0.09992263836547355	-0.009270864515685954	0.04452457842876593	-0.02418257504187377	-0.02175649939440694	0.09757854184646214	-0.02283136922525001	0.01014404655424258	0.01010438742723155	0.0101519761609682	0.01027822997778082	0.01012349848752478	0.0101286103307654	0.01028570979522316	0.09359216546439671	0.01035601487285706	0.01332232522159405	0.02241325904748546	0.01367086194275705	0.2342400916617234	0.2932749326951359	0.01063057757102562	0.01013207666177826	0.01007066974254116	0.2740173324174239	0.2119537465591159	0.149767029647989	0.1574045607150797	0.1508071459506315	0.1338225561721879	0.01045108974233784	0.1313732833541419	0.01044758582632188	0.01026529253432378	0.01016935102115057	0.01036792797781628	0.01003662468464125	0.08319251903361879	0.1811182288083661	0.08789482983801258	0.3901791220803924	0.1587796436094058	0.01006378702540947	0.1858051186351978	0.01004816047935326	0.01001271513542342	0.01003217066874115	0.184335007429233	0.2111872646715683	0.01013740077129468	0.01007149962624964	0.1569540114310612	0.1615583203956912	0.01005373138757555	0.1155316039761045	0.1109374442310421	0.06761556788596336	0.02820018930827892	0.0105080202425596	0.01037268674552374	0.01020005105984155	0.01003667354224886	0.01002530904036467	0.0100374912978275	0.01005663987312192	0.01007157137148251	0.01006495656844986	0.01035094809865619	0.01029979981322913	0.01027364960216146	0.1459802189230736	0.1943745407042302	0.06326084250100156	0.07809471904766564	0.0101718480708322	0.2396559895749147	0.1684934395589769	0.1512907317265617	0.01004603977611343	0.01019169808495993	0.01001496595149303	0.06851623818368242	0.1770529893381937	0.01009569909345402	0.01005259663590964	0.01001908115725851	0.01003864656333513	-0.6918372041718088	-0.9323611504978957	-2.190911523332292e-12	-3.51053928057568e-12
0.1417639565257343	-0.2662760944368351	0.07906318212015495	0.336814643388014	2.006722957939952	0.9367568871452069	-0.0459727967154524	0.2351169810455908	-0.02884506747986942	-0.1020375692156235	0.3347834285177878	0.3508039708702629	0.2104028895206183	0.1455068122594121	-0.1198838751534069	-0.372932427969832	0.290582176934178	0.2905821769341338	1.099840527895115	1.09984052789513	0.05891356800518232	-0.01968262984511757	3.154880922638347	0.01909489265284147	0.005843728316558353	2.776682119592432	0.3673071188886378	0.03058891608532079	0.01416085005582376	0.009112032209265829	0.277848341808607	0.2637854056273343	1.751495995354456	1.938494228619001	-0.6323532605632493	0.219513114185806	-1.318072008372569	1.151716567753101	-3.788066006139684	1.971078620283576	-0.06637704396708534	0.2336696623143182	0.970831656912449	-0.5157336316560405	3.774473571984808	6.616939971479364	2.532072987533158	-4.333301310342433	1.02407034690491	-0.7395411033531822	3.964173136918241	2.972092045818558	2.972092045818966	4.843465884671275	4.843465884660501	1.259828367856823	0.2331694723190478	2.687566531724692	1.009383677361217	-0.1156204776994726	-3.210832158841723	-0.805006663173929	2.877933154055368	1.577427632780259	1.228458042214892	0.7744819233359219	-2.746647856831615	0.5048270473850857	-3.585987265151103	3.497040030632169	4.742743613230562	0.010140777380845	0.01010133489272878	0.01014983051454868	0.01027761930839659	0.010121608413904	0.01013080647945754	0.01027499455777536	0.09505573956960611	0.01034311883756049	0.01713290358973626	0.03195940360643067	0.03185814772696501	0.2340842837349503	0.2918481914010553	0.01803794549952812	0.01270634944883781	0.01007167125629022	0.2733874327442185	0.2066679268039235	0.149059593125054	0.1596784361077631	0.1502029763012017	0.1288899544708654	0.01045801656404772	0.1313662593547364	0.0104392325566261	0.01026413650019573	0.01497679672613414	0.01098048056058374	0.0121906193236378	0.08663416141013498	0.1664951252277347	0.07820428251344512	0.3717724299964613	0.1607583533002322	0.01240951730763789	0.1834973443471888	0.0101136435623133	0.01013926040108005	0.01011238226425362	0.1847283468171841	0.2131841238412646	0.01406083100867085	0.01013426296025483	0.1614042046259667	0.1639596656418484	0.0101459835672297	0.1168771880759972	0.1111525035384452	0.06569138872321714	0.02707277405830718	0.01050185175202767	0.0103703252632259	0.01020399544331411	0.01003625005170247	0.01002505221048212	0.01005941511262724	0.01005514701000042	0.01006981869465791	0.01006348054181979	0.0103417884771209	0.01029118742350062	0.01026530629270302	0.1491667976133421	0.1983576208421299	0.0640601955562098	0.07998855673620335	0.01016690839647352	0.2439377524599943	0.1548255712469187	0.1513731596951723	0.01038661379787283	0.01442208694554324	0.01001474267834365	0.0630654525240452	0.1799836984330365	0.01009370775018336	0.01005206983664801	0.01001888705974622	0.01003827525152486	0.06948167476699765	-0.1066404541810599	0.1431479431646643	0.05064679312984253	0.03308896420892779	-0.008309797542048102	0.1022002315634907	-0.006159512718114611	0.04497400451278727	-0.02796612116091216	-0.0240134303886873	0.09839256058302184	-0.02043460420371752	0.01014921816431233	0.01010522563953826	0.01016848841864483	0.01037366433420986	0.01012854053873201	0.01012507149587523	0.0102732362338573	0.08483860053653347	0.01028832443648877	0.01192492290141753	0.03224131251080525	0.04130530507561757	0.225925414970175	0.283314839977695	0.01075941310532102	0.01013587529891736	0.01007253688046559	0.2760577098753583	0.2192830889596596	0.1544247596795881	0.156087776802468	0.1513392241390785	0.1356414955254015	0.01040621202939776	0.1261460298314024	0.01062565211848568	0.01038791869548742	0.01013313103286129	0.01032845753362137	0.01003696754817935	0.06689083453497179	0.180516906207762	0.08529506708101198	0.393981519264557	0.1570157218729506	0.0100602626540554	0.1845001229409415	0.01006908326498095	0.01001741960048353	0.01004669757468317	0.1855669158443814	0.2102081977062577	0.01012747975271903	0.01007666085897499	0.1476312429552197	0.1589689610582629	0.0100581505225726	0.1115819875288697	0.1103424710227092	0.06919704903193252	0.0257247532243512	0.01049806354382327	0.0103271340092662	0.01017167390439926	0.01003902937211606	0.01002696734228003	0.01004339824729391	0.01005968096733551	0.01007787074793355	0.01007259149907043	0.01033881235083697	0.0103005406455834	0.01029234027524946	0.1395768704983571	0.1890025745592518	0.06016517364943267	0.07307438891710562	0.01019912176773419	0.2348497992912628	0.1731127450912069	0.1490883214273875	0.01004508679100803	0.01016486638259675	0.0100158075462241	0.06750159928728099	0.1743112074929325	0.01010604448309981	0.01006183241080635	0.01002264987675473	0.01004555391727566	-0.6818128634862894	-1.040381310848875	-1.962527420199946e-12	-8.186070014209463e-12
0.1492252173955098	-0.2752636749268702	0.08801967855587736	0.3066736265840824	2.02142316699156	0.9362248283313425	-0.04403185889500915	0.2427318912912488	-0.03170168666011117	-0.06858959067284638	0.3842335510421629	0.3675794472781113	0.1759940225195797	0.1524974177750634	-0.1250331682903287	-0.3414822089537125	0.3142316200993739	0.3142316200993913	1.134351367354511	1.134351367354518	0.06942727447632234	-0.01752840903596541	3.174781414652308	0.0277921592423368	0.004616665978877669	2.752169959441626	0.3610515334340433	0.05186293408604525	0.02836018369106641	0.02063317829207158	0.2803393520109063	0.2435609665065439	1.75460775304602	1.908577569189085	-0.6013054800043176	0.2534957919462485	-1.089302422167022	1.255229465582101	-4.280732791592491	1.968775427420327	-0.07604246456273092	0.285708062680795	1.062691213702631	-0.2595546311647747	5.139699034694224	6.633073973646245	1.966907160437183	-4.867963047977474	0.8462191860323224	-0.6500564486069558	4.45508310971162	3.354601923794482	3.354601923794497	4.413807228036722	4.413807228036784	1.557349593497037	0.3481171046406465	2.667468794152304	1.320102056195132	-0.2173910566224468	-3.371361253396029	-0.8131101530313829	2.826740470579183	2.229893018839209	1.860845160742749	-0.01942329007018971	-2.682488820265452	0.3408239602498153	-4.396717123941039	4.941123899646739	4.367817015781782	0.0101468664212592	0.01010364973691117	0.01016490703165422	0.01035852696587963	0.01012686232336677	0.01012666126798826	0.01027009959315188	0.08788010931794303	0.01029274599980647	0.01396810195061477	0.03506684932252842	0.04490202198304958	0.228932789106888	0.2864658257821693	0.01426299651733988	0.01135586013969458	0.01007272139243292	0.2748628264985623	0.2135402242511507	0.1525620369023401	0.1577993230645671	0.1508319094253539	0.1323729403535443	0.01041648477363644	0.1276905075794403	0.01059393541980322	0.01036829266120899	0.01242094514738941	0.01062492917302749	0.0110578638228053	0.0727012773141307	0.1723392344663456	0.08084882477542739	0.3805390285232867	0.158706065998666	0.01117278859967648	0.1836097019713334	0.01009684784361266	0.01007661823010203	0.01008242976313054	0.185374009838522	0.2117395675195896	0.01199053840753793	0.01010558500604576	0.1531364535981632	0.161174037870453	0.01010115534438039	0.1134306682856641	0.1106246431381768	0.06784046867290071	0.02561941149282709	0.0104966918561447	0.01033310467598046	0.01017795191416806	0.0100384632829909	0.01002658844026891	0.01005286424549427	0.01005850201100135	0.01007606291327699	0.01007070746225013	0.01033636090233314	0.01029634502553856	0.01028548069551944	0.1433548365652682	0.1932029171956762	0.06127406831923469	0.07528454675737742	0.01019254419406618	0.2392446218451378	0.1638640778314611	0.1498274043542627	0.01020654401818822	0.01217673278331409	0.01001557125855129	0.06493038704660324	0.1769218231048551	0.01010349516986202	0.01006014962358256	0.01002200432155709	0.01004430627371937	0.06505065936987363	-0.1097067682496176	0.1462680875918861	0.05183496523205418	0.03714953662266402	0.002850421554183935	0.1044778247615084	-0.003048160920540758	0.0454234305968084	-0.03174966727995038	-0.02627036138296783	0.09920657931958198	-0.01803783918218508	0.01015438977438277	0.01010606385184507	0.01018500067632512	0.01046909869064383	0.01013358258994187	0.01012153266098587	0.01026076267249576	0.07608503560866905	0.01022063400012865	0.01052752058124566	0.04206936597412197	0.06893974820847031	0.2176107382786254	0.2733547472602616	0.01088824863962056	0.01013967393606406	0.01007440401839947	0.2780980873332929	0.226612431360202	0.1590824897111874	0.1547709928898568	0.1518713023275252	0.1374604348786143	0.01036133431645782	0.1209187763086601	0.01080371841064887	0.01051054485664928	0.010096911044568	0.01028898708942389	0.01003731041171875	0.05058915003632109	0.1799155836071579	0.08269530432401143	0.3977839164487215	0.155251800136494	0.01005673828269691	0.1831951272466853	0.0100900060506173	0.0100221240655726	0.01006122448063742	0.1867988242595294	0.2092291307409476	0.01011755873414305	0.01008182209170072	0.1383084744793782	0.156379601720834	0.01006256965757201	0.1076323710816347	0.1097474978143752	0.07077853017790112	0.02324931714042492	0.01048810684508885	0.01028158127300855	0.01014329674895702	0.01004138520198626	0.01002862564419942	0.0100493051967616	0.01006272206155162	0.01008417012438641	0.01008022642969295	0.01032667660301837	0.01030128147793825	0.01031103094833799	0.1331735220736406	0.1836306084142739	0.05706950479786434	0.06805405878654688	0.01022639546463697	0.2300436090076038	0.1777320506234347	0.1468859111282136	0.01004413380590546	0.01013803468023411	0.010016649140955	0.06648696039087836	0.1715694256476716	0.01011638987274322	0.01007106818570688	0.01002621859626611	0.01005246127122491	-0.6717304181506599	-1.134886814343843	1.775940694406517e-12	-1.248908448559103e-11
0.1566864782652853	-0.2825782556766601	0.09785227828290986	0.2730903463375001	2.036090968346793	0.9356186182802873	-0.04172264716250119	0.251022989348925	-0.03288808142555821	-0.0262247420315446	0.4337610354516827	0.3802224992699016	0.1380579444260785	0.158182264767316	-0.129737461388952	-0.306600813282462	0.3409420170434374	0.3409420170434602	1.16580046135636	1.165800461356387	0.08211123616566576	-0.01443596020780078	3.194902149710788	0.03874649412904753	0.002544195285278727	2.72613882133741	0.3536544118987523	0.07279569848208836	0.04742901693704767	0.03689060963798627	0.2778982521167873	0.2237812830226516	1.756936987996179	1.87383659880727	-0.5580598251808259	0.2847074657313697	-0.8758923641948181	1.384648413982271	-4.710613774765768	1.962239335086041	-0.08699065444772468	0.3323139862870736	1.163146052587534	-0.067613936051898	6.169934063421	6.642834882555937	1.427753153845019	-5.28184093982057	0.6831393361113653	-0.6218143847757432	4.885113863963478	3.802098753796211	3.802098753800578	4.021256061314603	4.021256061288208	1.838194067608656	0.4844490582575222	2.733309175224004	1.611331087586961	-0.342377438597882	-3.625489849198874	-1.120506532827307	2.786039366606865	2.878990754813336	2.495842082312733	-0.5682793989830476	-2.610746368858926	0.3206144809511519	-4.82428832984621	6.803431924973282	4.019269539685151	0.01015328096765635	0.01010524961424472	0.01018349156703309	0.01174609465473396	0.01013281523403577	0.01012428423560617	0.01026392875785915	0.07973768063716719	0.01024082250428419	0.01207226456684411	0.04212707995356919	0.06282281579610258	0.2225771194069702	0.2795340845490079	0.01241831853134012	0.01069576763355823	0.01007400034597895	0.2761084211373488	0.2197030690476642	0.1565277505174175	0.1560249250674321	0.150780450651051	0.1342074692402685	0.01037971793895146	0.1227220823048601	0.01076395917638112	0.0104972112923095	0.01116167921815023	0.01044016509769929	0.01050514610823698	0.05644534142591461	0.1743019112689529	0.08059172083731406	0.3870296404491987	0.1558457522606866	0.01056812954738549	0.1828071059381689	0.01010120492676861	0.01005017149775331	0.01007724307655039	0.185739069836891	0.2098375305872811	0.01097737609301983	0.01009293944399844	0.1434770091796039	0.1581165361917619	0.01008060611546849	0.1095697719026791	0.1099120723238115	0.06933337901941521	0.026636309812322	0.0105092922896865	0.01029367346184675	0.01015281522236377	0.01004086299055842	0.0100282817710643	0.01005185739744907	0.01006191157149447	0.01008280593132587	0.01007881630542023	0.01032948843160065	0.01030017606371337	0.0103059780565138	0.1366919524492091	0.1877652756513174	0.05857537207852971	0.06987524659641542	0.01022107102253263	0.2342820211073748	0.1698589549004416	0.147814394618337	0.01011878505003182	0.01107159022507224	0.01001633226553653	0.06536614639487301	0.1741429294134997	0.01011387473447759	0.01007004071217219	0.01002583050699789	0.01005168891293149	0.06353728817233913	-0.1116537149057817	0.1493624313229109	0.05064660928362108	0.03916491824148491	0.01055871489901218	0.1044628861202687	0.001606115370554356	0.04363932559727635	-0.0345362804570052	-0.02793198998766909	0.09809408387886871	-0.01099649149070093	0.01016223955197383	0.0101070372455343	0.01021086356366668	0.01495211426152248	0.01014134555866625	0.01012290776610555	0.01025704891462398	0.0667484673405514	0.01017757709717261	0.01040024235880843	0.05427642757521269	0.08996990073589417	0.209693665917263	0.2644507161033804	0.01081036470435986	0.01013703633295378	0.0100756343756447	0.2780064482659036	0.2300921585445719	0.1636784142274122	0.1528976880296176	0.1497211136152524	0.1355360439645622	0.01033829879021209	0.1133143867964543	0.01099335455351426	0.01068491521943797	0.0100927813298419	0.01028066122966492	0.0100399647588041	0.03107509998641451	0.1742577066362877	0.07830375344098031	0.399105886983755	0.1495706952463451	0.01005855351812793	0.1804622957045261	0.01011720971317243	0.01003273544281776	0.01008255363461267	0.1857394436061214	0.2053516037963704	0.01012199760248966	0.01008269613489263	0.1254396836908077	0.1523206320682057	0.01006393704994965	0.1029997551464825	0.1085398327366434	0.07092987540249164	0.03112401211878109	0.01054631322408698	0.01024294449268418	0.01012200122168227	0.01004412367154435	0.01003060295007854	0.01005242583351999	0.01006648797211999	0.01009205550820804	0.01009013043412068	0.0103212307063121	0.0103051620523824	0.01033336962310197	0.1244970715773043	0.1775344604856777	0.05488349812540121	0.06107804072705684	0.01026059511480371	0.2242945185058254	0.1775571480561406	0.1439244546363758	0.01004558267838228	0.0101339888038735	0.01001724063819624	0.06523341168387349	0.1695140613490371	0.010127769830088	0.01008441589033948	0.01003139809214074	0.01006241314017095	-0.6744158244657629	-1.215789613145067	2.180359547653153e-12	-1.378022133946025e-11
0.1641477391350608	-0.2884015366854052	0.1087453607314163	0.2365389464881771	2.050694173958616	0.9349186833404346	-0.03908729567565537	0.260139676306307	-0.03284725804768407	0.02279023571589343	0.4833614998917422	0.3889698090727202	0.09745927795526979	0.1627740771943802	-0.1344745547014244	-0.2687302813947505	0.3709229550576899	0.3709229550576852	1.194434687674161	1.194434687674189	0.09679199276218309	-0.01024501607281577	3.21567956664281	0.05176431770236489	-0.0005557435663196427	2.697782398105646	0.3450647994058	0.09346343866042339	0.07128408202245197	0.05786047075101242	0.2728535837450459	0.2047323638206793	1.759945519319124	1.837950248897587	-0.4975053489699143	0.3137832153548152	-0.689557722605095	1.539493142467154	-5.076340841145543	1.95146046032498	-0.1011655345331145	0.3731302182850015	1.283991315913036	0.06940267563766958	6.922274185637792	6.652636358557251	0.9226487557638942	-5.581673083383446	0.5532299484608583	-0.658848586348505	5.256324688138719	4.231274412431848	4.231274412431862	3.65927854057141	3.659278540571423	2.092592883164673	0.6425701003438329	2.843493164549543	1.873222694203369	-0.4928051392009866	-3.994656744151361	-1.132758796272003	2.755700407558685	3.512848251843788	3.124017659035955	-0.7173129683437293	-2.48660657059096	0.5229101745833212	-4.7037374916451	9.580774407495205	3.795279961650744	0.0101604949456411	0.01010650046527707	0.01020612963510025	0.01484348659576605	0.0101397764256075	0.01012399748322446	0.01025912632964806	0.07089675155285402	0.01019383279132073	0.01115277650775991	0.05178874207490208	0.08180378428524086	0.2155283612316555	0.2717798177765214	0.01154868197148259	0.01040089723755777	0.01007525222126656	0.276823686675068	0.2247117907099457	0.1607555755835172	0.1542023745382726	0.1497828209408438	0.1343089577371585	0.01035059491662174	0.1164831077159265	0.01094484061178843	0.01065139826292102	0.01059792439362209	0.01035358490516528	0.01026114476153751	0.03804249127607209	0.1729187819082135	0.07828137486118407	0.3916117174278788	0.151708530810947	0.01030050601335119	0.1811653605968644	0.01011828993844873	0.01004437129187824	0.01008682925829052	0.1854878820175847	0.2070978105560927	0.0105286788683226	0.01008782575114688	0.1322264997660181	0.1545993869511536	0.0100722668236337	0.1053199862382585	0.1089633863628248	0.07014714343309436	0.03134180014462554	0.01054728011593538	0.01025468184637441	0.01012981720183805	0.01004345143782627	0.0100301333246979	0.01005315024367298	0.01006551965254049	0.010090185312526	0.01008792517206494	0.01032341031305978	0.01030403466134798	0.01032750005865137	0.1290426817999406	0.182009460541295	0.05612856464821066	0.063626154518485	0.01025275596205701	0.2289710161380773	0.1731019003789488	0.1453666894710315	0.01008071200115965	0.0105769563253432	0.01001699882009192	0.06494440348881379	0.1716727443169539	0.01012481141616949	0.01008185744262245	0.01003041071771743	0.01006050292795684	0.06202391697480525	-0.1136006615619461	0.1524567750539366	0.04945825333518752	0.04118029986030557	0.0182670082438415	0.1044479474790287	0.006260391661645674	0.04185522059774403	-0.03732289363405997	-0.02959361859237015	0.09698158843815502	-0.003955143799216707	0.01017008932956531	0.01010801063922443	0.01023672645100726	0.01943512983239776	0.01014910852739009	0.01012428287122543	0.01025333515674979	0.057411899072433	0.01013452019420779	0.01027296413636658	0.06648348917630693	0.111000053263326	0.2017765935559021	0.2555466849464935	0.01073248076909706	0.01013439872983984	0.01007686473288542	0.2779148091985097	0.2335718857289492	0.1682743387436346	0.1510243831693794	0.1475709249029804	0.1336116530505101	0.01031526326396647	0.105709997284252	0.01118299069637976	0.01085928558222734	0.01008865161511722	0.01027233536990768	0.0100426191058915	0.01156104993650998	0.1685998296654165	0.07391220255794831	0.4004278575187881	0.1438895903561977	0.01006036875355941	0.1777294641623672	0.01014441337572794	0.01004334682006809	0.01010388278858882	0.1846800629527132	0.2014740768517945	0.01012643647083616	0.01008357017808393	0.1125708929022362	0.1482616624155778	0.01006530444232358	0.09836713921133143	0.1073321676589114	0.07108122062708239	0.03899870709713666	0.01060451960308422	0.01020430771235872	0.01010070569440473	0.01004686214109871	0.01003258025595225	0.0100555464702748	0.01007025388268932	0.01009994089202943	0.01010003443854738	0.01031578480960631	0.01030904262682674	0.01035570829786589	0.1158206210809685	0.1714383125570818	0.05269749145293747	0.05410202266756525	0.01029479476496987	0.2185454280040488	0.1773822454888468	0.1409629981445385	0.01004703155085514	0.01012994292751092	0.01001783213543801	0.06397986297686797	0.1674586970504023	0.01013914978743485	0.01009776359497535	0.01003657758802869	0.01007236500912432	-0.6781114636509651	-1.283258610807621	2.854340827206351e-13	-1.299420121573478e-11
0.1716090000048362	-0.29294078587908	0.1208640252724084	0.1974856206059213	2.065201380358643	0.934098951394453	-0.03616814104865319	0.2702982371764934	-0.03196192508946483	0.07640399428699503	0.5330455064271679	0.3940636775110429	0.05501703286458792	0.1665526199596426	-0.1397061358200431	-0.2282947429645375	0.4043118931135307	0.4043118931135189	1.22046784655685	1.220467846556881	0.1132680851409219	-0.004796582484970158	3.237369969850019	0.06662245935992618	-0.004880795467092576	2.666303563518415	0.3353916632789463	0.1139608081209732	0.09980016650015645	0.08348373415364907	0.2672734841322243	0.1869363157763881	1.765060919378818	1.804906317719963	-0.4129178347118703	0.3418867167589764	-0.5306448980645564	1.711549974757522	-5.382575822683447	1.936656773787631	-0.1193029534231797	0.4084238232569987	1.444146000035862	0.1632270725682427	7.409294730676673	6.663729939552971	0.4473628086996003	-5.777627546296902	0.4665293293292478	-0.7514512548601825	5.574026542738324	4.71694840957684	4.716948409580074	3.322080296864822	3.322080296838226	2.319006961143737	0.8208181133018045	2.967674677936791	2.103614308799243	-0.6719053567620243	-4.452502478299693	-1.421864463075401	2.743664680033516	4.126350110136432	3.741364611798034	-0.7406018408898188	-2.242666051406294	0.8554612667153896	-4.077347642752929	12.60813438022854	3.754728998798684	0.01016641104949013	0.01010589792201202	0.01023866637432581	0.02808834062203668	0.01014827316376324	0.01012540207053835	0.0102605500913951	0.0594701847708148	0.01016020110697337	0.01067543560113989	0.06155669228604831	0.0994227240979348	0.2088556888398508	0.2646127130124808	0.0111033067484844	0.01025725526936777	0.01007763696322197	0.2768977748013584	0.2281544431332541	0.1648903656636308	0.1523285026537643	0.1477459431136554	0.1329097810573472	0.01032582231678637	0.1088300416716821	0.01113180755003129	0.01087449790658522	0.01032593855920841	0.01030632872831454	0.01014440975462134	0.02406203560656289	0.1687549994693071	0.07397693397764636	0.3947965154837809	0.1457966606535714	0.0101712720744257	0.1790052167422237	0.01020615975427077	0.01006939965391517	0.01015314898415527	0.1842856409416426	0.203277782875175	0.01031390065907219	0.01008584063161946	0.1191220012848304	0.1504821262661714	0.01006859158151744	0.1007944196368742	0.1078641407791276	0.07058441159161408	0.03704069781786149	0.01062923487139729	0.01022282802318682	0.0101113123431967	0.01004637693178728	0.01003227332632152	0.01005548346289155	0.01006977999443062	0.01009882021360126	0.01009868602606609	0.0103203760609367	0.01031006307396128	0.01035218040349055	0.120116357257736	0.1759232062681697	0.05078201462876056	0.0530254354307531	0.01028854473454174	0.2232639924574042	0.1746850972472286	0.1425429854400339	0.01006261432259377	0.01033636714465406	0.01001772948171956	0.0638701124058509	0.1691150936727243	0.01014121362895166	0.01009611899602157	0.01003593315219555	0.01007109073986676	0.06224307858842748	-0.1152430132199975	0.1542332046567392	0.04739943085053159	0.04337723108790899	0.01923400997228734	0.1045911153835178	0.007030109564963868	0.03886060107680014	-0.03971082821063686	-0.0294111212311697	0.09629681121557619	0.00217617464078864	0.01017246955266041	0.01010321639955702	0.01029040102709469	0.05671754621326763	0.01016066519091897	0.01012849407007014	0.0102687329998861	0.03987217141199775	0.01012971656070737	0.01027205295606257	0.07515951490701918	0.1249830508764267	0.1973562593040962	0.2517880843886664	0.01072197541974649	0.01013784750200857	0.01008194961201416	0.2762233219565379	0.2327535755787384	0.1718949411358619	0.1490430787768983	0.1431533889396752	0.1291612377025346	0.0102964071224258	0.09514461920894053	0.01137827226767696	0.01123157599570393	0.01010346491073033	0.01026171576422846	0.01004907486013988	0.01107817271704028	0.1587219590793531	0.06572080234199776	0.4005090317713917	0.1336687831950837	0.01006422080788857	0.1747339142880705	0.01039275314590771	0.01012955703099359	0.01029617239080998	0.1809248062781307	0.1948724817425838	0.01013835379665447	0.01008466876281711	0.09579855516547245	0.1427227872087571	0.0100656616915149	0.09343262214148279	0.10599543764913	0.07099444195717641	0.04500899113856888	0.01077619468267217	0.01018912650725947	0.01009162075428912	0.0100504778238058	0.01003531279793424	0.01005902316530367	0.01007594580361437	0.01011118557783907	0.01011413572139412	0.01031951118772654	0.01032020029565311	0.01038729052065723	0.1041425617896736	0.1646854299448893	0.03955489421963176	0.03275950009377561	0.01033850102622333	0.2119121270253172	0.1762420573861767	0.1373950760017197	0.01004768538228636	0.0101367079089497	0.01001876896548639	0.06177540661688213	0.1643051349721511	0.010168186072898	0.01011671265549059	0.01004389933795573	0.01008633376393522	-0.6814220592504	-1.338335306059161	-2.64036171264059e-12	1.099606774393539e-11
0.1790702608746117	-0.2963716000731818	0.1343251058378525	0.1563572340126091	2.079585665117752	0.9331273644066207	-0.03300644362561121	0.2817664213290328	-0.03048140783731142	0.1327637117503544	0.5827788942385089	0.3957141438725628	0.01150207507828	0.1698390801893156	-0.1458070079247453	-0.1856777511813604	0.441286017623932	0.44128601762397	1.244055346637337	1.244055346637351	0.1313252496299689	0.002047368150441493	3.25992042215112	0.08306741796179817	-0.01066247596091861	2.631202254318309	0.3244181193992469	0.1344807517686789	0.1327913969628094	0.113646828088301	0.2623665696833764	0.1718776495731702	1.772818336221277	1.778245730962132	-0.3165957729384801	0.3700644076889451	-0.3924403804573091	1.899329380513263	-5.632563375100259	1.918511165811059	-0.1418704618765442	0.4381441081785334	1.635037420694702	0.2289425467713191	7.658331789011386	6.665873069909183	-0.0003593370533253143	-5.869215019733336	0.4213266300390208	-0.8918630854281495	5.841065898378369	5.19228797711096	5.192287977110676	3.003716741460782	3.003716741460786	2.516401174558882	1.016640132598189	3.074030364379382	2.298570895390427	-0.8832561951267544	-4.965665445256222	-1.481334667905297	2.761751445254861	4.712416545845945	4.340924724036967	-0.5368648712379123	-1.75284805699541	1.231105968436256	-2.992674299727962	12.72623405909906	3.815166553465534	0.01017035743733156	0.01010296012697539	0.01028297381901162	0.05367680389952376	0.01015847433658676	0.01012837018936259	0.01026975668179761	0.04465062704503382	0.01014262655084264	0.0104628981486335	0.07062307461425416	0.1148777433489093	0.2030901537399368	0.2587666196022134	0.01089946054050072	0.01019550530104122	0.01008152604450025	0.2762734140684371	0.2298246931514072	0.1687779682936252	0.1504019526634316	0.1446247800217015	0.1300990143185519	0.01030434347154016	0.09969772539952275	0.01132333293778121	0.01118047552158381	0.01021355542169913	0.01027947229218229	0.01009628029337869	0.01713554750807716	0.162038897151329	0.06768618521615846	0.3968493498083913	0.1378751864545222	0.01011614774780295	0.1764750921211592	0.01038338036915711	0.0101285119767369	0.01028962281531443	0.1819741635250737	0.198258079188818	0.01022529915713549	0.01008557353698258	0.1040379541832702	0.1457008321295147	0.01006716302158752	0.09604207476344449	0.1066499467757884	0.07075777130882063	0.0428492078796483	0.01076110584145164	0.01020025911058873	0.01009805483702126	0.01004968696291493	0.01003474347449793	0.0100584537727421	0.01007483790077452	0.01010890892103013	0.01011130765635119	0.01032110673253879	0.01031894788730362	0.01038070287613727	0.1097807388962746	0.1695014492886419	0.04129925561039674	0.03657972927703593	0.01032874038733558	0.2171377140182829	0.1750732621884229	0.1393696438408635	0.01005496366790111	0.0102334360521788	0.0100185750197429	0.06221846017793488	0.1662866132394528	0.01016465328744023	0.01011299163521026	0.01004245807158291	0.01008356200115872	0.06246224020204881	-0.1168853648780492	0.1560096342595433	0.04534060836587637	0.04557416231551264	0.02020101170073173	0.1047342832880078	0.007799827468287235	0.03586598155585679	-0.04209876278721401	-0.02922862386996955	0.09561203399299818	0.008307493080793838	0.01017484977575506	0.01009842215988875	0.0103440756031827	0.09399996259414072	0.01017222185444803	0.01013270526891443	0.01028413084302479	0.02233244375156266	0.01012491292721489	0.0102711417757632	0.08383554063772891	0.1389660484895213	0.1929359250522922	0.2480294838308388	0.01071147007039712	0.01014129627417985	0.01008703449114612	0.2745318347145655	0.2319352654285282	0.1755155435280883	0.1470617743844163	0.1387358529763698	0.1247108223545586	0.01027755098088497	0.08457924113362676	0.01157355383897517	0.01160386640918193	0.01011827820634368	0.01025109615854783	0.01005553061438852	0.01059529549756881	0.148844088493291	0.05752940212604796	0.4005902060239978	0.1234479760339682	0.01006807286221592	0.1717383644137728	0.01064109291608721	0.01021576724191335	0.010488461993031	0.1771695496035474	0.1882708866333714	0.01015027112247574	0.01008576734755323	0.07902621742870924	0.1371839120019366	0.01006601894070852	0.08849810507163369	0.1046587076393481	0.07090766328727036	0.05101927518000118	0.01094786976226053	0.01017394530215821	0.01008253581417007	0.01005409350651321	0.01003804533991811	0.01006249986033728	0.01008163772453892	0.01012243026364818	0.01012823700424002	0.01032323756584658	0.01033135796447914	0.01041887274344821	0.09246450249837954	0.1579325473326952	0.02641229698632624	0.01141697751998869	0.01038220728747602	0.2052788260465861	0.1751018692835043	0.1338271538589003	0.01004833921372007	0.01014347289038888	0.0100197057955311	0.05957095025689632	0.1611515728938999	0.01019722235835954	0.01013566171601104	0.01005122108789889	0.01010030251875447	-0.6821675341887652	-1.38091018050184	-6.406125925388186e-12	5.389350242178294e-11
0.1865315217443872	-0.2986854276321363	0.1492049477541593	0.1136772073450846	2.093833701348005	0.9319848641993081	-0.0296555925191314	0.2943703242254351	-0.02861828635460371	0.189761688601267	0.6322579249666452	0.394134544984133	-0.03215131997854883	0.172791313154527	-0.1530709401187962	-0.1413893161437682	0.4813675271828693	0.4813675271829984	1.265302226130963	1.265302226130966	0.150755941309905	0.01040773161642589	3.283218988536113	0.1008435166976411	-0.01814603213342952	2.592250311277189	0.3118978911099359	0.1552258771398682	0.1700394207145776	0.14821097487145	0.2591961482412691	0.1615866052276413	1.78328944294616	1.760739676538597	-0.253812817687008	0.3986970504992517	-0.1996904215529473	2.071496822499781	-5.761674632529394	1.904477805771116	-0.1609278828462164	0.4556597316983168	1.631700801780513	0.253019838017422	7.566103301965499	6.541121776867788	-0.40119480538897	-5.767434968897125	0.3405273614711606	-1.046888014450731	5.976456404947122	5.402523957619736	5.402523957600228	2.687392023108135	2.687392023254838	2.683756306019796	1.222619748155568	3.170585917455219	2.457296131618523	-1.123893962876503	-5.458296647153798	-1.840392991049875	2.794794888969804	5.260363595270149	4.914713189297456	-0.263557399753626	-0.9883547010529106	1.550280667000759	-1.713909032089289	4.275656635538295	3.831906844755239	0.01016545594601437	0.01009491273172081	0.01034755962717946	0.07423097890694901	0.01016786537517328	0.01012927533561795	0.01028919365513766	0.03154352902010589	0.01013249541670593	0.01036202513352501	0.0797624252194855	0.1295948155911512	0.1999686306705169	0.2564384572021607	0.01085929697463303	0.01017157602925729	0.010088809823386	0.2756771674476527	0.2297905728125477	0.171800704133426	0.1494087535423944	0.1414378584472399	0.1266210226111327	0.01027959619300683	0.08866596341067567	0.01143582924685294	0.01140622005126909	0.01017109925856308	0.01025577219238236	0.01007643935006875	0.01359526878474402	0.1542260500925753	0.05643832052773444	0.3983397782945047	0.1288030584894633	0.01009065602517665	0.1740625400976051	0.02959894084686338	0.04523238866639788	0.03334760218330177	0.1785671356402808	0.1923736811734917	0.01018947081343944	0.01008773631539746	0.08814820803425569	0.1404908845343283	0.0100680543310868	0.09098789837894923	0.1055368756879424	0.07086587157168571	0.04731347229072794	0.01097507053779191	0.01018358092826299	0.0100881369824251	0.01005394927537111	0.01003801818850691	0.01006304885924812	0.01008103608844771	0.01012116220519612	0.01012679468262231	0.01032555374482977	0.01033084886955903	0.01041454449650717	0.09847267507365742	0.162969594074833	0.03143788329843383	0.02325478650998744	0.01037365830485754	0.2108263342650612	0.175043946630032	0.135897751356194	0.01005213751268141	0.01018833315031633	0.01001962329782229	0.05996207951742159	0.1633403576902563	0.01020452105363926	0.01013305378767571	0.0100500715128945	0.01009805664675762	0.06561692617528357	-0.1175328894787456	0.1568647059576162	0.04201038804187326	0.0466673648207719	0.02071096049235747	0.1040980056711619	0.005587635290368939	0.0333726801819102	-0.0437735562619088	-0.02771849813082195	0.09474589312127817	0.007684977506824972	0.0101501089192705	0.01007960848816571	0.01044998658773173	0.09549871190020336	0.01017871289243434	0.01012782209520603	0.01032334670039498	0.0167959984808763	0.01012318735926087	0.0102819483514246	0.09391225443130424	0.153732895526583	0.1979634831605709	0.2571418910642534	0.01091998503094695	0.01015985205189522	0.01010149827929935	0.2749356597602032	0.2278276631248572	0.1759597381913197	0.1491067179593846	0.1364302895735097	0.1205314013563149	0.01024315954840083	0.06970359152107032	0.01149553995482597	0.01159129782384834	0.01014954576974775	0.0102231365549816	0.01006324545773925	0.01051559627641811	0.1402792283049369	0.03473227397872189	0.4013763833859819	0.1129932182955881	0.01007014886973567	0.1701248573412015	0.07639888334670464	0.1332942184372205	0.08994534148386568	0.1712956707735274	0.180845239880974	0.0101668175018028	0.01009270073153377	0.06338996058779842	0.1313494679731501	0.01007111607993791	0.08284233182835551	0.103947811340899	0.07103603810492941	0.05200697614159538	0.01132813836078024	0.01016588915712084	0.01007751537683998	0.01006039134276526	0.01004303673073811	0.01007057890644398	0.01009007973216647	0.01013897819140464	0.01014944597950819	0.01033433002254126	0.01034876762626646	0.01046312206456494	0.07995593508323104	0.1515088572927956	0.01887841381514438	0.01090827452898694	0.01043579467698589	0.1989043302413648	0.1749217060490946	0.1297907854188844	0.01005093944583546	0.01015609031589543	0.01002116842334347	0.05613022459310878	0.1581225990886668	0.01027198875106418	0.01016178329107184	0.01006083786084749	0.0101185102620643	-2.064162010789696	-1.417532334266951	-1.860559448818042e-12	5.593489216118709e-11
0.1939927826141627	-0.2989322592626161	0.164972434879576	0.0710678613690079	2.108061767692868	0.9307774005202489	-0.02627244856821371	0.3044478725942076	-0.02696610557204977	0.244864108900472	0.6795544709699103	0.3900535008109234	-0.07359718079841579	0.1744804580316925	-0.1613045437453903	-0.09730045724590568	0.5196805720465322	0.5196805720465409	1.28409618881431	1.284096188814293	0.171250357792531	0.02026588831703926	3.307224716090523	0.1196016070640381	-0.02745132524315133	2.550006675195005	0.2974671749190936	0.1761233212889355	0.2111162205150219	0.1868476133371265	0.2591709956435707	0.1573874246675626	1.79557330880662	1.75246001178385	-0.2502129313223318	0.4268291686769959	0.1616203781836016	2.137263752206882	-5.613617329710607	1.913158213880864	-0.1592839997306597	0.4468002441417607	0.9578450342215538	0.1723996364142668	7.150225560202237	6.080855399595553	-0.670874770922157	-5.277482797378365	0.08275434037591485	-1.151784685661853	5.787569272155198	4.718248876789657	4.718248876790192	2.346209423623173	2.346209423623317	2.801533894314577	1.418125420679604	3.263585770953634	2.561794939585942	-1.371574984539859	-5.848007745941593	-1.993443259983464	2.802580678610387	5.738724596468229	5.432561045357095	0.3062282478416402	-0.1199166014409068	1.717018247141472	-0.5195293903737291	-3.137859136305539	3.681000320165264	0.01014950267642678	0.01008086697858037	0.0104351479180094	0.08470815185670276	0.01017564082632247	0.01012695586960297	0.01031964488002522	0.02224338657607909	0.01012704673797202	0.01032332542506259	0.08923868458580615	0.1440562433799569	0.2003061151868532	0.2587069053857792	0.01095746617724694	0.01017131183193047	0.01010009364570121	0.2754765661449082	0.2280725179789391	0.1736815915023294	0.1497849956167296	0.1386407217579517	0.122800160448272	0.010249476440763	0.07554602958721214	0.01144242742885174	0.01149943693246781	0.01016970745110618	0.01022969862003113	0.01007195027485202	0.01195198499368506	0.1459987920959678	0.03892545197623493	0.3995739011096239	0.1189762885698603	0.01008052205667574	0.1719939639157393	0.07226306425013894	0.1217947785537019	0.08433565119037569	0.1740679547525092	0.1857865341281831	0.01018281451967126	0.01009255692000978	0.07200718270557178	0.134960169222221	0.01007128891113105	0.08560122880455044	0.1046144730903169	0.07098414911441325	0.04993499314905309	0.01128142053491459	0.01017170505792396	0.01008094746928365	0.01005934566989403	0.01004224937836043	0.01006958500005396	0.01008848431017981	0.01013580770118542	0.01014546884014085	0.01033370144657889	0.01034581721864211	0.01045417870403833	0.08639350866248366	0.156435078660601	0.02266813035009344	0.01664832473498621	0.01042339971725248	0.2044467706831336	0.1749485999070756	0.1321504747430745	0.01005233474643519	0.01017537891308436	0.01002090244928437	0.05708989952435223	0.160347000314236	0.0102638234621755	0.01015649071306757	0.01005880103012249	0.01011461950564617	0.06877161214852029	-0.1181804140794397	0.1577197776556893	0.03868016771786914	0.04776056732603089	0.02122090928398479	0.103461728054315	0.003375443112445349	0.03087937880796244	-0.04544834973660333	-0.02620837239167427	0.09387975224955694	0.007062461932856636	0.01012536806278577	0.01006079481644251	0.01055589757227945	0.09699746120626389	0.01018520393041968	0.01012293892149707	0.01036256255776109	0.01125955321018973	0.01012146179129888	0.01029275492708171	0.103988968224882	0.1684997425636503	0.2029910412688515	0.2662542982976698	0.01112849999149342	0.01017840782960452	0.01011596206744688	0.2753394848058444	0.2237200608211827	0.1764039328545537	0.1511516615343518	0.1341247261706494	0.1163519803580717	0.01020876811591634	0.0548279419085148	0.01141752607067598	0.01157872923851343	0.01018081333314927	0.01019517695141656	0.01007096030109225	0.01043589705526788	0.1317143681165802	0.01193514583139475	0.4021625607479624	0.1025384605572082	0.01007222487725586	0.1685113502686308	0.1421566737773269	0.2563726696325354	0.1694022209747081	0.1654217919435089	0.1734195931285774	0.01018336388112834	0.0100996341155121	0.04775370374688744	0.1255150239443633	0.01007621321916407	0.07718655858507698	0.1032369150424499	0.07116441292258784	0.05299467710318984	0.01170840695929909	0.01015783301208551	0.01007249493951412	0.01006668917901525	0.01004802812155483	0.01007865795254752	0.01009852173979309	0.01015552611916052	0.01017065495477581	0.01034542247923566	0.01036617728805361	0.01050737138568156	0.0674473676680815	0.1450851672528958	0.01134453064396492	0.01039957153798529	0.01048938206649564	0.1925298344361442	0.1747415428146853	0.1257544169788685	0.01005353967794642	0.01016870774140042	0.01002263105116317	0.05268949892932084	0.155093625283433	0.01034675514377125	0.0101879048661344	0.01007045463380418	0.01013671800537829	-5.00736061799555	-1.466978267524607	1.066388448949717e-11	1.875447875968539e-11
0.2014540434839382	-0.2959343823639984	0.1805872808332724	0.0307104818365087	2.122464943060407	0.9296739522619337	-0.02306057414231493	0.3068040996737632	-0.02644466114936786	0.2959390323392371	0.7222003736471359	0.3845740403729688	-0.109830941402997	0.1736160188512561	-0.1699686764424701	-0.05598425525655289	0.5494138475329844	0.5494138475328866	1.300245035976086	1.300245035976108	0.1923576818326733	0.03146418198626345	3.331699346259409	0.1388499795848683	-0.03854294486744199	2.505501033423071	0.2818208572113087	0.1969104064399244	0.2553969743470962	0.2290126531991124	0.2634139960097452	0.1597006694694121	1.808473023375917	1.752390710679188	-0.2791532920732855	0.4530287175859382	0.6184288294987816	2.030100723328441	-5.189622974748193	1.949233573118533	-0.1365136252240801	0.4130766811648362	-0.3153032298086762	-0.04258378858723578	6.533076210265092	5.36695304243697	-0.7861096422332028	-4.419020163696158	-0.2916838653823794	-1.158164062132127	5.274084451293522	3.236946054578419	3.236946054614322	1.983221178592447	1.983221178598356	2.840505102529813	1.575741138037458	3.275009789987879	2.58053361067183	-1.59438055564585	-6.039511171319242	-2.150745706262218	2.762597066798726	6.108374180565692	5.846233277262734	0.8099071485425121	0.7234704389734381	1.703693133042	0.4389333612744171	-4.432859208370748	3.312920877312006	0.01013112966837472	0.01006723342529627	0.01049359551963449	0.08864303954431113	0.01017733759829364	0.01012216615985227	0.01032884892538227	0.01630437639706221	0.01012080268814694	0.01029987969503986	0.0983942013224634	0.1577913749887582	0.2038852687876982	0.265208147111839	0.01100917493451029	0.01017626855999431	0.01011081044455017	0.2758784469228294	0.2255162474684057	0.1739383314909705	0.151160468801615	0.1361361857992007	0.1189903285210433	0.01021894484779133	0.0623348533398117	0.0113514110310508	0.01141236162477115	0.0101830574691112	0.01020792418372152	0.01007643189646979	0.0111350495122241	0.1260636514226137	0.02460848571706775	0.401597614811426	0.1096367214139918	0.01007663507179773	0.1714058728871325	0.1094897050953528	0.1866904695218392	0.1284669452518333	0.1681724589951639	0.1779796692668671	0.01019101479714442	0.01010047231452904	0.05847906624049398	0.1293484262099382	0.01007675092574887	0.07959555520993676	0.104007585355918	0.07102984073224404	0.05085690821145547	0.0115725736885501	0.01016104569103679	0.01007487452080561	0.01006621213187091	0.01004775963323576	0.01007940028995397	0.01009696706114987	0.01015267052617983	0.01016783800870431	0.01034518955186675	0.01036403917318232	0.01050069495153647	0.07298576234405103	0.1490073177450269	0.0165707329938145	0.01327676879092027	0.01048156602810602	0.1974304848589948	0.1741422652101344	0.1277740654228851	0.01005416496339804	0.01017552527257676	0.01002238464690047	0.05234498328024516	0.1574637319089842	0.01034029342398867	0.01019036636238459	0.01007102668583005	0.01013791560334977	0.07133850008975527	-0.1191067776084702	0.1568433018461028	0.03021200797739	0.04839434968057615	0.007252482138189068	0.1020421406857564	-0.002571192025555924	0.01309204838910754	-0.04670074735091253	-0.01496407709368442	0.09265990139951151	0.004803642859349811	0.01010761727731611	0.01005158728888772	0.01053199687051922	0.08934886115473521	0.01017342121358377	0.01011414887580112	0.010315046019816	0.01100323309206271	0.01011064019052112	0.01026966244479616	0.1122216571056698	0.180660625045021	0.2139464546533152	0.2829208723422166	0.01098998438574655	0.01018212729340394	0.01012303610603182	0.277526013229946	0.2201499893208801	0.1724368713834414	0.1543831281736229	0.132177845794962	0.1129353620348306	0.01018035546826052	0.04368060484308297	0.0111556426180814	0.01113939707041731	0.01020548277803456	0.01018496179100811	0.01008787370495961	0.01045003635359651	0.07607288995897185	0.01114636212290885	0.4079469226038314	0.09564316035850466	0.01007431119702573	0.172463945214918	0.1559683986995578	0.2768431781771057	0.1851516992734652	0.1561409702331572	0.1624232311461943	0.01020999685928187	0.01011335593251315	0.04218219186188824	0.1200512568948456	0.01008560672154499	0.06981560333859196	0.103395597901788	0.07100297863900208	0.05069957852225096	0.01191043239132787	0.0101472950486525	0.01006749951809545	0.0100763874678912	0.01005601952695171	0.01009512840593192	0.01010873780478988	0.01017626986198089	0.01019995124065122	0.01036270227571392	0.01039035062036678	0.01056688518923175	0.05150358515045174	0.1349271404009914	0.01115386970899221	0.01036887707093847	0.01056476710880654	0.1835038039682137	0.1716406758681867	0.1197458710021225	0.01005750160317896	0.01018140986522356	0.01002446167225506	0.04348441961546207	0.1526386388438412	0.01045277254017313	0.01024458644925948	0.01009032381645395	0.01017478458335472	-7.231439446451639	-1.53225917431136	1.588767824561201e-11	2.98756764014119e-11
0.2089153043537137	-0.2900549479415084	0.1949948602228553	-0.00615647045937084	2.137173171999943	0.9287400195325294	-0.02012426840475151	0.2999061890174524	-0.0277501609424175	0.342243755075493	0.7598895040737068	0.3784987227600748	-0.139301339043978	0.1704678005421209	-0.1784010017572398	-0.01879485716358179	0.5677624372809936	0.5677624372810163	1.313701483621913	1.313701483621975	0.2134020103752187	0.04366278383688683	3.355769934593261	0.157852695471719	-0.05113656127780886	2.460512746084851	0.2661161462228993	0.21724638136518	0.3019341407189348	0.2737360505138095	0.2709404058761443	0.1679369940610902	1.82044348827902	1.758084512838319	-0.3135751352296072	0.475835047988036	0.9340253571466781	1.813654489970295	-4.678004087678147	1.994928192775888	-0.113845156696869	0.3729337239739268	-1.522737777295811	-0.3173149702428721	5.871567492081444	4.75218660302095	-0.8305950072798983	-3.464555175751844	-0.5294154168158396	-1.089648436794368	4.681374496904218	1.666570096495606	1.666570096495545	1.624508476299345	1.624508476299335	2.784647875037236	1.686259238710646	3.155281868057151	2.495946381645337	-1.774187039769629	-5.977381473640658	-2.00909565070985	2.681660037813059	6.343558707021982	6.118331854441295	1.186350133757941	1.467772099102844	1.467931750118244	1.025277409677978	-4.607177123503386	2.771443995252054	0.01011310267852802	0.01005606553041771	0.01050619322075576	0.08687580338224216	0.01017152572240504	0.01011514782193287	0.01030646530948518	0.01344372482810588	0.01011200840243016	0.01027662968788744	0.1069892922066833	0.1706052183166143	0.2105655279767506	0.2757118360085334	0.01095507241809255	0.01018053604204163	0.01011949764775885	0.276986179609899	0.2225322409540742	0.1723418269426172	0.1533679478437862	0.1338799671207279	0.1153460525725537	0.0101895918267355	0.04991021777314562	0.01116538456904644	0.01112943321000677	0.01020271230625231	0.01019258759938992	0.01008783965916293	0.01077923646892921	0.08838799712782149	0.01734171405104381	0.4049768411120904	0.1013466337770119	0.01007607603997587	0.1728113292651819	0.1339156008480832	0.2282009759566034	0.1572087113301713	0.1607340011845979	0.1687019086624997	0.01020948220158452	0.01011162241042497	0.04878131227073156	0.1237642021930726	0.01008440326157488	0.07285307891308339	0.1037669884814963	0.0709713838468443	0.05010629840050659	0.01181406510854579	0.01015045374462459	0.01006940184578558	0.01007465625068242	0.01005465224705488	0.01009292319460328	0.0101064153347172	0.01017169469864865	0.01019406487619901	0.01035990256066238	0.01038557444366335	0.01055444260244905	0.05800565949637976	0.1402694369288939	0.01367080277357879	0.01173872664348814	0.01054931148881817	0.1894980444725234	0.172328508004023	0.1226120362214557	0.0100571828829811	0.01018266564635172	0.01002406098075928	0.04523572650541006	0.1547622046832002	0.01043320496196335	0.01023694270105859	0.01008751055961897	0.01016943873752751	0.07390538803099207	-0.1200331411375019	0.1559668260365157	0.02174384823691195	0.04902813203512203	-0.006715945007607384	0.1006225533171993	-0.008517827163554878	-0.004695282029745888	-0.04795314496522229	-0.003719781795694653	0.09144005054946794	0.002544823785842491	0.0100898664918474	0.0100423797613337	0.01050809616876117	0.08170026110320765	0.01016163849674971	0.01010535883010615	0.01026752948187468	0.01074691297393513	0.01009981858975223	0.01024656996251554	0.1204543459864536	0.1928215075263843	0.2249018680377802	0.2995874463867683	0.01085146878000086	0.01018584675720555	0.01013011014462097	0.2797125416540484	0.2165799178205766	0.168469809912328	0.1576145948128935	0.1302309654192738	0.1095187437115889	0.01015194282060514	0.03253326777764965	0.01089375916548716	0.01070006490232243	0.01023015222291794	0.01017474663059836	0.01010478710882216	0.01046417565192389	0.02043141180136816	0.01035757841442458	0.413731284459705	0.08874786015979978	0.01007639751679532	0.1764165401612029	0.1697801236217916	0.2973136867216856	0.2009011775722263	0.146860148522805	0.1514268691638104	0.01023662983743528	0.01012707774951429	0.03661067997688792	0.1145874898453273	0.01009500022392946	0.06244464809210674	0.1035542807611262	0.07084154435541615	0.04840447994131319	0.01211245782335762	0.0101367570852187	0.01006250409667531	0.0100860857567691	0.01006401093235074	0.01011159885931667	0.01011895386978796	0.01019701360480206	0.01022924752652749	0.01037998207219271	0.01041452395268041	0.01062639899278221	0.03555980263282433	0.1247691135490856	0.01096320877402104	0.01033818260389435	0.0106401521511179	0.1744777735002833	0.1685398089216881	0.1137373250253751	0.01006146352841804	0.01019411198904902	0.01002629229332842	0.03427934030160336	0.1501836524042501	0.01055878993657113	0.01030126803238132	0.01011019299909175	0.01021285116132494	-8.217744177719682	-1.586964310264857	1.285856310010915e-11	9.5598695222439e-11
0.2163765652234892	-0.2826650649761918	0.2075699259350209	-0.03921047556943268	2.152225032189909	0.9279422743802628	-0.0174798102989126	0.2853107694539851	-0.03113502093065534	0.3836577049105168	0.7938521004272167	0.372169919222377	-0.1617659133717231	0.1663993480093831	-0.1861009800614177	0.01411874582124989	0.5752213270981777	0.5752213270980673	1.324519396226293	1.324519396226371	0.2336621582581019	0.05650670886472073	3.378519620357792	0.1758536944391973	-0.06487959797977237	2.416916724458507	0.2510239155511196	0.2368974133374518	0.3496640860248471	0.3199243021275396	0.2806332928876854	0.1811850513773127	1.830103073360093	1.766743493249802	-0.3497406225561298	0.494167640527283	1.020986243805201	1.555723852159189	-4.1871909637024	2.039578076917742	-0.1010140929959817	0.3367027322152787	-2.335660052935689	-0.5824797641994484	5.229942756843574	4.376008673188473	-0.865256196133864	-2.567046366189811	-0.5362902910829143	-0.9679770551465495	4.152775093695114	0.3784836357661266	0.378483635770043	1.274523508697398	1.274523508966847	2.633287423306185	1.748623972157302	2.930124542388795	2.319473094278237	-1.899180775815826	-5.673463874679205	-2.030945085289781	2.588568263529525	6.424347827411722	6.237853549422081	1.401375397209766	2.056589001176506	1.118498318638628	1.237555029731812	-5.003165194721674	2.144892591558266	0.01009891593629661	0.01004795581695249	0.01048325723552202	0.07757214588717673	0.01016237351786289	0.01010874625177034	0.0102694719153945	0.01196487339233305	0.01010194524813068	0.01025179093604297	0.1153007918013586	0.1830598089342355	0.218946947849244	0.2881985136875062	0.01084003197164047	0.01017870169117111	0.0101229110900755	0.2775916898248745	0.2189818102077487	0.1689646624883474	0.15468971905553	0.1307384205990162	0.110959823112443	0.01016533263408404	0.04334622456739742	0.01098345911192994	0.01086286598344968	0.01021998472539194	0.01018628786582696	0.01011615295171659	0.01062502485368398	0.05370456351734923	0.01356228885364283	0.4092578646659102	0.09476828181034765	0.01007530403837026	0.1759113269149117	0.1515808416121525	0.2583026243445431	0.1782860829053322	0.1515060451519077	0.1575826162432395	0.01024066343197839	0.01012685712114981	0.04319959721640237	0.1178198603201091	0.0100944960508827	0.06393713773521735	0.1036144500324834	0.07082079628141856	0.04949055186078183	0.01206892886028371	0.0101389371322934	0.01006384059094025	0.01008726454701818	0.01006491774610887	0.0101127034790897	0.01011802874771269	0.01019385414380522	0.01022789857286236	0.01038292191394754	0.01041533241825339	0.01062284792673341	0.04347645644282703	0.1300769262013857	0.01220761702757285	0.01098422139429873	0.01065004171100856	0.1796549486288427	0.1683762806846358	0.1161398045215368	0.0100610843589275	0.01019374294662442	0.01002560664727516	0.03666816548156573	0.1525236065437305	0.01052116651567041	0.01031065707204699	0.01011278875227841	0.0102174202282408	0.07942002398614406	-0.1199652265598503	0.1554853387800776	-0.005334028054456202	0.04795019389639543	-0.01845017095655991	0.09677619416343614	-0.01057296516648391	-0.02191550581364906	-0.0470577240876324	0.01253808390472808	0.08640458070942372	0.001024160277759997	0.0100845825137131	0.0100400994119639	0.01042726463650724	0.05578984313834918	0.01014888749834689	0.01010170055199358	0.01021408028242014	0.01067452264148972	0.0100882150276126	0.01021785372935033	0.1285730470717462	0.2053607900350237	0.236003143955295	0.3150094191014059	0.01065284149075214	0.01016994518736119	0.01012219167140106	0.2775071628746406	0.2115440399689135	0.1611489780335185	0.1552823035405489	0.124130204523859	0.1028094238396826	0.01013908182753554	0.04078979043013087	0.01077672246980805	0.01058609783615085	0.01023815211190116	0.01018616441764407	0.01016918454688783	0.01052052044169594	0.0152845158052532	0.01027375371923083	0.419866961055039	0.08635165591900691	0.01007320777922209	0.1830975639493999	0.1763655944911948	0.3075620692821774	0.209674236691513	0.1336572807421589	0.1361574298561624	0.01029204837734319	0.01015013400863088	0.03889659089163463	0.1076202394752304	0.01010961764192804	0.04838255569946123	0.1033474247356543	0.07051692536458813	0.04930742063343398	0.01242809145162002	0.01012301052310627	0.01005638797260605	0.0101076556628706	0.01008147461765141	0.01014407823379153	0.01013514387511839	0.01022536356924789	0.01027889869032561	0.01042084572947404	0.01046187947218447	0.01072543512074524	0.02418030027416855	0.1116112230399233	0.01096152980192099	0.0103526615858018	0.01081366693007247	0.1594149846588127	0.1585943125714243	0.1041312964725773	0.01006677608215713	0.01021049927311223	0.0100274168067268	0.02388709144085082	0.1492661855762765	0.01062557618414461	0.01043203581990824	0.0101538665793737	0.0102951222162504	-8.551182321922923	-1.605626036824609	1.031540398344559e-11	5.157564511441405e-11
0.2238378260932647	-0.2752050872604897	0.2181895419228759	-0.06871496406780318	2.167606386949847	0.9272173733170126	-0.01508808154245407	0.265856903827537	-0.03632999439809992	0.4202944182968305	0.8255558956901849	0.3655957560715661	-0.1777565520182688	0.1628357905369231	-0.1927507083127396	0.04334839681026904	0.5740921670546036	0.5740921670544434	1.332709805848721	1.332709805848814	0.2525059649459901	0.06963808234804475	3.399305648178564	0.1923192890960269	-0.07932089196926596	2.376374451604817	0.2358906510478274	0.2559153160559833	0.3974111924198838	0.3664529945727847	0.2916963031740662	0.1982266140073281	1.837092022361514	1.775683199298794	-0.386983569428459	0.5078760237728162	0.9528143400247017	1.289493826292669	-3.726551867142215	2.083249610736716	-0.09431921071904502	0.3051893162385416	-2.825050120310129	-0.8025180773173076	4.591023483535091	4.14671223862458	-0.896363948683306	-1.72920888677526	-0.3940776855295791	-0.8081276398402737	3.693886709015817	-0.6354670548661724	-0.6354670548662997	0.9202031241607748	0.9202031241608362	2.404995904843018	1.763310144656482	2.628920981101915	2.084379399241723	-1.961355750131246	-5.158820421616979	-2.020094819057724	2.511948975081215	6.348158756746237	6.209587430413119	1.553613333607024	2.484625786956793	0.7520645189809475	1.100526256347034	-4.895991456684154	1.531919101729623	0.01008968878005773	0.01004309395626436	0.01042808631851835	0.0597168610069678	0.01015121641026018	0.01010387292774344	0.01022331053697977	0.01126362887410433	0.01009102371075342	0.01022479136909784	0.1234290240067317	0.1953786810819826	0.2283867966359606	0.3016991625147691	0.01067845398839467	0.01016903128299554	0.01012001154582261	0.2770856569905885	0.2147968267173649	0.1638291593535399	0.1543707871089254	0.1262115259487594	0.1054393984346949	0.01014742187737452	0.04449602823376021	0.01083757145993809	0.01068108492699609	0.01023209192098583	0.01018985720764005	0.01016456616451964	0.01058796774516613	0.03271107987973285	0.01180747761206536	0.414194677723079	0.09016648183461852	0.01007318500739433	0.1805611965664959	0.1639261131277521	0.2796884267925826	0.1935518242680298	0.1403672077009728	0.144438475956661	0.01028534171461309	0.01014644861336263	0.04171059186881933	0.1113440021973862	0.0101071093920861	0.05224549888607476	0.1034358403870183	0.07058262341214941	0.04966424317441342	0.01235739676820737	0.01012617800054781	0.01005797012868784	0.01010486523770521	0.01007919348103733	0.01013955754536948	0.01013219148619431	0.01021946083437804	0.01027053984240292	0.01041587611755838	0.01045488653219004	0.01070829151542534	0.03027020706764933	0.1183619937820495	0.01155231248713333	0.0106565780286442	0.01079125521589606	0.1674074166751974	0.1617490402372354	0.1081234479822665	0.01006577199520852	0.01020777774797017	0.01002691764573593	0.02699323034659802	0.1508735599690645	0.01059732693748888	0.01041613069590864	0.01014831352515788	0.01028449527490579	0.0849346599412964	-0.1198973119821989	0.1550038515236379	-0.03241190434582569	0.04687225575766812	-0.03018439690551283	0.09292983500967084	-0.01262810316941109	-0.0391357295975524	-0.04616230321004199	0.0287959496051508	0.08136911086937694	-0.0004965032303219029	0.01007929853557713	0.01003781906259201	0.01034643310425153	0.02987942517349055	0.0101361364999424	0.01009804227387996	0.01016063108296335	0.01060213230904452	0.0100766114654622	0.0101891374961795	0.136691748157043	0.2179000725436735	0.247104419872806	0.3304313918160424	0.0104542142015039	0.0101540436175178	0.01011427319817935	0.275301784095234	0.2065081621172532	0.153828146154711	0.1529500122682059	0.1180294436284455	0.09610010396777691	0.01012622083446546	0.04904631308261153	0.01065968577412739	0.01047213076997628	0.01024615200088723	0.0101975822046894	0.01023358198495973	0.01057686523146839	0.01013761980913594	0.0101899290240362	0.4260026376503689	0.08395545167821464	0.01007001804165474	0.1897785877375984	0.1829510653605925	0.317810451842658	0.2184472958107903	0.1204544129615146	0.1208879905485164	0.0103474669172507	0.01017319026774757	0.04118250180638136	0.1006529891051343	0.0101242350599273	0.03432046330681742	0.1031405687101806	0.07019230637376038	0.05021036132555424	0.01274372507988189	0.01010926396100014	0.01005027184854967	0.01012922556896803	0.01009893830294793	0.01017655760826436	0.01015133388045024	0.0102537135336937	0.01032854985412264	0.01046170938675606	0.01050923499168886	0.01082447124870823	0.01280079791551408	0.09845333253076197	0.01095985082981957	0.01036714056770676	0.01098718170902603	0.1443521958173419	0.1486488162211669	0.09452526791978035	0.01007208863589941	0.01022688655717665	0.01002854132014656	0.01349484258009813	0.148348718748302	0.01069236243172105	0.01056280360743568	0.01019754015967014	0.01037739327118324	-8.484223782492519	-1.589579535356759	8.420186238567756e-12	-1.38775496899009e-10
0.2312990869630402	-0.2686716161054403	0.226870848910763	-0.09489789553560231	2.183312761724929	0.9265286457558607	-0.01291521777115326	0.2437561021603499	-0.04301184844265651	0.4520578771957559	0.8558892685531422	0.3588434893780195	-0.1877214708172258	0.1607170204507627	-0.1981272259769863	0.06939962767769656	0.5663843026385927	0.5663843026383082	1.338161675921643	1.338161675921701	0.2694146231238764	0.08271828713926345	3.417705651642807	0.20687243570025	-0.09400607706187147	2.340096724467837	0.2200663590033756	0.2744404150574871	0.4440450711902801	0.4122615386179224	0.3035064090650803	0.2178530258014662	1.841404201331951	1.782766599306928	-0.4234098824234337	0.5172151517037006	0.7881449157762415	1.047609536480073	-3.294257091131824	2.127500139949319	-0.09019612877793173	0.2774421298070411	-3.073904084706001	-0.9940819208867198	3.909401771116017	3.983899026067034	-0.9012758939380182	-0.9509750730811104	-0.1631092046552454	-0.6384544913654344	3.296658118614836	-1.411692385314132	-1.411692385296877	0.5152443246804335	0.5152443241561292	2.118042440201111	1.73777969060772	2.306116359141166	1.810064666663932	-1.968437374381411	-4.571440639852383	-2.221545106051027	2.455095170594598	6.129928164454188	6.049638764126781	1.628050087098913	2.751582862510829	0.419670214973988	0.79957967485354	-4.822031741840124	0.9700012167596945	0.01008365359939588	0.01004009023882049	0.0103724099447904	0.04194308018314422	0.01014057192283432	0.01010030597926666	0.01018161824225224	0.01089169792242328	0.01007985021440775	0.01019732041331835	0.1312068956833621	0.2072550234684266	0.2384566584256484	0.315605924887067	0.0105358830078281	0.01015763551612007	0.0101148868743562	0.2744491787761572	0.2091307546540596	0.1565272226887089	0.1522433564175085	0.1201677740706964	0.09829394158750285	0.01013387137428664	0.05154317119787739	0.01071040777819805	0.01054224529694581	0.01024092831507785	0.01019871892274721	0.02604958329651977	0.0106049551530643	0.02081358859514208	0.0109237904246459	0.4191335283615379	0.0872613298506028	0.01006964969511329	0.1861853782103783	0.1722691546970311	0.2942981580748753	0.2040963928060307	0.1275081213611615	0.1288048452334085	0.01036293422420036	0.01018168148504289	0.04341350412102844	0.1043100813488379	0.01013206602975121	0.03998126365621523	0.1035131586284567	0.07032390586531814	0.04718502019029671	0.01234079911594041	0.01011469433869878	0.01005285725268974	0.01012638233075807	0.01009817625330776	0.01020551839449075	0.01015061634565743	0.01025602994319929	0.01033237673422824	0.01045784776318262	0.0105072453443553	0.01082779684485177	0.02090507665845912	0.101136981658696	0.01126952795860949	0.01052016388099644	0.01102940134901956	0.1523039171768961	0.1521043437033434	0.0980689551251659	0.01007384802380574	0.0102336119405753	0.01002836362927339	0.01954725122854074	0.1490686140888846	0.01063165478091548	0.0169415252211111	0.02195663772902272	0.01813251523586281	0.08939811157343397	-0.1180134618464654	0.1532906297255411	-0.04357638949389427	0.04304507825384647	-0.03317890382040693	0.08376167227631544	-0.01108558580200036	-0.04747142379898377	-0.04290570727444182	0.03269568253701717	0.07340747369785548	-4.370167940396845e-06	0.01007797619732686	0.01003735143412184	0.01030814223429601	0.02028004095006686	0.0101278604823996	0.01009669263800789	0.01013481598727001	0.01055712804689306	0.010065334823482	0.01016179506230131	0.1437253544111376	0.228744443015145	0.25848623650743	0.3450309898318845	0.0103837075142899	0.01014306567481221	0.01010750484304934	0.2659865289717395	0.1964363022147312	0.1414156583738303	0.1466308542910404	0.108741468035803	0.08532523559458681	0.01011935367996634	0.06611932828019294	0.01055618918806741	0.01038623275505157	0.01025020557466223	0.01021331278914427	0.0646227489896313	0.01065448439571487	0.01010122786337207	0.01016509858661102	0.429997716830112	0.08424308410432568	0.01006390095005484	0.1971524996665725	0.1832585802589513	0.3169427250662689	0.2187715324443517	0.1045949903326787	0.1001627617924369	0.01049535899134708	0.01024299536154585	0.04824070327739566	0.0925861734098142	0.01017699747183648	0.02317695615121361	0.1039918053668139	0.06994385702588075	0.04025403817338571	0.01198020932393651	0.01010151815338162	0.01004713195755561	0.01015715604524947	0.01012677184757063	0.01033115559129263	0.01017839579972581	0.01031429266539996	0.01043084660754967	0.01051935622448031	0.01058633777346841	0.01101506377870244	0.0123061746362636	0.06691744493515753	0.0110889019394415	0.01043672495159394	0.01143235518519999	0.1230914534636299	0.132207367719458	0.08013985622438263	0.01008774230324058	0.01027899321297049	0.01003044199861536	0.012497416156148	0.1454733380628643	0.01063421636027761	0.03245830000995781	0.05043903156868576	0.03689730109738888	-8.238513363606424	-2.499458656082947	3.201321378375154e-12	-2.129691808169657e-10
0.2387603478328157	-0.2635983599014814	0.233972765792608	-0.1179100355465851	2.199363559634099	0.9258728957077015	-0.01094506999559752	0.2203624375754738	-0.05124658982949864	0.4784264963384475	0.8850014474361784	0.3523301941246859	-0.1920829263811847	0.1605622367454808	-0.2023586419867029	0.09265448292910265	0.5533088331189712	0.5533088331188357	1.340011565972827	1.340011565972784	0.2839730046304808	0.0954944075824543	3.43376190782909	0.2192323582554909	-0.1085966244439415	2.308067905613144	0.2027408001193887	0.2925719553641227	0.4885541870098533	0.4564332537787127	0.3162289340559213	0.2389189593032086	1.84359108142868	1.787635716412325	-0.4582526034110562	0.5223293366575659	0.5614019561280942	0.8661363976927324	-2.876617382402961	2.175572648356113	-0.08547954779108058	0.2508510484237927	-3.171603589372461	-1.21877140663774	3.144930162837702	3.819369715876927	-0.8323073657488747	-0.2271937892642976	0.132371239071279	-0.5011817557874468	2.944314843133749	-2.074260094803808	-2.074260094804662	-0.0453119755571385	-0.0453119755571411	1.775001400847965	1.681799967243142	2.000676688641396	1.496483040594315	-1.935987997387203	-4.019895417730174	-2.422511211475138	2.406455090603231	5.77861347810507	5.770833468808365	1.798188376476443	2.870491321170025	0.1823755855729417	0.5069850462956245	-4.47150770352529	0.3994180265740989	0.0100802440507966	0.01003849956384268	0.01032640934549214	0.02801125571239104	0.01013124666054261	0.01009797431480441	0.01014876725206611	0.01070142996403856	0.01006861902124492	0.01016991966139001	0.1385652122345986	0.21855187172246	0.2489641478164663	0.3296290199319168	0.01043339594202143	0.01014647226693091	0.01010884644796379	0.2691526074965548	0.2015638472794248	0.1468565099628765	0.1482195563449043	0.1125444503280829	0.0893073357251427	0.01012404375976327	0.06364777635107528	0.01059638680428071	0.01043284497167953	0.01024710068208377	0.01021140651144658	0.06164769999277627	0.01065568779443544	0.0151929710733283	0.01051668785908799	0.4237213952732203	0.08591257557821676	0.01006467591569971	0.1925276757323282	0.1770157386458758	0.3027237232659115	0.2102081124510143	0.1130183877771971	0.1104473190839696	0.01047965655548447	0.01023616876043139	0.04791304584007084	0.09670818591219851	0.01017251097339743	0.02806021681361132	0.1039612986436027	0.07007025540068335	0.04076414640366859	0.01190958810998381	0.01010529282760235	0.01004884361462101	0.01015147130260357	0.01012208916375092	0.01032083640157093	0.01017385186166119	0.01030596838531781	0.01041673565086851	0.01050854283774524	0.01057337304066684	0.01098681961897811	0.01625911382097289	0.07642596365692128	0.01121556585345762	0.01049839671497436	0.01138253806384408	0.1341051213701378	0.1392554040908675	0.08575112511398687	0.01008614571290217	0.01027407747927837	0.0100300629604694	0.01555167563629628	0.1467755266896616	0.01061451114148506	0.03171608874306657	0.04861741836100781	0.03593349254425531	0.09386156320557126	-0.1161296117107332	0.1515774079274462	-0.05474087464196051	0.03921790075002541	-0.03617341073530057	0.07459350954296301	-0.009543068434592404	-0.05580711800041439	-0.0396491113388425	0.03659541546888413	0.06544583652633743	0.0004877628944396707	0.0100766538590785	0.01003688380565291	0.01026985136434343	0.01068065672664718	0.01011958446485938	0.01009534300213697	0.01010900089157938	0.01051212378474075	0.0100540581815142	0.01013445262842947	0.1507589606652278	0.2395888134866065	0.2698680531420565	0.3596305878477417	0.01031320082707435	0.01013208773210567	0.01010073648792286	0.2566712738482418	0.1863644423122088	0.1290031705929469	0.1403116963138734	0.09945349244315906	0.07455036722139421	0.01011248652546733	0.0831923434777721	0.01045269260200976	0.0103003347401319	0.0102542591484332	0.01022904337359919	0.1190119159942965	0.01073210355996022	0.01006483591760954	0.0101402681491867	0.4339927960098501	0.08453071653043313	0.01005778385844543	0.2045264115955492	0.1835660951573131	0.3160749982898959	0.2190957690779153	0.08873556770384082	0.07943753303635531	0.01064325106544409	0.01031280045534467	0.05529890474840985	0.08451935771449344	0.01022975988374741	0.01203344899560938	0.1048430420234483	0.06969540767800093	0.03029771502121799	0.01121669356799179	0.01009377234575385	0.01004399206654261	0.01018508652153676	0.01015460539219704	0.01048575357432244	0.01020545771900074	0.01037487179710641	0.01053314336097772	0.01057700306220414	0.01066344055524774	0.01120565630869668	0.01181155135701271	0.0353815573395519	0.01121795304906639	0.01050630933548513	0.01187752866137473	0.1018307111099179	0.1157659192177445	0.065754444528984	0.01010339597058358	0.01033109986876489	0.01003234267705786	0.01149998973219783	0.1425979573774282	0.01057607028883196	0.05435379641249593	0.09068052297776122	0.06341720892362683	-7.86693574523259	-4.501300172962655	-7.265407348103845e-12	-1.03756351952607e-10
0.2462216087025912	-0.2603018563827497	0.2399859245347174	-0.1378630126681402	2.215794490231545	0.9252663813969024	-0.009170663730416822	0.1965592043928002	-0.06135895118124555	0.4987502543729644	0.9126518540393651	0.3466743178645286	-0.1912421038925316	0.1627202246346492	-0.2057468449788873	0.1134194217613093	0.5355706350170927	0.5355706350170317	1.336884811097119	1.336884811097022	0.2957929795877229	0.1077550331431318	3.447641627279285	0.229126569127416	-0.1228126426602689	2.279951888283907	0.183303059212473	0.3103776924279022	0.5299816401204658	0.4980900133206059	0.3304837526707883	0.2603384332584684	1.844327408784928	1.790511543636598	-0.4908925979287423	0.5230130214057415	0.3446234337129464	0.7521455713516727	-2.480836687875456	2.23008399344494	-0.07480184929660873	0.2255889792343692	-3.229604314743594	-1.496133330004499	2.302907330042106	3.548859412772755	-0.6717244544401925	0.4432992244519487	0.4221206938396582	-0.4150179976577503	2.626709541392465	-2.679398182698573	-2.679398182711592	-0.8319718753389097	-0.8319718754118035	1.393481438483966	1.601113613733371	1.724017073868999	1.156623011209338	-1.869307679773471	-3.526892943432205	-2.79331623437536	2.370001025279553	5.31252079081984	5.379199836239144	2.034885149642359	2.842102902043058	0.02948172956022248	0.2821908328920267	-4.264781842265394	-0.228823980958869	0.0100802420175163	0.01003839728663725	0.01028968486171426	0.01877876235951914	0.01012607844573852	0.01009877348657913	0.01012294457056929	0.01059768799595007	0.01005858185327586	0.0101458960218915	0.1447473894456399	0.2281507345276642	0.260512516148133	0.3445287535355559	0.01035077282276161	0.01013381893728411	0.01010225350512132	0.2606179786541108	0.191124783415132	0.1324916278034698	0.1431491748482681	0.1038368531113064	0.07742216060343	0.01011894652055972	0.08069734285694023	0.01050037909157653	0.01034910218967781	0.01025412002532742	0.01028371639486366	0.098310078983076	0.0107269015102112	0.0124241908211243	0.01030992541992393	0.4268626209663564	0.08626986320802194	0.01005893744467538	0.1988013072437665	0.1780879618824729	0.304783144520434	0.2118785559429639	0.09176819684330888	0.08700711993467179	0.01310250313643781	0.0103587737492924	0.05149156018075044	0.08539693640566023	0.0102724812557321	0.01940581932409696	0.1047657999395285	0.06986221694330312	0.03269535738798206	0.01144354619613027	0.01009693005304681	0.01004541783324257	0.01154762167314088	0.01622377261662939	0.02113397281756692	0.01019961168617326	0.01035706211062824	0.010661210036811	0.01056589859264131	0.01064585794179295	0.01118595285848751	0.01379956030775869	0.05270614084456421	0.0122350176402673	0.01066525079085175	0.01448470171352396	0.1080117177146946	0.1249398550479936	0.06888652780844078	0.01010775212845619	0.01033894671371488	0.01003193339045717	0.01332572643713956	0.1443483510452233	0.01056204082441903	0.04938852448014781	0.07928303509815947	0.05723612852071179	0.0979823941403019	-0.1101870142564658	0.1490633884122408	-0.06376022191770543	0.03334717672312298	-0.03748498202875763	0.06507508730896369	-0.007826489641517715	-0.06356627205080842	-0.03337875488287739	0.03907295362128613	0.05045177212058336	0.002200655084701394	0.01008321729012506	0.01003949611092482	0.01024955430042504	0.01050783084592883	0.01012351008735442	0.01010285157466838	0.01009475175038594	0.01050862852080505	0.01004688392937018	0.01011839519293798	0.15373369091825	0.2440152456250293	0.2850410406385117	0.378317170194843	0.01025459260433049	0.01011576950256934	0.01009336081230591	0.239479265690619	0.1684350833892362	0.102711709248367	0.1338590001348536	0.08918278502721087	0.05641955297732574	0.01011645946187677	0.1111693584422238	0.01039187143661897	0.01026048918598431	0.01026481930003263	0.0104405111157242	0.152058304116625	0.01083249539277736	0.01005321688786966	0.01013197066654465	0.4314005167145326	0.08845478150255572	0.01005106033205739	0.2099099362820715	0.1759957379444424	0.3010894002842848	0.209996502685097	0.05017877136391431	0.04518362791301987	0.01921456543395337	0.01058587860005891	0.05464261857713943	0.06334988389239685	0.01046195746331619	0.01145999032613759	0.1063817220649245	0.06960871648879541	0.0209815753825464	0.01090980364344589	0.0100866742495258	0.01004132744560309	0.01483611195717738	0.03079848144194439	0.04708565011762107	0.01023443722323449	0.01042102324176022	0.01114465819514461	0.01064514916519529	0.01074309825549773	0.01147742532663306	0.01158717659022854	0.02293632062385042	0.0146601238078624	0.01105463119127821	0.02148681447760621	0.0563530508829426	0.1006900510029572	0.03887415011028691	0.01014463706311465	0.01044542890110173	0.01003447292924366	0.01135348554764504	0.1402400836015911	0.01046944470706066	0.07569760646464502	0.126683843272666	0.08953591550396944	-7.378534682889796	-6.579670664470053	-1.575186792537304e-11	-1.911521182435289e-11
0.2536828695723666	-0.2581215397091045	0.2452928873439258	-0.1550651912832221	2.232661821132941	0.9247909180885431	-0.00756665194023903	0.1718593655875606	-0.07363645153919122	0.5127921223400176	0.9373103121073556	0.3424859289019648	-0.1856062359371975	0.1665038083339976	-0.2086709558730711	0.131925590307196	0.5133416789051213	0.5133416789051352	1.327012179719135	1.327012179719012	0.3047691159080397	0.1193339073385524	3.459551535945528	0.2365062795259116	-0.1364119435340657	2.255284724931918	0.1609751431033308	0.3279921691873836	0.5676282738008269	0.5364640564946769	0.3467744005314242	0.2808987173169692	1.844247159146363	1.792119900567139	-0.5217013957669641	0.5187256602059082	0.2622067225131309	0.6768397238617573	-2.139262515497682	2.292550277648242	-0.05035116885044977	0.2051766032845974	-3.411939810948625	-1.799139536348972	1.461061933441054	3.017374292799557	-0.4389456202388204	1.058123947821322	0.5681141621493797	-0.3767813077767674	2.338848735871323	-3.278013211343588	-3.278013211343422	-1.853552330488618	-1.853552330488682	1.012707014879398	1.499055689424536	1.4726665256879	0.8224681477053402	-1.770676168085086	-3.095425937877203	-3.197226168668461	2.355187535186683	4.765160257815435	4.890897376612409	2.343894869842962	2.640184430249399	-0.03650886551498782	0.1672381010942345	-3.980653220341155	-0.9330768509720099	0.01008389783984174	0.01003980752083659	0.01026210702625905	0.01439052188861973	0.01012597628096222	0.01010331057353392	0.01010356837085237	0.01054972795055148	0.01005013961944785	0.01012630916719944	0.1494316661574114	0.2355286629713309	0.2733865402015188	0.3606849475459448	0.01028151124657129	0.01011912362300366	0.01009522440572604	0.2485205668476232	0.1773127655687158	0.1122564659067184	0.1374147446627395	0.09426602157697622	0.06215970535362996	0.01011890221713177	0.1026333082885568	0.01042394491219537	0.01028979304966412	0.01026311134589141	0.01043350447757639	0.1314125950353741	0.01081434117617456	0.01117347720681404	0.01021362410810069	0.427956128834759	0.08837628027044835	0.01005265007574631	0.204654890890453	0.1753822276607171	0.3002380083393162	0.2090096103961749	0.06112531691893028	0.05724574571823907	0.01898721013860001	0.01056512246637349	0.05285668424454495	0.06896132603423913	0.01044606119971982	0.01506900018912213	0.1059203458160752	0.06971524344792515	0.02383864579544509	0.01106559528874491	0.01008927173536111	0.01004241613051513	0.01474224364607969	0.03015225921995939	0.04548125552192012	0.01022716364332635	0.01040539906526949	0.01110974309926916	0.01062925420046753	0.01072232491586297	0.0114253880688261	0.01256783812636073	0.03402037476131033	0.01459346514615967	0.01104426445744481	0.02113942301656076	0.07134410343960472	0.1099903062799421	0.04638904367620957	0.01014029594205847	0.01043134806689417	0.01003394858339479	0.01224405195931864	0.1419453254993079	0.01047941723889277	0.0684360008640653	0.111160649443741	0.08025263372947702	0.1021032250750332	-0.1042444168021969	0.1465493688970352	-0.07277956919345273	0.02747645269621984	-0.03879655332221434	0.05555666507496097	-0.006109910848442632	-0.07132542610120364	-0.02710839842691166	0.04155049177368711	0.03545770771482539	0.003913547274965792	0.01008978072116975	0.01004210841619437	0.01022925723650546	0.01033500496520844	0.01012743570984821	0.01011036014719912	0.01008050260919022	0.01050513325686872	0.01003970967721169	0.01010233775743936	0.1567084211712765	0.248441677763458	0.3002140281349727	0.397003752541943	0.01019598438158788	0.01009945127303442	0.01008598513668835	0.2222872575329969	0.1505057244662648	0.07642024790378805	0.1274063039558344	0.07891207761126397	0.03828873873325824	0.01012043239828544	0.1391463734066772	0.01033105027122618	0.01022064363183269	0.01027537945163384	0.01065197885784474	0.185104692238959	0.01093288722559385	0.01004159785812554	0.01012367318390101	0.428808237419204	0.09237884647467973	0.01004433680567429	0.2152934609685953	0.1684253807315682	0.2861038022786692	0.2008972362922699	0.01162197502398881	0.01092972278968546	0.02778587980246396	0.01085895674477505	0.05398633240586958	0.04218041007029973	0.01069415504288827	0.01088653165666584	0.1079204021064008	0.06952202529958922	0.01166543574388022	0.01060291371890146	0.01007957615330506	0.01003866282468041	0.01948713739281217	0.05144235749169418	0.08368554666092164	0.01026341672746964	0.01046717468641484	0.01175617302931152	0.01071329526818701	0.0108227559557484	0.01174919434456975	0.01136280182344463	0.01049108390814942	0.01810229456666501	0.01160295304707193	0.03109610029383759	0.01087539065596726	0.08561418278816846	0.01199385569158982	0.0101858781556493	0.01055975793343956	0.01003660318145297	0.01120698136309236	0.1378822098257506	0.0103628191252899	0.09704141651679339	0.1626871635675649	0.1156546220843082	-6.791081959826347	-8.32565986630007	-2.051076492765914e-11	1.927333774182292e-11
0.2611441304421421	-0.255835326420522	0.2501198804794352	-0.1700245787666808	2.250023753039335	0.924560347938978	-0.006086934590431483	0.1450793970785063	-0.08820714433469594	0.5207508586004247	0.9567765418334936	0.3402235534520918	-0.1756517726550864	0.1706012041915722	-0.2114866716466675	0.1484301888400363	0.4866927073907832	0.486692707390727	1.308668886142947	1.308668886142834	0.3109430451342111	0.130043593336139	3.469669442392119	0.2414565451500532	-0.1491296842148928	2.233644900861701	0.1349166829334265	0.3454915033598738	0.6008068502761167	0.570767147024252	0.3653758779342878	0.298992247883566	1.84389430905424	1.793215481052468	-0.5512206968303551	0.5088161034164642	0.3778156694139918	0.6180991776628625	-1.894332841998788	2.361422457006176	-0.01002790328984529	0.1934926702362424	-3.786149474066063	-2.102121590717483	0.6981130280478759	2.158547893965792	-0.1740608176360795	1.589239017984655	0.5027104760695507	-0.3824172196679352	2.102374743099848	-3.855278050721646	-3.855278050780883	-3.083668454313242	-3.083668454218456	0.6429789057107561	1.364554995972807	1.242688123991663	0.5066731269183152	-1.629399742028943	-2.711301511010551	-3.797322289266426	2.321694511064853	4.104947714478595	4.279294742904151	2.655205415684347	2.104479854099224	-0.05741466264901482	0.135993525405377	-3.926875582427805	-1.703219354786056	0.01009898838834792	0.01004741859813896	0.01024504274261552	0.01218748741077401	0.01012607028623611	0.01011107939387199	0.010090230262059	0.01055017650554906	0.01004301252291197	0.01010962623378271	0.1525206283987638	0.2409869949266477	0.2848516436159731	0.3745909129109435	0.01023154976499669	0.01010737142586539	0.0100905776489958	0.2331581096227095	0.1606230462330276	0.08697431120992165	0.1311960773551235	0.08609450858754709	0.04891397494796111	0.01011983738623604	0.1254218628176388	0.01036676573364747	0.01024156183313524	0.01026330884598359	0.02933999817649854	0.1563084936117316	0.01616903117159231	0.01055946220966163	0.01016574869630729	0.4259884579687906	0.09248968138745911	0.01004615266775498	0.2086591398989154	0.1658392094663789	0.2845228930817099	0.1980454169750054	0.03581568082484242	0.03352840193081112	0.02879470031371191	0.01694115597197351	0.04792575556227055	0.05127389953085722	0.01305894336638221	0.01278084241423262	0.1071679897396225	0.07006513438775573	0.01720464776937197	0.01077586835831495	0.01008234834085518	0.01003979032145477	0.03458701014470815	0.05612042091326905	0.06728762654244171	0.0103412824785964	0.01219675906999616	0.02008538131891868	0.01076968563132099	0.0110792523435374	0.01322739715962069	0.01185303813323565	0.02162177057456898	0.02204602245298881	0.01955603581756953	0.03002786134811243	0.04094583907041016	0.09516330589455092	0.02838799354343056	0.01016721306558735	0.01052137108032724	0.01003581732307773	0.01169571833854225	0.1403614888256091	0.01039624154201597	0.08332984065750787	0.1364262624677318	0.09836544141106426	0.1096089120369021	-0.09764909233693196	0.1441428879833973	-0.08155553442574112	0.004294172686724256	-0.03810767303465866	0.01409382677221654	-0.004912626062478965	-0.07912837708779263	-0.002930666454989469	0.04176543275137042	-0.005961520071602238	0.005652444876112593	0.01012986691799175	0.01006354316668409	0.0102318549152435	0.01028809700538091	0.01012508163824936	0.01012363909272783	0.01007776725036402	0.01058826220607507	0.01003478220585608	0.01008998623691479	0.1561385491287722	0.249546738217076	0.3050169333479627	0.4002242080810423	0.01018409400755748	0.01009584888725598	0.01008723493512615	0.1999640250552799	0.1287174681480791	0.04375161041760797	0.1204317999699212	0.07573253177530626	0.0337811226688092	0.01012078354907337	0.1624405439313571	0.01030826675663728	0.01018461147466616	0.01025359302518128	0.07539865488963822	0.1884913986206095	0.02889291383194764	0.01004081759588415	0.01012692946498767	0.4166571094702062	0.1008654525486236	0.0100376573476613	0.2133611716683579	0.1403035088898342	0.2359781847853653	0.1670125111113925	0.01094305274340283	0.01058722335502095	0.04559487723362533	0.03198019817001257	0.03404185105702386	0.02638065048272425	0.01907648876095104	0.01077480040984586	0.1091492274257562	0.0711873460960733	0.01115320558190243	0.01047186928504709	0.01007398950905572	0.01003668397353157	0.07976047229337366	0.1054654987964046	0.09287593221866672	0.01058177517476907	0.01640620004700952	0.04118388684813806	0.01103326312635712	0.01184363360492382	0.01725640116754122	0.01115013890717049	0.01038337115617704	0.03720890917756471	0.03959044708220227	0.04367445711842567	0.01052515964634088	0.07241204837037024	0.01122488131911502	0.01019317444620939	0.01062832544293166	0.01003804172802599	0.01125081990706744	0.1388628824263072	0.01029574235622034	0.1003381476526965	0.1690622762902672	0.1198273039858962	-6.090240476229331	-9.005599625696247	-2.183928279648257e-11	5.076559439876699e-11
0.2686053913119176	-0.2520776822742293	0.2545322671328019	-0.1836872787739321	2.267901480767093	0.9246625490703023	-0.004648971860461893	0.1150666979463777	-0.1049392894793629	0.5235951194479124	0.9688941824309778	0.3397904024804551	-0.1622033038474223	0.1735953368625925	-0.2144438785887378	0.1635541828967239	0.4559604004874449	0.4559604004873441	1.280693459962734	1.28069345996264	0.314375274832934	0.1395900576473826	3.478143889504473	0.2441001973288114	-0.1605934405510963	2.21473354888321	0.104167057935409	0.3624312432990673	0.6285345184401335	0.5999519544422973	0.3865900341603135	0.3107310973465265	1.843400212073373	1.794291925504936	-0.5802233481703525	0.4936073720704218	0.6566255439747616	0.5657039550041419	-1.791683869179873	2.430809971368665	0.0388485758640599	0.1939842269417342	-4.278477164636707	-2.378519452345605	0.09012061335303907	1.047576088601796	0.05138021403192008	1.994696355010178	0.2723831298674068	-0.414708186941762	1.968776035984467	-4.372556199731871	-4.372556199731702	-4.435457124502517	-4.435457124502679	0.2777911409326152	1.187252709652811	1.032135263491024	0.2041776241971543	-1.434544148067567	-2.364055693780978	-4.454698574731846	2.205187624860315	3.304037692437266	3.518935398167778	3.044226586265748	0.936804474821069	-0.07437026485460628	0.1621086643553023	-3.842164635621504	-2.353527000628751	0.01012800359922665	0.0100627315929589	0.01023892912592424	0.0111738107536887	0.01012480048756658	0.01012191779064874	0.01008279896979704	0.01059664732654683	0.01003711092075146	0.01009535589541443	0.1539551096350885	0.2446422771396288	0.2936004200209324	0.3844562498298107	0.01020278943542426	0.01010015936019016	0.01008921599230101	0.2146633900900099	0.1412881004633072	0.05696763513113024	0.1245758767212137	0.08029225405916626	0.0399766659092372	0.01012044719868407	0.147770836456037	0.01032873450072933	0.01020012122786684	0.01025126222265638	0.07137280345675183	0.1709366691244203	0.02832747202281899	0.01028623410449415	0.01014635274885172	0.4203824310034114	0.09869635817880883	0.01003955374785232	0.2101445102183307	0.1478527011067515	0.2548582124951843	0.1770247951750223	0.02274352611293213	0.02152974152697064	0.04268662963798131	0.03123516698300913	0.03501382601551489	0.03406369824161025	0.01883584147100967	0.01169144291415876	0.1084045080746426	0.0710765645658433	0.01387267087762437	0.01057430461460019	0.01007616961544472	0.01003752497244197	0.07456568925963841	0.0950088921695475	0.0820730647199739	0.01056908263891918	0.01627365331427096	0.03988221801097913	0.0110099530353701	0.01180487341745421	0.01706713115420163	0.01141630834534508	0.01570829200691654	0.03566448086004651	0.03839879662312536	0.04074253881762188	0.0251690312035528	0.08081463366959997	0.01922291984710815	0.01018319931374168	0.0105994363518251	0.01003744636026327	0.01147587695603287	0.1399453363800428	0.01032201807557722	0.09222129557345544	0.1523238028061261	0.1093499317559937	0.1171145989987703	-0.09105376787166829	0.1417364070697607	-0.09033149965802825	-0.01888810732277085	-0.03741879274710384	-0.02736901153052517	-0.003715341276513608	-0.08693132807438046	0.02124706551693239	0.04198037372905503	-0.04738074785802702	0.007391342477255736	0.01016995311481737	0.01008497791717894	0.0102344525939815	0.0102411890455536	0.01012272756665229	0.01013691803825752	0.01007503189153723	0.01067139115528272	0.01002985473451465	0.01007763471639713	0.1555686770862651	0.2506517986706913	0.3098198385609624	0.4034446636201296	0.01017220363352472	0.01009224650147381	0.01008848473356169	0.1776407925775627	0.1069292118298939	0.01108297293142738	0.1134572959840086	0.0725529859393485	0.02927350660435979	0.01012113469986222	0.1857347144560388	0.01028548324204986	0.01014857931750289	0.01023180659872769	0.1401453309214369	0.1918781050022568	0.04685294043830261	0.01004003733364245	0.01013018574607485	0.4045059815212264	0.1093520586225675	0.0100309778896461	0.2114288823681156	0.1121816370481037	0.1858525672920617	0.1331277859305241	0.01026413046281628	0.01024472392035601	0.06340387466478674	0.05310143959524899	0.01409736970817768	0.01058089089514902	0.02745882247901049	0.0106630691630259	0.1103780527451107	0.07285266689255691	0.01064097541992719	0.01034082485119479	0.01006840286479673	0.0100347051223616	0.1400338071939345	0.1594886401011139	0.102066317776411	0.01090013362206747	0.02234522540760255	0.07061160066696455	0.01135323098452667	0.01286451125409779	0.02276360799051192	0.01093747599089607	0.0102756584042047	0.0563155237884633	0.06757794111733442	0.0562528139430138	0.01017492863671469	0.0592099139525722	0.01045590694664019	0.01020047073676557	0.01069689295242266	0.01003948027457223	0.01129465845104289	0.1398435550268675	0.01022866558715069	0.1036348787885972	0.175437389012966	0.1239999858874827	-5.282610304247731	-8.570929167428082	-1.539227462945732e-11	6.662625379478632e-11
0.2760666521816931	-0.2458598151806477	0.25850734723386	-0.1972105067431726	2.286277436040225	0.9251303954375772	-0.00315327784545827	0.08132649678811535	-0.1234659619726862	0.5226874811865032	0.972138424174711	0.3406462646822874	-0.1462073697153385	0.1745236132364674	-0.2176143902580872	0.1781998550191446	0.4218521885527051	0.4218521885523739	1.242437282942708	1.242437282942632	0.3151330221030757	0.1476803630742259	3.485125189888499	0.2445602926957716	-0.170436275289334	2.198272289471582	0.06775737555537924	0.3781731582792263	0.649947668452475	0.6230923771075927	0.4107866865642164	0.3112612156694385	1.842776341556856	1.795698541522477	-0.6094506053907597	0.4745552262231164	0.9800554330247727	0.4763939102109519	-1.854049880111833	2.491405477013414	0.08235249499484011	0.2092497036410497	-4.70082781522586	-2.531831144277596	-0.2813571026803927	-0.1488601885020187	0.1302362525722866	2.299799683331957	0.005060188679320119	-0.3995270903612627	1.981097900703029	-4.707415588605225	-4.707415588623094	-5.798064767118331	-5.798064766958479	-0.07570880451121433	0.975111998198501	0.8434548647063549	-0.08238769451378386	-1.195737675371757	-2.055110093036048	-5.315935813697928	2.015259862805445	2.432559545640838	2.67610732927792	3.419670961333896	-0.7977341362602398	-0.09470706953566281	0.2141353739710479	-4.002218150281045	-2.707816992558911	0.03187275882754277	0.04450105749420574	0.01025119953145843	0.01067295631058769	0.01071344849100905	0.02249741079815304	0.0100837963198568	0.01227420985282431	0.01003183076642988	0.01008116877095879	0.1547610670410122	0.2468874014694293	0.3018672801996493	0.3921664120265565	0.01019490005515045	0.01009946118873833	0.01009065155706337	0.1859651160266632	0.1149763734117212	0.03357395234300854	0.1176063893899627	0.07952345760798341	0.04212997959797182	0.01348664907367052	0.1658289076887239	0.01042220181242376	0.01479279512314401	0.01308693779649244	0.1103994084514737	0.1814238552128322	0.04332795220409885	0.01015640831727831	0.0101513003155832	0.407528513691904	0.1057499485209717	0.0100333097775359	0.2065294320352193	0.1194117051084245	0.2078705759821441	0.1434222853003386	0.01606435910159882	0.01547952132707478	0.05486447659407753	0.04892968712582375	0.02358317304658092	0.02167113140706058	0.03368443255215485	0.0111237245246282	0.1091938536938281	0.07203018044795761	0.0121160294293427	0.01043723791914461	0.0100709976430473	0.01003579472750526	0.1089003430371861	0.12826573052712	0.09282187436363583	0.02754521329216258	0.03210089065311443	0.06025897958689924	0.01912609541230526	0.02117585386809728	0.02502782711025674	0.01112797844639597	0.01276846615894052	0.04770009662308653	0.05714060295481072	0.0497334693004919	0.0171808103106098	0.06377020222757132	0.01449367542694131	0.01620063423680506	0.01096577686514556	0.01003888860753039	0.01204409226796165	0.1400681305914863	0.01026030817065783	0.09844977800938766	0.1641502351696577	0.1173656862982024	0.1222297237678826	-0.04711042024289806	0.1319211295895529	-0.09813118720545923	-0.03249528995074165	-0.03593135851894754	-0.05127486916565778	-0.003098423344409563	-0.09437327299773102	0.03535123207543311	0.04105552192812675	-0.06496620631118617	0.007449872532286649	0.08523012277785603	0.1308371983843298	0.01028400611612206	0.01025752145229106	0.01211155760752006	0.05240399884414221	0.01009260695186085	0.01620356181015459	0.01002534279842888	0.01006225820325629	0.1559655898286844	0.2498743976445255	0.319786240424748	0.4079481220623988	0.01020158722861347	0.01010437483417697	0.01009466054259933	0.1187973353772691	0.06343025683602135	0.01112658209915315	0.1059417108192269	0.08390327786517694	0.05656034257895934	0.02150637484640255	0.1913037063718326	0.01067977777766056	0.02580178523540068	0.01985602097800885	0.1631067407783733	0.1982285116092255	0.06582777755695476	0.01005299382670211	0.01017644672557811	0.3660767067099011	0.1173368263468169	0.01002563343293843	0.1927727554385582	0.06159675355610589	0.09807910101246156	0.07191358763487571	0.01019833317174865	0.01018421662157211	0.06921330519930237	0.07590634783908094	0.0124980008403803	0.01040640264068881	0.06331933791821243	0.01062733639901342	0.1098522606755808	0.07315118819386587	0.01060340010156476	0.01030587503317766	0.01006518858623693	0.01003403562520293	0.151105552329767	0.1718502007369723	0.1063736266275138	0.06867104046703593	0.06611689857932436	0.08774581860298376	0.03837240095433873	0.0429392570161409	0.03973245103958948	0.01084009892171688	0.01023310439569481	0.0612368650133999	0.08139010565665999	0.05997355884964616	0.01013268137485038	0.03509754909591276	0.01035958936159666	0.030586758910264	0.01175471343290691	0.0100406176943683	0.01354733573546802	0.1405412342936411	0.01019148235274783	0.1067316697062754	0.1824862601886688	0.1288292377648566	-4.350312070069791	-7.604050639774906	-8.018457569843654e-12	7.499208772840214e-11
0.2835279130514686	-0.2379008446960425	0.2612916732733338	-0.2116650076707241	2.305027579103744	0.9258286961150139	-0.00149194757348397	0.04588542354613485	-0.1418887183497015	0.5201733843439026	0.9671069536242969	0.3410205826567451	-0.1277835191237334	0.1740978961157865	-0.2198742272415171	0.1934765505926827	0.3866506603313074	0.386650660331242	1.194486467597037	1.194486467596976	0.3132300975147724	0.1540479002982505	3.4907936959936	0.2428477965567497	-0.1783159607335638	2.183966063967944	0.02467611565144542	0.3925160618729356	0.6647863380841037	0.6397701933634616	0.4372911905428153	0.2987816992297925	1.841959365638811	1.797475411049883	-0.6400954793567954	0.4538804817591551	1.123330412742606	0.246520888354031	-2.041312711867706	2.531111461131307	0.1006221331474913	0.2383832259152442	-4.734397983557758	-2.350664611385999	-0.3404925519932831	-1.170738600123451	-0.07769829870823812	2.645502299228	-0.09055646314679787	-0.1706007353505122	2.137922635211561	-4.665620953253575	-4.665620953253304	-7.034116652828188	-7.034116652828513	-0.4354051689115541	0.7254626090024764	0.6802391693288981	-0.3781881567662432	-0.9083196051981057	-1.786396248363894	-6.243022998854492	1.830180929590925	1.541740274487084	1.78662593369071	3.662848993654237	-2.550443857512576	-0.1261324012809294	0.2613555654735479	-4.22215851848107	-2.788466521070616	0.08018303653206808	0.1197254970816914	0.01028423419491457	0.01045955416312374	0.01207944003898024	0.05044349503862299	0.01009402957658485	0.01607645794494019	0.01002697860503495	0.01006631861155827	0.1553829429605467	0.2479005893213164	0.3107354921883649	0.3986768133623589	0.0102077720981436	0.01010590884755891	0.01009472802595197	0.1428170362180819	0.0792777023601878	0.02195279685118009	0.1103124530505969	0.08474102631691557	0.0573157770436909	0.02123451832643314	0.178028254448627	0.0106831003899301	0.02538699652001819	0.01964217906136725	0.1399185729758037	0.1900008468798884	0.06001512550571926	0.01010609528068568	0.01017926138481775	0.3852956312141241	0.1131768096178846	0.0100275669355658	0.196498793963148	0.07901725630025154	0.140202613446303	0.09518003101712141	0.01296408459602267	0.01267964724466547	0.06354992536127979	0.06873315433779097	0.01730967431513808	0.01572358783635916	0.05911490093311997	0.01085134276381549	0.1093570186593279	0.07265374086340608	0.01130895052021171	0.01035699839656384	0.01006691635122879	0.0100346555092227	0.1307532319446982	0.1505716861710807	0.1002912692300236	0.06528420338484348	0.06205250011255195	0.07835928759860776	0.03729131819563371	0.0414647114873483	0.03769921138360735	0.01094570305294974	0.01142197890594264	0.05581853993422459	0.07283400148086623	0.05586988027170721	0.01346925297665366	0.04257548758024743	0.01229170773336164	0.02995429926221288	0.01171616462283514	0.01004016100729809	0.01354523880743299	0.1404532900545075	0.01021225229198107	0.1031178593319444	0.1737092120947729	0.1238049337862489	0.1273448485369953	-0.003167072614126539	0.1221058521093417	-0.1059308747528911	-0.04610247257871292	-0.03444392429079046	-0.07518072680079137	-0.002481505412307655	-0.1018152179210818	0.04945539863393431	0.04013067012719726	-0.08255166476434644	0.007508402587321114	0.1602902924408905	0.2515894188514778	0.01033355963826226	0.01027385385902885	0.01410038764838074	0.09467107965002595	0.0101101820121832	0.02173573246502448	0.01002083086233919	0.01004688169011292	0.1563625025711038	0.249096996618361	0.3297526422885353	0.4124515805046762	0.01023097082370325	0.01011650316688184	0.01010083635163768	0.05995387817697446	0.01993130184214913	0.01117019126687936	0.09842612565444531	0.09525356979100491	0.08384717855355814	0.0328916149929407	0.1968726982876233	0.0110740723132716	0.04145499115329885	0.02948023535728795	0.1860681506353064	0.2045789182161923	0.08480261467560667	0.01006595031975744	0.01022270770507989	0.3276474318985662	0.1253215940710661	0.01002028897622978	0.1741166285090034	0.01101187006410586	0.01030563473286327	0.01069938933922187	0.01013253588067969	0.01012370932278689	0.07502273573381789	0.09871125608291363	0.01089863197258273	0.01023191438622756	0.09917985335741354	0.01059160363500106	0.1093264686060507	0.07344970949517385	0.01056582478320202	0.01027092521515964	0.01006197430768121	0.01003336612805356	0.162177297465602	0.1842117613728312	0.1106809354786159	0.1264419473120048	0.1098885717510481	0.1048800365390034	0.06539157092415111	0.07301400277818494	0.05670129408866739	0.01074272185253771	0.01019055038718439	0.06615820623833703	0.09520227019598645	0.06369430375627863	0.01009043411298467	0.0109851842392534	0.0102632717765528	0.05097304708376267	0.01281253391339063	0.01004175511417674	0.01580001301989118	0.1412389135604134	0.01015429911834457	0.1098284606239542	0.1895351313643752	0.1336584896422323	-3.214113597661099	-6.436294988497986	1.921907192322551e-12	6.260302038151558e-11
0.2909891739212441	-0.2298696848592818	0.2616599616763672	-0.2278400169220223	2.323978709132106	0.926541165676524	0.0004298157321359564	0.0121047088225011	-0.1574002649702504	0.5184385094519486	0.9554600801353142	0.3386131875087248	-0.1063456736180084	0.173845009792773	-0.2193515387187214	0.210371453636502	0.3535583008460446	0.353558300846025	1.138022740783394	1.138022740783339	0.3086059265530238	0.1584105232279758	3.495328267188168	0.2388542990916534	-0.183855882951452	2.17151927051413	-0.02582187469997594	0.4056427907551339	0.6730019612052218	0.6496642580218246	0.4646438592066523	0.2741303539612012	1.840892134509685	1.799597714503392	-0.6734109693288598	0.4334940391690649	1.021424667628854	-0.1712312248939169	-2.283634548500293	2.547217696977527	0.08775563141556626	0.2761684145772859	-4.315061968765901	-1.774540111183907	-0.1232733127077998	-1.946891321880472	-0.5807268206643147	3.130758255571761	0.01507219563860381	0.336642262214486	2.376837138874844	-4.188495717770414	-4.188495717738657	-8.07361948005083	-8.073619479942758	-0.7972813894201722	0.4421198872231117	0.5366320605879373	-0.6877421821400225	-0.5730477297173079	-1.554110411463808	-7.261714599602026	1.696831623812442	0.6726507806044852	0.8700137024012133	3.63467485540746	-4.023884418707129	-0.1583603304090167	0.3072998203182493	-4.646388054453814	-2.638683700545868	0.1281298673551519	0.1903270212526633	0.02179753983338669	0.01047513446706316	0.03885773632466191	0.08744420119160605	0.01010526929671442	0.01847334921741058	0.01002216498260147	0.01005163468458182	0.1549494280675522	0.2507427618729187	0.2856960478232927	0.3654567875577018	0.01029899505238736	0.01015754391351883	0.01029271976985466	0.09867611725697009	0.04856585121076887	0.01684662838999887	0.10216397751065	0.0921885355594729	0.07546003876976444	0.04790111340519216	0.1845472610424206	0.03728169995459373	0.06653345759307439	0.04593453203937308	0.1617574851669108	0.1961442449030823	0.06771401769649529	0.01008226708915054	0.01020969753762904	0.3335205684659103	0.1195768807521091	0.01002263742656234	0.1681966135930804	0.04514688471549547	0.08005584402342757	0.05396729469871769	0.01142600030015242	0.01128994948312405	0.07068767673836394	0.08540086415092672	0.01381222043360993	0.01275147678127485	0.08230628748206487	0.010696572159823	0.1095401284996743	0.07342730527764899	0.01089035839004785	0.01030265976561145	0.01006334971312713	0.01003372317535384	0.1469145920318654	0.1675931803835513	0.1064304738551841	0.09887995330678682	0.08757095534302152	0.09306870644784772	0.05551543735811725	0.0599425777115019	0.04830306482587394	0.01080222847780465	0.01075058688923463	0.06151787162640135	0.08480238626672561	0.06005659507311097	0.01163911779038406	0.02608338259814132	0.01118521799911632	0.05641260971665063	0.01960376046360438	0.01004103165835671	0.01963462496724256	0.1408129696202537	0.01017651487839941	0.1069283220716549	0.1817060385529788	0.1291943357692841	0.1314332771908708	0.04713384704715703	0.1088038250758179	-0.113303088436268	-0.05371257930031443	-0.03255453421688976	-0.08685960993169763	-0.00193056629984897	-0.1085454351457316	0.05747350007722292	0.03887934719015104	-0.09436254420871863	0.007578282915710726	0.2001231208130822	0.3018744530510502	0.04956362840805622	0.01066623748373005	0.1037899867728062	0.1513933644825703	0.01011849808650479	0.01954427243347774	0.01001586265596118	0.01003297356668123	0.1527081413277689	0.2601683440566443	0.1699362948172205	0.2112552401105652	0.01049601702862242	0.01027112942215798	0.0107570001409328	0.03504060241221029	0.01511461295642243	0.01339071935203364	0.08822869428700034	0.1044902027356688	0.1023667161139563	0.1059033323941673	0.1900873455637344	0.102885829043618	0.1609184996459856	0.1042337637209759	0.1916500483148006	0.2044836045004672	0.0674300289775501	0.01005912144737741	0.01024578039130593	0.1688339145838559	0.128451227854	0.01001699863693995	0.09208583964253636	0.01060472122787324	0.01018260494837376	0.01041853934402487	0.01011062443484008	0.01010132322623265	0.08043117830861218	0.1062894951380912	0.01072454898512547	0.01018770296955973	0.1118960915832986	0.01054475974675538	0.110110297937791	0.07488890309094122	0.01051261917593935	0.01024525650172694	0.0100590002932025	0.01003258432654846	0.1704901816398977	0.1936894181783952	0.1155984657220569	0.140961413870688	0.1174026726760832	0.1121691092827219	0.07918806360049913	0.08176620358842511	0.05962899352689727	0.01063003386677254	0.01017742293910562	0.06802486210667481	0.09922088076553756	0.06462900386357014	0.01007768821157338	0.01072154243046067	0.01023516719451015	0.10727749118684	0.03770257365777599	0.01004177144718319	0.03246369763737732	0.1412693859328745	0.01013990706852341	0.1124310776882946	0.1947120331247687	0.1372777011672774	-2.288884592387329	-5.310675566513178	9.296573468012598e-12	3.766325889836907e-11
0.2984504347910196	-0.2227780979094441	0.2583868296403334	-0.2455816763815735	2.343015447712534	0.9270994244686424	0.002620536417531228	-0.01842408648437924	-0.167881602421886	0.5183527790448746	0.9381190192025817	0.3321588914839525	-0.08061971935080856	0.1742079409475822	-0.2144636715840351	0.2287369431763551	0.3243914313446587	0.3243914313447138	1.074417091757515	1.074417091757473	0.3014345405255314	0.1606182274055076	3.498822102196071	0.23265257008307	-0.1868133253209802	2.160713208130384	-0.08321975731651603	0.4179620746646098	0.6750057901693313	0.6528204958388391	0.4910164886798884	0.2392350209533598	1.839619805709624	1.802057657842532	-0.7085104252591332	0.4150636700541567	0.8714767640556876	-0.7295662638436835	-2.46125519505431	2.554058937048404	0.05928574988878711	0.3104775768352427	-3.86271705060494	-1.002310960778548	0.1015626208989283	-2.697072430912605	-1.16247497278942	3.794935038640529	0.07451415666979447	0.9994906704238701	2.532115124177934	-3.61338861524928	-3.613388615251071	-8.948517539490663	-8.948517539490686	-1.118189247896204	0.1478340313157288	0.4012685757709792	-0.9701072926505248	-0.2160827585659374	-1.34659630068893	-8.092547465315619	1.613744328527984	-0.1233386620049681	-0.01945669995614967	3.400148305063749	-5.296357160048512	-0.1811090800312099	0.3518603451792094	-4.700352752197374	-2.264138661224205	0.169502055516106	0.2470995148158996	0.04780740565057349	0.01070044110104554	0.09619370595222779	0.1318681006278254	0.01011488000401383	0.01834248463928743	0.01001726518325177	0.01003738262096524	0.1530700607552323	0.2568976134937501	0.2045821381517549	0.2663742596214146	0.01048698640589232	0.01026653904994764	0.01074567270791893	0.06131317434593504	0.03009283505049914	0.01573252360180714	0.09292828419288515	0.1004215144157306	0.09329783492132841	0.09663332033788655	0.185261366536415	0.09566349045276631	0.1426865612335511	0.09543477244716293	0.1758781540473464	0.1995857975429146	0.06259591558713956	0.01006790895877341	0.01023603062737989	0.2369580430241178	0.1243951354243214	0.01001862121803533	0.114068609169909	0.02730089485103935	0.04542581968028087	0.03172663790735785	0.01072699451065352	0.01065743918278317	0.07688282601609715	0.09723891127908793	0.01213553273882609	0.01138944929379746	0.09961054502093572	0.01060182679224641	0.110008624120153	0.0745330414592232	0.01067476947941215	0.01026428304101424	0.01006011323640724	0.01003287471445987	0.1592350713368551	0.1809790449176424	0.1119371486342427	0.1218659264434006	0.1034386708869181	0.1038934480031899	0.07096669372602213	0.07297249314975569	0.05474934981391858	0.01067584838676929	0.01044480817657312	0.06521776360161478	0.09267466245956095	0.06255662326765526	0.01081359894233882	0.01799192247999708	0.01067647766390607	0.09662391455137156	0.03652840837452432	0.01004142630081646	0.03137619594961938	0.1410223548810447	0.01015266568124997	0.1101441211191544	0.1884119212107227	0.1337295409665645	0.1355217058447475	0.09743476670844345	0.09550179804229438	-0.1206753021196455	-0.06132268602191639	-0.03066514414298968	-0.09853849306260366	-0.00137962718738834	-0.1152756523703819	0.06549160152051252	0.03762802425310569	-0.1061734236530908	0.007648163244097388	0.2399559491852777	0.3521594872506211	0.08879369717785059	0.01105862110843248	0.1934795858972309	0.208115649315114	0.01012681416082557	0.01735281240193067	0.01001089444958442	0.01001906544325072	0.1490537800844347	0.2712396914949262	0.010119947345904	0.01005889971645098	0.01076106323353999	0.01042575567743108	0.01141316393022701	0.01012732664744879	0.01029792407069619	0.01561124743718782	0.07803126291955498	0.1137268356803334	0.1208862536743562	0.1789150497953934	0.1833019928398454	0.1946975857739623	0.2803820081386695	0.1789872920846642	0.1972319459942943	0.204388290784747	0.0500574432794933	0.01005229257499584	0.01026885307753173	0.01002039726915096	0.1315808616369346	0.01001370829764823	0.01005505077606988	0.01019757239163779	0.0100595751638754	0.01013768934882417	0.01008871298900034	0.01007893712967853	0.08583962088340637	0.1138677341932681	0.01055046599766798	0.01014349155289182	0.1246123298091846	0.01049791585850987	0.1108941272695316	0.07632809668670858	0.01045941356867638	0.0102195877882942	0.01005602627872667	0.01003180252504839	0.1788030658141914	0.2031670749839581	0.1205159959654979	0.1554808804293714	0.1249167736011174	0.1194581820264395	0.09298455627684743	0.09051840439866525	0.06255669296512718	0.01051734588100731	0.01016429549102726	0.06989151797501243	0.1032394913350884	0.06556370397086191	0.01006494231016266	0.01045790062166792	0.01020706261246783	0.1635819352899161	0.06259261340216116	0.0100417877801937	0.04912738225486514	0.1412998583053341	0.01012551501870314	0.1150336947526344	0.1998889348851608	0.1408969126923212	-1.830012826637011	-4.288871134346387	7.807917699512354e-12	-3.063344596458425e-11
0.3059116956607951	-0.2167018361576788	0.2506387561430102	-0.2642470209023883	2.362089763108569	0.9274044533389687	0.005032951803629607	-0.04606457016897135	-0.1723969099650097	0.5193569231867242	0.9150497803316985	0.3214630238580194	-0.04932861079377177	0.1745303374410455	-0.2043966984785348	0.2477474788980578	0.2993446063788597	0.2993446063789994	1.004817620990116	1.004817620990108	0.2920903878564321	0.1606426754293529	3.501290187589313	0.2245137860464305	-0.1871027270535898	2.151372011851241	-0.1476197535037607	0.4298033133201534	0.6714336988719256	0.6495771130548259	0.5153447704389915	0.1954629541663079	1.838318774293943	1.8049649384725	-0.7463005600013406	0.4002782620272299	0.7464192411707395	-1.342257178859546	-2.548469470263722	2.556452051096205	0.01937697650577152	0.336360875170212	-3.520151560824938	-0.2089954959787154	0.1584248698976713	-3.464183173444154	-1.720898603562808	4.581923488957567	0.01671309493684837	1.698105898424976	2.571345647638746	-3.04940622916057	-3.049406229149228	-9.699722020509167	-9.699722020676065	-1.379257909347235	-0.1384931569586015	0.2575959570898325	-1.206178819392388	0.1350044224884162	-1.162668231967598	-8.910266457689207	1.570753575297858	-0.8202505909503941	-0.8378258976883148	3.241438444673472	-6.39226351780807	-0.1529131190170532	0.4450165872548526	-5.06040668012587	-1.646315207272843	0.2015984476733799	0.290305730806978	0.07359498464056335	0.0115639376314585	0.1419434437419686	0.1669352012717867	0.01380012685739677	0.03533000820309491	0.01001900988943427	0.01002974040808738	0.1346349257822802	0.2349202193069167	0.1203174208548929	0.1613875289712295	0.01054810537935418	0.01030673748434405	0.0114314765176963	0.03533161920168214	0.01961236014765335	0.0148831793419641	0.08607287451543201	0.1067641423768424	0.1059240076170417	0.1378993135537724	0.1887908832851721	0.1443871355862427	0.2028037003353199	0.1316003908511761	0.1890629149520323	0.1796577218867486	0.06326937045065095	0.01814967016625055	0.02933783345587921	0.1415670529482867	0.121818253505337	0.07364539410932856	0.06450421997721106	0.01820489375436565	0.02710308318670212	0.02032636281011811	0.01037905759882973	0.01034124492638283	0.07774372000989994	0.1028093352617635	0.01124251322536628	0.01071135310626328	0.1082744235060357	0.01054698259587387	0.1118526917979598	0.07661611057873256	0.01055444147294954	0.0102346802617829	0.01005692264782052	0.01003196708252488	0.1670057283449005	0.1897577449699684	0.1141940510992868	0.1353974212495945	0.1127986799274577	0.1108108339547438	0.08030915362115532	0.08053701405327802	0.05789118029651459	0.01056276494092798	0.01029512605487093	0.06824550530656603	0.09907182607532797	0.06374302331069651	0.01040888241155719	0.01404371946323877	0.01043200936205657	0.1202413287219259	0.04294076956142137	0.01004054734008686	0.04195778005009811	0.1430742762294996	0.0101329556851801	0.111964049883427	0.1929026987173743	0.1365216810940842	0.1374678309900157	0.1105036991178447	0.07678555713752183	-0.1248216514314405	-0.06583762821157572	-0.02994137236662955	-0.1048676729976771	6.403492954976564e-05	-0.1192867110601108	0.07047195731720976	0.03548043971073817	-0.1128984907287804	0.009024984148581959	0.2484818369788256	0.3600337838324584	0.1081032869111026	0.01331900382705927	0.1955424942522448	0.2124330277694114	0.02257499899555221	0.07840299382468001	0.01002843167097291	0.01002683683789491	0.07961766741852547	0.1407166819219481	0.01006626280743929	0.01003322403059307	0.01046554057498086	0.01026986882421406	0.01250697053971657	0.01010747324366139	0.01022662202590305	0.01294326616665929	0.07910421237878972	0.1140357906847367	0.1191157904678689	0.1909615044635	0.2024314506222721	0.2057636846861954	0.2801841076225535	0.1672154824391071	0.2149163070338343	0.1072179623394706	0.07558378010391167	0.03756194761417311	0.07602052996209149	0.01001262101469484	0.1077743975855307	0.2409980359493556	0.0100351205241706	0.01011433317243062	0.01003486203028789	0.01007976793255778	0.01008329731228787	0.01007129004153021	0.07252308058101328	0.1048386326747035	0.01043301655878453	0.0101344568396901	0.1122994890492815	0.01050310799801015	0.1165924475311262	0.08087765324606731	0.01044766719666622	0.0102015995332961	0.01005275468174237	0.01003070649256917	0.1754456933569408	0.2001531344689361	0.1136023333432815	0.1480672332339009	0.1221422509689262	0.1179697710734611	0.08749349158254362	0.08665946924603153	0.05965512594375295	0.01042598756548317	0.01017299070485983	0.07253840094974943	0.1085880639040803	0.06440755165599969	0.01006985607104024	0.01079116523665725	0.01024159756640837	0.1321349292470348	0.03722151440482002	0.01003816461411877	0.05390265817167105	0.1493034830873323	0.01010877772604164	0.1132107021420433	0.1982386383575668	0.1390618942544428	-1.574280104737869	-3.428969778450351	6.420779878826479e-12	-7.268567877709123e-11
0.3133729565305705	-0.2118015992451664	0.2384324313350285	-0.2837076145911492	2.381128608759142	0.9273423085780033	0.00764268820825222	-0.070562707314701	-0.1710148590136033	0.5205799700233741	0.8867601552580591	0.3062350102875449	-0.01240644723120191	0.1745290971387968	-0.1891365983858074	0.2672222659244708	0.279648199532165	0.2796481995321971	0.9297919018622685	0.9297919018622848	0.2809609355578592	0.1585931575761176	3.502625662216876	0.2147327997456737	-0.1848510051899152	2.143283496743473	-0.2123082778769764	0.4415574636070643	0.6629732169511446	0.6404987336161775	0.541183019897075	0.1445109006305609	1.837557628503667	1.80896071836847	-0.7785190597839627	0.3912842948305582	0.5562418838758488	-1.924605919774597	-2.674422696758846	2.544551228873699	-0.03913558652438483	0.3633697145459416	-3.020407260528664	0.5784831163491467	0.1602397550006349	-4.096403266429801	-2.377322175121954	5.304346142361878	-0.01223707797802008	2.391514640206895	2.656558248268214	-2.179202567807219	-2.179202567807322	-10.4030299752123	-10.40302997521233	-1.596740972776252	-0.408095030355628	0.09767089018356012	-1.410301595685572	0.4650684947584176	-1.010813597642324	-8.16988779476427	1.590400186212233	-1.433677680838744	-1.583534610415883	3.80489697202567	-7.220961292758682	-0.03639208513423751	0.6436338898792844	-3.20686926348912	-0.7117359417270698	0.2227130460478102	0.3183081404533964	0.09520543688606284	0.01320076320549901	0.1655037623668881	0.1871657629515515	0.02226500978376896	0.07447575399192435	0.01002955408923586	0.01003068639117919	0.09135594648451806	0.1656708713716712	0.06807153691983502	0.09277386360657808	0.01041066077911982	0.01023772397578796	0.01234292929086855	0.02226132563089978	0.01467252859386453	0.01302600946953941	0.08305780006306063	0.1101810396951082	0.1114865343923281	0.1638934965860831	0.198985626229404	0.1734105214016851	0.2339021579680842	0.1441634222875428	0.2039786177737604	0.124089314690071	0.07643570825925487	0.0365785210475411	0.07196146412232866	0.08066189222707952	0.1092018325147088	0.208908417394767	0.0370753482336575	0.01393594338677341	0.0181961479467847	0.01494122468627674	0.01022166473393854	0.01019672061032761	0.07150759257870085	0.1013244718927599	0.01077946856499213	0.0104048912794317	0.1068383501840366	0.01052555369071561	0.1155127185877199	0.07991835894510119	0.01049453384479783	0.01021154511182986	0.01005368690547152	0.01003095447448076	0.1697999193792077	0.1933875321359806	0.1121057006408907	0.1391065461868964	0.1163159107354216	0.1136847887943984	0.08218364971833886	0.08236662172492239	0.05791623330069092	0.01046175265227977	0.01023361323216051	0.07106729694503822	0.1049080630018686	0.06373607529130484	0.01023200136844215	0.01244045381795486	0.01034279315214742	0.1172705462264901	0.03239618662429893	0.01003813936071491	0.04931867032568008	0.1478180819656109	0.01011490105645153	0.1120538873469585	0.1947400723208216	0.137183157045609	0.1394139561352855	0.123572631527245	0.05806931623274961	-0.1289680007432361	-0.07035257040123413	-0.02921760059026936	-0.1111968529327502	0.001507697046486475	-0.1232977697498396	0.07545231311390564	0.03333285516837036	-0.1196235578044694	0.01040180505306849	0.2570077247723696	0.3679080804142995	0.1274128766443547	0.01557938654568423	0.1976054026072601	0.2167504062237083	0.03502318383027853	0.1394531752474305	0.01004596889233497	0.01003460823252686	0.01018155475261566	0.0101936723489695	0.01001257826897247	0.01000754834473352	0.01017001791642057	0.01011398197099679	0.0136007771492062	0.0100876198398717	0.01015531998110843	0.01027528489611582	0.08017716183802404	0.1143447456891393	0.1173453272613809	0.2030079591316072	0.2215609084046978	0.2168297835984301	0.2799862071064367	0.1554436727935528	0.2326006680733735	0.01004763389417874	0.1011101169283304	0.06507160265334852	0.1417722068466503	0.01000484476023889	0.0839679335341261	0.4719823636010869	0.01001519027227	0.0100310939532155	0.01001014889668177	0.01002184651627893	0.01007788163557596	0.0100636429533824	0.05920654027861992	0.0958095311561382	0.01031556711990122	0.01012542212648827	0.09998664828937817	0.01050830013751056	0.1222907677927206	0.08542720980542581	0.01043592082465871	0.01018361127830071	0.01004948308475013	0.0100296104600745	0.1720883208996914	0.1971391939539145	0.1066886707210654	0.1406535860384304	0.119367728336735	0.1164813601204829	0.08200242688823922	0.08280053409339728	0.05675355892237865	0.01033462924995905	0.01018168591869316	0.07518528392448609	0.1139366364730716	0.06325139934113753	0.01007476983191857	0.01112442985164603	0.01027613252034898	0.1006879232041547	0.01185041540747915	0.01003454144802649	0.05867793408847711	0.1573071078693341	0.01009204043337992	0.1113877095314523	0.1965883418299738	0.1372268758165643	-1.298154150100056	-2.951677561640745	5.484832937315563e-12	1.904186412379896e-12
0.320834217400346	-0.2085987634300032	0.222009045898073	-0.3044876168553955	2.400017680056799	0.9267913111102499	0.01048393601712151	-0.0904206114126751	-0.1635830459991542	0.5219075272517356	0.8542721769567152	0.2854539037439873	0.02937154115200743	0.1744980763568074	-0.1686884457205901	0.2877418918981991	0.2685000930736345	0.2685000930735823	0.8494576027749254	0.8494576027749255	0.2683353103669191	0.154602303343771	3.502740846779476	0.2035349983959584	-0.1802202214020734	2.13625206718621	-0.2631653459423137	0.4538311083675514	0.6501781899223387	0.6261021208734155	0.5714880528675711	0.08860869261654357	1.837518762690234	1.814663202089473	-0.7853960964767053	0.3906629553574962	0.305247094326502	-2.461720115271821	-2.909275526139316	2.518960087963401	-0.1081283547020092	0.3994308331850733	-2.314282330362575	1.391651057339331	0.1837808892597713	-4.613493204949048	-3.202882937413448	5.86708492173908	0.001878369382506971	3.07407979103002	2.857215405655058	-0.8246894326047183	-0.8246894326024504	-11.15586664365278	-11.15586664352272	-1.787467342952948	-0.6552495684171979	-0.06301048801969229	-1.58968089692716	0.7686782582230272	-0.8756206652542106	-5.461137087393389	1.715685546756651	-1.989908910301769	-2.26251179464084	4.037260155297043	-7.722427685416826	-0.02489207931150255	0.8815801411115882	0.9687309367121968	0.6127151938914653	0.2340821054114059	0.3332148412501221	0.1087329748254412	0.01385298778805161	0.1779804699141821	0.1978563545702505	0.02546736569434737	0.09858573427801018	0.02944452611115544	0.01004482573984199	0.05163326721448826	0.09561828567824836	0.03885463621872326	0.05235094398942951	0.01028717565445029	0.01017204186181255	0.01255869499250477	0.01576231696641409	0.01224583253060112	0.01158841591916066	0.08389182223887097	0.112920975105874	0.1149964899351336	0.1777322099165776	0.2080056382663621	0.1897296311123524	0.2515761804164065	0.1500216628266924	0.2153035450167721	0.08673867536120881	0.08533683074343022	0.04366797035062151	0.09320243220063609	0.04564863664554084	0.1025588250950421	0.2848041467839127	0.02290693983512931	0.01183012866183331	0.01380094931266857	0.01228991775366759	0.0101441241257766	0.01012366595411787	0.06171837178749012	0.0964790601014008	0.01052239456732184	0.01025498290101315	0.104260654458212	0.01052511146295397	0.1202920458611279	0.08393111656714272	0.01044634880986402	0.01019633522867234	0.01005114331497222	0.01003025557139063	0.1698458192326883	0.1945177035751077	0.110557390167482	0.136532390175671	0.1158191153650806	0.1138652535354858	0.07933963745773409	0.0804065401438798	0.0560283789017222	0.01038700574464371	0.01020402705609784	0.07486245805407907	0.1112101636117223	0.06273161134341612	0.01014992518247153	0.01453565571528941	0.01032428729237496	0.1060106844031535	0.02141121741323361	0.01003548649158178	0.05182944318341109	0.1564373556100783	0.0101001832165098	0.111552270018723	0.1959969247048262	0.1371392010289315	0.1408280444384982	0.1213558527799731	0.05707187471862511	-0.1241396408140895	-0.06475526837825628	-0.03090798480042967	-0.0985612421520386	-0.003309249365115554	-0.1183699127886325	0.06860672122873934	0.03219316509747326	-0.1060143861563806	0.009473677776544284	0.2448540714448152	0.3489814523954987	0.1207206495115908	0.01343378683765511	0.1913999911400351	0.2086054039072142	0.02262862313778927	0.1108411394340306	0.07690650184320359	0.0100750730916986	0.01013716484129854	0.01012546016568234	0.0100147411173667	0.0100086974876325	0.01019408992729734	0.01011905537318407	0.01202754645686536	0.01009549567811708	0.01019210185538287	0.01044441583672966	0.08868239364768371	0.1175406049854518	0.1204964459722732	0.1894441613227494	0.2196430977897391	0.2067260707909777	0.2757168070273253	0.158937243442317	0.2299683336539183	0.07111072059287178	0.0892498989884102	0.03760709389818068	0.09238634749249566	0.01000450843076913	0.104295649114015	0.3226697007392463	0.01001371805210657	0.01004312550780632	0.01001342667101559	0.01003005024297227	0.01007967179147071	0.01006097113398566	0.04547448487886271	0.08706896141235183	0.01029735631011188	0.01013148027998801	0.1024893071745974	0.01053838586652866	0.1289272947781405	0.0905458392441266	0.01038070223996064	0.01018346760775398	0.01004860556187512	0.0100297151844939	0.1680199164900327	0.1951317263311916	0.1105562073311358	0.1271424607570103	0.1117115576212978	0.1120146598370371	0.07151455385357125	0.07453189021590199	0.05198163891160038	0.01031524126201586	0.01017699416726492	0.08185312101760309	0.1221841950030205	0.06042796941181307	0.01008588005755771	0.02064042403430196	0.01033573901093792	0.0865565272579573	0.01127581663524017	0.01003218710979852	0.05051757756707802	0.1759099426868477	0.01008427928815472	0.1106236536779729	0.1987046633902625	0.1369642835888037	-1.153733638664187	-2.793225358920259	4.880828744358537e-12	5.932761525142239e-11
0.3282954782701215	-0.2072022980954915	0.201935855533097	-0.3273241909224445	2.418721917947709	0.9257352013600634	0.01362112002085429	-0.1052730407220642	-0.1505757978780603	0.5231458709382654	0.817893496357001	0.258293614108717	0.07473922446651705	0.1745266322198416	-0.1434957348241696	0.3100600282379035	0.2671085356845057	0.2671085356844669	0.762942332210897	0.7629423322108981	0.2542889938678942	0.1489108156957801	3.501741869203961	0.1910346534200169	-0.1734929095722366	2.130192390259823	-0.2937832076571573	0.4674003756751806	0.6333703207740407	0.6069300920537176	0.5972337506320807	0.029888590806497	1.836427124884656	1.822066221841261	-0.7699536723613725	0.4014352692360836	0.07204209184602677	-2.90294054468973	-3.22568925521146	2.495006410669082	-0.1745315447187491	0.4426957694441163	-1.678683689902603	2.072985239481353	0.1363259552079632	-5.139310722743709	-4.087269917398367	6.266568210244378	0.003732513707546846	3.663299211936156	3.138651126486451	0.4360522101905029	0.4360522101905117	-12.05984685453181	-12.05984685453147	-1.977558996071746	-0.8639518741024016	-0.2009816183944672	-1.759449989878536	1.027045371846284	-0.7503341296565343	-2.744744054045468	1.937693375962923	-2.509324863867529	-2.863590664792048	2.582761655225662	-7.976301131937019	-0.3185888908659509	1.099464629586012	2.775889200795323	2.342346619607475	0.2356611330703518	0.335169451868207	0.1124207389423466	0.01295496130236563	0.1821553335649692	0.2004001846804645	0.02015373310539629	0.09639256893964614	0.07275575220937021	0.01007363213460966	0.0304528069100937	0.05398369294060309	0.02396328665184618	0.03076582596902985	0.01024584568137729	0.01014576715373488	0.01178134908393231	0.01278890823691032	0.01117737697326776	0.0110403990886683	0.08849190721098897	0.115865850654328	0.118320957937031	0.1794122055288156	0.2123357634084878	0.1944163945988647	0.260125237830706	0.1547755323561506	0.2206684568471517	0.09549857614804377	0.08389750245961862	0.03232172046111739	0.07903752376027653	0.02735835451117227	0.1087379443260124	0.2660830968036715	0.01616376114959575	0.01089381379538401	0.01181097014336861	0.01110381418124568	0.01011076742515849	0.0100898130592786	0.04973756972206709	0.08970189388821638	0.01039819243502339	0.01019190752468082	0.1041070860876103	0.01054166331117891	0.1259069184034352	0.08846306889560007	0.01039424324352089	0.0101895171662872	0.01004952799392549	0.01003000444024501	0.1680777630689962	0.1943024874636369	0.1115746332260341	0.1289030670887076	0.1119369936056566	0.1118461032860645	0.07266397454097855	0.07529844684959322	0.05264487854277455	0.01034307546434093	0.01018830602701678	0.08006460120061938	0.1183751529421768	0.06079730148494621	0.01011974980586674	0.02069610610032591	0.01034927952720941	0.09318298200337409	0.01593434809393882	0.01003299994664188	0.04878361360965026	0.1693931148200301	0.01008934072774859	0.1109258357282638	0.1976191995523978	0.1369950403796963	0.142242132741713	0.1191390740327016	0.05607443320449989	-0.1193112808849421	-0.05915796635527926	-0.03259836901058983	-0.08592563137132725	-0.008126195776717058	-0.1134420558274252	0.06176112934357429	0.03105347502657596	-0.09240521450829278	0.008545550500019572	0.2327004181172567	0.3300548243766996	0.1140284223788277	0.01128818712962544	0.1851945796728104	0.2004604015907207	0.01023406244529743	0.08222910362062885	0.1437670347940928	0.01011553795088539	0.010092774929982	0.01005724798239693	0.01001690396578506	0.01000984663057535	0.01021816193817456	0.01012412877537299	0.01045431576452159	0.01010337151636057	0.01022888372965605	0.0106135467773384	0.09718762545734336	0.1207364642817634	0.1236475646831653	0.1758803635138909	0.21772528717478	0.1966223579835251	0.2714474069482152	0.1624308140910826	0.2273359992344633	0.1321738072915607	0.07738968104848892	0.01014258514300681	0.04300048813834086	0.01000417210136664	0.1246233646939034	0.1733570378773837	0.01001224583195679	0.01005515706239492	0.01001670444534646	0.01003825396966166	0.010081461947364	0.01005829931458701	0.03174242947910652	0.07832839166856649	0.01027914550032272	0.01013753843348701	0.1049919660598177	0.0105684715955464	0.13556382176356	0.09566446868282684	0.01032548365525734	0.01018332393720065	0.01004772803901221	0.01002981990893642	0.1639515120803742	0.1931242587084693	0.1144237439412064	0.1136313354755903	0.1040553869058608	0.1075479595535911	0.06102668081890328	0.06626324633840655	0.04720971890082203	0.01029585327407246	0.01017230241583509	0.08852095811072005	0.1304317535329705	0.05760453948248845	0.01009699028319476	0.03015641821695765	0.0103953455015261	0.07242513131176138	0.01070121786300158	0.0100298327715989	0.04235722104567861	0.194512777504356	0.01007651814292969	0.1098595978244933	0.2008209849505511	0.1367016913610428	-1.29217762713084	-2.411192316074241	6.268481042724935e-12	1.3752425987887e-11
0.335756739139897	-0.2073741840506776	0.1791223687849859	-0.3528279892847378	2.437276654069369	0.9241993158374407	0.01709968736981947	-0.1160793132144953	-0.1335341279176434	0.5235381546291117	0.7774427033666432	0.224568131000168	0.1224625385768626	0.1745134502540722	-0.1144682195484056	0.3347825237720027	0.2734321036539503	0.2734321036538455	0.6689786802511721	0.668978680251176	0.2387804867580451	0.1418219158033434	3.499761531724267	0.1772515325234381	-0.1650323905834596	2.125019265499074	-0.3093499022932332	0.4832807171944531	0.6128044455115508	0.583543441440876	0.6092229989978195	-0.02976089314786816	1.832459790737146	1.830947165754234	-0.7561473531159866	0.4273328345553919	-0.08936348088864629	-3.215342028909497	-3.620111249668363	2.47976680448552	-0.234872768532532	0.4905387351692659	-1.279671552366414	2.469502318141887	-0.01915977481264243	-5.74078710504783	-4.961705841089411	6.507773224766816	-0.04712252313219917	4.108800719475617	3.49328900128092	1.192851117150286	1.19285111716423	-13.13644921855523	-13.13644921860915	-2.171059958592852	-1.033135114482844	-0.3368344061177827	-1.928510908282101	1.237431208520062	-0.6333535436758714	-1.470988609598314	2.383755383269688	-2.987324132398795	-3.393260058671705	0.771299948981638	-7.902940595150196	-0.7297561153444074	1.262457714549579	1.002964022021989	4.722476406530546	0.2357413136476569	0.3340818298457998	0.1161992604035047	0.01819197810390336	0.185062212160867	0.2013536154462882	0.0148777504555453	0.08923088691723703	0.0902553012119052	0.01009544170772485	0.0197018000910793	0.03148770712776826	0.01653201954521987	0.01980698696349965	0.01021861984149385	0.01012967900057046	0.01409911116762315	0.0113305563192612	0.01064826181926944	0.01074093887641269	0.0823482244778283	0.1118542085200784	0.1139797417103536	0.17814226466186	0.2136515317975373	0.1911123889469382	0.2586935034343455	0.1502290128114161	0.223283973341228	0.1160209799886761	0.0788050925144063	0.02064717716988846	0.06412115467055531	0.01815372194009055	0.1090134785541207	0.2376027327781252	0.01285081262657119	0.0104440832439743	0.01083979331729022	0.01052907978249505	0.01009244078050314	0.01007030495869214	0.04247044367917308	0.08552398465972673	0.01032697382708898	0.01015974309145585	0.1108853522755331	0.01055613320872502	0.1374417764282375	0.09959029987416096	0.01699512985462148	0.010195156968947	0.0100458492525186	0.01002808522671263	0.1674581466616504	0.1957045383373819	0.1171845476330182	0.1222413792442681	0.1092630054794473	0.1109844672387319	0.06444092645066696	0.07036449899888306	0.05098920969132784	0.01031286538253641	0.01016999587660293	0.073941124349923	0.1089905004825754	0.0593591858958387	0.01010442147995525	0.02306026535771726	0.01037253952323655	0.09427298558144999	0.01814918150858105	0.01002955040917673	0.04128852555005393	0.1978047540256046	0.01008506820243851	0.1133548959602046	0.2042298486628653	0.1401620456345395	0.1372459613832929	0.1219357811114798	0.03682837584728235	-0.1140517236224175	-0.0551896450103664	-0.03357091463538137	-0.07242191838579848	-0.007538603929012429	-0.1085711010291463	0.05711953503051344	0.02931092924413859	-0.08229907463197077	0.006652849702593033	0.2386103415118433	0.3341939499070756	0.1261591055761513	0.03218357931092971	0.1922289013701756	0.204596529436123	0.01035812537051784	0.0806454923105432	0.07753853980677736	0.01011233999235638	0.01010227164850087	0.01007125095722169	0.01001604482050117	0.01000919173523038	0.01017705618829002	0.01010951013625088	0.02073742254638685	0.01008525121074713	0.01017892539763827	0.01038414565959167	0.05747505198447175	0.09564225203696131	0.09632601991583284	0.176945053767929	0.2135878276648283	0.1778985367379035	0.2433974603272153	0.1289879374764412	0.2267839038261693	0.1451510441932085	0.07001828017377648	0.01017919078539449	0.05328551470060885	0.01000385651005453	0.09616735330676758	0.2123261770113095	0.01001181479350992	0.01007276447807191	0.01001988744164678	0.01004885194337624	0.01007333462568237	0.01005023440754222	0.0386264174403454	0.08326040874535459	0.01025690005929201	0.01012863328039785	0.1301984655546794	0.01056821000938356	0.1648860027028502	0.1255764107675579	0.03287257405371422	0.01021366680130946	0.01003862647054763	0.01002369101183411	0.1689764084861613	0.201528609691043	0.1315810050837395	0.1148829068831827	0.1080121924670555	0.1120774934390653	0.051798517950399	0.06438623570132494	0.05119366169340903	0.01028042827861985	0.01013987880068033	0.04965286565038986	0.07036044528715098	0.05819165215286427	0.0100869864362336	0.02091805335762523	0.01038945920064882	0.1148602205861955	0.02783399909230503	0.01002400594702041	0.02728825451482718	0.2718271079072066	0.0100855868419245	0.1215171836632047	0.2242941641200374	0.1503344577693761	-1.458764714012833	-1.802884570278976	6.979302245480121e-12	-2.546381702575989e-11
0.3432180000096725	-0.2081067615665932	0.153908586481003	-0.3814867931692987	2.455743508962497	0.9222645046903705	0.02095313775038548	-0.1252899977217472	-0.1141059063487226	0.5230392389271984	0.7316711515613851	0.1841208457637969	0.1715837432089465	0.1732286848551984	-0.08231279767210778	0.3622639979131462	0.2839219558557066	0.2839219558556565	0.5667757150770072	0.5667757150770133	0.2220174763236486	0.1335401122354926	3.496611229064716	0.1623552143558255	-0.1550776904067348	2.120785547893792	-0.316376650962493	0.5039375642090459	0.5890315483599823	0.5564727065577765	0.6108375546449104	-0.08640360610018891	1.825762708831908	1.840627336408876	-0.7538221775610886	0.473741239954638	-0.07825195895179841	-3.546342671177033	-4.071392301406476	2.471449741100224	-0.281464040786591	0.5431836194671952	-1.250984401287694	2.712703284038394	-0.1025611188358628	-6.565546558520569	-5.889057106911467	6.641274456193427	-0.3371169634449498	4.501738358895141	3.878198679239107	1.552829736399461	1.552829736399252	-14.26840472699896	-14.26840472699904	-2.313830129438314	-1.183711146935238	-0.5145921998654094	-2.057843864764576	1.427562446460854	-0.4985249055241111	-0.4556012087810696	3.218041451462434	-3.36897095949249	-3.851113909424107	-0.1981872760745706	-7.17033252863331	-1.050301078766518	1.313698324350175	-0.3016452505955803	7.840302109274695	0.2382117425799394	0.334968043616893	0.123867913707334	0.03185239174535386	0.1897403403716211	0.2036572587990252	0.01254290083223371	0.08473565621358872	0.06552130072427224	0.01010331829781122	0.0146746660488139	0.02036376080440889	0.01311102178422338	0.01467267787904523	0.01018366126046593	0.01011440903430372	0.02078019821336595	0.01066957530258145	0.01038540188220352	0.01048031160649117	0.05917482432185861	0.09770581677817898	0.09860828185594517	0.1778889970617923	0.2126753337090272	0.1811220542849544	0.2464914571667315	0.1324470157556646	0.2245771014543836	0.1324733709667696	0.07253385142197766	0.01517693186229001	0.0617124906728964	0.01387887724353023	0.0954625069362542	0.2360466284553958	0.01135766581755732	0.01025424488547276	0.01040929145015837	0.01027968892420365	0.01007979591162332	0.01005717181844156	0.04256840347378481	0.08580199055753585	0.01028301985215007	0.0101405338081518	0.1262357976452172	0.0105624024959007	0.1568409727454549	0.1194509391744978	0.03215136805635753	0.01021455651788002	0.01003914900804901	0.01002382039475835	0.1693273419739055	0.2000912079259824	0.1281361061334362	0.1192285671164625	0.1097315657410394	0.1126759196240329	0.0555951590481699	0.06693708913589398	0.05225288913670078	0.01029088765969027	0.01014382301748244	0.05098653829393082	0.07458202420344537	0.05895534483199653	0.01009205910504238	0.01907437977229577	0.01037956890021601	0.1150937069125093	0.02845585987786742	0.01002477624163465	0.02965060741825147	0.2456980579002931	0.01008822845906793	0.1201153199670865	0.2178824968997714	0.1480652129302492	0.1322497900248718	0.1247324881902554	0.01758231849006709	-0.1087921663598923	-0.05122132366545327	-0.03454346026017267	-0.05891820540027002	-0.006951012081308289	-0.103700146230867	0.05247794071745204	0.02756838346170138	-0.072192934755648	0.004760148905165707	0.2445202649064266	0.338333075437464	0.1382897887734737	0.05307897149223396	0.1992632230675386	0.2087326572815243	0.01048218829573654	0.07906188100045734	0.01131004481945708	0.0101091420338226	0.01011176836702076	0.01008525393204982	0.01001518567519482	0.01000853683984183	0.01013595043840503	0.01009489149712742	0.03102052932825156	0.01006713090513561	0.01012896706562184	0.0101547445418484	0.01776247851160088	0.07054803979215993	0.0690044751485006	0.1780097440219663	0.2094503681548784	0.1591747154922812	0.2153475137062128	0.09554506086179887	0.2262318084178734	0.1581282810948547	0.06264687929906408	0.01021579642777982	0.06357054126287599	0.01000354091867204	0.06771134191963285	0.2512953161452502	0.01001138375505404	0.0100903718937385	0.01002307043792392	0.01005944991707481	0.01006520730400186	0.01004216950049937	0.04551040540158413	0.08819242582214382	0.01023465461826121	0.01011972812730943	0.155404965049539	0.01056794842322079	0.1942081836421405	0.155488352852289	0.05541966445218256	0.01024400966542914	0.01002952490206824	0.01001756211470427	0.1740013048919473	0.2099329606736162	0.1487382662262733	0.1161344782907746	0.1119689980282498	0.1166070273245389	0.0425703550818942	0.06250922506424288	0.05517760448599592	0.01026500328316727	0.01010745518552686	0.01078477319005959	0.01028913704133086	0.05877876482324011	0.0100769825892743	0.01167968849829278	0.0103835728997722	0.1572953098606268	0.04496678032160733	0.01001817912240795	0.01221928798397595	0.3491414383100627	0.0100946555409204	0.1331747695019161	0.2477673432895243	0.1639672241777092	-1.559890174394936	-1.408254425402375	1.734009806856757e-12	-8.721333040389117e-12
0.350679260879448	-0.2079527377315184	0.1248036947887591	-0.4143981223698849	2.474154685103814	0.9200321316745567	0.02532299394251949	-0.1364086776088433	-0.09216358321401549	0.5235938735871842	0.6779556218842867	0.1343153658274926	0.2224299591247259	0.1679449058711497	-0.04618977683351337	0.3933282516818161	0.2959129117806407	0.2959129117805593	0.4581888916847421	0.4581888916847391	0.2045965422783703	0.124142067697129	3.491852673992054	0.1467552904472993	-0.1436820839761088	2.117709448309202	-0.3172784253487768	0.5235940672648168	0.5634261365557729	0.526594479897775	0.6076208498822395	-0.1323431914218367	1.817317922799651	1.850276482309245	-0.7567918144471406	0.5227135432106511	0.02867930154153099	-4.066481916165931	-4.497513649172769	2.4634049518114	-0.3178089329497358	0.5957843557254602	-1.580731903103981	3.021698961520592	-0.03138301247266475	-7.274833552958596	-7.015052914024097	5.440819915817754	-0.9141572413819071	4.994780636961755	4.227951877550324	1.630765513490477	1.630765513485154	-13.37196150906708	-13.37196150905291	-2.364575407813507	-1.32208732143293	-0.7679120103901872	-2.12587230396093	1.609322229336218	-0.3262638575303206	0.1386258848209641	0.2770356804402914	-3.531585063085487	-4.173150226004138	-0.5060630554208465	-4.572213631801056	-1.167340805949561	1.266739200240985	-0.488488446225201	0.4513488245896531	0.2428142030178007	0.3376485531148838	0.1330536540880735	0.04689170040243107	0.1965582227558945	0.2075803720815365	0.01150929352630992	0.08009721525286052	0.04023130395126555	0.01011517984187263	0.01222176514404271	0.01486539982729839	0.01143742977746311	0.01215599172688467	0.01017519437421753	0.01011566984713411	0.04070728789920881	0.0103449273339425	0.01025525946206085	0.01032693201516301	0.03713555562003206	0.08073660981452593	0.08138670093873351	0.1786585484476036	0.2083267108092876	0.1694574866820199	0.2308900136197929	0.1128237740150665	0.2238934917030729	0.1453000633515223	0.06557847301411937	0.01250127564863221	0.0638582276447133	0.01178539152747195	0.0771592066736555	0.2373672990902222	0.01062864281992616	0.01017819760872162	0.01020277440044113	0.01016928154053882	0.0100746817557832	0.01005050618734905	0.04722074910129937	0.09094975385985393	0.01026527003813951	0.01013622723004815	0.1370670282518237	0.01061661149196189	0.1750457488416162	0.1382159775689577	0.05321169682550975	0.01388105201586854	0.01004959142385358	0.01003098106108892	0.1743120756867178	0.207072561259212	0.1402697349573225	0.1252054271400494	0.1171189739814668	0.1200538707635417	0.05142012842372594	0.06801528483078649	0.05923456651111761	0.01029667233058943	0.01012659252508701	0.03022305729700567	0.04245515402694505	0.0633031202215214	0.01008725079764652	0.01492447596574881	0.01040107115235068	0.1331720512507314	0.04122998230812746	0.01003097927334141	0.02026308656513583	0.2924308763851325	0.01885830549921813	0.134935367629018	0.2427092449065586	0.1644166173471173	0.1246172655609603	0.1250491645564563	-0.01580457435001131	-0.1013830575947277	-0.0450289893000336	-0.03627787831160346	-0.01066370023175472	-0.004506975503012304	-0.09639904766463638	0.04521137320418616	0.02813199587118991	-0.03646450416917736	0.003214315355482858	0.2540826915409332	0.3455241947832035	0.1489609427247805	0.06750204833667961	0.2116054483965193	0.2168235795313761	0.01075760965853015	0.07185113262646174	0.01857780020002684	0.01013845664114455	0.01014340973318816	0.01010241455469032	0.01001749252912065	0.01000957545381837	0.01019472814503052	0.01013485873756136	0.08220485939050971	0.01007476936292372	0.0101595152788174	0.01023338747873212	0.0141795109619333	0.0553086994941837	0.05721333145672095	0.1811266576559963	0.1958883216739051	0.1495622824749914	0.2012328875093475	0.0845037977716577	0.2200108506497295	0.1634132343331713	0.05490202815572569	0.01021428060405348	0.06808141097917775	0.01000399214977658	0.04873431374498421	0.228802479868457	0.01001423324030439	0.01013394370617063	0.01003366484746425	0.01009035303596641	0.01007467210936463	0.01004716431177893	0.05680403681651922	0.1035973619425029	0.01026333388453223	0.01014329043901225	0.1454354376600906	0.01074064638048137	0.2023485210392125	0.164984486377068	0.08800891054775344	0.02259876486732141	0.0100823232385376	0.01005314215976304	0.1867739480246182	0.2227476895435814	0.1602970846884114	0.1460226114035995	0.1373305374020372	0.1389132847712246	0.05129679388122961	0.07468234718578771	0.07532920298355676	0.01033187526782487	0.01011594275580269	0.01044707484133128	0.01017054098950447	0.07514240915013085	0.01008837057935498	0.01104891103988607	0.01044874473484286	0.151964674735568	0.05969020895030253	0.01005115262770519	0.01161203048794218	0.3770274745486374	0.03992918166357892	0.1693156844254371	0.3059109410834	0.2035189523333286	-1.603881227929124	-1.698929163916552	-3.288598082370807e-12	7.829308730151205e-12
0.3581405217492235	-0.209034638466195	0.09604344802578281	-0.4448254068791125	2.492499494780954	0.9175088220640651	0.02936059235275559	-0.1466601324720098	-0.07121208823401642	0.5183536023478675	0.6314410353160049	0.08609862355771618	0.2296849489294003	0.1620501029561325	-0.01055814720258529	0.4220628945189452	0.3078005353427234	0.3078005353426839	0.3891156562729056	0.3891156562729134	0.1866021762347711	0.1140105814783126	3.485048068738519	0.1305999388220142	-0.1313269925746824	2.11591333847815	-0.315430976825787	0.4816009874508962	0.5357793434247953	0.4939694322313728	0.6056434458717314	-0.1461026224684709	1.809029375169439	1.859440331117883	-0.7610238967379291	0.4083196308549688	-0.4095430348654187	-3.453960180893913	-3.405541118270494	2.453660130075503	-0.3594499466569851	0.4541215192341105	-1.018523684137552	2.447110598812759	-1.65589265273147	-4.635325048993466	-5.463194054290272	-5.043406423686121	-0.500902666789686	4.370020351458095	3.253743652378252	1.525131371985783	1.52513137198601	-3.676739680044456	-3.676739680044405	-2.467539270447074	-1.380311076546293	-1.063038425441431	-2.206726936007395	1.684753553457061	-0.1554221039935419	0.2813313171304316	-13.30720379717811	-3.916165693695745	-4.587402602469457	0.1340087904896343	1.455596744163245	-1.008421186152122	1.183613851976702	-0.6400452690356242	-35.95020956418598	0.2494120902408367	0.3420213316006084	0.142810550806906	0.06124648776629211	0.2056734038836924	0.2132416233637072	0.01120145123454335	0.07414308773588443	0.03128083089713792	0.01013676402600244	0.01113866277122356	0.0123684713856736	0.01069101335560386	0.01102721188056914	0.01020418417279464	0.01013849353167469	0.07596340500530917	0.01020515950812073	0.01021458914092617	0.01030272457465152	0.02422812040585885	0.06419949895559605	0.06644509162247469	0.1804493946112254	0.200048640636354	0.1585446407495905	0.2156667302379544	0.09679075854426336	0.2209050873677178	0.1545267487075176	0.05814324507133492	0.01129818116462632	0.06719530980783156	0.0108482996389404	0.05799369974341537	0.228876420665022	0.01030616161766023	0.01016877324063358	0.01011712665062378	0.01013757193141541	0.01007769010674352	0.01005033731205553	0.05527780971396943	0.1010207352397707	0.01027337806880768	0.01014744565385227	0.1382280870967331	0.01073675568350944	0.1885087396620479	0.1523420735259029	0.07939384791013684	0.02228609426622934	0.01008363215629145	0.01005397617375667	0.182660551123356	0.2164541707062159	0.1519591797439614	0.1421184710364857	0.1327840997704371	0.1342761809339532	0.05389432325455647	0.07466134287956272	0.07279788675882551	0.0103364759554644	0.01012368884803847	0.01983777187798383	0.02580579358292883	0.07367584885212802	0.01009146586806562	0.01269228342491188	0.01044688691687682	0.1401103518126627	0.05474882859620678	0.01005209808011538	0.01554998922523794	0.3301364020217241	0.03880609952465981	0.1591043474267696	0.2803040287437663	0.1905622823842885	0.1169847410970504	0.1253658409226575	-0.04919146719008959	-0.09397394882956325	-0.03883665493461361	-0.03801229636303524	0.03759080493676124	-0.002062938924713271	-0.08909794909840581	0.03794480569092092	0.02869560828067826	-0.0007360735827069612	0.001668481805801119	0.2636451181754393	0.3527153141289381	0.1596320966760874	0.08192512518112526	0.2239476737255005	0.2249145017812263	0.01103303102132439	0.06464038425246568	0.02584555558059452	0.01016777124846585	0.01017505109935503	0.01011957517733046	0.01001979938305215	0.01001061406780791	0.01025350585165961	0.01017482597800157	0.133389189452769	0.01008240782071159	0.01019006349201373	0.01031203041561769	0.01059654341226358	0.04006935919620699	0.04542218776494183	0.1842435712900252	0.1823262751929304	0.1399498494577021	0.1871182613124845	0.07346253468151705	0.2137898928815854	0.1686981875714913	0.04715717701238716	0.01021276478032706	0.07259228069547982	0.01000444338091074	0.02975728557033491	0.2063096435916559	0.01001708272555435	0.01017751551860703	0.01004425925701918	0.01012125615486295	0.01008413691472773	0.01005215912305818	0.06809766823145438	0.1190022980628624	0.01029201315080438	0.01016685275071558	0.1354659102706445	0.01091334433774202	0.210488858436285	0.1744806199018473	0.1205981566433188	0.03495352006920686	0.01013512157501183	0.01008872220483117	0.1995465911572902	0.2355624184135475	0.171855903150551	0.1759107445164243	0.1626920767758242	0.1612195422179103	0.06002323268056434	0.08685546930733196	0.09548080148111737	0.01039874725248319	0.01012443032607669	0.01010937649260097	0.01005194493767503	0.09150605347702144	0.01009975856943399	0.01041813358147755	0.01051391656991286	0.1466340396105128	0.07441363757900041	0.01008412613301132	0.01100477299190729	0.4049135107872093	0.06976370778623553	0.205456599348958	0.3640545388772742	0.2430706804889479	-1.521687984185572	-6.2104138920326	-4.896709547530054e-12	2.143836987329323e-11
0.3656017826189989	-0.2147048216597452	0.07592042572511813	-0.4623347378913704	2.510658160846753	0.9148269986130245	0.03189935001162281	-0.1492707056591173	-0.05692981212185298	0.4964480077306643	0.6104966165379223	0.05619568975165797	0.1908223397619062	0.1626354978822864	0.01598741563327758	0.43921537208833	0.3192333486483595	0.3192333486483074	0.3818014877476187	0.381801487747668	0.1677845617347434	0.1040170267819172	3.475993333536968	0.11414257321866	-0.1191897809129869	2.115347984592013	-0.3140371215407552	0.4010045089979469	0.5034780860014644	0.4576728327597882	0.6076889241607597	-0.1291560998840205	1.802541402203048	1.867922021468624	-0.7682899885742631	0.1429605119260465	-0.9918735550200907	-2.006824179175417	-1.396255894120287	2.414928541107244	-0.3475719273749843	0.2406768140449093	0.1938454006272772	1.411207651152721	-4.039946905298907	-1.318246821529765	-2.709180995553718	-5.094551236010756	0.5306588177048628	2.770431087813386	1.440238241657482	1.543317145040106	1.543317145026899	1.166445006092791	1.166445006164135	-2.552876553500545	-1.300999540581423	-1.379351903007897	-2.179583603057045	1.57012649485704	0.01508012452500565	0.1218215204548765	-8.421032597801078	-4.726804778834755	-5.1226341931755	0.3510926587041396	2.566018612771569	-0.7276970157937669	1.081960376868662	-1.220146741518413	-33.97176622124339	0.2570151507837789	0.3480833445216218	0.1519114927998814	0.0719943296377353	0.2153509267044762	0.2198776317094798	0.01579121367493211	0.06927927661129467	0.02630949020303252	0.01017072697741849	0.0106591825995414	0.01117625830601099	0.01032911914520753	0.01047674696390888	0.0102839340405227	0.0101938483123377	0.1074432449442215	0.01014090709437932	0.0102119468153841	0.0103754633338966	0.01693656321312543	0.04828652959643216	0.05464448866836751	0.1831887103813886	0.1906961693494691	0.1443513062740943	0.1955846507859718	0.08550963236478522	0.2178560897244611	0.1618473920399254	0.05291264261590788	0.01070687557545985	0.07106351832851734	0.01039082100580158	0.04105703266733809	0.2197021445687622	0.01015223142735573	0.01017861212444429	0.01008083356612993	0.01013342027189817	0.01009133474995067	0.0100567664887935	0.06483028528712197	0.1115028433036507	0.01033335286325692	0.0101742540829812	0.1352691371701753	0.0108122623733949	0.1863878494284211	0.1545426184032691	0.09476203203177473	0.03520849231126584	0.01011981114987032	0.01007424653933839	0.1904331128455298	0.2244552531976108	0.1603511115450198	0.1614621308546081	0.1486857458283694	0.1486836243801707	0.06218089396054483	0.08294541410983387	0.08675228143433372	0.0103955651885887	0.0101314114173686	0.01462015097794654	0.01743036508866954	0.08627504697571088	0.01010021057065167	0.01148668843853943	0.01046519102340467	0.1411734647659604	0.06333340979215253	0.01006888614593692	0.01319076186226413	0.3465232966850301	0.06950747084069965	0.1818486334438691	0.3160118078741272	0.2153899390362481	0.1121702724304974	0.1232573251200112	-0.07174953488461477	-0.08647803878373818	-0.03352571397588472	-0.0382157727047684	0.05541592759727056	-0.003272154846826967	-0.08170589449622365	0.02701372476025039	0.02745420577584458	0.03286013289878999	0.0007835716434947692	0.2727109217267519	0.3633594847077242	0.166371430489402	0.0837079628457392	0.2333496616647261	0.2331588113515263	0.02691940054250194	0.06391674520336511	0.01848270662979822	0.01022548769726702	0.01032026778254206	0.01020474162361677	0.0100276613338719	0.01001372730808071	0.01043206406636224	0.01029489694559889	0.1485016347741911	0.01009049964399952	0.01022604150020951	0.01054023291034701	0.01048648923177978	0.02627420480234615	0.04063504374673727	0.1891133406204359	0.1739590538156829	0.114875816661896	0.1504124978322415	0.0729156782063753	0.2132281252399703	0.1733276790686088	0.04825533527876767	0.01020313555490247	0.07708705840539307	0.01000556357900252	0.02038224549849992	0.2065455373031065	0.01002725866979648	0.01019467664454218	0.01005530816253426	0.01013712380999845	0.01011831805361679	0.01007048861223133	0.07963937008050542	0.1270993080071539	0.01046009516359632	0.01022168737357727	0.1283968141367581	0.01084490330830289	0.1599407305147721	0.1423979242130023	0.1030643134855919	0.05683148480799417	0.01016281041787464	0.01009343813831365	0.2020951899382608	0.2362037910031918	0.1702494755901412	0.1942719472098981	0.1729217990505648	0.1708407557742301	0.07915979275898223	0.09575383508427086	0.1065520188872881	0.01048400542104673	0.01014909870734705	0.01009226169745546	0.01004399216290409	0.1064453591171746	0.01011405052051852	0.01050202532956245	0.01045296265743652	0.1389025036932378	0.0696389129866445	0.0100820817082489	0.01130872898180399	0.3463282428370602	0.1249103191839798	0.2167051799043747	0.3808483953994562	0.2555886160468816	-1.45793916356527	-11.38553307263703	-6.353013931195989e-12	3.387960738050973e-11
0.3730630434887744	-0.2220678298981405	0.06509998645169002	-0.4672786620584855	2.528553274459395	0.912498916933835	0.03316520994053337	-0.1456314571445829	-0.04970657786138225	0.4606934956421023	0.6067048378954414	0.04333010212629176	0.1578279404257639	0.1680713277941503	0.03115496142067507	0.4449910175491653	0.330888455473642	0.3308884554736005	0.3983187044851742	0.3983187044852003	0.1488600140970045	0.09455869037240475	3.464236978023554	0.09844970314182101	-0.1078745741871196	2.11630553126974	-0.3131724567558589	0.3540837792793902	0.4654736112905548	0.4178149748370477	0.6099396574499414	-0.1155846016599353	1.798214930885732	1.875467227641541	-0.777925951385631	-0.08060051713340344	-0.8633068357063299	-0.9603915504047299	-0.03736861528452234	2.383014576287473	-0.2646290378141774	0.1129197431808223	0.6567485814908761	0.5549258943204123	-5.368111732001794	-0.03753911594868881	-0.8963128053164336	-3.470425680545147	0.7992622972323932	1.320129121351031	0.2041700448572435	1.5847174195359	1.584717419535903	2.71129196206004	2.711291962060125	-2.49620282719856	-1.236845167506363	-1.787211017478705	-2.00180298540673	1.464414136158562	0.2527932339812667	0.1394811646458839	-4.2803786206352	-5.444919985088537	-5.542002237117448	0.1890276404899156	0.5509173823161192	-0.4290280548729236	0.9325881355605795	-1.275292049262069	-24.74618102598497	0.2651521203335211	0.3558293602579494	0.1598557224103994	0.07809264177173825	0.224818464572989	0.2271372537095681	0.02649989561062804	0.06647246666261415	0.01999075429382203	0.01021791885180893	0.01052701986640305	0.01069214900275032	0.01017293809974039	0.0102340195267733	0.01041869289507464	0.01028524195269659	0.1299080596245836	0.01011694964431523	0.01023081568369444	0.0105347443314437	0.01351842504769954	0.03307252003564164	0.0462707099799975	0.186841282189986	0.181673489143428	0.1248772899227031	0.167794615132437	0.07935522850884277	0.2158384747839963	0.1679137041347922	0.05092011752397422	0.01043874390385588	0.07522251830543651	0.01018838345275591	0.02768570770299432	0.2143818659406892	0.01008968304462324	0.01019252952558139	0.01007091444012335	0.01014042093109861	0.01011642014958328	0.01006982589361168	0.07524120068561993	0.1207137943781107	0.01045351534581297	0.01021667217996627	0.1304033722416341	0.01080766783049507	0.1629895171469298	0.1412116088111334	0.09382030829667304	0.05254080677688702	0.01015125807495887	0.01008585021509363	0.1959004436828201	0.2293461038666316	0.1642201477502866	0.1799354787139709	0.1617414391513775	0.1606948791655416	0.07582041313990905	0.09142930929198087	0.09902366704498704	0.01046921800048514	0.0101485739603208	0.01223566781122152	0.01355219835288618	0.09977978045952529	0.0101120455596804	0.01099547564165274	0.01043936691460693	0.1382167275459702	0.06501896042897778	0.01007518126637098	0.01229852426888641	0.3344879973145257	0.1107195604558966	0.1990798699289213	0.343573479546469	0.2344915267181754	0.1073558037639456	0.1211488093173639	-0.09430760257914021	-0.07898212873791312	-0.02821477301715637	-0.03841924904649926	0.0732410502577788	-0.004481370768948564	-0.07431383989404143	0.01608264382957898	0.02621280327101074	0.06645633938028733	-0.0001013385188122003	0.2817767252780701	0.3740036552865066	0.1731107643027161	0.08549080051035302	0.2427516496039515	0.2414031209218267	0.04280577006367761	0.06319310615426586	0.01111985767900669	0.01028320414606858	0.01046548446572923	0.01028990806990398	0.01003552328468846	0.0100168405483468	0.01061062228105981	0.01041496791318747	0.1636140800956119	0.01009859146728692	0.01026201950840403	0.01076843540507395	0.01037643505129669	0.01247905040848574	0.03584789972853264	0.1939831099508465	0.1655918324384367	0.08980178386608921	0.1137067343519975	0.07236882173123352	0.2126663575983589	0.1779571705657241	0.04935349354514911	0.01019350632947772	0.08158183611530777	0.01000668377707009	0.01100720542666492	0.2067814310145612	0.01003743461403548	0.01021183777047171	0.01006635706803108	0.01015299146512662	0.01015249919250399	0.0100888181014024	0.0911810719295557	0.1351963179514423	0.0106281771763866	0.01027652199643801	0.1213277180028692	0.01077646227886358	0.1093926025932587	0.1103152285241574	0.08553047032786615	0.07870944954678316	0.01019049926073709	0.01009815407179517	0.2046437887192316	0.2368451635928353	0.1686430480297287	0.2126331499033736	0.1831515213253062	0.1804619693305501	0.09829635283740068	0.1046522008612097	0.1176232362934587	0.01056926358960925	0.01017376708861822	0.01007514690230989	0.010036039388133	0.121384664757328	0.01012834247160394	0.01058591707765417	0.01039200874496088	0.1311709677759579	0.064864188394286	0.01008003728348693	0.0116126849717021	0.2877429748869111	0.1800569305817241	0.2279537604597918	0.3976422519216383	0.2681065516048157	-1.387350234413708	-13.25113753017059	-5.225784031819351e-13	-9.734689636706548e-12
0.3805243043585499	-0.2265806223322724	0.05967754724143939	-0.465648471078754	2.546285827775353	0.9109333712924967	0.03384077058498706	-0.1412548416748041	-0.04746867073805214	0.4200793479611963	0.6045412284876188	0.04030543815605747	0.1307133467199811	0.1727203884511948	0.03768291637083463	0.4448502015687868	0.3428474741393482	0.3428474741392541	0.4184036581605274	0.4184036581606385	0.1305652680759033	0.08531759583134728	3.449115544616135	0.08418041385589262	-0.09701450019242054	2.119231617519597	-0.3114959019872282	0.3192695717387171	0.4230846056840695	0.3753850339711305	0.6108532626495675	-0.1074732366259253	1.796072345097655	1.881824136837337	-0.7853675165194366	-0.2772954622276615	-0.3660970250100513	-0.549904447378518	0.4402695310947173	2.369035337233477	-0.1563505021030339	0.07307594657702289	0.5252916111547158	0.122886088497619	-5.440949181135101	-0.5916787931281948	-0.02591645236572294	-3.567191115263588	0.4396801854874717	0.5021763255079406	-0.2145067580048211	1.661240937356562	1.661240937359892	2.544954182111531	2.544954181998809	-2.405520836704231	-1.238777232119969	-2.269605973688829	-1.823565727237067	1.446954153370178	0.5321621970681942	0.3293087305448242	-4.428290283172736	-5.885384754253963	-5.806783726409409	0.05609068560497902	1.775292203510742	-0.1632807191242855	0.7793061163904517	-0.6019565266956355	-26.17554264299892	0.272085370049926	0.3628817909280729	0.1669089524519788	0.08307537006078441	0.2328807702706808	0.233604096533338	0.04543148445422483	0.06707594941757061	0.01514059061336078	0.01025524084409154	0.01069100912609471	0.01563101032324981	0.0101022754965442	0.01011772460352726	0.01048684579501456	0.01033752163044997	0.1470263399823442	0.01010222988065137	0.01023218184180865	0.01059533209662384	0.01179778506911823	0.02195336251644662	0.03747899734683519	0.1905981107856782	0.1741925789370387	0.1054584216333307	0.139053112422015	0.07650019328951914	0.215253189192549	0.1526770214233071	0.05170937565834064	0.0104135391054897	0.08267765906860353	0.01009004061125971	0.01873903473256841	0.2108153268109297	0.01006537570029763	0.01018747265142267	0.01006372799997054	0.01013604060613418	0.01013807692462327	0.01008012969355113	0.08294221505818203	0.1266701365065177	0.01061031498199475	0.0102502230685234	0.1251825328035171	0.01077820820043059	0.1356860311550468	0.1248990274169902	0.0897962727564197	0.06430258339383089	0.01015685905566821	0.01008338717373396	0.198319237852577	0.2308225285510462	0.1645087910552244	0.196245041576635	0.1716875418475279	0.1689047205397539	0.08899770844143101	0.0992341429984733	0.1084075673061275	0.0105286335966111	0.01015969112648465	0.0110635513441797	0.01165040921195339	0.1100044819542533	0.01011846418854451	0.01072480627758962	0.01040194406653752	0.135237310479745	0.06584007667107	0.01007189062404481	0.0118928132419434	0.3077333374875768	0.1450033045558849	0.2104318451624295	0.3622185935298763	0.2472870147479749	0.1052385746910832	0.1189090882152855	-0.1035324735192156	-0.07156841958101136	-0.01272703589549105	-0.03641316295241735	0.08163292991836925	-0.006090174582705481	-0.06684330210007994	-0.007762097587244163	0.02515788985865799	0.07500940994716475	0.0002469532365740452	0.2836470242753725	0.3759301589708934	0.1784986267695047	0.0907767442836092	0.2461784662697286	0.2444228599773199	0.07987529706893828	0.07148145731945399	0.01078130690271185	0.0102895263649814	0.01113127027101825	0.02777947699664593	0.01004885914192281	0.01002233363708267	0.010489163809009	0.01035379220946768	0.1715893773881494	0.01008258392750901	0.0102095174394269	0.01054506104272236	0.01030015921616694	0.01148817979953195	0.02363334453398646	0.1971675187066147	0.1630702265767971	0.07698446722348284	0.09301498426253679	0.07444454271159583	0.2159443595689063	0.09410464376499303	0.05509927187170664	0.01055731026780218	0.0981386410528531	0.01000777578620332	0.01064049607190215	0.2048834279459846	0.01005114311620984	0.010159457689844	0.01005048160596452	0.01011522409785057	0.01015945543273898	0.01008878171406472	0.09092334488741008	0.1324172882478444	0.01083734307887394	0.0102800798450789	0.116898302349643	0.01073417150389505	0.0943871216832949	0.1006775154412159	0.08528069699724172	0.0735204152040372	0.01013756009403359	0.0100673372289393	0.1990404471956665	0.2295888540082402	0.1616320135289677	0.2231589158562817	0.1858179148528898	0.178676069884849	0.1069821211811181	0.1105327717006098	0.1200888316054576	0.01058653369924465	0.01016512836327901	0.01006746427813082	0.0100313996219944	0.1216350064759754	0.01012014826437376	0.01042207332487579	0.01035249546431605	0.1319693311641967	0.06819920502075581	0.01006006200937553	0.01149575199981119	0.2419637282053984	0.1903253704934333	0.2247161799429433	0.3907979382675292	0.2644910977848663	-1.30137282341191	-13.70444776328767	5.30785712483212e-12	-5.334898665392282e-11
0.3879855652283254	-0.227825556813826	0.05604635736662208	-0.461217196668517	2.563887610659057	0.9101458794015854	0.03432896948936288	-0.1376602230595753	-0.04670977198928142	0.3806589574983707	0.5971404179510037	0.04128003303021776	0.1080358386370528	0.1745243684282714	0.03973027139942062	0.4421990498936476	0.3562801689471535	0.3562801689470371	0.4343924712546849	0.4343924712546691	0.1129964832571562	0.07609485929088565	3.43031652743804	0.07123051327690973	-0.0862777087531167	2.12425590270565	-0.3079690318007067	0.2973040503967601	0.3781281329800367	0.3315303766468248	0.610780034713076	-0.08682531215662205	1.795509973397901	1.88721458251041	-0.7851556828805241	-0.4443063692892922	0.01264644140166696	-0.4802449990208431	0.7134651853397871	2.347961403767663	-0.05607078868791944	0.0626972022121537	0.4471333784104293	0.1584759095775272	-5.048123665753335	-1.441377213170864	0.175693364900608	-2.281059515110158	0.03663497973068678	0.1190988925068833	-0.4687284734845747	1.979738091307472	1.979738091307453	1.613316524627769	1.613316524627777	-2.301608048843308	-1.231924283019671	-2.772991794950104	-1.648139246785917	1.431368097948375	0.8152179965880429	0.6354604483565514	-0.8362727459077673	-6.133132645600035	-5.923899207106574	-0.07549417595500352	3.911357302171921	-0.005449757466745278	0.6735264193984228	0.7762107465010897	-16.7893387312043	0.2769711497778582	0.3680055581536198	0.1731716055215503	0.08817036885932765	0.2389781236892352	0.2386162470904232	0.07304427603633849	0.07155008551176978	0.01274604811461177	0.01027529512232206	0.01113406484624552	0.0273610450114824	0.01007840211645021	0.0100692572817929	0.01044942573034967	0.01032661542991518	0.1596856799681159	0.01008679226508528	0.01020354339573924	0.01049784067532538	0.0109859567425606	0.01617868621142029	0.02671455218191255	0.1940938565394271	0.1688288877041677	0.08871262503543459	0.1130038764563748	0.0760927872553767	0.216285433464738	0.1050291824109378	0.05505855511276773	0.01060488684974444	0.09449953291288395	0.01004708109304782	0.01438130858241938	0.207939292163064	0.01006224804899834	0.01015605444144779	0.01005170026496753	0.01011306048212643	0.01015154361936565	0.0100846724194121	0.08663990008201554	0.1285293750395765	0.01079620990090651	0.01026706721064675	0.1202954701401256	0.01074160710767127	0.1131720985988963	0.1113772465769362	0.08759777967857135	0.06726535069734477	0.01012984867425051	0.01006512690740591	0.1973079187818073	0.2286896800135043	0.1615560138668364	0.2098184326106995	0.1783361529044105	0.1726420974737777	0.09974701969104224	0.1060307588355074	0.114394144266422	0.01056458226363134	0.01015980292690626	0.01053694697918255	0.01079712423616242	0.1153705529929972	0.01011674193584242	0.01051346398704124	0.01036335461965905	0.1339838677011658	0.06793173003645987	0.01005930404286752	0.01164720593864734	0.2729346241004434	0.1671119451327902	0.2155260065955621	0.3712101385272754	0.2532865286392337	0.10312134561822	0.1166693671132074	-0.1127573444592911	-0.0641547104241102	0.002760701226174358	-0.03440707685833878	0.09002480957896127	-0.00769897839645099	-0.05937276430611824	-0.03160683900406759	0.02410297644630564	0.08356248051404215	0.0005952449919603341	0.2855173232726775	0.3778566626552834	0.1838864892362931	0.09606268805686591	0.2496052829355026	0.2474425990328129	0.1169448240742017	0.07976980848464187	0.01044275612641613	0.01029584858389471	0.01179705607630688	0.04526904592338533	0.01006219499915929	0.01002782672582267	0.01036770533696377	0.01029261650575707	0.1795646746806899	0.01006657638773227	0.0101570153704518	0.01032168668037387	0.01022388338103685	0.01049730919057856	0.01141878933944061	0.2003519274623814	0.1605486207151539	0.06416715058087628	0.0723232341730764	0.07652026369195822	0.2192223615394483	0.0102521169642638	0.06084505019826401	0.01092111420612687	0.114695445990398	0.01000886779535506	0.01027378671713991	0.2029854248774062	0.01006485161838777	0.01010707760922232	0.01003460614391481	0.01007745673058308	0.01016641167297573	0.01008874532672896	0.0906656178452664	0.1296382585442489	0.01104650898136297	0.0102836376937206	0.1124688866964195	0.01069188072892682	0.07938164077333081	0.09103980235827397	0.08503092366661741	0.06833138086129199	0.01008462092732983	0.01003652038608375	0.1934371056721012	0.2223325444236453	0.1546209790282091	0.2336846818091875	0.188484308380473	0.1768901704391479	0.1156678895248349	0.1164133425400092	0.1225544269174558	0.01060380380888114	0.01015648963793882	0.01005978165395424	0.01002675985586076	0.1218853481946216	0.01011195405714236	0.01025822957208953	0.01031298218367031	0.1327676945524413	0.07153422164722756	0.01004008673526305	0.01137881902791879	0.1961844815238873	0.2005938104051415	0.221478599426095	0.3839536246134234	0.2608756439649166	-1.062631015983359	-13.14078098929496	-7.173122679234169e-15	-3.799988879441932e-11
0.3954468260981009	-0.22627303160672	0.05283405157495636	-0.454433363040848	2.581356134699482	0.910101953798339	0.03466733339395794	-0.1345113719910647	-0.04549835498344354	0.3441235862946823	0.5839124074530829	0.04493578753523061	0.09061024136366755	0.173279705106471	0.03910333145564119	0.437352950906658	0.3727028673600862	0.3727028673600341	0.4473617460803387	0.4473617460802085	0.09630542623346383	0.06698444689747678	3.407714985707812	0.05965270227100126	-0.07567351804509673	2.131453833525337	-0.3020051959809874	0.30446123752093	0.3319037902979004	0.2872597676122255	0.6104938274273795	-0.05982939983742427	1.795649138399411	1.891820670782088	-0.7721345054610173	-0.544882306608879	0.4049559617091812	-0.4143069484498884	1.081830235457926	2.333904257016711	0.04412300095880888	0.03105349792159531	0.3892106694346718	0.2055490960987018	-4.698545257286671	-2.157142010738631	0.7435347360887481	-2.147832723728647	-0.3893564922231819	-0.2478835413493711	-0.812380122907252	2.446415317639135	2.446415317639881	1.659748211094611	1.659748211050187	-2.165218795801255	-1.205710542117721	-3.280651974405311	-1.450934268187043	1.40865408617238	1.117340023020812	0.9501240292897366	2.477316429897372	-6.227355859914723	-5.919142228232605	-0.03448775403984875	3.403167243798434	0.01213202485871833	0.5490673820837066	2.802400711063247	-10.21519789639523	0.2801363231987872	0.3710807553815944	0.1791145298309365	0.09400637410271009	0.2436508785816431	0.242315219089795	0.098113825603293	0.07790643059262015	0.01148664881172632	0.01027886878476349	0.01305291277461205	0.04267152345348189	0.01007307172205884	0.01004938838189447	0.01037310236413744	0.01028274800158418	0.1679641563827778	0.01007239505582872	0.01016769718413199	0.01037238523239277	0.01056221413969989	0.01307757694353738	0.01843489333444429	0.197101176884585	0.165831356132134	0.07743590109412453	0.09496418117943452	0.06755153846691987	0.2187108222042822	0.059373484476762	0.05957383186296769	0.02829878469835935	0.1077297839712614	0.01002666457624476	0.01214348670636547	0.205483197851608	0.01006313441636817	0.01012264512677865	0.01004021733598381	0.01008881007142015	0.01015354812594069	0.01008344595384818	0.0879322959677204	0.1277744030335307	0.01088323614572448	0.0102655479237083	0.1169295204736875	0.01070517155329799	0.09781798756857789	0.10210745011573	0.0845413665046837	0.06296051259548895	0.01010481115023048	0.01004946152557747	0.1954956968122741	0.2256421310751234	0.1572878311802998	0.2219870476392932	0.1837094445912288	0.1748773148946316	0.1093650448120009	0.1126403154448533	0.1192568370112922	0.01056774811592868	0.01015370499845165	0.01028061132885779	0.01037994978619148	0.1189638202586829	0.01011097636958541	0.01035646211545372	0.01032863274482875	0.1340987380547672	0.0714043146379475	0.01004920122129579	0.01219371863043651	0.2398554289557473	0.1826748459358667	0.2165668221325886	0.3735336981575612	0.2547683852233248	0.0962152354304998	0.1157223751580413	-0.1204044314594373	-0.05453919378790524	0.01371985240032546	-0.03126760038897249	0.09584232728605198	-0.009632125864379349	-0.05056493899860561	-0.03450936352588992	0.02182547896073902	0.0902392258494642	-0.000885660531346162	0.2847086711172411	0.3751763483182978	0.1896481189537339	0.104026468541175	0.2514168930637609	0.2480890816186596	0.131656296173927	0.08855737935701663	0.01039784753163492	0.01027027980019355	0.01707617579174894	0.06641408905178021	0.0100738931430974	0.01003669651104194	0.01025991711181355	0.01020695532793438	0.1778236924926846	0.01005505811845803	0.01012134990585551	0.01022103990896781	0.01018877222176416	0.01035496918364687	0.01085986846371651	0.2019887161060658	0.1631138449958277	0.06635865651034303	0.07633504659308271	0.04366932012637779	0.2247348794230705	0.01014631550020463	0.06673391502213417	0.07124249934767163	0.1291916989054047	0.01001000739220262	0.0102044391022226	0.2012226876672829	0.01006307364194208	0.0100841160609426	0.01002719748427763	0.01006089351382061	0.01014595729620219	0.01007715873211947	0.08818619630337922	0.1245007167573773	0.01088204505047537	0.01024819015681101	0.1134344077004212	0.01065996418500402	0.0811754274495773	0.09198394249185048	0.07805129120458018	0.05038192186771568	0.01008301510826437	0.01003608605806461	0.1926261363284605	0.2202550127859488	0.1494091245544248	0.2441315072828219	0.1929620307412697	0.1786268524494909	0.1240874943259468	0.1234119114265454	0.126930543502691	0.01054269741344047	0.01014200190746594	0.01006869602356449	0.01002942995774522	0.1242261701832834	0.01010128661100289	0.01019593016246835	0.01028810821847204	0.1354980734312392	0.07787510927978916	0.01004121336164293	0.01371821860014906	0.1834948113027018	0.2053722315598075	0.2150577395172841	0.3719495976467553	0.2536181939588538	-0.8723790107721668	-13.21421925952598	-5.554400573847338e-12	-2.142238687498431e-11
0.4029080869678764	-0.2217610125773158	0.04936410518510081	-0.4454185610133271	2.598706493615392	0.9108017171327265	0.03483790722863118	-0.131967260408267	-0.04305595806664888	0.3112414196782993	0.56416348005683	0.05146962958462774	0.07959690655514097	0.1684293465641844	0.03661719194438732	0.43034331489321	0.3931454315354377	0.3931454315354456	0.4561253804038498	0.456125380403798	0.08079386610566837	0.05816860841795735	3.381431463214642	0.04964416722165178	-0.06529350757055379	2.140976349266206	-0.2939852097366425	0.3301316202311908	0.2856479920782847	0.2435562409396285	0.609769011909418	-0.03487397273923235	1.795234070076672	1.895227881946972	-0.7420195997107775	-0.597414917505936	0.8059423394053716	-0.549305873086677	1.311478963022365	2.316287099222122	0.1432759304634127	0.01772087103913184	0.2850322280560796	0.488441563875005	-4.068877756934991	-3.189316873874201	0.9471682118149454	-0.5622448059868567	-0.929875984702373	-0.3792617998067067	-1.048667190003659	3.057267970408076	3.057267970407969	0.4859895021393757	0.4859895021393749	-1.985442479722755	-1.152963389256684	-3.759951191719594	-1.227492928855715	1.371276315588681	1.438325796157856	1.186614056021956	4.126211721539258	-6.141564340872397	-5.771892094450514	-0.1930636430188007	3.364402770660532	-0.1540126702170222	0.3521659609635924	5.35820530027498	-3.911266978281059	0.2817270426675162	0.3720299215399088	0.184938952806465	0.1008211363501629	0.2471394059795622	0.2447575078074037	0.11738031891901	0.0854034433659826	0.01089976000495766	0.01026621176532214	0.0168191597580535	0.06061465349231521	0.01007722860953771	0.01004553118071105	0.01027924550875588	0.01021559898884287	0.1717535821826526	0.01005960148047982	0.01013194929849021	0.01026071716710883	0.01035453003241111	0.01160153108744532	0.01429174302183187	0.199514350808339	0.1652855877856325	0.07270880766727382	0.08724607828048085	0.04633124222563766	0.2224164483656683	0.03442787741217104	0.06475633209664639	0.06761384433256014	0.1213171608333879	0.01001825834427211	0.01110173903896569	0.2033146736379196	0.01006253632722499	0.01009505435025446	0.01003100428787952	0.01006884144463075	0.01014304146980787	0.0100764474516137	0.08737262804823173	0.1249812978840298	0.01083033333513423	0.01024513192333508	0.1155892042775418	0.01067124848871417	0.09047763153576369	0.09764449197334696	0.07952901735370455	0.05159810730252078	0.01009282678384424	0.0100422820535817	0.1941087115163797	0.2229882325924813	0.1525742690937647	0.233296185417102	0.1886637136289537	0.1768888727632245	0.1182911284319714	0.1193736315844101	0.1238605911871588	0.01053513622934314	0.01014293329651728	0.01017190281969854	0.01019629511095842	0.1219535698326739	0.010102479845377	0.01025215739417324	0.01029939299024912	0.1354155932713957	0.07629299583050801	0.01004535495530989	0.01373298603257114	0.2141964822345039	0.1933213193706673	0.2144800875525243	0.3705775650385695	0.2527197654055632	0.08930912524277937	0.1147753832028751	-0.1280515184595824	-0.04492367715170171	0.02467900357447703	-0.02812812391960313	0.101659844993142	-0.01156527333231789	-0.0417571136910932	-0.03741188804771143	0.01954798147517165	0.09691597118488612	-0.002366566054651446	0.283900018961807	0.3724960339813003	0.1954097486711744	0.1119902490254827	0.2532285031920276	0.2487355642045113	0.1463677682736506	0.09734495022939171	0.0103529389368544	0.01024471101649215	0.02235529550719009	0.08755913218017548	0.0100855912870378	0.01004556629626602	0.0101521288866563	0.01012129415010017	0.1760827103046747	0.01004353984918138	0.01008568444125634	0.01012039313755722	0.01015366106249171	0.01021262917671465	0.01030094758799171	0.2036255047497531	0.1656790692765055	0.06855016243980987	0.08034685901308936	0.01081837656079662	0.2302473973066976	0.01004051403613869	0.07262277984600547	0.1315638844892158	0.1436879518204118	0.01001114698904529	0.01013509148730461	0.1994599504571599	0.01006129566549457	0.01006115451265771	0.01001978882461886	0.01004433029705201	0.01012550291942681	0.01006557213750801	0.0857067747614897	0.1193631749705038	0.01071758111958577	0.01021274261990066	0.1143999287044197	0.010628047641081	0.08296921412582353	0.09292808262542622	0.07107165874254362	0.03243246287414048	0.01008140928919865	0.01003565173004468	0.1918151669848194	0.2181774811482518	0.144197270080638	0.2545783327564584	0.1974397531020668	0.1803635344598344	0.132507099127059	0.130410480313082	0.1313066600879267	0.01048159101799871	0.01012751417699427	0.01007761039317387	0.01003210005962795	0.1265669921719458	0.01009061916486526	0.01013363075286158	0.0102632342532751	0.1382284523100307	0.08421599691234853	0.01004233998802345	0.01605761817237916	0.1708051410815169	0.2101506527144744	0.2086368796084732	0.3599455706800829	0.2463607439527913	-0.7624476398348403	-11.97284028513151	-2.501227937903937e-12	-4.108539318775529e-12
0.4103693478376519	-0.2143364877498487	0.04445090214550996	-0.4348000956668335	2.61592740428211	0.9122072058893413	0.0349147131677907	-0.1302872048516111	-0.03795135174716122	0.2834724517094245	0.5371039348373688	0.05888701155891318	0.07375989186545259	0.1594106768322527	0.03376237643884276	0.4216207073834622	0.418257210037788	0.4182572100378113	0.4580951713446826	0.45809517134466	0.06675048312857423	0.0498287909181498	3.351720703443791	0.0413629895895186	-0.05524630132264548	2.152917018455609	-0.2843974844807802	0.3558161756020555	0.2406615648825309	0.2014577154033224	0.6078881880407863	-0.0104519767731968	1.793190501434181	1.896963147999607	-0.6909154421285015	-0.627216281424897	1.166301095464047	-0.7777821408498087	1.52004229856907	2.298928283394969	0.2306711258348487	0.004740601816695312	0.181506806776514	0.9003310668036577	-3.356782655614728	-4.049704728741268	1.00157092652924	-0.7873992159130316	-1.472818313986228	-0.360680983513971	-1.276443861400983	3.673941611726924	3.673941611729284	-0.03339256006334321	-0.03339256002648956	-1.77752745246475	-1.077797768448278	-4.193141101124411	-0.9931968278882057	1.316494248040005	1.757994797660813	1.393517887517903	3.013081357077978	-5.896446051764492	-5.492971519097754	-0.340659674131237	3.164828094315162	-0.3833202921578188	0.1092052737423778	8.280037730984102	-3.826620618128461	0.2821095492632446	0.3708506751136996	0.1902609115629693	0.1065094588717513	0.2497010182560657	0.2462694970454616	0.1309988172724202	0.09324787589386922	0.01143327029124825	0.01026716468468701	0.01917022167648805	0.06462468715708602	0.01008446826339786	0.01004773669906282	0.01019740730459404	0.01015365840412456	0.1711971907701375	0.01004885831230098	0.0101012899454174	0.01017447639855	0.01024019726708291	0.010836086863524	0.01211048814754599	0.2016368287467251	0.1690661556384615	0.07054115588728686	0.08380590247248669	0.02786111285214991	0.2282706260164467	0.02161218386290678	0.07126813027011206	0.1010391331096408	0.1332533321244083	0.01001438717849873	0.01057242535630532	0.2023440418312715	0.01006090566134566	0.01007342214234096	0.01002388145547523	0.01005319858278605	0.01012730839448199	0.0100678136766303	0.07678454168266206	0.1185303825542965	0.01070134897313473	0.01021628990038189	0.1089369702375063	0.01064616342497629	0.08320347845761863	0.09529316671783833	0.07477954681985079	0.04084372453557118	0.01009277029688303	0.01004203473207458	0.1919961656357771	0.2190904719186613	0.1437143817075497	0.2445986345401716	0.1934469309756782	0.1786425449093877	0.1278616597475362	0.1271953795490933	0.1287157675609065	0.01047696480067923	0.01013628891764022	0.01012367359987069	0.01010912966503648	0.1240441703482263	0.01009598915366678	0.0102473956315253	0.01028795496511854	0.1319244736069302	0.07234860867585378	0.01005276572953361	0.03049309823197257	0.1946085595007884	0.2000244702170353	0.2097380940547216	0.3627774407989835	0.2476059469812966	0.08464215402514803	0.1167035252319205	-0.1324147242356659	-0.03533453522020297	0.02301874136378444	-0.02184615312970483	0.1045727388128607	-0.009111287142903809	-0.02828183162675759	-0.03966305456082306	0.01696910648744533	0.1006058808404912	-0.003448281261269377	0.2816676185430093	0.365515048671881	0.1992286277758217	0.1136913835463337	0.2538091341304973	0.2483407724242202	0.1476637441531367	0.1054996787207279	0.0131551896127739	0.01028727191054328	0.02024310991122881	0.05240371273222737	0.01009468274171658	0.01005293356080821	0.01010890882956723	0.01008511557192119	0.1656092025675208	0.01003673377716061	0.01006703157093751	0.010086513790752	0.01013583923637937	0.01016951853579377	0.01021065747634268	0.205402027246002	0.1811444950803718	0.06809120376355586	0.07990506116295118	0.01045584735937308	0.2423726164049387	0.01003203866808816	0.08240144807400145	0.1405725947149129	0.1507018741688411	0.01001111790597469	0.01011791058733517	0.2023222910901573	0.01005807144417704	0.01005029810776449	0.01001631407430908	0.01003647682527798	0.01010457820613181	0.01005638162661749	0.04839917476300422	0.1037220683527522	0.01048874430522033	0.01017480110569036	0.09007096562543924	0.01062249194794126	0.06891599436817282	0.09249001051863616	0.06870949694402628	0.02895594516386607	0.01010211368198099	0.01004695222129774	0.1867628306084593	0.2094206080748984	0.122693736049446	0.2671110444083999	0.2021380669510327	0.1814960268108537	0.1448609067147232	0.1415986308466538	0.1372233488397079	0.01038340923463821	0.01013334008759191	0.01008763103400799	0.01003882039990269	0.1264652503050176	0.01009045236642237	0.01033448920810296	0.01029085011761013	0.118650455333138	0.05467252997524229	0.01007282839177204	0.0697449666835062	0.1640473882749539	0.2084278075256612	0.1981615452635554	0.339729094275003	0.2342898006975597	-0.7219210831937669	-11.25381501746576	1.112840355894485e-12	1.325333077896197e-11
0.4178306087074274	-0.2046241128952352	0.03760694670062115	-0.4229561205730288	2.63299931011524	0.9142021900734223	0.03493660702307335	-0.1290170044743782	-0.029315183665207	0.2614160504445859	0.5039453968296081	0.06582616777040132	0.07105489115049191	0.1466716042715659	0.0316123718760857	0.4114894634441091	0.4479694124270571	0.4479694124270586	0.4545018031385057	0.4545018031385217	0.05428920535338312	0.0421558359262985	3.319022070439238	0.03480958530716784	-0.04572860386577336	2.167144551634636	-0.2730392347776178	0.3788924269881989	0.1979663846943446	0.1618811840271391	0.6042443082364944	0.01209784896416758	1.789669876439935	1.896801258085469	-0.6193602088668705	-0.6507810870296333	1.41920330573623	-1.066846390895746	1.639978333589169	2.276346173370337	0.3012908925938895	0.003001620490322997	0.1751700518429908	1.43508096632565	-2.537617343308721	-4.824159266588773	0.8189792176868493	0.2772953293077294	-1.927134462230425	-0.1903363736040221	-1.426253889366448	4.29041715750894	4.290417157508914	-1.005222035223397	-1.005222035223384	-1.561357266737389	-0.9742100876596049	-4.560854225578956	-0.7643611928721058	1.229340843703648	2.051322454332165	1.66120527593914	3.427052683316446	-5.527392809124479	-5.095868508920205	-0.6656529183271119	2.862565275760381	-0.5499394118152048	-0.1563689903156397	10.84014086958098	-2.239549977911399	0.2814620653138364	0.3675300730288504	0.1949071291662018	0.1102561755742308	0.2514546514957275	0.2470045753742058	0.1387223843516291	0.1011540275027083	0.01322459398286234	0.01029129040604417	0.01906568204061219	0.04841140302708091	0.01009273951135773	0.01005281816907063	0.01013706939789113	0.01010606266359177	0.1662651133932011	0.01004030858779125	0.01007731807087573	0.01011739152774368	0.01017959877831661	0.01047164053190453	0.01108272949114099	0.2036076684935783	0.1779483730289125	0.06922722163007282	0.08182989206344816	0.01868405614963844	0.2366722778342257	0.01554847987869157	0.0793446095444388	0.1213572882853235	0.1427575117859718	0.01001265682006271	0.01032775969222225	0.2029997126514683	0.01005838712598078	0.01005779287583943	0.01001879123883779	0.01004189531355862	0.01010868259121649	0.01005886957540069	0.05236689457911919	0.1076660141526265	0.01051675389931348	0.01018237773901108	0.09369636876258862	0.01063194664928461	0.0724675892701423	0.09386307399215907	0.0711935133280255	0.03376775882497393	0.01010428007362812	0.01004822154531597	0.1886132367395933	0.2131414283026799	0.128938109272222	0.2562793883475134	0.1981690441193616	0.1801222354356144	0.138593321833036	0.1364885955723249	0.134029937983157	0.01039651000891729	0.01013659141713518	0.01010789144701713	0.01007425727940828	0.1251080858468084	0.01009302157809813	0.01035714367363789	0.01029826657738328	0.120928649016654	0.05531711065507614	0.01007303418218549	0.06596107590273394	0.1801542139030717	0.2030995661265992	0.2025450126475792	0.3503145732479599	0.2396300997514213	0.07997518280751846	0.1186316672609667	-0.1367779300117503	-0.02574539328870257	0.02135847915309161	-0.01556418233980823	0.1074856326325798	-0.006657300953484094	-0.01480654956242237	-0.04191422107393485	0.0143902314997203	0.1042957904960966	-0.00452999646789044	0.2794352181242176	0.3585340633624439	0.2030475068804709	0.1153925180671858	0.2543897650689688	0.2479459806439306	0.1489597200326259	0.1136544072120642	0.01595744028868733	0.01032983280459385	0.0181309243152676	0.01724829328427931	0.01010377419639572	0.01006030082535144	0.01006568877248105	0.01004893699374855	0.1551356948303686	0.01002992770513718	0.01004837870061772	0.01005263444394688	0.0101180174102658	0.01012640789487165	0.01012036736469273	0.2071785497422523	0.1966099208842373	0.06763224508730152	0.07946326331281181	0.01009331815794964	0.2544978355031862	0.01002356330003775	0.09218011630199663	0.149581304940612	0.1577157965172717	0.01001108882290521	0.01010072968736385	0.2051846317231547	0.0100548472228612	0.01003944170287551	0.0100128393240129	0.01002862335350993	0.01008365349283718	0.0100471911157265	0.01109157476452028	0.08808096173500105	0.01025990749085634	0.01013685959148008	0.06574200254645925	0.0106169362548011	0.05486277461052267	0.09205193841184606	0.06634733514550809	0.02547942745358911	0.01012281807476398	0.01005825271255071	0.1817104942320997	0.2006637350015454	0.1011902020182557	0.2796437560603443	0.2068363807999993	0.1826285191618737	0.1572147143023875	0.1527867813802256	0.1431400375914893	0.010285227451278	0.01013916599818767	0.01009765167484062	0.01004554074017373	0.1263635084380898	0.01009028556797734	0.01053534766334806	0.01031846598194419	0.09907245835624554	0.02512906303813685	0.01010331679553265	0.1234323151946347	0.1572896354683897	0.2067049623368483	0.1876862109186381	0.3195126178699248	0.2222188574423285	-0.6907614321305248	-9.901871722218171	-4.864861580846732e-13	3.062852485677449e-11
0.4252918695772029	-0.193604307741037	0.02871315075607087	-0.4103720559652033	2.649888335027444	0.9166392588841653	0.03495271314371291	-0.1271377202764732	-0.01652512212557355	0.2454237368922155	0.4663449711674768	0.07083957465711682	0.0706598394022986	0.1312457250783606	0.03103052974669189	0.4004285605657871	0.4821969301646024	0.4821969301646284	0.4464387653542204	0.4464387653542929	0.04341387744646933	0.03535872038244651	3.283941587339341	0.02988440850380562	-0.03698209733090763	2.183356209990233	-0.2592497382606151	0.3993225315317293	0.1584068852651618	0.1256401370259023	0.5976952433303103	0.03554437606135025	1.785431401762067	1.894802206211063	-0.5316681163871088	-0.6723108845482537	1.49373588317647	-1.29448200063279	1.710544470526065	2.24944202231242	0.3475157446208536	0.003190122839138253	0.3880892892269401	1.983838266999476	-1.749624337345371	-5.210300062504873	0.5126819054899411	-0.2291947853287367	-2.151965810435503	0.03410250908909759	-1.515028346035713	4.893211282173485	4.893211282168783	-1.253201113666807	-1.253201113563532	-1.358324461797776	-0.8414985472984897	-4.818093975426698	-0.562899244567075	1.107503415738522	2.277299098615009	2.049216521700497	2.161073853806086	-5.063168569850625	-4.60490476467194	-1.116106180435393	3.33932314187867	-0.5333325352127756	-0.355364118105126	12.4763456573659	-3.354240606622483	0.2790930872664693	0.3613089775072887	0.1987135458282107	0.1116923781869906	0.2523040583098613	0.2465107835506376	0.1417601966462459	0.1083564564927692	0.02770256034471464	0.0103573018579759	0.01769717973290685	0.03138767133700745	0.0101030453544668	0.01006054629181634	0.01009413700392379	0.01007174960572559	0.1452290786918955	0.01003369398474935	0.01005934132025131	0.01007914358248665	0.01014391520305682	0.01028037352857848	0.01055491380835334	0.204938249498432	0.1886025728465057	0.06904228023594985	0.08206827670504542	0.01406551861665606	0.2457372273893562	0.01257011153249632	0.08821064499410154	0.1346669821706205	0.1500855097803149	0.01001167132749585	0.0102043466617428	0.2039092457990361	0.01005549551728171	0.01004638753062046	0.01001510694703846	0.01003364839452867	0.01009191280861957	0.01005110751095156	0.03105868073709474	0.08849680094456575	0.01035838586368833	0.01015206934431711	0.07292607848062126	0.01064836219768917	0.05774142998444206	0.09209175368632265	0.06961313805958295	0.03545015780319155	0.01019019183025617	0.01006219991235909	0.1849175689411733	0.2057483436401044	0.1048213511389783	0.2673736406983367	0.2028178083782235	0.1819874782627688	0.1493162833499085	0.1460112846339913	0.1389631714637337	0.01032207778473856	0.01015087304013191	0.01010259780109705	0.0100597813985431	0.1259930210597277	0.01009409414952156	0.03354553923441548	0.01034588895416715	0.09959619549998133	0.03786384239500794	0.03554583683821096	0.1009470872961297	0.1688903730190691	0.2045184789826563	0.1929950571441643	0.3338717967636531	0.2288517059706512	0.08398942593341996	0.1242713647321335	-0.1383505309381721	-0.007375664042987307	0.01979560765282058	-0.001609871622640496	0.1091561232191414	0.0007022294077789124	0.004191853584366703	-0.0426555164461228	0.0101258632011223	0.1071452011745454	-0.003540955216412673	0.2718164793054843	0.3434354421782319	0.2047292345290931	0.1115821484547061	0.2528784668194252	0.2438739784649704	0.1424945752278579	0.1188971089226896	0.06083001163629326	0.01048184125427725	0.01516059679996462	0.01381345919230702	0.01011830902870011	0.01007264765233195	0.01005163961419149	0.01003785271232994	0.0868071035699447	0.01002663767855564	0.01004076403150028	0.0100422541274756	0.01011045346153066	0.01011332909384185	0.01010045733287118	0.2064584086024447	0.2083171098369795	0.06988283384863692	0.08474191103513098	0.01006542534944714	0.2632261756988484	0.01002194043476522	0.1023490659485331	0.1513147282944272	0.1604743295893076	0.01001063791790303	0.01010019447856946	0.2051677430620165	0.01005158195078206	0.01003459450094868	0.01001131803921736	0.01002512409434599	0.01007294669746376	0.01004240857349322	0.01064063119297114	0.04947136155022199	0.01019594908548971	0.01011801373997123	0.03805448415410477	0.01069978346637219	0.0326850300886304	0.08853562260087883	0.06936634384995391	0.04659271374891887	0.01037843230206985	0.01008699624639121	0.1783745171063854	0.1907106584745933	0.05585229186185681	0.2883868599155833	0.2113519559367856	0.1860816962706111	0.1671998272715939	0.1619707097541562	0.1465411891335309	0.01023793987734153	0.01018258543114244	0.01009855218217128	0.01004931501652539	0.1276278230124118	0.01009890702193936	0.09050358819276967	0.01044204795464087	0.05476633696400522	0.01774198963848851	0.09844782010382663	0.1505284071400312	0.1511540811373562	0.20631252601345	0.1729997297856355	0.2940658500255225	0.2050256976556231	-0.6849169203193621	-9.340192097716674	-2.678243900220291e-12	4.800523302323191e-11
0.4327531304469783	-0.1829446289400077	0.01862822042986939	-0.3977684925869653	2.666546730684864	0.9193215572367603	0.03501218364399328	-0.122337620651016	0.0001473364129628368	0.2353000402571208	0.4268568460292104	0.07329478915540473	0.06993271536751812	0.1153919019515345	0.03211723258240717	0.3892336834397279	0.5211212882494681	0.5211212882494821	0.4343516648757055	0.4343516648757442	0.03395187660008823	0.0296920661732084	3.247488332341681	0.02630434356139022	-0.02931627694244864	2.200874912737455	-0.2422488927858098	0.412809620140153	0.1226112569440326	0.09336858048826327	0.587197110240767	0.06069067751731893	1.782499959623403	1.891858188365451	-0.4360092623702982	-0.6981890869439172	1.322671001982624	-1.386131402142891	1.645205002190286	2.214525722702193	0.3670249682117421	0.01462549491739803	0.9580981592205896	2.47576217649568	-0.9645274809484342	-5.330159395019105	0.1332526544751387	0.1882829507510208	-2.041845351817698	0.2569191216741183	-1.462165848163984	5.549410893158773	5.549410893158672	-2.083876907777004	-2.083876907777087	-1.182513238683898	-0.6711885598215476	-4.928827393169183	-0.4038023319050995	0.939661615206016	2.401677284364166	2.522011246922538	1.565968865181432	-4.518482606834809	-4.031841789600038	-1.72420541993386	3.318191848624925	-0.1995877589170679	-0.409668261820224	12.97564093579863	-3.405145164113581	0.2746424307379781	0.3517577625139733	0.2016002874219916	0.1106372520622424	0.252198512340924	0.2445609902095414	0.14045339974453	0.1145595508937296	0.05775701127854736	0.01047118678314791	0.01544285423707287	0.02124271894550287	0.01011570699939195	0.01007084762302019	0.01006729330449444	0.01005037656977652	0.1013084230161454	0.01002893171898722	0.01004713739554448	0.01005641954362254	0.0101238943682697	0.01018829014729474	0.01030940461951277	0.205398650391391	0.1995832821044274	0.07008442676922011	0.08479259737500608	0.01195435773669159	0.2545891993050067	0.01122939162457901	0.09759563968956966	0.1424622993119096	0.1552958027409911	0.01001098371005355	0.01014935490974534	0.2044252239069999	0.01005239570084319	0.01003863600049014	0.0100126278720034	0.01002804669778945	0.01007852041285752	0.01004500544239989	0.02031416748072108	0.05894857786232174	0.01025255100184724	0.01012814482388622	0.04790705245035941	0.01070174800512597	0.0387512794100403	0.08946359745007228	0.0703451845653085	0.04735355732910407	0.01037059901874477	0.01008440421737419	0.1813627127975293	0.1972077441956566	0.06932573476178497	0.2774269261916472	0.2073873677823624	0.1845371986640852	0.1595683755220645	0.1552696765540605	0.1431675571794283	0.01026275307257458	0.01018138539429025	0.0101007549692504	0.01005547343573877	0.1270531493680062	0.01009937235684909	0.0848337727991918	0.0104358020930322	0.06613145685368897	0.02531016966830933	0.09183952259313466	0.1305385263816301	0.1597544060145405	0.2051680618167655	0.1811223463504333	0.313795794899957	0.2152831954193606	0.08800366905932176	0.1299110622033008	-0.1399231318645953	0.01099406520272764	0.01823273615254929	0.01234443909452822	0.1108266138057026	0.008061759769038924	0.02319025673115591	-0.04339681181831054	0.005861494902522867	0.109994611852994	-0.002551913964930983	0.2641977404867499	0.3283368209940248	0.2064109621777158	0.1077717788422263	0.2513671685698848	0.2398019762860107	0.1360294304230879	0.1241398106333154	0.1057025829839034	0.01063384970396304	0.01219026928466123	0.01037862510033389	0.01013284386100525	0.01008499447931355	0.01003759045589987	0.01002676843090738	0.01847851230952083	0.01002334765197176	0.01003314936238151	0.01003187381100336	0.01010288951279528	0.010100250292812	0.01008054730104952	0.2057382674626374	0.2200242987897244	0.07213342260997273	0.09002055875745102	0.01003753254094581	0.271954515894511	0.01002031756949272	0.11251801559507	0.1530481516482419	0.1632328626613436	0.01001018701290471	0.01009965926977492	0.2051508544008777	0.0100483166787015	0.01002974729901789	0.01000979675440954	0.0100216248351768	0.01006223990209081	0.01003762603126175	0.01018968762142032	0.01086176136544238	0.01013199068012204	0.01009916788846229	0.01036696576174925	0.01078263067794353	0.01050728556673878	0.08501930678991161	0.07238535255439915	0.0677060000442488	0.01063404652936813	0.01011573978022116	0.17503853998067	0.1807575819476386	0.01051438170545612	0.2971299637708194	0.2158675310735719	0.1895348733793482	0.1771849402407999	0.1711546381280864	0.1499423406755722	0.01019065230340488	0.01022600486410029	0.01009945268950409	0.01005308929288118	0.1288921375867336	0.01010752847590369	0.1704718287221942	0.01056562992733829	0.01046021557176392	0.01035491623883922	0.1867923234120977	0.1776244990854286	0.1450185268063235	0.2059200896900525	0.1583132486526332	0.2686190821811222	0.1878325378689175	-0.6799374567292389	-8.227145044822816	-7.039762031867866e-13	4.456758074963029e-11
0.4402143913167538	-0.1746970111872995	0.008500822825214034	-0.3860210746452958	2.682918556343087	0.9220273769994412	0.03517045946953281	-0.1117097206123038	0.02019060505658669	0.2307061696941332	0.3884540087540518	0.07287117959277206	0.06742376861426545	0.1018919446713893	0.03474024058983677	0.3788277983414918	0.5651854861276072	0.5651854861276099	0.4184439494010652	0.4184439494010446	0.02563689687182284	0.02536906603887085	3.210641879394753	0.02369593476345564	-0.02301970754148981	2.218880111600975	-0.2215985727428252	0.4186226933740282	0.09106010639150637	0.06556497630187186	0.5718917826597524	0.08655457897755921	1.782980331135784	1.889060936227305	-0.3407505425168191	-0.7272654956001173	0.8791154125674756	-1.319736475007085	1.494632225712825	2.1739474017514	0.3563618630801954	0.02852798953058205	1.897715871551346	2.883796227404967	-0.2894502734759798	-4.952172845261436	-0.2393006311763842	-0.7160684231878364	-1.562618741694564	0.4384078039005403	-1.319650929043816	6.247797924088014	6.247797924088539	-2.23750394175342	-2.237503941690917	-1.044876859569694	-0.4890319567865811	-4.941730956333903	-0.2959293583536583	0.7468986229873634	2.401066213145405	2.988676685201912	0.1912988206967494	-3.933283156717094	-3.415859786152334	-2.369962896469269	3.619850211262703	0.345406321301939	-0.3133072097491159	12.48915571159214	-4.057684466942098	0.2683026769639869	0.3396570359526635	0.2029699465026792	0.1058131754938171	0.2509190677844382	0.2410620935542574	0.1378975370689162	0.1193577061604452	0.0828477567189848	0.01072998979026875	0.0135851597265198	0.01541163937742357	0.01013005801018311	0.01008309062319328	0.01004994139579775	0.01003663777094048	0.06021102604143649	0.01002557067127639	0.01003879866976498	0.01004220136361015	0.01011214019606805	0.01013950571344003	0.01018443992582482	0.2046807820848065	0.2080646196233732	0.07172107900501488	0.08868070498717898	0.01091459203550293	0.2614976972396167	0.0105745240143319	0.1064340263884999	0.1465121291341749	0.1584889267904755	0.0100104735859722	0.01012426582519003	0.204740076227686	0.01004965189484444	0.01003341337183839	0.01001098134135946	0.01002428011648802	0.01006831505201109	0.01004028429043931	0.01488226671149096	0.03438751998930575	0.010181452431968	0.01011025701077803	0.02850212849282602	0.01074929842428463	0.02395293672637444	0.08557427488918069	0.07179226760373798	0.06006101700604752	0.03110063577133553	0.02557853028812297	0.1783814518452722	0.1900513131680792	0.03972914746484607	0.2855390161506594	0.2116034051286724	0.1876055467701012	0.1680289449565577	0.1629358724710823	0.1460042964257933	0.01021926175976068	0.01020907284113745	0.01009994028967878	0.01005428665536556	0.1284601523852821	0.01010654317721027	0.1282615044389405	0.01082903645598028	0.0380110100010726	0.01734005032262703	0.1464225786974724	0.1538660844429638	0.1432349738928919	0.2055069847451509	0.1637834809139446	0.2828207927950831	0.1948733582305577	0.09096760295429572	0.1335285745729957	-0.138841844846449	0.0168372488058279	0.001734663593322616	0.01452019659462901	0.1102627513771894	0.009973458135823898	0.0251179980002003	-0.04240832873310147	-0.002069015621397636	0.1099877293758169	-0.001694812174912222	0.2534550451858035	0.3108881792032012	0.2035353677644036	0.09395732734380108	0.2469169003217936	0.2324220052894521	0.1336764275442414	0.1256205205490868	0.1107453065488163	0.01120913463809253	0.01183216147911	0.01030500734430847	0.01014984503059024	0.01010036017210413	0.01003347946059395	0.01002367974070401	0.01429751643782601	0.01002224209641936	0.010030650952183	0.01002888519939355	0.01010171870048112	0.01009695298490679	0.01007813976101169	0.2018893589345083	0.2197118921007866	0.07448475929603549	0.09528796831212977	0.01003261337850763	0.2720114878559818	0.01002277944164249	0.1195921120307179	0.150217139472632	0.1619633821450785	0.01000992625303854	0.01010605322433739	0.2052041598299834	0.01004653615486212	0.01002841672177626	0.01000943019064865	0.01002068610988878	0.01005764538966537	0.01003522289091529	0.01015310963228884	0.01054384468581172	0.01011298082942987	0.01009191623789523	0.01027076642951607	0.01079502261998573	0.01035060795756466	0.07828285067924394	0.07404379471270367	0.07647620187253033	0.08172706020485523	0.06320036324062885	0.1738547450566975	0.1797979556577283	0.01033431309984468	0.2992630508968109	0.218980494028546	0.1936572541855011	0.1804528689260757	0.1740855497424874	0.1491572228826413	0.0101760051399004	0.01023766611303106	0.01009909060083451	0.01005345347848821	0.1312104084545778	0.01011676696157416	0.1823578367679003	0.01165458732814694	0.01031622872774533	0.01029709850747148	0.2292543872087719	0.1866945407276804	0.1029721542563964	0.2060329733422985	0.1259994433242859	0.2014894449764426	0.1476581743719822	-0.7054610393574721	-7.585141737838648	1.964629067041558e-12	3.766086840268567e-11
0.4476756521865293	-0.1699602754791696	-0.00093435761748455	-0.3756001931775692	2.69898729101821	0.9246108515484738	0.0354487486963942	-0.09391456747761856	0.04298590054497799	0.2306436842010804	0.3531309618232569	0.06983575527661065	0.06140706558437251	0.09228582515601774	0.03854338171491472	0.3696529828190777	0.6141415021155877	0.6141415021155586	0.4001074259057139	0.4001074259056499	0.01838132069467285	0.02237306084285769	3.173837434972376	0.02188020510805558	-0.01818921179759206	2.236353124290022	-0.1980182196680939	0.4186348532609446	0.06399969742262966	0.04247126665859423	0.5519572820092918	0.1147854486163536	1.787908787583293	1.887583246072107	-0.2506754626199391	-0.7537985744196294	0.3815748236490907	-1.20058175466244	1.289625296014241	2.133281818109166	0.3342301855324135	0.04679523229308537	2.879289020031095	3.213446300689061	0.2501157672907438	-4.504617868333883	-0.5668474491147678	-0.7519753616708027	-0.9980974295514766	0.5732552312072673	-1.132176159566395	6.860668654260619	6.860668654260921	-2.73492183504816	-2.734921835048218	-0.8985388355965541	-0.3154859614465311	-4.917566957283819	-0.1913237292384041	0.5466787983564378	2.259024136626328	3.307410145851446	0.01102702742888509	-3.31473389409001	-2.76934886118698	-2.965060860769386	3.952660531839747	0.992726787404299	-0.05595807628452201	11.58615997610958	-2.723402525481831	0.2601653779419226	0.3254253119086766	0.2025353459807028	0.09662484487978575	0.2483529247758773	0.2359613715890888	0.1354264007090668	0.1225734549391514	0.09723948337605581	0.01116469502350662	0.01255241101513393	0.01270698759588695	0.01014588498297332	0.01009707308019246	0.01003996645560111	0.01002883274126589	0.03584464242440838	0.01002346635311368	0.01003371394739482	0.01003423973369052	0.01010628186180295	0.0101160575295385	0.01012771981132079	0.2026341004603288	0.2127697072433261	0.07371187619024697	0.09321933015228864	0.01044886754545138	0.2656228553510451	0.01028490024587694	0.1143281180385896	0.1474280947617788	0.1596801196082279	0.0100101024096357	0.01011671475310817	0.2049440370119919	0.01004744478778274	0.01003035929838187	0.01001004801574511	0.01002208918201604	0.0100612356131931	0.01003685465048643	0.01238639426515424	0.02193690904420408	0.01013936132716944	0.01009829418214232	0.01897896803096508	0.01077728132659865	0.016798513327524	0.08025479022149891	0.0733421231122265	0.07052180120424494	0.07702938630457315	0.060356852411075	0.1761751333075993	0.1855143499736373	0.02451247208092945	0.2912551528541915	0.2153382245128231	0.1911172999238077	0.1741249271442595	0.1684390744920965	0.1471914073079415	0.01019183359104701	0.01022783239706402	0.01009937775542862	0.01005396401622836	0.1302862322976556	0.01011486581093167	0.1549148373027559	0.01160872213587735	0.02365977263562129	0.01362729469158401	0.1920761408745195	0.1702143744993633	0.1144619170781191	0.2057501208209679	0.1393050312933243	0.236391191918592	0.1653487679093665	0.09393153684926883	0.1371460869426895	-0.1377605578283007	0.02268043240892838	-0.01476340896590418	0.01669595409472886	0.1096988889486764	0.01188515650261144	0.02704573926924484	-0.04141984564789227	-0.009999526145316911	0.1099808468986399	-0.0008377103848967128	0.2427123498848589	0.2934395374123759	0.200659773351091	0.08014287584537592	0.2424666320737022	0.2250420342928933	0.1313234246653956	0.1271012304648575	0.1157880301137255	0.01178441957221971	0.01147405367356054	0.01023138958828783	0.01016684620017633	0.01011572586489696	0.01002936846529382	0.01002059105051013	0.01011652056613663	0.01002113654086756	0.01002815254198685	0.01002589658778805	0.01010054788816647	0.01009365567700186	0.01007573222097505	0.1980404504063787	0.219399485411849	0.0768360959820973	0.1005553778668068	0.01002769421607402	0.2720684598174517	0.01002524131379744	0.1266662084663651	0.1473861272970232	0.1606939016288135	0.01000966549317551	0.01011244717889974	0.2052574652590896	0.01004475563102691	0.01002708614454154	0.01000906362690823	0.01001974738461059	0.01005305087723883	0.01003281975056623	0.01011653164315859	0.01022592800618197	0.0100939709787383	0.010084664587328	0.01017456709728527	0.01080741456202782	0.01019393034838687	0.07154639456857445	0.07570223687100938	0.08524640370081506	0.1528200738803446	0.1162849867010425	0.1726709501327255	0.1788383293678198	0.01015424449423624	0.3013961380228039	0.2220934569835207	0.1977796349916538	0.1837207976113514	0.1770164613568879	0.1483721050897099	0.01016135797639604	0.01024932736195958	0.01009872851216404	0.01005381766409381	0.1335286793224217	0.0101260054472425	0.1942438448136013	0.01274354472895457	0.01017224188372914	0.01023928077610496	0.271716451005454	0.1957645823699306	0.06092578170646964	0.2061458569945435	0.09368563799593596	0.1343598077717559	0.1074838108750458	-0.7367896296886305	-6.273535795750204	1.218477950833946e-12	2.57500104758086e-11
0.4551369130563048	-0.1688588315714374	-0.009446816969081432	-0.3665123780841769	2.714767934980933	0.9269996308030707	0.03583065641482086	-0.0691575420645221	0.06802725480641178	0.2337037431574826	0.3216878296573662	0.06483284380980556	0.05245160443782867	0.08682317643055429	0.04320350480686974	0.361655216770211	0.6671138811001984	0.6671138811001968	0.3804807428859036	0.3804807428858231	0.01230479692055413	0.02056276490524675	3.137371404538254	0.02091059251876158	-0.01479636646264076	2.252397848718009	-0.172636619603103	0.415463615762672	0.04162697678513477	0.02427827643170202	0.5282153955054054	0.1449387386881294	1.797483194916449	1.888611969426139	-0.1675822080892234	-0.7722230106351311	-0.06768451908955631	-1.091532240702936	1.161646228785425	2.097362464494757	0.3060287815242605	0.05433322995098685	3.721498062844506	3.494491394833117	0.5347040612859336	-3.935997865405088	-0.7661184517909727	-1.493312889256614	-0.4904545277531985	0.6749071287683093	-1.027993270976301	7.307491118912639	7.307491118914675	-2.55775979358173	-2.557759793555497	-0.72278240145504	-0.175687553997096	-4.847935145532823	-0.06144053601097153	0.3659211901276803	2.037690617572922	3.477646085682356	-0.7366412517058387	-2.680883548272817	-2.104471056862973	-3.376490482792856	4.118083653355711	1.51594514616512	0.3577724699200548	10.68861149690527	-2.040097446554726	0.250949380194492	0.310256184541178	0.1990141074872835	0.07963680700139093	0.2443451056504816	0.2296443860467944	0.1199065328281868	0.1245272420550063	0.1066081396182442	0.01520703839870295	0.01199993379807683	0.01136764253604786	0.01016789785812177	0.01011515542426309	0.01003410304799031	0.01002424179514273	0.02234420320637225	0.01002233853930965	0.01003078524827221	0.01002974166289496	0.01010450481840131	0.01010476347723102	0.01010072001221415	0.1994537964698122	0.2149090522154754	0.07541936345177219	0.09720521717122292	0.01022098307424392	0.2675378738099038	0.0101473747275477	0.1213577081522547	0.1418080361830407	0.1579879313668235	0.01000994812702599	0.01011877863216782	0.2043937422341627	0.01004636485344432	0.01002879838843045	0.01000961332323305	0.01002098852008557	0.01005710009542664	0.01003487810130199	0.0111552568411888	0.01566815888241174	0.01011362070426424	0.01009116682095728	0.01425113926352041	0.01596335341683327	0.01323528369303722	0.0709851683285596	0.074375393597738	0.07882267042946324	0.1229034864297325	0.1093657690179042	0.1723469216913915	0.1742226223078449	0.01685694489311739	0.2939948571459392	0.2174050138855205	0.1931817211236041	0.1778890335217674	0.1714541346147936	0.1468965698748411	0.01017650676551127	0.0105205667451898	0.01010031330276447	0.01005466282905488	0.1309964284003395	0.0101215373566078	0.1507303252438824	0.02220896503824561	0.01647754082283991	0.01180007298489722	0.2322396136221517	0.1808341905902003	0.0826606756493541	0.2058659980038289	0.1081172940942022	0.180305378585758	0.1279748154622062	0.09202217617863571	0.1411368396555582	-0.1351363285893597	0.0252674559915972	-0.01964104851444365	0.01476462813796687	0.1092383074800076	0.00655595998540596	0.02986797590555589	-0.04001179794616268	-0.009655245425963828	0.1101552686917982	0.001496838951978798	0.2319577418522367	0.2780280791869047	0.1884680042023626	0.04526538167585764	0.2347651319598464	0.2163498392448718	0.07563568839019046	0.1266100843874013	0.1181981447371894	0.02436109177315775	0.0115784330414707	0.01023188337105253	0.01020267373495855	0.01014252558792762	0.01002900686403705	0.01002020508613767	0.01008754859419307	0.01002160019980822	0.01002846217752851	0.0100260090785104	0.01010505302706646	0.01009659253292276	0.0100798848983885	0.1924420578078234	0.2166696616859645	0.07750202900263382	0.1024788670430898	0.01003017825565974	0.2690949904521748	0.01003688470034516	0.132019507426289	0.1240352267030146	0.1516251162867266	0.01000994524930349	0.01012721236907455	0.2022089152061357	0.01004603808311261	0.01002781684620878	0.01000940050401754	0.01002032447016787	0.01005409440436911	0.01003354395655928	0.010108537984436	0.01018490294875978	0.0100902919416922	0.01008558972190012	0.01015795768272822	0.02835226301726431	0.01016093711803164	0.05264758817890812	0.07523407416205175	0.08932339175377044	0.191535493684323	0.200861668690926	0.1626534356942022	0.1421196219223935	0.0101164106022499	0.2956901420518285	0.2188237371428931	0.1944486165099673	0.182124130003501	0.1739882670884349	0.1449432505452528	0.01016547356981048	0.01119702031387645	0.01010306933372489	0.01005644019163868	0.1304094504966879	0.01012810195743645	0.1025764373941913	0.04691790521739846	0.01019558559922627	0.01025148822370259	0.3033807179553726	0.1940232205780865	0.03552866312040132	0.2059257207296114	0.05190096767276815	0.07219738718761265	0.05878229185050091	-0.7958952501463139	-5.116717562350361	-2.959933523217511e-13	1.271321979344673e-11
0.4625981739260803	-0.1706920399189415	-0.01737705473221621	-0.3580376098388819	2.730294533419196	0.9291767340325824	0.03624099830528218	-0.03890814464961431	0.09506645339367469	0.2380940723144316	0.2942132049828999	0.05852376924605718	0.041439553367803	0.08460465275662901	0.04859993560215111	0.354068619804998	0.7227228534535649	0.7227228534535713	0.3614657751955944	0.3614657751955967	0.007707478282238475	0.01966299578921299	3.101632221701395	0.02106992748895176	-0.01268183305625672	2.266699528435474	-0.1463992214810397	0.4094992641018146	0.0240153053208732	0.01110952877988852	0.5019071376165728	0.1760603367288942	1.809668594124944	1.893311051960508	-0.09115168178004866	-0.7816276599506851	-0.4050622630813352	-1.044516554018604	1.125297347260254	2.065184608027617	0.2774901712519851	0.0544170464859535	4.351525978088756	3.748970889019785	0.6066963030619628	-3.440854635232854	-0.9169660473063849	-1.303246777441071	-0.1285057855612342	0.770623402050486	-1.021961789794137	7.56741069567407	7.56741069567482	-2.570950800930369	-2.570950800930331	-0.5020361098769368	-0.07141814551995972	-4.722734579844291	0.1112920294976306	0.2040257397316855	1.791798893954474	3.536807849345366	-0.7376706010817091	-2.038528904581618	-1.422594561872292	-3.652979813626374	4.212216654081809	1.692606317420776	0.9278861409864125	9.800207618429372	-0.3056377378385457	0.2410278720407283	0.2948119597939661	0.191765930621794	0.05306870482477014	0.2388130912486354	0.2223024598343649	0.08459563969253357	0.1253379473636034	0.1125519434034777	0.02388594022942441	0.01181166750594422	0.01077031365981886	0.01019760500695574	0.01013809350847653	0.01003130511446543	0.01002199381400519	0.01592349488449188	0.01002209748804651	0.0100296608998909	0.01002781251960065	0.01010622765009718	0.01010139745219444	0.01009107468126625	0.1952295281560796	0.2150028095161846	0.07660287634080747	0.1001737841191298	0.01012133399299168	0.2675005774960906	0.01009291797437177	0.1275417167797727	0.1279793376759692	0.1529858046653723	0.01001003569512937	0.01012791831343028	0.2027832784271835	0.01004660117434918	0.01002851433953653	0.01000960855710533	0.01002082269512681	0.01005585011744959	0.01003440636519868	0.01060195497793803	0.01277596405416103	0.010100169671925	0.01008852564462474	0.01209500367006234	0.02782672651057544	0.01160862849882703	0.05666644013558411	0.07465624487882197	0.08493422028775773	0.1628172036153306	0.1714565073376292	0.1657710409438972	0.1514466244176372	0.01330748648210397	0.2934350657588415	0.2172360083324973	0.1929270122671495	0.179300699369783	0.1718034365894577	0.1451811382360124	0.01017200977292758	0.01117747729604218	0.01010314598061852	0.01005643346415489	0.1299358047747616	0.01012566010074213	0.1056349421624202	0.04516618465801228	0.01318748163186976	0.01098942907618503	0.2674163756673063	0.1859715601953389	0.05256623360719428	0.2058396761963313	0.07026358290425433	0.1175974611650513	0.08316963969586547	0.09011281550800308	0.1451275923684269	-0.1325120993504199	0.02785447957426576	-0.02451868806298251	0.01283330218120554	0.1087777260113386	0.001226763468198708	0.03269021254186677	-0.03860375024443348	-0.009310964706611557	0.1103296904849563	0.003831388288856359	0.2212031338196186	0.262616620961436	0.1762762350536336	0.01038788750633795	0.2270636318459836	0.2076576441968505	0.01994795211498294	0.1261189383099448	0.1206082593606551	0.03693776397409679	0.01168281240937917	0.01023237715381339	0.01023850126973386	0.0101693253109462	0.01002864526277753	0.01001981912176002	0.01005857662224238	0.01002206385874898	0.0100287718130696	0.0100261215692315	0.01010955816596679	0.01009952938884386	0.01008403757580204	0.1868436652092683	0.213939837960079	0.07816796202317106	0.1044023562193742	0.0100326622952448	0.2661215210869013	0.01004852808689971	0.1373728063862123	0.1006843261090047	0.1425563309446406	0.01001022500540117	0.0101419775592499	0.1991603651531821	0.01004732053518902	0.01002854754787654	0.01000973738112876	0.01002090155572625	0.01005513793150003	0.01003426816255361	0.01010054432571349	0.01014387789133753	0.01008661290464637	0.01008651485647279	0.01014134826817009	0.04589711147250088	0.01012794388768436	0.03374878178924578	0.0747659114530918	0.09340037980671949	0.2302509134883027	0.285438350680806	0.1526359212556793	0.1054009144769678	0.01007857671026329	0.2899841460808547	0.215554017302265	0.1911175980282805	0.1805274623956503	0.1709600728199819	0.1415143960007959	0.01016958916322492	0.01214471326579258	0.01010741015528426	0.01005906271918055	0.1272902216709545	0.01013019846763165	0.01090902997478917	0.08109226570584234	0.01021892931472138	0.01026369567129959	0.3350449849052884	0.192281858786242	0.01013154453432946	0.205705584464679	0.01011629734960605	0.01003496660348421	0.01008077282596366	-0.8671777349821878	-3.374826637349625	-2.752377712952303e-13	-2.136943168243466e-11
0.4700594347958558	-0.1747271756626559	-0.02517117439791097	-0.3491491988372004	2.745594647759278	0.9311203321247026	0.03657840033220773	-0.00459393603988924	0.1239026842288905	0.2418874013767564	0.2709382997558566	0.0515005656292622	0.03087693411399189	0.08465584511822126	0.05472201864971777	0.3458324822402949	0.7796079176130221	0.7796079176130307	0.3451280952691487	0.3451280952691471	0.004913413978500205	0.01937608591433244	3.066981523234931	0.02267167285745102	-0.01168140090359378	2.279163257781298	-0.1199761277883663	0.40189724618214	0.01119901170459025	0.003058801600560626	0.4741976565846905	0.2064839668892813	1.821674586237891	1.902188632767025	-0.02124669061219884	-0.7790722063725062	-0.6709509209141163	-1.050699123793268	1.278899075317209	2.036454390508059	0.2423238682207349	0.03430635039568661	4.836907369647986	3.970662955769587	0.3753536293345501	-2.797509185049538	-0.9620630819111682	-1.388216810389372	0.1360179636094852	0.8702454914153874	-1.208499919101033	7.657919572011664	7.657919572011664	-1.844959398335091	-1.844959398477681	-0.2423544137655088	-0.01010999387518156	-4.562299828792496	0.3214163835957893	0.06446355582024979	1.556104209149463	3.538912558583506	-1.198044506159231	-1.394704804698879	-0.7345560139962271	-3.754912053736319	3.912155400793171	1.440854133426895	1.387871987190301	8.939178194155126	1.043042074650286	0.2304932572952146	0.2792837909610726	0.1786143451931457	0.03114234521982639	0.2314949727990968	0.2139830188307664	0.05144224540269118	0.125327814245408	0.1160263882913623	0.03433035707072909	0.01190857247675387	0.01048911428325427	0.01023839005963496	0.01016617300173864	0.01003030008213297	0.01002106717588789	0.01276044221196593	0.01002311428514954	0.01003049873654001	0.01002811194530028	0.01011562588928904	0.0101073529982137	0.01009336877335265	0.1900185007303314	0.21411676511715	0.07638821726205966	0.1006294069082898	0.01007742661905153	0.2661721822865854	0.01008441174085708	0.1333125062058135	0.1040675863302422	0.1434997293350859	0.01001031489018853	0.01016642017192519	0.2005955210723065	0.01004873494657079	0.01002899149004297	0.01000986836162966	0.01002120426807072	0.01006490960062763	0.01004166772119364	0.01033271184646608	0.01134873104784158	0.01009789175128645	0.01009701519903964	0.01104246405534222	0.04747083996542165	0.01081887904204388	0.04239211882467284	0.07014014730225458	0.08188109694743839	0.1973424347859469	0.2268199331890976	0.1432614677561303	0.119107190310369	0.011557049182584	0.2887286733816117	0.213369706846002	0.1875618451046379	0.1775750989377026	0.168793398548254	0.1413613744515319	0.01021992342793112	0.03400751852016508	0.01012656232556992	0.01007048934664739	0.1252539686765657	0.01050851666020717	0.05995504069697567	0.06842433785447549	0.02665229431329116	0.01103768051170883	0.2979211574358367	0.1857486020732582	0.03078158161419287	0.2031549281263809	0.04006689640320861	0.0665490711621779	0.04705420352739161	0.08806538634866226	0.134303861699181	-0.1381827767194328	0.0385697504043694	-0.01754110469661443	0.006421053966267624	0.1109603336215514	-0.007542115173222082	0.04102504631756441	-0.04366623325969355	-0.01171257405264477	0.1124455335413003	-0.001849772842658478	0.2095755374922862	0.2476647413858129	0.1475672393504552	0.01024453724201852	0.2152315106099103	0.1972493713279431	0.01503031904394061	0.1246279616992968	0.1195546028379782	0.0494470399857452	0.0122463300926469	0.01026829387589151	0.0103011278785902	0.01020680178717853	0.01003012655985649	0.01002067674436625	0.01004646962714519	0.01002555135825835	0.0100332219017519	0.01003022497745771	0.01013513449535544	0.01012301759606636	0.01010464658679375	0.1794803731994979	0.2119190503119856	0.0744651025593266	0.09835254890345241	0.01004697439570554	0.2623801022086124	0.01010109951714011	0.1427052812700663	0.05544195654078705	0.1222444280028209	0.01001081924529677	0.01024600613713973	0.1961671532516827	0.01005319385606892	0.0100300944858487	0.01001037698081699	0.01002204288985174	0.01008696816947258	0.01005898794894213	0.01011021141728093	0.01013320216828163	0.01010374642214684	0.01011880295330935	0.01015981563715258	0.08243527601315651	0.01017068284402657	0.02424923380609666	0.05760096508071243	0.06603208437025571	0.25425971212008	0.3172365980525017	0.0819482970954009	0.05775514529867317	0.01006267834178553	0.2735516710430819	0.2011908129790611	0.170856373083489	0.1707403247134373	0.1595792745482463	0.1324448091529524	0.01033551182841017	0.08950591018240717	0.01017851863912497	0.0101016141408748	0.1131307435737176	0.01141267089747665	0.01047727721145263	0.0999486649891011	0.0619857253489439	0.01175459665639217	0.3550285210825733	0.1795170544304045	0.01009703407122407	0.1939392134493814	0.01007674252576563	0.01002355137203611	0.01005361929790176	-0.9101020930560033	-2.102644610944201	1.899255919945488e-13	-6.15443060195978e-11
0.4775206956656313	-0.1806206067800356	-0.03314555807373197	-0.3386301812193196	2.760689908095916	0.932775361156652	0.03672730427663262	0.03312847268475421	0.1541702381837727	0.2431766402370253	0.2524748145487825	0.04422032343541604	0.02281091093710345	0.08654171497856064	0.06158376239739526	0.3356951904240131	0.836658389999806	0.836658389999808	0.3333885322322855	0.3333885322323051	0.004159012709794922	0.01944316325711598	3.033597869394395	0.02591638968737965	-0.01171506550598159	2.290024766769197	-0.0936945050427429	0.3931437397746466	0.003235462351400958	0.0001608830310592681	0.446167877554644	0.2339811586897972	1.829904934511568	1.913068229640517	0.04226232665788421	-0.7652807240068022	-0.9031805849587048	-1.092836540109198	1.562383422549212	2.010273244675714	0.2001388852210015	0.003889907527369355	5.265098139994519	4.132638782179986	-0.06452810411970714	-2.151147680758124	-0.985865549054009	-0.6340311802337834	0.3632817363280224	0.9688903473400791	-1.531568485933421	7.611748570397543	7.61174857039753	-1.338420008235552	-1.338420008235872	0.044698033461335	0.02346855616710994	-4.383101735380583	0.5516925166999029	-0.07316514606352795	1.362321789280108	3.498886391943226	-1.046328483667681	-0.7377449361177904	-0.04137798238473969	-3.738836079943574	3.427781312935054	0.6805404198479021	1.464528969035009	8.085759078926859	2.706193367361887	0.2193946837981644	0.2637771387339959	0.1583759827046056	0.02023883361856109	0.2222524356870819	0.2047101114490643	0.03148602002722355	0.1246282221975211	0.1173538166773314	0.04567950922106686	0.01226445425994893	0.01038433968725764	0.01029133652004134	0.01019948542822141	0.01003068040363343	0.0100211347240692	0.01132935944824603	0.01002550774367999	0.01003334927279966	0.01003053091196714	0.01013403661836159	0.01012307593027256	0.01010586640553419	0.1838470789118577	0.2127534487535434	0.07443079273059319	0.0979465796558701	0.01006595270644808	0.2638778140552047	0.01010993287745826	0.1388396373722257	0.068725401524021	0.128917986742476	0.01001076963109088	0.01024141779329371	0.1980593368319695	0.01005295226603902	0.01003006471495996	0.0100103397916658	0.01002200917823809	0.01008665542993681	0.01005865623781739	0.01021867856010069	0.0107058181055197	0.01010642822229886	0.0101187629572751	0.01058390145835858	0.07509310890519548	0.01049137062709311	0.03032174072173454	0.05915340133039082	0.06661171885196605	0.22619007026711	0.2696332073614001	0.09724740137596094	0.07779845569248683	0.01076577258827873	0.2793912570123351	0.2050573292053986	0.1756819052788698	0.1723146300066756	0.1620639452411705	0.1351181084716546	0.01033355474766741	0.08382747905122451	0.01017654497977351	0.01010042055463801	0.1160978295395871	0.01139141581549169	0.03480857271175334	0.08867944151946891	0.05986335140230162	0.01188751824084395	0.3236336541577882	0.1800811223924368	0.02001738941615647	0.1965921021501141	0.0245867903071696	0.03814834687932348	0.02808618205856989	0.08601795718932093	0.1234801310299339	-0.1438534540884462	0.04928502123447319	-0.01056352133024617	8.805751329360155e-06	0.1131429412317643	-0.01631099381464209	0.04935988009326228	-0.04872871627495395	-0.01411418339867746	0.1145613765976444	-0.007530933974174657	0.197947941164949	0.232712861810194	0.1188582436472762	0.01010118697770001	0.2033993893738388	0.1868410984590357	0.01011268597289768	0.1231369850886494	0.1185009463152986	0.06195631599739353	0.01280984777591565	0.01030421059797179	0.01036375448745357	0.01024427826342328	0.01003160785693417	0.01002153436697091	0.01003436263205033	0.01002903885776732	0.01003767199043336	0.01003432838568253	0.01016071082474425	0.01014650580328876	0.01012525559778512	0.1721170811897275	0.2098982626638911	0.07076224309548165	0.09230274158752996	0.01006128649616387	0.2586386833303196	0.0101536709473825	0.1480377561539203	0.01019958697257156	0.101932525061	0.01001141348523301	0.01035003471503002	0.193173941350183	0.01005906717695848	0.01003164142382042	0.01001101658050432	0.0100231842239774	0.01011879840744611	0.01008370773533153	0.0101198785088488	0.01012252644522569	0.01012087993964814	0.01015109105014645	0.01017828300613576	0.1189734405538101	0.01021342180035056	0.01474968582293993	0.04043601870833648	0.03866378893380248	0.2782685107518529	0.3490348454242024	0.01126067293512189	0.01010937612037661	0.01004677997330638	0.2571191960053086	0.1868276086558578	0.1505951481386983	0.1609531870312247	0.1481984762765107	0.1233752223051089	0.01050143449359515	0.1668671070990193	0.01024962712296833	0.01014416556257486	0.09897126547648107	0.01269514332731878	0.01004552444810639	0.11880506427236	0.1137525213831651	0.01324549764148375	0.3750120572598585	0.1667522500745676	0.01006252360812091	0.1821728424340852	0.01003718770192264	0.01001213614057808	0.01002646576983691	-0.9022079301860662	-1.307265755594543	-2.474322766169768e-12	-5.356136795627972e-11
0.4849819565354068	-0.1882955873685424	-0.0413292402825803	-0.3253700406215225	2.775595587741686	0.9340805692750085	0.03658692550297549	0.07421645409000435	0.1851412068646177	0.2402067555194762	0.2395697529804862	0.0371422534801961	0.02116270970893955	0.09028174943378929	0.06898750821737722	0.3225038021911016	0.8929551751147298	0.892955175114734	0.3274350375997778	0.3274350375998141	0.005598369229089977	0.01968779426910726	3.001450457200425	0.03091751892899771	-0.0127950486088368	2.29975720359047	-0.06779413384119426	0.3839805394770154	0.000205874885192874	0.002446948550747962	0.4188113842326743	0.2568586614451328	1.831267036666107	1.923366003068137	0.09947027530567895	-0.7409212040890613	-1.147411461705004	-1.101989928915695	1.999072061026877	1.985818101562928	0.1498201941028156	-0.04208547039497467	5.744442324424857	4.146298117685908	-0.7455871185115355	-1.321504870679087	-0.9068989228200288	0.2366843593594217	0.6357688745983162	1.010899366841219	-2.011779324091181	7.45665125964384	7.456651259629083	-0.307485580091602	-0.3074855801344391	0.340307339434352	0.03838418789415501	-4.252962504978351	0.7892811513024662	-0.2157750492561807	1.275438349030397	3.436208226502884	-1.322872886030469	-0.07504026927997179	0.6534996954254791	-3.582517866427608	2.69381142896159	-0.3078443981184719	1.268900259902978	7.251437387683121	3.854564544382506	0.2099117654221121	0.250265746564139	0.1326100619011062	0.01480611208171006	0.2141203235545227	0.1965578362552531	0.02020619549317863	0.1233214472751252	0.1178705927392294	0.05480184641273363	0.01291277723547342	0.01034719830241144	0.01033007710616899	0.01021887829769564	0.01003112587322031	0.01002144786390409	0.01062721110794501	0.01002786841806958	0.01003632037138794	0.01003320363218805	0.01015082355025856	0.0101379066515926	0.01011899439573128	0.1779899098498633	0.2104737110750174	0.07213671611916317	0.09415531461087794	0.01006615265082416	0.2609813980290688	0.02368113763410704	0.1430662318234439	0.03928084689242468	0.1052637399217273	0.01001126119959996	0.01036947956587276	0.1954395215608946	0.01005801154519398	0.01003185203539591	0.01001107101746054	0.01002332961340459	0.01010508967956646	0.01007277559623102	0.01016808200371328	0.01039929646292225	0.01011376717149735	0.0101335962348537	0.01036268255209177	0.09288166871418993	0.01034647661471765	0.02156311277055848	0.04947793970473864	0.05431744430798216	0.2434504024717198	0.2960025160689319	0.05539544771882991	0.0441390990261771	0.01037599545582733	0.2727151704630691	0.2002207192449223	0.1667776073541326	0.1674251235144333	0.1563935283711783	0.1311640848390495	0.01040722446044781	0.1190690915268766	0.01024792456494112	0.01014481529761391	0.09853465311388256	0.01186039336003263	0.02180559933278076	0.09952033915446065	0.08875696804325972	0.01483488913387092	0.3433831020070199	0.1736356133353346	0.01468418408396186	0.1901218182430386	0.01684198680324795	0.02343802489545702	0.01851759324149937	0.08630063957987376	0.1209485143007845	-0.1474752198567041	0.04942617815550771	-0.01264454897911307	-0.008275161301917518	0.1121498900473908	-0.01759380705237039	0.05074283078337805	-0.04958167320592061	-0.00261761406918029	0.11562064876836	-0.007588770551037194	0.1950965143315088	0.2270781377875868	0.08478687370231891	0.01008820532897028	0.2016902228098156	0.183858773606224	0.01009058228475223	0.1206079096944521	0.1184494016549539	0.06499396752017281	0.01400660407594705	0.01032563236464138	0.01036182132584857	0.01022766685339041	0.0100314115395283	0.01002185807875712	0.01003415397516199	0.01003053076040394	0.01003977211771447	0.01003638432290229	0.01016846878860081	0.01015360746036778	0.01013401235707501	0.1684612585382782	0.2049544528781408	0.06890474677546911	0.08797988426064453	0.01007049968057867	0.2547192099885436	0.05651811556679925	0.1484551839162978	0.01013722192706118	0.05701076162215545	0.01001189143677454	0.01058297651141742	0.1906711116823608	0.01006492412863813	0.01003477818692623	0.01001224173268089	0.01002548285410022	0.01012209455215742	0.01008543890420371	0.01013015646149825	0.01015616191547334	0.01011916383635561	0.01014191625064692	0.01017459495137951	0.1054694083974518	0.0102335262058899	0.01287745935436801	0.03956529629513025	0.04471644469625669	0.2601487362317219	0.3266847338433838	0.01092591823459454	0.01010493839322827	0.01004789786029335	0.2667851849047818	0.1992236626587984	0.1588983941479505	0.1610825245131388	0.14991840990849	0.1289331509993199	0.01044256454576559	0.1500186876056498	0.01035647088727037	0.01021371970102897	0.06117587205536264	0.01189299258175827	0.01004912259901066	0.1049528254475803	0.1226264124974187	0.0207575726955671	0.3775481783648265	0.1636361443418404	0.01006079888173956	0.1804713865960858	0.01004068055954571	0.01001306052125218	0.01002893004640489	-0.8523018057732238	-0.9507650634512081	-6.268636468192486e-12	-2.818810874834375e-11
0.4924432174051823	-0.1976429613024626	-0.0496076435997982	-0.3086936504451084	2.790332363290542	0.935012495760132	0.03609082390716865	0.1187882194707901	0.2157022031243291	0.231841177123386	0.2325541424846839	0.03075456539377978	0.02700622677787791	0.09597720647225316	0.07659740193425681	0.3055642379389757	0.9476018141121404	0.9476018141121429	0.3280529886113149	0.328052988611314	0.009225081350569635	0.01996042700995751	2.969850736380276	0.03770064658269222	-0.014926757304842	2.309489808966306	-0.04252999769929758	0.3747014826140663	0.002105217284439547	0.009902883934583748	0.3928805866813948	0.274019208039096	1.825424275667775	1.931601984731863	0.1505099118287561	-0.7072959279168751	-1.351467644433932	-1.118226647432264	2.478113253861954	1.964998297224085	0.1000802923654905	-0.09146202518459105	6.198930648729982	4.022745178467256	-1.510850320770522	-0.5724731970431867	-0.8008078538064453	1.374132970409656	0.8874351255297098	1.024148540282666	-2.536271601122145	7.169424907479644	7.169424907479467	0.4230639444971739	0.423063944497194	0.6310213478728485	0.03097445354356427	-4.236292400231839	1.029359345948075	-0.3550814633857897	1.362366970810423	3.328342814414464	-1.077383976341389	0.5834606752858914	1.344411887038639	-3.356676604100985	1.89534429843362	-1.250731862006364	0.9118631931341583	6.432335554234362	5.189890539001258	0.2031420909810213	0.2397939050222713	0.1020149575909465	0.01232329514814465	0.2086245856745047	0.1905523750648314	0.01490041399448725	0.1214412149178155	0.1181199767340416	0.06067158973830084	0.01386397252767605	0.01034266641429067	0.01034616493297241	0.01021821625558164	0.01003121374620444	0.01002176689422835	0.01031500368787948	0.01002974501085226	0.01003880616471938	0.01003553267721206	0.0101625803084565	0.01014843132531822	0.01012968689522613	0.1730574136947806	0.207064242008552	0.07005414659964859	0.09008400655847479	0.010071374315767	0.257666396865706	0.05423339199075071	0.1455414728405693	0.02422054277355973	0.07025485809425842	0.01001174518014648	0.01055590006911899	0.1928624043425229	0.0100635152062254	0.01003439124058441	0.01001207746215655	0.01002519509091892	0.01011508978310221	0.01007999262539401	0.01015139156421388	0.01028203578629504	0.01011606143452017	0.01013505464709596	0.01026252155206741	0.09502386315425984	0.01029343262886877	0.01644995815361293	0.04425824455590133	0.0512902404769443	0.2460281549310422	0.3028904354226067	0.03271017355673028	0.02664990879270202	0.01020365305538245	0.272487686848147	0.202684361432707	0.1653955873074564	0.1647285823643936	0.1539976061087126	0.1315818508032768	0.01040708620944303	0.1283905331449746	0.01033904501533651	0.01020322104548299	0.07047143096299908	0.01162293177563406	0.01565419517725513	0.09828521389788597	0.1067969080249197	0.0202725356929744	0.3564232423723689	0.1686073463261415	0.01225435041749642	0.1856643408173697	0.01327323212568878	0.01642001632147725	0.01406694392890564	0.08658332197042722	0.118416897571635	-0.1510969856249622	0.04956733507654287	-0.01472557662798007	-0.01655912835516431	0.1111568388630169	-0.01887662029009868	0.05212578147349389	-0.05043463013688788	0.008878955260316485	0.1166799209390756	-0.007646607127898672	0.1922450874980694	0.2214434137649801	0.05071550375736251	0.01007522368023959	0.1999810562457944	0.1808764487534127	0.01006847859660752	0.1180788343002551	0.1183978569946078	0.06803161904295021	0.01520336037597949	0.01034705413131435	0.01035988816424023	0.01021105544335121	0.01003121522212164	0.01002218179054217	0.01003394531827345	0.01003202266303742	0.01004187224499378	0.01003844026012063	0.01017622675245657	0.01016070911744619	0.01014276911636438	0.1648054358868289	0.2000106430923903	0.06704725045545698	0.08365702693375981	0.01007971286499311	0.2507997366467684	0.1028825601862123	0.1488726116786762	0.01007485688154959	0.01208899818331212	0.01001236938828985	0.01081591830780429	0.1881682820145397	0.01007078108031154	0.0100379149500295	0.0100134668848504	0.01002778148422006	0.01012539069686782	0.01008717007307524	0.01014043441414567	0.0101897973857184	0.01011744773306154	0.01013274145114659	0.01017090689662204	0.09196537624109513	0.01025363061145303	0.01100523288580824	0.03869457388191878	0.05076910045869624	0.2420289617115911	0.3043346222625619	0.01059116353406622	0.01010050066607744	0.01004901574727591	0.2764511738042497	0.2116197166617422	0.1672016401572024	0.1612118619950549	0.1516383435404703	0.1344910796935315	0.01038369459793612	0.1331702681122833	0.01046331465157082	0.01028327383947951	0.02338047863424406	0.01109084183619919	0.0100527207499135	0.09110058662280116	0.1315003036116741	0.02826964774965091	0.3800842994697972	0.1605200386091153	0.01005907415536153	0.1787699307580854	0.01004417341716658	0.01001398490191595	0.01003139432297024	-0.8110284445191892	-0.7520630344782525	-1.900178986494595e-12	-1.624542736848481e-11
0.4999044782749578	-0.2083364024814837	-0.05795520917050664	-0.2882614637891618	2.804922937316115	0.9355907356672047	0.0352071207805153	0.1666881093127013	0.2447054168773421	0.2174761806140098	0.2311493028236188	0.02536097200128743	0.04110558109895093	0.1034673215366783	0.08409947105551682	0.284533418083374	0.9996612475504627	0.999661247550455	0.3349755129747613	0.3349755129747624	0.01503088206323883	0.02010445536840588	2.938035247853971	0.04630754314133894	-0.01809118369946967	2.320433168737337	-0.01814600467276047	0.3654830708994478	0.008941932910419231	0.02252423757252741	0.3688311167120397	0.2855402528186395	1.81274305280289	1.936828454520725	0.1956512700032529	-0.6642377981042132	-1.50520786286271	-1.12572209781971	2.997006615063794	1.946363798391852	0.05577541232767549	-0.1452455470049402	6.63183469564679	3.735660416504968	-2.334632356020023	0.1748627953746295	-0.6437747057894415	2.394676860919825	1.111401632033761	0.9872856767279662	-3.099217065054498	6.774988520342484	6.774988520357415	1.392908006889104	1.39290800687183	0.9241271657702348	0.002381787602873473	-4.299366828999749	1.278536496018702	-0.4895937095472158	1.588314853293748	3.20952396617629	-1.324216240116557	1.24864020843809	2.037360172443166	-3.099927953461232	1.201083361450646	-2.137388907888142	0.4964032837789881	5.684888959667398	6.424964898435878	0.1982568137952376	0.2316042383228364	0.07212492718014976	0.01110492238210746	0.2041757807281106	0.1857506789604535	0.01229094756374483	0.1189878715029289	0.1179887590109873	0.06477605695600665	0.01513167594059746	0.0103493242479578	0.01034404411513641	0.01020661462175361	0.01003148846332111	0.01002214655162063	0.01016344694354904	0.01003169442077094	0.01004156343623907	0.01003825339785095	0.01017241889748435	0.01015781081880004	0.01014057179995438	0.1683377887237699	0.20286032379031	0.06803168912105344	0.08655698452798689	0.0100791642149575	0.2538684014524486	0.08786806066691434	0.1467843679421317	0.01668138273493279	0.04081498089947825	0.01001230409980248	0.0109636149965186	0.1900973498382733	0.01006964430259425	0.01003819708665337	0.01001355891959756	0.01002800603072276	0.01012226358915931	0.01008464102025759	0.0101483745764058	0.0102525977401943	0.01011746148131719	0.01013278641531277	0.01021298973801806	0.09153860457638684	0.01026158691447648	0.01343557945407853	0.04257606194826823	0.05487784706797198	0.2423112644032259	0.3010420974080203	0.0210505691566784	0.01786219056183297	0.0101211867229122	0.2750126860326694	0.2082121453538799	0.1670700615737571	0.1628352379468026	0.1528342892310152	0.1332627607210801	0.01038379422201555	0.1291213987059588	0.01046981090474063	0.01028986864699267	0.04509838841994551	0.01123115222202706	0.01263515347139063	0.09173891388092083	0.1204605127847946	0.02592849898159809	0.366213924223284	0.1638354342431806	0.01106557537055684	0.1819531071745482	0.01153008600522951	0.01297199759081449	0.01188913468986616	0.08354526974376222	0.1205884741098833	-0.1533919967971411	0.04938770172760216	-0.02063449437041649	-0.01905128144885167	0.1107048678855542	-0.01869550093707858	0.05239226155355152	-0.04895125609506707	0.01771627195398567	0.1169037560466808	-0.005242602923430623	0.1908161939215693	0.2179013964655206	0.03051464303837121	0.01007091745564564	0.1961762770208803	0.177826579661777	0.01005901980055233	0.1144239228007226	0.1173548804645456	0.06963281548229934	0.01705855107025143	0.01036147045879708	0.01032762239767856	0.01018505634567164	0.01003213815744437	0.01002270171048111	0.01003743560204968	0.01003442280599375	0.01004555170188235	0.0100422865642993	0.01018441139078661	0.01016985042404995	0.0101555106052442	0.159862706262197	0.1943642559126345	0.06503907240141373	0.08195769360531942	0.01009070239661278	0.2457603592771689	0.1390083349137987	0.1478648336122057	0.01005877479590289	0.01114708147561501	0.01001311022171067	0.01171576505764212	0.1847336104539078	0.01007813694101329	0.01004428997627146	0.01001591564689753	0.01003251939502717	0.01013071477209755	0.01008969875071688	0.0101503191137641	0.01025936769926888	0.01011962880729585	0.01012933068179872	0.01017161116440039	0.08410723834724204	0.01021912153416837	0.01071949287708987	0.04289339685708544	0.06478646539307209	0.2321881254977937	0.2925384880713118	0.01054375795982909	0.0100938853648795	0.01005407758613745	0.2811161123924904	0.2196794881848126	0.1710056816662454	0.1596790547806388	0.1511261816805098	0.1359786309843247	0.01034797029885934	0.127270476087429	0.01067680455047456	0.01042884209155882	0.01680023358181053	0.01074122529822873	0.01005150254761589	0.078942146366437	0.1402232148392787	0.03312985876350428	0.3857719000277774	0.1551515256879266	0.01005859888041156	0.1754027888199367	0.01005351755324848	0.01001618020508744	0.01003739088762999	-0.8284337149910839	-0.6846952032997451	6.069501076256295e-12	-1.022800091277729e-11
0.5073657391447333	-0.2199594959957978	-0.06650136772815969	-0.2639969054337951	2.819382109184384	0.9358576060759902	0.03392593268954931	0.2176197323198159	0.2712097980538729	0.1970782622604759	0.2348495451340033	0.02116538226681884	0.06258357364930814	0.1124293461879264	0.09133758824919173	0.2593436812073932	1.048549806386363	1.048549806386337	0.3482474721100275	0.3482474721100167	0.02299892372550153	0.01991761508930182	2.905581735121344	0.05679167489561519	-0.02217970812940638	2.333449646446522	0.005389680518740789	0.3559765523894273	0.0207307807152817	0.04028458792724721	0.3464709024135675	0.2920647306021944	1.793694628849484	1.939118581480268	0.2355969044546637	-0.6103288361053638	-1.600662076900598	-1.171459737925723	3.505385122706196	1.929775790044442	0.01661732158832798	-0.1980083505844947	7.011590389766731	3.352930084310441	-3.127982317118823	0.7959501993498177	-0.4796815244980199	3.351985870961685	1.281982270042815	0.9533959069726572	-3.651074338164365	6.319468134901101	6.319468134900601	2.12503761455155	2.125037614551546	1.210612649672059	-0.05771528490240684	-4.407315560343696	1.532554510643322	-0.6027870594045742	1.918068741658939	3.100952873078482	-1.154611351090485	1.910885695470205	2.721926172576613	-2.90386957860212	0.5560084715337359	-2.957467814433371	0.1247729465044992	5.039615526048222	8.098469230325358	0.1948237869632915	0.2252722768107701	0.0458308043764315	0.01055944682238494	0.199979770797704	0.1816830449152689	0.01111399356165112	0.1159610743968333	0.1174288820185291	0.06758702198912499	0.01672018441321156	0.01036030235575192	0.01032513618177078	0.01018699304714265	0.01003212435947169	0.01002260436265936	0.01009822486349473	0.01003389496602789	0.01004483451294291	0.01004160125629178	0.0101813359959036	0.01016705746799955	0.01015249073108943	0.1634932442054033	0.1980232995735614	0.06601009245411102	0.08391168551135832	0.01008873662294227	0.2495548489539395	0.1210845035310576	0.147006645261929	0.01320007642747132	0.02525524380994058	0.01001296438256988	0.01164455060729667	0.1870350707814544	0.01007645681488065	0.01004343439614073	0.01001557936008218	0.01003189064322304	0.01012840683244568	0.01008810841478722	0.01015254466205488	0.01027830054858065	0.01011929663398842	0.01012988168227929	0.01019143581942082	0.08589199541057366	0.01022825591017914	0.01191855068016133	0.04398026571523466	0.06377732216681106	0.2360735112191883	0.295324688024877	0.01553731980221899	0.01378521903975171	0.01008747170257587	0.2783784065944583	0.2147725738359729	0.1696802696526731	0.1610979187945219	0.1519621282395285	0.1348511012037262	0.01035357834138172	0.1267759014763656	0.01064659152900102	0.01040931213788911	0.02869305035593578	0.01086254266639098	0.01127598216753187	0.08236924655400174	0.1315841424787644	0.03110026856085442	0.3744289145136522	0.1587708489737655	0.01053552339182928	0.1783761552445534	0.01075616049855747	0.01141833172067331	0.01091686468384223	0.08050721751709705	0.1227600506481322	-0.1556870079693212	0.04920806837866135	-0.02654341211285292	-0.02154343454253916	0.1102528969080916	-0.01851438158405877	0.0526587416336088	-0.0474678820532462	0.02655358864765534	0.117127591154286	-0.002838598718963557	0.1893873003450697	0.2143593791660584	0.01031378231937839	0.01006661123105052	0.1923714977959653	0.1747767105701408	0.01004956100449542	0.1107690113011899	0.1163119039344836	0.07123401192164823	0.01891374176452729	0.01037588678628211	0.01029535663111699	0.01015905724799224	0.01003306109276889	0.01002322163042205	0.01004092588582582	0.01003682294894989	0.01004923115877156	0.01004613286847947	0.01019259602911651	0.01017899173065384	0.01016825209412435	0.1549199766375651	0.1887178687328782	0.06303089434737007	0.08025836027687762	0.01010169192823398	0.2407209819075725	0.1751341096413867	0.1468570555457354	0.01004269271025452	0.01020516476791576	0.01001385105512853	0.01261561180747979	0.1812989388932757	0.01008549280171669	0.01005066500251587	0.01001836440895363	0.01003725730583952	0.01013603884732739	0.01009222742835843	0.010160203813383	0.01032893801282012	0.01012180988153048	0.01012591991245089	0.01017231543217906	0.07624910045338869	0.01018461245686156	0.01043375286835944	0.0470922198322576	0.07880383032746201	0.2223472892840009	0.2807423538800599	0.01049635238559259	0.01008727006368297	0.01005913942499932	0.2857810509807339	0.2277392597078813	0.1748097231752893	0.1581462475662221	0.150614019820549	0.1374661822751186	0.01031224599978249	0.1213706840625736	0.010890294449377	0.01057441034363702	0.01021998852937852	0.01039160876025714	0.01005028434531949	0.06678370611007274	0.1489461260668833	0.03799006977735794	0.3914595005857547	0.1497830127667368	0.01005812360546107	0.1720356468817869	0.01006286168933379	0.01001837550826807	0.01004338745229513	-0.9324138642987524	-0.6516232922851751	5.65718767052123e-12	2.318331682795239e-12
0.5148270000145087	-0.2320785234805126	-0.07555813420817228	-0.2360009596913917	2.833718608736631	0.9358504995341418	0.03225750244793062	0.2711871023850126	0.2945936370911519	0.170956859027383	0.2428424263798842	0.01814738964949654	0.0906463595842219	0.1224509185709087	0.09837259449459217	0.2301007625298831	1.093954095256725	1.093954095256704	0.3671230913240895	0.3671230913239089	0.0330937486745668	0.01916029889389064	2.872121157603768	0.06920928590683971	-0.02701777164560874	2.349269012272077	0.02824773553053282	0.3459802045748276	0.03747066476832815	0.06311998663696451	0.3253101784944138	0.2947909834687246	1.769096269019011	1.938700160449748	0.2712971546848791	-0.5433050051982959	-1.636345069674805	-1.265176773017081	3.990932818243735	1.91309684634911	-0.01781172713881218	-0.2484622197787085	7.333211429870342	2.909764579172193	-3.854628936196471	1.325377641754595	-0.3319215786730729	4.147142950106876	1.392435941193562	0.9380091241619414	-4.179151395844857	5.852320972486785	5.852320972485051	2.909530042674306	2.909530042689575	1.494387148137352	-0.1516404794213088	-4.573042475736747	1.798163285121044	-0.6878081434988659	2.332059495349747	3.035394589418302	-1.459407680630234	2.576652509031418	3.396372359147969	-2.744606033728897	0.1850156184304705	-3.582175651408414	-0.2417982234742241	4.563512189199762	9.936792587010913	0.1923593314477778	0.2202745884390837	0.02742612433981575	0.01029265149324742	0.1948708215517693	0.1778949752740302	0.01053621679737768	0.1123960194286587	0.116566188040782	0.06962101155923055	0.02081295066686675	0.01038400915820089	0.01029566340741156	0.01016339693454472	0.01003304941685786	0.01002322262447471	0.0100682508865405	0.01003645560807695	0.01004877179016465	0.01004573998273186	0.01019006008980381	0.01017664296631319	0.01016592395052453	0.1581368643423395	0.1929256559986408	0.06232770705341281	0.07516338915022208	0.01010048213826915	0.2449347497651638	0.1460725068972985	0.1464793419522342	0.01149118316430242	0.01723818249438913	0.01001359911893153	0.01511671004717431	0.1840073691210804	0.01008482125243377	0.01005050325572105	0.01001830826666678	0.01003715177574865	0.01013474950845281	0.01009128402149449	0.01016192784898798	0.01035127592112554	0.01012212194122439	0.01012777992707199	0.01018301148892667	0.07874571212164072	0.01019652517533964	0.01109051651607891	0.04768521943199652	0.07489694450936785	0.2285940166652528	0.2876763652252169	0.01282806963189135	0.01178764327171523	0.01007330396418868	0.2815496212610915	0.2211828833547552	0.172916000886906	0.1593448215279241	0.1508881835831581	0.1357270894393508	0.01032683969860977	0.1216901948621345	0.01093301085028424	0.01078289028240798	0.01890365695675408	0.01059621088819806	0.01061175918888561	0.06776930509338704	0.1405196578687376	0.03553785086642394	0.3810434370982649	0.1532536821625766	0.01027732320958247	0.1748147784004224	0.01038846871758758	0.01066126773518469	0.01044847737204671	0.07864035745831574	0.1233523582495379	-0.1589100278778841	0.04907070767780927	-0.0300564873917695	-0.02278730879908912	0.1103151338733181	-0.01451362356030234	0.05316609677578069	-0.0459005401898405	0.03142299187807526	0.1178013685099138	-0.002117714468644402	0.188637900737568	0.2119575632356268	0.01023696835261162	0.01006890666624926	0.1838914149435816	0.1711695215746605	0.01004780344673875	0.1061402252080216	0.1149204169995903	0.0720972066640564	0.02892115633110093	0.01042729511450883	0.01025049862344131	0.01013065556413222	0.01003446373213729	0.01002417514746467	0.01004478129719918	0.01004009251552218	0.01005445176478983	0.0100517851861917	0.01020139281678511	0.01018945709696361	0.01018468053912593	0.1480993183713372	0.1835007922778767	0.05487904038429301	0.05378649611882695	0.01011756312572476	0.2356590304994405	0.1769052538669152	0.1449322670000901	0.01003742751483122	0.01016263896627727	0.01001436701963586	0.02261810080739653	0.1787355484089308	0.01009714227373798	0.01006125123132466	0.01002246220627518	0.01004516308544224	0.01014344683543874	0.01009539047675549	0.01017781035970893	0.01048228423614826	0.01012673169953506	0.01012608726455293	0.0101789139880096	0.06680737120868231	0.01015753356571034	0.01035336197874495	0.05468995260358767	0.09263785496431928	0.2135594275305311	0.2708725256122057	0.01052135101942055	0.01008866308383065	0.01006324770575751	0.2871676248273236	0.2325784746898286	0.1791864614575509	0.1561913496200048	0.1486084461152823	0.1362118182595391	0.01029774322682763	0.1107823891517888	0.0114107432963704	0.01153241453119838	0.01018696114392408	0.0103549165043119	0.01005142602148654	0.04051975633306096	0.1534672579546189	0.04093946963476532	0.3937024475654386	0.1431831026174418	0.01006118445960786	0.1684156969207953	0.01009144575749987	0.01002456954872841	0.01006173429293108	-1.06919692637389	-0.6512502373648251	7.919402346531744e-13	1.833314566517069e-11
0.5222882608842842	-0.2442060904413857	-0.08551469100172578	-0.2045619392183002	2.847929690712597	0.9356024128170917	0.0302295039873495	0.3268408760608575	0.3145506643493026	0.1398449228854328	0.254311557643085	0.01617308082489979	0.124124173621142	0.1330307761490447	0.1054195574913218	0.1971051646232203	1.135897825439818	1.135897825439796	0.3912909658788749	0.3912909658785276	0.04528506691919506	0.0175599055774284	2.837173131425624	0.08365707029133801	-0.03235022100867198	2.368395022636419	0.05082298062517689	0.3351761449617873	0.05918678399542723	0.09092587628690152	0.3058678547705056	0.2949785668627168	1.741045002359434	1.935437714108727	0.3041978954893828	-0.4610105698883111	-1.602951094084141	-1.412649619983591	4.428305468488754	1.896157457018088	-0.04797770576132111	-0.2943910465462674	7.57085340138316	2.434369042857745	-4.465700699151113	1.727763221380008	-0.1999208220576048	4.803490703064002	1.43163129208626	0.9566009289523132	-4.656984544274978	5.391861193746877	5.391861193747109	3.543633059831972	3.543633059831953	1.77258021309083	-0.2837031268309256	-4.806027972773176	2.076744938705333	-0.7353077835127757	2.804418809529145	3.025145332655722	-1.371119475550705	3.244771552325094	4.054272280589834	-2.443250327595672	-0.1244849503464968	-3.883023665967495	-0.6375714776081427	4.289203638845378	12.19177320993044	0.1906254242556183	0.2163365924311908	0.01844398049862174	0.01017561081398912	0.1882835365147107	0.1741696625287417	0.01027858978076605	0.1083079909140054	0.1154532906591189	0.0710595507281199	0.02808243735144515	0.01042313918748192	0.01025762034647593	0.01013712275649003	0.01003424057451609	0.01002402768846451	0.01005712360131417	0.01003941123732714	0.01005342406765625	0.01005072200555481	0.01019882453535159	0.01018671841065871	0.01018102529934834	0.1520889026397953	0.1877481287964781	0.05633178019749633	0.05727840798371992	0.01011452585070673	0.2401141513064892	0.1598770026939463	0.1453182133604023	0.01072460443318193	0.01351238332498064	0.01001416767416046	0.0221442907447572	0.181170984375561	0.01009501574149435	0.01005953177015659	0.01002179990449257	0.01004388639611771	0.01014168557195888	0.01009445261306868	0.01017589165768717	0.01046899074078017	0.01012611518425733	0.01012694226064037	0.01018295527534702	0.07037135001221666	0.01016738384574225	0.01067721695819342	0.05338724626344968	0.08717221455278935	0.2205153349800413	0.2791047223301594	0.01162355730494716	0.01089429951277401	0.01006931831210455	0.2840101944436386	0.2268998304442742	0.1766390228562887	0.1574979383661789	0.1493926966532634	0.1356240627372579	0.01030691388807854	0.113979575647618	0.01134939919981602	0.01148113730323179	0.01432413907663735	0.01045759139814585	0.01031720884269203	0.04679884190768507	0.1473515294203359	0.03915262354964452	0.386032494520254	0.147210543323001	0.01016452804675621	0.1712130940773031	0.01024122769015193	0.01032812579879063	0.01025075333424832	0.07677349739953503	0.1239446658509427	-0.1621330477864443	0.04893334697695685	-0.03356956267068562	-0.02403118305563861	0.1103773708385446	-0.01051286553654643	0.05367345191795207	-0.04433319832643508	0.03629239510849461	0.1184751458655416	-0.001396830218323981	0.1878885011300659	0.2095557473051948	0.0101601543858455	0.01007120210144796	0.1754113320911966	0.1675623325791797	0.01004604588898042	0.1015114391148534	0.1135289300646979	0.07296040140646529	0.03892857089767238	0.01047870344273294	0.01020564061576543	0.01010225388027205	0.01003586637150444	0.0100251286645056	0.01004863670857127	0.01004336208209563	0.01005967237080833	0.01005743750390358	0.01021018960445411	0.01019992246327358	0.01020110898412755	0.141278660105109	0.1782837158228761	0.04672718642121659	0.02731463196077851	0.01013343432321503	0.2305970790913086	0.1786763980924432	0.143007478454445	0.01003216231940637	0.01012011316463846	0.01001488298414845	0.03262058980731356	0.176172157924585	0.01010879174575764	0.01007183746013388	0.01002656000359896	0.01005306886504639	0.01015085482354983	0.01009855352515202	0.01019541690603553	0.01063563045947614	0.0101316535175401	0.01012625461665533	0.01018551254384223	0.05736564196397543	0.01013045467457215	0.01027297108913743	0.06228768537491434	0.1064718796011684	0.2047715657770606	0.2610026973443529	0.01054634965325161	0.01009005610398416	0.01006735598652015	0.2885541986739188	0.2374176896717707	0.1835631997398148	0.1542364516737858	0.1466028724100152	0.1349574542439591	0.01028324045387277	0.1001940942410039	0.01193119214336494	0.01249041871875835	0.01015393375847147	0.01031822424836584	0.01005256769765633	0.0142558065560491	0.1579883898423553	0.04388886949217292	0.3959453945451249	0.1365831924681467	0.01006424531375121	0.1647957469598047	0.01012002982567004	0.01003076358919999	0.01008008113357307	-1.184044276267552	-0.6522841072709915	-1.816645992696779e-12	1.113878830101542e-11
0.5297495217540596	-0.2558272179572554	-0.09674232067642061	-0.1700577350406119	2.8620110584029	0.9351439158149593	0.02787747857328533	0.3839413672773616	0.3308871777070458	0.1046527445542952	0.2684052318179488	0.01509586363477931	0.1617983836785612	0.1436506916672958	0.1127347779881812	0.1607534444690848	1.174463950424608	1.174463950424627	0.4202011818072677	0.4202011818071072	0.05953660537922407	0.0148294403431452	2.80023506678397	0.1002410043913687	-0.03788265727921503	2.391182073063344	0.07345768348221984	0.323427171228778	0.08590672468937917	0.1235717243835914	0.2895407637509669	0.2938357437046612	1.712184083066111	1.929291980719231	0.3356737727195995	-0.3583983020584719	-1.503186454816833	-1.602535603248317	4.811707484639797	1.878202389834065	-0.07472110833107561	-0.3352240380251862	7.721882250808547	1.943966923516818	-4.946653322643288	2.037182511831679	-0.09037014988771011	5.269784780065237	1.408049958569798	1.010785208931964	-5.077749161201752	4.949136818544321	4.94913681854439	4.191575764310276	4.191575764306064	2.044948377343623	-0.4550142177815467	-5.104797168037718	2.369678151283058	-0.7396617623813883	3.300198624652617	3.042290990016812	-1.721909598415651	3.916619311502495	4.691458670824913	-1.899177988517145	-0.1966838647329203	-3.769853890216125	-0.9878910725378142	4.151870328034151	14.71030529931022	0.1891211387240925	0.2128219106903656	0.01399204809147357	0.0101201796220022	0.1795274196077671	0.1701835212754432	0.01015335753323911	0.1038285678172241	0.1140826526228253	0.07226645225994263	0.03599091420458891	0.01050832496040263	0.01022299176681586	0.0101141681159152	0.01003581841072129	0.01002514073586262	0.01005328752374014	0.01004300146826152	0.01005915504256348	0.01005693070379889	0.01020853953644091	0.0101979318316095	0.01019862819236219	0.1450296652825338	0.182503702284066	0.04656019905824794	0.03968249958989125	0.01013138378662551	0.2350447677794168	0.168431260572979	0.1435854987353375	0.01034889348903356	0.01167641851847592	0.01001476035298311	0.02944685951735509	0.1785463639300733	0.01011278605742564	0.01007114283590724	0.01002631691112419	0.01005256753258237	0.01014633997411857	0.01009511578237183	0.01019965384093664	0.0191143472321331	0.01013173316444002	0.01012678124918264	0.01019520202015567	0.05935087384401568	0.01014632735056574	0.01045684973885955	0.06056412338294632	0.1003364079773847	0.2129126041126846	0.271073150023616	0.01111363335615698	0.01046416167536364	0.01007067344811276	0.2855702470386774	0.2313945936403887	0.180682636340824	0.1556024791236855	0.1473554070243515	0.1345800194552531	0.01029001229930908	0.1034847627952799	0.0127489540076518	0.01875240751083728	0.01207618566673045	0.01036940118331436	0.01017449507379585	0.02947260403701013	0.1523339932087626	0.04271473952527821	0.389589800806624	0.1401331199456677	0.01011047387870012	0.1676968012064628	0.01024515542027522	0.0101869236727194	0.01021009433571778	0.07523060200872636	0.1242626255577575	-0.1640591733120367	0.04778259607283883	-0.03675386618758284	-0.02359601780265448	0.1097682479634409	-0.003681711339733088	0.0531508812499701	-0.04097127618382322	0.03961817433166227	0.1177916109936688	0.001040373924125803	0.1863735638509017	0.2063296039628261	0.01014330308672781	0.01007546423426782	0.1611302883686985	0.1626851651381213	0.01004950536358705	0.09639613507090483	0.1116121174574115	0.07397964126686257	0.04676105882838184	0.01066427816143382	0.01018404458125555	0.0100887089416837	0.01003820750044238	0.01002686409450577	0.01005124227622652	0.0100482290290008	0.01006754856592155	0.01006606833715084	0.01022213500103538	0.01021355201807942	0.01022368328697594	0.1318185258488819	0.1729717431959393	0.02896713599395183	0.018820641214581	0.01015564168579854	0.2249267386032028	0.1801480939139704	0.1400862558820167	0.01003221494144211	0.01011179970335534	0.0100155708501165	0.03873294410580457	0.1740709399128696	0.01014346464302548	0.01008844235620883	0.01003306825077114	0.01006551573904245	0.01014976027347384	0.01009328332027345	0.01023977255314345	0.03976910585883979	0.01014045075989212	0.01012697044702216	0.01022210934391079	0.04046947424108861	0.01012707300973777	0.0102695217244278	0.07218325068925939	0.1218445858313757	0.1997164500711541	0.2563944600749415	0.0107952595040377	0.01011076148765078	0.01007551351867701	0.2875730613742234	0.2383676577309935	0.1882189587370553	0.1522881140971661	0.1432624080501884	0.1319000491354998	0.01026958842790742	0.08410090873271729	0.01560100191927322	0.03541021221857543	0.01016562699898598	0.01027592033047602	0.01005581658534714	0.01242904714753727	0.1590862004851527	0.04787878506265495	0.3958508792301733	0.1268852318118376	0.01006560092532304	0.1616370283273104	0.01035506645740259	0.0100989723508761	0.01025536755058343	-1.278348728067151	-0.6564941453831711	-2.996013454651869e-12	-1.075471091594299e-11
0.5372107826238351	-0.2665043180291922	-0.1095122117073326	-0.1328916522191713	2.875954702811746	0.9344903977422548	0.02523977286139574	0.4418750471964937	0.3435493132256924	0.06634103697808834	0.2845192458069893	0.01480152573909707	0.2023844837249903	0.1539379753896253	0.1206005021514674	0.1214724476534373	1.209800694933945	1.209800694933994	0.4536278044487819	0.4536278044487937	0.07576185307356831	0.01066828132513876	2.760854439671878	0.1190347528531967	-0.04326835977132654	2.417590392981804	0.09622427308622035	0.3103210128659713	0.117618868894952	0.1608592381531303	0.2780357130531243	0.2918221916432875	1.686032721206624	1.921022821409526	0.3662128715817969	-0.2504979392943304	-1.349903395252991	-1.826054641426051	5.14182525823476	1.859240564859436	-0.1002533397317675	-0.3709679958893916	7.794190640218839	1.449447618696358	-5.301894286028046	2.269317751320878	0.009930919976897868	5.584026336524698	1.342468936135343	1.104164102054694	-5.442180695902416	4.526221852002281	4.526221852002243	4.754261341395193	4.754261341395356	2.301635360450591	-0.6672023259357328	-5.460759797063305	2.669088351114692	-0.6959756166078361	3.775104476500279	3.06049773393701	-1.734914456836977	4.582937740976153	5.298476377487784	-1.150696586511692	-0.3578848852139552	-3.156723518818334	-1.206758363657398	4.038099064176531	13.60925345087252	0.1876097622129169	0.2094159415339732	0.01196401054708296	0.01009799875830302	0.1682574755692982	0.1657853402064912	0.0100997909931561	0.0990148272664548	0.112451073153531	0.07337705346946505	0.04375374731782664	0.01064937478246069	0.01019562024826129	0.01009645479717589	0.01003782153557387	0.01002660056860374	0.01005304048538876	0.01004730302768336	0.01006608117752291	0.01006448884064647	0.01021949669290001	0.01021049083013612	0.01021899960753639	0.1368110229370423	0.1771988227817098	0.03238433034895562	0.02644860332975547	0.01015122121900021	0.2297027013729179	0.1737886992299723	0.1413078160917269	0.01018221821446069	0.01085067027363958	0.01001540606989365	0.03602165055128359	0.1761424908997162	0.01013997200245544	0.01008553590592474	0.01003194337881895	0.01006334664618733	0.01014779177206223	0.01009247332307342	0.01023488539710412	0.03863145907398365	0.01013912219143803	0.01012710871768526	0.0102210115624689	0.04507722060114171	0.01013511630695987	0.01035717876888473	0.0690379989958685	0.1143095490500376	0.2063248179614602	0.2643505858983063	0.01102526895213977	0.01028474904028045	0.01007581849941016	0.2861309491373241	0.234410623482624	0.1849733039943679	0.1536789426605216	0.1447221713334271	0.1326074445512143	0.01027491997578442	0.09011487246329009	0.01539984110207576	0.03437187865563857	0.01107499567563825	0.0103067500792956	0.01011305777701467	0.02006505038862514	0.1555439158038708	0.04647993439921633	0.3918104943355793	0.1317871051159377	0.01008728447490713	0.164324244118354	0.01037778478611392	0.01016233758189848	0.01028970491851472	0.0736877066179176	0.124580585264572	-0.1659852988376299	0.04663184516872083	-0.03993816970448084	-0.02316085254967137	0.1091591250883375	0.003149442857082104	0.05262831058198805	-0.03760935404121109	0.04294395355483077	0.1171080761217962	0.003477578066574113	0.1848586265717368	0.2031034606204583	0.01012645178760955	0.01007972636708675	0.1468492446462009	0.1578079976970634	0.01005296483819038	0.0912808310269566	0.1096953048501235	0.0749988811272593	0.05459354675909407	0.01084985288013744	0.01016244854674303	0.0100751640030892	0.01004054862938008	0.01002859952450527	0.01005384784388087	0.01005309597590536	0.01007542476103449	0.01007469917039791	0.01023408039761645	0.01022718157288517	0.01024625758982431	0.1223583915926548	0.1676597705690027	0.01120708556668483	0.0103266504683782	0.01017784904838211	0.2192563981150964	0.181619789735498	0.1371650333095883	0.01003226756347216	0.01010348624206983	0.01001625871607125	0.04484529840429582	0.1719697219011558	0.01017813754029505	0.0101050472522869	0.0100395764979542	0.01007796261304434	0.01014866572339852	0.01008801311539575	0.01028412820025196	0.06890258125820471	0.01014924800224451	0.01012768627738892	0.01025870614397785	0.02357330651820176	0.01012369134490161	0.01026607235971691	0.0820788160036043	0.1372172920615836	0.1946613343652472	0.2517862228055331	0.01104416935482288	0.01013146687131294	0.01008367105083183	0.2865919240745221	0.2393176257902203	0.1928747177342947	0.1503397765205464	0.1399219436903621	0.1288426440270397	0.01025593640194186	0.0680077232244321	0.01927081169518084	0.05833000571839726	0.01017732023949618	0.01023361641258702	0.01005906547303974	0.01060228773902476	0.1601840111279499	0.05186870063313624	0.3957563639152192	0.1171872711555285	0.01006695653689427	0.1584783096948155	0.01059010308913675	0.0101671811125631	0.01043065396759723	-1.358483119847733	-0.6616231725803358	-2.688562813697491e-12	-3.373296541536519e-11
0.5446720434936106	-0.275711369945715	-0.1240089695780767	-0.0935678190941347	2.889761983475201	0.9336625397822075	0.02236719263732563	0.4998553055676341	0.3525251769109365	0.02598902921381399	0.3017666588911539	0.01515667244969252	0.2442944201790616	0.1634701013815586	0.1292622789865046	0.07981020374490283	1.242029757432897	1.242029757432926	0.4907407021909032	0.4907407021912405	0.09385009883853265	0.004780631369289252	2.718878099449195	0.1400884448794465	-0.04815667769656421	2.447371008738991	0.1191135215882033	0.2954833934235892	0.1542734871798484	0.2025584528977747	0.2727784272531226	0.2892936645502218	1.665776833614856	1.911641085161703	0.3957383243422864	-0.1881340686188856	-1.081369230258399	-2.042240159326061	5.352264973908628	1.845682790158685	-0.1175814207899165	-0.3945714642240931	7.682712058925675	0.9711867008382016	-5.44481372172757	2.2345041474876	0.06553588351756073	5.61259515138616	1.174010071225442	1.210454251751936	-5.670158113857503	4.109363757522366	4.109363757517283	5.043765689686739	5.043765689610675	2.540505548730072	-0.9117312155207	-5.76363687953347	2.97038196486919	-0.610007308375734	4.190752091337835	3.070836072144336	-2.184430467793859	5.23323456308331	5.868566438945188	-0.2590334609559662	-0.2950807789864406	-2.265951021841581	-1.279750287393658	3.853853595462675	3.686801363073419	0.1860660414326399	0.2061233623867991	0.01097208951646737	0.01008978577178066	0.1554572299324578	0.1612020845556456	0.01007612631491065	0.09388706872868917	0.1108825182718199	0.07437079337209132	0.049741658694143	0.0108819758090226	0.01017359372649024	0.01008268167406689	0.01004048103548197	0.01002862345862933	0.01005516972275412	0.01005258077314634	0.010074623149264	0.01007384753473496	0.01023247037881298	0.01022484703550578	0.01024298246360736	0.1274195515768151	0.1720938749297602	0.02112171788790606	0.0178656420921483	0.0101742088715539	0.2244409624922121	0.1776654702348656	0.1386674250425075	0.01010225772873397	0.01044895004075565	0.01001610976694682	0.04079625013349646	0.1740074578774873	0.01018681173649391	0.01010300604014861	0.01003868837349614	0.01007616483423866	0.01014153609865879	0.010084855736123	0.01029214245441012	0.05881566149230909	0.01014633240798966	0.01012504471346405	0.0102778394095291	0.03223263462546403	0.01012903573460776	0.01030940454827388	0.07772596562298296	0.1279125253188506	0.2024272998313365	0.2611720326525314	0.01703399905851584	0.0102225781453973	0.01008627248633736	0.2866077076554845	0.2359115368661195	0.1885771366197897	0.1528828911002423	0.1425511452516122	0.130490037316853	0.01025596211804768	0.07193665674561679	0.01930596410407737	0.04798940539528893	0.01061071996000416	0.01025635596024847	0.01008466883994885	0.01496653936443771	0.1561113803372664	0.04516140051055857	0.3933838654268729	0.1231638608167434	0.01007623252272494	0.1613386865633686	0.02886768637686407	0.04408080192427759	0.03250255067954309	0.07308962430994499	0.1241929751889464	-0.1666974372608641	0.04340624236164192	-0.04240607240211738	-0.01444168773479194	0.1074723784289326	0.005762996800939754	0.05036696080640527	-0.03365858784221219	0.04393008094221572	0.1152800730374733	0.005437264589911856	0.1832190468514746	0.200109962097449	0.01013794091353967	0.01008548976517796	0.1321765468760051	0.153104215558905	0.01005891461044471	0.08560809327388764	0.1085533619886846	0.07574576298665871	0.05618960798106131	0.0112677709998488	0.0101489176739414	0.01006771504737026	0.01004451899508696	0.01003175724326415	0.01005954493013269	0.01006027810101308	0.01008710901698037	0.01008754924294751	0.01025112060844577	0.01024502495856996	0.01027721151569773	0.1107015286129265	0.1633557539082189	0.01082963306092127	0.01025012698273498	0.01020659213205734	0.2146775934267491	0.1838021661501462	0.1339292409225097	0.01003720756273134	0.01011571972051443	0.01001706931037434	0.04555924218068701	0.1705084894515881	0.01026615428603087	0.01012821137355848	0.01004833435495815	0.01009440746162043	0.01012598382181696	0.0100705060125837	0.01038701737880615	0.08603033913434277	0.01015501627654343	0.01011967355545314	0.01038127843614915	0.01743852245867746	0.01012410801887322	0.01027174399728165	0.09067815068201114	0.1495892721975243	0.1989935284860514	0.2602382422945743	0.03142982693603917	0.01020241472255799	0.01010452757062087	0.2880371399002926	0.2370641181534709	0.1939337942027227	0.1531969394904549	0.1398098015213045	0.1271622116969418	0.01022677334866047	0.03966946596731144	0.02552727138980689	0.06274633265837756	0.01025336742937111	0.01019758004943637	0.01006220812975583	0.01049808349701323	0.1539399559465975	0.03719671933883265	0.3965675125533769	0.10915628133556	0.01006691573360918	0.1566333890646166	0.0738750343422733	0.1290748586851648	0.08699132780512522	-1.431462442291471	-1.981993405068775	-1.265998595561025e-12	-5.752478637663523e-11
0.5521333043633861	-0.2820935848373504	-0.1397252666639563	-0.05371940465709528	2.903554621026438	0.9327965743260256	0.01941831326854434	0.5555538684439398	0.3582603814082332	-0.01386926695706039	0.3160824103954258	0.01548505456251629	0.2855806386308806	0.170880874944456	0.1385563674055856	0.03768424809275808	1.271071228930923	1.271071228930932	0.5266531880009809	0.5266531880016031	0.1135765722744438	-0.002948117828157194	2.675255500526385	0.1633006925887434	-0.05230649398821267	2.479875186903151	0.1419868591661708	0.2785877696200399	0.1955754969144971	0.248276628645133	0.274162696472229	0.2877890563349033	1.652322589476426	1.902347685508225	0.4233881097468322	-0.1868362945448516	-0.5927024146370248	-2.15295360235381	5.282439913164401	1.855315460904434	-0.1104681002248811	-0.3914200739008089	7.18257940388744	0.5807850035611871	-5.169554295967631	1.483482319411215	0.002756637745485793	5.416837972199981	0.7738378522959923	1.273655986291836	-5.566479189260515	3.671784229784587	3.671784229784547	4.432489470790042	4.432489470790007	2.740764268832809	-1.16071120437463	-5.902041432688724	3.247691812726167	-0.4980193605008522	4.505158673522787	3.056232791873892	-2.286565014758123	5.828676639827163	6.375763735149143	0.6295802683218067	-0.083422191147857	-1.333534764994312	-1.183079632695767	3.535324160516998	-2.759587599559129	0.1844781829068712	0.202946152318341	0.01053680957736584	0.01008935931093958	0.1416073531306136	0.1565398672054352	0.01006896023936732	0.08845492750469727	0.1095132416017206	0.07523965323757512	0.0533961516862698	0.01121753252585641	0.01015629885034249	0.01007243166544797	0.01004387090612521	0.01003127865549575	0.0100592868185455	0.01005891951589157	0.01008491566979362	0.01008515124445573	0.01024770869650343	0.01024114514890996	0.0102708468202128	0.1168499905521669	0.1673117056089556	0.01562053616849218	0.01384767957372204	0.01020040146804836	0.2194359288830748	0.1807873917720566	0.1357451840027461	0.01006958694327155	0.010277459209778	0.01001687302657476	0.04339562356760716	0.1721628580921644	0.01025658235235668	0.0101236477397982	0.01004655480195104	0.01009100325102564	0.01012612954623428	0.01007172817917776	0.01037480451657892	0.07682292427189659	0.01015273927202587	0.01011966669697006	0.01037127277458267	0.02273660059348144	0.01012657464487452	0.0102913910437552	0.08625727939827955	0.1407110246038628	0.2020100094953341	0.2626444352915384	0.03077233551527341	0.01023454573817709	0.01010252174570354	0.2874639712395096	0.2358690069920952	0.1910715235734207	0.1537266314472517	0.1413122232748432	0.1285690880953416	0.01023131956821182	0.04799764556318326	0.0244652721105684	0.05654853362136849	0.01044685775491394	0.01021395424851768	0.01007384598893301	0.01258735064831385	0.1536243118818357	0.03678157195810778	0.3946789427599129	0.1147195171230382	0.01007131516161124	0.1588507968446214	0.07000238581505026	0.1182360175391428	0.08173133464176321	0.07249154200197321	0.1238053651133199	-0.167409575684099	0.04018063955456238	-0.04487397509975496	-0.005722522919911714	0.1057856317695271	0.008376550744796483	0.04810561103082265	-0.02970782164321259	0.04491620832960015	0.11345206995315	0.007396951113249814	0.1815794671312125	0.1971164635744403	0.01014943003947162	0.01009125316327073	0.1175038491058106	0.1484004334207469	0.01006486438270232	0.0799353555208194	0.1074114191272475	0.07649264484605781	0.05778566920302452	0.01168568911955695	0.0101353868011436	0.01006026609166074	0.01004848936079682	0.01003491496202781	0.0100652420163892	0.01006746022611763	0.01009879327292556	0.01010039931549779	0.01026816081927375	0.01026286834425385	0.01030816544157082	0.09904466563320025	0.1590517372474332	0.0104521805551621	0.01017360349709976	0.0102353352157333	0.2100987887384017	0.1859845425647938	0.1306934485354304	0.0100421475619909	0.0101279531989591	0.01001787990470195	0.04627318595707789	0.169047257002018	0.01035417103176399	0.01015137549483018	0.01005709221196078	0.01011085231019527	0.01010330192023355	0.01005299890976887	0.01048990655735916	0.1031580970104816	0.0101607845508407	0.01011166083351591	0.01050385072831954	0.01130373839915274	0.01012452469283849	0.0102774156348433	0.09927748536042141	0.1619612523334703	0.2033257226068547	0.2686902617836129	0.05181548451725532	0.0102733625738047	0.01012538409040889	0.2894823557260656	0.2348106105167246	0.1949928706711495	0.1560541024603626	0.1396976593522465	0.1254817793668442	0.01019761029537852	0.01133120871018876	0.03178373108443251	0.0671626595983548	0.01032941461924817	0.0101615436862842	0.01006535078647129	0.01039387925500181	0.147695900765245	0.02252473804453016	0.3973786611915352	0.1011252915155907	0.01006687493032766	0.1547884684344176	0.1371599655954157	0.2479825362577776	0.1635520016426632	-1.512964237530829	-4.818313964839255	-4.06049548723692e-12	-7.784541673008662e-11
0.5595945652331616	-0.2841080708562231	-0.1555860218469417	-0.01556977039041754	2.917530070881521	0.9320888273662142	0.01660015470480091	0.6060886381242035	0.3615483071024732	-0.04995310146242577	0.3219648490300666	0.01476581566458081	0.3246303813955024	0.174490797905942	0.1480032008232282	-0.002241379362537112	1.29678556846814	1.296785568468126	0.5545579793923274	0.5545579793925619	0.1345744048754683	-0.01245785548296179	2.631436898741262	0.1883936451973052	-0.05557337603662973	2.51428067415149	0.1645984842774289	0.2605404829832299	0.2410042096845712	0.2974537386898101	0.2818502272325706	0.2886179534381385	1.645560826961154	1.894251121765742	0.4480807099527895	-0.2098836316515767	0.03283072184627459	-2.077658226830741	4.926778407402146	1.892399051052803	-0.07895620633150818	-0.3628698370072451	6.373714698787741	0.3135508280209989	-4.478218277555688	0.0985107068951378	-0.2040607326435253	5.042891248641103	0.2121548179806044	1.248096783903454	-5.117264010203068	3.225355130401797	3.225355130371983	3.029769718169122	3.029769717891816	2.872729627047213	-1.380519175591418	-5.797417533285928	3.462091654754876	-0.3755273404679709	4.69770362813195	2.998427167199714	-2.483082151518233	6.325930309487945	6.784574738986493	1.410173070537025	0.2790381098001647	-0.5228724592159537	-0.9833463154885683	3.069930398882145	-3.418100456899662	0.1822349277791028	0.1990416238121395	0.01033707064297177	0.01009352026127667	0.1285472740940956	0.1517954401650403	0.01006853418082038	0.08251889176133363	0.1079639081642422	0.07572190021815708	0.05556999472283658	0.01191270266697328	0.01014258918828078	0.01006466646146991	0.01004814471340261	0.01003470323462032	0.01006563095469225	0.01006643917500571	0.01009698752305423	0.01009845810328762	0.01026665926748876	0.01026057819753898	0.01030347005109734	0.1054755311733253	0.1622193670716613	0.01282302675478264	0.01185890522758662	0.01022976273282768	0.2141178868505383	0.1829597607416387	0.1321949130540562	0.01005630032297622	0.0102016870247886	0.01001780977349769	0.04406268309006757	0.1703757927910259	0.01036171286028612	0.01015095739200832	0.01005646025051484	0.01010973457530472	0.01010931347388388	0.01005907619058093	0.01043954153807006	0.08774700744537757	0.01015451640386811	0.01011250884377541	0.01043032820940956	0.01655719828265827	0.01012285956354442	0.01027815160142125	0.0946069907523248	0.1529803533560631	0.2050049622066062	0.2685856198663803	0.04247408942986344	0.010270393826295	0.01011939270132666	0.2890565307340213	0.235044443370835	0.1920572248475574	0.1558748086031469	0.1407916018498883	0.1270623413486578	0.01020515669567683	0.02896096548390913	0.02701679118969346	0.06183415738251351	0.01040788201923493	0.01018145240659629	0.01007239787426387	0.01139921878936517	0.1457309140792488	0.0276221954956633	0.3969926904371517	0.1072130977106621	0.01006910018086915	0.1576995480988135	0.106443700027635	0.1818598508828492	0.1250019003898241	0.0729422444528751	0.1241085874956099	-0.1667399296334998	0.03683695301484481	-0.04621124261437713	0.01051254666997059	0.1037310807744046	0.008598700208277202	0.04606497003074732	-0.02019191337612928	0.04280939143027412	0.1112666531368998	0.006355891088499345	0.1771847932559624	0.1905982914756707	0.01018483906451462	0.01010180886745266	0.1084957713321915	0.1435325498921548	0.01007092438015217	0.07292758930072619	0.1051591419499003	0.075998890172534	0.05762764509906899	0.01317811648257287	0.01012745366588708	0.01005636378452719	0.01005443796770828	0.01003979919930325	0.01007572095248901	0.01007716858147058	0.01011407602701231	0.01011733581287399	0.01029461091598679	0.01028861784044126	0.01034984259885747	0.08674546575250941	0.1526702444158423	0.01040989908409738	0.01016037372493472	0.01027036780196645	0.2034374247974382	0.1857632565059389	0.125490546341837	0.01004759226595447	0.01014615095755929	0.01001919347500438	0.04336727322094146	0.167155225533155	0.0105299903287722	0.01019266773921853	0.01007118501757607	0.0101376490822922	0.01008840856445855	0.01004464202880229	0.0104975305628985	0.09601418472730615	0.01015205024446546	0.01010219051285607	0.01046032881032452	0.01103076845095929	0.01011575639546483	0.01025836172065743	0.107433410882146	0.1736679732494696	0.2142515245765496	0.2856102844680081	0.05446794383187558	0.01032316149981584	0.01014039814048179	0.293423380329072	0.2329806900513926	0.1920186781476549	0.160789652544163	0.1405391948784798	0.1250729540926066	0.01017111689569308	0.01091957828905396	0.02719187891598654	0.06701441025091413	0.01041292510037438	0.01014791294213222	0.01007601783075132	0.01038995276103215	0.1256182871181569	0.01653511431193639	0.4044468094905267	0.09642723564800966	0.01006753708775604	0.1574668363087812	0.1525483593753078	0.2709613120249404	0.1813189155920206	-1.613021628738785	-6.991657501255811	-1.058546951451617e-11	-9.509537846892911e-11
0.5670558261029371	-0.2819004211105535	-0.1704175430125748	0.01954929850744291	2.931817538863678	0.9316226481334261	0.01402010689856288	0.650820779333187	0.3631333935986392	-0.08032933450334448	0.3176300093502522	0.01231294467550427	0.3607198585145834	0.1743205650400038	0.157024695691134	-0.03840411569420593	1.319267014846199	1.319267014846189	0.5716015518973183	0.5716015518972488	0.1562210968773924	-0.02343156020245158	2.58943238774871	0.214718909792966	-0.05787830034002867	2.549684735149059	0.186635248202101	0.2425479052353016	0.2896368648398024	0.3491965894719881	0.2948941752577055	0.291556502967683	1.643864786741743	1.887731395393358	0.4689958668236094	-0.2378403088189849	0.539046183167897	-1.87706617927594	4.470093201061812	1.938952297221827	-0.04571557853035023	-0.3275941973870174	5.627177824423352	0.1243368970694284	-3.639624820474295	-1.255271489719745	-0.4619455406341836	4.623335186061735	-0.2394374889713537	1.159643473529167	-4.557831672907963	2.805203308163393	2.805203308163538	1.521126612533121	1.521126612533121	2.914691816155256	-1.553129346653655	-5.415772201646628	3.578014531448708	-0.2401654236430553	4.772827574833284	2.902140555410093	-2.271900231511143	6.687497271694547	7.063513643255462	2.06537439392688	0.4820726924226544	0.02433822309224998	-0.7604064688456514	2.522775906145833	-4.075542139765073	0.1790498610590498	0.194002913452873	0.01026821895855783	0.01010124382187578	0.1171586196664741	0.1469675671174349	0.01007172181606363	0.07599694976040948	0.1060758079746563	0.07571659522254172	0.05653625222781251	0.01304910272213241	0.01013209717666449	0.01005905339026774	0.01005335163108575	0.01003894108736648	0.01007427870976901	0.01007517815464243	0.01011084793899879	0.01011378674176106	0.01028978590537155	0.0102835284239459	0.01034113331798787	0.0934708420678549	0.1565207262908287	0.011541174187448	0.01096126413232817	0.01026228113087664	0.208204931633355	0.1840893332325901	0.1278633397055901	0.0100534498185689	0.01017824857415631	0.01001895648530918	0.04285112875642249	0.1685387556632963	0.0105061796116023	0.01018605458211287	0.01006869852529788	0.01013295846513339	0.01009356806317475	0.01004881699887571	0.01047247339349908	0.08965733840776539	0.01015043798183938	0.01010406259614674	0.01043226470991205	0.01357368130149919	0.01011632931701981	0.01026167348874507	0.1027638677118573	0.1648173696819193	0.2113360829808756	0.2788467437886465	0.04922027227798361	0.01031400898335631	0.01013522867535869	0.2915651349954771	0.2338058531585787	0.1913405375313893	0.1591729457871948	0.1408919299655428	0.1260627881055566	0.01017880845161194	0.01944937308214109	0.02569167770413454	0.06431169957953323	0.01043710220501944	0.01015946076174433	0.01007769963154204	0.01086713488718997	0.1312525495317148	0.02004206113366618	0.4010243543420552	0.1009751174359196	0.01006848818868285	0.1582568684801865	0.1312136943345116	0.2237415298294302	0.1542200785711346	0.07339294690377712	0.1244118098778986	-0.1660702835828975	0.03349326647512782	-0.04754851012899943	0.02674761625985287	0.1016765297792829	0.008820849671757168	0.04402432903067279	-0.01067600510904658	0.04070257453094822	0.1090812363206499	0.005314831063749821	0.1727901193807112	0.1840801193769002	0.01022024808955652	0.0101123645716336	0.09948769355857132	0.1386646663635616	0.010076984377599	0.06591982308063182	0.1029068647725491	0.07550513549900939	0.05746962099511935	0.01467054384558928	0.01011952053062664	0.0100524614773825	0.01006038657461626	0.01004468343657372	0.010086199888585	0.01008687693682629	0.01012935878109943	0.01013427231024927	0.01032106101270132	0.01031436733662958	0.01039151975614433	0.07444626587181753	0.146288751584253	0.01036761761302519	0.01014714395275471	0.01030540038819872	0.1967760608564758	0.1855419704470868	0.1202876441482438	0.01005303696991778	0.01016434871615944	0.01002050704527599	0.04046136048480593	0.165263194064296	0.01070580962578955	0.01023395998360157	0.01008527782316884	0.0101644458543773	0.01007351520868597	0.0100362851478398	0.01050515456843867	0.08887027244412954	0.01014331593809189	0.01009272019219808	0.01041680689232932	0.01075779850276536	0.01010698809809851	0.01023930780647534	0.1155893364038666	0.1853746941654609	0.2251773265462488	0.3025303071524073	0.05712040314649518	0.01037296042582365	0.01015541219055429	0.2973644049320845	0.231150769586057	0.1890444856241564	0.1655252026279611	0.1413807304047119	0.1246641288183682	0.01014462349600841	0.0105079478679191	0.02260002674754221	0.06686616090347619	0.01049643558149886	0.01013428219798163	0.01008668487503072	0.01038602626706249	0.1035406734710696	0.01054549057934039	0.4115149577895169	0.09172917978042835	0.01006819924517795	0.1601452041831448	0.1679367531551949	0.2939400877920941	0.1990858295413686	-1.712648215509945	-8.007105898761562	3.893554435644902e-12	-5.1936131316251e-11
0.5745170869727126	-0.2767398459816798	-0.1834674651422215	0.05121166374180084	2.94645327029841	0.9313742533100711	0.01169671959291612	0.6907846227942824	0.3634820883623788	-0.1043876669434394	0.3044075310371097	0.00794250759993932	0.3937236532322801	0.1715950752115981	0.1652059718615997	-0.07041527107382288	1.338743026746924	1.338743026746921	0.5781398597725329	0.5781398597724717	0.1778187907979328	-0.03549676514051094	2.55105652431883	0.2414851166890183	-0.05911855898229831	2.58522945492191	0.2078626126930227	0.2254325030178228	0.3403784182537726	0.4024606457549127	0.3123197866051482	0.2961082657845067	1.645170592739549	1.882936450988118	0.4857305559815621	-0.2720270606712948	0.8081399949286986	-1.61945459201742	4.020388203372542	1.983657840553731	-0.02265235789543976	-0.2958854197514349	5.121591870517725	-0.02700775660821423	-2.816428102673123	-2.224779404361155	-0.7024240882350141	4.224007577769203	-0.4546334988001346	1.028866471914946	-4.032915714132103	2.418079450402036	2.418079450526124	0.2749659795615425	0.2749659797889349	2.859397380477513	-1.672516501407694	-4.859413696167992	3.577195752776112	-0.09021514235152096	4.741969420472138	2.788026800866672	-2.300369514370303	6.884794837441256	7.186248031580778	2.583693649178677	0.7237826058085793	0.2734864750846213	-0.5290119590996772	1.971192275524156	-4.986741973256637	0.1745715880946526	0.1873147678725598	0.01025814112206536	0.01011300035965572	0.1081259331081786	0.1418884063749733	0.01007658323861531	0.06723807723717801	0.1038655549270759	0.07543576067585972	0.05643385781924737	0.01485995206762722	0.01012292456883315	0.01005441800845919	0.01005955995308594	0.01004410910641567	0.01008725035952392	0.0100859535577328	0.01012680379513516	0.01013122410081201	0.01032211709199642	0.01031363156926381	0.01038639815199117	0.08098794689679385	0.1492108236878345	0.01090517294658013	0.0105212378182818	0.01029915307365184	0.200737835939544	0.1829699296801203	0.1221013307677449	0.01005424551982431	0.01017402017721247	0.01002033358352732	0.03933400156567274	0.166665830964035	0.01092018761857753	0.01024588017730291	0.01009022573174081	0.01017330580360977	0.01008126606240935	0.01004134545751593	0.01046389200690204	0.08413777092840206	0.0101427868311142	0.01009647771009177	0.01039088064532072	0.01203016281386414	0.01010790369906492	0.01024308431366082	0.1108183562710609	0.1765837681996942	0.2194150772172465	0.2912283548272872	0.04688035586194622	0.01032544088141637	0.01014176512229538	0.2938995661504756	0.23220944624856	0.1892309708793178	0.1620104822080041	0.1404184367331118	0.1245887462913972	0.01015604746383937	0.01466944368638064	0.02245450612304169	0.05837524958807178	0.01046268223803966	0.01014661669784808	0.01008837458207422	0.01061966160035862	0.1069048686485018	0.01490906789406035	0.4058940101692146	0.09685904422687058	0.01006768333737381	0.160927726853966	0.1492899508975428	0.2545008389026057	0.1757682042063587	0.07662879238626419	0.1247498387588809	-0.1648886605793206	0.009702931445156398	-0.04771632657959742	0.03239461880532872	0.09814092485588384	0.005599674516434837	0.02734381496003929	0.004607307510841049	0.03674374969712862	0.104327159964913	0.003675532446375923	0.1650414204110231	0.1731243143289358	0.01027406798071216	0.0101316312001504	0.0961725531719427	0.1329416591274938	0.01008373504389579	0.05167074312077099	0.1000547671246668	0.07483552106745439	0.05537504305447941	0.01784957601512696	0.01011162480384668	0.01004890578455114	0.01006843163404117	0.01005158816802697	0.01010809439157277	0.01010177762883384	0.01014925341117138	0.01015554606160341	0.0103728179444532	0.01035940999819024	0.01045191807319149	0.06162628857495706	0.1345439546502527	0.01036756481855633	0.01015240598946917	0.01035078287330684	0.184706041212279	0.1779380403183271	0.1109605979830322	0.01005647367095283	0.01017553552843208	0.01002230935800829	0.03231931360433808	0.1633332050152948	0.0117373051268371	0.01034793768803748	0.01012747754623812	0.01024280026754264	0.01006875826158511	0.01003404372606005	0.01041640322751767	0.06912072849433044	0.01013056434186912	0.01008791760870638	0.01030555711552008	0.01068338068929779	0.01009568947325448	0.0102175786217239	0.1236835331174879	0.1976770938918184	0.2358600390664291	0.3179602714857348	0.03409498007137482	0.01030360957394893	0.01014050301116766	0.2978470496244717	0.2287592077873347	0.1840383448072105	0.1657566248694265	0.1385093033649677	0.1212746150196841	0.01013047386734099	0.01055158011089221	0.01707638259081514	0.0402409348574236	0.01047410255067912	0.0101370739896209	0.01010621320863356	0.01043154971490489	0.05691619787122148	0.01038661488865939	0.4174332270067241	0.09273139566864845	0.01006601596162532	0.1679701354603418	0.174394735299503	0.3046475059786917	0.2073843448623056	-1.782267764367586	-8.375318030077958	4.025174294563986e-11	5.414937509842834e-11
0.5819783478424881	-0.2703798199465157	-0.1945611080775437	0.07959356126740808	2.961411025431206	0.931257975106437	0.009594411371565525	0.7277912209627865	0.3627879869315058	-0.1224648044194912	0.2853894684417935	0.001937423141432934	0.4237621892576457	0.1680809566727501	0.1723109605507377	-0.09873638122985352	1.355391360942532	1.355391360942559	0.5763537369551762	0.5763537369551284	0.1986637123230747	-0.04826367458535161	2.517089450018731	0.2678086446082653	-0.05919361437618693	2.620252762791195	0.228241826875583	0.2084524053390346	0.3919419758568403	0.4560196851851593	0.3331227734445341	0.3021445152721117	1.647166966156212	1.879775606032825	0.4985336076947379	-0.3107401985908134	0.8605604493141549	-1.352683176081735	3.590759864598308	2.025271138954013	-0.01030155942719256	-0.2683336814730787	4.834484647074422	-0.1551858833882057	-2.036358277038799	-2.808784865379691	-0.9001147496068194	3.828494006552565	-0.4508303683882748	0.8711433133371899	-3.568710588483094	2.047240877992309	2.047240877992737	-0.7102471019638562	-0.7102471019638771	2.712910265014984	-1.741222088354221	-4.233990943206763	3.459353896119775	0.07216871647319217	4.633062483203074	2.674792840585086	-2.235631686532993	6.907836488263472	7.142584232132262	2.970683979546346	0.8799911396694026	0.209445654933208	-0.3223841348148523	1.468895733559679	-5.288845399603694	0.1686316380437703	0.1787230447871744	0.01028365034889467	0.01012894047050589	0.1017195438826205	0.1364820090781372	0.01008249718715992	0.05554689550966364	0.1013402143968673	0.07496055722627702	0.05530541338619616	0.01741830785149755	0.01011446315603957	0.01005038415434058	0.01006679155084519	0.01005024472234987	0.0101051927928238	0.01009902704272036	0.01014495338853658	0.01015079805088865	0.01036526381471552	0.01035205247221994	0.01044008537914871	0.0680989251161055	0.1398173617891271	0.01062233660720471	0.01032880534965859	0.0103407619227692	0.1912397333566949	0.1790285402326571	0.1146178062523283	0.01005651268799449	0.01017837862857452	0.01002194760715637	0.03333242753722456	0.1647635244992725	0.01167707746166781	0.01033585702321763	0.01012326888373835	0.01023482021491726	0.01007316745486471	0.01003678793764543	0.01041067357848329	0.07147156121297066	0.01013229421178831	0.01009044281008667	0.01031058720144274	0.01129863990115889	0.01009787735129932	0.01022274556539259	0.1188031364217835	0.1884259942995288	0.2285090807709039	0.3046683389690727	0.03357107922991934	0.01029188405384899	0.01013635460253874	0.2955081360548955	0.2302825665883401	0.1858657995121673	0.1636817370782255	0.1388490302237244	0.122217857570936	0.01013808267660465	0.01252060786689827	0.0179463799162487	0.04158285875969826	0.01046158567127013	0.01014248264890021	0.01010398171569418	0.01053517293018302	0.07066855268106589	0.01248400397980502	0.4111272599054113	0.09519970161617174	0.01006611048872568	0.1658754078745578	0.1617719651644806	0.2763955605085499	0.1910543818894803	0.079864637868751	0.1250878676398622	-0.1637070375757412	-0.01408740358481586	-0.04788414303019439	0.03804162135080463	0.09460531993248389	0.002378499361112696	0.01066330088940524	0.01989062013072841	0.0327849248633089	0.09957308360917513	0.002036233829000834	0.1572927214413351	0.1621685092809716	0.01032788787186809	0.01015089782866857	0.09285741278531448	0.1272186518914256	0.01009048571019658	0.03742166316091084	0.09720266947678087	0.07416590663589995	0.05328046511383535	0.02102860818466897	0.01010372907707927	0.01004535009174633	0.01007647669346649	0.0100584928994806	0.01012998889456026	0.01011667832084518	0.01016914804124477	0.01017681981295787	0.01042457487620644	0.01040445265975185	0.01051231639023908	0.04880631127809681	0.1227991577162518	0.01036751202408819	0.0101576680261832	0.01039616535841462	0.1726360215680848	0.1703341101895648	0.1016335518178204	0.01005991037199573	0.01018672234070758	0.01002411167078716	0.02417726672387012	0.1614032159662918	0.01276880062787995	0.01046191539246177	0.01016967726927599	0.01032115468069152	0.01006400131448303	0.01003180230427741	0.01032765188659745	0.04937118454453395	0.01011781274564666	0.0100831150252143	0.01019430733871285	0.01060896287582977	0.01008439084840949	0.01019584943697237	0.13177772983111	0.2099794936181769	0.2465427515866074	0.3333902358190665	0.01106955699625746	0.01023425872207819	0.01012559383178492	0.2983296943168612	0.2263676459886112	0.1790322039902656	0.1659880471108916	0.135637876325222	0.117885101221001	0.01011632423867318	0.01059521235386189	0.01155273843408592	0.01361570881137132	0.01045176951985993	0.01013986578125768	0.0101257415422388	0.01047707316274614	0.0102917222713757	0.01022773919797971	0.423351496223932	0.09373361155686771	0.01006383267807727	0.1757950667375399	0.180852717443816	0.315354924165301	0.2156828601832509	-1.810749323290263	-8.336174019511018	3.320978873526965e-11	1.254833944492439e-10
0.5894396087122636	-0.2643297904133034	-0.2037386334903964	0.1048700903323108	2.976669946867524	0.9311989221385318	0.007683130471542514	0.7633257903442149	0.3612384592926267	-0.1349266359965307	0.2633434727686226	-0.00541651130838741	0.4507561639617485	0.1653101432016357	0.1781906342040973	-0.1238635061701114	1.369226575263166	1.369226575263214	0.5682307309417468	0.5682307309416215	0.2181203493089826	-0.061360877113402	2.487867065969437	0.2928257647794914	-0.05803460218267458	2.654192951814151	0.2478256705809129	0.1910076080627107	0.443061107487117	0.508627157528119	0.3563614696386074	0.3096238135937204	1.64779614559231	1.87806716646092	0.5079054098297737	-0.351933515249157	0.7548288563288094	-1.117305097210265	3.189102389919062	2.065643559194848	-0.005122721003662649	-0.2443986309516068	4.683878586693615	-0.2459318701431046	-1.309440433972196	-3.079789793482323	-1.075108677639467	3.39812020012151	-0.2852722305468919	0.7114491083226339	-3.175181888678195	1.632234034835045	1.63223403470781	-1.44671117282581	-1.446711172484045	2.494544976460416	-1.763300497841517	-3.605516026229687	3.231136603736271	0.2378201334976806	4.4550614557211	2.580548875019415	-2.432374755357604	6.771299857587389	6.931674814529972	3.249505274943035	1.119674413345104	-0.05898191155005779	-0.1406680649912885	1.059261915121978	-5.671644052920304	0.1606700172557696	0.1679898360659727	0.01033743163270409	0.0101545550855725	0.09771112259053381	0.130133491450298	0.01009235992889143	0.042742747675095	0.09927723179034793	0.07438908996671187	0.0539833549329656	0.01952060182136993	0.01010483570411783	0.01004607859747066	0.01007845120998552	0.01006007491751306	0.01012928977867718	0.01011667465372803	0.01016920326889273	0.01017787361267669	0.01042223356771954	0.0104028481839739	0.0105105041154898	0.05441581400323262	0.1287869672893119	0.01048876364950739	0.01023917306511546	0.01039798325831404	0.1795348827601274	0.1720814999159628	0.1050936994832719	0.01006096371362319	0.01019136106059888	0.01002330385911216	0.02692227797099951	0.1631884218526012	0.0122102627832184	0.01821940063844309	0.02429798342254249	0.01971529339126216	0.01006749750917269	0.01003372559962976	0.01035220114794844	0.05524704674236188	0.01012184390727326	0.01008568204788418	0.01023606937298661	0.01091140879086782	0.01008704476696904	0.01020100878772695	0.1264901187346378	0.1999229315009868	0.2381012982445103	0.318232908955062	0.02162933413085132	0.01024944724193071	0.01012653683947061	0.2952805998934989	0.2270887092571198	0.1806799854453258	0.1638058899511665	0.13587952064354	0.1182219937974626	0.010123926149898	0.01415661464738628	0.01437498771824635	0.02657600526238107	0.01044507246674594	0.01014584277601131	0.01035335670537826	0.01052495777993238	0.04035477329993528	0.01125091905099906	0.4162147883928096	0.09508842584794558	0.0100635590017543	0.1723746581827714	0.1705335991305338	0.2917966387373556	0.2020038798774634	0.0840703349018691	0.1239565886970017	-0.161743748139641	-0.03086603881737276	-0.04580873471789907	0.04118829363674125	0.08585405853293822	0.0008343937952395607	-0.01847120004146323	0.02441926301731143	0.02536900827767353	0.0903329285747326	0.0004911839897735386	0.1443866915048195	0.1466597607577098	0.01042823633651963	0.01019703870328127	0.09355470149985616	0.1183622209646403	0.01010910143427193	0.0244856720825922	0.096775225096011	0.07347890596541917	0.05218569928950035	0.02160744087036499	0.01009092954053413	0.01004005503966175	0.01009804164367675	0.01007652180342723	0.01016581631482548	0.01014384606200021	0.01020659734660611	0.0102204497891078	0.01050811439189579	0.01047981767689999	0.01061759247857764	0.03388711829514737	0.1090601889476053	0.01038336508493906	0.01016870985765705	0.01048769634070745	0.1560571765133357	0.156461500022725	0.08784701248790566	0.01006869055393383	0.01021520862506682	0.01002472102636529	0.01856288366255491	0.160935744703195	0.01257302393493708	0.03704559158895446	0.05862992665989393	0.04246218349393738	0.01006167009900743	0.01003060790945312	0.01028244460398611	0.03006445265970296	0.01010909713835168	0.01008048264913314	0.01015591465706458	0.01056381283173419	0.01007256837230759	0.01017180678023347	0.1387882997240761	0.2205581499128171	0.256998832772264	0.3464646475634203	0.01069235214407173	0.01019666756905885	0.01011220050793883	0.2919165111561645	0.2190302069131729	0.1691203396448931	0.1622209828917073	0.1293497318454478	0.1098114710716515	0.01010843561072313	0.01966581199930831	0.01108304746268798	0.01199842770839449	0.01041405038850045	0.01015597896662332	0.01092651490186023	0.01054895364449868	0.01018610965565081	0.01018760452134546	0.4273059010036527	0.09601279310070879	0.01005940364618482	0.185227772744813	0.1827712156947776	0.3165704821706745	0.2181939489539457	-3.054494038873826	-8.127550876314718	-2.709597699554813e-11	1.541678614944089e-10
0.5969008695820391	-0.259210306032444	-0.2113824697266289	0.1272495366131609	2.992246714122262	0.9311875739067847	0.005941232010918525	0.7975862057664148	0.3593304854170991	-0.1420853854345799	0.2397428376086386	-0.01416548621502481	0.4743341205948268	0.1639227224576288	0.1830251505360421	-0.1462454843043021	1.37931459595206	1.379314595952071	0.5550699253082578	0.5550699253082034	0.2357704300702521	-0.07448406896092581	2.463190381762693	0.3157958600669031	-0.05565497169907913	2.68659048514077	0.2668376997074207	0.1722760016754405	0.4926375281817341	0.5590513005253352	0.381479711123579	0.3187757404958341	1.646015388037702	1.877600335545627	0.5145797456246556	-0.3941603057652822	0.6111266959500687	-0.9415759368806929	2.814193320731796	2.110470094969281	0.002485753334389742	-0.2229305137700353	4.492946137115859	-0.2512678313346557	-0.6148606957105599	-3.225507860415514	-1.274057030188985	2.912826231448391	-0.08001027521558263	0.5909876287194263	-2.832870667107882	1.042801093816801	1.042801093816809	-2.060635382169549	-2.060635382170115	2.228660684209887	-1.748188556734613	-3.015510602647465	2.910646400423775	0.3993569254128806	4.219551757921546	2.521517251509398	-2.58056242413359	6.494310956140088	6.557340160454526	3.474498368087462	1.328341252250581	-0.4365408700747076	0.01043056703443106	0.7458366190615272	-5.5658693163621	0.1504132906275924	0.1549913516324912	0.01041713726954642	0.01019160239606604	0.09595812993588727	0.1225648668132958	0.01010709891864632	0.02958921757905289	0.09799786481349466	0.07375929591668129	0.05277601468028242	0.02078191960392083	0.01009344084858563	0.01004122168317452	0.01009562914127039	0.01007447284034672	0.01015992034266852	0.01013962522042588	0.01020080449359613	0.01021416887166494	0.01049398982940979	0.01046731849493593	0.01060031669459695	0.03977558452730474	0.1163268796225389	0.01043835215066119	0.01020560158893306	0.01047430091060535	0.1655278988355836	0.1620133999463108	0.093379812837009	0.01006782670684616	0.01021297898762532	0.01002424394010872	0.02087288747353747	0.1621023574894862	0.01233845693765197	0.0360681858584548	0.05617346954178619	0.04117288214971796	0.01006368769069603	0.01003170403839958	0.01030110971916043	0.03696521881090164	0.01011235980515116	0.01008210704244297	0.01018166362096925	0.01071424681101634	0.01007566045978411	0.01017798669820735	0.1337875798527397	0.2108914169432319	0.2479577525710391	0.331471451684116	0.01579206300267734	0.01020970611360622	0.01011472696002859	0.2926411319159436	0.2221638011212428	0.1733973899211891	0.1622023994861206	0.1313698089710244	0.1122790042221744	0.01011326110526633	0.01987335381103359	0.01249913936705471	0.01849108043117054	0.01041675166283254	0.0101563071557294	0.01090947320140531	0.01056044192940864	0.02476825791906702	0.01067875817496839	0.4208819883942821	0.09613572791268873	0.01005996141431401	0.1801064423823988	0.1762078869971658	0.3014865377405884	0.2092578716315995	0.08827603193498851	0.122825309754141	-0.1597804587035433	-0.04764467404992893	-0.04373332640560425	0.0443349659226779	0.07710279713339316	-0.0007097117706335562	-0.04760570097233128	0.0289479059038949	0.0179530916920378	0.08109277354029143	-0.001053865849451426	0.1314806615683048	0.131151012234449	0.01052858480117167	0.0102431795778947	0.09425199021439769	0.1095057900378557	0.01012771715834646	0.0115496810042717	0.09634778071523793	0.0727919052949399	0.05109093346516383	0.02218627355606019	0.01007813000398219	0.01003475998755839	0.01011960659388785	0.01009455070737546	0.01020164373509205	0.01017101380315185	0.0102440466519661	0.01026407976525749	0.0105916539075837	0.01055518269404705	0.0107228685669157	0.01896792531219836	0.09532122017895921	0.01039921814578329	0.01017975168911778	0.01057922732300057	0.1394783314585879	0.1425888898558871	0.07406047315799111	0.01007747073586695	0.01024369490942424	0.01002533038193379	0.0129485006012396	0.1604682734401014	0.01237724724200666	0.06362926778547003	0.1070901760505887	0.07460321230722435	0.01005933888353032	0.01002941351462751	0.01023723732137263	0.01075772077486971	0.01010038153105465	0.01007785027305068	0.01011752197541327	0.01051866278763957	0.01006074589619527	0.010147764123488	0.1457988696170455	0.2311368062074669	0.2674549139579169	0.3595390593077614	0.01031514729188356	0.01015907641603663	0.01009880718408832	0.2855033279954637	0.2116927678377365	0.1592084752995224	0.1584539186725244	0.1230615873656758	0.1017378409223024	0.01010054698277288	0.02873641164475539	0.01061335649129204	0.01038114660541841	0.01037633125714246	0.01017209215198961	0.01172728826148135	0.01062083412625234	0.01008049703992275	0.01014746984470965	0.4312603057833789	0.09829197464455172	0.01005497461429505	0.1946604787520815	0.1846897139457341	0.3177860401760315	0.2207050377246353	-5.778915570589402	-7.800025199859028	-5.235465151849717e-11	9.667299762054299e-11
0.6043621304518146	-0.2551150432220683	-0.217985301852204	0.146926225591277	3.008182690643086	0.9312570274961955	0.004353094467160964	0.830003647562952	0.357805109607734	-0.1441684268898594	0.2152357520449923	-0.0246050348665394	0.4940159365130013	0.164032482350934	0.1871925663097987	-0.1662248126582243	1.384113917935867	1.384113917935783	0.5376522771004849	0.5376522771004157	0.2513120612851106	-0.08738307208058002	2.442701360300332	0.336093685116084	-0.05211702296329256	2.717015808008074	0.2855233187250026	0.1516346644890437	0.5396991358498062	0.6061524719619045	0.4081486170168093	0.3298237493556945	1.641240284535038	1.878113951786103	0.5191686407999045	-0.4358725422372746	0.4885911863072274	-0.8403369187535796	2.460947622318672	2.162355919502866	0.01699959491538024	-0.2027133587176067	4.178173764911062	-0.1377788519918896	0.05316338690512379	-3.341480456113172	-1.536438727502456	2.346450539997143	0.1096649313935285	0.5376180562719315	-2.525879761066834	0.2043474626433087	0.2043474626119822	-2.609317058166879	-2.609317058566976	1.932552213489137	-1.70648488431893	-2.488846732820482	2.52038265682282	0.5445610263064496	3.925036903312178	2.490648139120812	-2.948543099713521	6.105892576134448	6.050676148547583	3.658235396510015	1.638416358519822	-0.8342573507816189	0.1184496875244701	0.4894351268501828	-5.564150598668483	0.1386002006418076	0.1403887994304452	0.01538890872881912	0.01033631764489985	0.09491027639133069	0.1141625943083678	0.01013657826351768	0.01992150147729837	0.09745562602212426	0.07301801805747724	0.05274354473311735	0.02052204538148521	0.01008207521586312	0.01003645526145947	0.01011864351421153	0.01009767443373578	0.01419755140815227	0.01016453465879618	0.01023799732909457	0.01026013451310319	0.01056845881807308	0.01053799944516238	0.01071144544405558	0.02792638648155286	0.09861008060575553	0.01042829660295686	0.01019609658814066	0.0105868338036751	0.1466224918041317	0.1492605325244475	0.07588560996482327	0.01007968833297758	0.01025056346503054	0.01002474025982725	0.01645995706693626	0.1614705407810662	0.0121071604640415	0.05704501219047241	0.09194179168399462	0.06628266253505999	0.01006210505271204	0.01003087958508446	0.01025850688831273	0.023176522213319	0.01010460150483073	0.01008015028435129	0.01014105699147487	0.01060591951337674	0.01006506293554983	0.01015637930128236	0.1399742470184464	0.22034526678229	0.2588923282789332	0.345418669478614	0.01282151966121695	0.01017499649383137	0.01010301828877594	0.2868966423998597	0.2146513380389529	0.162957285855925	0.1592203483314701	0.1254516693815938	0.1041341150982517	0.01010570227037746	0.03766418178393933	0.01144521899304939	0.01411380367021563	0.0103925863512014	0.0101668670453764	0.0335385532343909	0.01060539359628047	0.01694549307076661	0.01038634427337781	0.4245184462582797	0.09798929339234305	0.01005570161100185	0.1877764004375196	0.178603986228567	0.3053721152588317	0.2125767083077754	0.09142332952668941	0.1195356840290488	-0.1568078335215391	-0.05607891277742624	-0.04064946466806164	0.04588310847208217	0.06753825943501829	-0.0003865284967585961	-0.05711790741363013	0.03061785341345443	-0.0003327930034723308	0.07104614041093733	-0.00342166498463218	0.1174509522743003	0.1143740303929324	0.0271819381310701	0.01063662053388022	0.09333155167154755	0.09992643671765634	0.01018932986153713	0.01109380659907232	0.09728416382461673	0.07178918250474257	0.0540739651044822	0.01871758401927393	0.01006785023947375	0.01003052495616245	0.01015328239532265	0.01013599101378134	0.02379428714689478	0.01019751953879362	0.01029027209527605	0.0103276757641678	0.01066406517726522	0.01063274219551835	0.01087345678030261	0.01540660746912611	0.06408517511928859	0.01043693200504246	0.0101950227355429	0.01076672613766531	0.1080019965945222	0.1248345976706217	0.0428248439412941	0.01009979157794917	0.01031416802970506	0.01002501442400405	0.01234545875247373	0.1608205469187218	0.01152367504344638	0.08841941351355234	0.1476434809398502	0.1045046913682845	0.01006196457548081	0.01003082736566884	0.01021051673468456	0.0105221023267483	0.01009615786915638	0.01007904668323011	0.01009805187944501	0.01051118230664535	0.01005233036476317	0.01013025101592821	0.1489809764156816	0.2360560889502076	0.2823172788652495	0.3771349370966257	0.01024809999123013	0.01013474654921952	0.01008848434976995	0.2709723647377956	0.1971426442411648	0.140831935274225	0.1527528250759834	0.114351639145622	0.08898012233249102	0.0100983421038064	0.07471045169804236	0.0105005403039908	0.01029884630947532	0.01036882592531105	0.01017879364539962	0.08861031601388583	0.01066192345598032	0.01006205856464899	0.01013356567174453	0.4310881955321488	0.1015315002656092	0.0100497469879269	0.2010261272274843	0.1792590831362393	0.3062332869849786	0.2142442086881001	-8.614260323829296	-7.38582426402135	-2.67950437900382e-11	-8.578189608591377e-11
0.61182339132159	-0.2518897806677461	-0.224101720495212	0.1639847304741379	3.024531950348545	0.9314542069113356	0.002917107744586541	0.8596603026537364	0.357570423173866	-0.1413418281050987	0.189911839177359	-0.03727451599188045	0.5091034880596512	0.1655626824569166	0.191219747453325	-0.1839867362715089	1.381777288914081	1.381777288913991	0.5161154607472558	0.5161154607472236	0.264538247549831	-0.09990555379127035	2.425867706139261	0.3532596740269112	-0.04759490674451525	2.744998443526397	0.3040561216235331	0.128333454510972	0.5835332233446656	0.6490813586092349	0.435832559420311	0.343304513785436	1.633703064519411	1.879236657025172	0.5219611407404365	-0.4764304823121069	0.3779220744935806	-0.8111922148724192	2.11238590710889	2.221251152428947	0.03672281574691887	-0.1821463020859008	3.752913922887851	0.0947030171208473	0.7011743086495806	-3.444459406832379	-1.871793127309424	1.68132810985062	0.3007404422543523	0.5533975666843988	-2.238492644335166	-0.8699992025169567	-0.8699992025169507	-3.164783386337488	-3.164783386337314	1.608002864908781	-1.647261537683772	-2.035684976524531	2.07115393584289	0.6631642095378896	3.564786459445108	2.48055470482734	-3.293544544457791	5.629170270348467	5.438954176951992	3.746580132541697	1.980444326080389	-1.176929541990394	0.1736976098350312	0.2643107046238698	-5.256458772050439	0.1255820142391431	0.1245059340577309	0.02668348884049185	0.0106194586380684	0.0939227266223366	0.1051026072783867	0.01018395588651267	0.0151595863048977	0.09762775918151924	0.07214473359328986	0.05426937470220175	0.01850392700191414	0.01007131433008906	0.01003198488127594	0.01014759617863237	0.0101310357962186	0.02343615976146414	0.01019033214996377	0.01028021832014196	0.0103159149176831	0.01064177232414628	0.01061249996343026	0.01084450696143622	0.0203453775967363	0.07374214417304897	0.01044483748334162	0.01020039209897058	0.01074106339553999	0.1214427861640596	0.1340177061300738	0.05086589626252931	0.01009737681381772	0.01030646192746532	0.01002478398210394	0.01411628103171279	0.161275953979893	0.01153013193214882	0.07925368651408303	0.1281843523999315	0.09280672071813421	0.0100628671076674	0.01003130228790758	0.01022474679104458	0.01649050804992317	0.01009881230147056	0.01007995027043485	0.01011222240286159	0.01055370584290093	0.01005568092385458	0.01013705186453354	0.1447460455213257	0.2278274352518937	0.271287803158331	0.3605900690388991	0.01144734055287455	0.01014606681227901	0.0100920814460873	0.2776629827791425	0.2041092633318505	0.1488235320113715	0.1550112572630837	0.1181798645041269	0.09366414857808833	0.01010112610082627	0.06944868140206072	0.01091263836480531	0.0120833795554743	0.01037769672323385	0.01017527743442239	0.08305642412015359	0.01064819189927603	0.01332706338467142	0.01024888234255446	0.4267897497846843	0.1005060170203025	0.01005090253585742	0.1948215153143067	0.1775795147225241	0.3032762615836367	0.2117730697273124	0.09457062711839047	0.1162460583039569	-0.1538352083395372	-0.06451315150492423	-0.03756560293052006	0.04743125102148604	0.05797372173664372	-6.334522288144777e-05	-0.06663011385492894	0.03228780092301514	-0.01861867769898166	0.06099950728158222	-0.005789464119817346	0.1034212429802958	0.09759704855141496	0.04383529146096882	0.01103006148986345	0.09241111312869685	0.09034708339745687	0.0102509425647254	0.01063793219387327	0.09822054693399289	0.07078645971454542	0.05705699674379898	0.0152488944824931	0.01005757047497065	0.01002628992477783	0.0101869581967581	0.01017743132018773	0.03738693055869949	0.01022402527443655	0.01033649753858692	0.01039127176307898	0.01073647644694746	0.01071030169699026	0.01102404499368988	0.01184528962605233	0.03284913005961795	0.01047464586429876	0.01021029378196235	0.01095422495233043	0.07652566173045425	0.1070803054853525	0.01158921472459577	0.01012211242002791	0.01038464114998471	0.01002469846609514	0.01174241690370804	0.1611728203973415	0.0106701028448758	0.1132095592416238	0.1881967858290782	0.1344061704293258	0.01006459026743435	0.01003224121671394	0.01018379614799919	0.01028648387863091	0.01009193420726069	0.01008024309341136	0.01007858178347897	0.01050370182565056	0.01004391483334673	0.01011273790837745	0.1521630832143122	0.2409753716929352	0.2971796437725912	0.3947308148855087	0.01018105269057558	0.01011041668240218	0.01007816151545491	0.2564414014801272	0.1825925206445922	0.1224553952489255	0.1470517314794407	0.1056416909255666	0.07622240374267805	0.01009613722484035	0.1206844917513295	0.01038772411668969	0.01021654601353419	0.01036132059347723	0.01018549513881045	0.1654933437662897	0.01070301278570813	0.01004362008937588	0.01011966149878029	0.4309160852809136	0.1047710258866633	0.01004451936154819	0.2073917757028911	0.1738284523267505	0.2946805337939488	0.2077833796515711	-11.03688881744535	-6.895250882238837	-7.785645718577129e-12	-1.369284584426184e-10
0.6192846521913655	-0.2493610497793225	-0.2302241068775844	0.1784800515512565	3.041346505644766	0.9318216390129372	0.001633030065855452	0.8856312668096691	0.3594647411992887	-0.1337551774109305	0.1637566739794382	-0.05265848078091753	0.5189432899792743	0.1684316646073711	0.1955962665190766	-0.1996688886096709	1.370595411968197	1.37059541196817	0.4904690393317567	0.4904690393315879	0.2752207903382152	-0.1119056458173988	2.412149215013226	0.3668688552875861	-0.04226679402525253	2.770222208450544	0.3226176298989167	0.1017375327393704	0.6233757931223841	0.6869754253554702	0.4636672219198045	0.3599033649622444	1.623893004851159	1.880479951174916	0.5231468038104389	-0.5152937108626161	0.3284177569009137	-0.8320463053503182	1.786592173018946	2.286712241559825	0.06372711694190568	-0.1633065155216938	3.160949623511898	0.4183485833867843	1.32607683259997	-3.59323561179223	-2.250569303585819	0.9635450099987956	0.4381244126380268	0.6265064770980421	-1.972728462292294	-2.152774968668703	-2.152774968651077	-3.705669174286427	-3.705669173981515	1.254793758476	-1.563503758891766	-1.650985069310819	1.575227281134656	0.762282602666651	3.203878749301655	2.498619620733619	-3.837448548606177	5.026273064104428	4.696970215346373	3.672212647209959	2.46271430042265	-1.435384633175813	0.1429706819061629	0.03021630097274797	-5.132864324020066	0.1042179480023329	0.1012907186675635	0.04160311220174327	0.02201463572332771	0.09068259226304869	0.08906142726419274	0.01026422815937005	0.01269363807595594	0.09833234976147134	0.07147666341677839	0.05078764961922766	0.01611121735534254	0.0100624489441676	0.01002833059205099	0.01454643542333591	0.01960534048647661	0.04197048786465554	0.0103624122840886	0.01059545889050227	0.01082490572890542	0.01104550075022762	0.01098830809647634	0.01139004221961699	0.01565849972208724	0.05035867993920493	0.0104754267851117	0.01021178743487248	0.01136187376693909	0.09206167888413271	0.1191230510516709	0.03049886037311194	0.01012202316468394	0.01038052962352023	0.0100249377602094	0.01283435730048022	0.1609229668151447	0.01103443540203366	0.09704804051937574	0.157627334483158	0.1142843958053459	0.01006469401606083	0.01003175842948272	0.01020001140863156	0.01313546062465688	0.01009695037326279	0.01008218602588827	0.01009186463234053	0.01053003583087357	0.01004758473506803	0.01011966837637373	0.1479812425145456	0.233554921389575	0.2824210625593452	0.3740531689177253	0.01075719639654117	0.01012378946723239	0.01008338363286369	0.2644132379866846	0.1902294225446005	0.1306024828656663	0.1498410398794965	0.110755867245683	0.08263054686416811	0.01010053211209795	0.1017130789440852	0.01061137183482376	0.01106873519612073	0.0103690683886873	0.01844011796476386	0.1225605397547809	0.01478170004990881	0.01155041070982757	0.01017792465491937	0.4257724527595184	0.10397265446475	0.0100455884420823	0.2000429975053867	0.1699030285799144	0.2899733609541871	0.2029854205406552	0.09993909092932993	0.1097047380775404	-0.1509478181591686	-0.07373380624443995	-0.02670316298873371	0.04751912885115497	0.01223815183557626	0.001849703669972548	-0.07694257007214632	0.03206600596884681	-0.02321183713555646	0.0169996108520722	-0.005908912581067127	0.05900708644133125	0.05482937187020285	0.06491557415629874	0.04921402368104005	0.08265946730990067	0.05510457759810761	0.01039892224415219	0.01054313137576056	0.09987544692041776	0.07078612640818513	0.03925662448636787	0.01303894465269581	0.01005284937411277	0.01002439919545905	0.02501246010134626	0.04236410310828342	0.07703241299094155	0.01074245881084878	0.01129654934863795	0.01197025415419077	0.01192566159614885	0.01179948240102381	0.01253752246408202	0.01137507785404866	0.02169412190298162	0.01052324391008813	0.01023058115070472	0.01266010782823402	0.04342561131673899	0.09643657359067218	0.01096865460426261	0.01015990077694135	0.0104912765680381	0.01002537310101664	0.01174018726188509	0.1598631914978713	0.01056998283440505	0.1187398118976887	0.1985420678327399	0.1416897480509943	0.01006759277402414	0.01003205985856156	0.01017536730433042	0.01023310976635287	0.01009824718651654	0.01008724111389938	0.01007154334638961	0.01051538679001591	0.0100381669722729	0.01009865134911403	0.1518718092854439	0.2426979976541886	0.302043081073269	0.3997684892312528	0.01016833511502625	0.01010058271868062	0.01007432621913434	0.2328494759726766	0.161128424792895	0.09600073117405444	0.1401004355631356	0.09918138598042828	0.06598857450053892	0.01010326555699075	0.1494125661448666	0.01033189647906241	0.01020419173010152	0.01036219993815852	0.03828192429772729	0.1669908600266902	0.02461061973537007	0.01003866895125497	0.01011697664531791	0.4176734249718749	0.1104988871482194	0.01003829497116644	0.2070836211461892	0.1476429382837339	0.2456871082894729	0.1757637018235848	-12.22925085679628	-6.259080247588015	-5.71642786114881e-14	3.806710541413354e-11
0.626745913061141	-0.2465635115988681	-0.2365496665828923	0.1908464918743814	3.05866742404919	0.9324344140930046	0.0004614462495154327	0.9061180645389061	0.3638919905578022	-0.1216483213020175	0.1358922065053487	-0.07083886918589576	0.5235909783792478	0.1716504017728547	0.2006698714575422	-0.213538248796688	1.349272552112176	1.349272552112159	0.4608787399120484	0.4608787399119474	0.2832529083853106	-0.1231493194584592	2.40109039615048	0.3767425153077106	-0.03626091788512353	2.792918887831616	0.3413976312757577	0.07104033280853503	0.6581736981184124	0.718849283860157	0.4899996789617956	0.3799621479664103	1.612541429733213	1.881122453006733	0.5220644775017362	-0.5526077473176613	0.449976194702711	-0.8656530698093873	1.541736845654842	2.356982396067895	0.1024872974906641	-0.1519921861734463	2.282876479075679	0.7736583251563809	1.91282083761678	-3.902639949745591	-2.621377860144772	0.2895758011446675	0.3944926966587792	0.740252278167486	-1.752571515137439	-3.58830193645293	-3.588301936453277	-4.22194465571516	-4.221944655715242	0.8975533075487376	-1.4445026746827	-1.322756609618266	1.06984294930795	0.8448395143060836	2.887398123150906	2.539122044777497	-4.392897114811643	4.276941774604848	3.825230076636921	3.343912143335994	2.907883238371038	-1.590134622587952	0.01265450232975326	-0.3436265913814846	-4.841195957223395	0.07077112951486265	0.06754773464727565	0.05934819578144076	0.04742073118794427	0.08422880660993218	0.06298062837276279	0.01038219300478011	0.01153334229657285	0.09949462623166452	0.07114352967566505	0.03976567314982706	0.01380911869293217	0.01005589244709876	0.01002565892175232	0.0246094507148703	0.04108669658800129	0.07077108670196579	0.01072722392458383	0.01126914933639576	0.01192799042151542	0.01188534399183592	0.0117602916086316	0.01247234954583777	0.01326456106178889	0.03255471780663514	0.01051603998564633	0.01022813533302664	0.01258425069419115	0.0594961633354649	0.105945661640151	0.02016231272847836	0.01015398947154924	0.01047271996754368	0.01002538175685904	0.01225935214465185	0.1601438825979632	0.01075837060917884	0.1085217645581492	0.1776238405469994	0.1285162762753068	0.01006717590569768	0.0100318593636687	0.01018435807246061	0.01159285036688168	0.01009964283826257	0.01008707498702125	0.01007892676980764	0.01052604624533357	0.0100407968579892	0.01010412107855774	0.1496115060395124	0.2376066245500453	0.2909919247095462	0.3843110448216264	0.01044328527066522	0.01010844346840468	0.01007739477821812	0.2468289699751002	0.1728290603257501	0.1080548183637969	0.1438305477017562	0.1037158410507031	0.07181279023246082	0.01010424034400376	0.1308870000407981	0.01044657745315771	0.01060994219750954	0.01036573421936671	0.03725488239488107	0.1425251695072293	0.02422800210552953	0.01075344049753667	0.0101449899225694	0.420388924235523	0.1085014307231054	0.01003976709963075	0.2028855758215708	0.1539084114588521	0.2623590369746199	0.1841267085923013	0.1053075547402675	0.1031634178511223	-0.1480604279787997	-0.0829544609839558	-0.01584072304694611	0.04760700668082483	-0.0334974180654925	0.003762752562821636	-0.08725502628936357	0.03184421101467799	-0.02780499657213232	-0.02700028557743769	-0.006028361042311536	0.01459292990236745	0.01206169518899134	0.08599585685162912	0.08739798587221904	0.07290782149110425	0.01986207179875854	0.01054690192357939	0.0104483305576475	0.1015303469068402	0.07078579310182405	0.02145625222893804	0.01082899482289426	0.01004812827324933	0.010022508466127	0.03983796200593542	0.07455077489638036	0.1166778954231812	0.01126089234726248	0.01225660115868881	0.01354923654530169	0.01311484674534969	0.01288866310505697	0.01405099993447367	0.01090486608204503	0.01053911374634605	0.01057184195587545	0.0102508685194432	0.01436599070413695	0.010325560903025	0.08579284169599304	0.01034809448393007	0.01019768913385752	0.01059791198609199	0.0100260477359249	0.01173795762006248	0.1585535625984031	0.01046986282394092	0.1242700645537579	0.2088873498364177	0.1489733256726717	0.01007059528061228	0.01003187850040732	0.01016693846066153	0.01017973565407417	0.01010456016577271	0.01009423913438692	0.01006450490929824	0.01052707175438018	0.01003241911118344	0.01008456478984243	0.1515805353565783	0.2444206236154492	0.3069065183739521	0.4048061635769976	0.01015561753947729	0.01009074875495924	0.01007049092281379	0.209257550465228	0.1396643289411986	0.06954606709918267	0.1331491396468308	0.09272108103528989	0.05575474525839996	0.01011039388914058	0.1781406405384029	0.01027606884143433	0.01019183744666632	0.01036307928284011	0.06637835345664166	0.1684883762870918	0.03851822668502944	0.01003371781312944	0.0101142917918546	0.404430764662828	0.1162267484097751	0.01003207058079053	0.2067754665894891	0.1214574242407076	0.1966936827849805	0.1437440239955822	-12.04894464141315	-5.463961862091094	7.034163366905815e-12	1.357163906211935e-10
0.6342071739309165	-0.2421527269889476	-0.2431137565967615	0.2018547302745669	3.076516737239348	0.9333732680595797	-0.0006686217683775074	0.9189692105482186	0.3708831041809209	-0.1053862759007897	0.1051384122688815	-0.09163849938322079	0.5235911000489094	0.1737964052523461	0.206694511345833	-0.2260647563800968	1.316841982819882	1.316841982819839	0.4277314249040582	0.4277314249038994	0.2887074556500324	-0.1333838256195117	2.392323922502388	0.3829300676024893	-0.02972139232748725	2.813423324104275	0.3604494418165722	0.03527833964462355	0.6870269870319666	0.7439419831053176	0.5127813221512718	0.4035138646442584	1.60046104757794	1.88047781757521	0.517316184132978	-0.5887863115173904	0.7302206616990223	-0.889299587839693	1.441436872878958	2.425225672128787	0.1472116139428831	-0.1539144583922269	1.160914314024164	1.066578383083364	2.435922740674564	-4.311534719945546	-2.928511320748217	-0.2547371680424032	0.1864709053388814	0.8646816088239853	-1.636803166592835	-5.103013809913286	-5.103013809879327	-4.621555108508742	-4.621555108444481	0.5669143769467037	-1.294023837883104	-1.031433323779264	0.5918881361581433	0.903604768457724	2.615403853346382	2.552715292444558	-5.200093286390042	3.451326386292718	2.898832504937184	2.730409276958304	3.381754926253743	-1.623777087408616	-0.1931170329536548	-0.9726609751959467	-4.843721025127749	0.04201938501264408	0.0393637061311518	0.07190428483028287	0.07018684057183122	0.07086829387190823	0.03986529103249838	0.0104618404763278	0.0109409863772395	0.1012913014072416	0.07110488257737087	0.02870444407439658	0.01213027737904263	0.01005173467323487	0.01002414198507581	0.04808166771000248	0.07018807396542362	0.09038592173739299	0.031639827465275	0.02713482167766254	0.02597994110981168	0.02348003806150502	0.02298957956637858	0.02043030464049176	0.01194334365860299	0.02092509409672837	0.010615151565962	0.01026399797312712	0.01959651891666959	0.0344577345559243	0.08952721058954849	0.01488809231225282	0.0101916999389445	0.01052899460728057	0.01002672498733882	0.01691109515929212	0.1586964198090203	0.01057525837216586	0.1159976292059991	0.1915942162446705	0.1382043411575905	0.01019920027319774	0.01021454499639165	0.01017476862482737	0.01082421560999119	0.01011330992877044	0.01013081299926027	0.01007248737402731	0.01304638551291829	0.01003495280016309	0.01008890221431083	0.1498076564330956	0.239259959535838	0.3014617047412111	0.3955742469185605	0.01029350150495692	0.01009966979976615	0.0100737465230759	0.2247914306488948	0.1524648509733965	0.08445023796403388	0.1371752507701492	0.0994642728566805	0.06659685460705943	0.01014083707431012	0.1560723943784752	0.01085260744422018	0.02333223944699707	0.01055622532194563	0.0689006495798765	0.1559341183129189	0.04047278041779492	0.01036419601110746	0.01013447932343237	0.4093567314884824	0.1137791850757973	0.01003390433918247	0.1992157515934298	0.1259465605825047	0.2158900628703704	0.1510581307432952	0.1128246503644801	0.08315611293028818	-0.1410224559717077	-0.09150420663086589	0.01054740763246576	0.04750287121319451	-0.0574471490479336	0.006334520480496902	-0.09661306408710094	0.02839412978315554	-0.02975777634161748	-0.05325440344282623	-0.005798111072856271	0.01241304238656675	0.01114070911557475	0.08335547169868918	0.09712631159055175	0.04325450853310062	0.01509997203283483	0.01051401490478864	0.01043359950567634	0.1048041944678859	0.07130103699445187	0.01608000724216868	0.01059518061631424	0.010048327286527	0.01002316282890939	0.09512575207709491	0.1193831771582022	0.1060256766266912	0.08255028337283925	0.06500458092001984	0.05885545436984608	0.05058188736557322	0.04926438918660982	0.03833759321963952	0.01075031698625659	0.01041691355817136	0.0108040054829219	0.01033015036867692	0.03503039837584834	0.01022161550934706	0.05899848340118364	0.01028557046810288	0.0102448113752885	0.01055856443166902	0.01002935481815253	0.02851292910195979	0.1553693493765363	0.01038016086918802	0.124850796111302	0.211577285511643	0.1506891018449267	0.01050927760937911	0.01064751156722932	0.01016649798708118	0.01017018798804861	0.01014161789681455	0.01022852257539034	0.01006919895572345	0.01904894490342707	0.01002805953165073	0.01006906915079729	0.1487391692795696	0.2393200722784986	0.3281580963569694	0.4250990078966048	0.01017706431604035	0.01009356506411956	0.01007083189355044	0.1775737809281167	0.1145546204531094	0.04876337877061843	0.1254154492745053	0.09636126706292865	0.06581850043327081	0.01022246415851262	0.1948113003714654	0.01195787141551001	0.05449342759239526	0.01101032453247183	0.1282224443805913	0.1763186565203614	0.06940675183234099	0.01003799518530892	0.01013504968178545	0.3758319525813437	0.1229170900494648	0.01002640134089786	0.1831261049818688	0.06592173785530892	0.1034050401125345	0.07700325714382575	-10.96881162508154	-4.469939086869551	1.281136131137344e-11	7.383897611326634e-11
0.641668434800692	-0.2356984031028098	-0.2497522181473818	0.2128398860245065	3.094823257963423	0.934601904170385	-0.001879972085419607	0.9234272925590188	0.3793045474401489	-0.08545217228431526	0.07199221278971496	-0.1141594641955867	0.5203090510303015	0.1745184459865168	0.2134242028259317	-0.2384354666827157	1.273148646564798	1.27314864656478	0.3925354258823288	0.3925354258822765	0.2917480622881767	-0.1423871150858102	2.385634254083013	0.385621987956001	-0.02284376050987216	2.832045245720166	0.3792663919239805	-0.006661807456583201	0.7095882851195544	0.7620763480065121	0.5302618914100248	0.4300768548817034	1.588672442107788	1.878126245578049	0.5069007666025782	-0.6246974070028013	0.9977493693560985	-0.8855884498539283	1.535549513871013	2.479537428479409	0.1801637521980114	-0.1737800048228917	0.03310552299382701	1.157059913181097	2.897120482715998	-4.543927068667553	-3.082783684699495	-0.5902140206240843	0.01279776021228163	0.9292422096455112	-1.710809865931397	-6.607300242001162	-6.607300242001461	-4.771096882253722	-4.771096882253971	0.2504936030325391	-1.114473550465359	-0.7660664562579989	0.1328345795866571	0.9354693060919249	2.382787792580816	2.476167422222969	-6.048958748753013	2.590366023453212	1.960040139656376	1.922952863229575	3.715058757081183	-1.51192352929373	-0.4448919084562912	-1.862706077357504	-4.769500644538984	0.02615508341090798	0.02453464950039978	0.07662688662695209	0.08569528713527549	0.04883645037264069	0.02571672557636425	0.01047882468196099	0.01066941016463112	0.1037921384544239	0.07134462925216928	0.02052276187893951	0.011249253836225	0.01005000433266547	0.01002383488327915	0.08671289014511771	0.1057164840578548	0.09472515943381157	0.07772156355703967	0.06184745362234442	0.05612347593959797	0.04856158993695845	0.04735466045151671	0.03705111559982691	0.0112672783942744	0.01538690714649726	0.01078828595800777	0.0103240388933955	0.03388557955678616	0.02186566275956449	0.06751380994433127	0.01245094781668641	0.0102346501087321	0.01053203306686023	0.01002916245578449	0.02811491153470913	0.1564702189505215	0.01044408816423944	0.120161384403597	0.2005336651548518	0.1441427715595098	0.01050194689852702	0.01063820451670952	0.01017027539453331	0.01047702922516974	0.01014000729884014	0.01022498365412728	0.01007225086097503	0.01885935147968038	0.01002993581288865	0.01007352872184013	0.1486325582972028	0.2381453040005749	0.3159957977452401	0.4100224560700105	0.01023904530120363	0.01009735299931658	0.01007232082416385	0.198182492441278	0.12940521291211	0.06142112923558319	0.1299658585959696	0.09899429760499207	0.06905947052455856	0.0102194720423146	0.1767456212253375	0.01196721367115636	0.05246354451181851	0.01100077332594547	0.1137500829459424	0.166649571205894	0.06384616053799051	0.01019385432067942	0.01014138753547319	0.3918960950887073	0.1196834278857295	0.01002814934307008	0.1869473197226354	0.08353878937283248	0.1463282773703988	0.1006803430007377	0.1203417459886946	0.06314880800945286	-0.1339844839646156	-0.100053952277775	0.03693553831187758	0.04739873574556301	-0.08139688003037314	0.008906288398177909	-0.1059711018848385	0.02494404855163352	-0.03171055611110182	-0.07950852130821469	-0.005567861103405286	0.01023315487076382	0.01021972304215746	0.0807150865457498	0.1068546373088841	0.0136011955750987	0.01033787226690956	0.01048112788599896	0.01041886845370512	0.1080780420289332	0.07181628088707862	0.01070376225540341	0.01036136640973517	0.01004852629981159	0.01002381719170684	0.1504135421482552	0.1642155794200236	0.09537345783020371	0.1538396743984159	0.1177525606813512	0.1041616721943905	0.08804892798579754	0.08564011526816329	0.06262418650480572	0.01059576789046863	0.01029471336999561	0.01103616900997242	0.01040943221791782	0.05569480604755991	0.01011767011566791	0.0322041251063731	0.01022304645227529	0.01029193361671774	0.01051921687724632	0.01003266190039891	0.04528790058385701	0.1521851361546669	0.01029045891443142	0.1254315276688447	0.214267221186863	0.1524048780171787	0.01094795993815087	0.01126314463405502	0.01016605751350047	0.01016064032202301	0.01017867562785595	0.01036280601639537	0.01007389300214897	0.02757081805247462	0.01002369995213416	0.01005357351176064	0.1458978032025598	0.2342195209415444	0.3494096743399863	0.4453918522162018	0.01019851109260304	0.01009638137327928	0.01007117286428632	0.1458900113910021	0.08944491196501959	0.02798069044205539	0.1176817589021799	0.1000014530905683	0.07588225560814175	0.01033453442788389	0.211481960204528	0.01363967398958449	0.09879501773812363	0.01165756978210333	0.190066535304541	0.1841489367536307	0.1002952769796533	0.01004227255749021	0.0101558075717167	0.3472331404998721	0.1296074316891555	0.01002073210100448	0.1594767433742507	0.01038605146992265	0.01011639744010759	0.01026249029209041	-9.338708273129738	-3.191649788515926	1.461770933832933e-11	1.756388650270735e-11
0.6491296956704675	-0.2276922645565277	-0.2561244089384396	0.2253291105920632	3.113454475463348	0.935991339293996	-0.003314865136347679	0.9199644911668632	0.3872941964432892	-0.06219979999825333	0.03844368894742634	-0.1369420614087215	0.5156095985608012	0.1745026035030679	0.2201375968716073	-0.2522146696828872	1.218530216219942	1.218530216219941	0.3576898738174217	0.3576898738173154	0.2924356853527137	-0.149940434004017	2.380809815155277	0.3849440553724492	-0.01585860450302392	2.849055296366746	0.3971550672201723	-0.05559396723960706	0.725644741424508	0.7732547898641006	0.541104228949352	0.4589464518608818	1.578260761715025	1.873700383521507	0.4890145575588522	-0.6610377377168357	1.127453006387394	-0.7808666384811342	1.815062891970311	2.511502581835242	0.1881160841097682	-0.2117989783564146	-0.9477444049906334	0.9399760609629646	3.370061903978644	-4.416016872696667	-2.95469945088829	-0.6208954428020627	-0.009852471187597786	0.8193572474586021	-1.983057213419898	-7.985572807049564	-7.985572807046224	-4.522335115136003	-4.522335115239243	-0.06403176932279493	-0.9021353459585629	-0.5318917049831297	-0.3062872883510694	0.9255545905855876	2.179383049515601	2.315038382763282	-7.025639674585286	1.715568151491486	1.05280296695277	0.9202460821344289	3.93351362987146	-1.256981821690342	-0.7512105160210026	-2.918585847623757	-4.915842769203735	0.01767977552678969	0.01689701685540495	0.0813862129247363	0.09914422819581779	0.03029896817917804	0.01751924210703346	0.02318246835219322	0.0105310590059439	0.1059316976056601	0.0716291873082671	0.01523891258254486	0.01075430975711696	0.01004941338034993	0.01002418733495478	0.1198795899897616	0.1364060449388003	0.09784834206244014	0.1179432721237494	0.09262109561016302	0.08299736218245971	0.07151529888831683	0.06952103121876303	0.0518128252511104	0.01089722894795065	0.01262366905320009	0.01283548672361512	0.01108114278712957	0.04685534267317077	0.01558063866597788	0.04680856773924245	0.01123617561204011	0.03156961850986911	0.0166682461566029	0.0100321229627287	0.03961381508620086	0.1548370642260106	0.01034633267386857	0.1223781966697146	0.2061007723065772	0.1476774924516241	0.04232316422484395	0.05885356339415326	0.0103060284746256	0.01034404511397027	0.02850196087136685	0.03509788557860968	0.01007701510052296	0.02756182786187589	0.01002492739108136	0.01005788048964022	0.1470580112748934	0.2402688348200122	0.2946636115705098	0.3817751608707468	0.01025524582271205	0.01011607645466124	0.01009955548708314	0.1602401455120867	0.1010777995560994	0.04235430964205349	0.120983969046981	0.1006291827631159	0.07654839313129566	0.03011628768910682	0.1896776130202669	0.0402822352846669	0.09984871075701442	0.02892996383486607	0.1492557040654321	0.1676624342590298	0.07880992536897467	0.01011219515258803	0.01015693149398887	0.3432615451085816	0.1239923613738307	0.01002291224530055	0.1577989966809112	0.04738072327990125	0.08369370819532776	0.05690663897999987	0.1244894413470997	-0.004869315806433666	-0.1221594280598384	-0.1081511896540583	0.04591381930779975	0.04613066067229976	-0.09572101120328125	0.01108849450572789	-0.1142210703538964	0.00673825036956223	-0.0312474687714771	-0.09225164890147836	-0.006365806783662202	0.01017389682825486	0.01016296697376518	0.09123061599310335	0.119776864692839	0.01224137464832088	0.01025776281470078	0.05393792504341261	0.01041073276916544	0.1085782035363401	0.07201303354318145	0.01060621414045134	0.01031557447326289	0.01004923995079952	0.01002503710799786	0.162381952659366	0.1791167088208297	0.1063426201854616	0.169093124099845	0.130483110619092	0.1156454621751912	0.09955170203142719	0.09626796260611238	0.06842109478202904	0.01057542742505672	0.01023305480061138	0.01750593385598056	0.01280770482445146	0.06171797913784857	0.0100914028362825	0.0212702754116173	0.01019310066223286	0.08388636792223644	0.03137996486032685	0.01003623290099228	0.05420283966364329	0.1532566746704076	0.01024201422773873	0.124600807352422	0.2134684694575092	0.1517826776354815	0.1214784591570433	0.182176074826401	0.01063137424491717	0.01029124757626185	0.0733046214333711	0.0963898044773699	0.0100869418176353	0.0416703790199583	0.01001823656865234	0.01003736394708327	0.1443961035262125	0.2514071538001343	0.1798160148854775	0.2277488058895722	0.01032730097410463	0.01016125584941213	0.01016504851210158	0.07816840687038432	0.05006576966744841	0.02016943893429989	0.1039984219020479	0.1045402068764027	0.09144684107248921	0.07873670143217271	0.2030058295673498	0.109488304243956	0.1928065958059713	0.07222564711430732	0.1928040836437688	0.1557861786847618	0.08881721733740784	0.01004446767109653	0.01018180355024414	0.1786277642442939	0.1285920796703311	0.0100166602619702	0.08476320556778352	0.01024986227684827	0.01007593515906669	0.01017096758094626	-7.542660083047117	-2.130810333187722	6.496932571505543e-12	-2.470539086443078e-11
0.656590956540243	-0.2191851366342159	-0.260783666671265	0.2399678896810853	3.132255242897094	0.9373469938910753	-0.005054785499113403	0.9094870430207738	0.3926658295630557	-0.03464967398932255	0.006583242103345972	-0.1572151155047103	0.5117687278610104	0.1744787433464068	0.2248910164121456	-0.2680326808524987	1.154695018762497	1.154695018762502	0.3257515490093821	0.3257515490094228	0.2908245353345267	-0.1557288638298388	2.377626035383948	0.3811747877647744	-0.009201606494279115	2.864606027635757	0.4137547741168935	-0.1108794083309656	0.7352184593095797	0.7780322725180753	0.5430526315056854	0.4874323973317989	1.570242774825171	1.866770874119369	0.4635440093243647	-0.6972226024104783	1.132040176695595	-0.4264346719378111	2.111740202963189	2.524985493270022	0.171108841513851	-0.2555429446421621	-1.847179022231299	0.4552975892165978	4.049138566046988	-4.091435986949188	-2.410097616977864	-0.3600701397798774	0.01064861393634953	0.4038686728614087	-2.257314861505448	-9.077865813459159	-9.077865813460042	-3.991811099684144	-3.991811099686515	-0.3656953019422146	-0.6413928949101274	-0.326285785125794	-0.695801512340763	0.8475061576895384	1.991615468382785	2.130657883553386	-7.751963487209017	0.8526601502904944	0.2442552842186834	-0.4610771654463717	3.612220507322235	-0.8702910907731209	-1.115997607435673	-3.895697369177184	-4.727827789140314	0.01372397594932868	0.01334529842891046	0.08894121987195887	0.112088432774494	0.02051179090193904	0.01368512511712033	0.05186988816601706	0.01046516685562169	0.10728269396923	0.07186952301436823	0.01277618366318747	0.01050892589101677	0.01004954931271612	0.01002502313333552	0.1418252940450671	0.1587862200943161	0.1047261726507785	0.1445212119117396	0.1134152540240094	0.1013366895244892	0.08800560242650526	0.08520875262602345	0.06162362319043348	0.01072151704337368	0.01134717012892185	0.01731437591220605	0.0127481461529831	0.05595466541082547	0.01268951596918257	0.03058920333665879	0.01067789603214954	0.07898761887912875	0.03072229166370956	0.01003542361156238	0.04953995663967149	0.1544135685158576	0.01027602145791079	0.1231659014114709	0.2089474052952718	0.149319483107422	0.1116960279959935	0.1621538420580142	0.01062521698069246	0.01035781378932328	0.0695158790986633	0.09001968282050621	0.01008639492872318	0.0390128302098897	0.01001966541922974	0.01004191904837492	0.1455133918335899	0.2485181778783303	0.2123883572731034	0.2805309750155127	0.01033414794561094	0.01016050875509212	0.01016391296362037	0.1065340606053239	0.06604752151058649	0.02869589107396448	0.1096702428022244	0.1036541913356386	0.08793758167758944	0.07438133824249536	0.1932311271821164	0.1011992200468628	0.1657072959642046	0.06844692662564086	0.1686308422348355	0.1555935601329309	0.08032680557403489	0.01007724156989186	0.01017829725976221	0.2453898018243382	0.1257989413722988	0.01001832437921066	0.1062596069242024	0.02832237820064193	0.04737500711299512	0.03316653049509554	0.1286371367055014	-0.07288743962231709	-0.1103343721550624	-0.1162484270303414	0.05489210030372091	0.04486258559903743	-0.1100451423761907	0.01327070061327354	-0.1224710388229539	-0.0114675478125091	-0.0307843814318529	-0.1049947764947418	-0.007163752463916651	0.01011463878574505	0.01010621090537193	0.1017461454404559	0.1326990920767935	0.01088155372154029	0.01017765336249149	0.09739472220082773	0.01040259708462639	0.1090783650437463	0.07220978619928337	0.01050866602550716	0.01026978253679403	0.01004995360178056	0.0100262570242785	0.174350363170475	0.1940178382216347	0.1173117825407184	0.1843465738012739	0.1432136605568321	0.1271292521559919	0.1110544760770564	0.106895809944061	0.07421800305925254	0.01055508695964466	0.01017139623122844	0.0239756987019967	0.01520597743099799	0.06774115222813737	0.01006513555689845	0.0103364257168626	0.01016315487219199	0.1574808022277559	0.05224071284340798	0.01003980390156576	0.06311777874343007	0.1543282131861509	0.01019356954105193	0.123770087035999	0.2126697177281573	0.1511604772537854	0.2320089583759328	0.3530890050187545	0.01109669097633262	0.01042185483050021	0.1364305672388862	0.1824168029383423	0.01009999063312114	0.05576993998744322	0.01001277318516343	0.01002115438239936	0.1428944038498655	0.268594786658725	0.01022235543097162	0.01010575956295057	0.01045609085560727	0.01022613032554603	0.01025892415991583	0.01044680234976818	0.01068662736987795	0.01235818742654598	0.09031508490191623	0.1090789606622372	0.1070114265368372	0.1471388684364631	0.1945296989301733	0.2053369344983275	0.2868181738738224	0.132793724446512	0.1955416319829987	0.1274234206158922	0.07733915769516268	0.01004666278470394	0.01020779952877122	0.01002238798871505	0.1275767276515077	0.01001258842293474	0.01004966776131445	0.01011367308376885	0.01003547287801514	0.01007944486979421	-5.901463250254692	-1.565814504414997	1.114626466717486e-12	-5.354748663757908e-11
0.6640522174100185	-0.2110396680924336	-0.2617824808921671	0.2565401070040789	3.151098277476061	0.9384855905094491	-0.007109815370633225	0.8924977552006178	0.3936868136539044	-0.001064008208897315	-0.02247053319798617	-0.1719745273300489	0.5105218523490154	0.1745237464792028	0.2253876867571634	-0.2855258932270346	1.084010568911857	1.084010568911859	0.2985217842209262	0.2985217842211678	0.2870602667832984	-0.1593863501233553	2.37592147882751	0.3747441389544808	-0.003402716260058801	2.878739599094138	0.4288534063202084	-0.1727447603573035	0.7384872902888185	0.7772728995317579	0.5328028706035428	0.5129038471535914	1.565500216237789	1.857551606782265	0.4316106340843115	-0.7364703562460226	1.038086205546853	0.1684179645457462	2.327595498127786	2.523406800312302	0.1306527747118468	-0.2947503689612317	-2.686775446688529	-0.1981301743731572	4.960221328606211	-3.670032802702397	-1.531243300188854	0.01697029752376193	0.002371923500941792	-0.2849525428159172	-2.429171721518493	-9.837866014522136	-9.837866014510144	-3.253380180514982	-3.253380180574097	-0.6369160328959209	-0.3378561843692818	-0.1311129430737087	-1.018182601325871	0.7006734234724603	1.790917531260966	1.900657966414182	-8.565845091319531	0.0356075321361848	-0.4283297952877902	-2.353523610736139	3.236122142896273	-0.3887360636028129	-1.281263341139674	-4.591486720224951	-5.428406923910843	0.01176978342734447	0.01159016701604388	0.09286289634317783	0.1199153491151139	0.01529672691708331	0.0117847374617856	0.07177576893152739	0.01043692888171987	0.1086936119419201	0.07269530166361411	0.01153299965956038	0.01036730675070561	0.01005019505634887	0.0100263241847509	0.1552414528554852	0.1727180846269214	0.107287832497898	0.1605311971444938	0.1263580820024089	0.1130622914140177	0.09804707209714392	0.0946587627053673	0.06681544365194413	0.01060939064117686	0.01071639642010196	0.02558134773539269	0.02455285521186772	0.06120066127850728	0.01126995877032653	0.01992069960644784	0.0104054044145575	0.1141251950252482	0.04029200835483032	0.01003825588355096	0.05742598632192365	0.1557501610166983	0.01021907210059567	0.1225188644015501	0.2091748408262877	0.1491298767384069	0.1678830239018416	0.2430123624648269	0.02390052396696981	0.01045481617782382	0.1087532144480661	0.1363428453993744	0.01037490937545712	0.05935951997788101	0.0100195516458656	0.01003208257716933	0.1282855852161099	0.2290065662651666	0.1254278131425645	0.1710745804414882	0.0103564059963835	0.01017704585734581	0.01022636659627133	0.06032035455117374	0.0380579615777697	0.01975394231509452	0.1013913240628115	0.1073216508020752	0.09835731879260265	0.1157525766304094	0.1974048713569403	0.1502335599943628	0.2166461198166707	0.1009576381560933	0.18436870767783	0.1288701982203735	0.08351741957370178	0.01655425304186862	0.02782567023195188	0.1472027237405083	0.1231153450537233	0.07138582514637573	0.06000143125726942	0.01866500107663974	0.02808224465107815	0.02100766153583505	0.1311716272084708	-0.09453449983133221	-0.09371048020062032	-0.1210037310159417	0.06032292074595551	0.04493322610807229	-0.1168873731564791	0.01468494553200575	-0.1275694254881198	-0.02180488699920919	-0.02946308662848275	-0.1119515188463111	-0.0005163726894853441	0.01010135022250349	0.01009267490220227	0.09317547650754943	0.1257707124299521	0.01067368761192588	0.01016039044326584	0.0864745306202067	0.01042188789262843	0.1113430110513687	0.0746827947212625	0.01045288324883725	0.01022990174291896	0.01005138958537889	0.01002838267787687	0.1698700779259085	0.1878150515483031	0.1040707693501315	0.1773790039956501	0.139951790825926	0.125650277667837	0.1072460928248225	0.1031671769829483	0.07020238416094732	0.0104814338666142	0.010193756412762	0.04024862421681212	0.05121470100241434	0.06525879243326808	0.01006700467077198	0.01042456511993294	0.01018614076579365	0.1479246135122144	0.0463735679823184	0.01004133093368852	0.06680826590799854	0.1601297553370071	0.0101525004424316	0.1200299167952528	0.2067326469270466	0.1469398099731501	0.2386159717547247	0.3518892054610078	0.05569246607928208	0.01063172872091682	0.1633467931907545	0.1946671943259394	0.0110476457349398	0.09863783834166366	0.01002500294515435	0.01002601120179748	0.07655124800886291	0.1394786293052918	0.01011747778617733	0.01005668806433614	0.01030795205665018	0.01016176981804874	0.01029554102962831	0.0103031368376781	0.0104556132474177	0.0113353573535041	0.09341122657836197	0.1135115203609759	0.1120861791581721	0.1726665342291392	0.2105860584104532	0.2094065788255031	0.283224114795898	0.1375887136343328	0.2135222679851744	0.06873044509312853	0.09501383440326995	0.03208701548901576	0.07084435662626964	0.0100136077805134	0.1133856610109784	0.2322121073181798	0.01003190903368329	0.01007113907059849	0.01002240294197014	0.01004979801184946	-4.546693809728187	-1.271932444703516	4.175938236539656e-12	-4.09891058292585e-11
0.671513478279794	-0.2038923887017406	-0.2581254489859345	0.2746586983284098	3.169873441167189	0.9392453205579447	-0.009444848738590974	0.8696926951287159	0.3894628777044399	0.03946904237145419	-0.04778848773305566	-0.1798422251727732	0.5118895547060286	0.1745284251397917	0.2204266530682909	-0.304243397104606	1.008356629238472	1.008356629238462	0.2780054472860684	0.2780054472861316	0.2814157267372942	-0.1607534505804637	2.375662183394977	0.366126565804339	0.001161390414023576	2.891241678519877	0.4418802535389355	-0.2347448630879028	0.7359296833231633	0.7719311478633426	0.5069302266094656	0.5360322431067471	1.564624226733354	1.848755084787885	0.3961107607805672	-0.7727937406874633	0.8644743681105238	0.8215705132304861	2.52624762385313	2.506792619742749	0.0695531984349816	-0.3305982204706241	-3.406103808650668	-0.9506095702506892	5.911393464564214	-3.090044713211008	-0.5627653494294808	0.3407706206970236	-0.0001604103430449975	-1.059075493776913	-2.585487679148523	-10.40994357179035	-10.40994357179046	-2.192268645441112	-2.192268645441193	-0.869704350194532	-0.0274522013424202	0.06111820718006804	-1.282009226547294	0.5165209310348978	1.554292055738813	1.575313412809676	-7.788083576380168	-0.7091235875254028	-0.9840568634830122	-4.648809873108054	2.984162083452313	0.166147428237884	-1.002680206954884	-4.851701489056591	-3.943947037376132	0.01088786592029579	0.0107980341855732	0.090672546228161	0.120751897681601	0.01280470059266685	0.01092481588737532	0.07566137720931047	0.01043515230453008	0.1105074229194835	0.07434482471216101	0.01094727748155543	0.01028230925649808	0.01005128109579471	0.01002808469498783	0.1604542024948185	0.177621546946091	0.1022745239101324	0.1660491489814012	0.1315852565139564	0.1183844377954877	0.1012766247756337	0.09760287634267706	0.06730945868782448	0.0105186576371736	0.0104484831050264	0.03801116498419881	0.04893699536403369	0.06246353914518258	0.0106375740777972	0.0149743214792738	0.01029732381376956	0.1266927511676252	0.04156866953628656	0.01004036088769376	0.06307068701843781	0.1590789675227363	0.01017096255531093	0.1204240933280449	0.2067989473243898	0.147117819107639	0.1989280919897589	0.2847350324128006	0.0534029705928722	0.01061463134593698	0.1401897522139285	0.1646343048726403	0.0110300296890164	0.09028695372228837	0.01002631564178461	0.01003043286818258	0.08700480312818955	0.1616333407202306	0.07107688189615283	0.09880959916165623	0.0102837693618712	0.01014851799540353	0.01027442313167405	0.03499100552513738	0.02373057533603182	0.01503067335096217	0.09850156030940051	0.1113340362047577	0.1060607269099472	0.1475642435460356	0.2066037845082547	0.1764145345918381	0.2424227412093196	0.1188555782351965	0.2007946811058332	0.085730610038696	0.09377390285148121	0.03139135863230386	0.06729853851234004	0.08407150325111537	0.1150150838057128	0.2020597020878417	0.03472018645172344	0.01414577226989698	0.01866867995663228	0.01526099968619382	0.1337061177114408	-0.1161815600403497	-0.07708658824617791	-0.1257590350015431	0.06575374118819083	0.04500386661710694	-0.1237296039367669	0.01609919045073963	-0.1326678121532868	-0.03214222618590917	-0.02814179182511243	-0.1189082611978801	0.006131007084944934	0.01008806165926086	0.01007913889903145	0.08460480757464398	0.1188423327831116	0.01046582150231256	0.01014312752403955	0.07555433903958884	0.01044117870063051	0.1136076570589914	0.07715580324324225	0.01039710047216206	0.01019002094904019	0.01005282556898531	0.01003050833148862	0.1653897926813437	0.1816122648749735	0.09082975615954618	0.1704114341900262	0.1366899210950203	0.1241713031796819	0.1034377095725883	0.09943854402183504	0.06618676526264203	0.01040778077358412	0.01021611659429372	0.0565215497316256	0.08722342457382734	0.06277643263839885	0.0100688737846428	0.01051270452300179	0.01020912665939491	0.1383684247966778	0.04050642312123008	0.01004285796582844	0.0704987530725662	0.165931297487861	0.0101114313438134	0.1162897465545067	0.2007955761259351	0.1427191426925145	0.2452229851335205	0.3506894059032538	0.1002882411822324	0.0108416026113338	0.1902630191426223	0.206917585713539	0.01199530083676312	0.1415057366958834	0.01003723270513127	0.01003086802118574	0.01020809216786197	0.01036247195186109	0.01001260014138227	0.01000761656571872	0.01015981325769219	0.01009740931055086	0.01033215789934258	0.01015947132558721	0.01022459912495673	0.01031252728046024	0.09650736825480739	0.1179440800597139	0.1171609317795061	0.1981942000218149	0.2266424178907323	0.2134762231526786	0.2796300557179714	0.142383702822154	0.2315029039873491	0.01003746957036727	0.1126885111113772	0.05412736819333785	0.1314809137237721	0.01000482757231515	0.0991945943704476	0.4544116262134307	0.01001415030605412	0.01002860505743357	0.01000933300593773	0.01002015115391292	-3.482615991546182	-1.060395425384085	6.808898551255917e-12	-2.862924624926151e-11
0.6789747391495695	-0.1982590071814103	-0.2495771289935738	0.2943393418143994	3.188475231378887	0.9395008782184842	-0.01204731150282707	0.8419315251626029	0.3792441426443979	0.0869744062239645	-0.06807995830626302	-0.1803500107515548	0.5152283114258545	0.1745283581374933	0.2095868444746156	-0.3242222389703306	0.9287808557366647	0.928780855736655	0.2671793257047536	0.2671793257048048	0.2741655196918536	-0.1598219199150445	2.376854539587496	0.3557166266508975	0.004301404586929435	2.901968307663421	0.4522439617551332	-0.2841065270885985	0.7280621842121654	0.7627520159172533	0.4630774100048069	0.5607880455601774	1.567887593452312	1.842760792421987	0.3607835330092105	-0.7853958839045209	0.6466699507399952	1.455662101187447	2.752401499075085	2.479897246268326	-0.000785202440367737	-0.3673943270635401	-4.031268334937008	-1.791868528261973	6.814331586108799	-2.362265418734982	0.4050500096170937	0.5225025422853008	-0.001708953679492839	-1.831288729058524	-2.773808007730334	-10.93164274875622	-10.93164274873808	-0.7301584055043556	-0.7301584055248286	-1.071944393712024	0.2705748460433846	0.2601465628967147	-1.507494581886265	0.3318721439451358	1.333859886274386	1.217208232718515	-5.398361782048084	-1.388152553699572	-1.4727057168597	-7.086280154158985	3.378564390008346	0.6853273112129594	-0.6568351971624709	-4.480615619914003	0.3011438553666459	0.01045532303188699	0.01040745678867162	0.08590614926061557	0.1178843402419352	0.01153469950238554	0.01050312791266162	0.07437851252711834	0.01045062721014825	0.1132082495494943	0.07712500954007298	0.01064413490704934	0.01022565412676409	0.01005192508280508	0.01002976885691098	0.1605729035834655	0.1774033510183642	0.0953527627294698	0.16439384682142	0.1315275237371123	0.1192978828547039	0.09981342822271706	0.09619041185388082	0.06503136578753772	0.01045249920386764	0.01033147097797954	0.04784273230644894	0.06899728748853798	0.0614258953990229	0.01033352618750477	0.01266834717462921	0.0102602873623355	0.1297084691838672	0.03714020680457561	0.01004062920090041	0.06504812009635073	0.1646090754001849	0.01013200833629216	0.1170754360547095	0.2022800340516195	0.1435731051119458	0.2153817187101849	0.3067706432481929	0.07294811651563503	0.01069355778868548	0.1590776065943484	0.1803961045721018	0.01128516389378787	0.1078853428832676	0.02160433054892148	0.01004097427935665	0.04922483673065142	0.09316916650271784	0.04046155750962887	0.05574598652318727	0.01022152676268127	0.01012117637980438	0.01029020028763831	0.02197323809918545	0.01656470227556112	0.01259931049121216	0.09965328049759405	0.1158325434675083	0.1127649831083924	0.1655977948006723	0.2147514946403568	0.1905902273796009	0.2566236217065623	0.1313542564440816	0.212973518151248	0.0626699276522755	0.1001236627915517	0.03705741122430919	0.08317791860807526	0.04751937122183581	0.1129432406676088	0.2772284653009328	0.02174409145852061	0.01192517264675284	0.0140220950658947	0.01243704261218062	0.136466662521164	-0.1116384117447889	-0.07338344642645978	-0.121473845170727	0.05932578034597412	0.04441337252038152	-0.1120973768045276	0.01372548056835411	-0.1282607487885048	-0.02428716848554058	-0.02319323103438766	-0.1076099602080807	0.002085144216433634	0.01009255329634843	0.01007730687152681	0.07747636468157616	0.1108367514358757	0.01044974433011407	0.01015098285094683	0.07091390637742212	0.01048233173344219	0.1186247673592005	0.08246396046139573	0.0103811083252168	0.01016794232957559	0.01005216903593198	0.01003174756661744	0.1566960814498497	0.1732186501676445	0.08493702587077136	0.155194258802955	0.126962220250632	0.1171026024458983	0.09369503585824689	0.0905293839331696	0.05978766622253929	0.01038759552997756	0.01024683756038865	0.05758283708095569	0.09012193027857865	0.05836753989490513	0.01008427387519302	0.01085198698828852	0.01024568576298789	0.1289518181606603	0.02672365028902671	0.01003919224594679	0.06411215524721497	0.1767174484960648	0.01008909522939127	0.1104836126275758	0.1917869986689749	0.1361156691799974	0.2322575012936809	0.3340020140935339	0.08561913581587327	0.01069242403402052	0.175888233814508	0.1958282205915578	0.01108957553665845	0.1148995640196239	0.04954279304450759	0.01006559042075938	0.0101501671202717	0.01020916774523546	0.01001481844296276	0.01000879276003738	0.01017685369466294	0.01009879836538364	0.01027967981928369	0.01022309815881463	0.01033422650620916	0.01069551920457186	0.1047013440520173	0.1236590095823541	0.1232054051897723	0.1797945934399059	0.2258464334242704	0.2060954144005447	0.2763151227761741	0.1493899724992401	0.2286452107929582	0.06135371204355323	0.1023586733106932	0.03211735515763289	0.07146985832241724	0.01000447210921248	0.1201591899727539	0.3203347300300702	0.01001294153527304	0.01003815065714896	0.01001195748746941	0.01002672850095312	-2.921887319562324	-0.9926707043348052	7.771288191059179e-12	-1.704361945972658e-11
0.686436000019345	-0.1942258844278277	-0.2366145264161073	0.3157796518993409	3.206886588822448	0.9392375646298107	-0.01493325648103844	0.8095963381142293	0.3626739318217416	0.141034506892905	-0.08323577897778078	-0.1741202258791528	0.5192137959008601	0.174475295625685	0.1933269186295273	-0.3456944463539467	0.8450617608702606	0.8450617608702613	0.2668041477372069	0.2668041477372126	0.2654461458200185	-0.1568139112775148	2.379568881874828	0.3436442705363949	0.006213867102616569	2.911338225242259	0.4602607019605129	-0.3146303957163562	0.7153882943257464	0.7500100995666442	0.4014791873440854	0.5823736579977682	1.574503721867668	1.838166462045069	0.3312958829166788	-0.7722511517582897	0.435523070173103	2.004824298837165	2.997928384138374	2.455746885922909	-0.06953086746990488	-0.4065859707923791	-4.63217461948343	-2.653130330395114	7.668398595207406	-1.713427545516088	1.243248558633683	0.514126777773059	-0.01436592020055816	-2.511944478273149	-2.985786112632701	-11.52056587506139	-11.52056587506106	0.6091194301387131	0.6091194301387107	-1.263516295116592	0.5291502305238642	0.4690884205580403	-1.727622103765966	0.1874742243325172	1.190623880093999	0.946205798606884	-2.738589743185303	-1.997482448396995	-1.939065532398204	-9.405487428415878	2.134388814226564	1.0648592559027	-0.6274187025644208	-3.286395629274447	2.957534043330711	0.01026581846881057	0.01023310370223903	0.0799379380286085	0.1125798927746211	0.01095902101116437	0.01032030048996013	0.07140880605237224	0.01048039771010221	0.116991116097432	0.08114800925236704	0.01050067039523911	0.01018825273822622	0.01005184446198195	0.01003120510533595	0.1567576336676506	0.1736069267307553	0.08886386331900185	0.156691145817087	0.1269904180910645	0.1164575383609598	0.09433826474607174	0.0911275488342589	0.060644482484263	0.01041192993372806	0.01029670751750625	0.05296633787203653	0.07987578011749163	0.0586611728978091	0.01020723231777123	0.01182117751324454	0.01026423767565234	0.1269487649871099	0.02765758958025761	0.01003870554989914	0.06276631192660868	0.1724190634357221	0.01010230936326344	0.1125507826119422	0.1958241007970961	0.1386166856036471	0.2192616037442291	0.3135180709983185	0.07480132944368982	0.01064552422962121	0.1627472913218357	0.1842285938739946	0.0108945879141613	0.1039395372116931	0.04779070784388028	0.01006498823821988	0.02922840031718561	0.05263665503546688	0.02476330164687271	0.03250967207421129	0.01020343831952616	0.01010983937914806	0.01026796319996527	0.01584532303337764	0.0133292449679246	0.0117198145316507	0.1041839385519014	0.1208745843499079	0.1190976715311842	0.1671480954770687	0.2190917546961442	0.1953033456597897	0.2636141604891284	0.14113621482084	0.218706624152422	0.07626743545717735	0.09837369008208605	0.02783389718789785	0.06046457821131777	0.02830368175120236	0.1216885991597494	0.2638048735578959	0.01560400654921654	0.01093548147269874	0.01191509309959655	0.0111713585817616	0.1392272073308883	-0.1070952634492282	-0.06968030460674114	-0.1171886553399107	0.05289781950375677	0.0438228784236559	-0.100465149672288	0.01135177068596964	-0.1238536854237227	-0.0164321107851728	-0.01824467024366271	-0.09631165921828129	-0.001960718652077816	0.01009704493343681	0.0100754748440236	0.07034792178850663	0.1028311700886387	0.01043366715791468	0.01015883817785409	0.06627347371525041	0.01052348476625401	0.1236418776594097	0.0877721176795481	0.01036511617827506	0.01014586371011417	0.01005151250287318	0.01003298680173785	0.1480023702183544	0.1648250354603132	0.0790442955819939	0.1399770834158837	0.1172345194062438	0.110033901712115	0.0839523621439054	0.08162022384450408	0.0533885671824365	0.01036741028637049	0.01027755852648636	0.05864412443028624	0.09302043598333107	0.05395864715141135	0.0100996739657464	0.01119126945357668	0.01028224486658199	0.1195352115246364	0.01294087745682133	0.01003552652605314	0.05772555742186451	0.1875035995042702	0.0100667591149664	0.1046774787006449	0.1827784212120147	0.1295121956674805	0.2192920174538409	0.3173146222838193	0.07095003044951302	0.01054324545670648	0.1615134484863938	0.1847388554695756	0.01018385023654924	0.08829339134336352	0.08904835338388904	0.01010031282034122	0.01009224207268018	0.01005586353860762	0.01001703674455626	0.01000996895437983	0.01019389413163127	0.01010018742021231	0.01022720173922217	0.01028672499204283	0.01044385388746127	0.01107851112868225	0.1128953198492273	0.1293739391049941	0.1292498786000388	0.1613949868579975	0.2250504489578094	0.1987146056484113	0.2730001898343791	0.1563962421763273	0.2257875175985688	0.1126699545167503	0.09202883551000843	0.01010734212192188	0.01145880292106094	0.01000411664613149	0.1411237855750611	0.1862578338466984	0.0100117327644943	0.01004769625686804	0.01001458196901002	0.01003330584799877	-2.699816004546006	-1.159061586575014	7.422465930609906e-12	-8.188573954756034e-12
0.6938972608891204	-0.1917201384742332	-0.2201580461592884	0.3392054922014761	3.225145923701679	0.9384666499016823	-0.0181184421208911	0.7729398495668801	0.3397792797804207	0.2011819051213949	-0.09410807302803871	-0.1627416207279144	0.5222616254944167	0.1744306985789742	0.1726068141495022	-0.3689603384206027	0.7564862540303098	0.7564862540303019	0.2746616575684906	0.2746616575684974	0.2552759114426257	-0.1520760414836898	2.383861592075418	0.3298655488598129	0.007236688104352239	2.919879382153764	0.4667926978990837	-0.3303651383319334	0.6984223555024515	0.7338071791088574	0.3233893602627118	0.5923418794408795	1.583529373304553	1.83324937498579	0.3142619887018004	-0.7520653729240767	0.2368569474310168	2.391842474888369	3.290713654651986	2.439177713743496	-0.1373277587983164	-0.4477950715905916	-5.182018956269761	-3.495148859665552	8.442761579365895	-1.22423134143541	1.771943459880372	0.2977746491353542	0.002948679782316292	-3.029002019319738	-3.260131009898571	-12.22558138699771	-12.22558138701014	1.426668755681614	1.426668755646139	-1.462530766307732	0.734636241856562	0.6841575617978843	-1.966382803897922	0.09124137071933021	1.103715307182388	0.8522622890782975	-1.511927377403597	-2.539042790678333	-2.398157635584967	-11.45606285888267	0.6607748159483382	1.340559957287047	-0.6548847964656532	-1.099502331950824	2.383199180919247	0.0101722521287597	0.01014494893477653	0.07088467928121941	0.1058754486978464	0.01064974951096181	0.01022903400358271	0.07198762530503304	0.01052868837332098	0.1213977523355221	0.08597719472364188	0.01041098493449923	0.01016370377387362	0.01005060537527617	0.0100316028062061	0.1536140832471883	0.1708432283444734	0.0836523684830536	0.1477965084791698	0.1218637347957488	0.1134538670178224	0.08786006069261007	0.08540057380549547	0.05655310140135016	0.0103771030204162	0.01027956543431613	0.05504732894869361	0.08700951339127694	0.05656125841656482	0.01015089652836605	0.01151867776566961	0.01029000001402457	0.1255007193669861	0.02049067950361369	0.01003519006050994	0.05776865207065222	0.1824848510403519	0.01008093931479185	0.1075907131558033	0.1888696063668476	0.1330733632943878	0.2204524391000357	0.3153737229532261	0.07763887871489321	0.01061047526216696	0.1644985681131301	0.1856295975486659	0.01051505887865965	0.09568575925200414	0.06746016162279102	0.01008740841154296	0.0191063110776834	0.03079078105337429	0.01691422179024574	0.02065769385322585	0.01018691944969331	0.01010013809277018	0.01024029091369734	0.01282615817210312	0.01172980431203324	0.01124124558624031	0.1051494779708742	0.1217520696224148	0.1199996541260092	0.1652420457961113	0.2217311187027191	0.1926057419883359	0.2616202362938677	0.1417805102556387	0.2223593206117413	0.1060572962757983	0.09411295332369478	0.01843826256350092	0.03548546286257508	0.0186099267224694	0.1277352525563376	0.2410427216952079	0.01258992131121349	0.01045812767002229	0.01088637277516005	0.01055678446338874	0.1398527552200629	-0.1105839045010166	-0.06274246903774768	-0.1137627901632838	0.04825160702384923	0.04369882068650656	-0.09008178054237406	0.009995757500191814	-0.1205088037919406	-0.01722384805517969	-0.009658531867145629	-0.08795888344890557	0.002022615507075082	0.01009053570581368	0.0100668265361975	0.05390155496206885	0.09427521155079714	0.01035156071228621	0.01014667137304738	0.07790786120980135	0.01060748606171485	0.1290461147444966	0.09398668033420501	0.01031077019868134	0.01014070082343444	0.01004794485152754	0.01003106622187211	0.1510088763144814	0.1692605545104341	0.07718445275325614	0.1336281236232883	0.114538265750227	0.1099159854874798	0.0781102583017735	0.07714646998574053	0.05172482466483062	0.0103314607870763	0.01025481661407597	0.05576404134834485	0.09596540268884368	0.05491767563081815	0.01010664103487518	0.01132179406042728	0.01033613444679349	0.1273932904397816	0.01508997443784298	0.01002949904354255	0.0486149563615061	0.2030406981029795	0.01005980548749952	0.09954866264909852	0.1764138475787717	0.1235906665362805	0.2246508336916498	0.3193826905998016	0.08877076013984343	0.01061220572579342	0.1712810792799781	0.1899186512636345	0.01020412596369636	0.08490601142651778	0.08478485198452608	0.01011121568902095	0.01009853744431505	0.01006416940190419	0.01001577518438731	0.01000904613717248	0.01015568478523009	0.01008515899160535	0.01020852081949377	0.01020342135926026	0.01030979861425854	0.01063544506979431	0.100539381033396	0.1171223830451492	0.1140125024418668	0.1639464451820844	0.2259157778092716	0.1804008856463676	0.2458974581831108	0.1306146766777053	0.2291672243532749	0.1605728250652232	0.08716997419061165	0.01010757022848335	0.01113023661963554	0.01000373679392236	0.1295015550468459	0.2238533138978315	0.01001135962583428	0.01006193640626503	0.01001733033374259	0.01004194036445146	-2.241859488156569	-1.394474394914416	3.536826813669381e-13	-1.332775753317703e-11
0.7013585217588959	-0.1906807598664275	-0.2011387706016348	0.3650244342772428	3.243292550516284	0.9371850947280977	-0.02162426529294709	0.7324409847683815	0.3103482752661424	0.2668513451410708	-0.1018525001828243	-0.1481985132306863	0.5235816428995396	0.1745273115326287	0.1483220935025673	-0.3944850880016584	0.6625748854578013	0.6625748854577923	0.287042697401963	0.2870426974019703	0.243622939633907	-0.145943884055613	2.389816735399263	0.3142918985724997	0.007643273977631353	2.927881139663405	0.4736882999003043	-0.3376816285732427	0.6776667318551624	0.7143129149217868	0.2315782109497912	0.5940720888222122	1.59430057172716	1.828927075826852	0.3175754546319003	-0.7377337178816169	0.04246153007005178	2.691784678586684	3.639402209323163	2.425535352885706	-0.2064086564524567	-0.4925332490915496	-5.66212822047363	-4.40520751584926	9.148588575729377	-0.8749990415068311	2.091497239073789	0.05098463035042683	0.02348559087206112	-3.467444152783451	-3.591275601829504	-12.95085006436766	-12.95085006436894	1.821657117877258	1.821657117877123	-1.660965856502357	0.9028907171022478	0.9147056299034361	-2.208754888651087	0.02229165246132513	1.046037217995443	1.043670843939489	-0.4820670142297464	-3.013312047891059	-2.821314199331149	-13.08350444710861	-0.07382027992320699	1.532755236535557	-0.4679850866249257	2.167738865838763	1.388329081637569	0.01012716717918964	0.01010107321336482	0.05793462545500319	0.09821688947287706	0.01046676164931949	0.01018181228542384	0.07808518426636091	0.01059685252630316	0.1262433623080253	0.09144977366361084	0.01034096338937191	0.0101499529562209	0.01004806887920633	0.01003070878750971	0.1532206979452753	0.171236627309909	0.08005983827897596	0.1399617678176071	0.1178421678437458	0.1118043832507246	0.08163360976296732	0.08024464477036586	0.05368743329344687	0.01034164875731975	0.01025930400106334	0.05456259052808635	0.09202260652350513	0.05602874962046959	0.01012981977107786	0.01145665231243014	0.01033142509224188	0.1283698089632988	0.01834127732431068	0.01003027489727489	0.05060320777453096	0.1947934325290993	0.01006760048860456	0.1025155222207322	0.1821169271736695	0.1273150744562242	0.2233761446779974	0.3173080818026754	0.08785323432142479	0.01063331384816024	0.1697850235247919	0.188659432279207	0.01035788072614186	0.08970650566706702	0.07451929363515496	0.01010341114323992	0.0143865730116484	0.02001745885223996	0.01329304299048917	0.0150803694414601	0.01015831745697713	0.01008746874368766	0.01021762531710544	0.01142085050381916	0.01094047351306651	0.01078200540031468	0.09971360953589646	0.1164641479109749	0.113295967344716	0.1653052367811544	0.2236258276944733	0.1831548259434992	0.24949258340129	0.1302784072536099	0.2258853337202072	0.1430667289236824	0.08953407525886058	0.01406990032589425	0.02278413923516638	0.01409689009621325	0.125526266805052	0.2424448871234666	0.01123360730620088	0.0102541253201678	0.01042987848810214	0.01028854975133339	0.140478303109237	-0.1140725455528054	-0.05580463346875553	-0.1103369249866566	0.04360539454394182	0.04357476294935794	-0.07969841141246077	0.008639744314411018	-0.117163922160158	-0.01801558532518685	-0.001072393490628937	-0.07960610767952968	0.006005949666229248	0.01008402647819093	0.01005817822837091	0.03745518813563226	0.08571925301295724	0.01026945426665951	0.01013450456824145	0.08954224870435695	0.01069148735717498	0.1344503518295835	0.1002012429888617	0.01025642421908711	0.01013553793675462	0.01004437720018194	0.01002914564200584	0.1540153824106094	0.1736960735605569	0.07532460992452153	0.1272791638306922	0.1118420120942098	0.1097980692628445	0.07226815445964137	0.07267271612697669	0.05006108214722459	0.01029551128778254	0.01023207470166254	0.05288395826640317	0.09891036939435538	0.05587670411022487	0.0101136081040006	0.01145231866727692	0.01039002402700322	0.1352513693549336	0.01723907141886642	0.01002347156103738	0.03950435530114643	0.2185777967016883	0.01005285186003475	0.09441984659755195	0.1700492739455286	0.1176691374050802	0.2300096499294564	0.321450758915785	0.1065914898301732	0.01068116599488095	0.1810487100735621	0.1950984470576938	0.01022440169084495	0.08151863150967162	0.0805213505851631	0.01012211855769881	0.01010483281594944	0.01007247526519972	0.01001451362420732	0.01000812331994433	0.01011747543883136	0.01007013056300241	0.0101898398997677	0.01012011772647753	0.01017574334105647	0.01019237901090825	0.08818344221756344	0.1048708269853045	0.09877512628369488	0.1664979035061715	0.2267811066607317	0.162087165644324	0.2187947265318403	0.1048331111790823	0.2325469311079797	0.2084756956136903	0.08231111287121477	0.01010779833504749	0.01080167031821144	0.01000335694168286	0.1178793245186306	0.2614487939489709	0.01001098648716843	0.01007617655566135	0.0100200786984733	0.01005057488090286	-1.601921114021315	-1.634455906281791	-6.53014210675976e-12	-1.525892180534122e-11
0.7088197826286714	-0.1909819548477007	-0.1799037552145303	0.3935899884800069	3.261343519416436	0.9353951976267416	-0.02548005107864745	0.688460022836515	0.2736522809565246	0.3376928244130441	-0.1076991323872271	-0.1316472870495204	0.5232407388178978	0.1745251880200769	0.120790823283297	-0.422543310814508	0.5633966966125571	0.563396696612535	0.3008914714008615	0.3008914714008482	0.2305422476430032	-0.1386471525071467	2.397587384344468	0.2969862157405819	0.007593622678407803	2.935579460850315	0.4836805807968571	-0.3387485160818772	0.6536390218859535	0.6919136265986207	0.1297767465815895	0.5925931825521751	1.606172941169668	1.826345121761697	0.3501444064386947	-0.7315231506536778	-0.09365183537713841	3.026240234810528	4.016535451906201	2.413257679713561	-0.2703186448205788	-0.5416317488386516	-6.15621229694813	-5.459284182466868	9.815906959617271	-0.7598789791606569	2.35392500612101	-0.1100309143723723	-0.07889897444245675	-3.920493655250838	-3.921235010952304	-13.61625819097464	-13.61625819100838	1.846649369240558	1.846649369289068	-1.83282896433814	1.053357406451487	1.1775399453311	-2.412704633551939	-0.03742685583378113	1.024363142988004	1.732630470234388	0.1355349232791449	-3.41054749657606	-3.156604013604324	-14.04801378042305	-0.2985210424877828	1.631947120476142	-0.249368635393138	6.751818916391848	0.3069659987740938	0.01010071407914435	0.01007508317309081	0.04875609344884715	0.09358119117883891	0.01035175518055779	0.01015211577618931	0.09317060916884601	0.01066662655113978	0.136407285535419	0.1024298274565266	0.01563916074210946	0.01015809852381575	0.0100431779515974	0.0100278166281146	0.1554017519379151	0.1752741133089994	0.08503832725972443	0.1357887442808199	0.1164549974332963	0.1122295262380386	0.07572583240459137	0.07578397779042981	0.05325596569806263	0.01031036743459003	0.01022853464115273	0.05161860172223229	0.08485541257712212	0.05656893316299547	0.01011626111383028	0.01128872015973223	0.01036620190851719	0.1404387147867837	0.02891393113823932	0.01002488372764273	0.04093380953458756	0.2198772904625577	0.01006350544330913	0.100805333721619	0.1806980137686306	0.125285697158304	0.2275190949431863	0.3202454956354882	0.1008943558329974	0.01726361916651782	0.1766519875449119	0.1926085350590075	0.01030842870381805	0.08288201079464497	0.06957016225179589	0.01011917257624175	0.01208422849865631	0.01469596400551567	0.01152069321873448	0.01234478212281826	0.01013668648715319	0.01008040460090691	0.01038377417754267	0.01070848423749248	0.01051675554979188	0.01045261560984766	0.08423810723736613	0.1018037603880863	0.09685960200593795	0.1662831510417649	0.2223827088676959	0.1720360488121808	0.2343450532964272	0.1089845660113871	0.2272657870277313	0.1698994316830733	0.08191655987148921	0.01193927590594396	0.01754741486525423	0.01188614022922286	0.1133314965156846	0.2466303848999739	0.01057124013851987	0.01017558869184144	0.01021173359626854	0.01017172110776983	0.1351474303639581	-0.1177294260798191	-0.02553588795944306	-0.1044054042692949	0.04017701532084187	0.04375394329109849	-0.06181706025659733	0.007395297262164183	-0.1108487470365562	-0.02047006597461916	0.003983829717126467	-0.05468613117353561	0.003649801703568462	0.01007383143757891	0.01004909797796628	0.04165763734085771	0.09076250623381356	0.01024276775870274	0.01012099596428882	0.1262617618009506	0.01075365039653036	0.1608281093505254	0.1268498002595252	0.02837918918491087	0.01018937077032842	0.01003465317438889	0.01002226143388308	0.1617359572778088	0.1865417840457936	0.1030516795796116	0.1335815419402934	0.1173903841343616	0.1152093475370273	0.06715182945769128	0.06974959053743393	0.05516149420744695	0.01027449007568083	0.01017819104419196	0.0452638609993192	0.05849846481337593	0.05813313878378085	0.01009758402378073	0.01089298815065081	0.01040002730474108	0.1720918785784354	0.05586020732122685	0.01001775705465924	0.02518130866028079	0.2866774434366366	0.0100660438663146	0.1026742203274634	0.1863293657270517	0.1272967740057178	0.2365507972567265	0.328282171543514	0.1225737417055891	0.03312562082778901	0.1896924611653945	0.2004772822038095	0.01030196012928142	0.07046641399072005	0.05082307536356094	0.01014099751509165	0.01013566624374596	0.01009245007568044	0.01001546433933463	0.010008453106927	0.01011931958730944	0.0100780560849951	0.01080081387687347	0.0100955605001897	0.0101456895428996	0.01016036256920868	0.04962259693846212	0.06816261969226796	0.06081693176842239	0.1684604780854287	0.2151990039348422	0.1530753924579054	0.205738364696626	0.06623915337927967	0.2263989610482786	0.1995557870983428	0.06646107946563583	0.01013896708445927	0.01473931442883145	0.01000363077606888	0.08294044156989236	0.2453148043741137	0.01001292294337042	0.01013711649988955	0.01003460214355196	0.01009228618109551	-1.228848940646495	-1.74892559710924	-1.208843125688576e-11	5.800718950668981e-12
0.7162810434984469	-0.1916373899370188	-0.1555923453715163	0.4249449512293459	3.279307559326104	0.9331968737624318	-0.02971598336210731	0.640139177328361	0.228462873784635	0.4129616099509874	-0.1142017847662674	-0.1129400107594257	0.5224222010669495	0.1725315264968008	0.0896968600293766	-0.452872514358889	0.4596504814213121	0.4596504814213063	0.313944650066309	0.3139446500662985	0.216459048366404	-0.1302199063072912	2.407527585124225	0.2785471623849556	0.007057520725437281	2.943269530590275	0.5010038088726758	-0.3365626883726293	0.6270234188620554	0.6675999617079946	0.02428160679592624	0.5899767556230551	1.618389200060694	1.824828956692787	0.4211561068720153	-0.7326972023435551	-0.05249295977869063	3.51641593285328	4.387106544177863	2.40223393182651	-0.3158879442574575	-0.5944319775977188	-6.825439261308682	-6.681877105728655	10.33533337531719	-1.050846041812218	2.669429078256135	-0.07704565176680499	-0.5103485809802115	-4.422428329512482	-4.200014734029235	-14.17531505074888	-14.17531505074887	1.608396826893963	1.608396826894059	-1.929689147264556	1.205926536749016	1.496256623136178	-2.512556228499152	-0.1081020333376934	1.043825407488844	3.008740101890278	0.3898272347866491	-3.706999911863658	-3.334465153650882	-14.07359860951635	-0.3787340686790423	1.624935219192142	-0.182299057208614	12.47236412909467	-0.5911269511312571	0.01008331753287584	0.01005851326442228	0.04643224553142216	0.09362154394158344	0.01028591039088573	0.01013143558401644	0.1182419955790964	0.01073215617382958	0.1537815045540456	0.120652176889091	0.02786738981974128	0.01019169347817299	0.01003559406937672	0.01002270010315722	0.1600500472053746	0.1831266840413105	0.1010231621494019	0.1364009395095652	0.1183262757563223	0.1150103385530718	0.07016204706212939	0.07206337973818375	0.05567810925064442	0.01028479837223961	0.01018488853695308	0.04622214280472561	0.06085090455819728	0.05799015055207015	0.01010132860390148	0.01090306063119468	0.01038718184199701	0.1634431027838436	0.05403257230440735	0.01001931234173303	0.0286138605298749	0.261888966747695	0.01006904188386261	0.103873735942389	0.1869424065478973	0.1286616091565494	0.2326347595908672	0.3246605292154013	0.1150965891788521	0.03237350695038127	0.1842377067458246	0.1971524740880057	0.01032970355763724	0.07388082384585846	0.0518873035338552	0.01013667028330402	0.01106907494060468	0.01228348253220268	0.01072899041287654	0.01111596650567913	0.0101281323332448	0.0100816916711332	0.01079744631450717	0.01037811536661668	0.01031191589780889	0.01028862647501451	0.05668795262246263	0.07596641661984753	0.06931824577851167	0.1676948929446177	0.2168222173523351	0.1617058473978711	0.2198402364976948	0.07855847177937153	0.2255244401643486	0.1802667315527105	0.07009151335566219	0.0110021619193733	0.01730791570533334	0.01089583380645579	0.08993748337024263	0.242523999161502	0.01027798617855952	0.01017473548797291	0.01012311374017867	0.01014318495395849	0.1298165576186815	-0.1213863066068331	0.004732857549869731	-0.09847388355193393	0.03674863609774114	0.04393312363283826	-0.04393570910073321	0.006150850209920737	-0.1045335719129551	-0.02292454662405082	0.009040052924882271	-0.02976615466754167	0.001293653740905475	0.0100636363969675	0.01004001772756333	0.04586008654608208	0.09580575945466931	0.01021608125074477	0.01010748736033612	0.1629812748975404	0.010815813435886	0.1872058668714681	0.1534983575301879	0.04650195415073331	0.01024320360390041	0.01002492914860352	0.01001537722577311	0.1694565321450076	0.1993874945310289	0.130778749234698	0.1398839200498951	0.1229387561745133	0.1206206258112096	0.06203550445574107	0.06682646494789096	0.06026190626766937	0.01025346886357894	0.01012430738672431	0.03764376373223492	0.01808656023239651	0.06038957345733652	0.0100815599435641	0.01033365763402502	0.01041003058248006	0.2089323878019329	0.09448134322358638	0.01001204254829389	0.01085826201941608	0.3547770901715833	0.01007923587259682	0.1109285940573746	0.2026094575085744	0.1369244106063557	0.243091944583999	0.3351135841712439	0.1385559935810042	0.05557007566069698	0.1983362122572266	0.2058561173499252	0.01037951856771817	0.05941419647176886	0.02112480014195673	0.0101598764724832	0.01016649967154328	0.01011242488616355	0.01001641505446506	0.01000878289391548	0.01012116373578672	0.01008598160698657	0.01141178785397737	0.010071003273901	0.01011563574474216	0.0101283461275088	0.0110617516593612	0.03145441239923075	0.02285873725315005	0.1704230526646862	0.2036169012089544	0.1440636192714872	0.1926820028614127	0.02764519557947805	0.2202509909885785	0.1906358785829966	0.0506110460600569	0.01017013583386963	0.01867695853945038	0.01000390461046444	0.04800155862115257	0.2291808147992544	0.01001485939957364	0.01019805644411717	0.01004912558862895	0.01013399748128703	-1.120034988747744	-1.735951550390434	-1.60714037421935e-11	2.428866439942526e-11
0.7237423043682224	-0.191283709038042	-0.1257629153504558	0.4593739944924938	3.297156513014867	0.9307237766552616	-0.03443465051860466	0.5857737912524804	0.1711597308926834	0.4931404572938406	-0.1251529438070595	-0.09043305337163519	0.5235915978587901	0.1651857604322501	0.05361791699885757	-0.4853976956269641	0.3532377537124238	0.3532377537124359	0.3245574929619282	0.3245574929619058	0.2021791671641608	-0.1205493097237399	2.420165344990071	0.2600879045484892	0.005745827328398361	2.950994095761539	0.5235956903674247	-0.3333734441385049	0.5990566106077455	0.6432931943091874	-0.07695016420895334	0.5866218663071179	1.629978865282217	1.823947459260539	0.5233783847230357	-0.7387411415311718	0.1353396828574804	4.235434927901335	4.68508494923794	2.388841510617102	-0.3426308794251431	-0.6421971289931602	-7.427321865998893	-8.038741884741805	9.284724630100181	-1.765175706977873	3.103633369268398	0.1730595656993152	-1.32593180742999	-4.999825520289351	-4.40096956929711	-13.1921123195046	-13.19211231948491	1.219502567132525	1.219502567139905	-1.913551698950104	1.369103616059609	1.894502587482584	-2.462558301088118	-0.2246820059865124	1.017576721978464	1.761731305059089	0.4241843653646142	-3.820873393592357	-3.245105029335868	-11.78599730512764	-0.3365809780084323	1.463706809304217	-0.00290624305334356	10.62516386263729	-1.017402181242234	0.01007387315475423	0.01004896617683458	0.04770764125432204	0.09718372844420987	0.01025235757928508	0.01012167311663655	0.135172160536662	0.01081056351004101	0.1726818691221894	0.1380934831016508	0.0440770873988976	0.01026492130736497	0.01003490170761318	0.0100221202012403	0.1655722445844712	0.1909499499795752	0.1157830950369621	0.1472650961950115	0.1282299408365942	0.123906038052787	0.06930101970943454	0.07260525705222309	0.06401332708645925	0.01027768283683326	0.01015080678981648	0.03962365132954841	0.03808377511142035	0.06244397042575586	0.01009117312691903	0.01056250482539287	0.01040614003570543	0.1794162793862931	0.07385951608181562	0.01001803668511076	0.01916244701797094	0.2995037381347639	0.01010912568384983	0.1144242433689868	0.2040392366316523	0.1400052288125311	0.2401099395065223	0.3310934689492055	0.1303580934982986	0.05192337249627922	0.1945685142736525	0.2037668267589191	0.01072190296450397	0.06564914356555165	0.03493837997965003	0.01015343249970771	0.01060317683261195	0.01112355078216638	0.01034310013859626	0.01051575991638171	0.01013353995746689	0.01009188344997263	0.03198797423679518	0.0102121299691126	0.01020920054175272	0.0102110741000434	0.03330083182118848	0.05106670641902173	0.04445374859956579	0.17068984664452	0.2077030138281521	0.1515187894868488	0.2050384294604184	0.05300242146805873	0.221800931561838	0.1812435773442266	0.05627860023103898	0.01056609030980913	0.02752325791101528	0.01041209893224136	0.06456204049044535	0.2358686320014219	0.01013686351214072	0.01020623986012015	0.01009087787462729	0.01015310902036653	0.1179147252681296	-0.1237212619564161	0.03541288699889151	-0.08944953389204681	0.03365895040025753	0.04419454025299943	0.003675989995017221	0.003358680021612472	-0.09455319110824451	-0.02670458136585187	-0.0004808152873509483	0.01964354465172932	0.003866455795836467	0.01006782916638245	0.01004169608392414	0.05150677282313261	0.1056266605589458	0.0102307710794104	0.01011841455105193	0.1484258479572913	0.0109272588674784	0.2054738247322023	0.1636006983362261	0.06958468070968944	0.01039576451275206	0.01004211359234953	0.01002682453153756	0.1754742353500518	0.2033471471226338	0.1340460124771352	0.1785068418251838	0.1544913543234276	0.1460548165923842	0.0737816643170897	0.07851209482789134	0.08251548751446182	0.01028681869275643	0.01012031025459277	0.02981945169020879	0.01418293251172731	0.07237544312094213	0.01008351564550237	0.01022674699015951	0.01043213628316673	0.1926329984888775	0.09303058651853212	0.0100210484862361	0.01067868725452828	0.3609353083100108	0.01019565490355675	0.1397579306853078	0.2490803394213101	0.1682129433041814	0.258086280830076	0.3476913617266225	0.1567435064135188	0.08279257160912926	0.2174661188876358	0.219060093017105	0.01161115597893748	0.05529660627336568	0.01688941850078182	0.01017389824751576	0.0102460553903267	0.01016479954109785	0.01001897878874143	0.01000959302242162	0.01015214079327783	0.010112474755688	0.08354672445885923	0.01007348141850565	0.01012860041344486	0.01016025553299061	0.01069796888381989	0.02112176295626269	0.01710490741501035	0.1782069584156891	0.1871363955334099	0.1337815540273208	0.1765820102454196	0.02619868610830742	0.2131084120659688	0.1755220663305658	0.0354068671700332	0.01022138674662155	0.05145404650692823	0.01000432504921689	0.0292919642514243	0.2232727275213775	0.01002073197090749	0.01026156074800934	0.01007589596275294	0.01018425705609406	-1.487813445045123	-1.668046954058253	-2.332063748296884e-12	1.384503764157666e-11
0.7312035652379979	-0.1897962221390596	-0.09602953265535087	0.4925220349449337	3.315054211390831	0.9281495839840762	-0.03887814008237563	0.5340792118080859	0.1180483878963032	0.5235784677899102	-0.1387601672547862	-0.07050515397787187	0.5217598687394682	0.1547264104978608	0.01879883921549491	-0.5167937285744887	0.2800507794424681	0.2800507794424462	0.3318907222501692	0.3318907222501565	0.1876727112787845	-0.1100458707354268	2.43584597973114	0.2413953592443415	0.003985495143214236	2.958317398764977	0.5081132198694797	-0.3308426591333073	0.5695387325492055	0.6182181018498599	-0.1325584923936971	0.5876993715573262	1.63996306366914	1.825547847828665	0.5154945977184993	-0.7477069626968885	0.2514251100275183	3.490670331139775	4.043732190736833	2.415300004223964	-0.3429867320911085	-0.5206702910165747	-6.109526313975121	-5.558260073778087	-2.997758098855975	-1.762807319131245	1.978109464004875	-0.8815010819971498	-1.344948503280069	-4.084719926222321	-3.89734516026108	-5.269111657599367	-5.269111657597869	0.7292924322500871	0.7292924322501519	-1.990422765047167	1.42917095070632	2.31190291361863	-2.575089216331345	-0.2283602030158043	0.9362665980486633	-7.197135998189175	0.2133264419847399	-4.122766048588884	-3.540415615344723	-1.844179582811184	0.8093746539715292	1.194587892396001	0.4829734868617218	-17.04169971758755	-1.374340949369366	0.01007202649867633	0.01004567343257088	0.05125310937042314	0.1037375660480432	0.0102456722932296	0.01012343658122377	0.1373009668787145	0.0109073395649671	0.1909017168116952	0.1518282971821553	0.06339985153962598	0.0103823177173341	0.01004416992398769	0.0100282417859361	0.1712770991326358	0.1970519431665376	0.1248753358793165	0.1703395709982384	0.1478929914682085	0.140310169649264	0.07476283380872725	0.07870474940698458	0.07921566047112522	0.01029310345376687	0.01013348239347613	0.03229725051454633	0.02460503091985007	0.0706743581479377	0.0100877649559237	0.01035182787333304	0.01042685007039741	0.1810638668557966	0.08252917010165367	0.01002248992165283	0.01466235786864684	0.3238883889753351	0.01019172949265187	0.1333271813043521	0.2330776232812131	0.160161077035704	0.2505888396159203	0.3398155610389945	0.1466571032266208	0.07475915607628088	0.2085200813923431	0.2131134557494809	0.0115804940623244	0.05941089649653653	0.02436206306904595	0.01016866762913287	0.01044054978637363	0.01063572191793192	0.0101733029530145	0.01024959114556693	0.0101531915206985	0.0101111567553414	0.07859596698788057	0.01013993762971167	0.01017090363196262	0.01019448290860126	0.02146994712775303	0.03286413935055309	0.02877155404193563	0.1757736062303418	0.1953611150583547	0.1411601469469711	0.1894467913978227	0.0390670213689466	0.2166355900512235	0.1751971547930599	0.04142493507000663	0.01040099418304902	0.04947611552227157	0.01019758769323286	0.04162294249598767	0.229478266722359	0.01007759884061065	0.01025556563325029	0.01009151416115045	0.01018550151815656	0.1060128929175771	-0.1260562173059991	0.06609291644791261	-0.0804251842321593	0.03056926470277483	0.04445595687316136	0.05128768909076698	0.0005665098333016714	-0.08457281030353316	-0.03048461610765311	-0.01000168349958509	0.0690532439710007	0.006439257850771095	0.01007202193579674	0.01004337444028355	0.05715345910018493	0.1154475616632236	0.01024546090807676	0.01012934174176781	0.1338704210170455	0.01103870429907083	0.223741782592935	0.173703039142267	0.09266740726864545	0.01054832542160475	0.01005929803609135	0.01003827183729473	0.1814919385550971	0.2073067997142409	0.137313275719574	0.2171297636004725	0.1860439524723412	0.1714890073735585	0.08552782417843732	0.09019772470789068	0.1047690687612538	0.01032016852193435	0.01011631312245893	0.02199513964818343	0.01027930479106048	0.08436131278454723	0.01008547134743846	0.01011983634629435	0.01045424198385286	0.1763336091758249	0.09157982981347917	0.01003005442416583	0.01049911248963926	0.3670935264484407	0.01031207393451787	0.1685872673132428	0.2955512213340493	0.1995014760020104	0.2730806170761498	0.3602691392820042	0.1749310192460319	0.1100150675575624	0.2365960255180447	0.2322640686842842	0.01284279339015378	0.05117901607496225	0.01265403685960957	0.01018792002255091	0.01032561110910975	0.01021717419603016	0.01002154252302621	0.010010403150943	0.0101831178507705	0.0101389679043916	0.1556816610637421	0.01007595956311139	0.01014156508214862	0.01019216493847382	0.01033418610827849	0.01078911351329487	0.01135107757687114	0.1859908641666894	0.170655889857864	0.1234994887831539	0.1604820176294263	0.02475217663713753	0.205965833143358	0.1604082540781364	0.02020268828000918	0.0102726376593733	0.08423113447440619	0.01000474548800349	0.01058236988169695	0.2173646402435009	0.01002660454224702	0.01032506505189962	0.01010266633687292	0.01023451663089783	-4.692965994620962	-1.470180793847847	1.14519381421558e-11	2.564081447847825e-12
0.7386648261077734	-0.1911211262627098	-0.07737274353717608	0.5150204701834341	3.332977260397277	0.9255639990646737	-0.04183438816226123	0.5026504658803079	0.09072767811121982	0.4889804057572406	-0.1448899689692998	-0.06092238843195499	0.5061641346312572	0.1507080349424831	-0.004711651378707262	-0.5392058271008857	0.2615943230304985	0.261594323030503	0.3379294708324327	0.3379294708324173	0.1722969113737197	-0.1000578872049897	2.454490941173189	0.2209995065582755	0.003333626424934564	2.96528950813656	0.4717632413575097	-0.3303257068476766	0.5364140026591508	0.5878589169435463	-0.1284730699471721	0.5961662411852648	1.647904650843518	1.830874836308725	0.3918837648879048	-0.760347933493823	-0.5211088398925201	1.584152755217522	2.034079733935925	2.386683017279537	-0.3387517424924518	-0.2817925434761133	-2.52895502589698	-1.948086294251768	-5.562560797652072	0.02967336084362221	0.6594049574995685	-3.190982241872947	0.1636643996688248	-2.247320902385161	-2.144138519267684	-0.162949968903452	-0.1629499688236572	0.9295949641722748	0.9295949640547835	-2.105767596802805	1.252679392835017	2.703183985130541	-2.864409425780734	0.04706185514766389	0.9352520803736495	-2.942248054468568	-0.02312896700205552	-4.758299854023535	-4.597425498168895	1.593302718562273	1.331048074555249	0.9216369669900775	0.9050975573046014	-15.58916571139366	-1.914249073282617	0.01009943542731471	0.01006025609164585	0.0572591018941157	0.1114887131560309	0.01033438973274126	0.01017249733174635	0.1364886928646035	0.0111221658845382	0.1943622483840639	0.1539141066543155	0.07134598033777581	0.01057199213388288	0.01006640655502777	0.0100419838140079	0.1783072665651975	0.20375868712444	0.132169595874036	0.1931135107491929	0.1670528560887934	0.1572954987694853	0.08216356520203177	0.08564599150131189	0.09319868561304154	0.01039493662318242	0.01015414584352512	0.02641904226430454	0.01708618107104252	0.08102271529927318	0.01010816715216482	0.01024698748133985	0.01050356294345291	0.1793415944917735	0.08709271638850223	0.01002969839221556	0.01249537565889376	0.330698577944724	0.01033508882871771	0.1523697310702071	0.2624002440387119	0.1806496819263277	0.2603841559025322	0.3474736150861948	0.1615549013071214	0.09392530707223389	0.222109284888299	0.2221680509332851	0.02681352925970766	0.05591991282625179	0.01842308111709224	0.01023496656367268	0.01050115517285828	0.01051040002336721	0.01009853814727854	0.01012264068905365	0.01021621808842147	0.01016325428185435	0.1195179455633859	0.01012228064471072	0.01018904959914325	0.01025130696169073	0.01554877068854747	0.0213173072995649	0.01989388089528308	0.1808000709348974	0.1825103965902519	0.1282584767068575	0.1701313469405615	0.03391150008670772	0.2117762187773555	0.1622056196229268	0.0305275303377121	0.01042489754671235	0.07011643149363873	0.01009394652849125	0.02549634209313468	0.2236565551994041	0.01006016893643856	0.01032765225701141	0.01010930430399129	0.01023698255197567	0.1010046125353536	-0.1255942361061375	0.08072098502556647	-0.07142877652293171	0.02833984736696868	0.04236707285374787	0.06331682712729939	0.0002258493211764948	-0.07524207612968505	-0.031846242479461	-0.01352186118285281	0.0777017760448461	0.002092842947840881	0.01016439230498357	0.01009671889069364	0.06819598556471769	0.1244470977005679	0.01054492477757653	0.01028387884481214	0.1368914819988719	0.01152347962490443	0.177421017719146	0.1416254522913504	0.06800196710024115	0.010884149278328	0.01010654080800908	0.01006621933513573	0.1928529034967559	0.2180213216088829	0.1439567363913648	0.228930600361041	0.196003539235884	0.1845456662253475	0.0937027353638977	0.09542121776627498	0.1111029396145017	0.01061396381562118	0.01021737291668661	0.02035898506974123	0.01064336932451717	0.09816934210595682	0.01015842120710097	0.0101909632034649	0.01066280417728891	0.1776541440843631	0.09231383415922952	0.01004049910517055	0.01076746709026609	0.319676203423958	0.01057508812051568	0.1820596440227302	0.3152937838505658	0.2141895010897034	0.2770425390786977	0.3605860558535381	0.1850589732528498	0.1180166565677239	0.2455461457081798	0.2375100850166711	0.06290279096076366	0.05352759842007213	0.01364516148971795	0.01037614980453292	0.01074033645206603	0.01056043280569211	0.01004730646960893	0.01002025176615942	0.01034077665266139	0.0102636462512251	0.1721370124289008	0.01013353780422195	0.01025641549439109	0.01038794229377726	0.01044198507179315	0.01103777523743903	0.01251421540788798	0.1887610776400906	0.1601957393590157	0.1032404210839145	0.1303953879305177	0.03275328004172334	0.2039280945415587	0.1321621484322402	0.02059750584337941	0.01058813929938179	0.09597619253731897	0.01000836825494587	0.01067075352832202	0.2133483493107339	0.01006119352459411	0.01044088407638509	0.01014220748021395	0.01031833515467687	-9.488047563729786	-1.304310712328022	2.628549460167625e-11	-2.839411648906938e-11
0.7461260869775489	-0.1962972249581774	-0.07128797736257847	0.5235781736259612	3.350635040605603	0.9232636362122572	-0.0432329722147732	0.4931478835472519	0.08624725007781844	0.4512217366204518	-0.1396608881984145	-0.05963786504841379	0.475753582356557	0.155614460562421	-0.01518491035346159	-0.549295459688225	0.2703849228806427	0.2703849228806005	0.3463624122257994	0.3463624122257987	0.1566270584402509	-0.09128469934724018	2.476442199007333	0.1990635213444834	0.004589823047191893	2.972313058958904	0.4583021944288142	-0.3304173848644898	0.4985039200923189	0.5496125486038587	-0.128867803240764	0.6056349916324122	1.653529274118413	1.838459752217771	0.2903734659204861	-0.7747825590560479	-0.780892252980109	0.1207243758493665	0.3069021725818645	2.344194382047411	-0.2665326121475516	-0.1031365646058424	-0.2321916439726595	0.5641050734692969	-3.844962656360937	1.281954869738635	-0.246244383683268	-4.852631008555958	1.047355246156023	-0.5900742229140656	-0.5942932622373919	2.034494726444571	2.034494726444695	1.371058711845732	1.371058711845665	-2.069244035021651	1.10354350157878	3.198159660241816	-2.987923603082233	0.28309901920916	0.9500555411454787	-1.06173020540191	0.05018235189265495	-5.405485620907915	-5.654584673508629	-3.045090748637866	1.077930019918577	0.573522917006832	1.088213664971326	-11.11762488723092	-1.855132279925387	0.01016303155371567	0.0100964339312795	0.06577387856098842	0.1197458337740758	0.01054042505658989	0.01028030131380367	0.1374324602133264	0.01148695569727655	0.1762277957112865	0.1405101556152154	0.0626817800521086	0.01084292661817825	0.01010257391871619	0.01006364026039988	0.1871589127695402	0.2121089059642233	0.1390970164989159	0.2106725496578307	0.1817633954121159	0.17220005631634	0.08986332635564991	0.09167651553918758	0.1032146839779198	0.01060361265575552	0.01021959096379298	0.02278552321248422	0.01382064410237703	0.09290775564275755	0.01015784172176609	0.01024013664590023	0.01065365346207353	0.1789417641122978	0.08975119036394442	0.01003870993182009	0.01167216382221147	0.3168037551232393	0.01054502713946259	0.1684993879628671	0.2871683115567031	0.1981763095685455	0.2677615391607989	0.3523472929400379	0.1740889390878364	0.1072062943957331	0.2335967572395994	0.2295628847864454	0.05988712592827393	0.05541845695167789	0.01623517220057538	0.01036915992319791	0.01075883783287602	0.01064587130292907	0.0100797711488646	0.01007187585285381	0.01033194034264706	0.01025577385244054	0.1469924020741483	0.01014653520853381	0.01026105753800615	0.01038550502833712	0.01290147162599767	0.01601786352738067	0.01639702535710462	0.184819744542065	0.1705192329858165	0.1116737225267247	0.1455349355182148	0.03572715599622842	0.2080818892288693	0.142121998579762	0.02552936912536672	0.01061112378189279	0.08569524015007494	0.01005004843316164	0.01778850411235772	0.2185534061203198	0.01007172092781639	0.01042408047490244	0.01013921110730403	0.01030646849783025	0.09599633215313215	-0.1251322549062761	0.09534905360322188	-0.06243236881370459	0.0261104300311626	0.04027818883433344	0.07534596516383257	-0.0001148111909468582	-0.06591134195583782	-0.03320786885126891	-0.01704203886611863	0.08635030811869145	-0.002253571955096269	0.01025676267417052	0.01015006334110409	0.07923851202924925	0.1334466337379109	0.01084438864707572	0.01043841594785632	0.1399125429806964	0.01200825495073831	0.1311002528453593	0.1095478654404326	0.04333652693183863	0.01121997313505216	0.01015378357992914	0.01009416683298051	0.204213868438414	0.228735843503522	0.1506001970631541	0.2407314371216075	0.205963125999428	0.1976023250771367	0.1018776465493583	0.1006447108246593	0.1174368104677494	0.01090775910930792	0.01031843271091512	0.01872283049129864	0.01100743385797432	0.1119773714273667	0.01023137106676427	0.0102620900606332	0.01087136637072546	0.1789746789929002	0.09304783850497909	0.01005094378618349	0.01103582169089379	0.2722588803994747	0.01083810230651412	0.1955320207322155	0.3350363463670801	0.2288775261773918	0.2810044610812459	0.3609029724250645	0.1951869272596685	0.1260182455778838	0.2544962658983175	0.2427561013490601	0.1129627885313756	0.05587618076518339	0.01463628611982569	0.01056437958651377	0.011155061795022	0.01090369141535458	0.0100730704161886	0.01003010038136363	0.01049843545455121	0.01038832459805754	0.1885923637940596	0.01019111604533102	0.0103712659066325	0.01058371964907966	0.01054978403530706	0.01128643696158243	0.01367735323890413	0.1915312911134951	0.1497355888601682	0.08298135338467433	0.1003087582316067	0.04075438344630804	0.2018903559397613	0.1039160427863424	0.02099232340674964	0.01090364093939078	0.1077212506002335	0.0100119910218526	0.01075913717494596	0.2093320583779658	0.01009578250693958	0.01055670310087294	0.01018174862355897	0.0104021536784597	-11.82466148571651	-1.144733966377175	4.111905106119669e-11	-5.935231442598658e-11
